"condition","repeat","time_utc","artifact_sha256","players_observed","pigs_in_seed_world","villagers_in_seed_world","tnt_in_seed_world","hopper_rows","redstone_clock_pairs","idle_clients","save_all_interval_seconds","tick_mean_ms","tick_p50_ms","tick_p95_ms","tick_p99_ms","tick_sample_count","sample_cpu_percent_one_core","process_cpu_percent_one_core","working_set_bytes","response"
"without-umce","1","2026-09-26T21:51:05.4373146+00:00",,"10","0","0","0","0","0","False","15","5,9","5,7","9,1","13,3","100","0","32,33563967778941","1472798720","[23:51:05] [Server thread/INFO]: The game is running normally [23:51:05] [Server thread/INFO]: Target tick rate: 20,0 per second. Average time per tick: 5,9ms (Target: 50,0ms) [23:51:05] [Server thread/INFO]: Percentiles: P50: 5,7ms P95: 9,1ms P99: 13,3ms, sample: 100"
"without-umce","1","2026-09-26T21:51:05.5662586+00:00",,"10","0","0","0","0","0","False","15","6","5,8","9,1","13,3","100","114,31421227448094","32,33563967778941","1472798720","[23:51:05] [Server thread/INFO]: The game is running normally [23:51:05] [Server thread/INFO]: Target tick rate: 20,0 per second. Average time per tick: 6,0ms (Target: 50,0ms) [23:51:05] [Server thread/INFO]: Percentiles: P50: 5,8ms P95: 9,1ms P99: 13,3ms, sample: 100"
"without-umce","1","2026-09-26T21:51:05.6836937+00:00",,"10","0","0","0","0","0","False","15","6","5,9","9,1","13,3","100","12,607445695192709","32,33563967778941","1472798720","[23:51:05] [Server thread/INFO]: The game is running normally [23:51:05] [Server thread/INFO]: Target tick rate: 20,0 per second. Average time per tick: 6,0ms (Target: 50,0ms) [23:51:05] [Server thread/INFO]: Percentiles: P50: 5,9ms P95: 9,1ms P99: 13,3ms, sample: 100"
"without-umce","1","2026-09-26T21:51:05.8076448+00:00",,"10","0","0","0","0","0","False","15","6","5,9","9,1","13,3","100","89,5596571717736","32,33563967778941","1472798720","[23:51:05] [Server thread/INFO]: The game is running normally [23:51:05] [Server thread/INFO]: Target tick rate: 20,0 per second. Average time per tick: 6,0ms (Target: 50,0ms) [23:51:05] [Server thread/INFO]: Percentiles: P50: 5,9ms P95: 9,1ms P99: 13,3ms, sample: 100"
"without-umce","1","2026-09-26T21:51:05.9297913+00:00",,"10","0","0","0","0","0","False","15","6","5,9","9,1","13,3","100","0","32,33563967778941","1472798720","[23:51:05] [Server thread/INFO]: The game is running normally [23:51:05] [Server thread/INFO]: Target tick rate: 20,0 per second. Average time per tick: 6,0ms (Target: 50,0ms) [23:51:05] [Server thread/INFO]: Percentiles: P50: 5,9ms P95: 9,1ms P99: 13,3ms, sample: 100"
"without-umce","1","2026-09-26T21:51:06.0667485+00:00",,"10","0","0","0","0","0","False","15","6","5,9","8,6","9,8","100","37,60423895037043","32,33563967778941","1472798720","[23:51:06] [Server thread/INFO]: The game is running normally [23:51:06] [Server thread/INFO]: Target tick rate: 20,0 per second. Average time per tick: 6,0ms (Target: 50,0ms) [23:51:06] [Server thread/INFO]: Percentiles: P50: 5,9ms P95: 8,6ms P99: 9,8ms, sample: 100"
"without-umce","1","2026-09-26T21:51:06.1913504+00:00",,"10","0","0","0","0","0","False","15","6","5,9","8,6","9,8","100","0","32,33563967778941","1472798720","[23:51:06] [Server thread/INFO]: The game is running normally [23:51:06] [Server thread/INFO]: Target tick rate: 20,0 per second. Average time per tick: 6,0ms (Target: 50,0ms) [23:51:06] [Server thread/INFO]: Percentiles: P50: 5,9ms P95: 8,6ms P99: 9,8ms, sample: 100"
"without-umce","1","2026-09-26T21:51:06.3146625+00:00",,"10","0","0","0","0","0","False","15","6,1","6","8,7","9,8","100","63,49705617488044","32,33563967778941","1472798720","[23:51:06] [Server thread/INFO]: The game is running normally [23:51:06] [Server thread/INFO]: Target tick rate: 20,0 per second. Average time per tick: 6,1ms (Target: 50,0ms) [23:51:06] [Server thread/INFO]: Percentiles: P50: 6,0ms P95: 8,7ms P99: 9,8ms, sample: 100"
"without-umce","1","2026-09-26T21:51:06.4377096+00:00",,"10","0","0","0","0","0","False","15","6,2","6,1","9,1","10,7","100","0","32,33563967778941","1472798720","[23:51:06] [Server thread/INFO]: The game is running normally [23:51:06] [Server thread/INFO]: Target tick rate: 20,0 per second. Average time per tick: 6,2ms (Target: 50,0ms) [23:51:06] [Server thread/INFO]: Percentiles: P50: 6,1ms P95: 9,1ms P99: 10,7ms, sample: 100"
"without-umce","1","2026-09-26T21:51:06.5626512+00:00",,"10","0","0","0","0","0","False","15","6,2","6,1","9,1","10,7","100","49,967820723454096","32,33563967778941","1472798720","[23:51:06] [Server thread/INFO]: The game is running normally [23:51:06] [Server thread/INFO]: Target tick rate: 20,0 per second. Average time per tick: 6,2ms (Target: 50,0ms) [23:51:06] [Server thread/INFO]: Percentiles: P50: 6,1ms P95: 9,1ms P99: 10,7ms, sample: 100"
"without-umce","1","2026-09-26T21:51:06.6877283+00:00",,"10","0","0","0","0","0","False","15","6,2","6,2","9,1","10,7","100","0","32,33563967778941","1472798720","[23:51:06] [Server thread/INFO]: The game is running normally [23:51:06] [Server thread/INFO]: Target tick rate: 20,0 per second. Average time per tick: 6,2ms (Target: 50,0ms) [23:51:06] [Server thread/INFO]: Percentiles: P50: 6,2ms P95: 9,1ms P99: 10,7ms, sample: 100"
"without-umce","1","2026-09-26T21:51:06.8099579+00:00",,"10","0","0","0","0","0","False","15","6,3","6,3","9,1","10,7","100","89,26793357078263","32,33563967778941","1472798720","[23:51:06] [Server thread/INFO]: The game is running normally [23:51:06] [Server thread/INFO]: Target tick rate: 20,0 per second. Average time per tick: 6,3ms (Target: 50,0ms) [23:51:06] [Server thread/INFO]: Percentiles: P50: 6,3ms P95: 9,1ms P99: 10,7ms, sample: 100"
"without-umce","1","2026-09-26T21:51:06.9324984+00:00",,"10","0","0","0","0","0","False","15","6,4","6,4","9,3","10,9","100","50,353724846300295","32,33563967778941","1472798720","[23:51:06] [Server thread/INFO]: The game is running normally [23:51:06] [Server thread/INFO]: Target tick rate: 20,0 per second. Average time per tick: 6,4ms (Target: 50,0ms) [23:51:06] [Server thread/INFO]: Percentiles: P50: 6,4ms P95: 9,3ms P99: 10,9ms, sample: 100"
"without-umce","1","2026-09-26T21:51:07.0565676+00:00",,"10","0","0","0","0","0","False","15","6,5","6,5","9,3","10,9","100","75,95188984505003","32,33563967778941","1472798720","[23:51:07] [Server thread/INFO]: The game is running normally [23:51:07] [Server thread/INFO]: Target tick rate: 20,0 per second. Average time per tick: 6,5ms (Target: 50,0ms) [23:51:07] [Server thread/INFO]: Percentiles: P50: 6,5ms P95: 9,3ms P99: 10,9ms, sample: 100"
"without-umce","1","2026-09-26T21:51:07.1800609+00:00",,"10","0","0","0","0","0","False","15","6,5","6,6","9,3","10,9","100","50,39188763173447","32,33563967778941","1472798720","[23:51:07] [Server thread/INFO]: The game is running normally [23:51:07] [Server thread/INFO]: Target tick rate: 20,0 per second. Average time per tick: 6,5ms (Target: 50,0ms) [23:51:07] [Server thread/INFO]: Percentiles: P50: 6,6ms P95: 9,3ms P99: 10,9ms, sample: 100"
"without-umce","1","2026-09-26T21:51:07.3040024+00:00",,"10","0","0","0","0","0","False","15","6,7","6,6","10,3","11,1","100","44,75455171692782","32,33563967778941","1472798720","[23:51:07] [Server thread/INFO]: The game is running normally [23:51:07] [Server thread/INFO]: Target tick rate: 20,0 per second. Average time per tick: 6,7ms (Target: 50,0ms) [23:51:07] [Server thread/INFO]: Percentiles: P50: 6,6ms P95: 10,3ms P99: 11,1ms, sample: 100"
"without-umce","1","2026-09-26T21:51:07.4436563+00:00",,"10","0","0","0","0","0","False","15","6,8","6,7","10,3","11,1","100","33,31286590851914","32,33563967778941","1472798720","[23:51:07] [Server thread/INFO]: The game is running normally [23:51:07] [Server thread/INFO]: Target tick rate: 20,0 per second. Average time per tick: 6,8ms (Target: 50,0ms) [23:51:07] [Server thread/INFO]: Percentiles: P50: 6,7ms P95: 10,3ms P99: 11,1ms, sample: 100"
"without-umce","1","2026-09-26T21:51:07.5843777+00:00",,"10","0","0","0","0","0","False","15","7","6,7","10,7","14,7","100","37,97083839611178","32,33563967778941","1472798720","[23:51:07] [Server thread/INFO]: The game is running normally [23:51:07] [Server thread/INFO]: Target tick rate: 20,0 per second. Average time per tick: 7,0ms (Target: 50,0ms) [23:51:07] [Server thread/INFO]: Percentiles: P50: 6,7ms P95: 10,7ms P99: 14,7ms, sample: 100"
"without-umce","1","2026-09-26T21:51:07.7078252+00:00",,"10","0","0","0","0","0","False","15","7","6,8","10,7","14,7","100","63,32771861336411","32,33563967778941","1472798720","[23:51:07] [Server thread/INFO]: The game is running normally [23:51:07] [Server thread/INFO]: Target tick rate: 20,0 per second. Average time per tick: 7,0ms (Target: 50,0ms) [23:51:07] [Server thread/INFO]: Percentiles: P50: 6,8ms P95: 10,7ms P99: 14,7ms, sample: 100"
"without-umce","1","2026-09-26T21:51:07.8311802+00:00",,"10","0","0","0","0","0","False","15","7,1","6,8","10,7","14,7","100","63,90248052047905","32,33563967778941","1472798720","[23:51:07] [Server thread/INFO]: The game is running normally [23:51:07] [Server thread/INFO]: Target tick rate: 20,0 per second. Average time per tick: 7,1ms (Target: 50,0ms) [23:51:07] [Server thread/INFO]: Percentiles: P50: 6,8ms P95: 10,7ms P99: 14,7ms, sample: 100"
"without-umce","1","2026-09-26T21:51:07.9534397+00:00",,"10","0","0","0","0","0","False","15","7,2","7","10,7","14,7","100","0","32,33563967778941","1472798720","[23:51:07] [Server thread/INFO]: The game is running normally [23:51:07] [Server thread/INFO]: Target tick rate: 20,0 per second. Average time per tick: 7,2ms (Target: 50,0ms) [23:51:07] [Server thread/INFO]: Percentiles: P50: 7,0ms P95: 10,7ms P99: 14,7ms, sample: 100"
"without-umce","1","2026-09-26T21:51:08.0772026+00:00",,"10","0","0","0","0","0","False","15","7,2","7,1","10,7","14,7","100","63,156626817698246","32,33563967778941","1472798720","[23:51:08] [Server thread/INFO]: The game is running normally [23:51:08] [Server thread/INFO]: Target tick rate: 20,0 per second. Average time per tick: 7,2ms (Target: 50,0ms) [23:51:08] [Server thread/INFO]: Percentiles: P50: 7,1ms P95: 10,7ms P99: 14,7ms, sample: 100"
"without-umce","1","2026-09-26T21:51:08.2009434+00:00",,"10","0","0","0","0","0","False","15","7,3","7,1","10,7","14,7","100","25,089358258373025","32,33563967778941","1472798720","[23:51:08] [Server thread/INFO]: The game is running normally [23:51:08] [Server thread/INFO]: Target tick rate: 20,0 per second. Average time per tick: 7,3ms (Target: 50,0ms) [23:51:08] [Server thread/INFO]: Percentiles: P50: 7,1ms P95: 10,7ms P99: 14,7ms, sample: 100"
"without-umce","1","2026-09-26T21:51:08.3255401+00:00",,"10","0","0","0","0","0","False","15","7,4","7,2","10,7","14,7","100","88,7084935493211","32,33563967778941","1472798720","[23:51:08] [Server thread/INFO]: The game is running normally [23:51:08] [Server thread/INFO]: Target tick rate: 20,0 per second. Average time per tick: 7,4ms (Target: 50,0ms) [23:51:08] [Server thread/INFO]: Percentiles: P50: 7,2ms P95: 10,7ms P99: 14,7ms, sample: 100"
"without-umce","1","2026-09-26T21:51:08.4487929+00:00",,"10","0","0","0","0","0","False","15","7,5","7,2","10,7","14,7","100","24,974106846022046","32,33563967778941","1472798720","[23:51:08] [Server thread/INFO]: The game is running normally [23:51:08] [Server thread/INFO]: Target tick rate: 20,0 per second. Average time per tick: 7,5ms (Target: 50,0ms) [23:51:08] [Server thread/INFO]: Percentiles: P50: 7,2ms P95: 10,7ms P99: 14,7ms, sample: 100"
"without-umce","1","2026-09-26T21:51:08.5739461+00:00",,"10","0","0","0","0","0","False","15","7,5","7,3","10,7","14,7","100","99,42318644154075","32,33563967778941","1472798720","[23:51:08] [Server thread/INFO]: The game is running normally [23:51:08] [Server thread/INFO]: Target tick rate: 20,0 per second. Average time per tick: 7,5ms (Target: 50,0ms) [23:51:08] [Server thread/INFO]: Percentiles: P50: 7,3ms P95: 10,7ms P99: 14,7ms, sample: 100"
"without-umce","1","2026-09-26T21:51:08.6996381+00:00",,"10","0","0","0","0","0","False","15","7,5","7,2","10,7","14,7","100","0","32,33563967778941","1472798720","[23:51:08] [Server thread/INFO]: The game is running normally [23:51:08] [Server thread/INFO]: Target tick rate: 20,0 per second. Average time per tick: 7,5ms (Target: 50,0ms) [23:51:08] [Server thread/INFO]: Percentiles: P50: 7,2ms P95: 10,7ms P99: 14,7ms, sample: 100"
"without-umce","1","2026-09-26T21:51:08.8234193+00:00",,"10","0","0","0","0","0","False","15","7,5","7,3","10,7","14,7","100","64,0182045239258","32,33563967778941","1472798720","[23:51:08] [Server thread/INFO]: The game is running normally [23:51:08] [Server thread/INFO]: Target tick rate: 20,0 per second. Average time per tick: 7,5ms (Target: 50,0ms) [23:51:08] [Server thread/INFO]: Percentiles: P50: 7,3ms P95: 10,7ms P99: 14,7ms, sample: 100"
"without-umce","1","2026-09-26T21:51:08.9454457+00:00",,"10","0","0","0","0","0","False","15","7,6","7,4","10,7","14,7","100","0","32,33563967778941","1472798720","[23:51:08] [Server thread/INFO]: The game is running normally [23:51:08] [Server thread/INFO]: Target tick rate: 20,0 per second. Average time per tick: 7,6ms (Target: 50,0ms) [23:51:08] [Server thread/INFO]: Percentiles: P50: 7,4ms P95: 10,7ms P99: 14,7ms, sample: 100"
"without-umce","1","2026-09-26T21:51:09.0843558+00:00",,"10","0","0","0","0","0","False","15","7,6","7,4","10,7","14,7","100","56,57378307529653","32,33563967778941","1472798720","[23:51:09] [Server thread/INFO]: The game is running normally [23:51:09] [Server thread/INFO]: Target tick rate: 20,0 per second. Average time per tick: 7,6ms (Target: 50,0ms) [23:51:09] [Server thread/INFO]: Percentiles: P50: 7,4ms P95: 10,7ms P99: 14,7ms, sample: 100"
"without-umce","1","2026-09-26T21:51:09.2223933+00:00",,"10","0","0","0","0","0","False","15","7,8","7,5","10,9","17,1","100","50,24919581187023","32,33563967778941","1472798720","[23:51:09] [Server thread/INFO]: The game is running normally [23:51:09] [Server thread/INFO]: Target tick rate: 20,0 per second. Average time per tick: 7,8ms (Target: 50,0ms) [23:51:09] [Server thread/INFO]: Percentiles: P50: 7,5ms P95: 10,9ms P99: 17,1ms, sample: 100"
"without-umce","1","2026-09-26T21:51:09.3467631+00:00",,"10","0","0","0","0","0","False","15","7,9","7,7","10,9","17,1","100","51,1428169299908","32,33563967778941","1472798720","[23:51:09] [Server thread/INFO]: The game is running normally [23:51:09] [Server thread/INFO]: Target tick rate: 20,0 per second. Average time per tick: 7,9ms (Target: 50,0ms) [23:51:09] [Server thread/INFO]: Percentiles: P50: 7,7ms P95: 10,9ms P99: 17,1ms, sample: 100"
"without-umce","1","2026-09-26T21:51:09.4690020+00:00",,"10","0","0","0","0","0","False","15","8","7,8","11,1","17,1","100","25,50585247088456","32,33563967778941","1472798720","[23:51:09] [Server thread/INFO]: The game is running normally [23:51:09] [Server thread/INFO]: Target tick rate: 20,0 per second. Average time per tick: 8,0ms (Target: 50,0ms) [23:51:09] [Server thread/INFO]: Percentiles: P50: 7,8ms P95: 11,1ms P99: 17,1ms, sample: 100"
"without-umce","1","2026-09-26T21:51:09.5915217+00:00",,"10","0","0","0","0","0","False","15","8,1","7,8","11,1","17,1","100","50,31655148872587","32,33563967778941","1472798720","[23:51:09] [Server thread/INFO]: The game is running normally [23:51:09] [Server thread/INFO]: Target tick rate: 20,0 per second. Average time per tick: 8,1ms (Target: 50,0ms) [23:51:09] [Server thread/INFO]: Percentiles: P50: 7,8ms P95: 11,1ms P99: 17,1ms, sample: 100"
"without-umce","1","2026-09-26T21:51:09.7157450+00:00",,"10","0","0","0","0","0","False","15","8,2","7,8","12","17,1","100","12,788466889943068","32,33563967778941","1472798720","[23:51:09] [Server thread/INFO]: The game is running normally [23:51:09] [Server thread/INFO]: Target tick rate: 20,0 per second. Average time per tick: 8,2ms (Target: 50,0ms) [23:51:09] [Server thread/INFO]: Percentiles: P50: 7,8ms P95: 12,0ms P99: 17,1ms, sample: 100"
"without-umce","1","2026-09-26T21:51:09.8379061+00:00",,"10","0","0","0","0","0","False","15","8,2","7,9","12","17,1","100","63,22997744359077","32,33563967778941","1472798720","[23:51:09] [Server thread/INFO]: The game is running normally [23:51:09] [Server thread/INFO]: Target tick rate: 20,0 per second. Average time per tick: 8,2ms (Target: 50,0ms) [23:51:09] [Server thread/INFO]: Percentiles: P50: 7,9ms P95: 12,0ms P99: 17,1ms, sample: 100"
"without-umce","1","2026-09-26T21:51:09.9614628+00:00",,"10","0","0","0","0","0","False","15","8,3","7,9","12","17,1","100","11,284391213413295","32,33563967778941","1472798720","[23:51:09] [Server thread/INFO]: The game is running normally [23:51:09] [Server thread/INFO]: Target tick rate: 20,0 per second. Average time per tick: 8,3ms (Target: 50,0ms) [23:51:09] [Server thread/INFO]: Percentiles: P50: 7,9ms P95: 12,0ms P99: 17,1ms, sample: 100"
"without-umce","1","2026-09-26T21:51:10.0999612+00:00",,"10","0","0","0","0","0","False","15","8,4","8","12","17,1","100","38,27961801228541","32,33563967778941","1472798720","[23:51:10] [Server thread/INFO]: The game is running normally [23:51:10] [Server thread/INFO]: Target tick rate: 20,0 per second. Average time per tick: 8,4ms (Target: 50,0ms) [23:51:10] [Server thread/INFO]: Percentiles: P50: 8,0ms P95: 12,0ms P99: 17,1ms, sample: 100"
"without-umce","1","2026-09-26T21:51:10.2223851+00:00",,"10","0","0","0","0","0","False","15","8,4","8","12","17,1","100","25,455863605446332","32,33563967778941","1472798720","[23:51:10] [Server thread/INFO]: The game is running normally [23:51:10] [Server thread/INFO]: Target tick rate: 20,0 per second. Average time per tick: 8,4ms (Target: 50,0ms) [23:51:10] [Server thread/INFO]: Percentiles: P50: 8,0ms P95: 12,0ms P99: 17,1ms, sample: 100"
"without-umce","1","2026-09-26T21:51:10.3451819+00:00",,"10","0","0","0","0","0","False","15","8,5","8,1","12","17,1","100","63,61126332579633","32,33563967778941","1472798720","[23:51:10] [Server thread/INFO]: The game is running normally [23:51:10] [Server thread/INFO]: Target tick rate: 20,0 per second. Average time per tick: 8,5ms (Target: 50,0ms) [23:51:10] [Server thread/INFO]: Percentiles: P50: 8,1ms P95: 12,0ms P99: 17,1ms, sample: 100"
"without-umce","1","2026-09-26T21:51:10.4679872+00:00",,"10","0","0","0","0","0","False","15","8,5","8,2","12","17,1","100","76,43720286311341","32,33563967778941","1472798720","[23:51:10] [Server thread/INFO]: The game is running normally [23:51:10] [Server thread/INFO]: Target tick rate: 20,0 per second. Average time per tick: 8,5ms (Target: 50,0ms) [23:51:10] [Server thread/INFO]: Percentiles: P50: 8,2ms P95: 12,0ms P99: 17,1ms, sample: 100"
"without-umce","1","2026-09-26T21:51:10.5906365+00:00",,"10","0","0","0","0","0","False","15","8,6","8,4","12,8","17,1","100","38,15041886107876","32,33563967778941","1472798720","[23:51:10] [Server thread/INFO]: The game is running normally [23:51:10] [Server thread/INFO]: Target tick rate: 20,0 per second. Average time per tick: 8,6ms (Target: 50,0ms) [23:51:10] [Server thread/INFO]: Percentiles: P50: 8,4ms P95: 12,8ms P99: 17,1ms, sample: 100"
"without-umce","1","2026-09-26T21:51:10.7134667+00:00",,"10","0","0","0","0","0","False","15","8,7","8,4","12,8","17,1","100","25,39671703749937","32,33563967778941","1472798720","[23:51:10] [Server thread/INFO]: The game is running normally [23:51:10] [Server thread/INFO]: Target tick rate: 20,0 per second. Average time per tick: 8,7ms (Target: 50,0ms) [23:51:10] [Server thread/INFO]: Percentiles: P50: 8,4ms P95: 12,8ms P99: 17,1ms, sample: 100"
"without-umce","1","2026-09-26T21:51:10.8365349+00:00",,"10","0","0","0","0","0","False","15","8,7","8,4","12,8","17,1","100","37,97945260974543","32,33563967778941","1472798720","[23:51:10] [Server thread/INFO]: The game is running normally [23:51:10] [Server thread/INFO]: Target tick rate: 20,0 per second. Average time per tick: 8,7ms (Target: 50,0ms) [23:51:10] [Server thread/INFO]: Percentiles: P50: 8,4ms P95: 12,8ms P99: 17,1ms, sample: 100"
"without-umce","1","2026-09-26T21:51:10.9599676+00:00",,"10","0","0","0","0","0","False","15","8,8","8,4","12,8","17,1","100","55,85531739046817","32,33563967778941","1472798720","[23:51:10] [Server thread/INFO]: The game is running normally [23:51:10] [Server thread/INFO]: Target tick rate: 20,0 per second. Average time per tick: 8,8ms (Target: 50,0ms) [23:51:10] [Server thread/INFO]: Percentiles: P50: 8,4ms P95: 12,8ms P99: 17,1ms, sample: 100"
"without-umce","1","2026-09-26T21:51:11.0998278+00:00",,"10","0","0","0","0","0","False","15","8,9","8,4","13,7","17,1","100","37,320533020809535","32,33563967778941","1472798720","[23:51:11] [Server thread/INFO]: The game is running normally [23:51:11] [Server thread/INFO]: Target tick rate: 20,0 per second. Average time per tick: 8,9ms (Target: 50,0ms) [23:51:11] [Server thread/INFO]: Percentiles: P50: 8,4ms P95: 13,7ms P99: 17,1ms, sample: 100"
"without-umce","1","2026-09-26T21:51:11.2254280+00:00",,"10","0","0","0","0","0","False","15","8,9","8,5","13,7","17,1","100","24,778323209240845","32,33563967778941","1472798720","[23:51:11] [Server thread/INFO]: The game is running normally [23:51:11] [Server thread/INFO]: Target tick rate: 20,0 per second. Average time per tick: 8,9ms (Target: 50,0ms) [23:51:11] [Server thread/INFO]: Percentiles: P50: 8,5ms P95: 13,7ms P99: 17,1ms, sample: 100"
"without-umce","1","2026-09-26T21:51:11.3515275+00:00",,"10","0","0","0","0","0","False","15","8,9","8,4","13,7","17,1","100","37,37314061150829","32,33563967778941","1472798720","[23:51:11] [Server thread/INFO]: The game is running normally [23:51:11] [Server thread/INFO]: Target tick rate: 20,0 per second. Average time per tick: 8,9ms (Target: 50,0ms) [23:51:11] [Server thread/INFO]: Percentiles: P50: 8,4ms P95: 13,7ms P99: 17,1ms, sample: 100"
"without-umce","1","2026-09-26T21:51:11.4769741+00:00",,"10","0","0","0","0","0","False","15","8,9","8,4","13,7","17,1","100","0","32,33563967778941","1472798720","[23:51:11] [Server thread/INFO]: The game is running normally [23:51:11] [Server thread/INFO]: Target tick rate: 20,0 per second. Average time per tick: 8,9ms (Target: 50,0ms) [23:51:11] [Server thread/INFO]: Percentiles: P50: 8,4ms P95: 13,7ms P99: 17,1ms, sample: 100"
"without-umce","1","2026-09-26T21:51:11.6019555+00:00",,"10","0","0","0","0","0","False","15","8,9","8,4","13,7","17,1","100","22,84881178867079","32,33563967778941","1472798720","[23:51:11] [Server thread/INFO]: The game is running normally [23:51:11] [Server thread/INFO]: Target tick rate: 20,0 per second. Average time per tick: 8,9ms (Target: 50,0ms) [23:51:11] [Server thread/INFO]: Percentiles: P50: 8,4ms P95: 13,7ms P99: 17,1ms, sample: 100"
"without-umce","1","2026-09-26T21:51:11.7387352+00:00",,"10","0","0","0","0","0","False","15","8,9","8,4","13,7","17,1","100","63,57880516605766","32,33563967778941","1472798720","[23:51:11] [Server thread/INFO]: The game is running normally [23:51:11] [Server thread/INFO]: Target tick rate: 20,0 per second. Average time per tick: 8,9ms (Target: 50,0ms) [23:51:11] [Server thread/INFO]: Percentiles: P50: 8,4ms P95: 13,7ms P99: 17,1ms, sample: 100"
"without-umce","1","2026-09-26T21:51:11.8616146+00:00",,"10","0","0","0","0","0","False","15","8,9","8,4","13,7","17,1","100","38,46785113454516","32,33563967778941","1472798720","[23:51:11] [Server thread/INFO]: The game is running normally [23:51:11] [Server thread/INFO]: Target tick rate: 20,0 per second. Average time per tick: 8,9ms (Target: 50,0ms) [23:51:11] [Server thread/INFO]: Percentiles: P50: 8,4ms P95: 13,7ms P99: 17,1ms, sample: 100"
"without-umce","1","2026-09-26T21:51:11.9834456+00:00",,"10","0","0","0","0","0","False","15","8,9","8,4","13,7","17,1","100","51,27060873388668","32,33563967778941","1472798720","[23:51:12] [Server thread/INFO]: The game is running normally [23:51:12] [Server thread/INFO]: Target tick rate: 20,0 per second. Average time per tick: 8,9ms (Target: 50,0ms) [23:51:12] [Server thread/INFO]: Percentiles: P50: 8,4ms P95: 13,7ms P99: 17,1ms, sample: 100"
"without-umce","1","2026-09-26T21:51:12.1053482+00:00",,"10","0","0","0","0","0","False","15","8,8","8,4","13,7","17,1","100","37,62983799301109","32,33563967778941","1472798720","[23:51:12] [Server thread/INFO]: The game is running normally [23:51:12] [Server thread/INFO]: Target tick rate: 20,0 per second. Average time per tick: 8,8ms (Target: 50,0ms) [23:51:12] [Server thread/INFO]: Percentiles: P50: 8,4ms P95: 13,7ms P99: 17,1ms, sample: 100"
"without-umce","1","2026-09-26T21:51:12.2299461+00:00",,"10","0","0","0","0","0","False","15","8,8","8,4","13,7","17,1","100","0","32,33563967778941","1472798720","[23:51:12] [Server thread/INFO]: The game is running normally [23:51:12] [Server thread/INFO]: Target tick rate: 20,0 per second. Average time per tick: 8,8ms (Target: 50,0ms) [23:51:12] [Server thread/INFO]: Percentiles: P50: 8,4ms P95: 13,7ms P99: 17,1ms, sample: 100"
"without-umce","1","2026-09-26T21:51:12.3541579+00:00",,"10","0","0","0","0","0","False","15","8,7","8,4","13,7","17,1","100","37,970407788004024","32,33563967778941","1472798720","[23:51:12] [Server thread/INFO]: The game is running normally [23:51:12] [Server thread/INFO]: Target tick rate: 20,0 per second. Average time per tick: 8,7ms (Target: 50,0ms) [23:51:12] [Server thread/INFO]: Percentiles: P50: 8,4ms P95: 13,7ms P99: 17,1ms, sample: 100"
"without-umce","1","2026-09-26T21:51:12.4776186+00:00",,"10","0","0","0","0","0","False","15","8,7","8,4","13,7","17,1","100","0","32,33563967778941","1472798720","[23:51:12] [Server thread/INFO]: The game is running normally [23:51:12] [Server thread/INFO]: Target tick rate: 20,0 per second. Average time per tick: 8,7ms (Target: 50,0ms) [23:51:12] [Server thread/INFO]: Percentiles: P50: 8,4ms P95: 13,7ms P99: 17,1ms, sample: 100"
"without-umce","1","2026-09-26T21:51:12.6023583+00:00",,"10","0","0","0","0","0","False","15","8,6","8,4","12,8","17,1","100","33,83565292524108","32,33563967778941","1472798720","[23:51:12] [Server thread/INFO]: The game is running normally [23:51:12] [Server thread/INFO]: Target tick rate: 20,0 per second. Average time per tick: 8,6ms (Target: 50,0ms) [23:51:12] [Server thread/INFO]: Percentiles: P50: 8,4ms P95: 12,8ms P99: 17,1ms, sample: 100"
"without-umce","1","2026-09-26T21:51:12.7408564+00:00",,"10","0","0","0","0","0","False","15","8,6","8,2","12,8","17,1","100","63,87531212032515","32,33563967778941","1472798720","[23:51:12] [Server thread/INFO]: The game is running normally [23:51:12] [Server thread/INFO]: Target tick rate: 20,0 per second. Average time per tick: 8,6ms (Target: 50,0ms) [23:51:12] [Server thread/INFO]: Percentiles: P50: 8,2ms P95: 12,8ms P99: 17,1ms, sample: 100"
"without-umce","1","2026-09-26T21:51:12.8631644+00:00",,"10","0","0","0","0","0","False","15","8,6","8,2","12,8","17,1","100","37,961674703068844","32,33563967778941","1472798720","[23:51:12] [Server thread/INFO]: The game is running normally [23:51:12] [Server thread/INFO]: Target tick rate: 20,0 per second. Average time per tick: 8,6ms (Target: 50,0ms) [23:51:12] [Server thread/INFO]: Percentiles: P50: 8,2ms P95: 12,8ms P99: 17,1ms, sample: 100"
"without-umce","1","2026-09-26T21:51:12.9866350+00:00",,"10","0","0","0","0","0","False","15","8,6","8,2","12,8","17,1","100","12,481078684713975","32,33563967778941","1472798720","[23:51:13] [Server thread/INFO]: The game is running normally [23:51:13] [Server thread/INFO]: Target tick rate: 20,0 per second. Average time per tick: 8,6ms (Target: 50,0ms) [23:51:13] [Server thread/INFO]: Percentiles: P50: 8,2ms P95: 12,8ms P99: 17,1ms, sample: 100"
"without-umce","1","2026-09-26T21:51:13.1118278+00:00",,"10","0","0","0","0","0","False","15","8,6","8,4","12,8","17,1","100","38,38538186392044","32,33563967778941","1472798720","[23:51:13] [Server thread/INFO]: The game is running normally [23:51:13] [Server thread/INFO]: Target tick rate: 20,0 per second. Average time per tick: 8,6ms (Target: 50,0ms) [23:51:13] [Server thread/INFO]: Percentiles: P50: 8,4ms P95: 12,8ms P99: 17,1ms, sample: 100"
"without-umce","1","2026-09-26T21:51:13.2339750+00:00",,"10","0","0","0","0","0","False","15","8,5","8,4","12,8","17,1","100","12,803588446369558","32,33563967778941","1472798720","[23:51:13] [Server thread/INFO]: The game is running normally [23:51:13] [Server thread/INFO]: Target tick rate: 20,0 per second. Average time per tick: 8,5ms (Target: 50,0ms) [23:51:13] [Server thread/INFO]: Percentiles: P50: 8,4ms P95: 12,8ms P99: 17,1ms, sample: 100"
"without-umce","1","2026-09-26T21:51:13.3560474+00:00",,"10","0","0","0","0","0","False","15","8,5","8,4","12,8","17,1","100","50,40964897140119","32,33563967778941","1472798720","[23:51:13] [Server thread/INFO]: The game is running normally [23:51:13] [Server thread/INFO]: Target tick rate: 20,0 per second. Average time per tick: 8,5ms (Target: 50,0ms) [23:51:13] [Server thread/INFO]: Percentiles: P50: 8,4ms P95: 12,8ms P99: 17,1ms, sample: 100"
"without-umce","1","2026-09-26T21:51:13.4799890+00:00",,"10","0","0","0","0","0","False","15","8,6","8,4","12,8","17,1","100","50,52097226600707","32,33563967778941","1472798720","[23:51:13] [Server thread/INFO]: The game is running normally [23:51:13] [Server thread/INFO]: Target tick rate: 20,0 per second. Average time per tick: 8,6ms (Target: 50,0ms) [23:51:13] [Server thread/INFO]: Percentiles: P50: 8,4ms P95: 12,8ms P99: 17,1ms, sample: 100"
"without-umce","1","2026-09-26T21:51:13.6036810+00:00",,"10","0","0","0","0","0","False","15","8,6","8,4","12,8","17,1","100","37,705783081746944","32,33563967778941","1472798720","[23:51:13] [Server thread/INFO]: The game is running normally [23:51:13] [Server thread/INFO]: Target tick rate: 20,0 per second. Average time per tick: 8,6ms (Target: 50,0ms) [23:51:13] [Server thread/INFO]: Percentiles: P50: 8,4ms P95: 12,8ms P99: 17,1ms, sample: 100"
"without-umce","1","2026-09-26T21:51:13.7280012+00:00",,"10","0","0","0","0","0","False","15","8,6","8,5","12,8","17,1","100","34,054402771138435","32,33563967778941","1472798720","[23:51:13] [Server thread/INFO]: The game is running normally [23:51:13] [Server thread/INFO]: Target tick rate: 20,0 per second. Average time per tick: 8,6ms (Target: 50,0ms) [23:51:13] [Server thread/INFO]: Percentiles: P50: 8,5ms P95: 12,8ms P99: 17,1ms, sample: 100"
"without-umce","1","2026-09-26T21:51:13.8656365+00:00",,"10","0","0","0","0","0","False","15","8,6","8,5","12,8","17,1","100","37,77083197358338","32,33563967778941","1472798720","[23:51:13] [Server thread/INFO]: The game is running normally [23:51:13] [Server thread/INFO]: Target tick rate: 20,0 per second. Average time per tick: 8,6ms (Target: 50,0ms) [23:51:13] [Server thread/INFO]: Percentiles: P50: 8,5ms P95: 12,8ms P99: 17,1ms, sample: 100"
"without-umce","1","2026-09-26T21:51:13.9897609+00:00",,"10","0","0","0","0","0","False","15","8,6","8,4","12,8","17,1","100","0","32,33563967778941","1472798720","[23:51:14] [Server thread/INFO]: The game is running normally [23:51:14] [Server thread/INFO]: Target tick rate: 20,0 per second. Average time per tick: 8,6ms (Target: 50,0ms) [23:51:14] [Server thread/INFO]: Percentiles: P50: 8,4ms P95: 12,8ms P99: 17,1ms, sample: 100"
"without-umce","1","2026-09-26T21:51:14.1118641+00:00",,"10","0","0","0","0","0","False","15","8,6","8,4","12,8","17,1","100","62,9742210743785","32,33563967778941","1472798720","[23:51:14] [Server thread/INFO]: The game is running normally [23:51:14] [Server thread/INFO]: Target tick rate: 20,0 per second. Average time per tick: 8,6ms (Target: 50,0ms) [23:51:14] [Server thread/INFO]: Percentiles: P50: 8,4ms P95: 12,8ms P99: 17,1ms, sample: 100"
"without-umce","1","2026-09-26T21:51:14.2359071+00:00",,"10","0","0","0","0","0","False","15","8,4","8,2","12,4","15","100","49,97421330593414","32,33563967778941","1472798720","[23:51:14] [Server thread/INFO]: The game is running normally [23:51:14] [Server thread/INFO]: Target tick rate: 20,0 per second. Average time per tick: 8,4ms (Target: 50,0ms) [23:51:14] [Server thread/INFO]: Percentiles: P50: 8,2ms P95: 12,4ms P99: 15,0ms, sample: 100"
"without-umce","1","2026-09-26T21:51:14.3609351+00:00",,"10","0","0","0","0","0","False","15","8,5","8,4","12,4","15","100","50,53751703114324","32,33563967778941","1472798720","[23:51:14] [Server thread/INFO]: The game is running normally [23:51:14] [Server thread/INFO]: Target tick rate: 20,0 per second. Average time per tick: 8,5ms (Target: 50,0ms) [23:51:14] [Server thread/INFO]: Percentiles: P50: 8,4ms P95: 12,4ms P99: 15,0ms, sample: 100"
"without-umce","1","2026-09-26T21:51:14.4845991+00:00",,"10","0","0","0","0","0","False","15","8,4","8,1","11,8","15","100","12,800682921554138","32,33563967778941","1472798720","[23:51:14] [Server thread/INFO]: The game is running normally [23:51:14] [Server thread/INFO]: Target tick rate: 20,0 per second. Average time per tick: 8,4ms (Target: 50,0ms) [23:51:14] [Server thread/INFO]: Percentiles: P50: 8,1ms P95: 11,8ms P99: 15,0ms, sample: 100"
"without-umce","1","2026-09-26T21:51:14.6066998+00:00",,"10","0","0","0","0","0","False","15","8,4","8,1","11,8","15","100","51,0458685924163","32,33563967778941","1472798720","[23:51:14] [Server thread/INFO]: The game is running normally [23:51:14] [Server thread/INFO]: Target tick rate: 20,0 per second. Average time per tick: 8,4ms (Target: 50,0ms) [23:51:14] [Server thread/INFO]: Percentiles: P50: 8,1ms P95: 11,8ms P99: 15,0ms, sample: 100"
"without-umce","1","2026-09-26T21:51:14.7291418+00:00",,"10","0","0","0","0","0","False","15","8,3","8,1","11,3","15","100","0","32,33563967778941","1472798720","[23:51:14] [Server thread/INFO]: The game is running normally [23:51:14] [Server thread/INFO]: Target tick rate: 20,0 per second. Average time per tick: 8,3ms (Target: 50,0ms) [23:51:14] [Server thread/INFO]: Percentiles: P50: 8,1ms P95: 11,3ms P99: 15,0ms, sample: 100"
"without-umce","1","2026-09-26T21:51:14.8520018+00:00",,"10","0","0","0","0","0","False","15","8,3","8,1","11,3","15","100","25,12003356840326","32,33563967778941","1472798720","[23:51:14] [Server thread/INFO]: The game is running normally [23:51:14] [Server thread/INFO]: Target tick rate: 20,0 per second. Average time per tick: 8,3ms (Target: 50,0ms) [23:51:14] [Server thread/INFO]: Percentiles: P50: 8,1ms P95: 11,3ms P99: 15,0ms, sample: 100"
"without-umce","1","2026-09-26T21:51:14.9764604+00:00",,"10","0","0","0","0","0","False","15","8,2","8,1","11,2","15","100","12,502450480294138","32,33563967778941","1472798720","[23:51:14] [Server thread/INFO]: The game is running normally [23:51:14] [Server thread/INFO]: Target tick rate: 20,0 per second. Average time per tick: 8,2ms (Target: 50,0ms) [23:51:14] [Server thread/INFO]: Percentiles: P50: 8,1ms P95: 11,2ms P99: 15,0ms, sample: 100"
"without-umce","1","2026-09-26T21:51:15.1013795+00:00",,"10","0","0","0","0","0","False","15","8,2","8","11,2","15","100","45,68660015672331","32,33563967778941","1472798720","[23:51:15] [Server thread/INFO]: The game is running normally [23:51:15] [Server thread/INFO]: Target tick rate: 20,0 per second. Average time per tick: 8,2ms (Target: 50,0ms) [23:51:15] [Server thread/INFO]: Percentiles: P50: 8,0ms P95: 11,2ms P99: 15,0ms, sample: 100"
"without-umce","1","2026-09-26T21:51:15.2381873+00:00",,"10","0","0","0","0","0","False","15","8,1","7,9","11,2","15","100","0","32,33563967778941","1472798720","[23:51:15] [Server thread/INFO]: The game is running normally [23:51:15] [Server thread/INFO]: Target tick rate: 20,0 per second. Average time per tick: 8,1ms (Target: 50,0ms) [23:51:15] [Server thread/INFO]: Percentiles: P50: 7,9ms P95: 11,2ms P99: 15,0ms, sample: 100"
"without-umce","1","2026-09-26T21:51:15.3628922+00:00",,"10","0","0","0","0","0","False","15","8,1","7,8","11,2","15","100","50,02921706276465","32,33563967778941","1472798720","[23:51:15] [Server thread/INFO]: The game is running normally [23:51:15] [Server thread/INFO]: Target tick rate: 20,0 per second. Average time per tick: 8,1ms (Target: 50,0ms) [23:51:15] [Server thread/INFO]: Percentiles: P50: 7,8ms P95: 11,2ms P99: 15,0ms, sample: 100"
"without-umce","1","2026-09-26T21:51:15.4878559+00:00",,"10","0","0","0","0","0","False","15","8,1","7,8","11,2","15","100","0","32,33563967778941","1472798720","[23:51:15] [Server thread/INFO]: The game is running normally [23:51:15] [Server thread/INFO]: Target tick rate: 20,0 per second. Average time per tick: 8,1ms (Target: 50,0ms) [23:51:15] [Server thread/INFO]: Percentiles: P50: 7,8ms P95: 11,2ms P99: 15,0ms, sample: 100"
"without-umce","1","2026-09-26T21:51:15.6128019+00:00",,"10","0","0","0","0","0","False","15","8","7,8","10,9","15","100","37,73896311444064","32,33563967778941","1472798720","[23:51:15] [Server thread/INFO]: The game is running normally [23:51:15] [Server thread/INFO]: Target tick rate: 20,0 per second. Average time per tick: 8,0ms (Target: 50,0ms) [23:51:15] [Server thread/INFO]: Percentiles: P50: 7,8ms P95: 10,9ms P99: 15,0ms, sample: 100"
"without-umce","1","2026-09-26T21:51:15.7369921+00:00",,"10","0","0","0","0","0","False","15","7,9","7,7","10,9","15","100","0","32,33563967778941","1472798720","[23:51:15] [Server thread/INFO]: The game is running normally [23:51:15] [Server thread/INFO]: Target tick rate: 20,0 per second. Average time per tick: 7,9ms (Target: 50,0ms) [23:51:15] [Server thread/INFO]: Percentiles: P50: 7,7ms P95: 10,9ms P99: 15,0ms, sample: 100"
"without-umce","1","2026-09-26T21:51:15.8584273+00:00",,"10","0","0","0","0","0","False","15","7,9","7,6","10,9","15","100","51,02224079885318","32,33563967778941","1472798720","[23:51:15] [Server thread/INFO]: The game is running normally [23:51:15] [Server thread/INFO]: Target tick rate: 20,0 per second. Average time per tick: 7,9ms (Target: 50,0ms) [23:51:15] [Server thread/INFO]: Percentiles: P50: 7,6ms P95: 10,9ms P99: 15,0ms, sample: 100"
"without-umce","1","2026-09-26T21:51:15.9809492+00:00",,"10","0","0","0","0","0","False","15","7,9","7,6","10,7","15","100","0","32,33563967778941","1472798720","[23:51:16] [Server thread/INFO]: The game is running normally [23:51:16] [Server thread/INFO]: Target tick rate: 20,0 per second. Average time per tick: 7,9ms (Target: 50,0ms) [23:51:16] [Server thread/INFO]: Percentiles: P50: 7,6ms P95: 10,7ms P99: 15,0ms, sample: 100"
"without-umce","1","2026-09-26T21:51:16.1041420+00:00",,"10","0","0","0","0","0","False","15","7,8","7,5","10,1","11,8","100","38,26493128230581","32,33563967778941","1472798720","[23:51:16] [Server thread/INFO]: The game is running normally [23:51:16] [Server thread/INFO]: Target tick rate: 20,0 per second. Average time per tick: 7,8ms (Target: 50,0ms) [23:51:16] [Server thread/INFO]: Percentiles: P50: 7,5ms P95: 10,1ms P99: 11,8ms, sample: 100"
"without-umce","1","2026-09-26T21:51:16.2266581+00:00",,"10","0","0","0","0","0","False","15","7,7","7,5","10","11,8","100","0","32,33563967778941","1472798720","[23:51:16] [Server thread/INFO]: The game is running normally [23:51:16] [Server thread/INFO]: Target tick rate: 20,0 per second. Average time per tick: 7,7ms (Target: 50,0ms) [23:51:16] [Server thread/INFO]: Percentiles: P50: 7,5ms P95: 10,0ms P99: 11,8ms, sample: 100"
"without-umce","1","2026-09-26T21:51:16.3651679+00:00",,"10","0","0","0","0","0","False","15","7,7","7,5","10","11,8","100","38,18867936825537","32,33563967778941","1472798720","[23:51:16] [Server thread/INFO]: The game is running normally [23:51:16] [Server thread/INFO]: Target tick rate: 20,0 per second. Average time per tick: 7,7ms (Target: 50,0ms) [23:51:16] [Server thread/INFO]: Percentiles: P50: 7,5ms P95: 10,0ms P99: 11,8ms, sample: 100"
"without-umce","1","2026-09-26T21:51:16.4879122+00:00",,"10","0","0","0","0","0","False","15","7,7","7,5","10","11,8","100","38,28540205185252","32,33563967778941","1472798720","[23:51:16] [Server thread/INFO]: The game is running normally [23:51:16] [Server thread/INFO]: Target tick rate: 20,0 per second. Average time per tick: 7,7ms (Target: 50,0ms) [23:51:16] [Server thread/INFO]: Percentiles: P50: 7,5ms P95: 10,0ms P99: 11,8ms, sample: 100"
"without-umce","1","2026-09-26T21:51:16.6103469+00:00",,"10","0","0","0","0","0","False","15","7,7","7,6","10","11,8","100","37,24684067331164","32,33563967778941","1472798720","[23:51:16] [Server thread/INFO]: The game is running normally [23:51:16] [Server thread/INFO]: Target tick rate: 20,0 per second. Average time per tick: 7,7ms (Target: 50,0ms) [23:51:16] [Server thread/INFO]: Percentiles: P50: 7,6ms P95: 10,0ms P99: 11,8ms, sample: 100"
"without-umce","1","2026-09-26T21:51:16.7361951+00:00",,"10","0","0","0","0","0","False","15","7,7","7,6","10","11,8","100","12,794488175436383","32,33563967778941","1472798720","[23:51:16] [Server thread/INFO]: The game is running normally [23:51:16] [Server thread/INFO]: Target tick rate: 20,0 per second. Average time per tick: 7,7ms (Target: 50,0ms) [23:51:16] [Server thread/INFO]: Percentiles: P50: 7,6ms P95: 10,0ms P99: 11,8ms, sample: 100"
"without-umce","1","2026-09-26T21:51:16.8583480+00:00",,"10","0","0","0","0","0","False","15","7,7","7,6","10","11,8","100","25,462065189405177","32,33563967778941","1472798720","[23:51:16] [Server thread/INFO]: The game is running normally [23:51:16] [Server thread/INFO]: Target tick rate: 20,0 per second. Average time per tick: 7,7ms (Target: 50,0ms) [23:51:16] [Server thread/INFO]: Percentiles: P50: 7,6ms P95: 10,0ms P99: 11,8ms, sample: 100"
"without-umce","1","2026-09-26T21:51:16.9810765+00:00",,"10","0","0","0","0","0","False","15","7,7","7,6","10","11,8","100","38,06349193459981","32,33563967778941","1472798720","[23:51:17] [Server thread/INFO]: The game is running normally [23:51:17] [Server thread/INFO]: Target tick rate: 20,0 per second. Average time per tick: 7,7ms (Target: 50,0ms) [23:51:17] [Server thread/INFO]: Percentiles: P50: 7,6ms P95: 10,0ms P99: 11,8ms, sample: 100"
"without-umce","1","2026-09-26T21:51:17.1042355+00:00",,"10","0","0","0","0","0","False","15","7,7","7,6","10","11,8","100","51,3126178137705","32,33563967778941","1472798720","[23:51:17] [Server thread/INFO]: The game is running normally [23:51:17] [Server thread/INFO]: Target tick rate: 20,0 per second. Average time per tick: 7,7ms (Target: 50,0ms) [23:51:17] [Server thread/INFO]: Percentiles: P50: 7,6ms P95: 10,0ms P99: 11,8ms, sample: 100"
"without-umce","1","2026-09-26T21:51:17.2260063+00:00",,"10","0","0","0","0","0","False","15","7,8","7,7","10,3","11,8","100","22,34321320430277","32,33563967778941","1472798720","[23:51:17] [Server thread/INFO]: The game is running normally [23:51:17] [Server thread/INFO]: Target tick rate: 20,0 per second. Average time per tick: 7,8ms (Target: 50,0ms) [23:51:17] [Server thread/INFO]: Percentiles: P50: 7,7ms P95: 10,3ms P99: 11,8ms, sample: 100"
"without-umce","1","2026-09-26T21:51:17.3658899+00:00",,"10","0","0","0","0","0","False","15","7,9","7,8","10,3","11,8","100","33,61699503149778","32,33563967778941","1472798720","[23:51:17] [Server thread/INFO]: The game is running normally [23:51:17] [Server thread/INFO]: Target tick rate: 20,0 per second. Average time per tick: 7,9ms (Target: 50,0ms) [23:51:17] [Server thread/INFO]: Percentiles: P50: 7,8ms P95: 10,3ms P99: 11,8ms, sample: 100"
"without-umce","1","2026-09-26T21:51:17.5053165+00:00",,"10","0","0","0","0","0","False","15","7,8","7,8","10,3","11,8","100","25,705841271982603","32,33563967778941","1472798720","[23:51:17] [Server thread/INFO]: The game is running normally [23:51:17] [Server thread/INFO]: Target tick rate: 20,0 per second. Average time per tick: 7,8ms (Target: 50,0ms) [23:51:17] [Server thread/INFO]: Percentiles: P50: 7,8ms P95: 10,3ms P99: 11,8ms, sample: 100"
"without-umce","1","2026-09-26T21:51:17.6269022+00:00",,"10","0","0","0","0","0","False","15","7,9","7,8","10,5","11,8","100","88,4636880319448","32,33563967778941","1472798720","[23:51:17] [Server thread/INFO]: The game is running normally [23:51:17] [Server thread/INFO]: Target tick rate: 20,0 per second. Average time per tick: 7,9ms (Target: 50,0ms) [23:51:17] [Server thread/INFO]: Percentiles: P50: 7,8ms P95: 10,5ms P99: 11,8ms, sample: 100"
"without-umce","1","2026-09-26T21:51:17.7505315+00:00",,"10","0","0","0","0","0","False","15","7,8","7,7","10,5","11,8","100","25,08557190287509","32,33563967778941","1472798720","[23:51:17] [Server thread/INFO]: The game is running normally [23:51:17] [Server thread/INFO]: Target tick rate: 20,0 per second. Average time per tick: 7,8ms (Target: 50,0ms) [23:51:17] [Server thread/INFO]: Percentiles: P50: 7,7ms P95: 10,5ms P99: 11,8ms, sample: 100"
"without-umce","1","2026-09-26T21:51:17.8751105+00:00",,"10","0","0","0","0","0","False","15","7,8","7,6","10,5","11,8","100","38,67114798241793","32,33563967778941","1472798720","[23:51:17] [Server thread/INFO]: The game is running normally [23:51:17] [Server thread/INFO]: Target tick rate: 20,0 per second. Average time per tick: 7,8ms (Target: 50,0ms) [23:51:17] [Server thread/INFO]: Percentiles: P50: 7,6ms P95: 10,5ms P99: 11,8ms, sample: 100"
"without-umce","1","2026-09-26T21:51:17.9963273+00:00",,"10","0","0","0","0","0","False","15","7,9","7,6","10,5","11,8","100","0","32,33563967778941","1472798720","[23:51:18] [Server thread/INFO]: The game is running normally [23:51:18] [Server thread/INFO]: Target tick rate: 20,0 per second. Average time per tick: 7,9ms (Target: 50,0ms) [23:51:18] [Server thread/INFO]: Percentiles: P50: 7,6ms P95: 10,5ms P99: 11,8ms, sample: 100"
"without-umce","1","2026-09-26T21:51:18.1201314+00:00",,"10","0","0","0","0","0","False","15","7,8","7,6","10,5","11,8","100","50,27850268205645","32,33563967778941","1472798720","[23:51:18] [Server thread/INFO]: The game is running normally [23:51:18] [Server thread/INFO]: Target tick rate: 20,0 per second. Average time per tick: 7,8ms (Target: 50,0ms) [23:51:18] [Server thread/INFO]: Percentiles: P50: 7,6ms P95: 10,5ms P99: 11,8ms, sample: 100"
"without-umce","1","2026-09-26T21:51:18.2443379+00:00",,"10","0","0","0","0","0","False","15","7,8","7,6","10,5","11,8","100","50,40042126688111","32,33563967778941","1472798720","[23:51:18] [Server thread/INFO]: The game is running normally [23:51:18] [Server thread/INFO]: Target tick rate: 20,0 per second. Average time per tick: 7,8ms (Target: 50,0ms) [23:51:18] [Server thread/INFO]: Percentiles: P50: 7,6ms P95: 10,5ms P99: 11,8ms, sample: 100"
"without-umce","1","2026-09-26T21:51:18.3683480+00:00",,"10","0","0","0","0","0","False","15","7,8","7,6","10,6","11,8","100","45,66650445924283","32,33563967778941","1472798720","[23:51:18] [Server thread/INFO]: The game is running normally [23:51:18] [Server thread/INFO]: Target tick rate: 20,0 per second. Average time per tick: 7,8ms (Target: 50,0ms) [23:51:18] [Server thread/INFO]: Percentiles: P50: 7,6ms P95: 10,6ms P99: 11,8ms, sample: 100"
"without-umce","1","2026-09-26T21:51:18.5052067+00:00",,"10","0","0","0","0","0","False","15","7,8","7,6","10,6","11,8","100","25,286506230190554","32,33563967778941","1472798720","[23:51:18] [Server thread/INFO]: The game is running normally [23:51:18] [Server thread/INFO]: Target tick rate: 20,0 per second. Average time per tick: 7,8ms (Target: 50,0ms) [23:51:18] [Server thread/INFO]: Percentiles: P50: 7,6ms P95: 10,6ms P99: 11,8ms, sample: 100"
"without-umce","1","2026-09-26T21:51:18.6288094+00:00",,"10","0","0","0","0","0","False","15","7,8","7,6","10,6","11,8","100","25,157971937389252","32,33563967778941","1472798720","[23:51:18] [Server thread/INFO]: The game is running normally [23:51:18] [Server thread/INFO]: Target tick rate: 20,0 per second. Average time per tick: 7,8ms (Target: 50,0ms) [23:51:18] [Server thread/INFO]: Percentiles: P50: 7,6ms P95: 10,6ms P99: 11,8ms, sample: 100"
"without-umce","1","2026-09-26T21:51:18.7530247+00:00",,"10","0","0","0","0","0","False","15","7,7","7,5","10,5","11,8","100","38,12931674704666","32,33563967778941","1472798720","[23:51:18] [Server thread/INFO]: The game is running normally [23:51:18] [Server thread/INFO]: Target tick rate: 20,0 per second. Average time per tick: 7,7ms (Target: 50,0ms) [23:51:18] [Server thread/INFO]: Percentiles: P50: 7,5ms P95: 10,5ms P99: 11,8ms, sample: 100"
"without-umce","1","2026-09-26T21:51:18.8760750+00:00",,"10","0","0","0","0","0","False","15","7,7","7,5","10,5","11,8","100","167,53641262166752","32,33563967778941","1472798720","[23:51:18] [Server thread/INFO]: The game is running normally [23:51:18] [Server thread/INFO]: Target tick rate: 20,0 per second. Average time per tick: 7,7ms (Target: 50,0ms) [23:51:18] [Server thread/INFO]: Percentiles: P50: 7,5ms P95: 10,5ms P99: 11,8ms, sample: 100"
"without-umce","1","2026-09-26T21:51:18.9972375+00:00",,"10","0","0","0","0","0","False","15","7,7","7,5","10,5","11,8","100","12,468260795319434","32,33563967778941","1472798720","[23:51:19] [Server thread/INFO]: The game is running normally [23:51:19] [Server thread/INFO]: Target tick rate: 20,0 per second. Average time per tick: 7,7ms (Target: 50,0ms) [23:51:19] [Server thread/INFO]: Percentiles: P50: 7,5ms P95: 10,5ms P99: 11,8ms, sample: 100"
"without-umce","1","2026-09-26T21:51:19.1225101+00:00",,"10","0","0","0","0","0","False","15","7,7","7,5","10,5","11,8","100","50,55170104451947","32,33563967778941","1472798720","[23:51:19] [Server thread/INFO]: The game is running normally [23:51:19] [Server thread/INFO]: Target tick rate: 20,0 per second. Average time per tick: 7,7ms (Target: 50,0ms) [23:51:19] [Server thread/INFO]: Percentiles: P50: 7,5ms P95: 10,5ms P99: 11,8ms, sample: 100"
"without-umce","1","2026-09-26T21:51:19.2461193+00:00",,"10","0","0","0","0","0","False","15","7,7","7,6","10,6","11,8","100","0","32,33563967778941","1472798720","[23:51:19] [Server thread/INFO]: The game is running normally [23:51:19] [Server thread/INFO]: Target tick rate: 20,0 per second. Average time per tick: 7,7ms (Target: 50,0ms) [23:51:19] [Server thread/INFO]: Percentiles: P50: 7,6ms P95: 10,6ms P99: 11,8ms, sample: 100"
"without-umce","1","2026-09-26T21:51:19.3685356+00:00",,"10","0","0","0","0","0","False","15","7,7","7,5","10,5","11,7","100","37,70745131414993","32,33563967778941","1472798720","[23:51:19] [Server thread/INFO]: The game is running normally [23:51:19] [Server thread/INFO]: Target tick rate: 20,0 per second. Average time per tick: 7,7ms (Target: 50,0ms) [23:51:19] [Server thread/INFO]: Percentiles: P50: 7,5ms P95: 10,5ms P99: 11,7ms, sample: 100"
"without-umce","1","2026-09-26T21:51:19.4928133+00:00",,"10","0","0","0","0","0","False","15","7,7","7,5","10,5","11,7","100","23,209248644208532","32,33563967778941","1472798720","[23:51:19] [Server thread/INFO]: The game is running normally [23:51:19] [Server thread/INFO]: Target tick rate: 20,0 per second. Average time per tick: 7,7ms (Target: 50,0ms) [23:51:19] [Server thread/INFO]: Percentiles: P50: 7,5ms P95: 10,5ms P99: 11,7ms, sample: 100"
"without-umce","1","2026-09-26T21:51:19.6274646+00:00",,"10","0","0","0","0","0","False","15","7,6","7,5","10,5","11,7","100","38,75658138427347","32,33563967778941","1472798720","[23:51:19] [Server thread/INFO]: The game is running normally [23:51:19] [Server thread/INFO]: Target tick rate: 20,0 per second. Average time per tick: 7,6ms (Target: 50,0ms) [23:51:19] [Server thread/INFO]: Percentiles: P50: 7,5ms P95: 10,5ms P99: 11,7ms, sample: 100"
"without-umce","1","2026-09-26T21:51:19.7483808+00:00",,"10","0","0","0","0","0","False","15","7,6","7,5","10,5","11,7","100","0","32,33563967778941","1472798720","[23:51:19] [Server thread/INFO]: The game is running normally [23:51:19] [Server thread/INFO]: Target tick rate: 20,0 per second. Average time per tick: 7,6ms (Target: 50,0ms) [23:51:19] [Server thread/INFO]: Percentiles: P50: 7,5ms P95: 10,5ms P99: 11,7ms, sample: 100"
"without-umce","1","2026-09-26T21:51:19.8722510+00:00",,"10","0","0","0","0","0","False","15","7,6","7,4","10,5","11,7","100","25,54573872554149","32,33563967778941","1472798720","[23:51:19] [Server thread/INFO]: The game is running normally [23:51:19] [Server thread/INFO]: Target tick rate: 20,0 per second. Average time per tick: 7,6ms (Target: 50,0ms) [23:51:19] [Server thread/INFO]: Percentiles: P50: 7,4ms P95: 10,5ms P99: 11,7ms, sample: 100"
"without-umce","1","2026-09-26T21:51:19.9945679+00:00",,"10","0","0","0","0","0","False","15","7,5","7,3","10,3","11,7","100","0","32,33563967778941","1472798720","[23:51:20] [Server thread/INFO]: The game is running normally [23:51:20] [Server thread/INFO]: Target tick rate: 20,0 per second. Average time per tick: 7,5ms (Target: 50,0ms) [23:51:20] [Server thread/INFO]: Percentiles: P50: 7,3ms P95: 10,3ms P99: 11,7ms, sample: 100"
"without-umce","1","2026-09-26T21:51:20.1176405+00:00",,"10","0","0","0","0","0","False","15","7,5","7,3","10,3","11,7","100","57,09218277390911","32,33563967778941","1472798720","[23:51:20] [Server thread/INFO]: The game is running normally [23:51:20] [Server thread/INFO]: Target tick rate: 20,0 per second. Average time per tick: 7,5ms (Target: 50,0ms) [23:51:20] [Server thread/INFO]: Percentiles: P50: 7,3ms P95: 10,3ms P99: 11,7ms, sample: 100"
"without-umce","1","2026-09-26T21:51:20.2544790+00:00",,"10","0","0","0","0","0","False","15","7,5","7,3","10,3","11,7","100","12,645698681933768","32,33563967778941","1472798720","[23:51:20] [Server thread/INFO]: The game is running normally [23:51:20] [Server thread/INFO]: Target tick rate: 20,0 per second. Average time per tick: 7,5ms (Target: 50,0ms) [23:51:20] [Server thread/INFO]: Percentiles: P50: 7,3ms P95: 10,3ms P99: 11,7ms, sample: 100"
"without-umce","1","2026-09-26T21:51:20.3780493+00:00",,"10","0","0","0","0","0","False","15","7,5","7,3","10,3","11,7","100","38,50115318654024","32,33563967778941","1472798720","[23:51:20] [Server thread/INFO]: The game is running normally [23:51:20] [Server thread/INFO]: Target tick rate: 20,0 per second. Average time per tick: 7,5ms (Target: 50,0ms) [23:51:20] [Server thread/INFO]: Percentiles: P50: 7,3ms P95: 10,3ms P99: 11,7ms, sample: 100"
"without-umce","1","2026-09-26T21:51:20.4998377+00:00",,"10","0","0","0","0","0","False","15","7,5","7,3","10,3","11,7","100","98,30382645678407","32,33563967778941","1472798720","[23:51:20] [Server thread/INFO]: Saving the game (this may take a moment!) [23:51:20] [Server thread/INFO]: ThreadedAnvilChunkStorage (world): All chunks are saved [23:51:20] [Server thread/INFO]: ThreadedAnvilChunkStorage (DIM-1): All chunks are saved [23:51:20] [Server thread/INFO]: ThreadedAnvilChunkStorage (DIM1): All chunks are saved [23:51:20] [Server thread/INFO]: ThreadedAnvilChunkStorage: All dimensions are saved [23:51:20] [Server thread/INFO]: Saved the game [23:51:20] [Server thread/INFO]: The game is running normally [23:51:20] [Server thread/INFO]: Target tick rate: 20,0 per second. Average time per tick: 7,5ms (Target: 50,0ms) [23:51:20] [Server thread/INFO]: Percentiles: P50: 7,3ms P95: 10,3ms P99: 11,7ms, sample: 100"
"without-umce","1","2026-09-26T21:51:20.9925476+00:00",,"10","0","0","0","0","0","False","15","10,9","7,3","10,6","354,2","100","112,46557653633376","32,33563967778941","1472798720","[23:51:21] [Server thread/INFO]: The game is running normally [23:51:21] [Server thread/INFO]: Target tick rate: 20,0 per second. Average time per tick: 10,9ms (Target: 50,0ms) [23:51:21] [Server thread/INFO]: Percentiles: P50: 7,3ms P95: 10,6ms P99: 354,2ms, sample: 100"
"without-umce","1","2026-09-26T21:51:21.1314874+00:00",,"10","0","0","0","0","0","False","15","11","7,3","11,6","354,2","100","22,823746629389095","32,33563967778941","1472798720","[23:51:21] [Server thread/INFO]: The game is running normally [23:51:21] [Server thread/INFO]: Target tick rate: 20,0 per second. Average time per tick: 11,0ms (Target: 50,0ms) [23:51:21] [Server thread/INFO]: Percentiles: P50: 7,3ms P95: 11,6ms P99: 354,2ms, sample: 100"
"without-umce","1","2026-09-26T21:51:21.2683528+00:00",,"10","0","0","0","0","0","False","15","11","7,3","11,6","354,2","100","25,36876029971668","32,33563967778941","1472798720","[23:51:21] [Server thread/INFO]: The game is running normally [23:51:21] [Server thread/INFO]: Target tick rate: 20,0 per second. Average time per tick: 11,0ms (Target: 50,0ms) [23:51:21] [Server thread/INFO]: Percentiles: P50: 7,3ms P95: 11,6ms P99: 354,2ms, sample: 100"
"without-umce","1","2026-09-26T21:51:21.3915347+00:00",,"10","0","0","0","0","0","False","15","11,1","7,3","11,6","354,2","100","87,89122140471667","32,33563967778941","1472798720","[23:51:21] [Server thread/INFO]: The game is running normally [23:51:21] [Server thread/INFO]: Target tick rate: 20,0 per second. Average time per tick: 11,1ms (Target: 50,0ms) [23:51:21] [Server thread/INFO]: Percentiles: P50: 7,3ms P95: 11,6ms P99: 354,2ms, sample: 100"
"without-umce","1","2026-09-26T21:51:21.5159940+00:00",,"10","0","0","0","0","0","False","15","11,1","7,3","11,6","354,2","100","76,65908661618207","32,33563967778941","1472798720","[23:51:21] [Server thread/INFO]: The game is running normally [23:51:21] [Server thread/INFO]: Target tick rate: 20,0 per second. Average time per tick: 11,1ms (Target: 50,0ms) [23:51:21] [Server thread/INFO]: Percentiles: P50: 7,3ms P95: 11,6ms P99: 354,2ms, sample: 100"
"without-umce","1","2026-09-26T21:51:21.6382869+00:00",,"10","0","0","0","0","0","False","15","11,1","7,3","11,6","354,2","100","25,323902846973933","32,33563967778941","1472798720","[23:51:21] [Server thread/INFO]: The game is running normally [23:51:21] [Server thread/INFO]: Target tick rate: 20,0 per second. Average time per tick: 11,1ms (Target: 50,0ms) [23:51:21] [Server thread/INFO]: Percentiles: P50: 7,3ms P95: 11,6ms P99: 354,2ms, sample: 100"
"without-umce","1","2026-09-26T21:51:21.7617161+00:00",,"10","0","0","0","0","0","False","15","11,1","7,3","11,6","354,2","100","12,868014932662192","32,33563967778941","1472798720","[23:51:21] [Server thread/INFO]: The game is running normally [23:51:21] [Server thread/INFO]: Target tick rate: 20,0 per second. Average time per tick: 11,1ms (Target: 50,0ms) [23:51:21] [Server thread/INFO]: Percentiles: P50: 7,3ms P95: 11,6ms P99: 354,2ms, sample: 100"
"without-umce","1","2026-09-26T21:51:21.8831110+00:00",,"10","0","0","0","0","0","False","15","11","7,2","11,6","354,2","100","44,26289183282366","32,33563967778941","1472798720","[23:51:21] [Server thread/INFO]: The game is running normally [23:51:21] [Server thread/INFO]: Target tick rate: 20,0 per second. Average time per tick: 11,0ms (Target: 50,0ms) [23:51:21] [Server thread/INFO]: Percentiles: P50: 7,2ms P95: 11,6ms P99: 354,2ms, sample: 100"
"without-umce","1","2026-09-26T21:51:22.0243489+00:00",,"10","0","0","0","0","0","False","15","11","7,2","11,6","354,2","100","12,53080573281355","32,33563967778941","1472798720","[23:51:22] [Server thread/INFO]: The game is running normally [23:51:22] [Server thread/INFO]: Target tick rate: 20,0 per second. Average time per tick: 11,0ms (Target: 50,0ms) [23:51:22] [Server thread/INFO]: Percentiles: P50: 7,2ms P95: 11,6ms P99: 354,2ms, sample: 100"
"without-umce","1","2026-09-26T21:51:22.1490245+00:00",,"10","0","0","0","0","0","False","15","11","7,2","11,6","354,2","100","22,648111401167988","32,33563967778941","1472798720","[23:51:22] [Server thread/INFO]: The game is running normally [23:51:22] [Server thread/INFO]: Target tick rate: 20,0 per second. Average time per tick: 11,0ms (Target: 50,0ms) [23:51:22] [Server thread/INFO]: Percentiles: P50: 7,2ms P95: 11,6ms P99: 354,2ms, sample: 100"
"without-umce","1","2026-09-26T21:51:22.2869788+00:00",,"10","0","0","0","0","0","False","15","10,9","7,1","11,6","354,2","100","12,600826775527057","32,33563967778941","1472798720","[23:51:22] [Server thread/INFO]: The game is running normally [23:51:22] [Server thread/INFO]: Target tick rate: 20,0 per second. Average time per tick: 10,9ms (Target: 50,0ms) [23:51:22] [Server thread/INFO]: Percentiles: P50: 7,1ms P95: 11,6ms P99: 354,2ms, sample: 100"
"without-umce","1","2026-09-26T21:51:22.4109679+00:00",,"10","0","0","0","0","0","False","15","10,9","7","11,6","354,2","100","24,76659956569291","32,33563967778941","1472798720","[23:51:22] [Server thread/INFO]: The game is running normally [23:51:22] [Server thread/INFO]: Target tick rate: 20,0 per second. Average time per tick: 10,9ms (Target: 50,0ms) [23:51:22] [Server thread/INFO]: Percentiles: P50: 7,0ms P95: 11,6ms P99: 354,2ms, sample: 100"
"without-umce","1","2026-09-26T21:51:22.5371775+00:00",,"10","0","0","0","0","0","False","15","10,9","7,1","11,6","354,2","100","25,405037595390834","32,33563967778941","1472798720","[23:51:22] [Server thread/INFO]: The game is running normally [23:51:22] [Server thread/INFO]: Target tick rate: 20,0 per second. Average time per tick: 10,9ms (Target: 50,0ms) [23:51:22] [Server thread/INFO]: Percentiles: P50: 7,1ms P95: 11,6ms P99: 354,2ms, sample: 100"
"without-umce","1","2026-09-26T21:51:22.6601982+00:00",,"10","0","0","0","0","0","False","15","10,9","7,1","11,6","354,2","100","25,329855510398612","32,33563967778941","1472798720","[23:51:22] [Server thread/INFO]: The game is running normally [23:51:22] [Server thread/INFO]: Target tick rate: 20,0 per second. Average time per tick: 10,9ms (Target: 50,0ms) [23:51:22] [Server thread/INFO]: Percentiles: P50: 7,1ms P95: 11,6ms P99: 354,2ms, sample: 100"
"without-umce","1","2026-09-26T21:51:22.7835259+00:00",,"10","0","0","0","0","0","False","15","10,9","7,1","11,6","354,2","100","25,085873963752718","32,33563967778941","1472798720","[23:51:22] [Server thread/INFO]: The game is running normally [23:51:22] [Server thread/INFO]: Target tick rate: 20,0 per second. Average time per tick: 10,9ms (Target: 50,0ms) [23:51:22] [Server thread/INFO]: Percentiles: P50: 7,1ms P95: 11,6ms P99: 354,2ms, sample: 100"
"without-umce","1","2026-09-26T21:51:22.9081121+00:00",,"10","0","0","0","0","0","False","15","11","7,1","11,6","354,2","100","12,592661842904832","32,33563967778941","1472798720","[23:51:22] [Server thread/INFO]: The game is running normally [23:51:22] [Server thread/INFO]: Target tick rate: 20,0 per second. Average time per tick: 11,0ms (Target: 50,0ms) [23:51:22] [Server thread/INFO]: Percentiles: P50: 7,1ms P95: 11,6ms P99: 354,2ms, sample: 100"
"without-umce","1","2026-09-26T21:51:23.0322042+00:00",,"10","0","0","0","0","0","False","15","11","7,1","11,6","354,2","100","38,01965261189944","32,33563967778941","1472798720","[23:51:23] [Server thread/INFO]: The game is running normally [23:51:23] [Server thread/INFO]: Target tick rate: 20,0 per second. Average time per tick: 11,0ms (Target: 50,0ms) [23:51:23] [Server thread/INFO]: Percentiles: P50: 7,1ms P95: 11,6ms P99: 354,2ms, sample: 100"
"without-umce","1","2026-09-26T21:51:23.1554770+00:00",,"10","0","0","0","0","0","False","15","11","7,2","11,6","354,2","100","51,254505271013315","32,33563967778941","1472798720","[23:51:23] [Server thread/INFO]: The game is running normally [23:51:23] [Server thread/INFO]: Target tick rate: 20,0 per second. Average time per tick: 11,0ms (Target: 50,0ms) [23:51:23] [Server thread/INFO]: Percentiles: P50: 7,2ms P95: 11,6ms P99: 354,2ms, sample: 100"
"without-umce","1","2026-09-26T21:51:23.2774294+00:00",,"10","0","0","0","0","0","False","15","11","7,2","11,6","354,2","100","100,1497438970749","32,33563967778941","1472798720","[23:51:23] [Server thread/INFO]: The game is running normally [23:51:23] [Server thread/INFO]: Target tick rate: 20,0 per second. Average time per tick: 11,0ms (Target: 50,0ms) [23:51:23] [Server thread/INFO]: Percentiles: P50: 7,2ms P95: 11,6ms P99: 354,2ms, sample: 100"
"without-umce","1","2026-09-26T21:51:23.4022964+00:00",,"10","0","0","0","0","0","False","15","11","7,2","11,6","354,2","100","74,84432380648252","32,33563967778941","1472798720","[23:51:23] [Server thread/INFO]: The game is running normally [23:51:23] [Server thread/INFO]: Target tick rate: 20,0 per second. Average time per tick: 11,0ms (Target: 50,0ms) [23:51:23] [Server thread/INFO]: Percentiles: P50: 7,2ms P95: 11,6ms P99: 354,2ms, sample: 100"
"without-umce","1","2026-09-26T21:51:23.5274939+00:00",,"10","0","0","0","0","0","False","15","11","7,2","11,6","354,2","100","25,04644612970292","32,33563967778941","1472798720","[23:51:23] [Server thread/INFO]: The game is running normally [23:51:23] [Server thread/INFO]: Target tick rate: 20,0 per second. Average time per tick: 11,0ms (Target: 50,0ms) [23:51:23] [Server thread/INFO]: Percentiles: P50: 7,2ms P95: 11,6ms P99: 354,2ms, sample: 100"
"without-umce","1","2026-09-26T21:51:23.6523052+00:00",,"10","0","0","0","0","0","False","15","11","7,2","11,6","354,2","100","37,64896944228926","32,33563967778941","1472798720","[23:51:23] [Server thread/INFO]: The game is running normally [23:51:23] [Server thread/INFO]: Target tick rate: 20,0 per second. Average time per tick: 11,0ms (Target: 50,0ms) [23:51:23] [Server thread/INFO]: Percentiles: P50: 7,2ms P95: 11,6ms P99: 354,2ms, sample: 100"
"without-umce","1","2026-09-26T21:51:23.7767551+00:00",,"10","0","0","0","0","0","False","15","11","7,2","12","354,2","100","12,66584146176375","32,33563967778941","1472798720","[23:51:23] [Server thread/INFO]: The game is running normally [23:51:23] [Server thread/INFO]: Target tick rate: 20,0 per second. Average time per tick: 11,0ms (Target: 50,0ms) [23:51:23] [Server thread/INFO]: Percentiles: P50: 7,2ms P95: 12,0ms P99: 354,2ms, sample: 100"
"without-umce","1","2026-09-26T21:51:23.9003797+00:00",,"10","0","0","0","0","0","False","15","11","7,2","12","354,2","100","11,40163074332065","32,33563967778941","1472798720","[23:51:23] [Server thread/INFO]: The game is running normally [23:51:23] [Server thread/INFO]: Target tick rate: 20,0 per second. Average time per tick: 11,0ms (Target: 50,0ms) [23:51:23] [Server thread/INFO]: Percentiles: P50: 7,2ms P95: 12,0ms P99: 354,2ms, sample: 100"
"without-umce","1","2026-09-26T21:51:24.0371840+00:00",,"10","0","0","0","0","0","False","15","11","7,2","12","354,2","100","33,27311638669927","32,33563967778941","1472798720","[23:51:24] [Server thread/INFO]: The game is running normally [23:51:24] [Server thread/INFO]: Target tick rate: 20,0 per second. Average time per tick: 11,0ms (Target: 50,0ms) [23:51:24] [Server thread/INFO]: Percentiles: P50: 7,2ms P95: 12,0ms P99: 354,2ms, sample: 100"
"without-umce","1","2026-09-26T21:51:24.1780734+00:00",,"10","0","0","0","0","0","False","15","11","7,2","12","354,2","100","0","32,33563967778941","1472798720","[23:51:24] [Server thread/INFO]: The game is running normally [23:51:24] [Server thread/INFO]: Target tick rate: 20,0 per second. Average time per tick: 11,0ms (Target: 50,0ms) [23:51:24] [Server thread/INFO]: Percentiles: P50: 7,2ms P95: 12,0ms P99: 354,2ms, sample: 100"
"without-umce","1","2026-09-26T21:51:24.3179981+00:00",,"10","0","0","0","0","0","False","15","11","7,2","12","354,2","100","38,6462477069893","32,33563967778941","1472798720","[23:51:24] [Server thread/INFO]: The game is running normally [23:51:24] [Server thread/INFO]: Target tick rate: 20,0 per second. Average time per tick: 11,0ms (Target: 50,0ms) [23:51:24] [Server thread/INFO]: Percentiles: P50: 7,2ms P95: 12,0ms P99: 354,2ms, sample: 100"
"without-umce","1","2026-09-26T21:51:24.4393156+00:00",,"10","0","0","0","0","0","False","15","11","7,2","12","354,2","100","12,680684537842815","32,33563967778941","1472798720","[23:51:24] [Server thread/INFO]: The game is running normally [23:51:24] [Server thread/INFO]: Target tick rate: 20,0 per second. Average time per tick: 11,0ms (Target: 50,0ms) [23:51:24] [Server thread/INFO]: Percentiles: P50: 7,2ms P95: 12,0ms P99: 354,2ms, sample: 100"
"without-umce","1","2026-09-26T21:51:24.5625025+00:00",,"10","0","0","0","0","0","False","15","11","7,2","12","354,2","100","37,58946292175377","32,33563967778941","1472798720","[23:51:24] [Server thread/INFO]: The game is running normally [23:51:24] [Server thread/INFO]: Target tick rate: 20,0 per second. Average time per tick: 11,0ms (Target: 50,0ms) [23:51:24] [Server thread/INFO]: Percentiles: P50: 7,2ms P95: 12,0ms P99: 354,2ms, sample: 100"
"without-umce","1","2026-09-26T21:51:24.6872123+00:00",,"10","0","0","0","0","0","False","15","11","7,1","12","354,2","100","0","32,33563967778941","1472798720","[23:51:24] [Server thread/INFO]: The game is running normally [23:51:24] [Server thread/INFO]: Target tick rate: 20,0 per second. Average time per tick: 11,0ms (Target: 50,0ms) [23:51:24] [Server thread/INFO]: Percentiles: P50: 7,1ms P95: 12,0ms P99: 354,2ms, sample: 100"
"without-umce","1","2026-09-26T21:51:24.8092088+00:00",,"10","0","0","0","0","0","False","15","11","7,1","12","354,2","100","25,18451180730504","32,33563967778941","1472798720","[23:51:24] [Server thread/INFO]: The game is running normally [23:51:24] [Server thread/INFO]: Target tick rate: 20,0 per second. Average time per tick: 11,0ms (Target: 50,0ms) [23:51:24] [Server thread/INFO]: Percentiles: P50: 7,1ms P95: 12,0ms P99: 354,2ms, sample: 100"
"without-umce","1","2026-09-26T21:51:24.9332908+00:00",,"10","0","0","0","0","0","False","15","11","7,2","12","354,2","100","0","32,33563967778941","1472798720","[23:51:24] [Server thread/INFO]: The game is running normally [23:51:24] [Server thread/INFO]: Target tick rate: 20,0 per second. Average time per tick: 11,0ms (Target: 50,0ms) [23:51:24] [Server thread/INFO]: Percentiles: P50: 7,2ms P95: 12,0ms P99: 354,2ms, sample: 100"
"without-umce","1","2026-09-26T21:51:25.0576986+00:00",,"10","0","0","0","0","0","False","15","11","7,2","12","354,2","100","25,540602611107747","32,33563967778941","1472798720","[23:51:25] [Server thread/INFO]: The game is running normally [23:51:25] [Server thread/INFO]: Target tick rate: 20,0 per second. Average time per tick: 11,0ms (Target: 50,0ms) [23:51:25] [Server thread/INFO]: Percentiles: P50: 7,2ms P95: 12,0ms P99: 354,2ms, sample: 100"
"without-umce","1","2026-09-26T21:51:25.1800131+00:00",,"10","0","0","0","0","0","False","15","11","7,2","12","354,2","100","0","32,33563967778941","1472798720","[23:51:25] [Server thread/INFO]: The game is running normally [23:51:25] [Server thread/INFO]: Target tick rate: 20,0 per second. Average time per tick: 11,0ms (Target: 50,0ms) [23:51:25] [Server thread/INFO]: Percentiles: P50: 7,2ms P95: 12,0ms P99: 354,2ms, sample: 100"
"without-umce","1","2026-09-26T21:51:25.3184034+00:00",,"10","0","0","0","0","0","False","15","10,9","7,2","12","354,2","100","50,54225777521877","32,33563967778941","1472798720","[23:51:25] [Server thread/INFO]: The game is running normally [23:51:25] [Server thread/INFO]: Target tick rate: 20,0 per second. Average time per tick: 10,9ms (Target: 50,0ms) [23:51:25] [Server thread/INFO]: Percentiles: P50: 7,2ms P95: 12,0ms P99: 354,2ms, sample: 100"
"without-umce","1","2026-09-26T21:51:25.4420456+00:00",,"10","0","0","0","0","0","False","15","11","7,2","12","354,2","100","0","32,33563967778941","1472798720","[23:51:25] [Server thread/INFO]: The game is running normally [23:51:25] [Server thread/INFO]: Target tick rate: 20,0 per second. Average time per tick: 11,0ms (Target: 50,0ms) [23:51:25] [Server thread/INFO]: Percentiles: P50: 7,2ms P95: 12,0ms P99: 354,2ms, sample: 100"
"without-umce","1","2026-09-26T21:51:25.5667016+00:00",,"10","0","0","0","0","0","False","15","7,5","7,2","11,3","14,1","100","25,508871373250702","32,33563967778941","1472798720","[23:51:25] [Server thread/INFO]: The game is running normally [23:51:25] [Server thread/INFO]: Target tick rate: 20,0 per second. Average time per tick: 7,5ms (Target: 50,0ms) [23:51:25] [Server thread/INFO]: Percentiles: P50: 7,2ms P95: 11,3ms P99: 14,1ms, sample: 100"
"without-umce","1","2026-09-26T21:51:25.6892108+00:00",,"10","0","0","0","0","0","False","15","7,5","7,2","11,3","14,1","100","0","32,33563967778941","1472798720","[23:51:25] [Server thread/INFO]: The game is running normally [23:51:25] [Server thread/INFO]: Target tick rate: 20,0 per second. Average time per tick: 7,5ms (Target: 50,0ms) [23:51:25] [Server thread/INFO]: Percentiles: P50: 7,2ms P95: 11,3ms P99: 14,1ms, sample: 100"
"without-umce","1","2026-09-26T21:51:25.8148661+00:00",,"10","0","0","0","0","0","False","15","7,6","7,2","11,3","14,1","100","38,212681800654934","32,33563967778941","1472798720","[23:51:25] [Server thread/INFO]: The game is running normally [23:51:25] [Server thread/INFO]: Target tick rate: 20,0 per second. Average time per tick: 7,6ms (Target: 50,0ms) [23:51:25] [Server thread/INFO]: Percentiles: P50: 7,2ms P95: 11,3ms P99: 14,1ms, sample: 100"
"without-umce","1","2026-09-26T21:51:25.9375380+00:00",,"10","0","0","0","0","0","False","15","7,6","7,3","11,3","14,1","100","0","32,33563967778941","1472798720","[23:51:25] [Server thread/INFO]: The game is running normally [23:51:25] [Server thread/INFO]: Target tick rate: 20,0 per second. Average time per tick: 7,6ms (Target: 50,0ms) [23:51:25] [Server thread/INFO]: Percentiles: P50: 7,3ms P95: 11,3ms P99: 14,1ms, sample: 100"
"without-umce","1","2026-09-26T21:51:26.0617763+00:00",,"10","0","0","0","0","0","False","15","7,5","7,3","10,3","14,1","100","25,94971816530095","32,33563967778941","1472798720","[23:51:26] [Server thread/INFO]: The game is running normally [23:51:26] [Server thread/INFO]: Target tick rate: 20,0 per second. Average time per tick: 7,5ms (Target: 50,0ms) [23:51:26] [Server thread/INFO]: Percentiles: P50: 7,3ms P95: 10,3ms P99: 14,1ms, sample: 100"
"without-umce","1","2026-09-26T21:51:26.1821867+00:00",,"10","0","0","0","0","0","False","15","7,5","7,2","9,8","14,1","100","0","32,33563967778941","1472798720","[23:51:26] [Server thread/INFO]: The game is running normally [23:51:26] [Server thread/INFO]: Target tick rate: 20,0 per second. Average time per tick: 7,5ms (Target: 50,0ms) [23:51:26] [Server thread/INFO]: Percentiles: P50: 7,2ms P95: 9,8ms P99: 14,1ms, sample: 100"
"without-umce","1","2026-09-26T21:51:26.3192294+00:00",,"10","0","0","0","0","0","False","15","7,5","7,3","9,8","14,1","100","22,749608706730243","32,33563967778941","1472798720","[23:51:26] [Server thread/INFO]: The game is running normally [23:51:26] [Server thread/INFO]: Target tick rate: 20,0 per second. Average time per tick: 7,5ms (Target: 50,0ms) [23:51:26] [Server thread/INFO]: Percentiles: P50: 7,3ms P95: 9,8ms P99: 14,1ms, sample: 100"
"without-umce","1","2026-09-26T21:51:26.4566071+00:00",,"10","0","0","0","0","0","False","15","7,4","7,2","9,8","14,1","100","37,907398391998484","32,33563967778941","1472798720","[23:51:26] [Server thread/INFO]: The game is running normally [23:51:26] [Server thread/INFO]: Target tick rate: 20,0 per second. Average time per tick: 7,4ms (Target: 50,0ms) [23:51:26] [Server thread/INFO]: Percentiles: P50: 7,2ms P95: 9,8ms P99: 14,1ms, sample: 100"
"without-umce","1","2026-09-26T21:51:26.5802224+00:00",,"10","0","0","0","0","0","False","15","7,4","7,3","9,8","14,1","100","50,251296684459646","32,33563967778941","1472798720","[23:51:26] [Server thread/INFO]: The game is running normally [23:51:26] [Server thread/INFO]: Target tick rate: 20,0 per second. Average time per tick: 7,4ms (Target: 50,0ms) [23:51:26] [Server thread/INFO]: Percentiles: P50: 7,3ms P95: 9,8ms P99: 14,1ms, sample: 100"
"without-umce","1","2026-09-26T21:51:26.7045915+00:00",,"10","0","0","0","0","0","False","15","7,4","7,3","9,8","14,1","100","12,684606691951991","32,33563967778941","1472798720","[23:51:26] [Server thread/INFO]: The game is running normally [23:51:26] [Server thread/INFO]: Target tick rate: 20,0 per second. Average time per tick: 7,4ms (Target: 50,0ms) [23:51:26] [Server thread/INFO]: Percentiles: P50: 7,3ms P95: 9,8ms P99: 14,1ms, sample: 100"
"without-umce","1","2026-09-26T21:51:26.8277977+00:00",,"10","0","0","0","0","0","False","15","7,4","7,3","9,8","14,1","100","51,05112218534743","32,33563967778941","1472798720","[23:51:26] [Server thread/INFO]: The game is running normally [23:51:26] [Server thread/INFO]: Target tick rate: 20,0 per second. Average time per tick: 7,4ms (Target: 50,0ms) [23:51:26] [Server thread/INFO]: Percentiles: P50: 7,3ms P95: 9,8ms P99: 14,1ms, sample: 100"
"without-umce","1","2026-09-26T21:51:26.9501967+00:00",,"10","0","0","0","0","0","False","15","7,4","7,3","9,8","14,1","100","0","32,33563967778941","1472798720","[23:51:26] [Server thread/INFO]: The game is running normally [23:51:26] [Server thread/INFO]: Target tick rate: 20,0 per second. Average time per tick: 7,4ms (Target: 50,0ms) [23:51:26] [Server thread/INFO]: Percentiles: P50: 7,3ms P95: 9,8ms P99: 14,1ms, sample: 100"
"without-umce","1","2026-09-26T21:51:27.0733996+00:00",,"10","0","0","0","0","0","False","15","7,4","7,3","9,8","14,1","100","37,980160379582834","32,33563967778941","1472798720","[23:51:27] [Server thread/INFO]: The game is running normally [23:51:27] [Server thread/INFO]: Target tick rate: 20,0 per second. Average time per tick: 7,4ms (Target: 50,0ms) [23:51:27] [Server thread/INFO]: Percentiles: P50: 7,3ms P95: 9,8ms P99: 14,1ms, sample: 100"
"without-umce","1","2026-09-26T21:51:27.1968202+00:00",,"10","0","0","0","0","0","False","15","7,4","7,3","9,8","14,1","100","0","32,33563967778941","1472798720","[23:51:27] [Server thread/INFO]: The game is running normally [23:51:27] [Server thread/INFO]: Target tick rate: 20,0 per second. Average time per tick: 7,4ms (Target: 50,0ms) [23:51:27] [Server thread/INFO]: Percentiles: P50: 7,3ms P95: 9,8ms P99: 14,1ms, sample: 100"
"without-umce","1","2026-09-26T21:51:27.3204906+00:00",,"10","0","0","0","0","0","False","15","7,4","7,3","9,8","14,1","100","44,426468508031235","32,33563967778941","1472798720","[23:51:27] [Server thread/INFO]: The game is running normally [23:51:27] [Server thread/INFO]: Target tick rate: 20,0 per second. Average time per tick: 7,4ms (Target: 50,0ms) [23:51:27] [Server thread/INFO]: Percentiles: P50: 7,3ms P95: 9,8ms P99: 14,1ms, sample: 100"
"without-umce","1","2026-09-26T21:51:27.4611042+00:00",,"10","0","0","0","0","0","False","15","7,4","7,3","9,8","14,1","100","22,605776951511512","32,33563967778941","1472798720","[23:51:27] [Server thread/INFO]: The game is running normally [23:51:27] [Server thread/INFO]: Target tick rate: 20,0 per second. Average time per tick: 7,4ms (Target: 50,0ms) [23:51:27] [Server thread/INFO]: Percentiles: P50: 7,3ms P95: 9,8ms P99: 14,1ms, sample: 100"
"without-umce","1","2026-09-26T21:51:27.5993413+00:00",,"10","0","0","0","0","0","False","15","7,4","7,3","9,8","14,1","100","37,936911826119044","32,33563967778941","1472798720","[23:51:27] [Server thread/INFO]: The game is running normally [23:51:27] [Server thread/INFO]: Target tick rate: 20,0 per second. Average time per tick: 7,4ms (Target: 50,0ms) [23:51:27] [Server thread/INFO]: Percentiles: P50: 7,3ms P95: 9,8ms P99: 14,1ms, sample: 100"
"without-umce","1","2026-09-26T21:51:27.7229087+00:00",,"10","0","0","0","0","0","False","15","7,4","7,3","9,8","14,1","100","0","32,33563967778941","1472798720","[23:51:27] [Server thread/INFO]: The game is running normally [23:51:27] [Server thread/INFO]: Target tick rate: 20,0 per second. Average time per tick: 7,4ms (Target: 50,0ms) [23:51:27] [Server thread/INFO]: Percentiles: P50: 7,3ms P95: 9,8ms P99: 14,1ms, sample: 100"
"without-umce","1","2026-09-26T21:51:27.8459500+00:00",,"10","0","0","0","0","0","False","15","7,3","7,2","9,7","12,1","100","25,947735862843174","32,33563967778941","1472798720","[23:51:27] [Server thread/INFO]: The game is running normally [23:51:27] [Server thread/INFO]: Target tick rate: 20,0 per second. Average time per tick: 7,3ms (Target: 50,0ms) [23:51:27] [Server thread/INFO]: Percentiles: P50: 7,2ms P95: 9,7ms P99: 12,1ms, sample: 100"
"without-umce","1","2026-09-26T21:51:27.9663937+00:00",,"10","0","0","0","0","0","False","15","7,3","7,2","9,7","12,1","100","0","32,33563967778941","1472798720","[23:51:27] [Server thread/INFO]: The game is running normally [23:51:27] [Server thread/INFO]: Target tick rate: 20,0 per second. Average time per tick: 7,3ms (Target: 50,0ms) [23:51:27] [Server thread/INFO]: Percentiles: P50: 7,2ms P95: 9,7ms P99: 12,1ms, sample: 100"
"without-umce","1","2026-09-26T21:51:28.0906203+00:00",,"10","0","0","0","0","0","False","15","7,3","7,2","9,7","12,1","100","25,17698412762354","32,33563967778941","1472798720","[23:51:28] [Server thread/INFO]: The game is running normally [23:51:28] [Server thread/INFO]: Target tick rate: 20,0 per second. Average time per tick: 7,3ms (Target: 50,0ms) [23:51:28] [Server thread/INFO]: Percentiles: P50: 7,2ms P95: 9,7ms P99: 12,1ms, sample: 100"
"without-umce","1","2026-09-26T21:51:28.2147771+00:00",,"10","0","0","0","0","0","False","15","7,3","7,2","9,7","12,1","100","24,841037234528805","32,33563967778941","1472798720","[23:51:28] [Server thread/INFO]: The game is running normally [23:51:28] [Server thread/INFO]: Target tick rate: 20,0 per second. Average time per tick: 7,3ms (Target: 50,0ms) [23:51:28] [Server thread/INFO]: Percentiles: P50: 7,2ms P95: 9,7ms P99: 12,1ms, sample: 100"
"without-umce","1","2026-09-26T21:51:28.3406734+00:00",,"10","0","0","0","0","0","False","15","7,3","7,2","9,7","12,1","100","39,04723903740955","32,33563967778941","1472798720","[23:51:28] [Server thread/INFO]: The game is running normally [23:51:28] [Server thread/INFO]: Target tick rate: 20,0 per second. Average time per tick: 7,3ms (Target: 50,0ms) [23:51:28] [Server thread/INFO]: Percentiles: P50: 7,2ms P95: 9,7ms P99: 12,1ms, sample: 100"
"without-umce","1","2026-09-26T21:51:28.4605886+00:00",,"10","0","0","0","0","0","False","15","7,3","7,2","9,7","12,1","100","22,260530121168514","32,33563967778941","1472798720","[23:51:28] [Server thread/INFO]: The game is running normally [23:51:28] [Server thread/INFO]: Target tick rate: 20,0 per second. Average time per tick: 7,3ms (Target: 50,0ms) [23:51:28] [Server thread/INFO]: Percentiles: P50: 7,2ms P95: 9,7ms P99: 12,1ms, sample: 100"
"without-umce","1","2026-09-26T21:51:28.6009598+00:00",,"10","0","0","0","0","0","False","15","7,3","7,2","9,7","12,1","100","33,33295407838916","32,33563967778941","1472798720","[23:51:28] [Server thread/INFO]: The game is running normally [23:51:28] [Server thread/INFO]: Target tick rate: 20,0 per second. Average time per tick: 7,3ms (Target: 50,0ms) [23:51:28] [Server thread/INFO]: Percentiles: P50: 7,2ms P95: 9,7ms P99: 12,1ms, sample: 100"
"without-umce","1","2026-09-26T21:51:28.7415910+00:00",,"10","0","0","0","0","0","False","15","7,2","7,2","9,5","10,6","100","11,376046596286859","32,33563967778941","1472798720","[23:51:28] [Server thread/INFO]: The game is running normally [23:51:28] [Server thread/INFO]: Target tick rate: 20,0 per second. Average time per tick: 7,2ms (Target: 50,0ms) [23:51:28] [Server thread/INFO]: Percentiles: P50: 7,2ms P95: 9,5ms P99: 10,6ms, sample: 100"
"without-umce","1","2026-09-26T21:51:28.8789348+00:00",,"10","0","0","0","0","0","False","15","7,2","7,2","9,5","10,6","100","25,363900959851176","32,33563967778941","1472798720","[23:51:28] [Server thread/INFO]: The game is running normally [23:51:28] [Server thread/INFO]: Target tick rate: 20,0 per second. Average time per tick: 7,2ms (Target: 50,0ms) [23:51:28] [Server thread/INFO]: Percentiles: P50: 7,2ms P95: 9,5ms P99: 10,6ms, sample: 100"
"without-umce","1","2026-09-26T21:51:29.0021309+00:00",,"10","0","0","0","0","0","False","15","7,2","7,2","9,5","10,6","100","50,110845189559306","32,33563967778941","1472798720","[23:51:29] [Server thread/INFO]: The game is running normally [23:51:29] [Server thread/INFO]: Target tick rate: 20,0 per second. Average time per tick: 7,2ms (Target: 50,0ms) [23:51:29] [Server thread/INFO]: Percentiles: P50: 7,2ms P95: 9,5ms P99: 10,6ms, sample: 100"
"without-umce","1","2026-09-26T21:51:29.1268658+00:00",,"10","0","0","0","0","0","False","15","7,2","7,2","9,5","10,6","100","25,23651663389284","32,33563967778941","1472798720","[23:51:29] [Server thread/INFO]: The game is running normally [23:51:29] [Server thread/INFO]: Target tick rate: 20,0 per second. Average time per tick: 7,2ms (Target: 50,0ms) [23:51:29] [Server thread/INFO]: Percentiles: P50: 7,2ms P95: 9,5ms P99: 10,6ms, sample: 100"
"without-umce","1","2026-09-26T21:51:29.2507489+00:00",,"10","0","0","0","0","0","False","15","7,2","7,2","9,3","10,6","100","0","32,33563967778941","1472798720","[23:51:29] [Server thread/INFO]: The game is running normally [23:51:29] [Server thread/INFO]: Target tick rate: 20,0 per second. Average time per tick: 7,2ms (Target: 50,0ms) [23:51:29] [Server thread/INFO]: Percentiles: P50: 7,2ms P95: 9,3ms P99: 10,6ms, sample: 100"
"without-umce","1","2026-09-26T21:51:29.3722147+00:00",,"10","0","0","0","0","0","False","15","7,2","7,2","9,3","10,6","100","25,641993461907077","32,33563967778941","1472798720","[23:51:29] [Server thread/INFO]: The game is running normally [23:51:29] [Server thread/INFO]: Target tick rate: 20,0 per second. Average time per tick: 7,2ms (Target: 50,0ms) [23:51:29] [Server thread/INFO]: Percentiles: P50: 7,2ms P95: 9,3ms P99: 10,6ms, sample: 100"
"without-umce","1","2026-09-26T21:51:29.4940735+00:00",,"10","0","0","0","0","0","False","15","7,2","7,2","9,3","10,6","100","0","32,33563967778941","1472798720","[23:51:29] [Server thread/INFO]: The game is running normally [23:51:29] [Server thread/INFO]: Target tick rate: 20,0 per second. Average time per tick: 7,2ms (Target: 50,0ms) [23:51:29] [Server thread/INFO]: Percentiles: P50: 7,2ms P95: 9,3ms P99: 10,6ms, sample: 100"
"without-umce","1","2026-09-26T21:51:29.6172904+00:00",,"10","0","0","0","0","0","False","15","7,2","7,2","9,3","10,6","100","33,80166516917778","32,33563967778941","1472798720","[23:51:29] [Server thread/INFO]: The game is running normally [23:51:29] [Server thread/INFO]: Target tick rate: 20,0 per second. Average time per tick: 7,2ms (Target: 50,0ms) [23:51:29] [Server thread/INFO]: Percentiles: P50: 7,2ms P95: 9,3ms P99: 10,6ms, sample: 100"
"without-umce","1","2026-09-26T21:51:29.7559690+00:00",,"10","0","0","0","0","0","False","15","7,2","7,2","9,3","10,6","100","25,28229195909851","32,33563967778941","1472798720","[23:51:29] [Server thread/INFO]: The game is running normally [23:51:29] [Server thread/INFO]: Target tick rate: 20,0 per second. Average time per tick: 7,2ms (Target: 50,0ms) [23:51:29] [Server thread/INFO]: Percentiles: P50: 7,2ms P95: 9,3ms P99: 10,6ms, sample: 100"
"without-umce","1","2026-09-26T21:51:29.8796254+00:00",,"10","0","0","0","0","0","False","15","7,2","7,1","9,3","10,6","100","24,901946097048263","32,33563967778941","1472798720","[23:51:29] [Server thread/INFO]: The game is running normally [23:51:29] [Server thread/INFO]: Target tick rate: 20,0 per second. Average time per tick: 7,2ms (Target: 50,0ms) [23:51:29] [Server thread/INFO]: Percentiles: P50: 7,1ms P95: 9,3ms P99: 10,6ms, sample: 100"
"without-umce","1","2026-09-26T21:51:30.0050985+00:00",,"10","0","0","0","0","0","False","15","7,3","7,2","9,3","10,6","100","25,38060759144125","32,33563967778941","1472798720","[23:51:30] [Server thread/INFO]: The game is running normally [23:51:30] [Server thread/INFO]: Target tick rate: 20,0 per second. Average time per tick: 7,3ms (Target: 50,0ms) [23:51:30] [Server thread/INFO]: Percentiles: P50: 7,2ms P95: 9,3ms P99: 10,6ms, sample: 100"
"without-umce","1","2026-09-26T21:51:30.1282219+00:00",,"10","0","0","0","0","0","False","15","7,3","7,2","9,3","10,6","100","37,74744203200822","32,33563967778941","1472798720","[23:51:30] [Server thread/INFO]: The game is running normally [23:51:30] [Server thread/INFO]: Target tick rate: 20,0 per second. Average time per tick: 7,3ms (Target: 50,0ms) [23:51:30] [Server thread/INFO]: Percentiles: P50: 7,2ms P95: 9,3ms P99: 10,6ms, sample: 100"
"without-umce","1","2026-09-26T21:51:30.2523640+00:00",,"10","0","0","0","0","0","False","15","7,3","7,2","9,3","10,6","100","50,06047305144614","32,33563967778941","1472798720","[23:51:30] [Server thread/INFO]: The game is running normally [23:51:30] [Server thread/INFO]: Target tick rate: 20,0 per second. Average time per tick: 7,3ms (Target: 50,0ms) [23:51:30] [Server thread/INFO]: Percentiles: P50: 7,2ms P95: 9,3ms P99: 10,6ms, sample: 100"
"without-umce","1","2026-09-26T21:51:30.3772380+00:00",,"10","0","0","0","0","0","False","15","7,3","7,2","9,3","10,6","100","38,07647787502792","32,33563967778941","1472798720","[23:51:30] [Server thread/INFO]: The game is running normally [23:51:30] [Server thread/INFO]: Target tick rate: 20,0 per second. Average time per tick: 7,3ms (Target: 50,0ms) [23:51:30] [Server thread/INFO]: Percentiles: P50: 7,2ms P95: 9,3ms P99: 10,6ms, sample: 100"
"without-umce","1","2026-09-26T21:51:30.5003132+00:00",,"10","0","0","0","0","0","False","15","7,3","7,2","9,5","10,6","100","0","32,33563967778941","1472798720","[23:51:30] [Server thread/INFO]: The game is running normally [23:51:30] [Server thread/INFO]: Target tick rate: 20,0 per second. Average time per tick: 7,3ms (Target: 50,0ms) [23:51:30] [Server thread/INFO]: Percentiles: P50: 7,2ms P95: 9,5ms P99: 10,6ms, sample: 100"
"without-umce","1","2026-09-26T21:51:30.6243629+00:00",,"10","0","0","0","0","0","False","15","7,3","7,1","9,5","10,6","100","25,485218165700402","32,33563967778941","1472798720","[23:51:30] [Server thread/INFO]: The game is running normally [23:51:30] [Server thread/INFO]: Target tick rate: 20,0 per second. Average time per tick: 7,3ms (Target: 50,0ms) [23:51:30] [Server thread/INFO]: Percentiles: P50: 7,1ms P95: 9,5ms P99: 10,6ms, sample: 100"
"without-umce","1","2026-09-26T21:51:30.7469716+00:00",,"10","0","0","0","0","0","False","15","7,3","7,2","9,5","10,6","100","0","32,33563967778941","1472798720","[23:51:30] [Server thread/INFO]: The game is running normally [23:51:30] [Server thread/INFO]: Target tick rate: 20,0 per second. Average time per tick: 7,3ms (Target: 50,0ms) [23:51:30] [Server thread/INFO]: Percentiles: P50: 7,2ms P95: 9,5ms P99: 10,6ms, sample: 100"
"without-umce","1","2026-09-26T21:51:30.8698945+00:00",,"10","0","0","0","0","0","False","15","7,3","7,1","9,5","10,6","100","50,163774691613185","32,33563967778941","1472798720","[23:51:30] [Server thread/INFO]: The game is running normally [23:51:30] [Server thread/INFO]: Target tick rate: 20,0 per second. Average time per tick: 7,3ms (Target: 50,0ms) [23:51:30] [Server thread/INFO]: Percentiles: P50: 7,1ms P95: 9,5ms P99: 10,6ms, sample: 100"
"without-umce","1","2026-09-26T21:51:30.9944909+00:00",,"10","0","0","0","0","0","False","15","7,2","7,1","9,5","10,6","100","12,519731096207623","32,33563967778941","1472798720","[23:51:31] [Server thread/INFO]: The game is running normally [23:51:31] [Server thread/INFO]: Target tick rate: 20,0 per second. Average time per tick: 7,2ms (Target: 50,0ms) [23:51:31] [Server thread/INFO]: Percentiles: P50: 7,1ms P95: 9,5ms P99: 10,6ms, sample: 100"
"without-umce","1","2026-09-26T21:51:31.1193585+00:00",,"10","0","0","0","0","0","False","15","7,2","7,1","9,5","10,6","100","63,81760377457131","32,33563967778941","1472798720","[23:51:31] [Server thread/INFO]: The game is running normally [23:51:31] [Server thread/INFO]: Target tick rate: 20,0 per second. Average time per tick: 7,2ms (Target: 50,0ms) [23:51:31] [Server thread/INFO]: Percentiles: P50: 7,1ms P95: 9,5ms P99: 10,6ms, sample: 100"
"without-umce","1","2026-09-26T21:51:31.2417059+00:00",,"10","0","0","0","0","0","False","15","7,3","7,1","9,7","11,6","100","22,73223248708809","32,33563967778941","1472798720","[23:51:31] [Server thread/INFO]: The game is running normally [23:51:31] [Server thread/INFO]: Target tick rate: 20,0 per second. Average time per tick: 7,3ms (Target: 50,0ms) [23:51:31] [Server thread/INFO]: Percentiles: P50: 7,1ms P95: 9,7ms P99: 11,6ms, sample: 100"
"without-umce","1","2026-09-26T21:51:31.3792079+00:00",,"10","0","0","0","0","0","False","15","7,3","7,1","9,7","11,6","100","25,12570894700365","32,33563967778941","1472798720","[23:51:31] [Server thread/INFO]: The game is running normally [23:51:31] [Server thread/INFO]: Target tick rate: 20,0 per second. Average time per tick: 7,3ms (Target: 50,0ms) [23:51:31] [Server thread/INFO]: Percentiles: P50: 7,1ms P95: 9,7ms P99: 11,6ms, sample: 100"
"without-umce","1","2026-09-26T21:51:31.5035753+00:00",,"10","0","0","0","0","0","False","15","7,3","7,1","9,5","11,6","100","0","32,33563967778941","1472798720","[23:51:31] [Server thread/INFO]: The game is running normally [23:51:31] [Server thread/INFO]: Target tick rate: 20,0 per second. Average time per tick: 7,3ms (Target: 50,0ms) [23:51:31] [Server thread/INFO]: Percentiles: P50: 7,1ms P95: 9,5ms P99: 11,6ms, sample: 100"
"without-umce","1","2026-09-26T21:51:31.6261040+00:00",,"10","0","0","0","0","0","False","15","7,3","7,1","9,5","11,6","100","38,35714408457147","32,33563967778941","1472798720","[23:51:31] [Server thread/INFO]: The game is running normally [23:51:31] [Server thread/INFO]: Target tick rate: 20,0 per second. Average time per tick: 7,3ms (Target: 50,0ms) [23:51:31] [Server thread/INFO]: Percentiles: P50: 7,1ms P95: 9,5ms P99: 11,6ms, sample: 100"
"without-umce","1","2026-09-26T21:51:31.7483099+00:00",,"10","0","0","0","0","0","False","15","7,2","7","9,5","11,6","100","0","32,33563967778941","1472798720","[23:51:31] [Server thread/INFO]: The game is running normally [23:51:31] [Server thread/INFO]: Target tick rate: 20,0 per second. Average time per tick: 7,2ms (Target: 50,0ms) [23:51:31] [Server thread/INFO]: Percentiles: P50: 7,0ms P95: 9,5ms P99: 11,6ms, sample: 100"
"without-umce","1","2026-09-26T21:51:31.8724241+00:00",,"10","0","0","0","0","0","False","15","7,2","7","9,5","11,6","100","25,60965315924779","32,33563967778941","1472798720","[23:51:31] [Server thread/INFO]: The game is running normally [23:51:31] [Server thread/INFO]: Target tick rate: 20,0 per second. Average time per tick: 7,2ms (Target: 50,0ms) [23:51:31] [Server thread/INFO]: Percentiles: P50: 7,0ms P95: 9,5ms P99: 11,6ms, sample: 100"
"without-umce","1","2026-09-26T21:51:31.9944529+00:00",,"10","0","0","0","0","0","False","15","7,3","7","9,5","11,6","100","0","32,33563967778941","1472798720","[23:51:32] [Server thread/INFO]: The game is running normally [23:51:32] [Server thread/INFO]: Target tick rate: 20,0 per second. Average time per tick: 7,3ms (Target: 50,0ms) [23:51:32] [Server thread/INFO]: Percentiles: P50: 7,0ms P95: 9,5ms P99: 11,6ms, sample: 100"
"without-umce","1","2026-09-26T21:51:32.1174711+00:00",,"10","0","0","0","0","0","False","15","7,3","7","9,5","11,6","100","34,04849086192983","32,33563967778941","1472798720","[23:51:32] [Server thread/INFO]: The game is running normally [23:51:32] [Server thread/INFO]: Target tick rate: 20,0 per second. Average time per tick: 7,3ms (Target: 50,0ms) [23:51:32] [Server thread/INFO]: Percentiles: P50: 7,0ms P95: 9,5ms P99: 11,6ms, sample: 100"
"without-umce","1","2026-09-26T21:51:32.2551272+00:00",,"10","0","0","0","0","0","False","15","7,2","7","9,5","11,6","100","0","32,33563967778941","1472798720","[23:51:32] [Server thread/INFO]: The game is running normally [23:51:32] [Server thread/INFO]: Target tick rate: 20,0 per second. Average time per tick: 7,2ms (Target: 50,0ms) [23:51:32] [Server thread/INFO]: Percentiles: P50: 7,0ms P95: 9,5ms P99: 11,6ms, sample: 100"
"without-umce","1","2026-09-26T21:51:32.3781807+00:00",,"10","0","0","0","0","0","False","15","7,2","7","9,5","11,6","100","12,943410168177353","32,33563967778941","1472798720","[23:51:32] [Server thread/INFO]: The game is running normally [23:51:32] [Server thread/INFO]: Target tick rate: 20,0 per second. Average time per tick: 7,2ms (Target: 50,0ms) [23:51:32] [Server thread/INFO]: Percentiles: P50: 7,0ms P95: 9,5ms P99: 11,6ms, sample: 100"
"without-umce","1","2026-09-26T21:51:32.4989167+00:00",,"10","0","0","0","0","0","False","15","7,2","7","9,3","11,6","100","12,497200627059538","32,33563967778941","1472798720","[23:51:32] [Server thread/INFO]: The game is running normally [23:51:32] [Server thread/INFO]: Target tick rate: 20,0 per second. Average time per tick: 7,2ms (Target: 50,0ms) [23:51:32] [Server thread/INFO]: Percentiles: P50: 7,0ms P95: 9,3ms P99: 11,6ms, sample: 100"
"without-umce","1","2026-09-26T21:51:32.6239506+00:00",,"10","0","0","0","0","0","False","15","7,2","7","9,3","11,6","100","25,651086128549288","32,33563967778941","1472798720","[23:51:32] [Server thread/INFO]: The game is running normally [23:51:32] [Server thread/INFO]: Target tick rate: 20,0 per second. Average time per tick: 7,2ms (Target: 50,0ms) [23:51:32] [Server thread/INFO]: Percentiles: P50: 7,0ms P95: 9,3ms P99: 11,6ms, sample: 100"
"without-umce","1","2026-09-26T21:51:32.7457521+00:00",,"10","0","0","0","0","0","False","15","7,1","6,9","9,3","11,6","100","25,247241183461398","32,33563967778941","1472798720","[23:51:32] [Server thread/INFO]: The game is running normally [23:51:32] [Server thread/INFO]: Target tick rate: 20,0 per second. Average time per tick: 7,1ms (Target: 50,0ms) [23:51:32] [Server thread/INFO]: Percentiles: P50: 6,9ms P95: 9,3ms P99: 11,6ms, sample: 100"
"without-umce","1","2026-09-26T21:51:32.8695446+00:00",,"10","0","0","0","0","0","False","15","7,1","6,9","9,3","11,6","100","45,72523886864785","32,33563967778941","1472798720","[23:51:32] [Server thread/INFO]: The game is running normally [23:51:32] [Server thread/INFO]: Target tick rate: 20,0 per second. Average time per tick: 7,1ms (Target: 50,0ms) [23:51:32] [Server thread/INFO]: Percentiles: P50: 6,9ms P95: 9,3ms P99: 11,6ms, sample: 100"
"without-umce","1","2026-09-26T21:51:33.0062172+00:00",,"10","0","0","0","0","0","False","15","7,1","6,9","9,3","11,6","100","12,63956097647788","32,33563967778941","1472798720","[23:51:33] [Server thread/INFO]: The game is running normally [23:51:33] [Server thread/INFO]: Target tick rate: 20,0 per second. Average time per tick: 7,1ms (Target: 50,0ms) [23:51:33] [Server thread/INFO]: Percentiles: P50: 6,9ms P95: 9,3ms P99: 11,6ms, sample: 100"
"without-umce","1","2026-09-26T21:51:33.1298553+00:00",,"10","0","0","0","0","0","False","15","7,1","6,9","9,3","11,6","100","25,316763342946953","32,33563967778941","1472798720","[23:51:33] [Server thread/INFO]: The game is running normally [23:51:33] [Server thread/INFO]: Target tick rate: 20,0 per second. Average time per tick: 7,1ms (Target: 50,0ms) [23:51:33] [Server thread/INFO]: Percentiles: P50: 6,9ms P95: 9,3ms P99: 11,6ms, sample: 100"
"without-umce","1","2026-09-26T21:51:33.2532656+00:00",,"10","0","0","0","0","0","False","15","7,1","6,9","9,3","11,6","100","25,221383213293002","32,33563967778941","1472798720","[23:51:33] [Server thread/INFO]: The game is running normally [23:51:33] [Server thread/INFO]: Target tick rate: 20,0 per second. Average time per tick: 7,1ms (Target: 50,0ms) [23:51:33] [Server thread/INFO]: Percentiles: P50: 6,9ms P95: 9,3ms P99: 11,6ms, sample: 100"
"without-umce","1","2026-09-26T21:51:33.3771740+00:00",,"10","0","0","0","0","0","False","15","7","6,9","9,2","11,6","100","25,236801960152505","32,33563967778941","1472798720","[23:51:33] [Server thread/INFO]: The game is running normally [23:51:33] [Server thread/INFO]: Target tick rate: 20,0 per second. Average time per tick: 7,0ms (Target: 50,0ms) [23:51:33] [Server thread/INFO]: Percentiles: P50: 6,9ms P95: 9,2ms P99: 11,6ms, sample: 100"
"without-umce","1","2026-09-26T21:51:33.5010501+00:00",,"10","0","0","0","0","0","False","15","7","6,9","9,2","11,6","100","0","32,33563967778941","1472798720","[23:51:33] [Server thread/INFO]: The game is running normally [23:51:33] [Server thread/INFO]: Target tick rate: 20,0 per second. Average time per tick: 7,0ms (Target: 50,0ms) [23:51:33] [Server thread/INFO]: Percentiles: P50: 6,9ms P95: 9,2ms P99: 11,6ms, sample: 100"
"without-umce","1","2026-09-26T21:51:33.6240200+00:00",,"10","0","0","0","0","0","False","15","7","6,9","9,2","11,6","100","38,36508666621924","32,33563967778941","1472798720","[23:51:33] [Server thread/INFO]: The game is running normally [23:51:33] [Server thread/INFO]: Target tick rate: 20,0 per second. Average time per tick: 7,0ms (Target: 50,0ms) [23:51:33] [Server thread/INFO]: Percentiles: P50: 6,9ms P95: 9,2ms P99: 11,6ms, sample: 100"
"without-umce","1","2026-09-26T21:51:33.7462018+00:00",,"10","0","0","0","0","0","False","15","7","6,8","9,2","11,6","100","76,67106111112929","32,33563967778941","1472798720","[23:51:33] [Server thread/INFO]: The game is running normally [23:51:33] [Server thread/INFO]: Target tick rate: 20,0 per second. Average time per tick: 7,0ms (Target: 50,0ms) [23:51:33] [Server thread/INFO]: Percentiles: P50: 6,8ms P95: 9,2ms P99: 11,6ms, sample: 100"
"without-umce","1","2026-09-26T21:51:33.8685340+00:00",,"10","0","0","0","0","0","False","15","7","6,8","9,2","11,6","100","57,000043046432516","32,33563967778941","1472798720","[23:51:33] [Server thread/INFO]: The game is running normally [23:51:33] [Server thread/INFO]: Target tick rate: 20,0 per second. Average time per tick: 7,0ms (Target: 50,0ms) [23:51:33] [Server thread/INFO]: Percentiles: P50: 6,8ms P95: 9,2ms P99: 11,6ms, sample: 100"
"without-umce","1","2026-09-26T21:51:34.0055459+00:00",,"10","0","0","0","0","0","False","15","7","6,9","9,2","11,6","100","12,733273571836037","32,33563967778941","1472798720","[23:51:34] [Server thread/INFO]: The game is running normally [23:51:34] [Server thread/INFO]: Target tick rate: 20,0 per second. Average time per tick: 7,0ms (Target: 50,0ms) [23:51:34] [Server thread/INFO]: Percentiles: P50: 6,9ms P95: 9,2ms P99: 11,6ms, sample: 100"
"without-umce","1","2026-09-26T21:51:34.1282716+00:00",,"10","0","0","0","0","0","False","15","7","6,8","9,2","11,6","100","25,43982402968441","32,33563967778941","1472798720","[23:51:34] [Server thread/INFO]: The game is running normally [23:51:34] [Server thread/INFO]: Target tick rate: 20,0 per second. Average time per tick: 7,0ms (Target: 50,0ms) [23:51:34] [Server thread/INFO]: Percentiles: P50: 6,8ms P95: 9,2ms P99: 11,6ms, sample: 100"
"without-umce","1","2026-09-26T21:51:34.2510855+00:00",,"10","0","0","0","0","0","False","15","7","6,8","8,9","11,6","100","0","32,33563967778941","1472798720","[23:51:34] [Server thread/INFO]: The game is running normally [23:51:34] [Server thread/INFO]: Target tick rate: 20,0 per second. Average time per tick: 7,0ms (Target: 50,0ms) [23:51:34] [Server thread/INFO]: Percentiles: P50: 6,8ms P95: 8,9ms P99: 11,6ms, sample: 100"
"without-umce","1","2026-09-26T21:51:34.3724544+00:00",,"10","0","0","0","0","0","False","15","7","6,8","9,2","11,6","100","38,5020070326226","32,33563967778941","1472798720","[23:51:34] [Server thread/INFO]: The game is running normally [23:51:34] [Server thread/INFO]: Target tick rate: 20,0 per second. Average time per tick: 7,0ms (Target: 50,0ms) [23:51:34] [Server thread/INFO]: Percentiles: P50: 6,8ms P95: 9,2ms P99: 11,6ms, sample: 100"
"without-umce","1","2026-09-26T21:51:34.4941949+00:00",,"10","0","0","0","0","0","False","15","7","6,7","9,2","11,6","100","0","32,33563967778941","1472798720","[23:51:34] [Server thread/INFO]: The game is running normally [23:51:34] [Server thread/INFO]: Target tick rate: 20,0 per second. Average time per tick: 7,0ms (Target: 50,0ms) [23:51:34] [Server thread/INFO]: Percentiles: P50: 6,7ms P95: 9,2ms P99: 11,6ms, sample: 100"
"without-umce","1","2026-09-26T21:51:34.6171018+00:00",,"10","0","0","0","0","0","False","15","7","6,7","9,2","11,6","100","34,354124143895234","32,33563967778941","1472798720","[23:51:34] [Server thread/INFO]: The game is running normally [23:51:34] [Server thread/INFO]: Target tick rate: 20,0 per second. Average time per tick: 7,0ms (Target: 50,0ms) [23:51:34] [Server thread/INFO]: Percentiles: P50: 6,7ms P95: 9,2ms P99: 11,6ms, sample: 100"
"without-umce","1","2026-09-26T21:51:34.7535320+00:00",,"10","0","0","0","0","0","False","15","7","6,7","9,2","11,6","100","37,95024166713894","32,33563967778941","1472798720","[23:51:34] [Server thread/INFO]: The game is running normally [23:51:34] [Server thread/INFO]: Target tick rate: 20,0 per second. Average time per tick: 7,0ms (Target: 50,0ms) [23:51:34] [Server thread/INFO]: Percentiles: P50: 6,7ms P95: 9,2ms P99: 11,6ms, sample: 100"
"without-umce","1","2026-09-26T21:51:34.8770655+00:00",,"10","0","0","0","0","0","False","15","7","6,7","9,2","11,6","100","12,960964478247561","32,33563967778941","1472798720","[23:51:34] [Server thread/INFO]: The game is running normally [23:51:34] [Server thread/INFO]: Target tick rate: 20,0 per second. Average time per tick: 7,0ms (Target: 50,0ms) [23:51:34] [Server thread/INFO]: Percentiles: P50: 6,7ms P95: 9,2ms P99: 11,6ms, sample: 100"
"without-umce","1","2026-09-26T21:51:34.9976241+00:00",,"10","0","0","0","0","0","False","15","6,9","6,7","8,7","11,6","100","0","32,33563967778941","1472798720","[23:51:35] [Server thread/INFO]: The game is running normally [23:51:35] [Server thread/INFO]: Target tick rate: 20,0 per second. Average time per tick: 6,9ms (Target: 50,0ms) [23:51:35] [Server thread/INFO]: Percentiles: P50: 6,7ms P95: 8,7ms P99: 11,6ms, sample: 100"
"without-umce","1","2026-09-26T21:51:35.1236728+00:00",,"10","0","0","0","0","0","False","15","6,9","6,7","8,7","11,6","100","25,57172233937481","32,33563967778941","1472798720","[23:51:35] [Server thread/INFO]: The game is running normally [23:51:35] [Server thread/INFO]: Target tick rate: 20,0 per second. Average time per tick: 6,9ms (Target: 50,0ms) [23:51:35] [Server thread/INFO]: Percentiles: P50: 6,7ms P95: 8,7ms P99: 11,6ms, sample: 100"
"without-umce","1","2026-09-26T21:51:35.2459274+00:00",,"10","0","0","0","0","0","False","15","6,9","6,7","8,7","11,6","100","0","32,33563967778941","1472798720","[23:51:35] [Server thread/INFO]: The game is running normally [23:51:35] [Server thread/INFO]: Target tick rate: 20,0 per second. Average time per tick: 6,9ms (Target: 50,0ms) [23:51:35] [Server thread/INFO]: Percentiles: P50: 6,7ms P95: 8,7ms P99: 11,6ms, sample: 100"
"without-umce","1","2026-09-26T21:51:35.3710029+00:00",,"10","0","0","0","0","0","False","15","6,9","6,7","8,7","11,6","100","38,599499009382455","32,33563967778941","1472798720","[23:51:35] [Server thread/INFO]: The game is running normally [23:51:35] [Server thread/INFO]: Target tick rate: 20,0 per second. Average time per tick: 6,9ms (Target: 50,0ms) [23:51:35] [Server thread/INFO]: Percentiles: P50: 6,7ms P95: 8,7ms P99: 11,6ms, sample: 100"
"with-umce","1","2026-09-26T21:52:20.8710380+00:00","1eb50fb702881358824526c667271024104dd5c27a9cd35da157bce789abdbb9","10","0","0","0","0","0","False","15","7,1","6,9","9,8","12,9","100","200,93717096538253","42,66884339144654","1462292480","[23:52:20] [Server thread/INFO]: The game is running normally [23:52:20] [Server thread/INFO]: Target tick rate: 20,0 per second. Average time per tick: 7,1ms (Target: 50,0ms) [23:52:20] [Server thread/INFO]: Percentiles: P50: 6,9ms P95: 9,8ms P99: 12,9ms, sample: 100"
"with-umce","1","2026-09-26T21:52:21.0014768+00:00","1eb50fb702881358824526c667271024104dd5c27a9cd35da157bce789abdbb9","10","0","0","0","0","0","False","15","7,2","7,1","10,1","14,4","100","64,519832054361","42,66884339144654","1462292480","[23:52:21] [Server thread/INFO]: The game is running normally [23:52:21] [Server thread/INFO]: Target tick rate: 20,0 per second. Average time per tick: 7,2ms (Target: 50,0ms) [23:52:21] [Server thread/INFO]: Percentiles: P50: 7,1ms P95: 10,1ms P99: 14,4ms, sample: 100"
"with-umce","1","2026-09-26T21:52:21.1166351+00:00","1eb50fb702881358824526c667271024104dd5c27a9cd35da157bce789abdbb9","10","0","0","0","0","0","False","15","7,3","7,1","10,6","14,4","100","90,04187307265371","42,66884339144654","1462292480","[23:52:21] [Server thread/INFO]: The game is running normally [23:52:21] [Server thread/INFO]: Target tick rate: 20,0 per second. Average time per tick: 7,3ms (Target: 50,0ms) [23:52:21] [Server thread/INFO]: Percentiles: P50: 7,1ms P95: 10,6ms P99: 14,4ms, sample: 100"
"with-umce","1","2026-09-26T21:52:21.2554658+00:00","1eb50fb702881358824526c667271024104dd5c27a9cd35da157bce789abdbb9","10","0","0","0","0","0","False","15","7,2","7,1","10,6","14,4","100","37,981237471255795","42,66884339144654","1462292480","[23:52:21] [Server thread/INFO]: The game is running normally [23:52:21] [Server thread/INFO]: Target tick rate: 20,0 per second. Average time per tick: 7,2ms (Target: 50,0ms) [23:52:21] [Server thread/INFO]: Percentiles: P50: 7,1ms P95: 10,6ms P99: 14,4ms, sample: 100"
"with-umce","1","2026-09-26T21:52:21.3788495+00:00","1eb50fb702881358824526c667271024104dd5c27a9cd35da157bce789abdbb9","10","0","0","0","0","0","False","15","7,3","7,1","10,6","14,4","100","62,53812323992706","42,66884339144654","1462292480","[23:52:21] [Server thread/INFO]: The game is running normally [23:52:21] [Server thread/INFO]: Target tick rate: 20,0 per second. Average time per tick: 7,3ms (Target: 50,0ms) [23:52:21] [Server thread/INFO]: Percentiles: P50: 7,1ms P95: 10,6ms P99: 14,4ms, sample: 100"
"with-umce","1","2026-09-26T21:52:21.5037864+00:00","1eb50fb702881358824526c667271024104dd5c27a9cd35da157bce789abdbb9","10","0","0","0","0","0","False","15","7,3","7,1","10,6","14,4","100","12,685131888838463","42,66884339144654","1462292480","[23:52:21] [Server thread/INFO]: The game is running normally [23:52:21] [Server thread/INFO]: Target tick rate: 20,0 per second. Average time per tick: 7,3ms (Target: 50,0ms) [23:52:21] [Server thread/INFO]: Percentiles: P50: 7,1ms P95: 10,6ms P99: 14,4ms, sample: 100"
"with-umce","1","2026-09-26T21:52:21.6269695+00:00","1eb50fb702881358824526c667271024104dd5c27a9cd35da157bce789abdbb9","10","0","0","0","0","0","False","15","7,3","7,1","10,6","14,4","100","12,721247944246333","42,66884339144654","1462292480","[23:52:21] [Server thread/INFO]: The game is running normally [23:52:21] [Server thread/INFO]: Target tick rate: 20,0 per second. Average time per tick: 7,3ms (Target: 50,0ms) [23:52:21] [Server thread/INFO]: Percentiles: P50: 7,1ms P95: 10,6ms P99: 14,4ms, sample: 100"
"with-umce","1","2026-09-26T21:52:21.7497974+00:00","1eb50fb702881358824526c667271024104dd5c27a9cd35da157bce789abdbb9","10","0","0","0","0","0","False","15","7,3","7,1","10,6","14,4","100","12,547691264959859","42,66884339144654","1462292480","[23:52:21] [Server thread/INFO]: The game is running normally [23:52:21] [Server thread/INFO]: Target tick rate: 20,0 per second. Average time per tick: 7,3ms (Target: 50,0ms) [23:52:21] [Server thread/INFO]: Percentiles: P50: 7,1ms P95: 10,6ms P99: 14,4ms, sample: 100"
"with-umce","1","2026-09-26T21:52:21.8743157+00:00","1eb50fb702881358824526c667271024104dd5c27a9cd35da157bce789abdbb9","10","0","0","0","0","0","False","15","7,3","7,1","10,6","14,4","100","25,331313313084497","42,66884339144654","1462292480","[23:52:21] [Server thread/INFO]: The game is running normally [23:52:21] [Server thread/INFO]: Target tick rate: 20,0 per second. Average time per tick: 7,3ms (Target: 50,0ms) [23:52:21] [Server thread/INFO]: Percentiles: P50: 7,1ms P95: 10,6ms P99: 14,4ms, sample: 100"
"with-umce","1","2026-09-26T21:52:21.9976664+00:00","1eb50fb702881358824526c667271024104dd5c27a9cd35da157bce789abdbb9","10","0","0","0","0","0","False","15","7,3","7,1","10,6","14,4","100","25,307106802469328","42,66884339144654","1462292480","[23:52:22] [Server thread/INFO]: The game is running normally [23:52:22] [Server thread/INFO]: Target tick rate: 20,0 per second. Average time per tick: 7,3ms (Target: 50,0ms) [23:52:22] [Server thread/INFO]: Percentiles: P50: 7,1ms P95: 10,6ms P99: 14,4ms, sample: 100"
"with-umce","1","2026-09-26T21:52:22.1211590+00:00","1eb50fb702881358824526c667271024104dd5c27a9cd35da157bce789abdbb9","10","0","0","0","0","0","False","15","7,3","7,1","10,6","14,4","100","50,307641288004405","42,66884339144654","1462292480","[23:52:22] [Server thread/INFO]: The game is running normally [23:52:22] [Server thread/INFO]: Target tick rate: 20,0 per second. Average time per tick: 7,3ms (Target: 50,0ms) [23:52:22] [Server thread/INFO]: Percentiles: P50: 7,1ms P95: 10,6ms P99: 14,4ms, sample: 100"
"with-umce","1","2026-09-26T21:52:22.2453855+00:00","1eb50fb702881358824526c667271024104dd5c27a9cd35da157bce789abdbb9","10","0","0","0","0","0","False","15","7,4","7,1","10,6","14,4","100","25,130073259189565","42,66884339144654","1462292480","[23:52:22] [Server thread/INFO]: The game is running normally [23:52:22] [Server thread/INFO]: Target tick rate: 20,0 per second. Average time per tick: 7,4ms (Target: 50,0ms) [23:52:22] [Server thread/INFO]: Percentiles: P50: 7,1ms P95: 10,6ms P99: 14,4ms, sample: 100"
"with-umce","1","2026-09-26T21:52:22.3697706+00:00","1eb50fb702881358824526c667271024104dd5c27a9cd35da157bce789abdbb9","10","0","0","0","0","0","False","15","7,4","7,1","10,6","14,4","100","25,559675093589306","42,66884339144654","1462292480","[23:52:22] [Server thread/INFO]: The game is running normally [23:52:22] [Server thread/INFO]: Target tick rate: 20,0 per second. Average time per tick: 7,4ms (Target: 50,0ms) [23:52:22] [Server thread/INFO]: Percentiles: P50: 7,1ms P95: 10,6ms P99: 14,4ms, sample: 100"
"with-umce","1","2026-09-26T21:52:22.4920022+00:00","1eb50fb702881358824526c667271024104dd5c27a9cd35da157bce789abdbb9","10","0","0","0","0","0","False","15","7,4","7,1","10,6","14,4","100","12,587325831689933","42,66884339144654","1462292480","[23:52:22] [Server thread/INFO]: The game is running normally [23:52:22] [Server thread/INFO]: Target tick rate: 20,0 per second. Average time per tick: 7,4ms (Target: 50,0ms) [23:52:22] [Server thread/INFO]: Percentiles: P50: 7,1ms P95: 10,6ms P99: 14,4ms, sample: 100"
"with-umce","1","2026-09-26T21:52:22.6161606+00:00","1eb50fb702881358824526c667271024104dd5c27a9cd35da157bce789abdbb9","10","0","0","0","0","0","False","15","7,4","7,2","10,6","14,4","100","56,18264375205854","42,66884339144654","1462292480","[23:52:22] [Server thread/INFO]: The game is running normally [23:52:22] [Server thread/INFO]: Target tick rate: 20,0 per second. Average time per tick: 7,4ms (Target: 50,0ms) [23:52:22] [Server thread/INFO]: Percentiles: P50: 7,2ms P95: 10,6ms P99: 14,4ms, sample: 100"
"with-umce","1","2026-09-26T21:52:22.7551850+00:00","1eb50fb702881358824526c667271024104dd5c27a9cd35da157bce789abdbb9","10","0","0","0","0","0","False","15","7,4","7,2","10,6","14,4","100","0","42,66884339144654","1462292480","[23:52:22] [Server thread/INFO]: The game is running normally [23:52:22] [Server thread/INFO]: Target tick rate: 20,0 per second. Average time per tick: 7,4ms (Target: 50,0ms) [23:52:22] [Server thread/INFO]: Percentiles: P50: 7,2ms P95: 10,6ms P99: 14,4ms, sample: 100"
"with-umce","1","2026-09-26T21:52:22.8772421+00:00","1eb50fb702881358824526c667271024104dd5c27a9cd35da157bce789abdbb9","10","0","0","0","0","0","False","15","7,5","7,2","10,8","14,4","100","136,05703352524466","42,66884339144654","1462292480","[23:52:22] [Server thread/INFO]: The game is running normally [23:52:22] [Server thread/INFO]: Target tick rate: 20,0 per second. Average time per tick: 7,5ms (Target: 50,0ms) [23:52:22] [Server thread/INFO]: Percentiles: P50: 7,2ms P95: 10,8ms P99: 14,4ms, sample: 100"
"with-umce","1","2026-09-26T21:52:23.0035516+00:00","1eb50fb702881358824526c667271024104dd5c27a9cd35da157bce789abdbb9","10","0","0","0","0","0","False","15","7,6","7,3","11","15,8","100","128,08342924220514","42,66884339144654","1462292480","[23:52:23] [Server thread/INFO]: The game is running normally [23:52:23] [Server thread/INFO]: Target tick rate: 20,0 per second. Average time per tick: 7,6ms (Target: 50,0ms) [23:52:23] [Server thread/INFO]: Percentiles: P50: 7,3ms P95: 11,0ms P99: 15,8ms, sample: 100"
"with-umce","1","2026-09-26T21:52:23.1255225+00:00","1eb50fb702881358824526c667271024104dd5c27a9cd35da157bce789abdbb9","10","0","0","0","0","0","False","15","7,6","7,4","11","15,8","100","76,46070531432485","42,66884339144654","1462292480","[23:52:23] [Server thread/INFO]: The game is running normally [23:52:23] [Server thread/INFO]: Target tick rate: 20,0 per second. Average time per tick: 7,6ms (Target: 50,0ms) [23:52:23] [Server thread/INFO]: Percentiles: P50: 7,4ms P95: 11,0ms P99: 15,8ms, sample: 100"
"with-umce","1","2026-09-26T21:52:23.2481742+00:00","1eb50fb702881358824526c667271024104dd5c27a9cd35da157bce789abdbb9","10","0","0","0","0","0","False","15","7,7","7,4","11","15,8","100","12,61557888753605","42,66884339144654","1462292480","[23:52:23] [Server thread/INFO]: The game is running normally [23:52:23] [Server thread/INFO]: Target tick rate: 20,0 per second. Average time per tick: 7,7ms (Target: 50,0ms) [23:52:23] [Server thread/INFO]: Percentiles: P50: 7,4ms P95: 11,0ms P99: 15,8ms, sample: 100"
"with-umce","1","2026-09-26T21:52:23.3720037+00:00","1eb50fb702881358824526c667271024104dd5c27a9cd35da157bce789abdbb9","10","0","0","0","0","0","False","15","7,7","7,4","11","15,8","100","38,052985992442174","42,66884339144654","1462292480","[23:52:23] [Server thread/INFO]: The game is running normally [23:52:23] [Server thread/INFO]: Target tick rate: 20,0 per second. Average time per tick: 7,7ms (Target: 50,0ms) [23:52:23] [Server thread/INFO]: Percentiles: P50: 7,4ms P95: 11,0ms P99: 15,8ms, sample: 100"
"with-umce","1","2026-09-26T21:52:23.4952052+00:00","1eb50fb702881358824526c667271024104dd5c27a9cd35da157bce789abdbb9","10","0","0","0","0","0","False","15","7,7","7,4","11","15,8","100","38,37689673974447","42,66884339144654","1462292480","[23:52:23] [Server thread/INFO]: The game is running normally [23:52:23] [Server thread/INFO]: Target tick rate: 20,0 per second. Average time per tick: 7,7ms (Target: 50,0ms) [23:52:23] [Server thread/INFO]: Percentiles: P50: 7,4ms P95: 11,0ms P99: 15,8ms, sample: 100"
"with-umce","1","2026-09-26T21:52:23.6173314+00:00","1eb50fb702881358824526c667271024104dd5c27a9cd35da157bce789abdbb9","10","0","0","0","0","0","False","15","7,8","7,5","12,8","15,8","100","50,468060984797404","42,66884339144654","1462292480","[23:52:23] [Server thread/INFO]: The game is running normally [23:52:23] [Server thread/INFO]: Target tick rate: 20,0 per second. Average time per tick: 7,8ms (Target: 50,0ms) [23:52:23] [Server thread/INFO]: Percentiles: P50: 7,5ms P95: 12,8ms P99: 15,8ms, sample: 100"
"with-umce","1","2026-09-26T21:52:23.7411679+00:00","1eb50fb702881358824526c667271024104dd5c27a9cd35da157bce789abdbb9","10","0","0","0","0","0","False","15","7,9","7,6","12,8","15,8","100","56,44392778934151","42,66884339144654","1462292480","[23:52:23] [Server thread/INFO]: The game is running normally [23:52:23] [Server thread/INFO]: Target tick rate: 20,0 per second. Average time per tick: 7,9ms (Target: 50,0ms) [23:52:23] [Server thread/INFO]: Percentiles: P50: 7,6ms P95: 12,8ms P99: 15,8ms, sample: 100"
"with-umce","1","2026-09-26T21:52:23.8796101+00:00","1eb50fb702881358824526c667271024104dd5c27a9cd35da157bce789abdbb9","10","0","0","0","0","0","False","15","8","7,7","12,9","15,8","100","63,85573385665746","42,66884339144654","1462292480","[23:52:23] [Server thread/INFO]: The game is running normally [23:52:23] [Server thread/INFO]: Target tick rate: 20,0 per second. Average time per tick: 8,0ms (Target: 50,0ms) [23:52:23] [Server thread/INFO]: Percentiles: P50: 7,7ms P95: 12,9ms P99: 15,8ms, sample: 100"
"with-umce","1","2026-09-26T21:52:24.0019405+00:00","1eb50fb702881358824526c667271024104dd5c27a9cd35da157bce789abdbb9","10","0","0","0","0","0","False","15","8","7,7","12,9","15,8","100","25,636440004987826","42,66884339144654","1462292480","[23:52:24] [Server thread/INFO]: The game is running normally [23:52:24] [Server thread/INFO]: Target tick rate: 20,0 per second. Average time per tick: 8,0ms (Target: 50,0ms) [23:52:24] [Server thread/INFO]: Percentiles: P50: 7,7ms P95: 12,9ms P99: 15,8ms, sample: 100"
"with-umce","1","2026-09-26T21:52:24.1238420+00:00","1eb50fb702881358824526c667271024104dd5c27a9cd35da157bce789abdbb9","10","0","0","0","0","0","False","15","8,1","7,9","12,9","15,8","100","38,08798710980634","42,66884339144654","1462292480","[23:52:24] [Server thread/INFO]: The game is running normally [23:52:24] [Server thread/INFO]: Target tick rate: 20,0 per second. Average time per tick: 8,1ms (Target: 50,0ms) [23:52:24] [Server thread/INFO]: Percentiles: P50: 7,9ms P95: 12,9ms P99: 15,8ms, sample: 100"
"with-umce","1","2026-09-26T21:52:24.2468962+00:00","1eb50fb702881358824526c667271024104dd5c27a9cd35da157bce789abdbb9","10","0","0","0","0","0","False","15","8,1","7,9","12,9","15,8","100","25,41067720064596","42,66884339144654","1462292480","[23:52:24] [Server thread/INFO]: The game is running normally [23:52:24] [Server thread/INFO]: Target tick rate: 20,0 per second. Average time per tick: 8,1ms (Target: 50,0ms) [23:52:24] [Server thread/INFO]: Percentiles: P50: 7,9ms P95: 12,9ms P99: 15,8ms, sample: 100"
"with-umce","1","2026-09-26T21:52:24.3704050+00:00","1eb50fb702881358824526c667271024104dd5c27a9cd35da157bce789abdbb9","10","0","0","0","0","0","False","15","8,2","8","12,9","15,8","100","63,40249649612444","42,66884339144654","1462292480","[23:52:24] [Server thread/INFO]: The game is running normally [23:52:24] [Server thread/INFO]: Target tick rate: 20,0 per second. Average time per tick: 8,2ms (Target: 50,0ms) [23:52:24] [Server thread/INFO]: Percentiles: P50: 8,0ms P95: 12,9ms P99: 15,8ms, sample: 100"
"with-umce","1","2026-09-26T21:52:24.4930965+00:00","1eb50fb702881358824526c667271024104dd5c27a9cd35da157bce789abdbb9","10","0","0","0","0","0","False","15","8,2","8","12,9","15,8","100","25,354249575062777","42,66884339144654","1462292480","[23:52:24] [Server thread/INFO]: The game is running normally [23:52:24] [Server thread/INFO]: Target tick rate: 20,0 per second. Average time per tick: 8,2ms (Target: 50,0ms) [23:52:24] [Server thread/INFO]: Percentiles: P50: 8,0ms P95: 12,9ms P99: 15,8ms, sample: 100"
"with-umce","1","2026-09-26T21:52:24.6163357+00:00","1eb50fb702881358824526c667271024104dd5c27a9cd35da157bce789abdbb9","10","0","0","0","0","0","False","15","8,3","8","12,9","15,8","100","79,4993738175036","42,66884339144654","1462292480","[23:52:24] [Server thread/INFO]: The game is running normally [23:52:24] [Server thread/INFO]: Target tick rate: 20,0 per second. Average time per tick: 8,3ms (Target: 50,0ms) [23:52:24] [Server thread/INFO]: Percentiles: P50: 8,0ms P95: 12,9ms P99: 15,8ms, sample: 100"
"with-umce","1","2026-09-26T21:52:24.7539274+00:00","1eb50fb702881358824526c667271024104dd5c27a9cd35da157bce789abdbb9","10","0","0","0","0","0","False","15","8,3","8","12,9","15,8","100","12,621846255007338","42,66884339144654","1462292480","[23:52:24] [Server thread/INFO]: The game is running normally [23:52:24] [Server thread/INFO]: Target tick rate: 20,0 per second. Average time per tick: 8,3ms (Target: 50,0ms) [23:52:24] [Server thread/INFO]: Percentiles: P50: 8,0ms P95: 12,9ms P99: 15,8ms, sample: 100"
"with-umce","1","2026-09-26T21:52:24.8777079+00:00","1eb50fb702881358824526c667271024104dd5c27a9cd35da157bce789abdbb9","10","0","0","0","0","0","False","15","8,3","8","12,9","15,8","100","25,604407399305035","42,66884339144654","1462292480","[23:52:24] [Server thread/INFO]: The game is running normally [23:52:24] [Server thread/INFO]: Target tick rate: 20,0 per second. Average time per tick: 8,3ms (Target: 50,0ms) [23:52:24] [Server thread/INFO]: Percentiles: P50: 8,0ms P95: 12,9ms P99: 15,8ms, sample: 100"
"with-umce","1","2026-09-26T21:52:24.9997714+00:00","1eb50fb702881358824526c667271024104dd5c27a9cd35da157bce789abdbb9","10","0","0","0","0","0","False","15","8,3","8,1","12,9","15,8","100","37,99829443388823","42,66884339144654","1462292480","[23:52:25] [Server thread/INFO]: The game is running normally [23:52:25] [Server thread/INFO]: Target tick rate: 20,0 per second. Average time per tick: 8,3ms (Target: 50,0ms) [23:52:25] [Server thread/INFO]: Percentiles: P50: 8,1ms P95: 12,9ms P99: 15,8ms, sample: 100"
"with-umce","1","2026-09-26T21:52:25.1231325+00:00","1eb50fb702881358824526c667271024104dd5c27a9cd35da157bce789abdbb9","10","0","0","0","0","0","False","15","8,3","8,1","12,9","15,8","100","51,10814729286277","42,66884339144654","1462292480","[23:52:25] [Server thread/INFO]: The game is running normally [23:52:25] [Server thread/INFO]: Target tick rate: 20,0 per second. Average time per tick: 8,3ms (Target: 50,0ms) [23:52:25] [Server thread/INFO]: Percentiles: P50: 8,1ms P95: 12,9ms P99: 15,8ms, sample: 100"
"with-umce","1","2026-09-26T21:52:25.2454147+00:00","1eb50fb702881358824526c667271024104dd5c27a9cd35da157bce789abdbb9","10","0","0","0","0","0","False","15","8,5","8,1","13","15,8","100","64,05604955580974","42,66884339144654","1462292480","[23:52:25] [Server thread/INFO]: The game is running normally [23:52:25] [Server thread/INFO]: Target tick rate: 20,0 per second. Average time per tick: 8,5ms (Target: 50,0ms) [23:52:25] [Server thread/INFO]: Percentiles: P50: 8,1ms P95: 13,0ms P99: 15,8ms, sample: 100"
"with-umce","1","2026-09-26T21:52:25.3673888+00:00","1eb50fb702881358824526c667271024104dd5c27a9cd35da157bce789abdbb9","10","0","0","0","0","0","False","15","8,6","8,2","13","15,8","100","67,77036580816974","42,66884339144654","1462292480","[23:52:25] [Server thread/INFO]: The game is running normally [23:52:25] [Server thread/INFO]: Target tick rate: 20,0 per second. Average time per tick: 8,6ms (Target: 50,0ms) [23:52:25] [Server thread/INFO]: Percentiles: P50: 8,2ms P95: 13,0ms P99: 15,8ms, sample: 100"
"with-umce","1","2026-09-26T21:52:25.5057328+00:00","1eb50fb702881358824526c667271024104dd5c27a9cd35da157bce789abdbb9","10","0","0","0","0","0","False","15","8,6","8,2","13","15,8","100","0","42,66884339144654","1462292480","[23:52:25] [Server thread/INFO]: The game is running normally [23:52:25] [Server thread/INFO]: Target tick rate: 20,0 per second. Average time per tick: 8,6ms (Target: 50,0ms) [23:52:25] [Server thread/INFO]: Percentiles: P50: 8,2ms P95: 13,0ms P99: 15,8ms, sample: 100"
"with-umce","1","2026-09-26T21:52:25.6282896+00:00","1eb50fb702881358824526c667271024104dd5c27a9cd35da157bce789abdbb9","10","0","0","0","0","0","False","15","8,6","8,1","13","15,8","100","63,46878757352224","42,66884339144654","1462292480","[23:52:25] [Server thread/INFO]: The game is running normally [23:52:25] [Server thread/INFO]: Target tick rate: 20,0 per second. Average time per tick: 8,6ms (Target: 50,0ms) [23:52:25] [Server thread/INFO]: Percentiles: P50: 8,1ms P95: 13,0ms P99: 15,8ms, sample: 100"
"with-umce","1","2026-09-26T21:52:25.7513812+00:00","1eb50fb702881358824526c667271024104dd5c27a9cd35da157bce789abdbb9","10","0","0","0","0","0","False","15","8,6","8,1","13","15,8","100","12,679110182076078","42,66884339144654","1462292480","[23:52:25] [Server thread/INFO]: The game is running normally [23:52:25] [Server thread/INFO]: Target tick rate: 20,0 per second. Average time per tick: 8,6ms (Target: 50,0ms) [23:52:25] [Server thread/INFO]: Percentiles: P50: 8,1ms P95: 13,0ms P99: 15,8ms, sample: 100"
"with-umce","1","2026-09-26T21:52:25.8745965+00:00","1eb50fb702881358824526c667271024104dd5c27a9cd35da157bce789abdbb9","10","0","0","0","0","0","False","15","8,5","8,1","13","15,8","100","139,85607131988328","42,66884339144654","1462292480","[23:52:25] [Server thread/INFO]: The game is running normally [23:52:25] [Server thread/INFO]: Target tick rate: 20,0 per second. Average time per tick: 8,5ms (Target: 50,0ms) [23:52:25] [Server thread/INFO]: Percentiles: P50: 8,1ms P95: 13,0ms P99: 15,8ms, sample: 100"
"with-umce","1","2026-09-26T21:52:25.9975034+00:00","1eb50fb702881358824526c667271024104dd5c27a9cd35da157bce789abdbb9","10","0","0","0","0","0","False","15","8,4","8","12,8","15,8","100","37,71679614423707","42,66884339144654","1462292480","[23:52:26] [Server thread/INFO]: The game is running normally [23:52:26] [Server thread/INFO]: Target tick rate: 20,0 per second. Average time per tick: 8,4ms (Target: 50,0ms) [23:52:26] [Server thread/INFO]: Percentiles: P50: 8,0ms P95: 12,8ms P99: 15,8ms, sample: 100"
"with-umce","1","2026-09-26T21:52:26.1217932+00:00","1eb50fb702881358824526c667271024104dd5c27a9cd35da157bce789abdbb9","10","0","0","0","0","0","False","15","8,4","8,1","11,7","15,8","100","25,039923654274375","42,66884339144654","1462292480","[23:52:26] [Server thread/INFO]: The game is running normally [23:52:26] [Server thread/INFO]: Target tick rate: 20,0 per second. Average time per tick: 8,4ms (Target: 50,0ms) [23:52:26] [Server thread/INFO]: Percentiles: P50: 8,1ms P95: 11,7ms P99: 15,8ms, sample: 100"
"with-umce","1","2026-09-26T21:52:26.2466072+00:00","1eb50fb702881358824526c667271024104dd5c27a9cd35da157bce789abdbb9","10","0","0","0","0","0","False","15","8,4","8,1","11,7","15,8","100","12,782566297547056","42,66884339144654","1462292480","[23:52:26] [Server thread/INFO]: The game is running normally [23:52:26] [Server thread/INFO]: Target tick rate: 20,0 per second. Average time per tick: 8,4ms (Target: 50,0ms) [23:52:26] [Server thread/INFO]: Percentiles: P50: 8,1ms P95: 11,7ms P99: 15,8ms, sample: 100"
"with-umce","1","2026-09-26T21:52:26.3688325+00:00","1eb50fb702881358824526c667271024104dd5c27a9cd35da157bce789abdbb9","10","0","0","0","0","0","False","15","8,5","8,1","11,7","15,8","100","38,038194810738176","42,66884339144654","1462292480","[23:52:26] [Server thread/INFO]: The game is running normally [23:52:26] [Server thread/INFO]: Target tick rate: 20,0 per second. Average time per tick: 8,5ms (Target: 50,0ms) [23:52:26] [Server thread/INFO]: Percentiles: P50: 8,1ms P95: 11,7ms P99: 15,8ms, sample: 100"
"with-umce","1","2026-09-26T21:52:26.4920703+00:00","1eb50fb702881358824526c667271024104dd5c27a9cd35da157bce789abdbb9","10","0","0","0","0","0","False","15","8,4","8","11,7","15,8","100","67,2690626172724","42,66884339144654","1462292480","[23:52:26] [Server thread/INFO]: The game is running normally [23:52:26] [Server thread/INFO]: Target tick rate: 20,0 per second. Average time per tick: 8,4ms (Target: 50,0ms) [23:52:26] [Server thread/INFO]: Percentiles: P50: 8,0ms P95: 11,7ms P99: 15,8ms, sample: 100"
"with-umce","1","2026-09-26T21:52:26.6314196+00:00","1eb50fb702881358824526c667271024104dd5c27a9cd35da157bce789abdbb9","10","0","0","0","0","0","False","15","8,4","8","11,7","15,8","100","62,933739331472516","42,66884339144654","1462292480","[23:52:26] [Server thread/INFO]: The game is running normally [23:52:26] [Server thread/INFO]: Target tick rate: 20,0 per second. Average time per tick: 8,4ms (Target: 50,0ms) [23:52:26] [Server thread/INFO]: Percentiles: P50: 8,0ms P95: 11,7ms P99: 15,8ms, sample: 100"
"with-umce","1","2026-09-26T21:52:26.7555834+00:00","1eb50fb702881358824526c667271024104dd5c27a9cd35da157bce789abdbb9","10","0","0","0","0","0","False","15","8,5","8,1","11,7","15,8","100","0","42,66884339144654","1462292480","[23:52:26] [Server thread/INFO]: The game is running normally [23:52:26] [Server thread/INFO]: Target tick rate: 20,0 per second. Average time per tick: 8,5ms (Target: 50,0ms) [23:52:26] [Server thread/INFO]: Percentiles: P50: 8,1ms P95: 11,7ms P99: 15,8ms, sample: 100"
"with-umce","1","2026-09-26T21:52:26.8790342+00:00","1eb50fb702881358824526c667271024104dd5c27a9cd35da157bce789abdbb9","10","0","0","0","0","0","False","15","8,5","8,1","11,9","15,8","100","100,5161706394678","42,66884339144654","1462292480","[23:52:26] [Server thread/INFO]: The game is running normally [23:52:26] [Server thread/INFO]: Target tick rate: 20,0 per second. Average time per tick: 8,5ms (Target: 50,0ms) [23:52:26] [Server thread/INFO]: Percentiles: P50: 8,1ms P95: 11,9ms P99: 15,8ms, sample: 100"
"with-umce","1","2026-09-26T21:52:27.0028916+00:00","1eb50fb702881358824526c667271024104dd5c27a9cd35da157bce789abdbb9","10","0","0","0","0","0","False","15","8,6","8,1","11,9","15,8","100","0","42,66884339144654","1462292480","[23:52:27] [Server thread/INFO]: The game is running normally [23:52:27] [Server thread/INFO]: Target tick rate: 20,0 per second. Average time per tick: 8,6ms (Target: 50,0ms) [23:52:27] [Server thread/INFO]: Percentiles: P50: 8,1ms P95: 11,9ms P99: 15,8ms, sample: 100"
"with-umce","1","2026-09-26T21:52:27.1269590+00:00","1eb50fb702881358824526c667271024104dd5c27a9cd35da157bce789abdbb9","10","0","0","0","0","0","False","15","8,6","8,1","11,9","15,8","100","51,12528803987282","42,66884339144654","1462292480","[23:52:27] [Server thread/INFO]: The game is running normally [23:52:27] [Server thread/INFO]: Target tick rate: 20,0 per second. Average time per tick: 8,6ms (Target: 50,0ms) [23:52:27] [Server thread/INFO]: Percentiles: P50: 8,1ms P95: 11,9ms P99: 15,8ms, sample: 100"
"with-umce","1","2026-09-26T21:52:27.2492409+00:00","1eb50fb702881358824526c667271024104dd5c27a9cd35da157bce789abdbb9","10","0","0","0","0","0","False","15","8,6","8,1","11,9","15,8","100","50,772266482099326","42,66884339144654","1462292480","[23:52:27] [Server thread/INFO]: The game is running normally [23:52:27] [Server thread/INFO]: Target tick rate: 20,0 per second. Average time per tick: 8,6ms (Target: 50,0ms) [23:52:27] [Server thread/INFO]: Percentiles: P50: 8,1ms P95: 11,9ms P99: 15,8ms, sample: 100"
"with-umce","1","2026-09-26T21:52:27.3723395+00:00","1eb50fb702881358824526c667271024104dd5c27a9cd35da157bce789abdbb9","10","0","0","0","0","0","False","15","8,7","8,1","11,9","15,8","100","51,193546828170696","42,66884339144654","1462292480","[23:52:27] [Server thread/INFO]: The game is running normally [23:52:27] [Server thread/INFO]: Target tick rate: 20,0 per second. Average time per tick: 8,7ms (Target: 50,0ms) [23:52:27] [Server thread/INFO]: Percentiles: P50: 8,1ms P95: 11,9ms P99: 15,8ms, sample: 100"
"with-umce","1","2026-09-26T21:52:27.4944164+00:00","1eb50fb702881358824526c667271024104dd5c27a9cd35da157bce789abdbb9","10","0","0","0","0","0","False","15","8,7","8,1","11,9","15,8","100","88,65470986505031","42,66884339144654","1462292480","[23:52:27] [Server thread/INFO]: The game is running normally [23:52:27] [Server thread/INFO]: Target tick rate: 20,0 per second. Average time per tick: 8,7ms (Target: 50,0ms) [23:52:27] [Server thread/INFO]: Percentiles: P50: 8,1ms P95: 11,9ms P99: 15,8ms, sample: 100"
"with-umce","1","2026-09-26T21:52:27.6178056+00:00","1eb50fb702881358824526c667271024104dd5c27a9cd35da157bce789abdbb9","10","0","0","0","0","0","False","15","8,6","8,1","11,9","15,8","100","125,76181476914556","42,66884339144654","1462292480","[23:52:27] [Server thread/INFO]: The game is running normally [23:52:27] [Server thread/INFO]: Target tick rate: 20,0 per second. Average time per tick: 8,6ms (Target: 50,0ms) [23:52:27] [Server thread/INFO]: Percentiles: P50: 8,1ms P95: 11,9ms P99: 15,8ms, sample: 100"
"with-umce","1","2026-09-26T21:52:27.7420556+00:00","1eb50fb702881358824526c667271024104dd5c27a9cd35da157bce789abdbb9","10","0","0","0","0","0","False","15","8,7","8,2","11,9","15,8","100","91,67892719519689","42,66884339144654","1462292480","[23:52:27] [Server thread/INFO]: The game is running normally [23:52:27] [Server thread/INFO]: Target tick rate: 20,0 per second. Average time per tick: 8,7ms (Target: 50,0ms) [23:52:27] [Server thread/INFO]: Percentiles: P50: 8,2ms P95: 11,9ms P99: 15,8ms, sample: 100"
"with-umce","1","2026-09-26T21:52:27.8784014+00:00","1eb50fb702881358824526c667271024104dd5c27a9cd35da157bce789abdbb9","10","0","0","0","0","0","False","15","8,6","8,2","11,9","15,8","100","38,12330071740936","42,66884339144654","1462292480","[23:52:27] [Server thread/INFO]: The game is running normally [23:52:27] [Server thread/INFO]: Target tick rate: 20,0 per second. Average time per tick: 8,6ms (Target: 50,0ms) [23:52:27] [Server thread/INFO]: Percentiles: P50: 8,2ms P95: 11,9ms P99: 15,8ms, sample: 100"
"with-umce","1","2026-09-26T21:52:28.0013311+00:00","1eb50fb702881358824526c667271024104dd5c27a9cd35da157bce789abdbb9","10","0","0","0","0","0","False","15","8,5","8,2","11,7","15,5","100","12,686625333303022","42,66884339144654","1462292480","[23:52:28] [Server thread/INFO]: The game is running normally [23:52:28] [Server thread/INFO]: Target tick rate: 20,0 per second. Average time per tick: 8,5ms (Target: 50,0ms) [23:52:28] [Server thread/INFO]: Percentiles: P50: 8,2ms P95: 11,7ms P99: 15,5ms, sample: 100"
"with-umce","1","2026-09-26T21:52:28.1244691+00:00","1eb50fb702881358824526c667271024104dd5c27a9cd35da157bce789abdbb9","10","0","0","0","0","0","False","15","8,5","8,1","11,7","15,5","100","25,420785172808465","42,66884339144654","1462292480","[23:52:28] [Server thread/INFO]: The game is running normally [23:52:28] [Server thread/INFO]: Target tick rate: 20,0 per second. Average time per tick: 8,5ms (Target: 50,0ms) [23:52:28] [Server thread/INFO]: Percentiles: P50: 8,1ms P95: 11,7ms P99: 15,5ms, sample: 100"
"with-umce","1","2026-09-26T21:52:28.2474373+00:00","1eb50fb702881358824526c667271024104dd5c27a9cd35da157bce789abdbb9","10","0","0","0","0","0","False","15","8,5","8,1","11,7","15,5","100","12,741247883933552","42,66884339144654","1462292480","[23:52:28] [Server thread/INFO]: The game is running normally [23:52:28] [Server thread/INFO]: Target tick rate: 20,0 per second. Average time per tick: 8,5ms (Target: 50,0ms) [23:52:28] [Server thread/INFO]: Percentiles: P50: 8,1ms P95: 11,7ms P99: 15,5ms, sample: 100"
"with-umce","1","2026-09-26T21:52:28.3700620+00:00","1eb50fb702881358824526c667271024104dd5c27a9cd35da157bce789abdbb9","10","0","0","0","0","0","False","15","8,5","8,2","11,7","15,5","100","12,7272060829936","42,66884339144654","1462292480","[23:52:28] [Server thread/INFO]: The game is running normally [23:52:28] [Server thread/INFO]: Target tick rate: 20,0 per second. Average time per tick: 8,5ms (Target: 50,0ms) [23:52:28] [Server thread/INFO]: Percentiles: P50: 8,2ms P95: 11,7ms P99: 15,5ms, sample: 100"
"with-umce","1","2026-09-26T21:52:28.4928237+00:00","1eb50fb702881358824526c667271024104dd5c27a9cd35da157bce789abdbb9","10","0","0","0","0","0","False","15","8,5","8,1","11,7","15,5","100","11,314158519869109","42,66884339144654","1462292480","[23:52:28] [Server thread/INFO]: The game is running normally [23:52:28] [Server thread/INFO]: Target tick rate: 20,0 per second. Average time per tick: 8,5ms (Target: 50,0ms) [23:52:28] [Server thread/INFO]: Percentiles: P50: 8,1ms P95: 11,7ms P99: 15,5ms, sample: 100"
"with-umce","1","2026-09-26T21:52:28.6309356+00:00","1eb50fb702881358824526c667271024104dd5c27a9cd35da157bce789abdbb9","10","0","0","0","0","0","False","15","8,4","8,1","11,2","15,5","100","76,17201306177367","42,66884339144654","1462292480","[23:52:28] [Server thread/INFO]: The game is running normally [23:52:28] [Server thread/INFO]: Target tick rate: 20,0 per second. Average time per tick: 8,4ms (Target: 50,0ms) [23:52:28] [Server thread/INFO]: Percentiles: P50: 8,1ms P95: 11,2ms P99: 15,5ms, sample: 100"
"with-umce","1","2026-09-26T21:52:28.7539973+00:00","1eb50fb702881358824526c667271024104dd5c27a9cd35da157bce789abdbb9","10","0","0","0","0","0","False","15","8,4","8,1","11,2","15,5","100","0","42,66884339144654","1462292480","[23:52:28] [Server thread/INFO]: The game is running normally [23:52:28] [Server thread/INFO]: Target tick rate: 20,0 per second. Average time per tick: 8,4ms (Target: 50,0ms) [23:52:28] [Server thread/INFO]: Percentiles: P50: 8,1ms P95: 11,2ms P99: 15,5ms, sample: 100"
"with-umce","1","2026-09-26T21:52:28.8762614+00:00","1eb50fb702881358824526c667271024104dd5c27a9cd35da157bce789abdbb9","10","0","0","0","0","0","False","15","8,3","8,1","10,9","15,4","100","63,439204738309726","42,66884339144654","1462292480","[23:52:28] [Server thread/INFO]: The game is running normally [23:52:28] [Server thread/INFO]: Target tick rate: 20,0 per second. Average time per tick: 8,3ms (Target: 50,0ms) [23:52:28] [Server thread/INFO]: Percentiles: P50: 8,1ms P95: 10,9ms P99: 15,4ms, sample: 100"
"with-umce","1","2026-09-26T21:52:28.9994032+00:00","1eb50fb702881358824526c667271024104dd5c27a9cd35da157bce789abdbb9","10","0","0","0","0","0","False","15","8,3","8","10,9","15,4","100","572,0542207736736","42,66884339144654","1462292480","[23:52:29] [Server thread/INFO]: The game is running normally [23:52:29] [Server thread/INFO]: Target tick rate: 20,0 per second. Average time per tick: 8,3ms (Target: 50,0ms) [23:52:29] [Server thread/INFO]: Percentiles: P50: 8,0ms P95: 10,9ms P99: 15,4ms, sample: 100"
"with-umce","1","2026-09-26T21:52:29.1223143+00:00","1eb50fb702881358824526c667271024104dd5c27a9cd35da157bce789abdbb9","10","0","0","0","0","0","False","15","8,3","8","11,2","15,4","100","127,26387155837769","42,66884339144654","1462292480","[23:52:29] [Server thread/INFO]: The game is running normally [23:52:29] [Server thread/INFO]: Target tick rate: 20,0 per second. Average time per tick: 8,3ms (Target: 50,0ms) [23:52:29] [Server thread/INFO]: Percentiles: P50: 8,0ms P95: 11,2ms P99: 15,4ms, sample: 100"
"with-umce","1","2026-09-26T21:52:29.2451021+00:00","1eb50fb702881358824526c667271024104dd5c27a9cd35da157bce789abdbb9","10","0","0","0","0","0","False","15","8,3","8","11,5","15,4","100","12,683649091931901","42,66884339144654","1462292480","[23:52:29] [Server thread/INFO]: The game is running normally [23:52:29] [Server thread/INFO]: Target tick rate: 20,0 per second. Average time per tick: 8,3ms (Target: 50,0ms) [23:52:29] [Server thread/INFO]: Percentiles: P50: 8,0ms P95: 11,5ms P99: 15,4ms, sample: 100"
"with-umce","1","2026-09-26T21:52:29.3682831+00:00","1eb50fb702881358824526c667271024104dd5c27a9cd35da157bce789abdbb9","10","0","0","0","0","0","False","15","8,3","7,9","11,5","15,4","100","67,92301912929572","42,66884339144654","1462292480","[23:52:29] [Server thread/INFO]: The game is running normally [23:52:29] [Server thread/INFO]: Target tick rate: 20,0 per second. Average time per tick: 8,3ms (Target: 50,0ms) [23:52:29] [Server thread/INFO]: Percentiles: P50: 7,9ms P95: 11,5ms P99: 15,4ms, sample: 100"
"with-umce","1","2026-09-26T21:52:29.5062978+00:00","1eb50fb702881358824526c667271024104dd5c27a9cd35da157bce789abdbb9","10","0","0","0","0","0","False","15","8,3","7,9","11,5","15,4","100","50,585333005270584","42,66884339144654","1462292480","[23:52:29] [Server thread/INFO]: The game is running normally [23:52:29] [Server thread/INFO]: Target tick rate: 20,0 per second. Average time per tick: 8,3ms (Target: 50,0ms) [23:52:29] [Server thread/INFO]: Percentiles: P50: 7,9ms P95: 11,5ms P99: 15,4ms, sample: 100"
"with-umce","1","2026-09-26T21:52:29.6298947+00:00","1eb50fb702881358824526c667271024104dd5c27a9cd35da157bce789abdbb9","10","0","0","0","0","0","False","15","8,3","7,9","11,5","15,4","100","63,399049237426084","42,66884339144654","1462292480","[23:52:29] [Server thread/INFO]: The game is running normally [23:52:29] [Server thread/INFO]: Target tick rate: 20,0 per second. Average time per tick: 8,3ms (Target: 50,0ms) [23:52:29] [Server thread/INFO]: Percentiles: P50: 7,9ms P95: 11,5ms P99: 15,4ms, sample: 100"
"with-umce","1","2026-09-26T21:52:29.7531168+00:00","1eb50fb702881358824526c667271024104dd5c27a9cd35da157bce789abdbb9","10","0","0","0","0","0","False","15","8,3","7,9","11,5","15,4","100","38,36470986867197","42,66884339144654","1462292480","[23:52:29] [Server thread/INFO]: The game is running normally [23:52:29] [Server thread/INFO]: Target tick rate: 20,0 per second. Average time per tick: 8,3ms (Target: 50,0ms) [23:52:29] [Server thread/INFO]: Percentiles: P50: 7,9ms P95: 11,5ms P99: 15,4ms, sample: 100"
"with-umce","1","2026-09-26T21:52:29.8752592+00:00","1eb50fb702881358824526c667271024104dd5c27a9cd35da157bce789abdbb9","10","0","0","0","0","0","False","15","8,3","8","11,5","15,4","100","75,91154584247646","42,66884339144654","1462292480","[23:52:29] [Server thread/INFO]: The game is running normally [23:52:29] [Server thread/INFO]: Target tick rate: 20,0 per second. Average time per tick: 8,3ms (Target: 50,0ms) [23:52:29] [Server thread/INFO]: Percentiles: P50: 8,0ms P95: 11,5ms P99: 15,4ms, sample: 100"
"with-umce","1","2026-09-26T21:52:29.9987939+00:00","1eb50fb702881358824526c667271024104dd5c27a9cd35da157bce789abdbb9","10","0","0","0","0","0","False","15","8,2","7,9","11,5","15,4","100","25,516453008900143","42,66884339144654","1462292480","[23:52:30] [Server thread/INFO]: The game is running normally [23:52:30] [Server thread/INFO]: Target tick rate: 20,0 per second. Average time per tick: 8,2ms (Target: 50,0ms) [23:52:30] [Server thread/INFO]: Percentiles: P50: 7,9ms P95: 11,5ms P99: 15,4ms, sample: 100"
"with-umce","1","2026-09-26T21:52:30.1212554+00:00","1eb50fb702881358824526c667271024104dd5c27a9cd35da157bce789abdbb9","10","0","0","0","0","0","False","15","8,2","7,9","11,5","15,4","100","38,384910369698886","42,66884339144654","1462292480","[23:52:30] [Server thread/INFO]: The game is running normally [23:52:30] [Server thread/INFO]: Target tick rate: 20,0 per second. Average time per tick: 8,2ms (Target: 50,0ms) [23:52:30] [Server thread/INFO]: Percentiles: P50: 7,9ms P95: 11,5ms P99: 15,4ms, sample: 100"
"with-umce","1","2026-09-26T21:52:30.2433612+00:00","1eb50fb702881358824526c667271024104dd5c27a9cd35da157bce789abdbb9","10","0","0","0","0","0","False","15","8,2","8","11,2","11,9","100","11,376270228828671","42,66884339144654","1462292480","[23:52:30] [Server thread/INFO]: The game is running normally [23:52:30] [Server thread/INFO]: Target tick rate: 20,0 per second. Average time per tick: 8,2ms (Target: 50,0ms) [23:52:30] [Server thread/INFO]: Percentiles: P50: 8,0ms P95: 11,2ms P99: 11,9ms, sample: 100"
"with-umce","1","2026-09-26T21:52:30.3807208+00:00","1eb50fb702881358824526c667271024104dd5c27a9cd35da157bce789abdbb9","10","0","0","0","0","0","False","15","8,1","7,9","10,9","11,9","100","75,99997730134011","42,66884339144654","1462292480","[23:52:30] [Server thread/INFO]: The game is running normally [23:52:30] [Server thread/INFO]: Target tick rate: 20,0 per second. Average time per tick: 8,1ms (Target: 50,0ms) [23:52:30] [Server thread/INFO]: Percentiles: P50: 7,9ms P95: 10,9ms P99: 11,9ms, sample: 100"
"with-umce","1","2026-09-26T21:52:30.5041226+00:00","1eb50fb702881358824526c667271024104dd5c27a9cd35da157bce789abdbb9","10","0","0","0","0","0","False","15","8,1","7,9","10,9","11,9","100","0","42,66884339144654","1462292480","[23:52:30] [Server thread/INFO]: The game is running normally [23:52:30] [Server thread/INFO]: Target tick rate: 20,0 per second. Average time per tick: 8,1ms (Target: 50,0ms) [23:52:30] [Server thread/INFO]: Percentiles: P50: 7,9ms P95: 10,9ms P99: 11,9ms, sample: 100"
"with-umce","1","2026-09-26T21:52:30.6249859+00:00","1eb50fb702881358824526c667271024104dd5c27a9cd35da157bce789abdbb9","10","0","0","0","0","0","False","15","8,1","7,9","10,9","11,9","100","25,2490362947827","42,66884339144654","1462292480","[23:52:30] [Server thread/INFO]: The game is running normally [23:52:30] [Server thread/INFO]: Target tick rate: 20,0 per second. Average time per tick: 8,1ms (Target: 50,0ms) [23:52:30] [Server thread/INFO]: Percentiles: P50: 7,9ms P95: 10,9ms P99: 11,9ms, sample: 100"
"with-umce","1","2026-09-26T21:52:30.7487360+00:00","1eb50fb702881358824526c667271024104dd5c27a9cd35da157bce789abdbb9","10","0","0","0","0","0","False","15","8","7,9","10,9","11,9","100","12,716226719132123","42,66884339144654","1462292480","[23:52:30] [Server thread/INFO]: The game is running normally [23:52:30] [Server thread/INFO]: Target tick rate: 20,0 per second. Average time per tick: 8,0ms (Target: 50,0ms) [23:52:30] [Server thread/INFO]: Percentiles: P50: 7,9ms P95: 10,9ms P99: 11,9ms, sample: 100"
"with-umce","1","2026-09-26T21:52:30.8716083+00:00","1eb50fb702881358824526c667271024104dd5c27a9cd35da157bce789abdbb9","10","0","0","0","0","0","False","15","8","7,8","10,9","11,9","100","25,20000741888218","42,66884339144654","1462292480","[23:52:30] [Server thread/INFO]: The game is running normally [23:52:30] [Server thread/INFO]: Target tick rate: 20,0 per second. Average time per tick: 8,0ms (Target: 50,0ms) [23:52:30] [Server thread/INFO]: Percentiles: P50: 7,8ms P95: 10,9ms P99: 11,9ms, sample: 100"
"with-umce","1","2026-09-26T21:52:30.9956347+00:00","1eb50fb702881358824526c667271024104dd5c27a9cd35da157bce789abdbb9","10","0","0","0","0","0","False","15","8","7,8","10,9","11,9","100","50,759442474526885","42,66884339144654","1462292480","[23:52:31] [Server thread/INFO]: The game is running normally [23:52:31] [Server thread/INFO]: Target tick rate: 20,0 per second. Average time per tick: 8,0ms (Target: 50,0ms) [23:52:31] [Server thread/INFO]: Percentiles: P50: 7,8ms P95: 10,9ms P99: 11,9ms, sample: 100"
"with-umce","1","2026-09-26T21:52:31.1188355+00:00","1eb50fb702881358824526c667271024104dd5c27a9cd35da157bce789abdbb9","10","0","0","0","0","0","False","15","8","7,8","11,2","12,1","100","38,238929065257025","42,66884339144654","1462292480","[23:52:31] [Server thread/INFO]: The game is running normally [23:52:31] [Server thread/INFO]: Target tick rate: 20,0 per second. Average time per tick: 8,0ms (Target: 50,0ms) [23:52:31] [Server thread/INFO]: Percentiles: P50: 7,8ms P95: 11,2ms P99: 12,1ms, sample: 100"
"with-umce","1","2026-09-26T21:52:31.2413328+00:00","1eb50fb702881358824526c667271024104dd5c27a9cd35da157bce789abdbb9","10","0","0","0","0","0","False","15","8,1","7,8","11,5","15,2","100","22,7351928417245","42,66884339144654","1462292480","[23:52:31] [Server thread/INFO]: The game is running normally [23:52:31] [Server thread/INFO]: Target tick rate: 20,0 per second. Average time per tick: 8,1ms (Target: 50,0ms) [23:52:31] [Server thread/INFO]: Percentiles: P50: 7,8ms P95: 11,5ms P99: 15,2ms, sample: 100"
"with-umce","1","2026-09-26T21:52:31.3787935+00:00","1eb50fb702881358824526c667271024104dd5c27a9cd35da157bce789abdbb9","10","0","0","0","0","0","False","15","8,1","7,8","11,5","15,2","100","50,10072249249892","42,66884339144654","1462292480","[23:52:31] [Server thread/INFO]: The game is running normally [23:52:31] [Server thread/INFO]: Target tick rate: 20,0 per second. Average time per tick: 8,1ms (Target: 50,0ms) [23:52:31] [Server thread/INFO]: Percentiles: P50: 7,8ms P95: 11,5ms P99: 15,2ms, sample: 100"
"with-umce","1","2026-09-26T21:52:31.5035779+00:00","1eb50fb702881358824526c667271024104dd5c27a9cd35da157bce789abdbb9","10","0","0","0","0","0","False","15","8,1","7,9","11,5","15,2","100","12,563773715379265","42,66884339144654","1462292480","[23:52:31] [Server thread/INFO]: The game is running normally [23:52:31] [Server thread/INFO]: Target tick rate: 20,0 per second. Average time per tick: 8,1ms (Target: 50,0ms) [23:52:31] [Server thread/INFO]: Percentiles: P50: 7,9ms P95: 11,5ms P99: 15,2ms, sample: 100"
"with-umce","1","2026-09-26T21:52:31.6279222+00:00","1eb50fb702881358824526c667271024104dd5c27a9cd35da157bce789abdbb9","10","0","0","0","0","0","False","15","8","7,7","11,5","15,2","100","38,53739586681805","42,66884339144654","1462292480","[23:52:31] [Server thread/INFO]: The game is running normally [23:52:31] [Server thread/INFO]: Target tick rate: 20,0 per second. Average time per tick: 8,0ms (Target: 50,0ms) [23:52:31] [Server thread/INFO]: Percentiles: P50: 7,7ms P95: 11,5ms P99: 15,2ms, sample: 100"
"with-umce","1","2026-09-26T21:52:31.7495314+00:00","1eb50fb702881358824526c667271024104dd5c27a9cd35da157bce789abdbb9","10","0","0","0","0","0","False","15","8","7,8","11,5","15,2","100","38,409537856440515","42,66884339144654","1462292480","[23:52:31] [Server thread/INFO]: The game is running normally [23:52:31] [Server thread/INFO]: Target tick rate: 20,0 per second. Average time per tick: 8,0ms (Target: 50,0ms) [23:52:31] [Server thread/INFO]: Percentiles: P50: 7,8ms P95: 11,5ms P99: 15,2ms, sample: 100"
"with-umce","1","2026-09-26T21:52:31.8716296+00:00","1eb50fb702881358824526c667271024104dd5c27a9cd35da157bce789abdbb9","10","0","0","0","0","0","False","15","8","7,7","10,9","15,2","100","51,149095111128574","42,66884339144654","1462292480","[23:52:31] [Server thread/INFO]: The game is running normally [23:52:31] [Server thread/INFO]: Target tick rate: 20,0 per second. Average time per tick: 8,0ms (Target: 50,0ms) [23:52:31] [Server thread/INFO]: Percentiles: P50: 7,7ms P95: 10,9ms P99: 15,2ms, sample: 100"
"with-umce","1","2026-09-26T21:52:31.9937869+00:00","1eb50fb702881358824526c667271024104dd5c27a9cd35da157bce789abdbb9","10","0","0","0","0","0","False","15","8","7,7","10,9","15,2","100","37,8147396409798","42,66884339144654","1462292480","[23:52:32] [Server thread/INFO]: The game is running normally [23:52:32] [Server thread/INFO]: Target tick rate: 20,0 per second. Average time per tick: 8,0ms (Target: 50,0ms) [23:52:32] [Server thread/INFO]: Percentiles: P50: 7,7ms P95: 10,9ms P99: 15,2ms, sample: 100"
"with-umce","1","2026-09-26T21:52:32.1177597+00:00","1eb50fb702881358824526c667271024104dd5c27a9cd35da157bce789abdbb9","10","0","0","0","0","0","False","15","7,9","7,7","10,9","15,2","100","56,76830827898108","42,66884339144654","1462292480","[23:52:32] [Server thread/INFO]: The game is running normally [23:52:32] [Server thread/INFO]: Target tick rate: 20,0 per second. Average time per tick: 7,9ms (Target: 50,0ms) [23:52:32] [Server thread/INFO]: Percentiles: P50: 7,7ms P95: 10,9ms P99: 15,2ms, sample: 100"
"with-umce","1","2026-09-26T21:52:32.2553488+00:00","1eb50fb702881358824526c667271024104dd5c27a9cd35da157bce789abdbb9","10","0","0","0","0","0","False","15","7,9","7,7","10,9","15,2","100","0","42,66884339144654","1462292480","[23:52:32] [Server thread/INFO]: The game is running normally [23:52:32] [Server thread/INFO]: Target tick rate: 20,0 per second. Average time per tick: 7,9ms (Target: 50,0ms) [23:52:32] [Server thread/INFO]: Percentiles: P50: 7,7ms P95: 10,9ms P99: 15,2ms, sample: 100"
"with-umce","1","2026-09-26T21:52:32.3790931+00:00","1eb50fb702881358824526c667271024104dd5c27a9cd35da157bce789abdbb9","10","0","0","0","0","0","False","15","7,9","7,7","10,9","15,2","100","38,30119981827868","42,66884339144654","1462292480","[23:52:32] [Server thread/INFO]: The game is running normally [23:52:32] [Server thread/INFO]: Target tick rate: 20,0 per second. Average time per tick: 7,9ms (Target: 50,0ms) [23:52:32] [Server thread/INFO]: Percentiles: P50: 7,7ms P95: 10,9ms P99: 15,2ms, sample: 100"
"with-umce","1","2026-09-26T21:52:32.5014831+00:00","1eb50fb702881358824526c667271024104dd5c27a9cd35da157bce789abdbb9","10","0","0","0","0","0","False","15","7,9","7,7","10,9","15,2","100","25,46401547560262","42,66884339144654","1462292480","[23:52:32] [Server thread/INFO]: The game is running normally [23:52:32] [Server thread/INFO]: Target tick rate: 20,0 per second. Average time per tick: 7,9ms (Target: 50,0ms) [23:52:32] [Server thread/INFO]: Percentiles: P50: 7,7ms P95: 10,9ms P99: 15,2ms, sample: 100"
"with-umce","1","2026-09-26T21:52:32.6241764+00:00","1eb50fb702881358824526c667271024104dd5c27a9cd35da157bce789abdbb9","10","0","0","0","0","0","False","15","7,9","7,8","10,9","15,2","100","50,31995439804452","42,66884339144654","1462292480","[23:52:32] [Server thread/INFO]: The game is running normally [23:52:32] [Server thread/INFO]: Target tick rate: 20,0 per second. Average time per tick: 7,9ms (Target: 50,0ms) [23:52:32] [Server thread/INFO]: Percentiles: P50: 7,8ms P95: 10,9ms P99: 15,2ms, sample: 100"
"with-umce","1","2026-09-26T21:52:32.7484150+00:00","1eb50fb702881358824526c667271024104dd5c27a9cd35da157bce789abdbb9","10","0","0","0","0","0","False","15","7,9","7,8","10,9","15,2","100","12,627354446000583","42,66884339144654","1462292480","[23:52:32] [Server thread/INFO]: The game is running normally [23:52:32] [Server thread/INFO]: Target tick rate: 20,0 per second. Average time per tick: 7,9ms (Target: 50,0ms) [23:52:32] [Server thread/INFO]: Percentiles: P50: 7,8ms P95: 10,9ms P99: 15,2ms, sample: 100"
"with-umce","1","2026-09-26T21:52:32.8721433+00:00","1eb50fb702881358824526c667271024104dd5c27a9cd35da157bce789abdbb9","10","0","0","0","0","0","False","15","8","7,8","11,3","15,2","100","37,997308777277","42,66884339144654","1462292480","[23:52:32] [Server thread/INFO]: The game is running normally [23:52:32] [Server thread/INFO]: Target tick rate: 20,0 per second. Average time per tick: 8,0ms (Target: 50,0ms) [23:52:32] [Server thread/INFO]: Percentiles: P50: 7,8ms P95: 11,3ms P99: 15,2ms, sample: 100"
"with-umce","1","2026-09-26T21:52:32.9955087+00:00","1eb50fb702881358824526c667271024104dd5c27a9cd35da157bce789abdbb9","10","0","0","0","0","0","False","15","8","7,9","11,3","15,2","100","50,88035220600926","42,66884339144654","1462292480","[23:52:33] [Server thread/INFO]: The game is running normally [23:52:33] [Server thread/INFO]: Target tick rate: 20,0 per second. Average time per tick: 8,0ms (Target: 50,0ms) [23:52:33] [Server thread/INFO]: Percentiles: P50: 7,9ms P95: 11,3ms P99: 15,2ms, sample: 100"
"with-umce","1","2026-09-26T21:52:33.1183613+00:00","1eb50fb702881358824526c667271024104dd5c27a9cd35da157bce789abdbb9","10","0","0","0","0","0","False","15","8,1","8","11,5","15,2","100","45,29566473381006","42,66884339144654","1462292480","[23:52:33] [Server thread/INFO]: The game is running normally [23:52:33] [Server thread/INFO]: Target tick rate: 20,0 per second. Average time per tick: 8,1ms (Target: 50,0ms) [23:52:33] [Server thread/INFO]: Percentiles: P50: 8,0ms P95: 11,5ms P99: 15,2ms, sample: 100"
"with-umce","1","2026-09-26T21:52:33.2563086+00:00","1eb50fb702881358824526c667271024104dd5c27a9cd35da157bce789abdbb9","10","0","0","0","0","0","False","15","8,1","7,9","11,5","15,2","100","0","42,66884339144654","1462292480","[23:52:33] [Server thread/INFO]: The game is running normally [23:52:33] [Server thread/INFO]: Target tick rate: 20,0 per second. Average time per tick: 8,1ms (Target: 50,0ms) [23:52:33] [Server thread/INFO]: Percentiles: P50: 7,9ms P95: 11,5ms P99: 15,2ms, sample: 100"
"with-umce","1","2026-09-26T21:52:33.3957650+00:00","1eb50fb702881358824526c667271024104dd5c27a9cd35da157bce789abdbb9","10","0","0","0","0","0","False","15","8,1","7,9","11,5","15,2","100","63,69777292202578","42,66884339144654","1462292480","[23:52:33] [Server thread/INFO]: The game is running normally [23:52:33] [Server thread/INFO]: Target tick rate: 20,0 per second. Average time per tick: 8,1ms (Target: 50,0ms) [23:52:33] [Server thread/INFO]: Percentiles: P50: 7,9ms P95: 11,5ms P99: 15,2ms, sample: 100"
"with-umce","1","2026-09-26T21:52:33.5184320+00:00","1eb50fb702881358824526c667271024104dd5c27a9cd35da157bce789abdbb9","10","0","0","0","0","0","False","15","8,1","8","11,5","15,2","100","0","42,66884339144654","1462292480","[23:52:33] [Server thread/INFO]: The game is running normally [23:52:33] [Server thread/INFO]: Target tick rate: 20,0 per second. Average time per tick: 8,1ms (Target: 50,0ms) [23:52:33] [Server thread/INFO]: Percentiles: P50: 8,0ms P95: 11,5ms P99: 15,2ms, sample: 100"
"with-umce","1","2026-09-26T21:52:33.6403349+00:00","1eb50fb702881358824526c667271024104dd5c27a9cd35da157bce789abdbb9","10","0","0","0","0","0","False","15","8,2","8","11,5","15,2","100","63,18042793670716","42,66884339144654","1462292480","[23:52:33] [Server thread/INFO]: The game is running normally [23:52:33] [Server thread/INFO]: Target tick rate: 20,0 per second. Average time per tick: 8,2ms (Target: 50,0ms) [23:52:33] [Server thread/INFO]: Percentiles: P50: 8,0ms P95: 11,5ms P99: 15,2ms, sample: 100"
"with-umce","1","2026-09-26T21:52:33.7639928+00:00","1eb50fb702881358824526c667271024104dd5c27a9cd35da157bce789abdbb9","10","0","0","0","0","0","False","15","8,2","8","11,6","15,2","100","12,63262232218725","42,66884339144654","1462292480","[23:52:33] [Server thread/INFO]: The game is running normally [23:52:33] [Server thread/INFO]: Target tick rate: 20,0 per second. Average time per tick: 8,2ms (Target: 50,0ms) [23:52:33] [Server thread/INFO]: Percentiles: P50: 8,0ms P95: 11,6ms P99: 15,2ms, sample: 100"
"with-umce","1","2026-09-26T21:52:33.8876486+00:00","1eb50fb702881358824526c667271024104dd5c27a9cd35da157bce789abdbb9","10","0","0","0","0","0","False","15","8,2","8,1","11,6","15,2","100","37,41173822717445","42,66884339144654","1462292480","[23:52:33] [Server thread/INFO]: The game is running normally [23:52:33] [Server thread/INFO]: Target tick rate: 20,0 per second. Average time per tick: 8,2ms (Target: 50,0ms) [23:52:33] [Server thread/INFO]: Percentiles: P50: 8,1ms P95: 11,6ms P99: 15,2ms, sample: 100"
"with-umce","1","2026-09-26T21:52:34.0129949+00:00","1eb50fb702881358824526c667271024104dd5c27a9cd35da157bce789abdbb9","10","0","0","0","0","0","False","15","8,3","8,1","11,6","15,2","100","50,822015609270586","42,66884339144654","1462292480","[23:52:34] [Server thread/INFO]: The game is running normally [23:52:34] [Server thread/INFO]: Target tick rate: 20,0 per second. Average time per tick: 8,3ms (Target: 50,0ms) [23:52:34] [Server thread/INFO]: Percentiles: P50: 8,1ms P95: 11,6ms P99: 15,2ms, sample: 100"
"with-umce","1","2026-09-26T21:52:34.1359407+00:00","1eb50fb702881358824526c667271024104dd5c27a9cd35da157bce789abdbb9","10","0","0","0","0","0","False","15","8,3","8,1","11,6","15,2","100","49,33811926247011","42,66884339144654","1462292480","[23:52:34] [Server thread/INFO]: The game is running normally [23:52:34] [Server thread/INFO]: Target tick rate: 20,0 per second. Average time per tick: 8,3ms (Target: 50,0ms) [23:52:34] [Server thread/INFO]: Percentiles: P50: 8,1ms P95: 11,6ms P99: 15,2ms, sample: 100"
"with-umce","1","2026-09-26T21:52:34.2626135+00:00","1eb50fb702881358824526c667271024104dd5c27a9cd35da157bce789abdbb9","10","0","0","0","0","0","False","15","8,2","8,1","11,6","15,2","100","12,84965451904874","42,66884339144654","1462292480","[23:52:34] [Server thread/INFO]: The game is running normally [23:52:34] [Server thread/INFO]: Target tick rate: 20,0 per second. Average time per tick: 8,2ms (Target: 50,0ms) [23:52:34] [Server thread/INFO]: Percentiles: P50: 8,1ms P95: 11,6ms P99: 15,2ms, sample: 100"
"with-umce","1","2026-09-26T21:52:34.3843298+00:00","1eb50fb702881358824526c667271024104dd5c27a9cd35da157bce789abdbb9","10","0","0","0","0","0","False","15","8,2","8,1","11,6","15,2","100","45,52543269192248","42,66884339144654","1462292480","[23:52:34] [Server thread/INFO]: The game is running normally [23:52:34] [Server thread/INFO]: Target tick rate: 20,0 per second. Average time per tick: 8,2ms (Target: 50,0ms) [23:52:34] [Server thread/INFO]: Percentiles: P50: 8,1ms P95: 11,6ms P99: 15,2ms, sample: 100"
"with-umce","1","2026-09-26T21:52:34.5214902+00:00","1eb50fb702881358824526c667271024104dd5c27a9cd35da157bce789abdbb9","10","0","0","0","0","0","False","15","8,2","8,1","11,6","15,2","100","0","42,66884339144654","1462292480","[23:52:34] [Server thread/INFO]: The game is running normally [23:52:34] [Server thread/INFO]: Target tick rate: 20,0 per second. Average time per tick: 8,2ms (Target: 50,0ms) [23:52:34] [Server thread/INFO]: Percentiles: P50: 8,1ms P95: 11,6ms P99: 15,2ms, sample: 100"
"with-umce","1","2026-09-26T21:52:34.6455089+00:00","1eb50fb702881358824526c667271024104dd5c27a9cd35da157bce789abdbb9","10","0","0","0","0","0","False","15","8,2","8,1","11,6","15,2","100","25,33500990294867","42,66884339144654","1462292480","[23:52:34] [Server thread/INFO]: The game is running normally [23:52:34] [Server thread/INFO]: Target tick rate: 20,0 per second. Average time per tick: 8,2ms (Target: 50,0ms) [23:52:34] [Server thread/INFO]: Percentiles: P50: 8,1ms P95: 11,6ms P99: 15,2ms, sample: 100"
"with-umce","1","2026-09-26T21:52:34.7688940+00:00","1eb50fb702881358824526c667271024104dd5c27a9cd35da157bce789abdbb9","10","0","0","0","0","0","False","15","8,2","8","11,6","15,2","100","12,704171277433895","42,66884339144654","1462292480","[23:52:34] [Server thread/INFO]: The game is running normally [23:52:34] [Server thread/INFO]: Target tick rate: 20,0 per second. Average time per tick: 8,2ms (Target: 50,0ms) [23:52:34] [Server thread/INFO]: Percentiles: P50: 8,0ms P95: 11,6ms P99: 15,2ms, sample: 100"
"with-umce","1","2026-09-26T21:52:34.8918533+00:00","1eb50fb702881358824526c667271024104dd5c27a9cd35da157bce789abdbb9","10","0","0","0","0","0","False","15","8,1","8","11,6","15,2","100","51,25408495057056","42,66884339144654","1462292480","[23:52:34] [Server thread/INFO]: The game is running normally [23:52:34] [Server thread/INFO]: Target tick rate: 20,0 per second. Average time per tick: 8,1ms (Target: 50,0ms) [23:52:34] [Server thread/INFO]: Percentiles: P50: 8,0ms P95: 11,6ms P99: 15,2ms, sample: 100"
"with-umce","1","2026-09-26T21:52:35.0138323+00:00","1eb50fb702881358824526c667271024104dd5c27a9cd35da157bce789abdbb9","10","0","0","0","0","0","False","15","8,1","7,9","11,6","15,2","100","0","42,66884339144654","1462292480","[23:52:35] [Server thread/INFO]: The game is running normally [23:52:35] [Server thread/INFO]: Target tick rate: 20,0 per second. Average time per tick: 8,1ms (Target: 50,0ms) [23:52:35] [Server thread/INFO]: Percentiles: P50: 7,9ms P95: 11,6ms P99: 15,2ms, sample: 100"
"with-umce","1","2026-09-26T21:52:35.1350592+00:00","1eb50fb702881358824526c667271024104dd5c27a9cd35da157bce789abdbb9","10","0","0","0","0","0","False","15","8,1","7,9","11,6","15,2","100","88,72137392195926","42,66884339144654","1462292480","[23:52:35] [Server thread/INFO]: The game is running normally [23:52:35] [Server thread/INFO]: Target tick rate: 20,0 per second. Average time per tick: 8,1ms (Target: 50,0ms) [23:52:35] [Server thread/INFO]: Percentiles: P50: 7,9ms P95: 11,6ms P99: 15,2ms, sample: 100"
"with-umce","1","2026-09-26T21:52:35.2583539+00:00","1eb50fb702881358824526c667271024104dd5c27a9cd35da157bce789abdbb9","10","0","0","0","0","0","False","15","8,1","7,9","11,6","15,2","100","68,838158735287","42,66884339144654","1462292480","[23:52:35] [Server thread/INFO]: The game is running normally [23:52:35] [Server thread/INFO]: Target tick rate: 20,0 per second. Average time per tick: 8,1ms (Target: 50,0ms) [23:52:35] [Server thread/INFO]: Percentiles: P50: 7,9ms P95: 11,6ms P99: 15,2ms, sample: 100"
"with-umce","1","2026-09-26T21:52:35.3945435+00:00","1eb50fb702881358824526c667271024104dd5c27a9cd35da157bce789abdbb9","10","0","0","0","0","0","False","15","8,1","7,9","11,6","15,2","100","51,433556074920176","42,66884339144654","1462292480","[23:52:35] [Server thread/INFO]: The game is running normally [23:52:35] [Server thread/INFO]: Target tick rate: 20,0 per second. Average time per tick: 8,1ms (Target: 50,0ms) [23:52:35] [Server thread/INFO]: Percentiles: P50: 7,9ms P95: 11,6ms P99: 15,2ms, sample: 100"
"with-umce","1","2026-09-26T21:52:35.5165837+00:00","1eb50fb702881358824526c667271024104dd5c27a9cd35da157bce789abdbb9","10","0","0","0","0","0","False","15","8,1","7,9","11,6","15,2","100","0","42,66884339144654","1462292480","[23:52:35] [Server thread/INFO]: The game is running normally [23:52:35] [Server thread/INFO]: Target tick rate: 20,0 per second. Average time per tick: 8,1ms (Target: 50,0ms) [23:52:35] [Server thread/INFO]: Percentiles: P50: 7,9ms P95: 11,6ms P99: 15,2ms, sample: 100"
"with-umce","1","2026-09-26T21:52:35.6390848+00:00","1eb50fb702881358824526c667271024104dd5c27a9cd35da157bce789abdbb9","10","0","0","0","0","0","False","15","8,1","7,9","11,6","15,2","100","76,73595138664933","42,66884339144654","1462292480","[23:52:35] [Server thread/INFO]: The game is running normally [23:52:35] [Server thread/INFO]: Target tick rate: 20,0 per second. Average time per tick: 8,1ms (Target: 50,0ms) [23:52:35] [Server thread/INFO]: Percentiles: P50: 7,9ms P95: 11,6ms P99: 15,2ms, sample: 100"
"with-umce","1","2026-09-26T21:52:35.7612031+00:00","1eb50fb702881358824526c667271024104dd5c27a9cd35da157bce789abdbb9","10","0","0","0","0","0","False","15","8,1","7,9","11,6","15,2","100","0","42,66884339144654","1462292480","[23:52:35] [Server thread/INFO]: The game is running normally [23:52:35] [Server thread/INFO]: Target tick rate: 20,0 per second. Average time per tick: 8,1ms (Target: 50,0ms) [23:52:35] [Server thread/INFO]: Percentiles: P50: 7,9ms P95: 11,6ms P99: 15,2ms, sample: 100"
"with-umce","1","2026-09-26T21:52:35.8966687+00:00","1eb50fb702881358824526c667271024104dd5c27a9cd35da157bce789abdbb9","10","0","0","0","0","0","False","15","8,1","7,9","11,6","15,2","100","147,77657559891566","42,66884339144654","1462292480","[23:52:35] [Server thread/INFO]: stress006 drowned [23:52:35] [Server thread/INFO]: Saving the game (this may take a moment!) [23:52:36] [Server thread/INFO]: ThreadedAnvilChunkStorage (world): All chunks are saved [23:52:36] [Server thread/INFO]: ThreadedAnvilChunkStorage (DIM1): All chunks are saved [23:52:36] [Server thread/INFO]: ThreadedAnvilChunkStorage (DIM-1): All chunks are saved [23:52:36] [Server thread/INFO]: ThreadedAnvilChunkStorage: All dimensions are saved [23:52:36] [Server thread/INFO]: Saved the game [23:52:36] [Server thread/INFO]: The game is running normally [23:52:36] [Server thread/INFO]: Target tick rate: 20,0 per second. Average time per tick: 8,1ms (Target: 50,0ms) [23:52:36] [Server thread/INFO]: Percentiles: P50: 7,9ms P95: 11,6ms P99: 15,2ms, sample: 100"
"with-umce","1","2026-09-26T21:52:36.2666911+00:00","1eb50fb702881358824526c667271024104dd5c27a9cd35da157bce789abdbb9","10","0","0","0","0","0","False","15","11,4","7,9","12,1","330,6","100","416,2771321866084","42,66884339144654","1462292480","[23:52:36] [Server thread/INFO]: The game is running normally [23:52:36] [Server thread/INFO]: Target tick rate: 20,0 per second. Average time per tick: 11,4ms (Target: 50,0ms) [23:52:36] [Server thread/INFO]: Percentiles: P50: 7,9ms P95: 12,1ms P99: 330,6ms, sample: 100"
"with-umce","1","2026-09-26T21:52:36.3905294+00:00","1eb50fb702881358824526c667271024104dd5c27a9cd35da157bce789abdbb9","10","0","0","0","0","0","False","15","11,4","7,9","12,4","330,6","100","152,4131265500415","42,66884339144654","1462292480","[23:52:36] [Server thread/INFO]: The game is running normally [23:52:36] [Server thread/INFO]: Target tick rate: 20,0 per second. Average time per tick: 11,4ms (Target: 50,0ms) [23:52:36] [Server thread/INFO]: Percentiles: P50: 7,9ms P95: 12,4ms P99: 330,6ms, sample: 100"
"with-umce","1","2026-09-26T21:52:36.5135383+00:00","1eb50fb702881358824526c667271024104dd5c27a9cd35da157bce789abdbb9","10","0","0","0","0","0","False","15","11,4","7,9","12,4","330,6","100","37,970469302850034","42,66884339144654","1462292480","[23:52:36] [Server thread/INFO]: The game is running normally [23:52:36] [Server thread/INFO]: Target tick rate: 20,0 per second. Average time per tick: 11,4ms (Target: 50,0ms) [23:52:36] [Server thread/INFO]: Percentiles: P50: 7,9ms P95: 12,4ms P99: 330,6ms, sample: 100"
"with-umce","1","2026-09-26T21:52:36.6369679+00:00","1eb50fb702881358824526c667271024104dd5c27a9cd35da157bce789abdbb9","10","0","0","0","0","0","False","15","11,4","7,9","12,4","330,6","100","89,94817340445303","42,66884339144654","1462292480","[23:52:36] [Server thread/INFO]: The game is running normally [23:52:36] [Server thread/INFO]: Target tick rate: 20,0 per second. Average time per tick: 11,4ms (Target: 50,0ms) [23:52:36] [Server thread/INFO]: Percentiles: P50: 7,9ms P95: 12,4ms P99: 330,6ms, sample: 100"
"with-umce","1","2026-09-26T21:52:36.7585974+00:00","1eb50fb702881358824526c667271024104dd5c27a9cd35da157bce789abdbb9","10","0","0","0","0","0","False","15","11,4","7,9","12,4","330,6","100","11,31852688919796","42,66884339144654","1462292480","[23:52:36] [Server thread/INFO]: The game is running normally [23:52:36] [Server thread/INFO]: Target tick rate: 20,0 per second. Average time per tick: 11,4ms (Target: 50,0ms) [23:52:36] [Server thread/INFO]: Percentiles: P50: 7,9ms P95: 12,4ms P99: 330,6ms, sample: 100"
"with-umce","1","2026-09-26T21:52:36.8966169+00:00","1eb50fb702881358824526c667271024104dd5c27a9cd35da157bce789abdbb9","10","0","0","0","0","0","False","15","11,4","7,9","12,4","330,6","100","89,17804544553962","42,66884339144654","1462292480","[23:52:36] [Server thread/INFO]: The game is running normally [23:52:36] [Server thread/INFO]: Target tick rate: 20,0 per second. Average time per tick: 11,4ms (Target: 50,0ms) [23:52:36] [Server thread/INFO]: Percentiles: P50: 7,9ms P95: 12,4ms P99: 330,6ms, sample: 100"
"with-umce","1","2026-09-26T21:52:37.0192672+00:00","1eb50fb702881358824526c667271024104dd5c27a9cd35da157bce789abdbb9","10","0","0","0","0","0","False","15","11,3","7,8","12,4","330,6","100","25,092521143962017","42,66884339144654","1462292480","[23:52:37] [Server thread/INFO]: The game is running normally [23:52:37] [Server thread/INFO]: Target tick rate: 20,0 per second. Average time per tick: 11,3ms (Target: 50,0ms) [23:52:37] [Server thread/INFO]: Percentiles: P50: 7,8ms P95: 12,4ms P99: 330,6ms, sample: 100"
"with-umce","1","2026-09-26T21:52:37.1437984+00:00","1eb50fb702881358824526c667271024104dd5c27a9cd35da157bce789abdbb9","10","0","0","0","0","0","False","15","11,3","7,8","12,4","330,6","100","76,08058780470783","42,66884339144654","1462292480","[23:52:37] [Server thread/INFO]: The game is running normally [23:52:37] [Server thread/INFO]: Target tick rate: 20,0 per second. Average time per tick: 11,3ms (Target: 50,0ms) [23:52:37] [Server thread/INFO]: Percentiles: P50: 7,8ms P95: 12,4ms P99: 330,6ms, sample: 100"
"with-umce","1","2026-09-26T21:52:37.2671012+00:00","1eb50fb702881358824526c667271024104dd5c27a9cd35da157bce789abdbb9","10","0","0","0","0","0","False","15","11,3","7,8","12,4","330,6","100","63,336805879277","42,66884339144654","1462292480","[23:52:37] [Server thread/INFO]: The game is running normally [23:52:37] [Server thread/INFO]: Target tick rate: 20,0 per second. Average time per tick: 11,3ms (Target: 50,0ms) [23:52:37] [Server thread/INFO]: Percentiles: P50: 7,8ms P95: 12,4ms P99: 330,6ms, sample: 100"
"with-umce","1","2026-09-26T21:52:37.3904416+00:00","1eb50fb702881358824526c667271024104dd5c27a9cd35da157bce789abdbb9","10","0","0","0","0","0","False","15","11,3","7,8","12,4","330,6","100","101,0366358841716","42,66884339144654","1462292480","[23:52:37] [Server thread/INFO]: The game is running normally [23:52:37] [Server thread/INFO]: Target tick rate: 20,0 per second. Average time per tick: 11,3ms (Target: 50,0ms) [23:52:37] [Server thread/INFO]: Percentiles: P50: 7,8ms P95: 12,4ms P99: 330,6ms, sample: 100"
"with-umce","1","2026-09-26T21:52:37.5141319+00:00","1eb50fb702881358824526c667271024104dd5c27a9cd35da157bce789abdbb9","10","0","0","0","0","0","False","15","11,3","7,8","12,4","330,6","100","63,39452206413375","42,66884339144654","1462292480","[23:52:37] [Server thread/INFO]: The game is running normally [23:52:37] [Server thread/INFO]: Target tick rate: 20,0 per second. Average time per tick: 11,3ms (Target: 50,0ms) [23:52:37] [Server thread/INFO]: Percentiles: P50: 7,8ms P95: 12,4ms P99: 330,6ms, sample: 100"
"with-umce","1","2026-09-26T21:52:37.6373921+00:00","1eb50fb702881358824526c667271024104dd5c27a9cd35da157bce789abdbb9","10","0","0","0","0","0","False","15","11,3","7,8","12,4","330,6","100","51,35507556591239","42,66884339144654","1462292480","[23:52:37] [Server thread/INFO]: The game is running normally [23:52:37] [Server thread/INFO]: Target tick rate: 20,0 per second. Average time per tick: 11,3ms (Target: 50,0ms) [23:52:37] [Server thread/INFO]: Percentiles: P50: 7,8ms P95: 12,4ms P99: 330,6ms, sample: 100"
"with-umce","1","2026-09-26T21:52:37.7590423+00:00","1eb50fb702881358824526c667271024104dd5c27a9cd35da157bce789abdbb9","10","0","0","0","0","0","False","15","11,2","7,7","12,4","330,6","100","11,378821918706056","42,66884339144654","1462292480","[23:52:37] [Server thread/INFO]: The game is running normally [23:52:37] [Server thread/INFO]: Target tick rate: 20,0 per second. Average time per tick: 11,2ms (Target: 50,0ms) [23:52:37] [Server thread/INFO]: Percentiles: P50: 7,7ms P95: 12,4ms P99: 330,6ms, sample: 100"
"with-umce","1","2026-09-26T21:52:37.8963832+00:00","1eb50fb702881358824526c667271024104dd5c27a9cd35da157bce789abdbb9","10","0","0","0","0","0","False","15","11,2","7,7","12,4","330,6","100","64,43942034627786","42,66884339144654","1462292480","[23:52:37] [Server thread/INFO]: The game is running normally [23:52:37] [Server thread/INFO]: Target tick rate: 20,0 per second. Average time per tick: 11,2ms (Target: 50,0ms) [23:52:37] [Server thread/INFO]: Percentiles: P50: 7,7ms P95: 12,4ms P99: 330,6ms, sample: 100"
"with-umce","1","2026-09-26T21:52:38.0176142+00:00","1eb50fb702881358824526c667271024104dd5c27a9cd35da157bce789abdbb9","10","0","0","0","0","0","False","15","11,1","7,6","11,6","330,6","100","12,709058935871512","42,66884339144654","1462292480","[23:52:38] [Server thread/INFO]: The game is running normally [23:52:38] [Server thread/INFO]: Target tick rate: 20,0 per second. Average time per tick: 11,1ms (Target: 50,0ms) [23:52:38] [Server thread/INFO]: Percentiles: P50: 7,6ms P95: 11,6ms P99: 330,6ms, sample: 100"
"with-umce","1","2026-09-26T21:52:38.1405746+00:00","1eb50fb702881358824526c667271024104dd5c27a9cd35da157bce789abdbb9","10","0","0","0","0","0","False","15","11,1","7,5","11,6","330,6","100","63,55666773509662","42,66884339144654","1462292480","[23:52:38] [Server thread/INFO]: The game is running normally [23:52:38] [Server thread/INFO]: Target tick rate: 20,0 per second. Average time per tick: 11,1ms (Target: 50,0ms) [23:52:38] [Server thread/INFO]: Percentiles: P50: 7,5ms P95: 11,6ms P99: 330,6ms, sample: 100"
"with-umce","1","2026-09-26T21:52:38.2635038+00:00","1eb50fb702881358824526c667271024104dd5c27a9cd35da157bce789abdbb9","10","0","0","0","0","0","False","15","11,1","7,5","11,6","330,6","100","0","42,66884339144654","1462292480","[23:52:38] [Server thread/INFO]: The game is running normally [23:52:38] [Server thread/INFO]: Target tick rate: 20,0 per second. Average time per tick: 11,1ms (Target: 50,0ms) [23:52:38] [Server thread/INFO]: Percentiles: P50: 7,5ms P95: 11,6ms P99: 330,6ms, sample: 100"
"with-umce","1","2026-09-26T21:52:38.3859663+00:00","1eb50fb702881358824526c667271024104dd5c27a9cd35da157bce789abdbb9","10","0","0","0","0","0","False","15","11,1","7,5","11,6","330,6","100","37,733616365642966","42,66884339144654","1462292480","[23:52:38] [Server thread/INFO]: The game is running normally [23:52:38] [Server thread/INFO]: Target tick rate: 20,0 per second. Average time per tick: 11,1ms (Target: 50,0ms) [23:52:38] [Server thread/INFO]: Percentiles: P50: 7,5ms P95: 11,6ms P99: 330,6ms, sample: 100"
"with-umce","1","2026-09-26T21:52:38.5101975+00:00","1eb50fb702881358824526c667271024104dd5c27a9cd35da157bce789abdbb9","10","0","0","0","0","0","False","15","11","7,5","11,6","330,6","100","0","42,66884339144654","1462292480","[23:52:38] [Server thread/INFO]: The game is running normally [23:52:38] [Server thread/INFO]: Target tick rate: 20,0 per second. Average time per tick: 11,0ms (Target: 50,0ms) [23:52:38] [Server thread/INFO]: Percentiles: P50: 7,5ms P95: 11,6ms P99: 330,6ms, sample: 100"
"with-umce","1","2026-09-26T21:52:38.6336133+00:00","1eb50fb702881358824526c667271024104dd5c27a9cd35da157bce789abdbb9","10","0","0","0","0","0","False","15","11","7,5","11,6","330,6","100","45,12387767891437","42,66884339144654","1462292480","[23:52:38] [Server thread/INFO]: The game is running normally [23:52:38] [Server thread/INFO]: Target tick rate: 20,0 per second. Average time per tick: 11,0ms (Target: 50,0ms) [23:52:38] [Server thread/INFO]: Percentiles: P50: 7,5ms P95: 11,6ms P99: 330,6ms, sample: 100"
"with-umce","1","2026-09-26T21:52:38.7721171+00:00","1eb50fb702881358824526c667271024104dd5c27a9cd35da157bce789abdbb9","10","0","0","0","0","0","False","15","11","7,4","10,7","330,6","100","0","42,66884339144654","1462292480","[23:52:38] [Server thread/INFO]: The game is running normally [23:52:38] [Server thread/INFO]: Target tick rate: 20,0 per second. Average time per tick: 11,0ms (Target: 50,0ms) [23:52:38] [Server thread/INFO]: Percentiles: P50: 7,4ms P95: 10,7ms P99: 330,6ms, sample: 100"
"with-umce","1","2026-09-26T21:52:38.9092028+00:00","1eb50fb702881358824526c667271024104dd5c27a9cd35da157bce789abdbb9","10","0","0","0","0","0","False","15","10,9","7,4","10,2","330,6","100","25,50935029929611","42,66884339144654","1462292480","[23:52:38] [Server thread/INFO]: The game is running normally [23:52:38] [Server thread/INFO]: Target tick rate: 20,0 per second. Average time per tick: 10,9ms (Target: 50,0ms) [23:52:38] [Server thread/INFO]: Percentiles: P50: 7,4ms P95: 10,2ms P99: 330,6ms, sample: 100"
"with-umce","1","2026-09-26T21:52:39.0317326+00:00","1eb50fb702881358824526c667271024104dd5c27a9cd35da157bce789abdbb9","10","0","0","0","0","0","False","15","10,9","7,4","10,2","330,6","100","0","42,66884339144654","1462292480","[23:52:39] [Server thread/INFO]: The game is running normally [23:52:39] [Server thread/INFO]: Target tick rate: 20,0 per second. Average time per tick: 10,9ms (Target: 50,0ms) [23:52:39] [Server thread/INFO]: Percentiles: P50: 7,4ms P95: 10,2ms P99: 330,6ms, sample: 100"
"with-umce","1","2026-09-26T21:52:39.1535108+00:00","1eb50fb702881358824526c667271024104dd5c27a9cd35da157bce789abdbb9","10","0","0","0","0","0","False","15","10,8","7,4","10,2","330,6","100","25,134722110512346","42,66884339144654","1462292480","[23:52:39] [Server thread/INFO]: The game is running normally [23:52:39] [Server thread/INFO]: Target tick rate: 20,0 per second. Average time per tick: 10,8ms (Target: 50,0ms) [23:52:39] [Server thread/INFO]: Percentiles: P50: 7,4ms P95: 10,2ms P99: 330,6ms, sample: 100"
"with-umce","1","2026-09-26T21:52:39.2778427+00:00","1eb50fb702881358824526c667271024104dd5c27a9cd35da157bce789abdbb9","10","0","0","0","0","0","False","15","10,8","7,2","10,2","330,6","100","25,105221002264695","42,66884339144654","1462292480","[23:52:39] [Server thread/INFO]: The game is running normally [23:52:39] [Server thread/INFO]: Target tick rate: 20,0 per second. Average time per tick: 10,8ms (Target: 50,0ms) [23:52:39] [Server thread/INFO]: Percentiles: P50: 7,2ms P95: 10,2ms P99: 330,6ms, sample: 100"
"with-umce","1","2026-09-26T21:52:39.4023433+00:00","1eb50fb702881358824526c667271024104dd5c27a9cd35da157bce789abdbb9","10","0","0","0","0","0","False","15","10,8","7,4","10,2","330,6","100","37,75023878284372","42,66884339144654","1462292480","[23:52:39] [Server thread/INFO]: The game is running normally [23:52:39] [Server thread/INFO]: Target tick rate: 20,0 per second. Average time per tick: 10,8ms (Target: 50,0ms) [23:52:39] [Server thread/INFO]: Percentiles: P50: 7,4ms P95: 10,2ms P99: 330,6ms, sample: 100"
"with-umce","1","2026-09-26T21:52:39.5265235+00:00","1eb50fb702881358824526c667271024104dd5c27a9cd35da157bce789abdbb9","10","0","0","0","0","0","False","15","10,8","7,4","10,2","330,6","100","25,535218172904074","42,66884339144654","1462292480","[23:52:39] [Server thread/INFO]: The game is running normally [23:52:39] [Server thread/INFO]: Target tick rate: 20,0 per second. Average time per tick: 10,8ms (Target: 50,0ms) [23:52:39] [Server thread/INFO]: Percentiles: P50: 7,4ms P95: 10,2ms P99: 330,6ms, sample: 100"
"with-umce","1","2026-09-26T21:52:39.6488684+00:00","1eb50fb702881358824526c667271024104dd5c27a9cd35da157bce789abdbb9","10","0","0","0","0","0","False","15","10,7","7,2","10,2","330,6","100","22,427301453791507","42,66884339144654","1462292480","[23:52:39] [Server thread/INFO]: The game is running normally [23:52:39] [Server thread/INFO]: Target tick rate: 20,0 per second. Average time per tick: 10,7ms (Target: 50,0ms) [23:52:39] [Server thread/INFO]: Percentiles: P50: 7,2ms P95: 10,2ms P99: 330,6ms, sample: 100"
"with-umce","1","2026-09-26T21:52:39.7882608+00:00","1eb50fb702881358824526c667271024104dd5c27a9cd35da157bce789abdbb9","10","0","0","0","0","0","False","15","10,7","7,2","10,2","330,6","100","22,814265596014476","42,66884339144654","1462292480","[23:52:39] [Server thread/INFO]: The game is running normally [23:52:39] [Server thread/INFO]: Target tick rate: 20,0 per second. Average time per tick: 10,7ms (Target: 50,0ms) [23:52:39] [Server thread/INFO]: Percentiles: P50: 7,2ms P95: 10,2ms P99: 330,6ms, sample: 100"
"with-umce","1","2026-09-26T21:52:39.9251806+00:00","1eb50fb702881358824526c667271024104dd5c27a9cd35da157bce789abdbb9","10","0","0","0","0","0","False","15","10,7","7,2","10,2","330,6","100","51,876260593132415","42,66884339144654","1462292480","[23:52:39] [Server thread/INFO]: The game is running normally [23:52:39] [Server thread/INFO]: Target tick rate: 20,0 per second. Average time per tick: 10,7ms (Target: 50,0ms) [23:52:39] [Server thread/INFO]: Percentiles: P50: 7,2ms P95: 10,2ms P99: 330,6ms, sample: 100"
"with-umce","1","2026-09-26T21:52:40.0456830+00:00","1eb50fb702881358824526c667271024104dd5c27a9cd35da157bce789abdbb9","10","0","0","0","0","0","False","15","10,7","7,1","10,2","330,6","100","51,1810540021537","42,66884339144654","1462292480","[23:52:40] [Server thread/INFO]: The game is running normally [23:52:40] [Server thread/INFO]: Target tick rate: 20,0 per second. Average time per tick: 10,7ms (Target: 50,0ms) [23:52:40] [Server thread/INFO]: Percentiles: P50: 7,1ms P95: 10,2ms P99: 330,6ms, sample: 100"
"with-umce","1","2026-09-26T21:52:40.1677753+00:00","1eb50fb702881358824526c667271024104dd5c27a9cd35da157bce789abdbb9","10","0","0","0","0","0","False","15","10,7","7,1","10,2","330,6","100","50,29743893488534","42,66884339144654","1462292480","[23:52:40] [Server thread/INFO]: The game is running normally [23:52:40] [Server thread/INFO]: Target tick rate: 20,0 per second. Average time per tick: 10,7ms (Target: 50,0ms) [23:52:40] [Server thread/INFO]: Percentiles: P50: 7,1ms P95: 10,2ms P99: 330,6ms, sample: 100"
"with-umce","1","2026-09-26T21:52:40.2920304+00:00","1eb50fb702881358824526c667271024104dd5c27a9cd35da157bce789abdbb9","10","0","0","0","0","0","False","15","10,6","7","9,9","330,6","100","11,470895493351286","42,66884339144654","1462292480","[23:52:40] [Server thread/INFO]: The game is running normally [23:52:40] [Server thread/INFO]: Target tick rate: 20,0 per second. Average time per tick: 10,6ms (Target: 50,0ms) [23:52:40] [Server thread/INFO]: Percentiles: P50: 7,0ms P95: 9,9ms P99: 330,6ms, sample: 100"
"with-umce","1","2026-09-26T21:52:40.4282621+00:00","1eb50fb702881358824526c667271024104dd5c27a9cd35da157bce789abdbb9","10","0","0","0","0","0","False","15","10,6","7","9,7","330,6","100","63,89396178548149","42,66884339144654","1462292480","[23:52:40] [Server thread/INFO]: The game is running normally [23:52:40] [Server thread/INFO]: Target tick rate: 20,0 per second. Average time per tick: 10,6ms (Target: 50,0ms) [23:52:40] [Server thread/INFO]: Percentiles: P50: 7,0ms P95: 9,7ms P99: 330,6ms, sample: 100"
"with-umce","1","2026-09-26T21:52:40.5505320+00:00","1eb50fb702881358824526c667271024104dd5c27a9cd35da157bce789abdbb9","10","0","0","0","0","0","False","15","10,6","7","9,7","330,6","100","38,66531059689341","42,66884339144654","1462292480","[23:52:40] [Server thread/INFO]: The game is running normally [23:52:40] [Server thread/INFO]: Target tick rate: 20,0 per second. Average time per tick: 10,6ms (Target: 50,0ms) [23:52:40] [Server thread/INFO]: Percentiles: P50: 7,0ms P95: 9,7ms P99: 330,6ms, sample: 100"
"with-umce","1","2026-09-26T21:52:40.6717575+00:00","1eb50fb702881358824526c667271024104dd5c27a9cd35da157bce789abdbb9","10","0","0","0","0","0","False","15","10,6","7","9,7","330,6","100","38,196552328258115","42,66884339144654","1462292480","[23:52:40] [Server thread/INFO]: The game is running normally [23:52:40] [Server thread/INFO]: Target tick rate: 20,0 per second. Average time per tick: 10,6ms (Target: 50,0ms) [23:52:40] [Server thread/INFO]: Percentiles: P50: 7,0ms P95: 9,7ms P99: 330,6ms, sample: 100"
"with-umce","1","2026-09-26T21:52:40.7945049+00:00","1eb50fb702881358824526c667271024104dd5c27a9cd35da157bce789abdbb9","10","0","0","0","0","0","False","15","10,6","7","9,7","330,6","100","0","42,66884339144654","1462292480","[23:52:40] [Server thread/INFO]: The game is running normally [23:52:40] [Server thread/INFO]: Target tick rate: 20,0 per second. Average time per tick: 10,6ms (Target: 50,0ms) [23:52:40] [Server thread/INFO]: Percentiles: P50: 7,0ms P95: 9,7ms P99: 330,6ms, sample: 100"
"with-umce","1","2026-09-26T21:52:40.9190855+00:00","1eb50fb702881358824526c667271024104dd5c27a9cd35da157bce789abdbb9","10","0","0","0","0","0","False","15","7,3","6,9","9,2","21,9","100","38,072457470526835","42,66884339144654","1462292480","[23:52:40] [Server thread/INFO]: The game is running normally [23:52:40] [Server thread/INFO]: Target tick rate: 20,0 per second. Average time per tick: 7,3ms (Target: 50,0ms) [23:52:40] [Server thread/INFO]: Percentiles: P50: 6,9ms P95: 9,2ms P99: 21,9ms, sample: 100"
"with-umce","1","2026-09-26T21:52:41.0422079+00:00","1eb50fb702881358824526c667271024104dd5c27a9cd35da157bce789abdbb9","10","0","0","0","0","0","False","15","7,3","6,9","9,2","21,9","100","12,79158677894337","42,66884339144654","1462292480","[23:52:41] [Server thread/INFO]: The game is running normally [23:52:41] [Server thread/INFO]: Target tick rate: 20,0 per second. Average time per tick: 7,3ms (Target: 50,0ms) [23:52:41] [Server thread/INFO]: Percentiles: P50: 6,9ms P95: 9,2ms P99: 21,9ms, sample: 100"
"with-umce","1","2026-09-26T21:52:41.1643616+00:00","1eb50fb702881358824526c667271024104dd5c27a9cd35da157bce789abdbb9","10","0","0","0","0","0","False","15","7,3","6,9","9,2","21,9","100","79,2674132841676","42,66884339144654","1462292480","[23:52:41] [Server thread/INFO]: The game is running normally [23:52:41] [Server thread/INFO]: Target tick rate: 20,0 per second. Average time per tick: 7,3ms (Target: 50,0ms) [23:52:41] [Server thread/INFO]: Percentiles: P50: 6,9ms P95: 9,2ms P99: 21,9ms, sample: 100"
"with-umce","1","2026-09-26T21:52:41.3023544+00:00","1eb50fb702881358824526c667271024104dd5c27a9cd35da157bce789abdbb9","10","0","0","0","0","0","False","15","7,2","6,9","9,1","21,9","100","50,324978581689116","42,66884339144654","1462292480","[23:52:41] [Server thread/INFO]: The game is running normally [23:52:41] [Server thread/INFO]: Target tick rate: 20,0 per second. Average time per tick: 7,2ms (Target: 50,0ms) [23:52:41] [Server thread/INFO]: Percentiles: P50: 6,9ms P95: 9,1ms P99: 21,9ms, sample: 100"
"with-umce","1","2026-09-26T21:52:41.4265306+00:00","1eb50fb702881358824526c667271024104dd5c27a9cd35da157bce789abdbb9","10","0","0","0","0","0","False","15","7,1","6,9","9,1","9,9","100","49,55385671720367","42,66884339144654","1462292480","[23:52:41] [Server thread/INFO]: The game is running normally [23:52:41] [Server thread/INFO]: Target tick rate: 20,0 per second. Average time per tick: 7,1ms (Target: 50,0ms) [23:52:41] [Server thread/INFO]: Percentiles: P50: 6,9ms P95: 9,1ms P99: 9,9ms, sample: 100"
"with-umce","1","2026-09-26T21:52:41.5526968+00:00","1eb50fb702881358824526c667271024104dd5c27a9cd35da157bce789abdbb9","10","0","0","0","0","0","False","15","7","6,9","9,1","9,9","100","0","42,66884339144654","1462292480","[23:52:41] [Server thread/INFO]: The game is running normally [23:52:41] [Server thread/INFO]: Target tick rate: 20,0 per second. Average time per tick: 7,0ms (Target: 50,0ms) [23:52:41] [Server thread/INFO]: Percentiles: P50: 6,9ms P95: 9,1ms P99: 9,9ms, sample: 100"
"with-umce","1","2026-09-26T21:52:41.6733745+00:00","1eb50fb702881358824526c667271024104dd5c27a9cd35da157bce789abdbb9","10","0","0","0","0","0","False","15","7","6,9","9,1","9,9","100","62,69203825157222","42,66884339144654","1462292480","[23:52:41] [Server thread/INFO]: The game is running normally [23:52:41] [Server thread/INFO]: Target tick rate: 20,0 per second. Average time per tick: 7,0ms (Target: 50,0ms) [23:52:41] [Server thread/INFO]: Percentiles: P50: 6,9ms P95: 9,1ms P99: 9,9ms, sample: 100"
"with-umce","1","2026-09-26T21:52:41.7979942+00:00","1eb50fb702881358824526c667271024104dd5c27a9cd35da157bce789abdbb9","10","0","0","0","0","0","False","15","7,1","6,9","9,1","11,3","100","0","42,66884339144654","1462292480","[23:52:41] [Server thread/INFO]: The game is running normally [23:52:41] [Server thread/INFO]: Target tick rate: 20,0 per second. Average time per tick: 7,1ms (Target: 50,0ms) [23:52:41] [Server thread/INFO]: Percentiles: P50: 6,9ms P95: 9,1ms P99: 11,3ms, sample: 100"
"with-umce","1","2026-09-26T21:52:41.9195961+00:00","1eb50fb702881358824526c667271024104dd5c27a9cd35da157bce789abdbb9","10","0","0","0","0","0","False","15","7,1","6,9","9,1","11,3","100","37,91537046653498","42,66884339144654","1462292480","[23:52:41] [Server thread/INFO]: The game is running normally [23:52:41] [Server thread/INFO]: Target tick rate: 20,0 per second. Average time per tick: 7,1ms (Target: 50,0ms) [23:52:41] [Server thread/INFO]: Percentiles: P50: 6,9ms P95: 9,1ms P99: 11,3ms, sample: 100"
"with-umce","1","2026-09-26T21:52:42.0432382+00:00","1eb50fb702881358824526c667271024104dd5c27a9cd35da157bce789abdbb9","10","0","0","0","0","0","False","15","7","6,9","9,1","11,3","100","0","42,66884339144654","1462292480","[23:52:42] [Server thread/INFO]: The game is running normally [23:52:42] [Server thread/INFO]: Target tick rate: 20,0 per second. Average time per tick: 7,0ms (Target: 50,0ms) [23:52:42] [Server thread/INFO]: Percentiles: P50: 6,9ms P95: 9,1ms P99: 11,3ms, sample: 100"
"with-umce","1","2026-09-26T21:52:42.1671942+00:00","1eb50fb702881358824526c667271024104dd5c27a9cd35da157bce789abdbb9","10","0","0","0","0","0","False","15","7","6,7","9,1","11,3","100","38,00769154052168","42,66884339144654","1462292480","[23:52:42] [Server thread/INFO]: The game is running normally [23:52:42] [Server thread/INFO]: Target tick rate: 20,0 per second. Average time per tick: 7,0ms (Target: 50,0ms) [23:52:42] [Server thread/INFO]: Percentiles: P50: 6,7ms P95: 9,1ms P99: 11,3ms, sample: 100"
"with-umce","1","2026-09-26T21:52:42.2905365+00:00","1eb50fb702881358824526c667271024104dd5c27a9cd35da157bce789abdbb9","10","0","0","0","0","0","False","15","7","6,7","9,1","11,3","100","0","42,66884339144654","1462292480","[23:52:42] [Server thread/INFO]: The game is running normally [23:52:42] [Server thread/INFO]: Target tick rate: 20,0 per second. Average time per tick: 7,0ms (Target: 50,0ms) [23:52:42] [Server thread/INFO]: Percentiles: P50: 6,7ms P95: 9,1ms P99: 11,3ms, sample: 100"
"with-umce","1","2026-09-26T21:52:42.4289984+00:00","1eb50fb702881358824526c667271024104dd5c27a9cd35da157bce789abdbb9","10","0","0","0","0","0","False","15","6,9","6,6","9,1","11,3","100","34,001417360416475","42,66884339144654","1462292480","[23:52:42] [Server thread/INFO]: The game is running normally [23:52:42] [Server thread/INFO]: Target tick rate: 20,0 per second. Average time per tick: 6,9ms (Target: 50,0ms) [23:52:42] [Server thread/INFO]: Percentiles: P50: 6,6ms P95: 9,1ms P99: 11,3ms, sample: 100"
"with-umce","1","2026-09-26T21:52:42.5668502+00:00","1eb50fb702881358824526c667271024104dd5c27a9cd35da157bce789abdbb9","10","0","0","0","0","0","False","15","6,9","6,6","8,8","11,3","100","12,676394565660074","42,66884339144654","1462292480","[23:52:42] [Server thread/INFO]: The game is running normally [23:52:42] [Server thread/INFO]: Target tick rate: 20,0 per second. Average time per tick: 6,9ms (Target: 50,0ms) [23:52:42] [Server thread/INFO]: Percentiles: P50: 6,6ms P95: 8,8ms P99: 11,3ms, sample: 100"
"with-umce","1","2026-09-26T21:52:42.6900968+00:00","1eb50fb702881358824526c667271024104dd5c27a9cd35da157bce789abdbb9","10","0","0","0","0","0","False","15","6,9","6,6","8,8","11,3","100","64,08715689274291","42,66884339144654","1462292480","[23:52:42] [Server thread/INFO]: The game is running normally [23:52:42] [Server thread/INFO]: Target tick rate: 20,0 per second. Average time per tick: 6,9ms (Target: 50,0ms) [23:52:42] [Server thread/INFO]: Percentiles: P50: 6,6ms P95: 8,8ms P99: 11,3ms, sample: 100"
"with-umce","1","2026-09-26T21:52:42.8119823+00:00","1eb50fb702881358824526c667271024104dd5c27a9cd35da157bce789abdbb9","10","0","0","0","0","0","False","15","6,8","6,6","8,8","11,3","100","12,805351284591865","42,66884339144654","1462292480","[23:52:42] [Server thread/INFO]: The game is running normally [23:52:42] [Server thread/INFO]: Target tick rate: 20,0 per second. Average time per tick: 6,8ms (Target: 50,0ms) [23:52:42] [Server thread/INFO]: Percentiles: P50: 6,6ms P95: 8,8ms P99: 11,3ms, sample: 100"
"with-umce","1","2026-09-26T21:52:42.9340070+00:00","1eb50fb702881358824526c667271024104dd5c27a9cd35da157bce789abdbb9","10","0","0","0","0","0","False","15","6,8","6,6","8,8","11,3","100","63,41731883346227","42,66884339144654","1462292480","[23:52:42] [Server thread/INFO]: The game is running normally [23:52:42] [Server thread/INFO]: Target tick rate: 20,0 per second. Average time per tick: 6,8ms (Target: 50,0ms) [23:52:42] [Server thread/INFO]: Percentiles: P50: 6,6ms P95: 8,8ms P99: 11,3ms, sample: 100"
"with-umce","1","2026-09-26T21:52:43.0572681+00:00","1eb50fb702881358824526c667271024104dd5c27a9cd35da157bce789abdbb9","10","0","0","0","0","0","False","15","6,8","6,6","8,8","11,3","100","12,665461590214564","42,66884339144654","1462292480","[23:52:43] [Server thread/INFO]: The game is running normally [23:52:43] [Server thread/INFO]: Target tick rate: 20,0 per second. Average time per tick: 6,8ms (Target: 50,0ms) [23:52:43] [Server thread/INFO]: Percentiles: P50: 6,6ms P95: 8,8ms P99: 11,3ms, sample: 100"
"with-umce","1","2026-09-26T21:52:43.1808194+00:00","1eb50fb702881358824526c667271024104dd5c27a9cd35da157bce789abdbb9","10","0","0","0","0","0","False","15","6,8","6,6","8,8","11,3","100","25,07023677534982","42,66884339144654","1462292480","[23:52:43] [Server thread/INFO]: The game is running normally [23:52:43] [Server thread/INFO]: Target tick rate: 20,0 per second. Average time per tick: 6,8ms (Target: 50,0ms) [23:52:43] [Server thread/INFO]: Percentiles: P50: 6,6ms P95: 8,8ms P99: 11,3ms, sample: 100"
"with-umce","1","2026-09-26T21:52:43.3052296+00:00","1eb50fb702881358824526c667271024104dd5c27a9cd35da157bce789abdbb9","10","0","0","0","0","0","False","15","6,8","6,6","8,8","11,3","100","0","42,66884339144654","1462292480","[23:52:43] [Server thread/INFO]: The game is running normally [23:52:43] [Server thread/INFO]: Target tick rate: 20,0 per second. Average time per tick: 6,8ms (Target: 50,0ms) [23:52:43] [Server thread/INFO]: Percentiles: P50: 6,6ms P95: 8,8ms P99: 11,3ms, sample: 100"
"with-umce","1","2026-09-26T21:52:43.4423872+00:00","1eb50fb702881358824526c667271024104dd5c27a9cd35da157bce789abdbb9","10","0","0","0","0","0","False","15","6,8","6,5","8,8","11,3","100","76,00829564673127","42,66884339144654","1462292480","[23:52:43] [Server thread/INFO]: The game is running normally [23:52:43] [Server thread/INFO]: Target tick rate: 20,0 per second. Average time per tick: 6,8ms (Target: 50,0ms) [23:52:43] [Server thread/INFO]: Percentiles: P50: 6,5ms P95: 8,8ms P99: 11,3ms, sample: 100"
"with-umce","1","2026-09-26T21:52:43.5657117+00:00","1eb50fb702881358824526c667271024104dd5c27a9cd35da157bce789abdbb9","10","0","0","0","0","0","False","15","6,8","6,5","9,1","11,3","100","25,63212932044919","42,66884339144654","1462292480","[23:52:43] [Server thread/INFO]: The game is running normally [23:52:43] [Server thread/INFO]: Target tick rate: 20,0 per second. Average time per tick: 6,8ms (Target: 50,0ms) [23:52:43] [Server thread/INFO]: Percentiles: P50: 6,5ms P95: 9,1ms P99: 11,3ms, sample: 100"
"with-umce","1","2026-09-26T21:52:43.6876339+00:00","1eb50fb702881358824526c667271024104dd5c27a9cd35da157bce789abdbb9","10","0","0","0","0","0","False","15","6,8","6,5","9,1","11,3","100","51,40284533253941","42,66884339144654","1462292480","[23:52:43] [Server thread/INFO]: The game is running normally [23:52:43] [Server thread/INFO]: Target tick rate: 20,0 per second. Average time per tick: 6,8ms (Target: 50,0ms) [23:52:43] [Server thread/INFO]: Percentiles: P50: 6,5ms P95: 9,1ms P99: 11,3ms, sample: 100"
"with-umce","1","2026-09-26T21:52:43.8091962+00:00","1eb50fb702881358824526c667271024104dd5c27a9cd35da157bce789abdbb9","10","0","0","0","0","0","False","15","6,8","6,5","9,2","11,3","100","38,171482177276914","42,66884339144654","1462292480","[23:52:43] [Server thread/INFO]: The game is running normally [23:52:43] [Server thread/INFO]: Target tick rate: 20,0 per second. Average time per tick: 6,8ms (Target: 50,0ms) [23:52:43] [Server thread/INFO]: Percentiles: P50: 6,5ms P95: 9,2ms P99: 11,3ms, sample: 100"
"with-umce","1","2026-09-26T21:52:43.9319935+00:00","1eb50fb702881358824526c667271024104dd5c27a9cd35da157bce789abdbb9","10","0","0","0","0","0","False","15","6,8","6,5","9,9","12","100","62,44589687494755","42,66884339144654","1462292480","[23:52:43] [Server thread/INFO]: The game is running normally [23:52:43] [Server thread/INFO]: Target tick rate: 20,0 per second. Average time per tick: 6,8ms (Target: 50,0ms) [23:52:43] [Server thread/INFO]: Percentiles: P50: 6,5ms P95: 9,9ms P99: 12,0ms, sample: 100"
"with-umce","1","2026-09-26T21:52:44.0571422+00:00","1eb50fb702881358824526c667271024104dd5c27a9cd35da157bce789abdbb9","10","0","0","0","0","0","False","15","6,8","6,5","9,9","12","100","25,375620078652243","42,66884339144654","1462292480","[23:52:44] [Server thread/INFO]: The game is running normally [23:52:44] [Server thread/INFO]: Target tick rate: 20,0 per second. Average time per tick: 6,8ms (Target: 50,0ms) [23:52:44] [Server thread/INFO]: Percentiles: P50: 6,5ms P95: 9,9ms P99: 12,0ms, sample: 100"
"with-umce","1","2026-09-26T21:52:44.1802819+00:00","1eb50fb702881358824526c667271024104dd5c27a9cd35da157bce789abdbb9","10","0","0","0","0","0","False","15","6,8","6,5","9,9","12","100","22,74043737319932","42,66884339144654","1462292480","[23:52:44] [Server thread/INFO]: The game is running normally [23:52:44] [Server thread/INFO]: Target tick rate: 20,0 per second. Average time per tick: 6,8ms (Target: 50,0ms) [23:52:44] [Server thread/INFO]: Percentiles: P50: 6,5ms P95: 9,9ms P99: 12,0ms, sample: 100"
"with-umce","1","2026-09-26T21:52:44.3176725+00:00","1eb50fb702881358824526c667271024104dd5c27a9cd35da157bce789abdbb9","10","0","0","0","0","0","False","15","6,8","6,5","9,9","12","100","0","42,66884339144654","1462292480","[23:52:44] [Server thread/INFO]: The game is running normally [23:52:44] [Server thread/INFO]: Target tick rate: 20,0 per second. Average time per tick: 6,8ms (Target: 50,0ms) [23:52:44] [Server thread/INFO]: Percentiles: P50: 6,5ms P95: 9,9ms P99: 12,0ms, sample: 100"
"with-umce","1","2026-09-26T21:52:44.4403818+00:00","1eb50fb702881358824526c667271024104dd5c27a9cd35da157bce789abdbb9","10","0","0","0","0","0","False","15","6,8","6,5","9,9","12","100","49,714361166481865","42,66884339144654","1462292480","[23:52:44] [Server thread/INFO]: The game is running normally [23:52:44] [Server thread/INFO]: Target tick rate: 20,0 per second. Average time per tick: 6,8ms (Target: 50,0ms) [23:52:44] [Server thread/INFO]: Percentiles: P50: 6,5ms P95: 9,9ms P99: 12,0ms, sample: 100"
"with-umce","1","2026-09-26T21:52:44.5660920+00:00","1eb50fb702881358824526c667271024104dd5c27a9cd35da157bce789abdbb9","10","0","0","0","0","0","False","15","6,8","6,5","9,9","12","100","0","42,66884339144654","1462292480","[23:52:44] [Server thread/INFO]: The game is running normally [23:52:44] [Server thread/INFO]: Target tick rate: 20,0 per second. Average time per tick: 6,8ms (Target: 50,0ms) [23:52:44] [Server thread/INFO]: Percentiles: P50: 6,5ms P95: 9,9ms P99: 12,0ms, sample: 100"
"with-umce","1","2026-09-26T21:52:44.6901504+00:00","1eb50fb702881358824526c667271024104dd5c27a9cd35da157bce789abdbb9","10","0","0","0","0","0","False","15","6,8","6,5","9,9","12","100","50,39306591413021","42,66884339144654","1462292480","[23:52:44] [Server thread/INFO]: The game is running normally [23:52:44] [Server thread/INFO]: Target tick rate: 20,0 per second. Average time per tick: 6,8ms (Target: 50,0ms) [23:52:44] [Server thread/INFO]: Percentiles: P50: 6,5ms P95: 9,9ms P99: 12,0ms, sample: 100"
"with-umce","1","2026-09-26T21:52:44.8141400+00:00","1eb50fb702881358824526c667271024104dd5c27a9cd35da157bce789abdbb9","10","0","0","0","0","0","False","15","6,8","6,5","9,9","12","100","0","42,66884339144654","1462292480","[23:52:44] [Server thread/INFO]: The game is running normally [23:52:44] [Server thread/INFO]: Target tick rate: 20,0 per second. Average time per tick: 6,8ms (Target: 50,0ms) [23:52:44] [Server thread/INFO]: Percentiles: P50: 6,5ms P95: 9,9ms P99: 12,0ms, sample: 100"
"with-umce","1","2026-09-26T21:52:44.9378053+00:00","1eb50fb702881358824526c667271024104dd5c27a9cd35da157bce789abdbb9","10","0","0","0","0","0","False","15","6,8","6,5","9,2","12","100","38,45538559984249","42,66884339144654","1462292480","[23:52:44] [Server thread/INFO]: The game is running normally [23:52:44] [Server thread/INFO]: Target tick rate: 20,0 per second. Average time per tick: 6,8ms (Target: 50,0ms) [23:52:44] [Server thread/INFO]: Percentiles: P50: 6,5ms P95: 9,2ms P99: 12,0ms, sample: 100"
"with-umce","1","2026-09-26T21:52:45.0597052+00:00","1eb50fb702881358824526c667271024104dd5c27a9cd35da157bce789abdbb9","10","0","0","0","0","0","False","15","6,8","6,5","9,2","12","100","0","42,66884339144654","1462292480","[23:52:45] [Server thread/INFO]: The game is running normally [23:52:45] [Server thread/INFO]: Target tick rate: 20,0 per second. Average time per tick: 6,8ms (Target: 50,0ms) [23:52:45] [Server thread/INFO]: Percentiles: P50: 6,5ms P95: 9,2ms P99: 12,0ms, sample: 100"
"with-umce","1","2026-09-26T21:52:45.1821625+00:00","1eb50fb702881358824526c667271024104dd5c27a9cd35da157bce789abdbb9","10","0","0","0","0","0","False","15","6,8","6,5","9,2","12","100","63,376676896169336","42,66884339144654","1462292480","[23:52:45] [Server thread/INFO]: The game is running normally [23:52:45] [Server thread/INFO]: Target tick rate: 20,0 per second. Average time per tick: 6,8ms (Target: 50,0ms) [23:52:45] [Server thread/INFO]: Percentiles: P50: 6,5ms P95: 9,2ms P99: 12,0ms, sample: 100"
"with-umce","1","2026-09-26T21:52:45.3054230+00:00","1eb50fb702881358824526c667271024104dd5c27a9cd35da157bce789abdbb9","10","0","0","0","0","0","False","15","6,8","6,5","10,6","12,5","100","0","42,66884339144654","1462292480","[23:52:45] [Server thread/INFO]: The game is running normally [23:52:45] [Server thread/INFO]: Target tick rate: 20,0 per second. Average time per tick: 6,8ms (Target: 50,0ms) [23:52:45] [Server thread/INFO]: Percentiles: P50: 6,5ms P95: 10,6ms P99: 12,5ms, sample: 100"
"with-umce","1","2026-09-26T21:52:45.4447051+00:00","1eb50fb702881358824526c667271024104dd5c27a9cd35da157bce789abdbb9","10","0","0","0","0","0","False","15","6,8","6,5","10,6","12,5","100","11,326904242895223","42,66884339144654","1462292480","[23:52:45] [Server thread/INFO]: The game is running normally [23:52:45] [Server thread/INFO]: Target tick rate: 20,0 per second. Average time per tick: 6,8ms (Target: 50,0ms) [23:52:45] [Server thread/INFO]: Percentiles: P50: 6,5ms P95: 10,6ms P99: 12,5ms, sample: 100"
"with-umce","1","2026-09-26T21:52:45.5826321+00:00","1eb50fb702881358824526c667271024104dd5c27a9cd35da157bce789abdbb9","10","0","0","0","0","0","False","15","6,8","6,5","10,6","12,5","100","25,21849302355609","42,66884339144654","1462292480","[23:52:45] [Server thread/INFO]: The game is running normally [23:52:45] [Server thread/INFO]: Target tick rate: 20,0 per second. Average time per tick: 6,8ms (Target: 50,0ms) [23:52:45] [Server thread/INFO]: Percentiles: P50: 6,5ms P95: 10,6ms P99: 12,5ms, sample: 100"
"with-umce","1","2026-09-26T21:52:45.7065855+00:00","1eb50fb702881358824526c667271024104dd5c27a9cd35da157bce789abdbb9","10","0","0","0","0","0","False","15","6,8","6,5","10,6","12,5","100","12,60802556302399","42,66884339144654","1462292480","[23:52:45] [Server thread/INFO]: The game is running normally [23:52:45] [Server thread/INFO]: Target tick rate: 20,0 per second. Average time per tick: 6,8ms (Target: 50,0ms) [23:52:45] [Server thread/INFO]: Percentiles: P50: 6,5ms P95: 10,6ms P99: 12,5ms, sample: 100"
"with-umce","1","2026-09-26T21:52:45.8304912+00:00","1eb50fb702881358824526c667271024104dd5c27a9cd35da157bce789abdbb9","10","0","0","0","0","0","False","15","6,8","6,5","10,6","12,5","100","0","42,66884339144654","1462292480","[23:52:45] [Server thread/INFO]: The game is running normally [23:52:45] [Server thread/INFO]: Target tick rate: 20,0 per second. Average time per tick: 6,8ms (Target: 50,0ms) [23:52:45] [Server thread/INFO]: Percentiles: P50: 6,5ms P95: 10,6ms P99: 12,5ms, sample: 100"
"with-umce","1","2026-09-26T21:52:45.9545808+00:00","1eb50fb702881358824526c667271024104dd5c27a9cd35da157bce789abdbb9","10","0","0","0","0","0","False","15","6,7","6,5","10,6","12,5","100","113,4513577051725","42,66884339144654","1462292480","[23:52:45] [Server thread/INFO]: The game is running normally [23:52:45] [Server thread/INFO]: Target tick rate: 20,0 per second. Average time per tick: 6,7ms (Target: 50,0ms) [23:52:45] [Server thread/INFO]: Percentiles: P50: 6,5ms P95: 10,6ms P99: 12,5ms, sample: 100"
"with-umce","1","2026-09-26T21:52:46.0783974+00:00","1eb50fb702881358824526c667271024104dd5c27a9cd35da157bce789abdbb9","10","0","0","0","0","0","False","15","6,7","6,5","10,6","12,5","100","12,645811262177412","42,66884339144654","1462292480","[23:52:46] [Server thread/INFO]: The game is running normally [23:52:46] [Server thread/INFO]: Target tick rate: 20,0 per second. Average time per tick: 6,7ms (Target: 50,0ms) [23:52:46] [Server thread/INFO]: Percentiles: P50: 6,5ms P95: 10,6ms P99: 12,5ms, sample: 100"
"with-umce","1","2026-09-26T21:52:46.2019597+00:00","1eb50fb702881358824526c667271024104dd5c27a9cd35da157bce789abdbb9","10","0","0","0","0","0","False","15","6,7","6,5","10,6","12,5","100","51,05846234785599","42,66884339144654","1462292480","[23:52:46] [Server thread/INFO]: The game is running normally [23:52:46] [Server thread/INFO]: Target tick rate: 20,0 per second. Average time per tick: 6,7ms (Target: 50,0ms) [23:52:46] [Server thread/INFO]: Percentiles: P50: 6,5ms P95: 10,6ms P99: 12,5ms, sample: 100"
"with-umce","1","2026-09-26T21:52:46.3243610+00:00","1eb50fb702881358824526c667271024104dd5c27a9cd35da157bce789abdbb9","10","0","0","0","0","0","False","15","6,7","6,5","10,6","12,5","100","0","42,66884339144654","1462292480","[23:52:46] [Server thread/INFO]: The game is running normally [23:52:46] [Server thread/INFO]: Target tick rate: 20,0 per second. Average time per tick: 6,7ms (Target: 50,0ms) [23:52:46] [Server thread/INFO]: Percentiles: P50: 6,5ms P95: 10,6ms P99: 12,5ms, sample: 100"
"with-umce","1","2026-09-26T21:52:46.4477549+00:00","1eb50fb702881358824526c667271024104dd5c27a9cd35da157bce789abdbb9","10","0","0","0","0","0","False","15","6,7","6,5","10,6","12,5","100","25,350382851621976","42,66884339144654","1462292480","[23:52:46] [Server thread/INFO]: The game is running normally [23:52:46] [Server thread/INFO]: Target tick rate: 20,0 per second. Average time per tick: 6,7ms (Target: 50,0ms) [23:52:46] [Server thread/INFO]: Percentiles: P50: 6,5ms P95: 10,6ms P99: 12,5ms, sample: 100"
"with-umce","1","2026-09-26T21:52:46.5710461+00:00","1eb50fb702881358824526c667271024104dd5c27a9cd35da157bce789abdbb9","10","0","0","0","0","0","False","15","6,7","6,4","10,6","12,5","100","22,8027955862544","42,66884339144654","1462292480","[23:52:46] [Server thread/INFO]: The game is running normally [23:52:46] [Server thread/INFO]: Target tick rate: 20,0 per second. Average time per tick: 6,7ms (Target: 50,0ms) [23:52:46] [Server thread/INFO]: Percentiles: P50: 6,4ms P95: 10,6ms P99: 12,5ms, sample: 100"
"with-umce","1","2026-09-26T21:52:46.7080533+00:00","1eb50fb702881358824526c667271024104dd5c27a9cd35da157bce789abdbb9","10","0","0","0","0","0","False","15","6,7","6,4","10,6","12,5","100","0","42,66884339144654","1462292480","[23:52:46] [Server thread/INFO]: The game is running normally [23:52:46] [Server thread/INFO]: Target tick rate: 20,0 per second. Average time per tick: 6,7ms (Target: 50,0ms) [23:52:46] [Server thread/INFO]: Percentiles: P50: 6,4ms P95: 10,6ms P99: 12,5ms, sample: 100"
"with-umce","1","2026-09-26T21:52:46.8318537+00:00","1eb50fb702881358824526c667271024104dd5c27a9cd35da157bce789abdbb9","10","0","0","0","0","0","False","15","6,6","6,4","9,2","12,5","100","26,0357218435124","42,66884339144654","1462292480","[23:52:46] [Server thread/INFO]: The game is running normally [23:52:46] [Server thread/INFO]: Target tick rate: 20,0 per second. Average time per tick: 6,6ms (Target: 50,0ms) [23:52:46] [Server thread/INFO]: Percentiles: P50: 6,4ms P95: 9,2ms P99: 12,5ms, sample: 100"
"with-umce","1","2026-09-26T21:52:46.9518683+00:00","1eb50fb702881358824526c667271024104dd5c27a9cd35da157bce789abdbb9","10","0","0","0","0","0","False","15","6,6","6,4","9,2","12,5","100","25,49228664587584","42,66884339144654","1462292480","[23:52:46] [Server thread/INFO]: The game is running normally [23:52:46] [Server thread/INFO]: Target tick rate: 20,0 per second. Average time per tick: 6,6ms (Target: 50,0ms) [23:52:46] [Server thread/INFO]: Percentiles: P50: 6,4ms P95: 9,2ms P99: 12,5ms, sample: 100"
"with-umce","1","2026-09-26T21:52:47.0744630+00:00","1eb50fb702881358824526c667271024104dd5c27a9cd35da157bce789abdbb9","10","0","0","0","0","0","False","15","6,7","6,5","9,2","12,5","100","25,43067354257827","42,66884339144654","1462292480","[23:52:47] [Server thread/INFO]: The game is running normally [23:52:47] [Server thread/INFO]: Target tick rate: 20,0 per second. Average time per tick: 6,7ms (Target: 50,0ms) [23:52:47] [Server thread/INFO]: Percentiles: P50: 6,5ms P95: 9,2ms P99: 12,5ms, sample: 100"
"with-umce","1","2026-09-26T21:52:47.1973329+00:00","1eb50fb702881358824526c667271024104dd5c27a9cd35da157bce789abdbb9","10","0","0","0","0","0","False","15","6,7","6,5","9,2","12,5","100","22,61528185154388","42,66884339144654","1462292480","[23:52:47] [Server thread/INFO]: The game is running normally [23:52:47] [Server thread/INFO]: Target tick rate: 20,0 per second. Average time per tick: 6,7ms (Target: 50,0ms) [23:52:47] [Server thread/INFO]: Percentiles: P50: 6,5ms P95: 9,2ms P99: 12,5ms, sample: 100"
"with-umce","1","2026-09-26T21:52:47.3355323+00:00","1eb50fb702881358824526c667271024104dd5c27a9cd35da157bce789abdbb9","10","0","0","0","0","0","False","15","6,7","6,5","9,2","12,5","100","11,28071694100167","42,66884339144654","1462292480","[23:52:47] [Server thread/INFO]: The game is running normally [23:52:47] [Server thread/INFO]: Target tick rate: 20,0 per second. Average time per tick: 6,7ms (Target: 50,0ms) [23:52:47] [Server thread/INFO]: Percentiles: P50: 6,5ms P95: 9,2ms P99: 12,5ms, sample: 100"
"with-umce","1","2026-09-26T21:52:47.4740406+00:00","1eb50fb702881358824526c667271024104dd5c27a9cd35da157bce789abdbb9","10","0","0","0","0","0","False","15","6,7","6,5","9,2","12,5","100","12,713557249250002","42,66884339144654","1462292480","[23:52:47] [Server thread/INFO]: The game is running normally [23:52:47] [Server thread/INFO]: Target tick rate: 20,0 per second. Average time per tick: 6,7ms (Target: 50,0ms) [23:52:47] [Server thread/INFO]: Percentiles: P50: 6,5ms P95: 9,2ms P99: 12,5ms, sample: 100"
"with-umce","1","2026-09-26T21:52:47.5969228+00:00","1eb50fb702881358824526c667271024104dd5c27a9cd35da157bce789abdbb9","10","0","0","0","0","0","False","15","6,7","6,5","9,2","12,5","100","50,09907593256424","42,66884339144654","1462292480","[23:52:47] [Server thread/INFO]: The game is running normally [23:52:47] [Server thread/INFO]: Target tick rate: 20,0 per second. Average time per tick: 6,7ms (Target: 50,0ms) [23:52:47] [Server thread/INFO]: Percentiles: P50: 6,5ms P95: 9,2ms P99: 12,5ms, sample: 100"
"with-umce","1","2026-09-26T21:52:47.7216690+00:00","1eb50fb702881358824526c667271024104dd5c27a9cd35da157bce789abdbb9","10","0","0","0","0","0","False","15","6,7","6,5","9,2","12,5","100","25,35099980287063","42,66884339144654","1462292480","[23:52:47] [Server thread/INFO]: The game is running normally [23:52:47] [Server thread/INFO]: Target tick rate: 20,0 per second. Average time per tick: 6,7ms (Target: 50,0ms) [23:52:47] [Server thread/INFO]: Percentiles: P50: 6,5ms P95: 9,2ms P99: 12,5ms, sample: 100"
"with-umce","1","2026-09-26T21:52:47.8449415+00:00","1eb50fb702881358824526c667271024104dd5c27a9cd35da157bce789abdbb9","10","0","0","0","0","0","False","15","6,8","6,5","9,2","12,5","100","38,35118146183659","42,66884339144654","1462292480","[23:52:47] [Server thread/INFO]: The game is running normally [23:52:47] [Server thread/INFO]: Target tick rate: 20,0 per second. Average time per tick: 6,8ms (Target: 50,0ms) [23:52:47] [Server thread/INFO]: Percentiles: P50: 6,5ms P95: 9,2ms P99: 12,5ms, sample: 100"
"with-umce","1","2026-09-26T21:52:47.9672072+00:00","1eb50fb702881358824526c667271024104dd5c27a9cd35da157bce789abdbb9","10","0","0","0","0","0","False","15","6,8","6,5","9,3","12,5","100","37,7754282021072","42,66884339144654","1462292480","[23:52:48] [Server thread/INFO]: The game is running normally [23:52:48] [Server thread/INFO]: Target tick rate: 20,0 per second. Average time per tick: 6,8ms (Target: 50,0ms) [23:52:48] [Server thread/INFO]: Percentiles: P50: 6,5ms P95: 9,3ms P99: 12,5ms, sample: 100"
"with-umce","1","2026-09-26T21:52:48.0912703+00:00","1eb50fb702881358824526c667271024104dd5c27a9cd35da157bce789abdbb9","10","0","0","0","0","0","False","15","6,8","6,5","9,5","12,5","100","89,72901223021819","42,66884339144654","1462292480","[23:52:48] [Server thread/INFO]: The game is running normally [23:52:48] [Server thread/INFO]: Target tick rate: 20,0 per second. Average time per tick: 6,8ms (Target: 50,0ms) [23:52:48] [Server thread/INFO]: Percentiles: P50: 6,5ms P95: 9,5ms P99: 12,5ms, sample: 100"
"with-umce","1","2026-09-26T21:52:48.2132063+00:00","1eb50fb702881358824526c667271024104dd5c27a9cd35da157bce789abdbb9","10","0","0","0","0","0","False","15","6,8","6,5","9,5","12,5","100","37,434414905086285","42,66884339144654","1462292480","[23:52:48] [Server thread/INFO]: The game is running normally [23:52:48] [Server thread/INFO]: Target tick rate: 20,0 per second. Average time per tick: 6,8ms (Target: 50,0ms) [23:52:48] [Server thread/INFO]: Percentiles: P50: 6,5ms P95: 9,5ms P99: 12,5ms, sample: 100"
"with-umce","1","2026-09-26T21:52:48.3383595+00:00","1eb50fb702881358824526c667271024104dd5c27a9cd35da157bce789abdbb9","10","0","0","0","0","0","False","15","6,8","6,5","9,5","12,5","100","38,295786442270376","42,66884339144654","1462292480","[23:52:48] [Server thread/INFO]: The game is running normally [23:52:48] [Server thread/INFO]: Target tick rate: 20,0 per second. Average time per tick: 6,8ms (Target: 50,0ms) [23:52:48] [Server thread/INFO]: Percentiles: P50: 6,5ms P95: 9,5ms P99: 12,5ms, sample: 100"
"with-umce","1","2026-09-26T21:52:48.4607655+00:00","1eb50fb702881358824526c667271024104dd5c27a9cd35da157bce789abdbb9","10","0","0","0","0","0","False","15","6,8","6,6","9,5","12,5","100","11,426168668531417","42,66884339144654","1462292480","[23:52:48] [Server thread/INFO]: The game is running normally [23:52:48] [Server thread/INFO]: Target tick rate: 20,0 per second. Average time per tick: 6,8ms (Target: 50,0ms) [23:52:48] [Server thread/INFO]: Percentiles: P50: 6,6ms P95: 9,5ms P99: 12,5ms, sample: 100"
"with-umce","1","2026-09-26T21:52:48.5975197+00:00","1eb50fb702881358824526c667271024104dd5c27a9cd35da157bce789abdbb9","10","0","0","0","0","0","False","15","6,8","6,6","9,3","12,5","100","12,733128299408206","42,66884339144654","1462292480","[23:52:48] [Server thread/INFO]: The game is running normally [23:52:48] [Server thread/INFO]: Target tick rate: 20,0 per second. Average time per tick: 6,8ms (Target: 50,0ms) [23:52:48] [Server thread/INFO]: Percentiles: P50: 6,6ms P95: 9,3ms P99: 12,5ms, sample: 100"
"with-umce","1","2026-09-26T21:52:48.7202429+00:00","1eb50fb702881358824526c667271024104dd5c27a9cd35da157bce789abdbb9","10","0","0","0","0","0","False","15","6,7","6,5","9,2","12,5","100","25,235151233251933","42,66884339144654","1462292480","[23:52:48] [Server thread/INFO]: The game is running normally [23:52:48] [Server thread/INFO]: Target tick rate: 20,0 per second. Average time per tick: 6,7ms (Target: 50,0ms) [23:52:48] [Server thread/INFO]: Percentiles: P50: 6,5ms P95: 9,2ms P99: 12,5ms, sample: 100"
"with-umce","1","2026-09-26T21:52:48.8440735+00:00","1eb50fb702881358824526c667271024104dd5c27a9cd35da157bce789abdbb9","10","0","0","0","0","0","False","15","6,7","6,5","9,2","12,5","100","38,146786392644565","42,66884339144654","1462292480","[23:52:48] [Server thread/INFO]: The game is running normally [23:52:48] [Server thread/INFO]: Target tick rate: 20,0 per second. Average time per tick: 6,7ms (Target: 50,0ms) [23:52:48] [Server thread/INFO]: Percentiles: P50: 6,5ms P95: 9,2ms P99: 12,5ms, sample: 100"
"with-umce","1","2026-09-26T21:52:48.9669369+00:00","1eb50fb702881358824526c667271024104dd5c27a9cd35da157bce789abdbb9","10","0","0","0","0","0","False","15","6,7","6,5","9,1","12,5","100","25,56642935566053","42,66884339144654","1462292480","[23:52:49] [Server thread/INFO]: The game is running normally [23:52:49] [Server thread/INFO]: Target tick rate: 20,0 per second. Average time per tick: 6,7ms (Target: 50,0ms) [23:52:49] [Server thread/INFO]: Percentiles: P50: 6,5ms P95: 9,1ms P99: 12,5ms, sample: 100"
"with-umce","1","2026-09-26T21:52:49.0891987+00:00","1eb50fb702881358824526c667271024104dd5c27a9cd35da157bce789abdbb9","10","0","0","0","0","0","False","15","6,7","6,5","9,1","12,5","100","24,94131806685231","42,66884339144654","1462292480","[23:52:49] [Server thread/INFO]: The game is running normally [23:52:49] [Server thread/INFO]: Target tick rate: 20,0 per second. Average time per tick: 6,7ms (Target: 50,0ms) [23:52:49] [Server thread/INFO]: Percentiles: P50: 6,5ms P95: 9,1ms P99: 12,5ms, sample: 100"
"with-umce","1","2026-09-26T21:52:49.2144880+00:00","1eb50fb702881358824526c667271024104dd5c27a9cd35da157bce789abdbb9","10","0","0","0","0","0","False","15","6,7","6,5","9,1","12,5","100","12,314610921345693","42,66884339144654","1462292480","[23:52:49] [Server thread/INFO]: The game is running normally [23:52:49] [Server thread/INFO]: Target tick rate: 20,0 per second. Average time per tick: 6,7ms (Target: 50,0ms) [23:52:49] [Server thread/INFO]: Percentiles: P50: 6,5ms P95: 9,1ms P99: 12,5ms, sample: 100"
"with-umce","1","2026-09-26T21:52:49.3413741+00:00","1eb50fb702881358824526c667271024104dd5c27a9cd35da157bce789abdbb9","10","0","0","0","0","0","False","15","6,7","6,5","9,1","12,5","100","25,603106783389524","42,66884339144654","1462292480","[23:52:49] [Server thread/INFO]: The game is running normally [23:52:49] [Server thread/INFO]: Target tick rate: 20,0 per second. Average time per tick: 6,7ms (Target: 50,0ms) [23:52:49] [Server thread/INFO]: Percentiles: P50: 6,5ms P95: 9,1ms P99: 12,5ms, sample: 100"
"with-umce","1","2026-09-26T21:52:49.4634206+00:00","1eb50fb702881358824526c667271024104dd5c27a9cd35da157bce789abdbb9","10","0","0","0","0","0","False","15","6,6","6,5","9,1","12,5","100","12,693881264887382","42,66884339144654","1462292480","[23:52:49] [Server thread/INFO]: The game is running normally [23:52:49] [Server thread/INFO]: Target tick rate: 20,0 per second. Average time per tick: 6,6ms (Target: 50,0ms) [23:52:49] [Server thread/INFO]: Percentiles: P50: 6,5ms P95: 9,1ms P99: 12,5ms, sample: 100"
"with-umce","1","2026-09-26T21:52:49.5864962+00:00","1eb50fb702881358824526c667271024104dd5c27a9cd35da157bce789abdbb9","10","0","0","0","0","0","False","15","6,6","6,5","9,1","12,5","100","11,316477515517153","42,66884339144654","1462292480","[23:52:49] [Server thread/INFO]: The game is running normally [23:52:49] [Server thread/INFO]: Target tick rate: 20,0 per second. Average time per tick: 6,6ms (Target: 50,0ms) [23:52:49] [Server thread/INFO]: Percentiles: P50: 6,5ms P95: 9,1ms P99: 12,5ms, sample: 100"
"with-umce","1","2026-09-26T21:52:49.7245649+00:00","1eb50fb702881358824526c667271024104dd5c27a9cd35da157bce789abdbb9","10","0","0","0","0","0","False","15","6,6","6,4","9,1","12,5","100","25,28049211612685","42,66884339144654","1462292480","[23:52:49] [Server thread/INFO]: The game is running normally [23:52:49] [Server thread/INFO]: Target tick rate: 20,0 per second. Average time per tick: 6,6ms (Target: 50,0ms) [23:52:49] [Server thread/INFO]: Percentiles: P50: 6,4ms P95: 9,1ms P99: 12,5ms, sample: 100"
"with-umce","1","2026-09-26T21:52:49.8482310+00:00","1eb50fb702881358824526c667271024104dd5c27a9cd35da157bce789abdbb9","10","0","0","0","0","0","False","15","6,6","6,4","9,1","12,5","100","38,37692815920919","42,66884339144654","1462292480","[23:52:49] [Server thread/INFO]: The game is running normally [23:52:49] [Server thread/INFO]: Target tick rate: 20,0 per second. Average time per tick: 6,6ms (Target: 50,0ms) [23:52:49] [Server thread/INFO]: Percentiles: P50: 6,4ms P95: 9,1ms P99: 12,5ms, sample: 100"
"with-umce","1","2026-09-26T21:52:49.9703208+00:00","1eb50fb702881358824526c667271024104dd5c27a9cd35da157bce789abdbb9","10","0","0","0","0","0","False","15","6,5","6,4","9,1","12,5","100","25,395169148079432","42,66884339144654","1462292480","[23:52:50] [Server thread/INFO]: The game is running normally [23:52:50] [Server thread/INFO]: Target tick rate: 20,0 per second. Average time per tick: 6,5ms (Target: 50,0ms) [23:52:50] [Server thread/INFO]: Percentiles: P50: 6,4ms P95: 9,1ms P99: 12,5ms, sample: 100"
"with-umce","1","2026-09-26T21:52:50.0933754+00:00","1eb50fb702881358824526c667271024104dd5c27a9cd35da157bce789abdbb9","10","0","0","0","0","0","False","15","6,6","6,4","9,2","12,5","100","24,710824052606775","42,66884339144654","1462292480","[23:52:50] [Server thread/INFO]: The game is running normally [23:52:50] [Server thread/INFO]: Target tick rate: 20,0 per second. Average time per tick: 6,6ms (Target: 50,0ms) [23:52:50] [Server thread/INFO]: Percentiles: P50: 6,4ms P95: 9,2ms P99: 12,5ms, sample: 100"
"with-umce","1","2026-09-26T21:52:50.2198531+00:00","1eb50fb702881358824526c667271024104dd5c27a9cd35da157bce789abdbb9","10","0","0","0","0","0","False","15","6,6","6,4","9,2","12,5","100","25,67473195579838","42,66884339144654","1462292480","[23:52:50] [Server thread/INFO]: The game is running normally [23:52:50] [Server thread/INFO]: Target tick rate: 20,0 per second. Average time per tick: 6,6ms (Target: 50,0ms) [23:52:50] [Server thread/INFO]: Percentiles: P50: 6,4ms P95: 9,2ms P99: 12,5ms, sample: 100"
"with-umce","1","2026-09-26T21:52:50.3415589+00:00","1eb50fb702881358824526c667271024104dd5c27a9cd35da157bce789abdbb9","10","0","0","0","0","0","False","15","6,5","6,4","9,1","9,7","100","12,673022238011116","42,66884339144654","1462292480","[23:52:50] [Server thread/INFO]: The game is running normally [23:52:50] [Server thread/INFO]: Target tick rate: 20,0 per second. Average time per tick: 6,5ms (Target: 50,0ms) [23:52:50] [Server thread/INFO]: Percentiles: P50: 6,4ms P95: 9,1ms P99: 9,7ms, sample: 100"
"with-umce","1","2026-09-26T21:52:50.4648632+00:00","1eb50fb702881358824526c667271024104dd5c27a9cd35da157bce789abdbb9","10","0","0","0","0","0","False","15","6,5","6,4","8,8","9,7","100","0","42,66884339144654","1462292480","[23:52:50] [Server thread/INFO]: The game is running normally [23:52:50] [Server thread/INFO]: Target tick rate: 20,0 per second. Average time per tick: 6,5ms (Target: 50,0ms) [23:52:50] [Server thread/INFO]: Percentiles: P50: 6,4ms P95: 8,8ms P99: 9,7ms, sample: 100"
"with-umce","1","2026-09-26T21:52:50.5883876+00:00","1eb50fb702881358824526c667271024104dd5c27a9cd35da157bce789abdbb9","10","0","0","0","0","0","False","15","6,5","6,4","8,8","9,7","100","37,92619945904092","42,66884339144654","1462292480","[23:52:50] [Server thread/INFO]: The game is running normally [23:52:50] [Server thread/INFO]: Target tick rate: 20,0 per second. Average time per tick: 6,5ms (Target: 50,0ms) [23:52:50] [Server thread/INFO]: Percentiles: P50: 6,4ms P95: 8,8ms P99: 9,7ms, sample: 100"
"with-umce","1","2026-09-26T21:52:50.7120118+00:00","1eb50fb702881358824526c667271024104dd5c27a9cd35da157bce789abdbb9","10","0","0","0","0","0","False","15","6,5","6,4","9","9,7","100","11,373910106437961","42,66884339144654","1462292480","[23:52:50] [Server thread/INFO]: The game is running normally [23:52:50] [Server thread/INFO]: Target tick rate: 20,0 per second. Average time per tick: 6,5ms (Target: 50,0ms) [23:52:50] [Server thread/INFO]: Percentiles: P50: 6,4ms P95: 9,0ms P99: 9,7ms, sample: 100"
"with-umce","1","2026-09-26T21:52:50.8494482+00:00","1eb50fb702881358824526c667271024104dd5c27a9cd35da157bce789abdbb9","10","0","0","0","0","0","False","15","6,5","6,4","9","9,7","100","25,49794425374249","42,66884339144654","1462292480","[23:52:50] [Server thread/INFO]: The game is running normally [23:52:50] [Server thread/INFO]: Target tick rate: 20,0 per second. Average time per tick: 6,5ms (Target: 50,0ms) [23:52:50] [Server thread/INFO]: Percentiles: P50: 6,4ms P95: 9,0ms P99: 9,7ms, sample: 100"
"with-umce","2","2026-09-26T21:53:37.6480539+00:00","1eb50fb702881358824526c667271024104dd5c27a9cd35da157bce789abdbb9","10","0","0","0","0","0","False","15","6,7","6,4","9,4","13,4","100","33,65629011829782","34,37928418852091","1483141120","[23:53:37] [Server thread/INFO]: The game is running normally [23:53:37] [Server thread/INFO]: Target tick rate: 20,0 per second. Average time per tick: 6,7ms (Target: 50,0ms) [23:53:37] [Server thread/INFO]: Percentiles: P50: 6,4ms P95: 9,4ms P99: 13,4ms, sample: 100"
"with-umce","2","2026-09-26T21:53:37.7935105+00:00","1eb50fb702881358824526c667271024104dd5c27a9cd35da157bce789abdbb9","10","0","0","0","0","0","False","15","6,8","6,6","9,4","13,4","100","22,560228591064995","34,37928418852091","1483141120","[23:53:37] [Server thread/INFO]: The game is running normally [23:53:37] [Server thread/INFO]: Target tick rate: 20,0 per second. Average time per tick: 6,8ms (Target: 50,0ms) [23:53:37] [Server thread/INFO]: Percentiles: P50: 6,6ms P95: 9,4ms P99: 13,4ms, sample: 100"
"with-umce","2","2026-09-26T21:53:37.9259121+00:00","1eb50fb702881358824526c667271024104dd5c27a9cd35da157bce789abdbb9","10","0","0","0","0","0","False","15","6,8","6,7","9,4","13,4","100","24,9593860869593","34,37928418852091","1483141120","[23:53:37] [Server thread/INFO]: The game is running normally [23:53:37] [Server thread/INFO]: Target tick rate: 20,0 per second. Average time per tick: 6,8ms (Target: 50,0ms) [23:53:37] [Server thread/INFO]: Percentiles: P50: 6,7ms P95: 9,4ms P99: 13,4ms, sample: 100"
"with-umce","2","2026-09-26T21:53:38.0511539+00:00","1eb50fb702881358824526c667271024104dd5c27a9cd35da157bce789abdbb9","10","0","0","0","0","0","False","15","7","6,8","10,8","13,4","100","0","34,37928418852091","1483141120","[23:53:38] [Server thread/INFO]: The game is running normally [23:53:38] [Server thread/INFO]: Target tick rate: 20,0 per second. Average time per tick: 7,0ms (Target: 50,0ms) [23:53:38] [Server thread/INFO]: Percentiles: P50: 6,8ms P95: 10,8ms P99: 13,4ms, sample: 100"
"with-umce","2","2026-09-26T21:53:38.1739917+00:00","1eb50fb702881358824526c667271024104dd5c27a9cd35da157bce789abdbb9","10","0","0","0","0","0","False","15","7","6,8","10,8","13,4","100","51,61539674897326","34,37928418852091","1483141120","[23:53:38] [Server thread/INFO]: The game is running normally [23:53:38] [Server thread/INFO]: Target tick rate: 20,0 per second. Average time per tick: 7,0ms (Target: 50,0ms) [23:53:38] [Server thread/INFO]: Percentiles: P50: 6,8ms P95: 10,8ms P99: 13,4ms, sample: 100"
"with-umce","2","2026-09-26T21:53:38.2951008+00:00","1eb50fb702881358824526c667271024104dd5c27a9cd35da157bce789abdbb9","10","0","0","0","0","0","False","15","7,1","7","10,8","13,4","100","12,70767388977628","34,37928418852091","1483141120","[23:53:38] [Server thread/INFO]: The game is running normally [23:53:38] [Server thread/INFO]: Target tick rate: 20,0 per second. Average time per tick: 7,1ms (Target: 50,0ms) [23:53:38] [Server thread/INFO]: Percentiles: P50: 7,0ms P95: 10,8ms P99: 13,4ms, sample: 100"
"with-umce","2","2026-09-26T21:53:38.4180390+00:00","1eb50fb702881358824526c667271024104dd5c27a9cd35da157bce789abdbb9","10","0","0","0","0","0","False","15","7,1","7","10,8","13,4","100","25,297621456916332","34,37928418852091","1483141120","[23:53:38] [Server thread/INFO]: The game is running normally [23:53:38] [Server thread/INFO]: Target tick rate: 20,0 per second. Average time per tick: 7,1ms (Target: 50,0ms) [23:53:38] [Server thread/INFO]: Percentiles: P50: 7,0ms P95: 10,8ms P99: 13,4ms, sample: 100"
"with-umce","2","2026-09-26T21:53:38.5415583+00:00","1eb50fb702881358824526c667271024104dd5c27a9cd35da157bce789abdbb9","10","0","0","0","0","0","False","15","7,2","7","10,8","13,4","100","12,749346621484342","34,37928418852091","1483141120","[23:53:38] [Server thread/INFO]: The game is running normally [23:53:38] [Server thread/INFO]: Target tick rate: 20,0 per second. Average time per tick: 7,2ms (Target: 50,0ms) [23:53:38] [Server thread/INFO]: Percentiles: P50: 7,0ms P95: 10,8ms P99: 13,4ms, sample: 100"
"with-umce","2","2026-09-26T21:53:38.6641028+00:00","1eb50fb702881358824526c667271024104dd5c27a9cd35da157bce789abdbb9","10","0","0","0","0","0","False","15","7,2","7","10,8","13,4","100","22,213597422796198","34,37928418852091","1483141120","[23:53:38] [Server thread/INFO]: The game is running normally [23:53:38] [Server thread/INFO]: Target tick rate: 20,0 per second. Average time per tick: 7,2ms (Target: 50,0ms) [23:53:38] [Server thread/INFO]: Percentiles: P50: 7,0ms P95: 10,8ms P99: 13,4ms, sample: 100"
"with-umce","2","2026-09-26T21:53:38.8048260+00:00","1eb50fb702881358824526c667271024104dd5c27a9cd35da157bce789abdbb9","10","0","0","0","0","0","False","15","7,3","7,1","10,8","13,4","100","22,780122611731944","34,37928418852091","1483141120","[23:53:38] [Server thread/INFO]: The game is running normally [23:53:38] [Server thread/INFO]: Target tick rate: 20,0 per second. Average time per tick: 7,3ms (Target: 50,0ms) [23:53:38] [Server thread/INFO]: Percentiles: P50: 7,1ms P95: 10,8ms P99: 13,4ms, sample: 100"
"with-umce","2","2026-09-26T21:53:38.9419990+00:00","1eb50fb702881358824526c667271024104dd5c27a9cd35da157bce789abdbb9","10","0","0","0","0","0","False","15","7,4","7,1","12","13,4","100","50,619788692754085","34,37928418852091","1483141120","[23:53:38] [Server thread/INFO]: The game is running normally [23:53:38] [Server thread/INFO]: Target tick rate: 20,0 per second. Average time per tick: 7,4ms (Target: 50,0ms) [23:53:38] [Server thread/INFO]: Percentiles: P50: 7,1ms P95: 12,0ms P99: 13,4ms, sample: 100"
"with-umce","2","2026-09-26T21:53:39.0654510+00:00","1eb50fb702881358824526c667271024104dd5c27a9cd35da157bce789abdbb9","10","0","0","0","0","0","False","15","7,5","7,2","12","13,4","100","12,769455951710615","34,37928418852091","1483141120","[23:53:39] [Server thread/INFO]: The game is running normally [23:53:39] [Server thread/INFO]: Target tick rate: 20,0 per second. Average time per tick: 7,5ms (Target: 50,0ms) [23:53:39] [Server thread/INFO]: Percentiles: P50: 7,2ms P95: 12,0ms P99: 13,4ms, sample: 100"
"with-umce","2","2026-09-26T21:53:39.1878069+00:00","1eb50fb702881358824526c667271024104dd5c27a9cd35da157bce789abdbb9","10","0","0","0","0","0","False","15","7,6","7,4","12,1","13,4","100","75,17259628106132","34,37928418852091","1483141120","[23:53:39] [Server thread/INFO]: The game is running normally [23:53:39] [Server thread/INFO]: Target tick rate: 20,0 per second. Average time per tick: 7,6ms (Target: 50,0ms) [23:53:39] [Server thread/INFO]: Percentiles: P50: 7,4ms P95: 12,1ms P99: 13,4ms, sample: 100"
"with-umce","2","2026-09-26T21:53:39.3125239+00:00","1eb50fb702881358824526c667271024104dd5c27a9cd35da157bce789abdbb9","10","0","0","0","0","0","False","15","7,7","7,4","12,5","16","100","25,494699142154364","34,37928418852091","1483141120","[23:53:39] [Server thread/INFO]: The game is running normally [23:53:39] [Server thread/INFO]: Target tick rate: 20,0 per second. Average time per tick: 7,7ms (Target: 50,0ms) [23:53:39] [Server thread/INFO]: Percentiles: P50: 7,4ms P95: 12,5ms P99: 16,0ms, sample: 100"
"with-umce","2","2026-09-26T21:53:39.4351073+00:00","1eb50fb702881358824526c667271024104dd5c27a9cd35da157bce789abdbb9","10","0","0","0","0","0","False","15","7,8","7,4","12,5","16","100","114,371111382213","34,37928418852091","1483141120","[23:53:39] [Server thread/INFO]: The game is running normally [23:53:39] [Server thread/INFO]: Target tick rate: 20,0 per second. Average time per tick: 7,8ms (Target: 50,0ms) [23:53:39] [Server thread/INFO]: Percentiles: P50: 7,4ms P95: 12,5ms P99: 16,0ms, sample: 100"
"with-umce","2","2026-09-26T21:53:39.5580438+00:00","1eb50fb702881358824526c667271024104dd5c27a9cd35da157bce789abdbb9","10","0","0","0","0","0","False","15","7,9","7,5","12,5","16","100","50,48783364379985","34,37928418852091","1483141120","[23:53:39] [Server thread/INFO]: The game is running normally [23:53:39] [Server thread/INFO]: Target tick rate: 20,0 per second. Average time per tick: 7,9ms (Target: 50,0ms) [23:53:39] [Server thread/INFO]: Percentiles: P50: 7,5ms P95: 12,5ms P99: 16,0ms, sample: 100"
"with-umce","2","2026-09-26T21:53:39.6818923+00:00","1eb50fb702881358824526c667271024104dd5c27a9cd35da157bce789abdbb9","10","0","0","0","0","0","False","15","7,9","7,6","12,5","16","100","34,00936082716569","34,37928418852091","1483141120","[23:53:39] [Server thread/INFO]: The game is running normally [23:53:39] [Server thread/INFO]: Target tick rate: 20,0 per second. Average time per tick: 7,9ms (Target: 50,0ms) [23:53:39] [Server thread/INFO]: Percentiles: P50: 7,6ms P95: 12,5ms P99: 16,0ms, sample: 100"
"with-umce","2","2026-09-26T21:53:39.8197271+00:00","1eb50fb702881358824526c667271024104dd5c27a9cd35da157bce789abdbb9","10","0","0","0","0","0","False","15","7,9","7,5","12,5","16","100","10,092704315091321","34,37928418852091","1483141120","[23:53:39] [Server thread/INFO]: The game is running normally [23:53:39] [Server thread/INFO]: Target tick rate: 20,0 per second. Average time per tick: 7,9ms (Target: 50,0ms) [23:53:39] [Server thread/INFO]: Percentiles: P50: 7,5ms P95: 12,5ms P99: 16,0ms, sample: 100"
"with-umce","2","2026-09-26T21:53:39.9745023+00:00","1eb50fb702881358824526c667271024104dd5c27a9cd35da157bce789abdbb9","10","0","0","0","0","0","False","15","8","7,6","12,5","16","100","87,92534766184895","34,37928418852091","1483141120","[23:53:39] [Server thread/INFO]: The game is running normally [23:53:39] [Server thread/INFO]: Target tick rate: 20,0 per second. Average time per tick: 8,0ms (Target: 50,0ms) [23:53:39] [Server thread/INFO]: Percentiles: P50: 7,6ms P95: 12,5ms P99: 16,0ms, sample: 100"
"with-umce","2","2026-09-26T21:53:40.0988846+00:00","1eb50fb702881358824526c667271024104dd5c27a9cd35da157bce789abdbb9","10","0","0","0","0","0","False","15","8","7,6","12,5","16","100","55,5412185156827","34,37928418852091","1483141120","[23:53:40] [Server thread/INFO]: The game is running normally [23:53:40] [Server thread/INFO]: Target tick rate: 20,0 per second. Average time per tick: 8,0ms (Target: 50,0ms) [23:53:40] [Server thread/INFO]: Percentiles: P50: 7,6ms P95: 12,5ms P99: 16,0ms, sample: 100"
"with-umce","2","2026-09-26T21:53:40.2395577+00:00","1eb50fb702881358824526c667271024104dd5c27a9cd35da157bce789abdbb9","10","0","0","0","0","0","False","15","8,1","7,7","12,5","16","100","51,77805852991736","34,37928418852091","1483141120","[23:53:40] [Server thread/INFO]: The game is running normally [23:53:40] [Server thread/INFO]: Target tick rate: 20,0 per second. Average time per tick: 8,1ms (Target: 50,0ms) [23:53:40] [Server thread/INFO]: Percentiles: P50: 7,7ms P95: 12,5ms P99: 16,0ms, sample: 100"
"with-umce","2","2026-09-26T21:53:40.3602678+00:00","1eb50fb702881358824526c667271024104dd5c27a9cd35da157bce789abdbb9","10","0","0","0","0","0","False","15","8,2","7,7","13","16","100","37,577590208262016","34,37928418852091","1483141120","[23:53:40] [Server thread/INFO]: The game is running normally [23:53:40] [Server thread/INFO]: Target tick rate: 20,0 per second. Average time per tick: 8,2ms (Target: 50,0ms) [23:53:40] [Server thread/INFO]: Percentiles: P50: 7,7ms P95: 13,0ms P99: 16,0ms, sample: 100"
"with-umce","2","2026-09-26T21:53:40.4850145+00:00","1eb50fb702881358824526c667271024104dd5c27a9cd35da157bce789abdbb9","10","0","0","0","0","0","False","15","8,3","7,8","13","16","100","63,412274343617014","34,37928418852091","1483141120","[23:53:40] [Server thread/INFO]: The game is running normally [23:53:40] [Server thread/INFO]: Target tick rate: 20,0 per second. Average time per tick: 8,3ms (Target: 50,0ms) [23:53:40] [Server thread/INFO]: Percentiles: P50: 7,8ms P95: 13,0ms P99: 16,0ms, sample: 100"
"with-umce","2","2026-09-26T21:53:40.6082537+00:00","1eb50fb702881358824526c667271024104dd5c27a9cd35da157bce789abdbb9","10","0","0","0","0","0","False","15","8,4","7,9","13","16","100","12,554345249716976","34,37928418852091","1483141120","[23:53:40] [Server thread/INFO]: The game is running normally [23:53:40] [Server thread/INFO]: Target tick rate: 20,0 per second. Average time per tick: 8,4ms (Target: 50,0ms) [23:53:40] [Server thread/INFO]: Percentiles: P50: 7,9ms P95: 13,0ms P99: 16,0ms, sample: 100"
"with-umce","2","2026-09-26T21:53:40.7326651+00:00","1eb50fb702881358824526c667271024104dd5c27a9cd35da157bce789abdbb9","10","0","0","0","0","0","False","15","8,5","7,9","13","16","100","64,00157945657845","34,37928418852091","1483141120","[23:53:40] [Server thread/INFO]: The game is running normally [23:53:40] [Server thread/INFO]: Target tick rate: 20,0 per second. Average time per tick: 8,5ms (Target: 50,0ms) [23:53:40] [Server thread/INFO]: Percentiles: P50: 7,9ms P95: 13,0ms P99: 16,0ms, sample: 100"
"with-umce","2","2026-09-26T21:53:40.8547204+00:00","1eb50fb702881358824526c667271024104dd5c27a9cd35da157bce789abdbb9","10","0","0","0","0","0","False","15","8,6","8","13","16","100","12,700928691905952","34,37928418852091","1483141120","[23:53:40] [Server thread/INFO]: The game is running normally [23:53:40] [Server thread/INFO]: Target tick rate: 20,0 per second. Average time per tick: 8,6ms (Target: 50,0ms) [23:53:40] [Server thread/INFO]: Percentiles: P50: 8,0ms P95: 13,0ms P99: 16,0ms, sample: 100"
"with-umce","2","2026-09-26T21:53:40.9777292+00:00","1eb50fb702881358824526c667271024104dd5c27a9cd35da157bce789abdbb9","10","0","0","0","0","0","False","15","8,6","8","13","16","100","75,55828505662639","34,37928418852091","1483141120","[23:53:40] [Server thread/INFO]: The game is running normally [23:53:40] [Server thread/INFO]: Target tick rate: 20,0 per second. Average time per tick: 8,6ms (Target: 50,0ms) [23:53:40] [Server thread/INFO]: Percentiles: P50: 8,0ms P95: 13,0ms P99: 16,0ms, sample: 100"
"with-umce","2","2026-09-26T21:53:41.1018485+00:00","1eb50fb702881358824526c667271024104dd5c27a9cd35da157bce789abdbb9","10","0","0","0","0","0","False","15","8,6","8","13","16","100","12,58489265187247","34,37928418852091","1483141120","[23:53:41] [Server thread/INFO]: The game is running normally [23:53:41] [Server thread/INFO]: Target tick rate: 20,0 per second. Average time per tick: 8,6ms (Target: 50,0ms) [23:53:41] [Server thread/INFO]: Percentiles: P50: 8,0ms P95: 13,0ms P99: 16,0ms, sample: 100"
"with-umce","2","2026-09-26T21:53:41.2259931+00:00","1eb50fb702881358824526c667271024104dd5c27a9cd35da157bce789abdbb9","10","0","0","0","0","0","False","15","8,6","8,1","13","16","100","44,73286605977885","34,37928418852091","1483141120","[23:53:41] [Server thread/INFO]: The game is running normally [23:53:41] [Server thread/INFO]: Target tick rate: 20,0 per second. Average time per tick: 8,6ms (Target: 50,0ms) [23:53:41] [Server thread/INFO]: Percentiles: P50: 8,1ms P95: 13,0ms P99: 16,0ms, sample: 100"
"with-umce","2","2026-09-26T21:53:41.3657039+00:00","1eb50fb702881358824526c667271024104dd5c27a9cd35da157bce789abdbb9","10","0","0","0","0","0","False","15","8,7","8,2","13","16","100","100,63108661536776","34,37928418852091","1483141120","[23:53:41] [Server thread/INFO]: The game is running normally [23:53:41] [Server thread/INFO]: Target tick rate: 20,0 per second. Average time per tick: 8,7ms (Target: 50,0ms) [23:53:41] [Server thread/INFO]: Percentiles: P50: 8,2ms P95: 13,0ms P99: 16,0ms, sample: 100"
"with-umce","2","2026-09-26T21:53:41.5054367+00:00","1eb50fb702881358824526c667271024104dd5c27a9cd35da157bce789abdbb9","10","0","0","0","0","0","False","15","8,7","8,3","13","16","100","50,910897783135866","34,37928418852091","1483141120","[23:53:41] [Server thread/INFO]: The game is running normally [23:53:41] [Server thread/INFO]: Target tick rate: 20,0 per second. Average time per tick: 8,7ms (Target: 50,0ms) [23:53:41] [Server thread/INFO]: Percentiles: P50: 8,3ms P95: 13,0ms P99: 16,0ms, sample: 100"
"with-umce","2","2026-09-26T21:53:41.6282273+00:00","1eb50fb702881358824526c667271024104dd5c27a9cd35da157bce789abdbb9","10","0","0","0","0","0","False","15","8,8","8,3","13","16","100","37,411200773843206","34,37928418852091","1483141120","[23:53:41] [Server thread/INFO]: The game is running normally [23:53:41] [Server thread/INFO]: Target tick rate: 20,0 per second. Average time per tick: 8,8ms (Target: 50,0ms) [23:53:41] [Server thread/INFO]: Percentiles: P50: 8,3ms P95: 13,0ms P99: 16,0ms, sample: 100"
"with-umce","2","2026-09-26T21:53:41.7534849+00:00","1eb50fb702881358824526c667271024104dd5c27a9cd35da157bce789abdbb9","10","0","0","0","0","0","False","15","8,8","8,3","13","16","100","37,897100982939634","34,37928418852091","1483141120","[23:53:41] [Server thread/INFO]: The game is running normally [23:53:41] [Server thread/INFO]: Target tick rate: 20,0 per second. Average time per tick: 8,8ms (Target: 50,0ms) [23:53:41] [Server thread/INFO]: Percentiles: P50: 8,3ms P95: 13,0ms P99: 16,0ms, sample: 100"
"with-umce","2","2026-09-26T21:53:41.8772000+00:00","1eb50fb702881358824526c667271024104dd5c27a9cd35da157bce789abdbb9","10","0","0","0","0","0","False","15","8,8","8,3","13","16","100","25,67492180445815","34,37928418852091","1483141120","[23:53:41] [Server thread/INFO]: The game is running normally [23:53:41] [Server thread/INFO]: Target tick rate: 20,0 per second. Average time per tick: 8,8ms (Target: 50,0ms) [23:53:41] [Server thread/INFO]: Percentiles: P50: 8,3ms P95: 13,0ms P99: 16,0ms, sample: 100"
"with-umce","2","2026-09-26T21:53:41.9988956+00:00","1eb50fb702881358824526c667271024104dd5c27a9cd35da157bce789abdbb9","10","0","0","0","0","0","False","15","8,8","8,4","13","16","100","166,2687131599691","34,37928418852091","1483141120","[23:53:42] [Server thread/INFO]: The game is running normally [23:53:42] [Server thread/INFO]: Target tick rate: 20,0 per second. Average time per tick: 8,8ms (Target: 50,0ms) [23:53:42] [Server thread/INFO]: Percentiles: P50: 8,4ms P95: 13,0ms P99: 16,0ms, sample: 100"
"with-umce","2","2026-09-26T21:53:42.1210965+00:00","1eb50fb702881358824526c667271024104dd5c27a9cd35da157bce789abdbb9","10","0","0","0","0","0","False","15","8,8","8,4","13","16","100","88,19967034491212","34,37928418852091","1483141120","[23:53:42] [Server thread/INFO]: The game is running normally [23:53:42] [Server thread/INFO]: Target tick rate: 20,0 per second. Average time per tick: 8,8ms (Target: 50,0ms) [23:53:42] [Server thread/INFO]: Percentiles: P50: 8,4ms P95: 13,0ms P99: 16,0ms, sample: 100"
"with-umce","2","2026-09-26T21:53:42.2450965+00:00","1eb50fb702881358824526c667271024104dd5c27a9cd35da157bce789abdbb9","10","0","0","0","0","0","False","15","8,9","8,4","13","16","100","34,48610734063004","34,37928418852091","1483141120","[23:53:42] [Server thread/INFO]: The game is running normally [23:53:42] [Server thread/INFO]: Target tick rate: 20,0 per second. Average time per tick: 8,9ms (Target: 50,0ms) [23:53:42] [Server thread/INFO]: Percentiles: P50: 8,4ms P95: 13,0ms P99: 16,0ms, sample: 100"
"with-umce","2","2026-09-26T21:53:42.3810025+00:00","1eb50fb702881358824526c667271024104dd5c27a9cd35da157bce789abdbb9","10","0","0","0","0","0","False","15","8,9","8,5","13","16","100","12,743461279043878","34,37928418852091","1483141120","[23:53:42] [Server thread/INFO]: The game is running normally [23:53:42] [Server thread/INFO]: Target tick rate: 20,0 per second. Average time per tick: 8,9ms (Target: 50,0ms) [23:53:42] [Server thread/INFO]: Percentiles: P50: 8,5ms P95: 13,0ms P99: 16,0ms, sample: 100"
"with-umce","2","2026-09-26T21:53:42.5036136+00:00","1eb50fb702881358824526c667271024104dd5c27a9cd35da157bce789abdbb9","10","0","0","0","0","0","False","15","8,9","8,4","12,9","16","100","37,633312245297745","34,37928418852091","1483141120","[23:53:42] [Server thread/INFO]: The game is running normally [23:53:42] [Server thread/INFO]: Target tick rate: 20,0 per second. Average time per tick: 8,9ms (Target: 50,0ms) [23:53:42] [Server thread/INFO]: Percentiles: P50: 8,4ms P95: 12,9ms P99: 16,0ms, sample: 100"
"with-umce","2","2026-09-26T21:53:42.6281773+00:00","1eb50fb702881358824526c667271024104dd5c27a9cd35da157bce789abdbb9","10","0","0","0","0","0","False","15","8,9","8,4","12,9","16","100","12,835815745869745","34,37928418852091","1483141120","[23:53:42] [Server thread/INFO]: The game is running normally [23:53:42] [Server thread/INFO]: Target tick rate: 20,0 per second. Average time per tick: 8,9ms (Target: 50,0ms) [23:53:42] [Server thread/INFO]: Percentiles: P50: 8,4ms P95: 12,9ms P99: 16,0ms, sample: 100"
"with-umce","2","2026-09-26T21:53:42.7499164+00:00","1eb50fb702881358824526c667271024104dd5c27a9cd35da157bce789abdbb9","10","0","0","0","0","0","False","15","8,9","8,4","12,9","16","100","37,833509956972705","34,37928418852091","1483141120","[23:53:42] [Server thread/INFO]: The game is running normally [23:53:42] [Server thread/INFO]: Target tick rate: 20,0 per second. Average time per tick: 8,9ms (Target: 50,0ms) [23:53:42] [Server thread/INFO]: Percentiles: P50: 8,4ms P95: 12,9ms P99: 16,0ms, sample: 100"
"with-umce","2","2026-09-26T21:53:42.8737814+00:00","1eb50fb702881358824526c667271024104dd5c27a9cd35da157bce789abdbb9","10","0","0","0","0","0","False","15","8,9","8,4","12,9","16","100","38,09427062169849","34,37928418852091","1483141120","[23:53:42] [Server thread/INFO]: The game is running normally [23:53:42] [Server thread/INFO]: Target tick rate: 20,0 per second. Average time per tick: 8,9ms (Target: 50,0ms) [23:53:42] [Server thread/INFO]: Percentiles: P50: 8,4ms P95: 12,9ms P99: 16,0ms, sample: 100"
"with-umce","2","2026-09-26T21:53:42.9968508+00:00","1eb50fb702881358824526c667271024104dd5c27a9cd35da157bce789abdbb9","10","0","0","0","0","0","False","15","8,8","8,4","12,9","16","100","38,45888775665923","34,37928418852091","1483141120","[23:53:43] [Server thread/INFO]: The game is running normally [23:53:43] [Server thread/INFO]: Target tick rate: 20,0 per second. Average time per tick: 8,8ms (Target: 50,0ms) [23:53:43] [Server thread/INFO]: Percentiles: P50: 8,4ms P95: 12,9ms P99: 16,0ms, sample: 100"
"with-umce","2","2026-09-26T21:53:43.1187440+00:00","1eb50fb702881358824526c667271024104dd5c27a9cd35da157bce789abdbb9","10","0","0","0","0","0","False","15","8,8","8,4","12,5","16","100","45,512868126282555","34,37928418852091","1483141120","[23:53:43] [Server thread/INFO]: The game is running normally [23:53:43] [Server thread/INFO]: Target tick rate: 20,0 per second. Average time per tick: 8,8ms (Target: 50,0ms) [23:53:43] [Server thread/INFO]: Percentiles: P50: 8,4ms P95: 12,5ms P99: 16,0ms, sample: 100"
"with-umce","2","2026-09-26T21:53:43.2561125+00:00","1eb50fb702881358824526c667271024104dd5c27a9cd35da157bce789abdbb9","10","0","0","0","0","0","False","15","8,8","8,4","12,9","16","100","25,59599768694088","34,37928418852091","1483141120","[23:53:43] [Server thread/INFO]: The game is running normally [23:53:43] [Server thread/INFO]: Target tick rate: 20,0 per second. Average time per tick: 8,8ms (Target: 50,0ms) [23:53:43] [Server thread/INFO]: Percentiles: P50: 8,4ms P95: 12,9ms P99: 16,0ms, sample: 100"
"with-umce","2","2026-09-26T21:53:43.3781640+00:00","1eb50fb702881358824526c667271024104dd5c27a9cd35da157bce789abdbb9","10","0","0","0","0","0","False","15","8,8","8,4","12,9","16","100","38,41621127236131","34,37928418852091","1483141120","[23:53:43] [Server thread/INFO]: The game is running normally [23:53:43] [Server thread/INFO]: Target tick rate: 20,0 per second. Average time per tick: 8,8ms (Target: 50,0ms) [23:53:43] [Server thread/INFO]: Percentiles: P50: 8,4ms P95: 12,9ms P99: 16,0ms, sample: 100"
"with-umce","2","2026-09-26T21:53:43.5001904+00:00","1eb50fb702881358824526c667271024104dd5c27a9cd35da157bce789abdbb9","10","0","0","0","0","0","False","15","8,8","8,4","12,9","16","100","101,25228830171562","34,37928418852091","1483141120","[23:53:43] [Server thread/INFO]: The game is running normally [23:53:43] [Server thread/INFO]: Target tick rate: 20,0 per second. Average time per tick: 8,8ms (Target: 50,0ms) [23:53:43] [Server thread/INFO]: Percentiles: P50: 8,4ms P95: 12,9ms P99: 16,0ms, sample: 100"
"with-umce","2","2026-09-26T21:53:43.6236472+00:00","1eb50fb702881358824526c667271024104dd5c27a9cd35da157bce789abdbb9","10","0","0","0","0","0","False","15","8,8","8,4","12,9","16","100","114,16961647127594","34,37928418852091","1483141120","[23:53:43] [Server thread/INFO]: The game is running normally [23:53:43] [Server thread/INFO]: Target tick rate: 20,0 per second. Average time per tick: 8,8ms (Target: 50,0ms) [23:53:43] [Server thread/INFO]: Percentiles: P50: 8,4ms P95: 12,9ms P99: 16,0ms, sample: 100"
"with-umce","2","2026-09-26T21:53:43.7467836+00:00","1eb50fb702881358824526c667271024104dd5c27a9cd35da157bce789abdbb9","10","0","0","0","0","0","False","15","8,9","8,4","12,9","16","100","62,756095072772965","34,37928418852091","1483141120","[23:53:43] [Server thread/INFO]: The game is running normally [23:53:43] [Server thread/INFO]: Target tick rate: 20,0 per second. Average time per tick: 8,9ms (Target: 50,0ms) [23:53:43] [Server thread/INFO]: Percentiles: P50: 8,4ms P95: 12,9ms P99: 16,0ms, sample: 100"
"with-umce","2","2026-09-26T21:53:43.8712798+00:00","1eb50fb702881358824526c667271024104dd5c27a9cd35da157bce789abdbb9","10","0","0","0","0","0","False","15","9","8,4","12,9","16","100","12,79797787854166","34,37928418852091","1483141120","[23:53:43] [Server thread/INFO]: The game is running normally [23:53:43] [Server thread/INFO]: Target tick rate: 20,0 per second. Average time per tick: 9,0ms (Target: 50,0ms) [23:53:43] [Server thread/INFO]: Percentiles: P50: 8,4ms P95: 12,9ms P99: 16,0ms, sample: 100"
"with-umce","2","2026-09-26T21:53:43.9933807+00:00","1eb50fb702881358824526c667271024104dd5c27a9cd35da157bce789abdbb9","10","0","0","0","0","0","False","15","8,8","8,4","12,5","16","100","24,951653675837697","34,37928418852091","1483141120","[23:53:44] [Server thread/INFO]: The game is running normally [23:53:44] [Server thread/INFO]: Target tick rate: 20,0 per second. Average time per tick: 8,8ms (Target: 50,0ms) [23:53:44] [Server thread/INFO]: Percentiles: P50: 8,4ms P95: 12,5ms P99: 16,0ms, sample: 100"
"with-umce","2","2026-09-26T21:53:44.1185984+00:00","1eb50fb702881358824526c667271024104dd5c27a9cd35da157bce789abdbb9","10","0","0","0","0","0","False","15","8,8","8,4","12,5","16","100","0","34,37928418852091","1483141120","[23:53:44] [Server thread/INFO]: The game is running normally [23:53:44] [Server thread/INFO]: Target tick rate: 20,0 per second. Average time per tick: 8,8ms (Target: 50,0ms) [23:53:44] [Server thread/INFO]: Percentiles: P50: 8,4ms P95: 12,5ms P99: 16,0ms, sample: 100"
"with-umce","2","2026-09-26T21:53:44.2560443+00:00","1eb50fb702881358824526c667271024104dd5c27a9cd35da157bce789abdbb9","10","0","0","0","0","0","False","15","8,7","8,3","12,2","13,8","100","12,710413265360076","34,37928418852091","1483141120","[23:53:44] [Server thread/INFO]: The game is running normally [23:53:44] [Server thread/INFO]: Target tick rate: 20,0 per second. Average time per tick: 8,7ms (Target: 50,0ms) [23:53:44] [Server thread/INFO]: Percentiles: P50: 8,3ms P95: 12,2ms P99: 13,8ms, sample: 100"
"with-umce","2","2026-09-26T21:53:44.3789808+00:00","1eb50fb702881358824526c667271024104dd5c27a9cd35da157bce789abdbb9","10","0","0","0","0","0","False","15","8,6","8,2","11,7","13,8","100","12,90579963921579","34,37928418852091","1483141120","[23:53:44] [Server thread/INFO]: The game is running normally [23:53:44] [Server thread/INFO]: Target tick rate: 20,0 per second. Average time per tick: 8,6ms (Target: 50,0ms) [23:53:44] [Server thread/INFO]: Percentiles: P50: 8,2ms P95: 11,7ms P99: 13,8ms, sample: 100"
"with-umce","2","2026-09-26T21:53:44.5000609+00:00","1eb50fb702881358824526c667271024104dd5c27a9cd35da157bce789abdbb9","10","0","0","0","0","0","False","15","8,5","8,2","11,7","13,8","100","37,72690469560123","34,37928418852091","1483141120","[23:53:44] [Server thread/INFO]: The game is running normally [23:53:44] [Server thread/INFO]: Target tick rate: 20,0 per second. Average time per tick: 8,5ms (Target: 50,0ms) [23:53:44] [Server thread/INFO]: Percentiles: P50: 8,2ms P95: 11,7ms P99: 13,8ms, sample: 100"
"with-umce","2","2026-09-26T21:53:44.6243253+00:00","1eb50fb702881358824526c667271024104dd5c27a9cd35da157bce789abdbb9","10","0","0","0","0","0","False","15","8,5","8,2","11,7","13,8","100","51,040240942603","34,37928418852091","1483141120","[23:53:44] [Server thread/INFO]: The game is running normally [23:53:44] [Server thread/INFO]: Target tick rate: 20,0 per second. Average time per tick: 8,5ms (Target: 50,0ms) [23:53:44] [Server thread/INFO]: Percentiles: P50: 8,2ms P95: 11,7ms P99: 13,8ms, sample: 100"
"with-umce","2","2026-09-26T21:53:44.7467310+00:00","1eb50fb702881358824526c667271024104dd5c27a9cd35da157bce789abdbb9","10","0","0","0","0","0","False","15","8,5","8,2","11,7","13,8","100","37,783588501859555","34,37928418852091","1483141120","[23:53:44] [Server thread/INFO]: The game is running normally [23:53:44] [Server thread/INFO]: Target tick rate: 20,0 per second. Average time per tick: 8,5ms (Target: 50,0ms) [23:53:44] [Server thread/INFO]: Percentiles: P50: 8,2ms P95: 11,7ms P99: 13,8ms, sample: 100"
"with-umce","2","2026-09-26T21:53:44.8708031+00:00","1eb50fb702881358824526c667271024104dd5c27a9cd35da157bce789abdbb9","10","0","0","0","0","0","False","15","8,5","8,2","11,7","13,8","100","89,48982413766582","34,37928418852091","1483141120","[23:53:44] [Server thread/INFO]: The game is running normally [23:53:44] [Server thread/INFO]: Target tick rate: 20,0 per second. Average time per tick: 8,5ms (Target: 50,0ms) [23:53:44] [Server thread/INFO]: Percentiles: P50: 8,2ms P95: 11,7ms P99: 13,8ms, sample: 100"
"with-umce","2","2026-09-26T21:53:44.9930771+00:00","1eb50fb702881358824526c667271024104dd5c27a9cd35da157bce789abdbb9","10","0","0","0","0","0","False","15","8,5","8,2","11,7","13,8","100","24,977460339789374","34,37928418852091","1483141120","[23:53:45] [Server thread/INFO]: The game is running normally [23:53:45] [Server thread/INFO]: Target tick rate: 20,0 per second. Average time per tick: 8,5ms (Target: 50,0ms) [23:53:45] [Server thread/INFO]: Percentiles: P50: 8,2ms P95: 11,7ms P99: 13,8ms, sample: 100"
"with-umce","2","2026-09-26T21:53:45.1181615+00:00","1eb50fb702881358824526c667271024104dd5c27a9cd35da157bce789abdbb9","10","0","0","0","0","0","False","15","8,5","8,2","11,7","13,8","100","10,224520658112315","34,37928418852091","1483141120","[23:53:45] [Server thread/INFO]: The game is running normally [23:53:45] [Server thread/INFO]: Target tick rate: 20,0 per second. Average time per tick: 8,5ms (Target: 50,0ms) [23:53:45] [Server thread/INFO]: Percentiles: P50: 8,2ms P95: 11,7ms P99: 13,8ms, sample: 100"
"with-umce","2","2026-09-26T21:53:45.2709476+00:00","1eb50fb702881358824526c667271024104dd5c27a9cd35da157bce789abdbb9","10","0","0","0","0","0","False","15","8,4","8,2","11,4","13,8","100","37,96149024460562","34,37928418852091","1483141120","[23:53:45] [Server thread/INFO]: The game is running normally [23:53:45] [Server thread/INFO]: Target tick rate: 20,0 per second. Average time per tick: 8,4ms (Target: 50,0ms) [23:53:45] [Server thread/INFO]: Percentiles: P50: 8,2ms P95: 11,4ms P99: 13,8ms, sample: 100"
"with-umce","2","2026-09-26T21:53:45.3944481+00:00","1eb50fb702881358824526c667271024104dd5c27a9cd35da157bce789abdbb9","10","0","0","0","0","0","False","15","8,4","8","10,9","13,8","100","0","34,37928418852091","1483141120","[23:53:45] [Server thread/INFO]: The game is running normally [23:53:45] [Server thread/INFO]: Target tick rate: 20,0 per second. Average time per tick: 8,4ms (Target: 50,0ms) [23:53:45] [Server thread/INFO]: Percentiles: P50: 8,0ms P95: 10,9ms P99: 13,8ms, sample: 100"
"with-umce","2","2026-09-26T21:53:45.5167695+00:00","1eb50fb702881358824526c667271024104dd5c27a9cd35da157bce789abdbb9","10","0","0","0","0","0","False","15","8,4","8","10,9","13,8","100","50,94031750896142","34,37928418852091","1483141120","[23:53:45] [Server thread/INFO]: The game is running normally [23:53:45] [Server thread/INFO]: Target tick rate: 20,0 per second. Average time per tick: 8,4ms (Target: 50,0ms) [23:53:45] [Server thread/INFO]: Percentiles: P50: 8,0ms P95: 10,9ms P99: 13,8ms, sample: 100"
"with-umce","2","2026-09-26T21:53:45.6395183+00:00","1eb50fb702881358824526c667271024104dd5c27a9cd35da157bce789abdbb9","10","0","0","0","0","0","False","15","8,3","8","10,4","13,8","100","25,314609972741227","34,37928418852091","1483141120","[23:53:45] [Server thread/INFO]: The game is running normally [23:53:45] [Server thread/INFO]: Target tick rate: 20,0 per second. Average time per tick: 8,3ms (Target: 50,0ms) [23:53:45] [Server thread/INFO]: Percentiles: P50: 8,0ms P95: 10,4ms P99: 13,8ms, sample: 100"
"with-umce","2","2026-09-26T21:53:45.7629382+00:00","1eb50fb702881358824526c667271024104dd5c27a9cd35da157bce789abdbb9","10","0","0","0","0","0","False","15","8,3","7,9","10,3","13,8","100","37,88818721088787","34,37928418852091","1483141120","[23:53:45] [Server thread/INFO]: The game is running normally [23:53:45] [Server thread/INFO]: Target tick rate: 20,0 per second. Average time per tick: 8,3ms (Target: 50,0ms) [23:53:45] [Server thread/INFO]: Percentiles: P50: 7,9ms P95: 10,3ms P99: 13,8ms, sample: 100"
"with-umce","2","2026-09-26T21:53:45.8866785+00:00","1eb50fb702881358824526c667271024104dd5c27a9cd35da157bce789abdbb9","10","0","0","0","0","0","False","15","8,2","7,9","10,3","13,8","100","12,640511930620779","34,37928418852091","1483141120","[23:53:45] [Server thread/INFO]: The game is running normally [23:53:45] [Server thread/INFO]: Target tick rate: 20,0 per second. Average time per tick: 8,2ms (Target: 50,0ms) [23:53:45] [Server thread/INFO]: Percentiles: P50: 7,9ms P95: 10,3ms P99: 13,8ms, sample: 100"
"with-umce","2","2026-09-26T21:53:46.0102757+00:00","1eb50fb702881358824526c667271024104dd5c27a9cd35da157bce789abdbb9","10","0","0","0","0","0","False","15","8,2","7,9","10,3","13,8","100","25,619836065842566","34,37928418852091","1483141120","[23:53:46] [Server thread/INFO]: The game is running normally [23:53:46] [Server thread/INFO]: Target tick rate: 20,0 per second. Average time per tick: 8,2ms (Target: 50,0ms) [23:53:46] [Server thread/INFO]: Percentiles: P50: 7,9ms P95: 10,3ms P99: 13,8ms, sample: 100"
"with-umce","2","2026-09-26T21:53:46.1322672+00:00","1eb50fb702881358824526c667271024104dd5c27a9cd35da157bce789abdbb9","10","0","0","0","0","0","False","15","8,2","7,9","10,3","13,8","100","34,07123450167685","34,37928418852091","1483141120","[23:53:46] [Server thread/INFO]: The game is running normally [23:53:46] [Server thread/INFO]: Target tick rate: 20,0 per second. Average time per tick: 8,2ms (Target: 50,0ms) [23:53:46] [Server thread/INFO]: Percentiles: P50: 7,9ms P95: 10,3ms P99: 13,8ms, sample: 100"
"with-umce","2","2026-09-26T21:53:46.2698095+00:00","1eb50fb702881358824526c667271024104dd5c27a9cd35da157bce789abdbb9","10","0","0","0","0","0","False","15","8,1","7,8","10,3","13,8","100","12,671758077688217","34,37928418852091","1483141120","[23:53:46] [Server thread/INFO]: The game is running normally [23:53:46] [Server thread/INFO]: Target tick rate: 20,0 per second. Average time per tick: 8,1ms (Target: 50,0ms) [23:53:46] [Server thread/INFO]: Percentiles: P50: 7,8ms P95: 10,3ms P99: 13,8ms, sample: 100"
"with-umce","2","2026-09-26T21:53:46.3931104+00:00","1eb50fb702881358824526c667271024104dd5c27a9cd35da157bce789abdbb9","10","0","0","0","0","0","False","15","8","7,7","10,3","13,8","100","12,837197227001083","34,37928418852091","1483141120","[23:53:46] [Server thread/INFO]: The game is running normally [23:53:46] [Server thread/INFO]: Target tick rate: 20,0 per second. Average time per tick: 8,0ms (Target: 50,0ms) [23:53:46] [Server thread/INFO]: Percentiles: P50: 7,7ms P95: 10,3ms P99: 13,8ms, sample: 100"
"with-umce","2","2026-09-26T21:53:46.5148259+00:00","1eb50fb702881358824526c667271024104dd5c27a9cd35da157bce789abdbb9","10","0","0","0","0","0","False","15","8,1","7,7","10,3","13,8","100","50,919774062852106","34,37928418852091","1483141120","[23:53:46] [Server thread/INFO]: The game is running normally [23:53:46] [Server thread/INFO]: Target tick rate: 20,0 per second. Average time per tick: 8,1ms (Target: 50,0ms) [23:53:46] [Server thread/INFO]: Percentiles: P50: 7,7ms P95: 10,3ms P99: 13,8ms, sample: 100"
"with-umce","2","2026-09-26T21:53:46.6375486+00:00","1eb50fb702881358824526c667271024104dd5c27a9cd35da157bce789abdbb9","10","0","0","0","0","0","False","15","8,1","7,7","10,3","13,8","100","12,649507053769918","34,37928418852091","1483141120","[23:53:46] [Server thread/INFO]: The game is running normally [23:53:46] [Server thread/INFO]: Target tick rate: 20,0 per second. Average time per tick: 8,1ms (Target: 50,0ms) [23:53:46] [Server thread/INFO]: Percentiles: P50: 7,7ms P95: 10,3ms P99: 13,8ms, sample: 100"
"with-umce","2","2026-09-26T21:53:46.7612301+00:00","1eb50fb702881358824526c667271024104dd5c27a9cd35da157bce789abdbb9","10","0","0","0","0","0","False","15","8,1","7,8","10,3","13,8","100","25,229080046825175","34,37928418852091","1483141120","[23:53:46] [Server thread/INFO]: The game is running normally [23:53:46] [Server thread/INFO]: Target tick rate: 20,0 per second. Average time per tick: 8,1ms (Target: 50,0ms) [23:53:46] [Server thread/INFO]: Percentiles: P50: 7,8ms P95: 10,3ms P99: 13,8ms, sample: 100"
"with-umce","2","2026-09-26T21:53:46.8849550+00:00","1eb50fb702881358824526c667271024104dd5c27a9cd35da157bce789abdbb9","10","0","0","0","0","0","False","15","8,1","7,8","10,3","13,8","100","0","34,37928418852091","1483141120","[23:53:46] [Server thread/INFO]: The game is running normally [23:53:46] [Server thread/INFO]: Target tick rate: 20,0 per second. Average time per tick: 8,1ms (Target: 50,0ms) [23:53:46] [Server thread/INFO]: Percentiles: P50: 7,8ms P95: 10,3ms P99: 13,8ms, sample: 100"
"with-umce","2","2026-09-26T21:53:47.0082925+00:00","1eb50fb702881358824526c667271024104dd5c27a9cd35da157bce789abdbb9","10","0","0","0","0","0","False","15","8,1","7,7","10,3","13,8","100","33,838754993697876","34,37928418852091","1483141120","[23:53:47] [Server thread/INFO]: The game is running normally [23:53:47] [Server thread/INFO]: Target tick rate: 20,0 per second. Average time per tick: 8,1ms (Target: 50,0ms) [23:53:47] [Server thread/INFO]: Percentiles: P50: 7,7ms P95: 10,3ms P99: 13,8ms, sample: 100"
"with-umce","2","2026-09-26T21:53:47.1468294+00:00","1eb50fb702881358824526c667271024104dd5c27a9cd35da157bce789abdbb9","10","0","0","0","0","0","False","15","8","7,7","10,3","13,8","100","44,89239472553867","34,37928418852091","1483141120","[23:53:47] [Server thread/INFO]: The game is running normally [23:53:47] [Server thread/INFO]: Target tick rate: 20,0 per second. Average time per tick: 8,0ms (Target: 50,0ms) [23:53:47] [Server thread/INFO]: Percentiles: P50: 7,7ms P95: 10,3ms P99: 13,8ms, sample: 100"
"with-umce","2","2026-09-26T21:53:47.2860389+00:00","1eb50fb702881358824526c667271024104dd5c27a9cd35da157bce789abdbb9","10","0","0","0","0","0","False","15","8","7,7","10,3","13,8","100","12,692118052537651","34,37928418852091","1483141120","[23:53:47] [Server thread/INFO]: The game is running normally [23:53:47] [Server thread/INFO]: Target tick rate: 20,0 per second. Average time per tick: 8,0ms (Target: 50,0ms) [23:53:47] [Server thread/INFO]: Percentiles: P50: 7,7ms P95: 10,3ms P99: 13,8ms, sample: 100"
"with-umce","2","2026-09-26T21:53:47.4091499+00:00","1eb50fb702881358824526c667271024104dd5c27a9cd35da157bce789abdbb9","10","0","0","0","0","0","False","15","8","7,7","10,3","13,8","100","25,137249381623665","34,37928418852091","1483141120","[23:53:47] [Server thread/INFO]: The game is running normally [23:53:47] [Server thread/INFO]: Target tick rate: 20,0 per second. Average time per tick: 8,0ms (Target: 50,0ms) [23:53:47] [Server thread/INFO]: Percentiles: P50: 7,7ms P95: 10,3ms P99: 13,8ms, sample: 100"
"with-umce","2","2026-09-26T21:53:47.5334848+00:00","1eb50fb702881358824526c667271024104dd5c27a9cd35da157bce789abdbb9","10","0","0","0","0","0","False","15","8","7,7","10,3","13,8","100","12,742131071472548","34,37928418852091","1483141120","[23:53:47] [Server thread/INFO]: The game is running normally [23:53:47] [Server thread/INFO]: Target tick rate: 20,0 per second. Average time per tick: 8,0ms (Target: 50,0ms) [23:53:47] [Server thread/INFO]: Percentiles: P50: 7,7ms P95: 10,3ms P99: 13,8ms, sample: 100"
"with-umce","2","2026-09-26T21:53:47.6560907+00:00","1eb50fb702881358824526c667271024104dd5c27a9cd35da157bce789abdbb9","10","0","0","0","0","0","False","15","8","7,7","10,3","13,8","100","37,84536163210998","34,37928418852091","1483141120","[23:53:47] [Server thread/INFO]: The game is running normally [23:53:47] [Server thread/INFO]: Target tick rate: 20,0 per second. Average time per tick: 8,0ms (Target: 50,0ms) [23:53:47] [Server thread/INFO]: Percentiles: P50: 7,7ms P95: 10,3ms P99: 13,8ms, sample: 100"
"with-umce","2","2026-09-26T21:53:47.7799314+00:00","1eb50fb702881358824526c667271024104dd5c27a9cd35da157bce789abdbb9","10","0","0","0","0","0","False","15","8","7,7","10,3","13,8","100","37,65662141980927","34,37928418852091","1483141120","[23:53:47] [Server thread/INFO]: The game is running normally [23:53:47] [Server thread/INFO]: Target tick rate: 20,0 per second. Average time per tick: 8,0ms (Target: 50,0ms) [23:53:47] [Server thread/INFO]: Percentiles: P50: 7,7ms P95: 10,3ms P99: 13,8ms, sample: 100"
"with-umce","2","2026-09-26T21:53:47.9044523+00:00","1eb50fb702881358824526c667271024104dd5c27a9cd35da157bce789abdbb9","10","0","0","0","0","0","False","15","8","7,8","10,3","13,8","100","38,106905824930166","34,37928418852091","1483141120","[23:53:47] [Server thread/INFO]: The game is running normally [23:53:47] [Server thread/INFO]: Target tick rate: 20,0 per second. Average time per tick: 8,0ms (Target: 50,0ms) [23:53:47] [Server thread/INFO]: Percentiles: P50: 7,8ms P95: 10,3ms P99: 13,8ms, sample: 100"
"with-umce","2","2026-09-26T21:53:48.0274502+00:00","1eb50fb702881358824526c667271024104dd5c27a9cd35da157bce789abdbb9","10","0","0","0","0","0","False","15","8,1","7,8","10,3","13,8","100","37,925033434709476","34,37928418852091","1483141120","[23:53:48] [Server thread/INFO]: The game is running normally [23:53:48] [Server thread/INFO]: Target tick rate: 20,0 per second. Average time per tick: 8,1ms (Target: 50,0ms) [23:53:48] [Server thread/INFO]: Percentiles: P50: 7,8ms P95: 10,3ms P99: 13,8ms, sample: 100"
"with-umce","2","2026-09-26T21:53:48.1510623+00:00","1eb50fb702881358824526c667271024104dd5c27a9cd35da157bce789abdbb9","10","0","0","0","0","0","False","15","8,1","7,8","10,3","11,2","100","38,56307602952101","34,37928418852091","1483141120","[23:53:48] [Server thread/INFO]: The game is running normally [23:53:48] [Server thread/INFO]: Target tick rate: 20,0 per second. Average time per tick: 8,1ms (Target: 50,0ms) [23:53:48] [Server thread/INFO]: Percentiles: P50: 7,8ms P95: 10,3ms P99: 11,2ms, sample: 100"
"with-umce","2","2026-09-26T21:53:48.2726202+00:00","1eb50fb702881358824526c667271024104dd5c27a9cd35da157bce789abdbb9","10","0","0","0","0","0","False","15","8,1","7,8","10,3","11,6","100","22,445342896605617","34,37928418852091","1483141120","[23:53:48] [Server thread/INFO]: The game is running normally [23:53:48] [Server thread/INFO]: Target tick rate: 20,0 per second. Average time per tick: 8,1ms (Target: 50,0ms) [23:53:48] [Server thread/INFO]: Percentiles: P50: 7,8ms P95: 10,3ms P99: 11,6ms, sample: 100"
"with-umce","2","2026-09-26T21:53:48.4117968+00:00","1eb50fb702881358824526c667271024104dd5c27a9cd35da157bce789abdbb9","10","0","0","0","0","0","False","15","8,1","7,9","10,3","11,6","100","51,17384615258649","34,37928418852091","1483141120","[23:53:48] [Server thread/INFO]: The game is running normally [23:53:48] [Server thread/INFO]: Target tick rate: 20,0 per second. Average time per tick: 8,1ms (Target: 50,0ms) [23:53:48] [Server thread/INFO]: Percentiles: P50: 7,9ms P95: 10,3ms P99: 11,6ms, sample: 100"
"with-umce","2","2026-09-26T21:53:48.5339549+00:00","1eb50fb702881358824526c667271024104dd5c27a9cd35da157bce789abdbb9","10","0","0","0","0","0","False","15","8,2","7,9","10,3","11,6","100","12,69045839966213","34,37928418852091","1483141120","[23:53:48] [Server thread/INFO]: The game is running normally [23:53:48] [Server thread/INFO]: Target tick rate: 20,0 per second. Average time per tick: 8,2ms (Target: 50,0ms) [23:53:48] [Server thread/INFO]: Percentiles: P50: 7,9ms P95: 10,3ms P99: 11,6ms, sample: 100"
"with-umce","2","2026-09-26T21:53:48.6570639+00:00","1eb50fb702881358824526c667271024104dd5c27a9cd35da157bce789abdbb9","10","0","0","0","0","0","False","15","8,1","7,9","10,3","11,6","100","25,65698296868945","34,37928418852091","1483141120","[23:53:48] [Server thread/INFO]: The game is running normally [23:53:48] [Server thread/INFO]: Target tick rate: 20,0 per second. Average time per tick: 8,1ms (Target: 50,0ms) [23:53:48] [Server thread/INFO]: Percentiles: P50: 7,9ms P95: 10,3ms P99: 11,6ms, sample: 100"
"with-umce","2","2026-09-26T21:53:48.7788582+00:00","1eb50fb702881358824526c667271024104dd5c27a9cd35da157bce789abdbb9","10","0","0","0","0","0","False","15","8,1","7,9","10,3","11,6","100","49,85502159719535","34,37928418852091","1483141120","[23:53:48] [Server thread/INFO]: The game is running normally [23:53:48] [Server thread/INFO]: Target tick rate: 20,0 per second. Average time per tick: 8,1ms (Target: 50,0ms) [23:53:48] [Server thread/INFO]: Percentiles: P50: 7,9ms P95: 10,3ms P99: 11,6ms, sample: 100"
"with-umce","2","2026-09-26T21:53:48.9042391+00:00","1eb50fb702881358824526c667271024104dd5c27a9cd35da157bce789abdbb9","10","0","0","0","0","0","False","15","8,2","7,9","10,3","16,3","100","101,75697666183387","34,37928418852091","1483141120","[23:53:48] [Server thread/INFO]: The game is running normally [23:53:48] [Server thread/INFO]: Target tick rate: 20,0 per second. Average time per tick: 8,2ms (Target: 50,0ms) [23:53:48] [Server thread/INFO]: Percentiles: P50: 7,9ms P95: 10,3ms P99: 16,3ms, sample: 100"
"with-umce","2","2026-09-26T21:53:49.0270808+00:00","1eb50fb702881358824526c667271024104dd5c27a9cd35da157bce789abdbb9","10","0","0","0","0","0","False","15","8,2","7,9","10,6","16,3","100","38,15020151445109","34,37928418852091","1483141120","[23:53:49] [Server thread/INFO]: The game is running normally [23:53:49] [Server thread/INFO]: Target tick rate: 20,0 per second. Average time per tick: 8,2ms (Target: 50,0ms) [23:53:49] [Server thread/INFO]: Percentiles: P50: 7,9ms P95: 10,6ms P99: 16,3ms, sample: 100"
"with-umce","2","2026-09-26T21:53:49.1499460+00:00","1eb50fb702881358824526c667271024104dd5c27a9cd35da157bce789abdbb9","10","0","0","0","0","0","False","15","8,3","8","10,6","16,3","100","50,11884179767064","34,37928418852091","1483141120","[23:53:49] [Server thread/INFO]: The game is running normally [23:53:49] [Server thread/INFO]: Target tick rate: 20,0 per second. Average time per tick: 8,3ms (Target: 50,0ms) [23:53:49] [Server thread/INFO]: Percentiles: P50: 8,0ms P95: 10,6ms P99: 16,3ms, sample: 100"
"with-umce","2","2026-09-26T21:53:49.2746563+00:00","1eb50fb702881358824526c667271024104dd5c27a9cd35da157bce789abdbb9","10","0","0","0","0","0","False","15","8,3","8,1","10,9","16,3","100","88,55070727220912","34,37928418852091","1483141120","[23:53:49] [Server thread/INFO]: The game is running normally [23:53:49] [Server thread/INFO]: Target tick rate: 20,0 per second. Average time per tick: 8,3ms (Target: 50,0ms) [23:53:49] [Server thread/INFO]: Percentiles: P50: 8,1ms P95: 10,9ms P99: 16,3ms, sample: 100"
"with-umce","2","2026-09-26T21:53:49.3981806+00:00","1eb50fb702881358824526c667271024104dd5c27a9cd35da157bce789abdbb9","10","0","0","0","0","0","False","15","8,4","8,2","11,2","16,8","100","22,634332044564644","34,37928418852091","1483141120","[23:53:49] [Server thread/INFO]: The game is running normally [23:53:49] [Server thread/INFO]: Target tick rate: 20,0 per second. Average time per tick: 8,4ms (Target: 50,0ms) [23:53:49] [Server thread/INFO]: Percentiles: P50: 8,2ms P95: 11,2ms P99: 16,8ms, sample: 100"
"with-umce","2","2026-09-26T21:53:49.5362446+00:00","1eb50fb702881358824526c667271024104dd5c27a9cd35da157bce789abdbb9","10","0","0","0","0","0","False","15","8,5","8,2","11,2","16,8","100","12,582348957456762","34,37928418852091","1483141120","[23:53:49] [Server thread/INFO]: The game is running normally [23:53:49] [Server thread/INFO]: Target tick rate: 20,0 per second. Average time per tick: 8,5ms (Target: 50,0ms) [23:53:49] [Server thread/INFO]: Percentiles: P50: 8,2ms P95: 11,2ms P99: 16,8ms, sample: 100"
"with-umce","2","2026-09-26T21:53:49.6604230+00:00","1eb50fb702881358824526c667271024104dd5c27a9cd35da157bce789abdbb9","10","0","0","0","0","0","False","15","8,5","8,2","11,2","16,8","100","38,07567372620118","34,37928418852091","1483141120","[23:53:49] [Server thread/INFO]: The game is running normally [23:53:49] [Server thread/INFO]: Target tick rate: 20,0 per second. Average time per tick: 8,5ms (Target: 50,0ms) [23:53:49] [Server thread/INFO]: Percentiles: P50: 8,2ms P95: 11,2ms P99: 16,8ms, sample: 100"
"with-umce","2","2026-09-26T21:53:49.7835486+00:00","1eb50fb702881358824526c667271024104dd5c27a9cd35da157bce789abdbb9","10","0","0","0","0","0","False","15","8,5","8,2","11,2","16,8","100","12,785568223382901","34,37928418852091","1483141120","[23:53:49] [Server thread/INFO]: The game is running normally [23:53:49] [Server thread/INFO]: Target tick rate: 20,0 per second. Average time per tick: 8,5ms (Target: 50,0ms) [23:53:49] [Server thread/INFO]: Percentiles: P50: 8,2ms P95: 11,2ms P99: 16,8ms, sample: 100"
"with-umce","2","2026-09-26T21:53:49.9057416+00:00","1eb50fb702881358824526c667271024104dd5c27a9cd35da157bce789abdbb9","10","0","0","0","0","0","False","15","8,5","8,3","11,2","16,8","100","24,845184685189647","34,37928418852091","1483141120","[23:53:49] [Server thread/INFO]: The game is running normally [23:53:49] [Server thread/INFO]: Target tick rate: 20,0 per second. Average time per tick: 8,5ms (Target: 50,0ms) [23:53:49] [Server thread/INFO]: Percentiles: P50: 8,3ms P95: 11,2ms P99: 16,8ms, sample: 100"
"with-umce","2","2026-09-26T21:53:50.0315219+00:00","1eb50fb702881358824526c667271024104dd5c27a9cd35da157bce789abdbb9","10","0","0","0","0","0","False","15","8,5","8,3","11,2","16,8","100","38,2999480346305","34,37928418852091","1483141120","[23:53:50] [Server thread/INFO]: The game is running normally [23:53:50] [Server thread/INFO]: Target tick rate: 20,0 per second. Average time per tick: 8,5ms (Target: 50,0ms) [23:53:50] [Server thread/INFO]: Percentiles: P50: 8,3ms P95: 11,2ms P99: 16,8ms, sample: 100"
"with-umce","2","2026-09-26T21:53:50.1539240+00:00","1eb50fb702881358824526c667271024104dd5c27a9cd35da157bce789abdbb9","10","0","0","0","0","0","False","15","8,5","8,2","11,2","16,8","100","24,661175181940287","34,37928418852091","1483141120","[23:53:50] [Server thread/INFO]: The game is running normally [23:53:50] [Server thread/INFO]: Target tick rate: 20,0 per second. Average time per tick: 8,5ms (Target: 50,0ms) [23:53:50] [Server thread/INFO]: Percentiles: P50: 8,2ms P95: 11,2ms P99: 16,8ms, sample: 100"
"with-umce","2","2026-09-26T21:53:50.2806229+00:00","1eb50fb702881358824526c667271024104dd5c27a9cd35da157bce789abdbb9","10","0","0","0","0","0","False","15","8,5","8,2","11,2","16,8","100","37,720559656423035","34,37928418852091","1483141120","[23:53:50] [Server thread/INFO]: The game is running normally [23:53:50] [Server thread/INFO]: Target tick rate: 20,0 per second. Average time per tick: 8,5ms (Target: 50,0ms) [23:53:50] [Server thread/INFO]: Percentiles: P50: 8,2ms P95: 11,2ms P99: 16,8ms, sample: 100"
"with-umce","2","2026-09-26T21:53:50.4048957+00:00","1eb50fb702881358824526c667271024104dd5c27a9cd35da157bce789abdbb9","10","0","0","0","0","0","False","15","8,5","8,2","11,2","16,8","100","12,929786089618933","34,37928418852091","1483141120","[23:53:50] [Server thread/INFO]: The game is running normally [23:53:50] [Server thread/INFO]: Target tick rate: 20,0 per second. Average time per tick: 8,5ms (Target: 50,0ms) [23:53:50] [Server thread/INFO]: Percentiles: P50: 8,2ms P95: 11,2ms P99: 16,8ms, sample: 100"
"with-umce","2","2026-09-26T21:53:50.5257256+00:00","1eb50fb702881358824526c667271024104dd5c27a9cd35da157bce789abdbb9","10","0","0","0","0","0","False","15","8,5","8,2","11,2","16,8","100","38,09860528625768","34,37928418852091","1483141120","[23:53:50] [Server thread/INFO]: The game is running normally [23:53:50] [Server thread/INFO]: Target tick rate: 20,0 per second. Average time per tick: 8,5ms (Target: 50,0ms) [23:53:50] [Server thread/INFO]: Percentiles: P50: 8,2ms P95: 11,2ms P99: 16,8ms, sample: 100"
"with-umce","2","2026-09-26T21:53:50.6487859+00:00","1eb50fb702881358824526c667271024104dd5c27a9cd35da157bce789abdbb9","10","0","0","0","0","0","False","15","8,5","8,2","11,3","16,8","100","56,27795438550237","34,37928418852091","1483141120","[23:53:50] [Server thread/INFO]: The game is running normally [23:53:50] [Server thread/INFO]: Target tick rate: 20,0 per second. Average time per tick: 8,5ms (Target: 50,0ms) [23:53:50] [Server thread/INFO]: Percentiles: P50: 8,2ms P95: 11,3ms P99: 16,8ms, sample: 100"
"with-umce","2","2026-09-26T21:53:50.7875909+00:00","1eb50fb702881358824526c667271024104dd5c27a9cd35da157bce789abdbb9","10","0","0","0","0","0","False","15","8,5","8,2","11,3","16,8","100","12,69300475307333","34,37928418852091","1483141120","[23:53:50] [Server thread/INFO]: The game is running normally [23:53:50] [Server thread/INFO]: Target tick rate: 20,0 per second. Average time per tick: 8,5ms (Target: 50,0ms) [23:53:50] [Server thread/INFO]: Percentiles: P50: 8,2ms P95: 11,3ms P99: 16,8ms, sample: 100"
"with-umce","2","2026-09-26T21:53:50.9106737+00:00","1eb50fb702881358824526c667271024104dd5c27a9cd35da157bce789abdbb9","10","0","0","0","0","0","False","15","8,5","8,2","11,3","16,8","100","12,751000902566847","34,37928418852091","1483141120","[23:53:50] [Server thread/INFO]: The game is running normally [23:53:50] [Server thread/INFO]: Target tick rate: 20,0 per second. Average time per tick: 8,5ms (Target: 50,0ms) [23:53:50] [Server thread/INFO]: Percentiles: P50: 8,2ms P95: 11,3ms P99: 16,8ms, sample: 100"
"with-umce","2","2026-09-26T21:53:51.0332259+00:00","1eb50fb702881358824526c667271024104dd5c27a9cd35da157bce789abdbb9","10","0","0","0","0","0","False","15","8,5","8,2","11,3","16,8","100","138,38254854157879","34,37928418852091","1483141120","[23:53:51] [Server thread/INFO]: The game is running normally [23:53:51] [Server thread/INFO]: Target tick rate: 20,0 per second. Average time per tick: 8,5ms (Target: 50,0ms) [23:53:51] [Server thread/INFO]: Percentiles: P50: 8,2ms P95: 11,3ms P99: 16,8ms, sample: 100"
"with-umce","2","2026-09-26T21:53:51.1574407+00:00","1eb50fb702881358824526c667271024104dd5c27a9cd35da157bce789abdbb9","10","0","0","0","0","0","False","15","8,5","8,2","11,3","16,8","100","125,19701001495956","34,37928418852091","1483141120","[23:53:51] [Server thread/INFO]: The game is running normally [23:53:51] [Server thread/INFO]: Target tick rate: 20,0 per second. Average time per tick: 8,5ms (Target: 50,0ms) [23:53:51] [Server thread/INFO]: Percentiles: P50: 8,2ms P95: 11,3ms P99: 16,8ms, sample: 100"
"with-umce","2","2026-09-26T21:53:51.2822204+00:00","1eb50fb702881358824526c667271024104dd5c27a9cd35da157bce789abdbb9","10","0","0","0","0","0","False","15","8,5","8,3","11,3","16,8","100","125,48124567340663","34,37928418852091","1483141120","[23:53:51] [Server thread/INFO]: The game is running normally [23:53:51] [Server thread/INFO]: Target tick rate: 20,0 per second. Average time per tick: 8,5ms (Target: 50,0ms) [23:53:51] [Server thread/INFO]: Percentiles: P50: 8,3ms P95: 11,3ms P99: 16,8ms, sample: 100"
"with-umce","2","2026-09-26T21:53:51.4067876+00:00","1eb50fb702881358824526c667271024104dd5c27a9cd35da157bce789abdbb9","10","0","0","0","0","0","False","15","8,5","8,3","11,3","16,8","100","0","34,37928418852091","1483141120","[23:53:51] [Server thread/INFO]: The game is running normally [23:53:51] [Server thread/INFO]: Target tick rate: 20,0 per second. Average time per tick: 8,5ms (Target: 50,0ms) [23:53:51] [Server thread/INFO]: Percentiles: P50: 8,3ms P95: 11,3ms P99: 16,8ms, sample: 100"
"with-umce","2","2026-09-26T21:53:51.5315405+00:00","1eb50fb702881358824526c667271024104dd5c27a9cd35da157bce789abdbb9","10","0","0","0","0","0","False","15","8,4","8,2","11,3","16,8","100","50,16876773465939","34,37928418852091","1483141120","[23:53:51] [Server thread/INFO]: The game is running normally [23:53:51] [Server thread/INFO]: Target tick rate: 20,0 per second. Average time per tick: 8,4ms (Target: 50,0ms) [23:53:51] [Server thread/INFO]: Percentiles: P50: 8,2ms P95: 11,3ms P99: 16,8ms, sample: 100"
"with-umce","2","2026-09-26T21:53:51.6560941+00:00","1eb50fb702881358824526c667271024104dd5c27a9cd35da157bce789abdbb9","10","0","0","0","0","0","False","15","8,5","8,2","11,6","16,8","100","0","34,37928418852091","1483141120","[23:53:51] [Server thread/INFO]: The game is running normally [23:53:51] [Server thread/INFO]: Target tick rate: 20,0 per second. Average time per tick: 8,5ms (Target: 50,0ms) [23:53:51] [Server thread/INFO]: Percentiles: P50: 8,2ms P95: 11,6ms P99: 16,8ms, sample: 100"
"with-umce","2","2026-09-26T21:53:51.7807121+00:00","1eb50fb702881358824526c667271024104dd5c27a9cd35da157bce789abdbb9","10","0","0","0","0","0","False","15","8,4","8,2","11,6","16,8","100","38,19686357913779","34,37928418852091","1483141120","[23:53:51] [Server thread/INFO]: The game is running normally [23:53:51] [Server thread/INFO]: Target tick rate: 20,0 per second. Average time per tick: 8,4ms (Target: 50,0ms) [23:53:51] [Server thread/INFO]: Percentiles: P50: 8,2ms P95: 11,6ms P99: 16,8ms, sample: 100"
"with-umce","2","2026-09-26T21:53:51.9034204+00:00","1eb50fb702881358824526c667271024104dd5c27a9cd35da157bce789abdbb9","10","0","0","0","0","0","False","15","8,4","8,1","11,6","16,8","100","51,06263383516328","34,37928418852091","1483141120","[23:53:51] [Server thread/INFO]: The game is running normally [23:53:51] [Server thread/INFO]: Target tick rate: 20,0 per second. Average time per tick: 8,4ms (Target: 50,0ms) [23:53:51] [Server thread/INFO]: Percentiles: P50: 8,1ms P95: 11,6ms P99: 16,8ms, sample: 100"
"with-umce","2","2026-09-26T21:53:52.0258136+00:00","1eb50fb702881358824526c667271024104dd5c27a9cd35da157bce789abdbb9","10","0","0","0","0","0","False","15","8,4","8,2","11,6","16,8","100","25,300611748551592","34,37928418852091","1483141120","[23:53:52] [Server thread/INFO]: The game is running normally [23:53:52] [Server thread/INFO]: Target tick rate: 20,0 per second. Average time per tick: 8,4ms (Target: 50,0ms) [23:53:52] [Server thread/INFO]: Percentiles: P50: 8,2ms P95: 11,6ms P99: 16,8ms, sample: 100"
"with-umce","2","2026-09-26T21:53:52.1493335+00:00","1eb50fb702881358824526c667271024104dd5c27a9cd35da157bce789abdbb9","10","0","0","0","0","0","False","15","8,4","8,1","11,6","16,8","100","45,946490349766734","34,37928418852091","1483141120","[23:53:52] [Server thread/INFO]: The game is running normally [23:53:52] [Server thread/INFO]: Target tick rate: 20,0 per second. Average time per tick: 8,4ms (Target: 50,0ms) [23:53:52] [Server thread/INFO]: Percentiles: P50: 8,1ms P95: 11,6ms P99: 16,8ms, sample: 100"
"with-umce","2","2026-09-26T21:53:52.2853803+00:00","1eb50fb702881358824526c667271024104dd5c27a9cd35da157bce789abdbb9","10","0","0","0","0","0","False","15","8,4","8,1","11,6","16,8","100","12,637168885955719","34,37928418852091","1483141120","[23:53:52] [Server thread/INFO]: The game is running normally [23:53:52] [Server thread/INFO]: Target tick rate: 20,0 per second. Average time per tick: 8,4ms (Target: 50,0ms) [23:53:52] [Server thread/INFO]: Percentiles: P50: 8,1ms P95: 11,6ms P99: 16,8ms, sample: 100"
"with-umce","2","2026-09-26T21:53:52.4090028+00:00","1eb50fb702881358824526c667271024104dd5c27a9cd35da157bce789abdbb9","10","0","0","0","0","0","False","15","8,4","8,2","11,6","16,8","100","37,9403508885529","34,37928418852091","1483141120","[23:53:52] [Server thread/INFO]: The game is running normally [23:53:52] [Server thread/INFO]: Target tick rate: 20,0 per second. Average time per tick: 8,4ms (Target: 50,0ms) [23:53:52] [Server thread/INFO]: Percentiles: P50: 8,2ms P95: 11,6ms P99: 16,8ms, sample: 100"
"with-umce","2","2026-09-26T21:53:52.5325463+00:00","1eb50fb702881358824526c667271024104dd5c27a9cd35da157bce789abdbb9","10","0","0","0","0","0","False","15","8,4","8,2","11,6","16,8","100","38,1434960355176","34,37928418852091","1483141120","[23:53:52] [Server thread/INFO]: The game is running normally [23:53:52] [Server thread/INFO]: Target tick rate: 20,0 per second. Average time per tick: 8,4ms (Target: 50,0ms) [23:53:52] [Server thread/INFO]: Percentiles: P50: 8,2ms P95: 11,6ms P99: 16,8ms, sample: 100"
"with-umce","2","2026-09-26T21:53:52.6554955+00:00","1eb50fb702881358824526c667271024104dd5c27a9cd35da157bce789abdbb9","10","0","0","0","0","0","False","15","8,4","8,1","11,6","16,8","100","155,57284870589592","34,37928418852091","1483141120","[23:53:52] [Server thread/INFO]: Saving the game (this may take a moment!) [23:53:52] [Server thread/INFO]: ThreadedAnvilChunkStorage (world): All chunks are saved [23:53:52] [Server thread/INFO]: ThreadedAnvilChunkStorage (DIM1): All chunks are saved [23:53:52] [Server thread/INFO]: ThreadedAnvilChunkStorage (DIM-1): All chunks are saved [23:53:52] [Server thread/INFO]: ThreadedAnvilChunkStorage: All dimensions are saved [23:53:52] [Server thread/INFO]: Saved the game [23:53:52] [Server thread/INFO]: The game is running normally [23:53:52] [Server thread/INFO]: Target tick rate: 20,0 per second. Average time per tick: 8,4ms (Target: 50,0ms) [23:53:52] [Server thread/INFO]: Percentiles: P50: 8,1ms P95: 11,6ms P99: 16,8ms, sample: 100"
"with-umce","2","2026-09-26T21:53:53.0371185+00:00","1eb50fb702881358824526c667271024104dd5c27a9cd35da157bce789abdbb9","10","0","0","0","0","0","False","15","11,3","8","12,9","311,5","100","24,975084855348303","34,37928418852091","1483141120","[23:53:53] [Server thread/INFO]: The game is running normally [23:53:53] [Server thread/INFO]: Target tick rate: 20,0 per second. Average time per tick: 11,3ms (Target: 50,0ms) [23:53:53] [Server thread/INFO]: Percentiles: P50: 8,0ms P95: 12,9ms P99: 311,5ms, sample: 100"
"with-umce","2","2026-09-26T21:53:53.1622470+00:00","1eb50fb702881358824526c667271024104dd5c27a9cd35da157bce789abdbb9","10","0","0","0","0","0","False","15","11,3","7,9","12,9","311,5","100","50,891041059706176","34,37928418852091","1483141120","[23:53:53] [Server thread/INFO]: The game is running normally [23:53:53] [Server thread/INFO]: Target tick rate: 20,0 per second. Average time per tick: 11,3ms (Target: 50,0ms) [23:53:53] [Server thread/INFO]: Percentiles: P50: 7,9ms P95: 12,9ms P99: 311,5ms, sample: 100"
"with-umce","2","2026-09-26T21:53:53.2850367+00:00","1eb50fb702881358824526c667271024104dd5c27a9cd35da157bce789abdbb9","10","0","0","0","0","0","False","15","11,2","7,9","12,9","311,5","100","76,3335159909556","34,37928418852091","1483141120","[23:53:53] [Server thread/INFO]: The game is running normally [23:53:53] [Server thread/INFO]: Target tick rate: 20,0 per second. Average time per tick: 11,2ms (Target: 50,0ms) [23:53:53] [Server thread/INFO]: Percentiles: P50: 7,9ms P95: 12,9ms P99: 311,5ms, sample: 100"
"with-umce","2","2026-09-26T21:53:53.4078903+00:00","1eb50fb702881358824526c667271024104dd5c27a9cd35da157bce789abdbb9","10","0","0","0","0","0","False","15","11,2","7,8","12,9","311,5","100","0","34,37928418852091","1483141120","[23:53:53] [Server thread/INFO]: The game is running normally [23:53:53] [Server thread/INFO]: Target tick rate: 20,0 per second. Average time per tick: 11,2ms (Target: 50,0ms) [23:53:53] [Server thread/INFO]: Percentiles: P50: 7,8ms P95: 12,9ms P99: 311,5ms, sample: 100"
"with-umce","2","2026-09-26T21:53:53.5324249+00:00","1eb50fb702881358824526c667271024104dd5c27a9cd35da157bce789abdbb9","10","0","0","0","0","0","False","15","11,2","7,8","12,9","311,5","100","25,09274277730492","34,37928418852091","1483141120","[23:53:53] [Server thread/INFO]: The game is running normally [23:53:53] [Server thread/INFO]: Target tick rate: 20,0 per second. Average time per tick: 11,2ms (Target: 50,0ms) [23:53:53] [Server thread/INFO]: Percentiles: P50: 7,8ms P95: 12,9ms P99: 311,5ms, sample: 100"
"with-umce","2","2026-09-26T21:53:53.6569031+00:00","1eb50fb702881358824526c667271024104dd5c27a9cd35da157bce789abdbb9","10","0","0","0","0","0","False","15","11,1","7,7","12,9","311,5","100","25,120215302350935","34,37928418852091","1483141120","[23:53:53] [Server thread/INFO]: The game is running normally [23:53:53] [Server thread/INFO]: Target tick rate: 20,0 per second. Average time per tick: 11,1ms (Target: 50,0ms) [23:53:53] [Server thread/INFO]: Percentiles: P50: 7,7ms P95: 12,9ms P99: 311,5ms, sample: 100"
"with-umce","2","2026-09-26T21:53:53.7812986+00:00","1eb50fb702881358824526c667271024104dd5c27a9cd35da157bce789abdbb9","10","0","0","0","0","0","False","15","11,1","7,7","12,9","311,5","100","38,277492426160165","34,37928418852091","1483141120","[23:53:53] [Server thread/INFO]: The game is running normally [23:53:53] [Server thread/INFO]: Target tick rate: 20,0 per second. Average time per tick: 11,1ms (Target: 50,0ms) [23:53:53] [Server thread/INFO]: Percentiles: P50: 7,7ms P95: 12,9ms P99: 311,5ms, sample: 100"
"with-umce","2","2026-09-26T21:53:53.9037603+00:00","1eb50fb702881358824526c667271024104dd5c27a9cd35da157bce789abdbb9","10","0","0","0","0","0","False","15","11","7,7","11,3","311,5","100","12,556282279690484","34,37928418852091","1483141120","[23:53:53] [Server thread/INFO]: The game is running normally [23:53:53] [Server thread/INFO]: Target tick rate: 20,0 per second. Average time per tick: 11,0ms (Target: 50,0ms) [23:53:53] [Server thread/INFO]: Percentiles: P50: 7,7ms P95: 11,3ms P99: 311,5ms, sample: 100"
"with-umce","2","2026-09-26T21:53:54.0282437+00:00","1eb50fb702881358824526c667271024104dd5c27a9cd35da157bce789abdbb9","10","0","0","0","0","0","False","15","11","7,7","11,3","311,5","100","38,520073169649386","34,37928418852091","1483141120","[23:53:54] [Server thread/INFO]: The game is running normally [23:53:54] [Server thread/INFO]: Target tick rate: 20,0 per second. Average time per tick: 11,0ms (Target: 50,0ms) [23:53:54] [Server thread/INFO]: Percentiles: P50: 7,7ms P95: 11,3ms P99: 311,5ms, sample: 100"
"with-umce","2","2026-09-26T21:53:54.1499133+00:00","1eb50fb702881358824526c667271024104dd5c27a9cd35da157bce789abdbb9","10","0","0","0","0","0","False","15","10,9","7,5","11,3","311,5","100","33,985886522303076","34,37928418852091","1483141120","[23:53:54] [Server thread/INFO]: The game is running normally [23:53:54] [Server thread/INFO]: Target tick rate: 20,0 per second. Average time per tick: 10,9ms (Target: 50,0ms) [23:53:54] [Server thread/INFO]: Percentiles: P50: 7,5ms P95: 11,3ms P99: 311,5ms, sample: 100"
"with-umce","2","2026-09-26T21:53:54.2878179+00:00","1eb50fb702881358824526c667271024104dd5c27a9cd35da157bce789abdbb9","10","0","0","0","0","0","False","15","10,9","7,5","11,2","311,5","100","11,201969539245967","34,37928418852091","1483141120","[23:53:54] [Server thread/INFO]: The game is running normally [23:53:54] [Server thread/INFO]: Target tick rate: 20,0 per second. Average time per tick: 10,9ms (Target: 50,0ms) [23:53:54] [Server thread/INFO]: Percentiles: P50: 7,5ms P95: 11,2ms P99: 311,5ms, sample: 100"
"with-umce","2","2026-09-26T21:53:54.4273166+00:00","1eb50fb702881358824526c667271024104dd5c27a9cd35da157bce789abdbb9","10","0","0","0","0","0","False","15","10,8","7,5","11","311,5","100","12,40178776235238","34,37928418852091","1483141120","[23:53:54] [Server thread/INFO]: The game is running normally [23:53:54] [Server thread/INFO]: Target tick rate: 20,0 per second. Average time per tick: 10,8ms (Target: 50,0ms) [23:53:54] [Server thread/INFO]: Percentiles: P50: 7,5ms P95: 11,0ms P99: 311,5ms, sample: 100"
"with-umce","2","2026-09-26T21:53:54.5533389+00:00","1eb50fb702881358824526c667271024104dd5c27a9cd35da157bce789abdbb9","10","0","0","0","0","0","False","15","10,7","7,4","11","311,5","100","25,870661593533413","34,37928418852091","1483141120","[23:53:54] [Server thread/INFO]: The game is running normally [23:53:54] [Server thread/INFO]: Target tick rate: 20,0 per second. Average time per tick: 10,7ms (Target: 50,0ms) [23:53:54] [Server thread/INFO]: Percentiles: P50: 7,4ms P95: 11,0ms P99: 311,5ms, sample: 100"
"with-umce","2","2026-09-26T21:53:54.6741169+00:00","1eb50fb702881358824526c667271024104dd5c27a9cd35da157bce789abdbb9","10","0","0","0","0","0","False","15","10,6","7,4","11","311,5","100","24,954343533071892","34,37928418852091","1483141120","[23:53:54] [Server thread/INFO]: The game is running normally [23:53:54] [Server thread/INFO]: Target tick rate: 20,0 per second. Average time per tick: 10,6ms (Target: 50,0ms) [23:53:54] [Server thread/INFO]: Percentiles: P50: 7,4ms P95: 11,0ms P99: 311,5ms, sample: 100"
"with-umce","2","2026-09-26T21:53:54.7993703+00:00","1eb50fb702881358824526c667271024104dd5c27a9cd35da157bce789abdbb9","10","0","0","0","0","0","False","15","10,6","7,4","11","311,5","100","12,598388373844378","34,37928418852091","1483141120","[23:53:54] [Server thread/INFO]: The game is running normally [23:53:54] [Server thread/INFO]: Target tick rate: 20,0 per second. Average time per tick: 10,6ms (Target: 50,0ms) [23:53:54] [Server thread/INFO]: Percentiles: P50: 7,4ms P95: 11,0ms P99: 311,5ms, sample: 100"
"with-umce","2","2026-09-26T21:53:54.9233373+00:00","1eb50fb702881358824526c667271024104dd5c27a9cd35da157bce789abdbb9","10","0","0","0","0","0","False","15","10,6","7,4","11","311,5","100","12,63767994034206","34,37928418852091","1483141120","[23:53:54] [Server thread/INFO]: The game is running normally [23:53:54] [Server thread/INFO]: Target tick rate: 20,0 per second. Average time per tick: 10,6ms (Target: 50,0ms) [23:53:54] [Server thread/INFO]: Percentiles: P50: 7,4ms P95: 11,0ms P99: 311,5ms, sample: 100"
"with-umce","2","2026-09-26T21:53:55.0470070+00:00","1eb50fb702881358824526c667271024104dd5c27a9cd35da157bce789abdbb9","10","0","0","0","0","0","False","15","10,5","7,3","11","311,5","100","12,69298413072352","34,37928418852091","1483141120","[23:53:55] [Server thread/INFO]: The game is running normally [23:53:55] [Server thread/INFO]: Target tick rate: 20,0 per second. Average time per tick: 10,5ms (Target: 50,0ms) [23:53:55] [Server thread/INFO]: Percentiles: P50: 7,3ms P95: 11,0ms P99: 311,5ms, sample: 100"
"with-umce","2","2026-09-26T21:53:55.1700742+00:00","1eb50fb702881358824526c667271024104dd5c27a9cd35da157bce789abdbb9","10","0","0","0","0","0","False","15","10,5","7,3","11","311,5","100","12,664342641591404","34,37928418852091","1483141120","[23:53:55] [Server thread/INFO]: The game is running normally [23:53:55] [Server thread/INFO]: Target tick rate: 20,0 per second. Average time per tick: 10,5ms (Target: 50,0ms) [23:53:55] [Server thread/INFO]: Percentiles: P50: 7,3ms P95: 11,0ms P99: 311,5ms, sample: 100"
"with-umce","2","2026-09-26T21:53:55.2935043+00:00","1eb50fb702881358824526c667271024104dd5c27a9cd35da157bce789abdbb9","10","0","0","0","0","0","False","15","10,4","7,2","10,2","311,5","100","25,227063755450057","34,37928418852091","1483141120","[23:53:55] [Server thread/INFO]: The game is running normally [23:53:55] [Server thread/INFO]: Target tick rate: 20,0 per second. Average time per tick: 10,4ms (Target: 50,0ms) [23:53:55] [Server thread/INFO]: Percentiles: P50: 7,2ms P95: 10,2ms P99: 311,5ms, sample: 100"
"with-umce","2","2026-09-26T21:53:55.4173318+00:00","1eb50fb702881358824526c667271024104dd5c27a9cd35da157bce789abdbb9","10","0","0","0","0","0","False","15","10,4","7,2","10,2","311,5","100","12,795012033452915","34,37928418852091","1483141120","[23:53:55] [Server thread/INFO]: The game is running normally [23:53:55] [Server thread/INFO]: Target tick rate: 20,0 per second. Average time per tick: 10,4ms (Target: 50,0ms) [23:53:55] [Server thread/INFO]: Percentiles: P50: 7,2ms P95: 10,2ms P99: 311,5ms, sample: 100"
"with-umce","2","2026-09-26T21:53:55.5394456+00:00","1eb50fb702881358824526c667271024104dd5c27a9cd35da157bce789abdbb9","10","0","0","0","0","0","False","15","10,4","7,2","10,2","311,5","100","0","34,37928418852091","1483141120","[23:53:55] [Server thread/INFO]: The game is running normally [23:53:55] [Server thread/INFO]: Target tick rate: 20,0 per second. Average time per tick: 10,4ms (Target: 50,0ms) [23:53:55] [Server thread/INFO]: Percentiles: P50: 7,2ms P95: 10,2ms P99: 311,5ms, sample: 100"
"with-umce","2","2026-09-26T21:53:55.6765612+00:00","1eb50fb702881358824526c667271024104dd5c27a9cd35da157bce789abdbb9","10","0","0","0","0","0","False","15","10,3","7,1","9,2","311,5","100","25,619479002275007","34,37928418852091","1483141120","[23:53:55] [Server thread/INFO]: The game is running normally [23:53:55] [Server thread/INFO]: Target tick rate: 20,0 per second. Average time per tick: 10,3ms (Target: 50,0ms) [23:53:55] [Server thread/INFO]: Percentiles: P50: 7,1ms P95: 9,2ms P99: 311,5ms, sample: 100"
"with-umce","2","2026-09-26T21:53:55.7985364+00:00","1eb50fb702881358824526c667271024104dd5c27a9cd35da157bce789abdbb9","10","0","0","0","0","0","False","15","10,3","7","9,7","311,5","100","12,780956089133774","34,37928418852091","1483141120","[23:53:55] [Server thread/INFO]: The game is running normally [23:53:55] [Server thread/INFO]: Target tick rate: 20,0 per second. Average time per tick: 10,3ms (Target: 50,0ms) [23:53:55] [Server thread/INFO]: Percentiles: P50: 7,0ms P95: 9,7ms P99: 311,5ms, sample: 100"
"with-umce","2","2026-09-26T21:53:55.9207651+00:00","1eb50fb702881358824526c667271024104dd5c27a9cd35da157bce789abdbb9","10","0","0","0","0","0","False","15","10,3","7","9,7","311,5","100","12,61306350122498","34,37928418852091","1483141120","[23:53:55] [Server thread/INFO]: The game is running normally [23:53:55] [Server thread/INFO]: Target tick rate: 20,0 per second. Average time per tick: 10,3ms (Target: 50,0ms) [23:53:55] [Server thread/INFO]: Percentiles: P50: 7,0ms P95: 9,7ms P99: 311,5ms, sample: 100"
"with-umce","2","2026-09-26T21:53:56.0446583+00:00","1eb50fb702881358824526c667271024104dd5c27a9cd35da157bce789abdbb9","10","0","0","0","0","0","False","15","10,3","7","9,7","311,5","100","12,54576695786228","34,37928418852091","1483141120","[23:53:56] [Server thread/INFO]: The game is running normally [23:53:56] [Server thread/INFO]: Target tick rate: 20,0 per second. Average time per tick: 10,3ms (Target: 50,0ms) [23:53:56] [Server thread/INFO]: Percentiles: P50: 7,0ms P95: 9,7ms P99: 311,5ms, sample: 100"
"with-umce","2","2026-09-26T21:53:56.1692351+00:00","1eb50fb702881358824526c667271024104dd5c27a9cd35da157bce789abdbb9","10","0","0","0","0","0","False","15","10,2","7","9,7","311,5","100","37,820933311709844","34,37928418852091","1483141120","[23:53:56] [Server thread/INFO]: The game is running normally [23:53:56] [Server thread/INFO]: Target tick rate: 20,0 per second. Average time per tick: 10,2ms (Target: 50,0ms) [23:53:56] [Server thread/INFO]: Percentiles: P50: 7,0ms P95: 9,7ms P99: 311,5ms, sample: 100"
"with-umce","2","2026-09-26T21:53:56.2931403+00:00","1eb50fb702881358824526c667271024104dd5c27a9cd35da157bce789abdbb9","10","0","0","0","0","0","False","15","10,2","7","9,7","311,5","100","12,624579349016091","34,37928418852091","1483141120","[23:53:56] [Server thread/INFO]: The game is running normally [23:53:56] [Server thread/INFO]: Target tick rate: 20,0 per second. Average time per tick: 10,2ms (Target: 50,0ms) [23:53:56] [Server thread/INFO]: Percentiles: P50: 7,0ms P95: 9,7ms P99: 311,5ms, sample: 100"
"with-umce","2","2026-09-26T21:53:56.4169196+00:00","1eb50fb702881358824526c667271024104dd5c27a9cd35da157bce789abdbb9","10","0","0","0","0","0","False","15","10,2","7","9,7","311,5","100","25,307455211878064","34,37928418852091","1483141120","[23:53:56] [Server thread/INFO]: The game is running normally [23:53:56] [Server thread/INFO]: Target tick rate: 20,0 per second. Average time per tick: 10,2ms (Target: 50,0ms) [23:53:56] [Server thread/INFO]: Percentiles: P50: 7,0ms P95: 9,7ms P99: 311,5ms, sample: 100"
"with-umce","2","2026-09-26T21:53:56.5403841+00:00","1eb50fb702881358824526c667271024104dd5c27a9cd35da157bce789abdbb9","10","0","0","0","0","0","False","15","10,2","7","9,7","311,5","100","0","34,37928418852091","1483141120","[23:53:56] [Server thread/INFO]: The game is running normally [23:53:56] [Server thread/INFO]: Target tick rate: 20,0 per second. Average time per tick: 10,2ms (Target: 50,0ms) [23:53:56] [Server thread/INFO]: Percentiles: P50: 7,0ms P95: 9,7ms P99: 311,5ms, sample: 100"
"with-umce","2","2026-09-26T21:53:56.6793372+00:00","1eb50fb702881358824526c667271024104dd5c27a9cd35da157bce789abdbb9","10","0","0","0","0","0","False","15","10,1","7","9,2","311,5","100","12,434514870883977","34,37928418852091","1483141120","[23:53:56] [Server thread/INFO]: The game is running normally [23:53:56] [Server thread/INFO]: Target tick rate: 20,0 per second. Average time per tick: 10,1ms (Target: 50,0ms) [23:53:56] [Server thread/INFO]: Percentiles: P50: 7,0ms P95: 9,2ms P99: 311,5ms, sample: 100"
"with-umce","2","2026-09-26T21:53:56.8050215+00:00","1eb50fb702881358824526c667271024104dd5c27a9cd35da157bce789abdbb9","10","0","0","0","0","0","False","15","10,1","6,9","9,2","311,5","100","11,395602063387992","34,37928418852091","1483141120","[23:53:56] [Server thread/INFO]: The game is running normally [23:53:56] [Server thread/INFO]: Target tick rate: 20,0 per second. Average time per tick: 10,1ms (Target: 50,0ms) [23:53:56] [Server thread/INFO]: Percentiles: P50: 6,9ms P95: 9,2ms P99: 311,5ms, sample: 100"
"with-umce","2","2026-09-26T21:53:56.9421139+00:00","1eb50fb702881358824526c667271024104dd5c27a9cd35da157bce789abdbb9","10","0","0","0","0","0","False","15","10,1","6,9","9,2","311,5","100","50,813958309789534","34,37928418852091","1483141120","[23:53:56] [Server thread/INFO]: The game is running normally [23:53:56] [Server thread/INFO]: Target tick rate: 20,0 per second. Average time per tick: 10,1ms (Target: 50,0ms) [23:53:56] [Server thread/INFO]: Percentiles: P50: 6,9ms P95: 9,2ms P99: 311,5ms, sample: 100"
"with-umce","2","2026-09-26T21:53:57.0650963+00:00","1eb50fb702881358824526c667271024104dd5c27a9cd35da157bce789abdbb9","10","0","0","0","0","0","False","15","10,1","7","9,2","311,5","100","0","34,37928418852091","1483141120","[23:53:57] [Server thread/INFO]: The game is running normally [23:53:57] [Server thread/INFO]: Target tick rate: 20,0 per second. Average time per tick: 10,1ms (Target: 50,0ms) [23:53:57] [Server thread/INFO]: Percentiles: P50: 7,0ms P95: 9,2ms P99: 311,5ms, sample: 100"
"with-umce","2","2026-09-26T21:53:57.1894998+00:00","1eb50fb702881358824526c667271024104dd5c27a9cd35da157bce789abdbb9","10","0","0","0","0","0","False","15","10,1","7","9,2","311,5","100","50,4881599206407","34,37928418852091","1483141120","[23:53:57] [Server thread/INFO]: The game is running normally [23:53:57] [Server thread/INFO]: Target tick rate: 20,0 per second. Average time per tick: 10,1ms (Target: 50,0ms) [23:53:57] [Server thread/INFO]: Percentiles: P50: 7,0ms P95: 9,2ms P99: 311,5ms, sample: 100"
"with-umce","2","2026-09-26T21:53:57.3132637+00:00","1eb50fb702881358824526c667271024104dd5c27a9cd35da157bce789abdbb9","10","0","0","0","0","0","False","15","10,1","7","9,2","311,5","100","12,607069318306513","34,37928418852091","1483141120","[23:53:57] [Server thread/INFO]: The game is running normally [23:53:57] [Server thread/INFO]: Target tick rate: 20,0 per second. Average time per tick: 10,1ms (Target: 50,0ms) [23:53:57] [Server thread/INFO]: Percentiles: P50: 7,0ms P95: 9,2ms P99: 311,5ms, sample: 100"
"with-umce","2","2026-09-26T21:53:57.4372100+00:00","1eb50fb702881358824526c667271024104dd5c27a9cd35da157bce789abdbb9","10","0","0","0","0","0","False","15","10,1","6,9","9,2","311,5","100","62,65654110228995","34,37928418852091","1483141120","[23:53:57] [Server thread/INFO]: The game is running normally [23:53:57] [Server thread/INFO]: Target tick rate: 20,0 per second. Average time per tick: 10,1ms (Target: 50,0ms) [23:53:57] [Server thread/INFO]: Percentiles: P50: 6,9ms P95: 9,2ms P99: 311,5ms, sample: 100"
"with-umce","2","2026-09-26T21:53:57.5618845+00:00","1eb50fb702881358824526c667271024104dd5c27a9cd35da157bce789abdbb9","10","0","0","0","0","0","False","15","10,1","6,9","9,2","311,5","100","12,318882856687832","34,37928418852091","1483141120","[23:53:57] [Server thread/INFO]: The game is running normally [23:53:57] [Server thread/INFO]: Target tick rate: 20,0 per second. Average time per tick: 10,1ms (Target: 50,0ms) [23:53:57] [Server thread/INFO]: Percentiles: P50: 6,9ms P95: 9,2ms P99: 311,5ms, sample: 100"
"with-umce","2","2026-09-26T21:53:57.6887447+00:00","1eb50fb702881358824526c667271024104dd5c27a9cd35da157bce789abdbb9","10","0","0","0","0","0","False","15","7","6,9","9,2","11","100","89,24295052085246","34,37928418852091","1483141120","[23:53:57] [Server thread/INFO]: The game is running normally [23:53:57] [Server thread/INFO]: Target tick rate: 20,0 per second. Average time per tick: 7,0ms (Target: 50,0ms) [23:53:57] [Server thread/INFO]: Percentiles: P50: 6,9ms P95: 9,2ms P99: 11,0ms, sample: 100"
"with-umce","2","2026-09-26T21:53:57.8112868+00:00","1eb50fb702881358824526c667271024104dd5c27a9cd35da157bce789abdbb9","10","0","0","0","0","0","False","15","7","6,9","9,2","11","100","12,485387102934725","34,37928418852091","1483141120","[23:53:57] [Server thread/INFO]: The game is running normally [23:53:57] [Server thread/INFO]: Target tick rate: 20,0 per second. Average time per tick: 7,0ms (Target: 50,0ms) [23:53:57] [Server thread/INFO]: Percentiles: P50: 6,9ms P95: 9,2ms P99: 11,0ms, sample: 100"
"with-umce","2","2026-09-26T21:53:57.9364178+00:00","1eb50fb702881358824526c667271024104dd5c27a9cd35da157bce789abdbb9","10","0","0","0","0","0","False","15","7","6,9","9,2","11","100","25,595075261806905","34,37928418852091","1483141120","[23:53:57] [Server thread/INFO]: The game is running normally [23:53:57] [Server thread/INFO]: Target tick rate: 20,0 per second. Average time per tick: 7,0ms (Target: 50,0ms) [23:53:57] [Server thread/INFO]: Percentiles: P50: 6,9ms P95: 9,2ms P99: 11,0ms, sample: 100"
"with-umce","2","2026-09-26T21:53:58.0585111+00:00","1eb50fb702881358824526c667271024104dd5c27a9cd35da157bce789abdbb9","10","0","0","0","0","0","False","15","7","6,9","9,2","11","100","24,91528802072952","34,37928418852091","1483141120","[23:53:58] [Server thread/INFO]: The game is running normally [23:53:58] [Server thread/INFO]: Target tick rate: 20,0 per second. Average time per tick: 7,0ms (Target: 50,0ms) [23:53:58] [Server thread/INFO]: Percentiles: P50: 6,9ms P95: 9,2ms P99: 11,0ms, sample: 100"
"with-umce","2","2026-09-26T21:53:58.1839598+00:00","1eb50fb702881358824526c667271024104dd5c27a9cd35da157bce789abdbb9","10","0","0","0","0","0","False","15","7","6,9","9,2","11","100","24,79027427959463","34,37928418852091","1483141120","[23:53:58] [Server thread/INFO]: The game is running normally [23:53:58] [Server thread/INFO]: Target tick rate: 20,0 per second. Average time per tick: 7,0ms (Target: 50,0ms) [23:53:58] [Server thread/INFO]: Percentiles: P50: 6,9ms P95: 9,2ms P99: 11,0ms, sample: 100"
"with-umce","2","2026-09-26T21:53:58.3099955+00:00","1eb50fb702881358824526c667271024104dd5c27a9cd35da157bce789abdbb9","10","0","0","0","0","0","False","15","7,1","6,9","9,7","11","100","12,60308313759905","34,37928418852091","1483141120","[23:53:58] [Server thread/INFO]: The game is running normally [23:53:58] [Server thread/INFO]: Target tick rate: 20,0 per second. Average time per tick: 7,1ms (Target: 50,0ms) [23:53:58] [Server thread/INFO]: Percentiles: P50: 6,9ms P95: 9,7ms P99: 11,0ms, sample: 100"
"with-umce","2","2026-09-26T21:53:58.4339953+00:00","1eb50fb702881358824526c667271024104dd5c27a9cd35da157bce789abdbb9","10","0","0","0","0","0","False","15","7","6,9","9,2","11","100","12,762478232317129","34,37928418852091","1483141120","[23:53:58] [Server thread/INFO]: The game is running normally [23:53:58] [Server thread/INFO]: Target tick rate: 20,0 per second. Average time per tick: 7,0ms (Target: 50,0ms) [23:53:58] [Server thread/INFO]: Percentiles: P50: 6,9ms P95: 9,2ms P99: 11,0ms, sample: 100"
"with-umce","2","2026-09-26T21:53:58.5564203+00:00","1eb50fb702881358824526c667271024104dd5c27a9cd35da157bce789abdbb9","10","0","0","0","0","0","False","15","7","6,9","9,2","11","100","0","34,37928418852091","1483141120","[23:53:58] [Server thread/INFO]: The game is running normally [23:53:58] [Server thread/INFO]: Target tick rate: 20,0 per second. Average time per tick: 7,0ms (Target: 50,0ms) [23:53:58] [Server thread/INFO]: Percentiles: P50: 6,9ms P95: 9,2ms P99: 11,0ms, sample: 100"
"with-umce","2","2026-09-26T21:53:58.6933387+00:00","1eb50fb702881358824526c667271024104dd5c27a9cd35da157bce789abdbb9","10","0","0","0","0","0","False","15","7","6,9","9,2","11","100","63,01516154869288","34,37928418852091","1483141120","[23:53:58] [Server thread/INFO]: The game is running normally [23:53:58] [Server thread/INFO]: Target tick rate: 20,0 per second. Average time per tick: 7,0ms (Target: 50,0ms) [23:53:58] [Server thread/INFO]: Percentiles: P50: 6,9ms P95: 9,2ms P99: 11,0ms, sample: 100"
"with-umce","2","2026-09-26T21:53:58.8173464+00:00","1eb50fb702881358824526c667271024104dd5c27a9cd35da157bce789abdbb9","10","0","0","0","0","0","False","15","7","6,9","9,2","11","100","62,77722422216508","34,37928418852091","1483141120","[23:53:58] [Server thread/INFO]: The game is running normally [23:53:58] [Server thread/INFO]: Target tick rate: 20,0 per second. Average time per tick: 7,0ms (Target: 50,0ms) [23:53:58] [Server thread/INFO]: Percentiles: P50: 6,9ms P95: 9,2ms P99: 11,0ms, sample: 100"
"with-umce","2","2026-09-26T21:53:58.9417715+00:00","1eb50fb702881358824526c667271024104dd5c27a9cd35da157bce789abdbb9","10","0","0","0","0","0","False","15","7","6,9","9,2","11,5","100","25,263569770703796","34,37928418852091","1483141120","[23:53:58] [Server thread/INFO]: The game is running normally [23:53:58] [Server thread/INFO]: Target tick rate: 20,0 per second. Average time per tick: 7,0ms (Target: 50,0ms) [23:53:58] [Server thread/INFO]: Percentiles: P50: 6,9ms P95: 9,2ms P99: 11,5ms, sample: 100"
"with-umce","2","2026-09-26T21:53:59.0655042+00:00","1eb50fb702881358824526c667271024104dd5c27a9cd35da157bce789abdbb9","10","0","0","0","0","0","False","15","7","6,9","9,2","11,5","100","12,573914498990868","34,37928418852091","1483141120","[23:53:59] [Server thread/INFO]: The game is running normally [23:53:59] [Server thread/INFO]: Target tick rate: 20,0 per second. Average time per tick: 7,0ms (Target: 50,0ms) [23:53:59] [Server thread/INFO]: Percentiles: P50: 6,9ms P95: 9,2ms P99: 11,5ms, sample: 100"
"with-umce","2","2026-09-26T21:53:59.1897432+00:00","1eb50fb702881358824526c667271024104dd5c27a9cd35da157bce789abdbb9","10","0","0","0","0","0","False","15","7","6,9","9,2","11,5","100","50,582344414778454","34,37928418852091","1483141120","[23:53:59] [Server thread/INFO]: The game is running normally [23:53:59] [Server thread/INFO]: Target tick rate: 20,0 per second. Average time per tick: 7,0ms (Target: 50,0ms) [23:53:59] [Server thread/INFO]: Percentiles: P50: 6,9ms P95: 9,2ms P99: 11,5ms, sample: 100"
"with-umce","2","2026-09-26T21:53:59.3132833+00:00","1eb50fb702881358824526c667271024104dd5c27a9cd35da157bce789abdbb9","10","0","0","0","0","0","False","15","7","6,9","9,4","11,5","100","25,461836983949677","34,37928418852091","1483141120","[23:53:59] [Server thread/INFO]: The game is running normally [23:53:59] [Server thread/INFO]: Target tick rate: 20,0 per second. Average time per tick: 7,0ms (Target: 50,0ms) [23:53:59] [Server thread/INFO]: Percentiles: P50: 6,9ms P95: 9,4ms P99: 11,5ms, sample: 100"
"with-umce","2","2026-09-26T21:53:59.4360539+00:00","1eb50fb702881358824526c667271024104dd5c27a9cd35da157bce789abdbb9","10","0","0","0","0","0","False","15","7","6,9","9,7","11,5","100","38,18989277500185","34,37928418852091","1483141120","[23:53:59] [Server thread/INFO]: The game is running normally [23:53:59] [Server thread/INFO]: Target tick rate: 20,0 per second. Average time per tick: 7,0ms (Target: 50,0ms) [23:53:59] [Server thread/INFO]: Percentiles: P50: 6,9ms P95: 9,7ms P99: 11,5ms, sample: 100"
"with-umce","2","2026-09-26T21:53:59.5587611+00:00","1eb50fb702881358824526c667271024104dd5c27a9cd35da157bce789abdbb9","10","0","0","0","0","0","False","15","7,1","6,9","9,7","11,5","100","62,20881298816499","34,37928418852091","1483141120","[23:53:59] [Server thread/INFO]: The game is running normally [23:53:59] [Server thread/INFO]: Target tick rate: 20,0 per second. Average time per tick: 7,1ms (Target: 50,0ms) [23:53:59] [Server thread/INFO]: Percentiles: P50: 6,9ms P95: 9,7ms P99: 11,5ms, sample: 100"
"with-umce","2","2026-09-26T21:53:59.6843661+00:00","1eb50fb702881358824526c667271024104dd5c27a9cd35da157bce789abdbb9","10","0","0","0","0","0","False","15","7,1","6,9","9,7","11,5","100","25,301267249391962","34,37928418852091","1483141120","[23:53:59] [Server thread/INFO]: The game is running normally [23:53:59] [Server thread/INFO]: Target tick rate: 20,0 per second. Average time per tick: 7,1ms (Target: 50,0ms) [23:53:59] [Server thread/INFO]: Percentiles: P50: 6,9ms P95: 9,7ms P99: 11,5ms, sample: 100"
"with-umce","2","2026-09-26T21:53:59.8078510+00:00","1eb50fb702881358824526c667271024104dd5c27a9cd35da157bce789abdbb9","10","0","0","0","0","0","False","15","7,1","6,9","9,7","11,5","100","12,755945495171517","34,37928418852091","1483141120","[23:53:59] [Server thread/INFO]: The game is running normally [23:53:59] [Server thread/INFO]: Target tick rate: 20,0 per second. Average time per tick: 7,1ms (Target: 50,0ms) [23:53:59] [Server thread/INFO]: Percentiles: P50: 6,9ms P95: 9,7ms P99: 11,5ms, sample: 100"
"with-umce","2","2026-09-26T21:53:59.9303922+00:00","1eb50fb702881358824526c667271024104dd5c27a9cd35da157bce789abdbb9","10","0","0","0","0","0","False","15","7,1","6,9","9,7","11,5","100","34,07410745828602","34,37928418852091","1483141120","[23:53:59] [Server thread/INFO]: The game is running normally [23:53:59] [Server thread/INFO]: Target tick rate: 20,0 per second. Average time per tick: 7,1ms (Target: 50,0ms) [23:53:59] [Server thread/INFO]: Percentiles: P50: 6,9ms P95: 9,7ms P99: 11,5ms, sample: 100"
"with-umce","2","2026-09-26T21:54:00.0679181+00:00","1eb50fb702881358824526c667271024104dd5c27a9cd35da157bce789abdbb9","10","0","0","0","0","0","False","15","7,1","6,9","9,7","11,5","100","24,42608471356996","34,37928418852091","1483141120","[23:54:00] [Server thread/INFO]: The game is running normally [23:54:00] [Server thread/INFO]: Target tick rate: 20,0 per second. Average time per tick: 7,1ms (Target: 50,0ms) [23:54:00] [Server thread/INFO]: Percentiles: P50: 6,9ms P95: 9,7ms P99: 11,5ms, sample: 100"
"with-umce","2","2026-09-26T21:54:00.1959332+00:00","1eb50fb702881358824526c667271024104dd5c27a9cd35da157bce789abdbb9","10","0","0","0","0","0","False","15","7,1","6,9","9,7","11,5","100","22,88056418712128","34,37928418852091","1483141120","[23:54:00] [Server thread/INFO]: The game is running normally [23:54:00] [Server thread/INFO]: Target tick rate: 20,0 per second. Average time per tick: 7,1ms (Target: 50,0ms) [23:54:00] [Server thread/INFO]: Percentiles: P50: 6,9ms P95: 9,7ms P99: 11,5ms, sample: 100"
"with-umce","2","2026-09-26T21:54:00.3324749+00:00","1eb50fb702881358824526c667271024104dd5c27a9cd35da157bce789abdbb9","10","0","0","0","0","0","False","15","7,1","6,9","9,7","11,5","100","12,498250244965705","34,37928418852091","1483141120","[23:54:00] [Server thread/INFO]: The game is running normally [23:54:00] [Server thread/INFO]: Target tick rate: 20,0 per second. Average time per tick: 7,1ms (Target: 50,0ms) [23:54:00] [Server thread/INFO]: Percentiles: P50: 6,9ms P95: 9,7ms P99: 11,5ms, sample: 100"
"with-umce","2","2026-09-26T21:54:00.4574689+00:00","1eb50fb702881358824526c667271024104dd5c27a9cd35da157bce789abdbb9","10","0","0","0","0","0","False","15","7,1","6,9","9,7","11,5","100","37,96471852653967","34,37928418852091","1483141120","[23:54:00] [Server thread/INFO]: The game is running normally [23:54:00] [Server thread/INFO]: Target tick rate: 20,0 per second. Average time per tick: 7,1ms (Target: 50,0ms) [23:54:00] [Server thread/INFO]: Percentiles: P50: 6,9ms P95: 9,7ms P99: 11,5ms, sample: 100"
"with-umce","2","2026-09-26T21:54:00.5809213+00:00","1eb50fb702881358824526c667271024104dd5c27a9cd35da157bce789abdbb9","10","0","0","0","0","0","False","15","7,1","6,9","9,7","11,5","100","0","34,37928418852091","1483141120","[23:54:00] [Server thread/INFO]: The game is running normally [23:54:00] [Server thread/INFO]: Target tick rate: 20,0 per second. Average time per tick: 7,1ms (Target: 50,0ms) [23:54:00] [Server thread/INFO]: Percentiles: P50: 6,9ms P95: 9,7ms P99: 11,5ms, sample: 100"
"with-umce","2","2026-09-26T21:54:00.7039777+00:00","1eb50fb702881358824526c667271024104dd5c27a9cd35da157bce789abdbb9","10","0","0","0","0","0","False","15","7,1","6,9","10,2","11,5","100","25,53941283051065","34,37928418852091","1483141120","[23:54:00] [Server thread/INFO]: The game is running normally [23:54:00] [Server thread/INFO]: Target tick rate: 20,0 per second. Average time per tick: 7,1ms (Target: 50,0ms) [23:54:00] [Server thread/INFO]: Percentiles: P50: 6,9ms P95: 10,2ms P99: 11,5ms, sample: 100"
"with-umce","2","2026-09-26T21:54:00.8263419+00:00","1eb50fb702881358824526c667271024104dd5c27a9cd35da157bce789abdbb9","10","0","0","0","0","0","False","15","7,1","6,9","10,2","11,5","100","12,661222948537498","34,37928418852091","1483141120","[23:54:00] [Server thread/INFO]: The game is running normally [23:54:00] [Server thread/INFO]: Target tick rate: 20,0 per second. Average time per tick: 7,1ms (Target: 50,0ms) [23:54:00] [Server thread/INFO]: Percentiles: P50: 6,9ms P95: 10,2ms P99: 11,5ms, sample: 100"
"with-umce","2","2026-09-26T21:54:00.9497232+00:00","1eb50fb702881358824526c667271024104dd5c27a9cd35da157bce789abdbb9","10","0","0","0","0","0","False","15","7,1","7","10,2","11,5","100","25,156412510424815","34,37928418852091","1483141120","[23:54:00] [Server thread/INFO]: The game is running normally [23:54:00] [Server thread/INFO]: Target tick rate: 20,0 per second. Average time per tick: 7,1ms (Target: 50,0ms) [23:54:00] [Server thread/INFO]: Percentiles: P50: 7,0ms P95: 10,2ms P99: 11,5ms, sample: 100"
"with-umce","2","2026-09-26T21:54:01.0739708+00:00","1eb50fb702881358824526c667271024104dd5c27a9cd35da157bce789abdbb9","10","0","0","0","0","0","False","15","7,2","7","10,2","11,5","100","0","34,37928418852091","1483141120","[23:54:01] [Server thread/INFO]: The game is running normally [23:54:01] [Server thread/INFO]: Target tick rate: 20,0 per second. Average time per tick: 7,2ms (Target: 50,0ms) [23:54:01] [Server thread/INFO]: Percentiles: P50: 7,0ms P95: 10,2ms P99: 11,5ms, sample: 100"
"with-umce","2","2026-09-26T21:54:01.1982262+00:00","1eb50fb702881358824526c667271024104dd5c27a9cd35da157bce789abdbb9","10","0","0","0","0","0","False","15","7,1","7","10,2","11,5","100","12,531087120929602","34,37928418852091","1483141120","[23:54:01] [Server thread/INFO]: The game is running normally [23:54:01] [Server thread/INFO]: Target tick rate: 20,0 per second. Average time per tick: 7,1ms (Target: 50,0ms) [23:54:01] [Server thread/INFO]: Percentiles: P50: 7,0ms P95: 10,2ms P99: 11,5ms, sample: 100"
"with-umce","2","2026-09-26T21:54:01.3229214+00:00","1eb50fb702881358824526c667271024104dd5c27a9cd35da157bce789abdbb9","10","0","0","0","0","0","False","15","7,1","6,9","10,2","11,5","100","12,591515131979225","34,37928418852091","1483141120","[23:54:01] [Server thread/INFO]: The game is running normally [23:54:01] [Server thread/INFO]: Target tick rate: 20,0 per second. Average time per tick: 7,1ms (Target: 50,0ms) [23:54:01] [Server thread/INFO]: Percentiles: P50: 6,9ms P95: 10,2ms P99: 11,5ms, sample: 100"
"with-umce","2","2026-09-26T21:54:01.4470250+00:00","1eb50fb702881358824526c667271024104dd5c27a9cd35da157bce789abdbb9","10","0","0","0","0","0","False","15","7,1","6,9","10,2","11,5","100","50,04544126066468","34,37928418852091","1483141120","[23:54:01] [Server thread/INFO]: The game is running normally [23:54:01] [Server thread/INFO]: Target tick rate: 20,0 per second. Average time per tick: 7,1ms (Target: 50,0ms) [23:54:01] [Server thread/INFO]: Percentiles: P50: 6,9ms P95: 10,2ms P99: 11,5ms, sample: 100"
"with-umce","2","2026-09-26T21:54:01.5719378+00:00","1eb50fb702881358824526c667271024104dd5c27a9cd35da157bce789abdbb9","10","0","0","0","0","0","False","15","7,1","6,9","10,2","11,5","100","12,564501122964852","34,37928418852091","1483141120","[23:54:01] [Server thread/INFO]: The game is running normally [23:54:01] [Server thread/INFO]: Target tick rate: 20,0 per second. Average time per tick: 7,1ms (Target: 50,0ms) [23:54:01] [Server thread/INFO]: Percentiles: P50: 6,9ms P95: 10,2ms P99: 11,5ms, sample: 100"
"with-umce","2","2026-09-26T21:54:01.6962551+00:00","1eb50fb702881358824526c667271024104dd5c27a9cd35da157bce789abdbb9","10","0","0","0","0","0","False","15","7,2","6,9","10,2","11,5","100","56,85812723702616","34,37928418852091","1483141120","[23:54:01] [Server thread/INFO]: The game is running normally [23:54:01] [Server thread/INFO]: Target tick rate: 20,0 per second. Average time per tick: 7,2ms (Target: 50,0ms) [23:54:01] [Server thread/INFO]: Percentiles: P50: 6,9ms P95: 10,2ms P99: 11,5ms, sample: 100"
"with-umce","2","2026-09-26T21:54:01.8336692+00:00","1eb50fb702881358824526c667271024104dd5c27a9cd35da157bce789abdbb9","10","0","0","0","0","0","False","15","7,2","6,9","10,2","11,5","100","0","34,37928418852091","1483141120","[23:54:01] [Server thread/INFO]: The game is running normally [23:54:01] [Server thread/INFO]: Target tick rate: 20,0 per second. Average time per tick: 7,2ms (Target: 50,0ms) [23:54:01] [Server thread/INFO]: Percentiles: P50: 6,9ms P95: 10,2ms P99: 11,5ms, sample: 100"
"with-umce","2","2026-09-26T21:54:01.9591431+00:00","1eb50fb702881358824526c667271024104dd5c27a9cd35da157bce789abdbb9","10","0","0","0","0","0","False","15","7,1","6,9","10,2","11,5","100","22,644550127063102","34,37928418852091","1483141120","[23:54:01] [Server thread/INFO]: The game is running normally [23:54:01] [Server thread/INFO]: Target tick rate: 20,0 per second. Average time per tick: 7,1ms (Target: 50,0ms) [23:54:01] [Server thread/INFO]: Percentiles: P50: 6,9ms P95: 10,2ms P99: 11,5ms, sample: 100"
"with-umce","2","2026-09-26T21:54:02.0971693+00:00","1eb50fb702881358824526c667271024104dd5c27a9cd35da157bce789abdbb9","10","0","0","0","0","0","False","15","7,1","6,8","10,2","11,5","100","12,521667493430632","34,37928418852091","1483141120","[23:54:02] [Server thread/INFO]: The game is running normally [23:54:02] [Server thread/INFO]: Target tick rate: 20,0 per second. Average time per tick: 7,1ms (Target: 50,0ms) [23:54:02] [Server thread/INFO]: Percentiles: P50: 6,8ms P95: 10,2ms P99: 11,5ms, sample: 100"
"with-umce","2","2026-09-26T21:54:02.2219306+00:00","1eb50fb702881358824526c667271024104dd5c27a9cd35da157bce789abdbb9","10","0","0","0","0","0","False","15","7,1","6,8","10,2","11,5","100","37,96299670784893","34,37928418852091","1483141120","[23:54:02] [Server thread/INFO]: The game is running normally [23:54:02] [Server thread/INFO]: Target tick rate: 20,0 per second. Average time per tick: 7,1ms (Target: 50,0ms) [23:54:02] [Server thread/INFO]: Percentiles: P50: 6,8ms P95: 10,2ms P99: 11,5ms, sample: 100"
"with-umce","2","2026-09-26T21:54:02.3454252+00:00","1eb50fb702881358824526c667271024104dd5c27a9cd35da157bce789abdbb9","10","0","0","0","0","0","False","15","7,1","6,8","10,2","11,5","100","0","34,37928418852091","1483141120","[23:54:02] [Server thread/INFO]: The game is running normally [23:54:02] [Server thread/INFO]: Target tick rate: 20,0 per second. Average time per tick: 7,1ms (Target: 50,0ms) [23:54:02] [Server thread/INFO]: Percentiles: P50: 6,8ms P95: 10,2ms P99: 11,5ms, sample: 100"
"with-umce","2","2026-09-26T21:54:02.4696565+00:00","1eb50fb702881358824526c667271024104dd5c27a9cd35da157bce789abdbb9","10","0","0","0","0","0","False","15","7,1","6,7","10,2","11,5","100","50,26447154347314","34,37928418852091","1483141120","[23:54:02] [Server thread/INFO]: The game is running normally [23:54:02] [Server thread/INFO]: Target tick rate: 20,0 per second. Average time per tick: 7,1ms (Target: 50,0ms) [23:54:02] [Server thread/INFO]: Percentiles: P50: 6,7ms P95: 10,2ms P99: 11,5ms, sample: 100"
"with-umce","2","2026-09-26T21:54:02.5939856+00:00","1eb50fb702881358824526c667271024104dd5c27a9cd35da157bce789abdbb9","10","0","0","0","0","0","False","15","7,1","6,7","10,2","11,5","100","0","34,37928418852091","1483141120","[23:54:02] [Server thread/INFO]: The game is running normally [23:54:02] [Server thread/INFO]: Target tick rate: 20,0 per second. Average time per tick: 7,1ms (Target: 50,0ms) [23:54:02] [Server thread/INFO]: Percentiles: P50: 6,7ms P95: 10,2ms P99: 11,5ms, sample: 100"
"with-umce","2","2026-09-26T21:54:02.7170945+00:00","1eb50fb702881358824526c667271024104dd5c27a9cd35da157bce789abdbb9","10","0","0","0","0","0","False","15","7,1","6,7","10,2","11,5","100","37,75373530423269","34,37928418852091","1483141120","[23:54:02] [Server thread/INFO]: The game is running normally [23:54:02] [Server thread/INFO]: Target tick rate: 20,0 per second. Average time per tick: 7,1ms (Target: 50,0ms) [23:54:02] [Server thread/INFO]: Percentiles: P50: 6,7ms P95: 10,2ms P99: 11,5ms, sample: 100"
"with-umce","2","2026-09-26T21:54:02.8413037+00:00","1eb50fb702881358824526c667271024104dd5c27a9cd35da157bce789abdbb9","10","0","0","0","0","0","False","15","7","6,7","9,7","11,5","100","50,73607903463447","34,37928418852091","1483141120","[23:54:02] [Server thread/INFO]: The game is running normally [23:54:02] [Server thread/INFO]: Target tick rate: 20,0 per second. Average time per tick: 7,0ms (Target: 50,0ms) [23:54:02] [Server thread/INFO]: Percentiles: P50: 6,7ms P95: 9,7ms P99: 11,5ms, sample: 100"
"with-umce","2","2026-09-26T21:54:02.9644793+00:00","1eb50fb702881358824526c667271024104dd5c27a9cd35da157bce789abdbb9","10","0","0","0","0","0","False","15","7,1","6,8","10,1","11,5","100","164,20948643761008","34,37928418852091","1483141120","[23:54:02] [Server thread/INFO]: The game is running normally [23:54:02] [Server thread/INFO]: Target tick rate: 20,0 per second. Average time per tick: 7,1ms (Target: 50,0ms) [23:54:02] [Server thread/INFO]: Percentiles: P50: 6,8ms P95: 10,1ms P99: 11,5ms, sample: 100"
"with-umce","2","2026-09-26T21:54:03.0881399+00:00","1eb50fb702881358824526c667271024104dd5c27a9cd35da157bce789abdbb9","10","0","0","0","0","0","False","15","7,1","6,8","10,1","11,5","100","12,457584416578433","34,37928418852091","1483141120","[23:54:03] [Server thread/INFO]: The game is running normally [23:54:03] [Server thread/INFO]: Target tick rate: 20,0 per second. Average time per tick: 7,1ms (Target: 50,0ms) [23:54:03] [Server thread/INFO]: Percentiles: P50: 6,8ms P95: 10,1ms P99: 11,5ms, sample: 100"
"with-umce","2","2026-09-26T21:54:03.2136745+00:00","1eb50fb702881358824526c667271024104dd5c27a9cd35da157bce789abdbb9","10","0","0","0","0","0","False","15","7,1","6,8","10,2","11,5","100","49,997560119066186","34,37928418852091","1483141120","[23:54:03] [Server thread/INFO]: The game is running normally [23:54:03] [Server thread/INFO]: Target tick rate: 20,0 per second. Average time per tick: 7,1ms (Target: 50,0ms) [23:54:03] [Server thread/INFO]: Percentiles: P50: 6,8ms P95: 10,2ms P99: 11,5ms, sample: 100"
"with-umce","2","2026-09-26T21:54:03.3385726+00:00","1eb50fb702881358824526c667271024104dd5c27a9cd35da157bce789abdbb9","10","0","0","0","0","0","False","15","7,1","6,8","10,1","11,5","100","0","34,37928418852091","1483141120","[23:54:03] [Server thread/INFO]: The game is running normally [23:54:03] [Server thread/INFO]: Target tick rate: 20,0 per second. Average time per tick: 7,1ms (Target: 50,0ms) [23:54:03] [Server thread/INFO]: Percentiles: P50: 6,8ms P95: 10,1ms P99: 11,5ms, sample: 100"
"with-umce","2","2026-09-26T21:54:03.4619526+00:00","1eb50fb702881358824526c667271024104dd5c27a9cd35da157bce789abdbb9","10","0","0","0","0","0","False","15","7,1","6,7","10,1","11,5","100","49,88227782433457","34,37928418852091","1483141120","[23:54:03] [Server thread/INFO]: The game is running normally [23:54:03] [Server thread/INFO]: Target tick rate: 20,0 per second. Average time per tick: 7,1ms (Target: 50,0ms) [23:54:03] [Server thread/INFO]: Percentiles: P50: 6,7ms P95: 10,1ms P99: 11,5ms, sample: 100"
"with-umce","2","2026-09-26T21:54:03.5873464+00:00","1eb50fb702881358824526c667271024104dd5c27a9cd35da157bce789abdbb9","10","0","0","0","0","0","False","15","7,1","6,8","10,1","11,5","100","25,163178177847705","34,37928418852091","1483141120","[23:54:03] [Server thread/INFO]: The game is running normally [23:54:03] [Server thread/INFO]: Target tick rate: 20,0 per second. Average time per tick: 7,1ms (Target: 50,0ms) [23:54:03] [Server thread/INFO]: Percentiles: P50: 6,8ms P95: 10,1ms P99: 11,5ms, sample: 100"
"with-umce","2","2026-09-26T21:54:03.7114581+00:00","1eb50fb702881358824526c667271024104dd5c27a9cd35da157bce789abdbb9","10","0","0","0","0","0","False","15","7,1","6,8","10,1","11,5","100","56,27746790653582","34,37928418852091","1483141120","[23:54:03] [Server thread/INFO]: The game is running normally [23:54:03] [Server thread/INFO]: Target tick rate: 20,0 per second. Average time per tick: 7,1ms (Target: 50,0ms) [23:54:03] [Server thread/INFO]: Percentiles: P50: 6,8ms P95: 10,1ms P99: 11,5ms, sample: 100"
"with-umce","2","2026-09-26T21:54:03.8502485+00:00","1eb50fb702881358824526c667271024104dd5c27a9cd35da157bce789abdbb9","10","0","0","0","0","0","False","15","7,2","6,8","10,1","11,5","100","0","34,37928418852091","1483141120","[23:54:03] [Server thread/INFO]: The game is running normally [23:54:03] [Server thread/INFO]: Target tick rate: 20,0 per second. Average time per tick: 7,2ms (Target: 50,0ms) [23:54:03] [Server thread/INFO]: Percentiles: P50: 6,8ms P95: 10,1ms P99: 11,5ms, sample: 100"
"with-umce","2","2026-09-26T21:54:03.9738515+00:00","1eb50fb702881358824526c667271024104dd5c27a9cd35da157bce789abdbb9","10","0","0","0","0","0","False","15","7,1","6,9","9,7","11,1","100","50,35206161481075","34,37928418852091","1483141120","[23:54:03] [Server thread/INFO]: The game is running normally [23:54:03] [Server thread/INFO]: Target tick rate: 20,0 per second. Average time per tick: 7,1ms (Target: 50,0ms) [23:54:03] [Server thread/INFO]: Percentiles: P50: 6,9ms P95: 9,7ms P99: 11,1ms, sample: 100"
"with-umce","2","2026-09-26T21:54:04.0979983+00:00","1eb50fb702881358824526c667271024104dd5c27a9cd35da157bce789abdbb9","10","0","0","0","0","0","False","15","7,1","6,9","9,7","11,1","100","0","34,37928418852091","1483141120","[23:54:04] [Server thread/INFO]: The game is running normally [23:54:04] [Server thread/INFO]: Target tick rate: 20,0 per second. Average time per tick: 7,1ms (Target: 50,0ms) [23:54:04] [Server thread/INFO]: Percentiles: P50: 6,9ms P95: 9,7ms P99: 11,1ms, sample: 100"
"with-umce","2","2026-09-26T21:54:04.2204337+00:00","1eb50fb702881358824526c667271024104dd5c27a9cd35da157bce789abdbb9","10","0","0","0","0","0","False","15","7,1","6,9","9,7","11,1","100","37,64878801021638","34,37928418852091","1483141120","[23:54:04] [Server thread/INFO]: The game is running normally [23:54:04] [Server thread/INFO]: Target tick rate: 20,0 per second. Average time per tick: 7,1ms (Target: 50,0ms) [23:54:04] [Server thread/INFO]: Percentiles: P50: 6,9ms P95: 9,7ms P99: 11,1ms, sample: 100"
"with-umce","2","2026-09-26T21:54:04.3449297+00:00","1eb50fb702881358824526c667271024104dd5c27a9cd35da157bce789abdbb9","10","0","0","0","0","0","False","15","7,1","6,9","9,7","11,1","100","0","34,37928418852091","1483141120","[23:54:04] [Server thread/INFO]: The game is running normally [23:54:04] [Server thread/INFO]: Target tick rate: 20,0 per second. Average time per tick: 7,1ms (Target: 50,0ms) [23:54:04] [Server thread/INFO]: Percentiles: P50: 6,9ms P95: 9,7ms P99: 11,1ms, sample: 100"
"with-umce","2","2026-09-26T21:54:04.4674940+00:00","1eb50fb702881358824526c667271024104dd5c27a9cd35da157bce789abdbb9","10","0","0","0","0","0","False","15","7,1","6,9","9,6","11,1","100","12,762613750623839","34,37928418852091","1483141120","[23:54:04] [Server thread/INFO]: The game is running normally [23:54:04] [Server thread/INFO]: Target tick rate: 20,0 per second. Average time per tick: 7,1ms (Target: 50,0ms) [23:54:04] [Server thread/INFO]: Percentiles: P50: 6,9ms P95: 9,6ms P99: 11,1ms, sample: 100"
"with-umce","2","2026-09-26T21:54:04.5899612+00:00","1eb50fb702881358824526c667271024104dd5c27a9cd35da157bce789abdbb9","10","0","0","0","0","0","False","15","7","6,8","9","11,1","100","12,691777839871596","34,37928418852091","1483141120","[23:54:04] [Server thread/INFO]: The game is running normally [23:54:04] [Server thread/INFO]: Target tick rate: 20,0 per second. Average time per tick: 7,0ms (Target: 50,0ms) [23:54:04] [Server thread/INFO]: Percentiles: P50: 6,8ms P95: 9,0ms P99: 11,1ms, sample: 100"
"with-umce","2","2026-09-26T21:54:04.7130323+00:00","1eb50fb702881358824526c667271024104dd5c27a9cd35da157bce789abdbb9","10","0","0","0","0","0","False","15","7,1","6,9","9,4","11,1","100","37,74051273958684","34,37928418852091","1483141120","[23:54:04] [Server thread/INFO]: The game is running normally [23:54:04] [Server thread/INFO]: Target tick rate: 20,0 per second. Average time per tick: 7,1ms (Target: 50,0ms) [23:54:04] [Server thread/INFO]: Percentiles: P50: 6,9ms P95: 9,4ms P99: 11,1ms, sample: 100"
"with-umce","2","2026-09-26T21:54:04.8372304+00:00","1eb50fb702881358824526c667271024104dd5c27a9cd35da157bce789abdbb9","10","0","0","0","0","0","False","15","7,1","6,9","9,4","11,1","100","0","34,37928418852091","1483141120","[23:54:04] [Server thread/INFO]: The game is running normally [23:54:04] [Server thread/INFO]: Target tick rate: 20,0 per second. Average time per tick: 7,1ms (Target: 50,0ms) [23:54:04] [Server thread/INFO]: Percentiles: P50: 6,9ms P95: 9,4ms P99: 11,1ms, sample: 100"
"with-umce","2","2026-09-26T21:54:04.9742827+00:00","1eb50fb702881358824526c667271024104dd5c27a9cd35da157bce789abdbb9","10","0","0","0","0","0","False","15","7,1","6,9","9,4","11,1","100","25,64618118103742","34,37928418852091","1483141120","[23:54:04] [Server thread/INFO]: The game is running normally [23:54:04] [Server thread/INFO]: Target tick rate: 20,0 per second. Average time per tick: 7,1ms (Target: 50,0ms) [23:54:04] [Server thread/INFO]: Percentiles: P50: 6,9ms P95: 9,4ms P99: 11,1ms, sample: 100"
"with-umce","2","2026-09-26T21:54:05.0962083+00:00","1eb50fb702881358824526c667271024104dd5c27a9cd35da157bce789abdbb9","10","0","0","0","0","0","False","15","7,1","6,9","9,4","11,1","100","0","34,37928418852091","1483141120","[23:54:05] [Server thread/INFO]: The game is running normally [23:54:05] [Server thread/INFO]: Target tick rate: 20,0 per second. Average time per tick: 7,1ms (Target: 50,0ms) [23:54:05] [Server thread/INFO]: Percentiles: P50: 6,9ms P95: 9,4ms P99: 11,1ms, sample: 100"
"with-umce","2","2026-09-26T21:54:05.2202418+00:00","1eb50fb702881358824526c667271024104dd5c27a9cd35da157bce789abdbb9","10","0","0","0","0","0","False","15","7,1","6,8","9,4","11,1","100","64,97794700461021","34,37928418852091","1483141120","[23:54:05] [Server thread/INFO]: The game is running normally [23:54:05] [Server thread/INFO]: Target tick rate: 20,0 per second. Average time per tick: 7,1ms (Target: 50,0ms) [23:54:05] [Server thread/INFO]: Percentiles: P50: 6,8ms P95: 9,4ms P99: 11,1ms, sample: 100"
"with-umce","2","2026-09-26T21:54:05.3403078+00:00","1eb50fb702881358824526c667271024104dd5c27a9cd35da157bce789abdbb9","10","0","0","0","0","0","False","15","7","6,8","9,4","11,1","100","0","34,37928418852091","1483141120","[23:54:05] [Server thread/INFO]: The game is running normally [23:54:05] [Server thread/INFO]: Target tick rate: 20,0 per second. Average time per tick: 7,0ms (Target: 50,0ms) [23:54:05] [Server thread/INFO]: Percentiles: P50: 6,8ms P95: 9,4ms P99: 11,1ms, sample: 100"
"with-umce","2","2026-09-26T21:54:05.4646021+00:00","1eb50fb702881358824526c667271024104dd5c27a9cd35da157bce789abdbb9","10","0","0","0","0","0","False","15","7","6,8","9,4","11,1","100","25,283232888105715","34,37928418852091","1483141120","[23:54:05] [Server thread/INFO]: The game is running normally [23:54:05] [Server thread/INFO]: Target tick rate: 20,0 per second. Average time per tick: 7,0ms (Target: 50,0ms) [23:54:05] [Server thread/INFO]: Percentiles: P50: 6,8ms P95: 9,4ms P99: 11,1ms, sample: 100"
"with-umce","2","2026-09-26T21:54:05.5881650+00:00","1eb50fb702881358824526c667271024104dd5c27a9cd35da157bce789abdbb9","10","0","0","0","0","0","False","15","7","6,8","9","11,1","100","0","34,37928418852091","1483141120","[23:54:05] [Server thread/INFO]: The game is running normally [23:54:05] [Server thread/INFO]: Target tick rate: 20,0 per second. Average time per tick: 7,0ms (Target: 50,0ms) [23:54:05] [Server thread/INFO]: Percentiles: P50: 6,8ms P95: 9,0ms P99: 11,1ms, sample: 100"
"with-umce","2","2026-09-26T21:54:05.7131595+00:00","1eb50fb702881358824526c667271024104dd5c27a9cd35da157bce789abdbb9","10","0","0","0","0","0","False","15","7","6,8","9","11,1","100","63,498036742300776","34,37928418852091","1483141120","[23:54:05] [Server thread/INFO]: The game is running normally [23:54:05] [Server thread/INFO]: Target tick rate: 20,0 per second. Average time per tick: 7,0ms (Target: 50,0ms) [23:54:05] [Server thread/INFO]: Percentiles: P50: 6,8ms P95: 9,0ms P99: 11,1ms, sample: 100"
"with-umce","2","2026-09-26T21:54:05.8361545+00:00","1eb50fb702881358824526c667271024104dd5c27a9cd35da157bce789abdbb9","10","0","0","0","0","0","False","15","7","6,8","9","11,1","100","0","34,37928418852091","1483141120","[23:54:05] [Server thread/INFO]: The game is running normally [23:54:05] [Server thread/INFO]: Target tick rate: 20,0 per second. Average time per tick: 7,0ms (Target: 50,0ms) [23:54:05] [Server thread/INFO]: Percentiles: P50: 6,8ms P95: 9,0ms P99: 11,1ms, sample: 100"
"with-umce","2","2026-09-26T21:54:05.9744914+00:00","1eb50fb702881358824526c667271024104dd5c27a9cd35da157bce789abdbb9","10","0","0","0","0","0","False","15","7","6,8","8,7","11,1","100","38,198637806016926","34,37928418852091","1483141120","[23:54:05] [Server thread/INFO]: The game is running normally [23:54:05] [Server thread/INFO]: Target tick rate: 20,0 per second. Average time per tick: 7,0ms (Target: 50,0ms) [23:54:05] [Server thread/INFO]: Percentiles: P50: 6,8ms P95: 8,7ms P99: 11,1ms, sample: 100"
"with-umce","2","2026-09-26T21:54:06.0971663+00:00","1eb50fb702881358824526c667271024104dd5c27a9cd35da157bce789abdbb9","10","0","0","0","0","0","False","15","7","6,8","8,7","11,1","100","12,661181910189475","34,37928418852091","1483141120","[23:54:06] [Server thread/INFO]: The game is running normally [23:54:06] [Server thread/INFO]: Target tick rate: 20,0 per second. Average time per tick: 7,0ms (Target: 50,0ms) [23:54:06] [Server thread/INFO]: Percentiles: P50: 6,8ms P95: 8,7ms P99: 11,1ms, sample: 100"
"with-umce","2","2026-09-26T21:54:06.2205716+00:00","1eb50fb702881358824526c667271024104dd5c27a9cd35da157bce789abdbb9","10","0","0","0","0","0","False","15","7","6,8","8,7","11,1","100","96,0120437507681","34,37928418852091","1483141120","[23:54:06] [Server thread/INFO]: The game is running normally [23:54:06] [Server thread/INFO]: Target tick rate: 20,0 per second. Average time per tick: 7,0ms (Target: 50,0ms) [23:54:06] [Server thread/INFO]: Percentiles: P50: 6,8ms P95: 8,7ms P99: 11,1ms, sample: 100"
"with-umce","2","2026-09-26T21:54:06.3507739+00:00","1eb50fb702881358824526c667271024104dd5c27a9cd35da157bce789abdbb9","10","0","0","0","0","0","False","15","7,1","6,9","9","11,5","100","34,071779335529435","34,37928418852091","1483141120","[23:54:06] [Server thread/INFO]: The game is running normally [23:54:06] [Server thread/INFO]: Target tick rate: 20,0 per second. Average time per tick: 7,1ms (Target: 50,0ms) [23:54:06] [Server thread/INFO]: Percentiles: P50: 6,9ms P95: 9,0ms P99: 11,5ms, sample: 100"
"with-umce","2","2026-09-26T21:54:06.4883428+00:00","1eb50fb702881358824526c667271024104dd5c27a9cd35da157bce789abdbb9","10","0","0","0","0","0","False","15","7,1","6,9","9","11,5","100","38,22178009532002","34,37928418852091","1483141120","[23:54:06] [Server thread/INFO]: The game is running normally [23:54:06] [Server thread/INFO]: Target tick rate: 20,0 per second. Average time per tick: 7,1ms (Target: 50,0ms) [23:54:06] [Server thread/INFO]: Percentiles: P50: 6,9ms P95: 9,0ms P99: 11,5ms, sample: 100"
"with-umce","2","2026-09-26T21:54:06.6109737+00:00","1eb50fb702881358824526c667271024104dd5c27a9cd35da157bce789abdbb9","10","0","0","0","0","0","False","15","7,1","6,8","9","11,5","100","0","34,37928418852091","1483141120","[23:54:06] [Server thread/INFO]: The game is running normally [23:54:06] [Server thread/INFO]: Target tick rate: 20,0 per second. Average time per tick: 7,1ms (Target: 50,0ms) [23:54:06] [Server thread/INFO]: Percentiles: P50: 6,8ms P95: 9,0ms P99: 11,5ms, sample: 100"
"with-umce","2","2026-09-26T21:54:06.7338680+00:00","1eb50fb702881358824526c667271024104dd5c27a9cd35da157bce789abdbb9","10","0","0","0","0","0","False","15","7,1","6,8","9","11,5","100","63,410164131883406","34,37928418852091","1483141120","[23:54:06] [Server thread/INFO]: The game is running normally [23:54:06] [Server thread/INFO]: Target tick rate: 20,0 per second. Average time per tick: 7,1ms (Target: 50,0ms) [23:54:06] [Server thread/INFO]: Percentiles: P50: 6,8ms P95: 9,0ms P99: 11,5ms, sample: 100"
"with-umce","2","2026-09-26T21:54:06.8570238+00:00","1eb50fb702881358824526c667271024104dd5c27a9cd35da157bce789abdbb9","10","0","0","0","0","0","False","15","7,1","6,8","9","11,5","100","0","34,37928418852091","1483141120","[23:54:06] [Server thread/INFO]: The game is running normally [23:54:06] [Server thread/INFO]: Target tick rate: 20,0 per second. Average time per tick: 7,1ms (Target: 50,0ms) [23:54:06] [Server thread/INFO]: Percentiles: P50: 6,8ms P95: 9,0ms P99: 11,5ms, sample: 100"
"with-umce","2","2026-09-26T21:54:06.9800352+00:00","1eb50fb702881358824526c667271024104dd5c27a9cd35da157bce789abdbb9","10","0","0","0","0","0","False","15","7,1","6,8","9","11,5","100","25,61406125899873","34,37928418852091","1483141120","[23:54:06] [Server thread/INFO]: The game is running normally [23:54:06] [Server thread/INFO]: Target tick rate: 20,0 per second. Average time per tick: 7,1ms (Target: 50,0ms) [23:54:06] [Server thread/INFO]: Percentiles: P50: 6,8ms P95: 9,0ms P99: 11,5ms, sample: 100"
"with-umce","2","2026-09-26T21:54:07.1020263+00:00","1eb50fb702881358824526c667271024104dd5c27a9cd35da157bce789abdbb9","10","0","0","0","0","0","False","15","7,1","6,8","9","11,5","100","12,534193279265837","34,37928418852091","1483141120","[23:54:07] [Server thread/INFO]: The game is running normally [23:54:07] [Server thread/INFO]: Target tick rate: 20,0 per second. Average time per tick: 7,1ms (Target: 50,0ms) [23:54:07] [Server thread/INFO]: Percentiles: P50: 6,8ms P95: 9,0ms P99: 11,5ms, sample: 100"
"with-umce","2","2026-09-26T21:54:07.2266904+00:00","1eb50fb702881358824526c667271024104dd5c27a9cd35da157bce789abdbb9","10","0","0","0","0","0","False","15","7,1","6,8","9","11,5","100","67,76438954223799","34,37928418852091","1483141120","[23:54:07] [Server thread/INFO]: The game is running normally [23:54:07] [Server thread/INFO]: Target tick rate: 20,0 per second. Average time per tick: 7,1ms (Target: 50,0ms) [23:54:07] [Server thread/INFO]: Percentiles: P50: 6,8ms P95: 9,0ms P99: 11,5ms, sample: 100"
"with-umce","2","2026-09-26T21:54:07.3650799+00:00","1eb50fb702881358824526c667271024104dd5c27a9cd35da157bce789abdbb9","10","0","0","0","0","0","False","15","7","6,8","9","11,5","100","0","34,37928418852091","1483141120","[23:54:07] [Server thread/INFO]: The game is running normally [23:54:07] [Server thread/INFO]: Target tick rate: 20,0 per second. Average time per tick: 7,0ms (Target: 50,0ms) [23:54:07] [Server thread/INFO]: Percentiles: P50: 6,8ms P95: 9,0ms P99: 11,5ms, sample: 100"
"with-umce","2","2026-09-26T21:54:07.4878229+00:00","1eb50fb702881358824526c667271024104dd5c27a9cd35da157bce789abdbb9","10","0","0","0","0","0","False","15","7","6,8","9","11,5","100","25,16747444192636","34,37928418852091","1483141120","[23:54:07] [Server thread/INFO]: The game is running normally [23:54:07] [Server thread/INFO]: Target tick rate: 20,0 per second. Average time per tick: 7,0ms (Target: 50,0ms) [23:54:07] [Server thread/INFO]: Percentiles: P50: 6,8ms P95: 9,0ms P99: 11,5ms, sample: 100"
"with-umce","2","2026-09-26T21:54:07.6120201+00:00","1eb50fb702881358824526c667271024104dd5c27a9cd35da157bce789abdbb9","10","0","0","0","0","0","False","15","7","6,8","9,4","11,5","100","12,687840947661947","34,37928418852091","1483141120","[23:54:07] [Server thread/INFO]: The game is running normally [23:54:07] [Server thread/INFO]: Target tick rate: 20,0 per second. Average time per tick: 7,0ms (Target: 50,0ms) [23:54:07] [Server thread/INFO]: Percentiles: P50: 6,8ms P95: 9,4ms P99: 11,5ms, sample: 100"
"without-umce","2","2026-09-26T21:54:54.0079633+00:00",,"10","0","0","0","0","0","False","15","6,5","6,1","10,7","16,2","100","12,601751582981628","33,34540884513428","1483534336","[23:54:54] [Server thread/INFO]: The game is running normally [23:54:54] [Server thread/INFO]: Target tick rate: 20,0 per second. Average time per tick: 6,5ms (Target: 50,0ms) [23:54:54] [Server thread/INFO]: Percentiles: P50: 6,1ms P95: 10,7ms P99: 16,2ms, sample: 100"
"without-umce","2","2026-09-26T21:54:54.1377955+00:00",,"10","0","0","0","0","0","False","15","6,6","6,1","10,7","16,2","100","11,185305979861438","33,34540884513428","1483534336","[23:54:54] [Server thread/INFO]: The game is running normally [23:54:54] [Server thread/INFO]: Target tick rate: 20,0 per second. Average time per tick: 6,6ms (Target: 50,0ms) [23:54:54] [Server thread/INFO]: Percentiles: P50: 6,1ms P95: 10,7ms P99: 16,2ms, sample: 100"
"without-umce","2","2026-09-26T21:54:54.2717178+00:00",,"10","0","0","0","0","0","False","15","6,6","6,1","10,7","16,2","100","38,004117011331914","33,34540884513428","1483534336","[23:54:54] [Server thread/INFO]: The game is running normally [23:54:54] [Server thread/INFO]: Target tick rate: 20,0 per second. Average time per tick: 6,6ms (Target: 50,0ms) [23:54:54] [Server thread/INFO]: Percentiles: P50: 6,1ms P95: 10,7ms P99: 16,2ms, sample: 100"
"without-umce","2","2026-09-26T21:54:54.3950528+00:00",,"10","0","0","0","0","0","False","15","6,6","6,1","10,7","16,2","100","25,470885351673456","33,34540884513428","1483534336","[23:54:54] [Server thread/INFO]: The game is running normally [23:54:54] [Server thread/INFO]: Target tick rate: 20,0 per second. Average time per tick: 6,6ms (Target: 50,0ms) [23:54:54] [Server thread/INFO]: Percentiles: P50: 6,1ms P95: 10,7ms P99: 16,2ms, sample: 100"
"without-umce","2","2026-09-26T21:54:54.5177664+00:00",,"10","0","0","0","0","0","False","15","6,6","6,2","10,7","12","100","37,53275859169884","33,34540884513428","1483534336","[23:54:54] [Server thread/INFO]: The game is running normally [23:54:54] [Server thread/INFO]: Target tick rate: 20,0 per second. Average time per tick: 6,6ms (Target: 50,0ms) [23:54:54] [Server thread/INFO]: Percentiles: P50: 6,2ms P95: 10,7ms P99: 12,0ms, sample: 100"
"without-umce","2","2026-09-26T21:54:54.6426427+00:00",,"10","0","0","0","0","0","False","15","6,7","6,3","10,8","13,6","100","37,976621794165496","33,34540884513428","1483534336","[23:54:54] [Server thread/INFO]: The game is running normally [23:54:54] [Server thread/INFO]: Target tick rate: 20,0 per second. Average time per tick: 6,7ms (Target: 50,0ms) [23:54:54] [Server thread/INFO]: Percentiles: P50: 6,3ms P95: 10,8ms P99: 13,6ms, sample: 100"
"without-umce","2","2026-09-26T21:54:54.7660705+00:00",,"10","0","0","0","0","0","False","15","6,8","6,3","10,8","13,6","100","38,16352633425794","33,34540884513428","1483534336","[23:54:54] [Server thread/INFO]: The game is running normally [23:54:54] [Server thread/INFO]: Target tick rate: 20,0 per second. Average time per tick: 6,8ms (Target: 50,0ms) [23:54:54] [Server thread/INFO]: Percentiles: P50: 6,3ms P95: 10,8ms P99: 13,6ms, sample: 100"
"without-umce","2","2026-09-26T21:54:54.8889099+00:00",,"10","0","0","0","0","0","False","15","6,7","6,3","10,7","13,6","100","12,681229994091561","33,34540884513428","1483534336","[23:54:54] [Server thread/INFO]: The game is running normally [23:54:54] [Server thread/INFO]: Target tick rate: 20,0 per second. Average time per tick: 6,7ms (Target: 50,0ms) [23:54:54] [Server thread/INFO]: Percentiles: P50: 6,3ms P95: 10,7ms P99: 13,6ms, sample: 100"
"without-umce","2","2026-09-26T21:54:55.0121081+00:00",,"10","0","0","0","0","0","False","15","6,8","6,4","10,7","13,6","100","63,59547013027609","33,34540884513428","1483534336","[23:54:55] [Server thread/INFO]: The game is running normally [23:54:55] [Server thread/INFO]: Target tick rate: 20,0 per second. Average time per tick: 6,8ms (Target: 50,0ms) [23:54:55] [Server thread/INFO]: Percentiles: P50: 6,4ms P95: 10,7ms P99: 13,6ms, sample: 100"
"without-umce","2","2026-09-26T21:54:55.1349872+00:00",,"10","0","0","0","0","0","False","15","6,8","6,4","10,8","13,6","100","88,87919174583517","33,34540884513428","1483534336","[23:54:55] [Server thread/INFO]: The game is running normally [23:54:55] [Server thread/INFO]: Target tick rate: 20,0 per second. Average time per tick: 6,8ms (Target: 50,0ms) [23:54:55] [Server thread/INFO]: Percentiles: P50: 6,4ms P95: 10,8ms P99: 13,6ms, sample: 100"
"without-umce","2","2026-09-26T21:54:55.2580098+00:00",,"10","0","0","0","0","0","False","15","6,8","6,4","10,8","13,6","100","0","33,34540884513428","1483534336","[23:54:55] [Server thread/INFO]: The game is running normally [23:54:55] [Server thread/INFO]: Target tick rate: 20,0 per second. Average time per tick: 6,8ms (Target: 50,0ms) [23:54:55] [Server thread/INFO]: Percentiles: P50: 6,4ms P95: 10,8ms P99: 13,6ms, sample: 100"
"without-umce","2","2026-09-26T21:54:55.3964995+00:00",,"10","0","0","0","0","0","False","15","6,9","6,5","10,8","13,6","100","51,10141955655414","33,34540884513428","1483534336","[23:54:55] [Server thread/INFO]: The game is running normally [23:54:55] [Server thread/INFO]: Target tick rate: 20,0 per second. Average time per tick: 6,9ms (Target: 50,0ms) [23:54:55] [Server thread/INFO]: Percentiles: P50: 6,5ms P95: 10,8ms P99: 13,6ms, sample: 100"
"without-umce","2","2026-09-26T21:54:55.5187899+00:00",,"10","0","0","0","0","0","False","15","6,9","6,6","10,8","13,6","100","51,05312383854144","33,34540884513428","1483534336","[23:54:55] [Server thread/INFO]: The game is running normally [23:54:55] [Server thread/INFO]: Target tick rate: 20,0 per second. Average time per tick: 6,9ms (Target: 50,0ms) [23:54:55] [Server thread/INFO]: Percentiles: P50: 6,6ms P95: 10,8ms P99: 13,6ms, sample: 100"
"without-umce","2","2026-09-26T21:54:55.6412401+00:00",,"10","0","0","0","0","0","False","15","7","6,7","10,8","13,6","100","37,74595262731961","33,34540884513428","1483534336","[23:54:55] [Server thread/INFO]: The game is running normally [23:54:55] [Server thread/INFO]: Target tick rate: 20,0 per second. Average time per tick: 7,0ms (Target: 50,0ms) [23:54:55] [Server thread/INFO]: Percentiles: P50: 6,7ms P95: 10,8ms P99: 13,6ms, sample: 100"
"without-umce","2","2026-09-26T21:54:55.7654240+00:00",,"10","0","0","0","0","0","False","15","7,1","7","10,8","13,6","100","25,352069256174342","33,34540884513428","1483534336","[23:54:55] [Server thread/INFO]: The game is running normally [23:54:55] [Server thread/INFO]: Target tick rate: 20,0 per second. Average time per tick: 7,1ms (Target: 50,0ms) [23:54:55] [Server thread/INFO]: Percentiles: P50: 7,0ms P95: 10,8ms P99: 13,6ms, sample: 100"
"without-umce","2","2026-09-26T21:54:55.8886582+00:00",,"10","0","0","0","0","0","False","15","7,2","7","10,8","13,6","100","38,39399653041132","33,34540884513428","1483534336","[23:54:55] [Server thread/INFO]: The game is running normally [23:54:55] [Server thread/INFO]: Target tick rate: 20,0 per second. Average time per tick: 7,2ms (Target: 50,0ms) [23:54:55] [Server thread/INFO]: Percentiles: P50: 7,0ms P95: 10,8ms P99: 13,6ms, sample: 100"
"without-umce","2","2026-09-26T21:54:56.0107960+00:00",,"10","0","0","0","0","0","False","15","7,2","7","10,8","13,6","100","25,375290394823274","33,34540884513428","1483534336","[23:54:56] [Server thread/INFO]: The game is running normally [23:54:56] [Server thread/INFO]: Target tick rate: 20,0 per second. Average time per tick: 7,2ms (Target: 50,0ms) [23:54:56] [Server thread/INFO]: Percentiles: P50: 7,0ms P95: 10,8ms P99: 13,6ms, sample: 100"
"without-umce","2","2026-09-26T21:54:56.1339333+00:00",,"10","0","0","0","0","0","False","15","7,3","7","10,8","13,6","100","12,563581774645124","33,34540884513428","1483534336","[23:54:56] [Server thread/INFO]: The game is running normally [23:54:56] [Server thread/INFO]: Target tick rate: 20,0 per second. Average time per tick: 7,3ms (Target: 50,0ms) [23:54:56] [Server thread/INFO]: Percentiles: P50: 7,0ms P95: 10,8ms P99: 13,6ms, sample: 100"
"without-umce","2","2026-09-26T21:54:56.2582842+00:00",,"10","0","0","0","0","0","False","15","7,4","7,2","11,9","13,6","100","62,83230750794804","33,34540884513428","1483534336","[23:54:56] [Server thread/INFO]: The game is running normally [23:54:56] [Server thread/INFO]: Target tick rate: 20,0 per second. Average time per tick: 7,4ms (Target: 50,0ms) [23:54:56] [Server thread/INFO]: Percentiles: P50: 7,2ms P95: 11,9ms P99: 13,6ms, sample: 100"
"without-umce","2","2026-09-26T21:54:56.3826135+00:00",,"10","0","0","0","0","0","False","15","7,5","7,2","12","15,8","100","78,9911948740763","33,34540884513428","1483534336","[23:54:56] [Server thread/INFO]: The game is running normally [23:54:56] [Server thread/INFO]: Target tick rate: 20,0 per second. Average time per tick: 7,5ms (Target: 50,0ms) [23:54:56] [Server thread/INFO]: Percentiles: P50: 7,2ms P95: 12,0ms P99: 15,8ms, sample: 100"
"without-umce","2","2026-09-26T21:54:56.5211056+00:00",,"10","0","0","0","0","0","False","15","7,6","7,3","12","15,8","100","25,37287984216039","33,34540884513428","1483534336","[23:54:56] [Server thread/INFO]: The game is running normally [23:54:56] [Server thread/INFO]: Target tick rate: 20,0 per second. Average time per tick: 7,6ms (Target: 50,0ms) [23:54:56] [Server thread/INFO]: Percentiles: P50: 7,3ms P95: 12,0ms P99: 15,8ms, sample: 100"
"without-umce","2","2026-09-26T21:54:56.6442398+00:00",,"10","0","0","0","0","0","False","15","7,7","7,3","12","15,8","100","37,59977476230926","33,34540884513428","1483534336","[23:54:56] [Server thread/INFO]: The game is running normally [23:54:56] [Server thread/INFO]: Target tick rate: 20,0 per second. Average time per tick: 7,7ms (Target: 50,0ms) [23:54:56] [Server thread/INFO]: Percentiles: P50: 7,3ms P95: 12,0ms P99: 15,8ms, sample: 100"
"without-umce","2","2026-09-26T21:54:56.7689446+00:00",,"10","0","0","0","0","0","False","15","7,7","7,5","12","15,8","100","64,00220863941749","33,34540884513428","1483534336","[23:54:56] [Server thread/INFO]: The game is running normally [23:54:56] [Server thread/INFO]: Target tick rate: 20,0 per second. Average time per tick: 7,7ms (Target: 50,0ms) [23:54:56] [Server thread/INFO]: Percentiles: P50: 7,5ms P95: 12,0ms P99: 15,8ms, sample: 100"
"without-umce","2","2026-09-26T21:54:56.8909825+00:00",,"10","0","0","0","0","0","False","15","7,7","7,5","12","15,8","100","12,50814530422211","33,34540884513428","1483534336","[23:54:56] [Server thread/INFO]: The game is running normally [23:54:56] [Server thread/INFO]: Target tick rate: 20,0 per second. Average time per tick: 7,7ms (Target: 50,0ms) [23:54:56] [Server thread/INFO]: Percentiles: P50: 7,5ms P95: 12,0ms P99: 15,8ms, sample: 100"
"without-umce","2","2026-09-26T21:54:57.0159189+00:00",,"10","0","0","0","0","0","False","15","7,8","7,5","12","15,8","100","25,16899469800025","33,34540884513428","1483534336","[23:54:57] [Server thread/INFO]: The game is running normally [23:54:57] [Server thread/INFO]: Target tick rate: 20,0 per second. Average time per tick: 7,8ms (Target: 50,0ms) [23:54:57] [Server thread/INFO]: Percentiles: P50: 7,5ms P95: 12,0ms P99: 15,8ms, sample: 100"
"without-umce","2","2026-09-26T21:54:57.1400707+00:00",,"10","0","0","0","0","0","False","15","7,9","7,5","12","15,8","100","37,37930968488943","33,34540884513428","1483534336","[23:54:57] [Server thread/INFO]: The game is running normally [23:54:57] [Server thread/INFO]: Target tick rate: 20,0 per second. Average time per tick: 7,9ms (Target: 50,0ms) [23:54:57] [Server thread/INFO]: Percentiles: P50: 7,5ms P95: 12,0ms P99: 15,8ms, sample: 100"
"without-umce","2","2026-09-26T21:54:57.2654427+00:00",,"10","0","0","0","0","0","False","15","7,9","7,5","12,2","15,8","100","38,00701356090244","33,34540884513428","1483534336","[23:54:57] [Server thread/INFO]: The game is running normally [23:54:57] [Server thread/INFO]: Target tick rate: 20,0 per second. Average time per tick: 7,9ms (Target: 50,0ms) [23:54:57] [Server thread/INFO]: Percentiles: P50: 7,5ms P95: 12,2ms P99: 15,8ms, sample: 100"
"without-umce","2","2026-09-26T21:54:57.3887984+00:00",,"10","0","0","0","0","0","False","15","8","7,5","12,2","15,8","100","49,70558388552924","33,34540884513428","1483534336","[23:54:57] [Server thread/INFO]: The game is running normally [23:54:57] [Server thread/INFO]: Target tick rate: 20,0 per second. Average time per tick: 8,0ms (Target: 50,0ms) [23:54:57] [Server thread/INFO]: Percentiles: P50: 7,5ms P95: 12,2ms P99: 15,8ms, sample: 100"
"without-umce","2","2026-09-26T21:54:57.5145341+00:00",,"10","0","0","0","0","0","False","15","8,1","7,6","12,2","15,8","100","25,528584662589715","33,34540884513428","1483534336","[23:54:57] [Server thread/INFO]: The game is running normally [23:54:57] [Server thread/INFO]: Target tick rate: 20,0 per second. Average time per tick: 8,1ms (Target: 50,0ms) [23:54:57] [Server thread/INFO]: Percentiles: P50: 7,6ms P95: 12,2ms P99: 15,8ms, sample: 100"
"without-umce","2","2026-09-26T21:54:57.6369656+00:00",,"10","0","0","0","0","0","False","15","8,1","7,6","12,2","15,8","100","176,61767662373208","33,34540884513428","1483534336","[23:54:57] [Server thread/INFO]: The game is running normally [23:54:57] [Server thread/INFO]: Target tick rate: 20,0 per second. Average time per tick: 8,1ms (Target: 50,0ms) [23:54:57] [Server thread/INFO]: Percentiles: P50: 7,6ms P95: 12,2ms P99: 15,8ms, sample: 100"
"without-umce","2","2026-09-26T21:54:57.7608152+00:00",,"10","0","0","0","0","0","False","15","8,2","7,6","12,7","15,8","100","37,80275470185622","33,34540884513428","1483534336","[23:54:57] [Server thread/INFO]: The game is running normally [23:54:57] [Server thread/INFO]: Target tick rate: 20,0 per second. Average time per tick: 8,2ms (Target: 50,0ms) [23:54:57] [Server thread/INFO]: Percentiles: P50: 7,6ms P95: 12,7ms P99: 15,8ms, sample: 100"
"without-umce","2","2026-09-26T21:54:57.8848023+00:00",,"10","0","0","0","0","0","False","15","8,3","7,7","12,7","15,8","100","38,10052523860073","33,34540884513428","1483534336","[23:54:57] [Server thread/INFO]: The game is running normally [23:54:57] [Server thread/INFO]: Target tick rate: 20,0 per second. Average time per tick: 8,3ms (Target: 50,0ms) [23:54:57] [Server thread/INFO]: Percentiles: P50: 7,7ms P95: 12,7ms P99: 15,8ms, sample: 100"
"without-umce","2","2026-09-26T21:54:58.0078197+00:00",,"10","0","0","0","0","0","False","15","8,4","7,7","13","15,8","100","49,90490122023472","33,34540884513428","1483534336","[23:54:58] [Server thread/INFO]: The game is running normally [23:54:58] [Server thread/INFO]: Target tick rate: 20,0 per second. Average time per tick: 8,4ms (Target: 50,0ms) [23:54:58] [Server thread/INFO]: Percentiles: P50: 7,7ms P95: 13,0ms P99: 15,8ms, sample: 100"
"without-umce","2","2026-09-26T21:54:58.1330569+00:00",,"10","0","0","0","0","0","False","15","8,4","8","13","15,8","100","34,152084788971074","33,34540884513428","1483534336","[23:54:58] [Server thread/INFO]: The game is running normally [23:54:58] [Server thread/INFO]: Target tick rate: 20,0 per second. Average time per tick: 8,4ms (Target: 50,0ms) [23:54:58] [Server thread/INFO]: Percentiles: P50: 8,0ms P95: 13,0ms P99: 15,8ms, sample: 100"
"without-umce","2","2026-09-26T21:54:58.2703348+00:00",,"10","0","0","0","0","0","False","15","8,5","8,2","13","15,8","100","88,98519855801264","33,34540884513428","1483534336","[23:54:58] [Server thread/INFO]: The game is running normally [23:54:58] [Server thread/INFO]: Target tick rate: 20,0 per second. Average time per tick: 8,5ms (Target: 50,0ms) [23:54:58] [Server thread/INFO]: Percentiles: P50: 8,2ms P95: 13,0ms P99: 15,8ms, sample: 100"
"without-umce","2","2026-09-26T21:54:58.3932413+00:00",,"10","0","0","0","0","0","False","15","8,5","8,2","13","15,8","100","25,167636593824145","33,34540884513428","1483534336","[23:54:58] [Server thread/INFO]: The game is running normally [23:54:58] [Server thread/INFO]: Target tick rate: 20,0 per second. Average time per tick: 8,5ms (Target: 50,0ms) [23:54:58] [Server thread/INFO]: Percentiles: P50: 8,2ms P95: 13,0ms P99: 15,8ms, sample: 100"
"without-umce","2","2026-09-26T21:54:58.5174012+00:00",,"10","0","0","0","0","0","False","15","8,5","8,2","13","15,8","100","37,971330531622925","33,34540884513428","1483534336","[23:54:58] [Server thread/INFO]: The game is running normally [23:54:58] [Server thread/INFO]: Target tick rate: 20,0 per second. Average time per tick: 8,5ms (Target: 50,0ms) [23:54:58] [Server thread/INFO]: Percentiles: P50: 8,2ms P95: 13,0ms P99: 15,8ms, sample: 100"
"without-umce","2","2026-09-26T21:54:58.6408469+00:00",,"10","0","0","0","0","0","False","15","8,5","8,2","13","15,8","100","37,86437646762323","33,34540884513428","1483534336","[23:54:58] [Server thread/INFO]: The game is running normally [23:54:58] [Server thread/INFO]: Target tick rate: 20,0 per second. Average time per tick: 8,5ms (Target: 50,0ms) [23:54:58] [Server thread/INFO]: Percentiles: P50: 8,2ms P95: 13,0ms P99: 15,8ms, sample: 100"
"without-umce","2","2026-09-26T21:54:58.7646729+00:00",,"10","0","0","0","0","0","False","15","8,5","8,2","13","15,8","100","25,1895666024232","33,34540884513428","1483534336","[23:54:58] [Server thread/INFO]: The game is running normally [23:54:58] [Server thread/INFO]: Target tick rate: 20,0 per second. Average time per tick: 8,5ms (Target: 50,0ms) [23:54:58] [Server thread/INFO]: Percentiles: P50: 8,2ms P95: 13,0ms P99: 15,8ms, sample: 100"
"without-umce","2","2026-09-26T21:54:58.8887217+00:00",,"10","0","0","0","0","0","False","15","8,6","8,2","13","15,8","100","38,129999097081615","33,34540884513428","1483534336","[23:54:58] [Server thread/INFO]: The game is running normally [23:54:58] [Server thread/INFO]: Target tick rate: 20,0 per second. Average time per tick: 8,6ms (Target: 50,0ms) [23:54:58] [Server thread/INFO]: Percentiles: P50: 8,2ms P95: 13,0ms P99: 15,8ms, sample: 100"
"without-umce","2","2026-09-26T21:54:59.0116306+00:00",,"10","0","0","0","0","0","False","15","8,6","8,2","13","15,8","100","25,191272292260674","33,34540884513428","1483534336","[23:54:59] [Server thread/INFO]: The game is running normally [23:54:59] [Server thread/INFO]: Target tick rate: 20,0 per second. Average time per tick: 8,6ms (Target: 50,0ms) [23:54:59] [Server thread/INFO]: Percentiles: P50: 8,2ms P95: 13,0ms P99: 15,8ms, sample: 100"
"without-umce","2","2026-09-26T21:54:59.1356996+00:00",,"10","0","0","0","0","0","False","15","8,6","8,2","13","15,8","100","12,889446904552923","33,34540884513428","1483534336","[23:54:59] [Server thread/INFO]: The game is running normally [23:54:59] [Server thread/INFO]: Target tick rate: 20,0 per second. Average time per tick: 8,6ms (Target: 50,0ms) [23:54:59] [Server thread/INFO]: Percentiles: P50: 8,2ms P95: 13,0ms P99: 15,8ms, sample: 100"
"without-umce","2","2026-09-26T21:54:59.2569051+00:00",,"10","0","0","0","0","0","False","15","8,7","8,3","13","15,8","100","22,47321911424594","33,34540884513428","1483534336","[23:54:59] [Server thread/INFO]: The game is running normally [23:54:59] [Server thread/INFO]: Target tick rate: 20,0 per second. Average time per tick: 8,7ms (Target: 50,0ms) [23:54:59] [Server thread/INFO]: Percentiles: P50: 8,3ms P95: 13,0ms P99: 15,8ms, sample: 100"
"without-umce","2","2026-09-26T21:54:59.3959931+00:00",,"10","0","0","0","0","0","False","15","8,7","8,3","13","15,8","100","64,02880292159843","33,34540884513428","1483534336","[23:54:59] [Server thread/INFO]: The game is running normally [23:54:59] [Server thread/INFO]: Target tick rate: 20,0 per second. Average time per tick: 8,7ms (Target: 50,0ms) [23:54:59] [Server thread/INFO]: Percentiles: P50: 8,3ms P95: 13,0ms P99: 15,8ms, sample: 100"
"without-umce","2","2026-09-26T21:54:59.5179616+00:00",,"10","0","0","0","0","0","False","15","8,8","8,4","13","15,8","100","50,727637228404234","33,34540884513428","1483534336","[23:54:59] [Server thread/INFO]: The game is running normally [23:54:59] [Server thread/INFO]: Target tick rate: 20,0 per second. Average time per tick: 8,8ms (Target: 50,0ms) [23:54:59] [Server thread/INFO]: Percentiles: P50: 8,4ms P95: 13,0ms P99: 15,8ms, sample: 100"
"without-umce","2","2026-09-26T21:54:59.6411925+00:00",,"10","0","0","0","0","0","False","15","8,7","8,4","13","15,8","100","51,15018348593821","33,34540884513428","1483534336","[23:54:59] [Server thread/INFO]: The game is running normally [23:54:59] [Server thread/INFO]: Target tick rate: 20,0 per second. Average time per tick: 8,7ms (Target: 50,0ms) [23:54:59] [Server thread/INFO]: Percentiles: P50: 8,4ms P95: 13,0ms P99: 15,8ms, sample: 100"
"without-umce","2","2026-09-26T21:54:59.7633919+00:00",,"10","0","0","0","0","0","False","15","8,7","8,3","13","15,8","100","12,667587110436227","33,34540884513428","1483534336","[23:54:59] [Server thread/INFO]: The game is running normally [23:54:59] [Server thread/INFO]: Target tick rate: 20,0 per second. Average time per tick: 8,7ms (Target: 50,0ms) [23:54:59] [Server thread/INFO]: Percentiles: P50: 8,3ms P95: 13,0ms P99: 15,8ms, sample: 100"
"without-umce","2","2026-09-26T21:54:59.8867117+00:00",,"10","0","0","0","0","0","False","15","8,8","8,3","13","15,8","100","12,684936222170265","33,34540884513428","1483534336","[23:54:59] [Server thread/INFO]: The game is running normally [23:54:59] [Server thread/INFO]: Target tick rate: 20,0 per second. Average time per tick: 8,8ms (Target: 50,0ms) [23:54:59] [Server thread/INFO]: Percentiles: P50: 8,3ms P95: 13,0ms P99: 15,8ms, sample: 100"
"without-umce","2","2026-09-26T21:55:00.0099544+00:00",,"10","0","0","0","0","0","False","15","8,7","8,3","13","15,8","100","37,628025594281986","33,34540884513428","1483534336","[23:55:00] [Server thread/INFO]: The game is running normally [23:55:00] [Server thread/INFO]: Target tick rate: 20,0 per second. Average time per tick: 8,7ms (Target: 50,0ms) [23:55:00] [Server thread/INFO]: Percentiles: P50: 8,3ms P95: 13,0ms P99: 15,8ms, sample: 100"
"without-umce","2","2026-09-26T21:55:00.1344649+00:00",,"10","0","0","0","0","0","False","15","8,7","8,2","13","15,8","100","50,8573739530501","33,34540884513428","1483534336","[23:55:00] [Server thread/INFO]: The game is running normally [23:55:00] [Server thread/INFO]: Target tick rate: 20,0 per second. Average time per tick: 8,7ms (Target: 50,0ms) [23:55:00] [Server thread/INFO]: Percentiles: P50: 8,2ms P95: 13,0ms P99: 15,8ms, sample: 100"
"without-umce","2","2026-09-26T21:55:00.2573613+00:00",,"10","0","0","0","0","0","False","15","8,7","8,2","13","15,8","100","0","33,34540884513428","1483534336","[23:55:00] [Server thread/INFO]: The game is running normally [23:55:00] [Server thread/INFO]: Target tick rate: 20,0 per second. Average time per tick: 8,7ms (Target: 50,0ms) [23:55:00] [Server thread/INFO]: Percentiles: P50: 8,2ms P95: 13,0ms P99: 15,8ms, sample: 100"
"without-umce","2","2026-09-26T21:55:00.3961377+00:00",,"10","0","0","0","0","0","False","15","8,7","8,3","13","15,8","100","37,87104535395996","33,34540884513428","1483534336","[23:55:00] [Server thread/INFO]: The game is running normally [23:55:00] [Server thread/INFO]: Target tick rate: 20,0 per second. Average time per tick: 8,7ms (Target: 50,0ms) [23:55:00] [Server thread/INFO]: Percentiles: P50: 8,3ms P95: 13,0ms P99: 15,8ms, sample: 100"
"without-umce","2","2026-09-26T21:55:00.5199766+00:00",,"10","0","0","0","0","0","False","15","8,7","8,3","13","15,8","100","25,57860858917399","33,34540884513428","1483534336","[23:55:00] [Server thread/INFO]: The game is running normally [23:55:00] [Server thread/INFO]: Target tick rate: 20,0 per second. Average time per tick: 8,7ms (Target: 50,0ms) [23:55:00] [Server thread/INFO]: Percentiles: P50: 8,3ms P95: 13,0ms P99: 15,8ms, sample: 100"
"without-umce","2","2026-09-26T21:55:00.6421146+00:00",,"10","0","0","0","0","0","False","15","8,6","8,2","13","15,8","100","76,34905730291966","33,34540884513428","1483534336","[23:55:00] [Server thread/INFO]: The game is running normally [23:55:00] [Server thread/INFO]: Target tick rate: 20,0 per second. Average time per tick: 8,6ms (Target: 50,0ms) [23:55:00] [Server thread/INFO]: Percentiles: P50: 8,2ms P95: 13,0ms P99: 15,8ms, sample: 100"
"without-umce","2","2026-09-26T21:55:00.7648856+00:00",,"10","0","0","0","0","0","False","15","8,6","8,2","13","15,8","100","12,598114112709785","33,34540884513428","1483534336","[23:55:00] [Server thread/INFO]: The game is running normally [23:55:00] [Server thread/INFO]: Target tick rate: 20,0 per second. Average time per tick: 8,6ms (Target: 50,0ms) [23:55:00] [Server thread/INFO]: Percentiles: P50: 8,2ms P95: 13,0ms P99: 15,8ms, sample: 100"
"without-umce","2","2026-09-26T21:55:00.8889073+00:00",,"10","0","0","0","0","0","False","15","8,5","8,2","13","15,8","100","25,360195934902606","33,34540884513428","1483534336","[23:55:00] [Server thread/INFO]: The game is running normally [23:55:00] [Server thread/INFO]: Target tick rate: 20,0 per second. Average time per tick: 8,5ms (Target: 50,0ms) [23:55:00] [Server thread/INFO]: Percentiles: P50: 8,2ms P95: 13,0ms P99: 15,8ms, sample: 100"
"without-umce","2","2026-09-26T21:55:01.0121290+00:00",,"10","0","0","0","0","0","False","15","8,5","8,2","13","15,8","100","38,103622343720275","33,34540884513428","1483534336","[23:55:01] [Server thread/INFO]: The game is running normally [23:55:01] [Server thread/INFO]: Target tick rate: 20,0 per second. Average time per tick: 8,5ms (Target: 50,0ms) [23:55:01] [Server thread/INFO]: Percentiles: P50: 8,2ms P95: 13,0ms P99: 15,8ms, sample: 100"
"without-umce","2","2026-09-26T21:55:01.1351405+00:00",,"10","0","0","0","0","0","False","15","8,5","8,2","13","15,8","100","25,336550467165452","33,34540884513428","1483534336","[23:55:01] [Server thread/INFO]: The game is running normally [23:55:01] [Server thread/INFO]: Target tick rate: 20,0 per second. Average time per tick: 8,5ms (Target: 50,0ms) [23:55:01] [Server thread/INFO]: Percentiles: P50: 8,2ms P95: 13,0ms P99: 15,8ms, sample: 100"
"without-umce","2","2026-09-26T21:55:01.2584959+00:00",,"10","0","0","0","0","0","False","15","8,4","8,2","12,7","15,8","100","88,55995640623495","33,34540884513428","1483534336","[23:55:01] [Server thread/INFO]: The game is running normally [23:55:01] [Server thread/INFO]: Target tick rate: 20,0 per second. Average time per tick: 8,4ms (Target: 50,0ms) [23:55:01] [Server thread/INFO]: Percentiles: P50: 8,2ms P95: 12,7ms P99: 15,8ms, sample: 100"
"without-umce","2","2026-09-26T21:55:01.3820606+00:00",,"10","0","0","0","0","0","False","15","8,3","8,1","12,5","14","100","44,75532087058766","33,34540884513428","1483534336","[23:55:01] [Server thread/INFO]: The game is running normally [23:55:01] [Server thread/INFO]: Target tick rate: 20,0 per second. Average time per tick: 8,3ms (Target: 50,0ms) [23:55:01] [Server thread/INFO]: Percentiles: P50: 8,1ms P95: 12,5ms P99: 14,0ms, sample: 100"
"without-umce","2","2026-09-26T21:55:01.5216495+00:00",,"10","0","0","0","0","0","False","15","8,3","8,1","12,5","14","100","12,594021930121515","33,34540884513428","1483534336","[23:55:01] [Server thread/INFO]: The game is running normally [23:55:01] [Server thread/INFO]: Target tick rate: 20,0 per second. Average time per tick: 8,3ms (Target: 50,0ms) [23:55:01] [Server thread/INFO]: Percentiles: P50: 8,1ms P95: 12,5ms P99: 14,0ms, sample: 100"
"without-umce","2","2026-09-26T21:55:01.6457188+00:00",,"10","0","0","0","0","0","False","15","8,3","8,1","12,5","14","100","12,795609283920854","33,34540884513428","1483534336","[23:55:01] [Server thread/INFO]: The game is running normally [23:55:01] [Server thread/INFO]: Target tick rate: 20,0 per second. Average time per tick: 8,3ms (Target: 50,0ms) [23:55:01] [Server thread/INFO]: Percentiles: P50: 8,1ms P95: 12,5ms P99: 14,0ms, sample: 100"
"without-umce","2","2026-09-26T21:55:01.7678245+00:00",,"10","0","0","0","0","0","False","15","8,2","8","12,5","14","100","25,326139899165494","33,34540884513428","1483534336","[23:55:01] [Server thread/INFO]: The game is running normally [23:55:01] [Server thread/INFO]: Target tick rate: 20,0 per second. Average time per tick: 8,2ms (Target: 50,0ms) [23:55:01] [Server thread/INFO]: Percentiles: P50: 8,0ms P95: 12,5ms P99: 14,0ms, sample: 100"
"without-umce","2","2026-09-26T21:55:01.8911983+00:00",,"10","0","0","0","0","0","False","15","8,2","8","12,5","14","100","38,85308188862034","33,34540884513428","1483534336","[23:55:01] [Server thread/INFO]: The game is running normally [23:55:01] [Server thread/INFO]: Target tick rate: 20,0 per second. Average time per tick: 8,2ms (Target: 50,0ms) [23:55:01] [Server thread/INFO]: Percentiles: P50: 8,0ms P95: 12,5ms P99: 14,0ms, sample: 100"
"without-umce","2","2026-09-26T21:55:02.0118488+00:00",,"10","0","0","0","0","0","False","15","8,2","8,1","12,5","14","100","37,008555983385435","33,34540884513428","1483534336","[23:55:02] [Server thread/INFO]: The game is running normally [23:55:02] [Server thread/INFO]: Target tick rate: 20,0 per second. Average time per tick: 8,2ms (Target: 50,0ms) [23:55:02] [Server thread/INFO]: Percentiles: P50: 8,1ms P95: 12,5ms P99: 14,0ms, sample: 100"
"without-umce","2","2026-09-26T21:55:02.1385095+00:00",,"10","0","0","0","0","0","False","15","8,2","8","12,5","14","100","51,28024200992293","33,34540884513428","1483534336","[23:55:02] [Server thread/INFO]: The game is running normally [23:55:02] [Server thread/INFO]: Target tick rate: 20,0 per second. Average time per tick: 8,2ms (Target: 50,0ms) [23:55:02] [Server thread/INFO]: Percentiles: P50: 8,0ms P95: 12,5ms P99: 14,0ms, sample: 100"
"without-umce","2","2026-09-26T21:55:02.2604033+00:00",,"10","0","0","0","0","0","False","15","8,2","8","11,3","14","100","38,44267592188612","33,34540884513428","1483534336","[23:55:02] [Server thread/INFO]: The game is running normally [23:55:02] [Server thread/INFO]: Target tick rate: 20,0 per second. Average time per tick: 8,2ms (Target: 50,0ms) [23:55:02] [Server thread/INFO]: Percentiles: P50: 8,0ms P95: 11,3ms P99: 14,0ms, sample: 100"
"without-umce","2","2026-09-26T21:55:02.3823348+00:00",,"10","0","0","0","0","0","False","15","8,2","8","11,4","14","100","11,313822631120868","33,34540884513428","1483534336","[23:55:02] [Server thread/INFO]: The game is running normally [23:55:02] [Server thread/INFO]: Target tick rate: 20,0 per second. Average time per tick: 8,2ms (Target: 50,0ms) [23:55:02] [Server thread/INFO]: Percentiles: P50: 8,0ms P95: 11,4ms P99: 14,0ms, sample: 100"
"without-umce","2","2026-09-26T21:55:02.5204900+00:00",,"10","0","0","0","0","0","False","15","8,1","8","11,4","14","100","0","33,34540884513428","1483534336","[23:55:02] [Server thread/INFO]: The game is running normally [23:55:02] [Server thread/INFO]: Target tick rate: 20,0 per second. Average time per tick: 8,1ms (Target: 50,0ms) [23:55:02] [Server thread/INFO]: Percentiles: P50: 8,0ms P95: 11,4ms P99: 14,0ms, sample: 100"
"without-umce","2","2026-09-26T21:55:02.6443598+00:00",,"10","0","0","0","0","0","False","15","8,1","7,9","11,4","14","100","25,525269199699085","33,34540884513428","1483534336","[23:55:02] [Server thread/INFO]: The game is running normally [23:55:02] [Server thread/INFO]: Target tick rate: 20,0 per second. Average time per tick: 8,1ms (Target: 50,0ms) [23:55:02] [Server thread/INFO]: Percentiles: P50: 7,9ms P95: 11,4ms P99: 14,0ms, sample: 100"
"without-umce","2","2026-09-26T21:55:02.7668250+00:00",,"10","0","0","0","0","0","False","15","8","7,8","11,3","14","100","50,32250688210604","33,34540884513428","1483534336","[23:55:02] [Server thread/INFO]: The game is running normally [23:55:02] [Server thread/INFO]: Target tick rate: 20,0 per second. Average time per tick: 8,0ms (Target: 50,0ms) [23:55:02] [Server thread/INFO]: Percentiles: P50: 7,8ms P95: 11,3ms P99: 14,0ms, sample: 100"
"without-umce","2","2026-09-26T21:55:02.8909598+00:00",,"10","0","0","0","0","0","False","15","8","7,8","11,3","14","100","50,88776763912512","33,34540884513428","1483534336","[23:55:02] [Server thread/INFO]: The game is running normally [23:55:02] [Server thread/INFO]: Target tick rate: 20,0 per second. Average time per tick: 8,0ms (Target: 50,0ms) [23:55:02] [Server thread/INFO]: Percentiles: P50: 7,8ms P95: 11,3ms P99: 14,0ms, sample: 100"
"without-umce","2","2026-09-26T21:55:03.0137811+00:00",,"10","0","0","0","0","0","False","15","7,8","7,8","10,9","14","100","63,32597333540839","33,34540884513428","1483534336","[23:55:03] [Server thread/INFO]: The game is running normally [23:55:03] [Server thread/INFO]: Target tick rate: 20,0 per second. Average time per tick: 7,8ms (Target: 50,0ms) [23:55:03] [Server thread/INFO]: Percentiles: P50: 7,8ms P95: 10,9ms P99: 14,0ms, sample: 100"
"without-umce","2","2026-09-26T21:55:03.1371531+00:00",,"10","0","0","0","0","0","False","15","7,8","7,8","10,9","14","100","25,407041124446533","33,34540884513428","1483534336","[23:55:03] [Server thread/INFO]: The game is running normally [23:55:03] [Server thread/INFO]: Target tick rate: 20,0 per second. Average time per tick: 7,8ms (Target: 50,0ms) [23:55:03] [Server thread/INFO]: Percentiles: P50: 7,8ms P95: 10,9ms P99: 14,0ms, sample: 100"
"without-umce","2","2026-09-26T21:55:03.2601617+00:00",,"10","0","0","0","0","0","False","15","7,8","7,7","10,9","14","100","25,650980852466233","33,34540884513428","1483534336","[23:55:03] [Server thread/INFO]: The game is running normally [23:55:03] [Server thread/INFO]: Target tick rate: 20,0 per second. Average time per tick: 7,8ms (Target: 50,0ms) [23:55:03] [Server thread/INFO]: Percentiles: P50: 7,7ms P95: 10,9ms P99: 14,0ms, sample: 100"
"without-umce","2","2026-09-26T21:55:03.3820019+00:00",,"10","0","0","0","0","0","False","15","7,8","7,8","10,9","14","100","22,45313222990858","33,34540884513428","1483534336","[23:55:03] [Server thread/INFO]: The game is running normally [23:55:03] [Server thread/INFO]: Target tick rate: 20,0 per second. Average time per tick: 7,8ms (Target: 50,0ms) [23:55:03] [Server thread/INFO]: Percentiles: P50: 7,8ms P95: 10,9ms P99: 14,0ms, sample: 100"
"without-umce","2","2026-09-26T21:55:03.5211999+00:00",,"10","0","0","0","0","0","False","15","7,9","7,8","10,9","14","100","63,612765382279136","33,34540884513428","1483534336","[23:55:03] [Server thread/INFO]: The game is running normally [23:55:03] [Server thread/INFO]: Target tick rate: 20,0 per second. Average time per tick: 7,9ms (Target: 50,0ms) [23:55:03] [Server thread/INFO]: Percentiles: P50: 7,8ms P95: 10,9ms P99: 14,0ms, sample: 100"
"without-umce","2","2026-09-26T21:55:03.6439697+00:00",,"10","0","0","0","0","0","False","15","7,9","7,8","10,9","14","100","37,77366263102928","33,34540884513428","1483534336","[23:55:03] [Server thread/INFO]: The game is running normally [23:55:03] [Server thread/INFO]: Target tick rate: 20,0 per second. Average time per tick: 7,9ms (Target: 50,0ms) [23:55:03] [Server thread/INFO]: Percentiles: P50: 7,8ms P95: 10,9ms P99: 14,0ms, sample: 100"
"without-umce","2","2026-09-26T21:55:03.7680793+00:00",,"10","0","0","0","0","0","False","15","7,8","7,8","10,9","14","100","12,576950815871829","33,34540884513428","1483534336","[23:55:03] [Server thread/INFO]: The game is running normally [23:55:03] [Server thread/INFO]: Target tick rate: 20,0 per second. Average time per tick: 7,8ms (Target: 50,0ms) [23:55:03] [Server thread/INFO]: Percentiles: P50: 7,8ms P95: 10,9ms P99: 14,0ms, sample: 100"
"without-umce","2","2026-09-26T21:55:03.8923135+00:00",,"10","0","0","0","0","0","False","15","7,8","7,7","10,9","14","100","50,553990853367544","33,34540884513428","1483534336","[23:55:03] [Server thread/INFO]: The game is running normally [23:55:03] [Server thread/INFO]: Target tick rate: 20,0 per second. Average time per tick: 7,8ms (Target: 50,0ms) [23:55:03] [Server thread/INFO]: Percentiles: P50: 7,7ms P95: 10,9ms P99: 14,0ms, sample: 100"
"without-umce","2","2026-09-26T21:55:04.0159336+00:00",,"10","0","0","0","0","0","False","15","7,8","7,6","10,9","14","100","12,558240094261144","33,34540884513428","1483534336","[23:55:04] [Server thread/INFO]: The game is running normally [23:55:04] [Server thread/INFO]: Target tick rate: 20,0 per second. Average time per tick: 7,8ms (Target: 50,0ms) [23:55:04] [Server thread/INFO]: Percentiles: P50: 7,6ms P95: 10,9ms P99: 14,0ms, sample: 100"
"without-umce","2","2026-09-26T21:55:04.1403923+00:00",,"10","0","0","0","0","0","False","15","7,7","7,6","10,7","14","100","25,418510694889214","33,34540884513428","1483534336","[23:55:04] [Server thread/INFO]: The game is running normally [23:55:04] [Server thread/INFO]: Target tick rate: 20,0 per second. Average time per tick: 7,7ms (Target: 50,0ms) [23:55:04] [Server thread/INFO]: Percentiles: P50: 7,6ms P95: 10,7ms P99: 14,0ms, sample: 100"
"without-umce","2","2026-09-26T21:55:04.2633211+00:00",,"10","0","0","0","0","0","False","15","7,6","7,4","10,7","14","100","62,71654769588435","33,34540884513428","1483534336","[23:55:04] [Server thread/INFO]: The game is running normally [23:55:04] [Server thread/INFO]: Target tick rate: 20,0 per second. Average time per tick: 7,6ms (Target: 50,0ms) [23:55:04] [Server thread/INFO]: Percentiles: P50: 7,4ms P95: 10,7ms P99: 14,0ms, sample: 100"
"without-umce","2","2026-09-26T21:55:04.3879634+00:00",,"10","0","0","0","0","0","False","15","7,7","7,4","11,4","14","100","25,22887636639594","33,34540884513428","1483534336","[23:55:04] [Server thread/INFO]: The game is running normally [23:55:04] [Server thread/INFO]: Target tick rate: 20,0 per second. Average time per tick: 7,7ms (Target: 50,0ms) [23:55:04] [Server thread/INFO]: Percentiles: P50: 7,4ms P95: 11,4ms P99: 14,0ms, sample: 100"
"without-umce","2","2026-09-26T21:55:04.5117579+00:00",,"10","0","0","0","0","0","False","15","7,5","7,3","10,7","12,5","100","25,298604488498643","33,34540884513428","1483534336","[23:55:04] [Server thread/INFO]: The game is running normally [23:55:04] [Server thread/INFO]: Target tick rate: 20,0 per second. Average time per tick: 7,5ms (Target: 50,0ms) [23:55:04] [Server thread/INFO]: Percentiles: P50: 7,3ms P95: 10,7ms P99: 12,5ms, sample: 100"
"without-umce","2","2026-09-26T21:55:04.6352827+00:00",,"10","0","0","0","0","0","False","15","7,5","7,3","10,7","12,5","100","25,287611174453765","33,34540884513428","1483534336","[23:55:04] [Server thread/INFO]: The game is running normally [23:55:04] [Server thread/INFO]: Target tick rate: 20,0 per second. Average time per tick: 7,5ms (Target: 50,0ms) [23:55:04] [Server thread/INFO]: Percentiles: P50: 7,3ms P95: 10,7ms P99: 12,5ms, sample: 100"
"without-umce","2","2026-09-26T21:55:04.7588406+00:00",,"10","0","0","0","0","0","False","15","7,5","7,2","10,7","12,5","100","25,13179111259445","33,34540884513428","1483534336","[23:55:04] [Server thread/INFO]: The game is running normally [23:55:04] [Server thread/INFO]: Target tick rate: 20,0 per second. Average time per tick: 7,5ms (Target: 50,0ms) [23:55:04] [Server thread/INFO]: Percentiles: P50: 7,2ms P95: 10,7ms P99: 12,5ms, sample: 100"
"without-umce","2","2026-09-26T21:55:04.8831705+00:00",,"10","0","0","0","0","0","False","15","7,4","7,2","10,7","12,5","100","11,290139607543907","33,34540884513428","1483534336","[23:55:04] [Server thread/INFO]: The game is running normally [23:55:04] [Server thread/INFO]: Target tick rate: 20,0 per second. Average time per tick: 7,4ms (Target: 50,0ms) [23:55:04] [Server thread/INFO]: Percentiles: P50: 7,2ms P95: 10,7ms P99: 12,5ms, sample: 100"
"without-umce","2","2026-09-26T21:55:05.0216096+00:00",,"10","0","0","0","0","0","False","15","7,5","7,3","10,7","12,5","100","25,114441486967813","33,34540884513428","1483534336","[23:55:05] [Server thread/INFO]: The game is running normally [23:55:05] [Server thread/INFO]: Target tick rate: 20,0 per second. Average time per tick: 7,5ms (Target: 50,0ms) [23:55:05] [Server thread/INFO]: Percentiles: P50: 7,3ms P95: 10,7ms P99: 12,5ms, sample: 100"
"without-umce","2","2026-09-26T21:55:05.1460158+00:00",,"10","0","0","0","0","0","False","15","7,5","7,3","10,7","12,5","100","38,40079038042792","33,34540884513428","1483534336","[23:55:05] [Server thread/INFO]: The game is running normally [23:55:05] [Server thread/INFO]: Target tick rate: 20,0 per second. Average time per tick: 7,5ms (Target: 50,0ms) [23:55:05] [Server thread/INFO]: Percentiles: P50: 7,3ms P95: 10,7ms P99: 12,5ms, sample: 100"
"without-umce","2","2026-09-26T21:55:05.2680681+00:00",,"10","0","0","0","0","0","False","15","7,5","7,3","10,7","12,5","100","25,571889742194436","33,34540884513428","1483534336","[23:55:05] [Server thread/INFO]: The game is running normally [23:55:05] [Server thread/INFO]: Target tick rate: 20,0 per second. Average time per tick: 7,5ms (Target: 50,0ms) [23:55:05] [Server thread/INFO]: Percentiles: P50: 7,3ms P95: 10,7ms P99: 12,5ms, sample: 100"
"without-umce","2","2026-09-26T21:55:05.3903092+00:00",,"10","0","0","0","0","0","False","15","7,5","7,3","10,7","12,5","100","0","33,34540884513428","1483534336","[23:55:05] [Server thread/INFO]: The game is running normally [23:55:05] [Server thread/INFO]: Target tick rate: 20,0 per second. Average time per tick: 7,5ms (Target: 50,0ms) [23:55:05] [Server thread/INFO]: Percentiles: P50: 7,3ms P95: 10,7ms P99: 12,5ms, sample: 100"
"without-umce","2","2026-09-26T21:55:05.5142218+00:00",,"10","0","0","0","0","0","False","15","7,5","7,3","10,7","12,5","100","12,429470214216451","33,34540884513428","1483534336","[23:55:05] [Server thread/INFO]: The game is running normally [23:55:05] [Server thread/INFO]: Target tick rate: 20,0 per second. Average time per tick: 7,5ms (Target: 50,0ms) [23:55:05] [Server thread/INFO]: Percentiles: P50: 7,3ms P95: 10,7ms P99: 12,5ms, sample: 100"
"without-umce","2","2026-09-26T21:55:05.6399051+00:00",,"10","0","0","0","0","0","False","15","7,6","7,3","10,7","12,5","100","37,756198460272024","33,34540884513428","1483534336","[23:55:05] [Server thread/INFO]: The game is running normally [23:55:05] [Server thread/INFO]: Target tick rate: 20,0 per second. Average time per tick: 7,6ms (Target: 50,0ms) [23:55:05] [Server thread/INFO]: Percentiles: P50: 7,3ms P95: 10,7ms P99: 12,5ms, sample: 100"
"without-umce","2","2026-09-26T21:55:05.7640478+00:00",,"10","0","0","0","0","0","False","15","7,7","7,3","11,1","12,5","100","50,79582840275159","33,34540884513428","1483534336","[23:55:05] [Server thread/INFO]: The game is running normally [23:55:05] [Server thread/INFO]: Target tick rate: 20,0 per second. Average time per tick: 7,7ms (Target: 50,0ms) [23:55:05] [Server thread/INFO]: Percentiles: P50: 7,3ms P95: 11,1ms P99: 12,5ms, sample: 100"
"without-umce","2","2026-09-26T21:55:05.8871147+00:00",,"10","0","0","0","0","0","False","15","7,7","7,3","11,1","12,5","100","50,734349265001335","33,34540884513428","1483534336","[23:55:05] [Server thread/INFO]: The game is running normally [23:55:05] [Server thread/INFO]: Target tick rate: 20,0 per second. Average time per tick: 7,7ms (Target: 50,0ms) [23:55:05] [Server thread/INFO]: Percentiles: P50: 7,3ms P95: 11,1ms P99: 12,5ms, sample: 100"
"without-umce","2","2026-09-26T21:55:06.0103831+00:00",,"10","0","0","0","0","0","False","15","7,7","7,4","11,1","12,5","100","51,19048594104494","33,34540884513428","1483534336","[23:55:06] [Server thread/INFO]: The game is running normally [23:55:06] [Server thread/INFO]: Target tick rate: 20,0 per second. Average time per tick: 7,7ms (Target: 50,0ms) [23:55:06] [Server thread/INFO]: Percentiles: P50: 7,4ms P95: 11,1ms P99: 12,5ms, sample: 100"
"without-umce","2","2026-09-26T21:55:06.1324250+00:00",,"10","0","0","0","0","0","False","15","7,7","7,5","11,1","12,5","100","45,662233898765734","33,34540884513428","1483534336","[23:55:06] [Server thread/INFO]: The game is running normally [23:55:06] [Server thread/INFO]: Target tick rate: 20,0 per second. Average time per tick: 7,7ms (Target: 50,0ms) [23:55:06] [Server thread/INFO]: Percentiles: P50: 7,5ms P95: 11,1ms P99: 12,5ms, sample: 100"
"without-umce","2","2026-09-26T21:55:06.2692467+00:00",,"10","0","0","0","0","0","False","15","7,8","7,7","11,1","12,5","100","12,708821182615795","33,34540884513428","1483534336","[23:55:06] [Server thread/INFO]: The game is running normally [23:55:06] [Server thread/INFO]: Target tick rate: 20,0 per second. Average time per tick: 7,8ms (Target: 50,0ms) [23:55:06] [Server thread/INFO]: Percentiles: P50: 7,7ms P95: 11,1ms P99: 12,5ms, sample: 100"
"without-umce","2","2026-09-26T21:55:06.3922188+00:00",,"10","0","0","0","0","0","False","15","7,8","7,7","11,1","12,5","100","25,349930439790874","33,34540884513428","1483534336","[23:55:06] [Server thread/INFO]: The game is running normally [23:55:06] [Server thread/INFO]: Target tick rate: 20,0 per second. Average time per tick: 7,8ms (Target: 50,0ms) [23:55:06] [Server thread/INFO]: Percentiles: P50: 7,7ms P95: 11,1ms P99: 12,5ms, sample: 100"
"without-umce","2","2026-09-26T21:55:06.5154955+00:00",,"10","0","0","0","0","0","False","15","7,9","7,7","11,1","12,5","100","12,735619142634045","33,34540884513428","1483534336","[23:55:06] [Server thread/INFO]: The game is running normally [23:55:06] [Server thread/INFO]: Target tick rate: 20,0 per second. Average time per tick: 7,9ms (Target: 50,0ms) [23:55:06] [Server thread/INFO]: Percentiles: P50: 7,7ms P95: 11,1ms P99: 12,5ms, sample: 100"
"without-umce","2","2026-09-26T21:55:06.6381766+00:00",,"10","0","0","0","0","0","False","15","7,9","7,7","11,1","12,5","100","51,25341245220106","33,34540884513428","1483534336","[23:55:06] [Server thread/INFO]: The game is running normally [23:55:06] [Server thread/INFO]: Target tick rate: 20,0 per second. Average time per tick: 7,9ms (Target: 50,0ms) [23:55:06] [Server thread/INFO]: Percentiles: P50: 7,7ms P95: 11,1ms P99: 12,5ms, sample: 100"
"without-umce","2","2026-09-26T21:55:06.7601088+00:00",,"10","0","0","0","0","0","False","15","7,9","7,7","11,1","12,5","100","0","33,34540884513428","1483534336","[23:55:06] [Server thread/INFO]: The game is running normally [23:55:06] [Server thread/INFO]: Target tick rate: 20,0 per second. Average time per tick: 7,9ms (Target: 50,0ms) [23:55:06] [Server thread/INFO]: Percentiles: P50: 7,7ms P95: 11,1ms P99: 12,5ms, sample: 100"
"without-umce","2","2026-09-26T21:55:06.8846786+00:00",,"10","0","0","0","0","0","False","15","7,9","7,7","11,1","12,5","100","25,27885611760452","33,34540884513428","1483534336","[23:55:06] [Server thread/INFO]: The game is running normally [23:55:06] [Server thread/INFO]: Target tick rate: 20,0 per second. Average time per tick: 7,9ms (Target: 50,0ms) [23:55:06] [Server thread/INFO]: Percentiles: P50: 7,7ms P95: 11,1ms P99: 12,5ms, sample: 100"
"without-umce","2","2026-09-26T21:55:07.0082756+00:00",,"10","0","0","0","0","0","False","15","7,8","7,7","11,1","12,5","100","24,92735172612937","33,34540884513428","1483534336","[23:55:07] [Server thread/INFO]: The game is running normally [23:55:07] [Server thread/INFO]: Target tick rate: 20,0 per second. Average time per tick: 7,8ms (Target: 50,0ms) [23:55:07] [Server thread/INFO]: Percentiles: P50: 7,7ms P95: 11,1ms P99: 12,5ms, sample: 100"
"without-umce","2","2026-09-26T21:55:07.1336322+00:00",,"10","0","0","0","0","0","False","15","7,8","7,7","11,1","12,5","100","75,47014883920873","33,34540884513428","1483534336","[23:55:07] [Server thread/INFO]: The game is running normally [23:55:07] [Server thread/INFO]: Target tick rate: 20,0 per second. Average time per tick: 7,8ms (Target: 50,0ms) [23:55:07] [Server thread/INFO]: Percentiles: P50: 7,7ms P95: 11,1ms P99: 12,5ms, sample: 100"
"without-umce","2","2026-09-26T21:55:07.2578772+00:00",,"10","0","0","0","0","0","False","15","7,8","7,7","11,1","12,5","100","34,143900424367715","33,34540884513428","1483534336","[23:55:07] [Server thread/INFO]: The game is running normally [23:55:07] [Server thread/INFO]: Target tick rate: 20,0 per second. Average time per tick: 7,8ms (Target: 50,0ms) [23:55:07] [Server thread/INFO]: Percentiles: P50: 7,7ms P95: 11,1ms P99: 12,5ms, sample: 100"
"without-umce","2","2026-09-26T21:55:07.3951680+00:00",,"10","0","0","0","0","0","False","15","7,8","7,7","10,7","12,5","100","37,85517236923713","33,34540884513428","1483534336","[23:55:07] [Server thread/INFO]: The game is running normally [23:55:07] [Server thread/INFO]: Target tick rate: 20,0 per second. Average time per tick: 7,8ms (Target: 50,0ms) [23:55:07] [Server thread/INFO]: Percentiles: P50: 7,7ms P95: 10,7ms P99: 12,5ms, sample: 100"
"without-umce","2","2026-09-26T21:55:07.5189619+00:00",,"10","0","0","0","0","0","False","15","7,9","7,7","10,7","12,5","100","12,647510443808224","33,34540884513428","1483534336","[23:55:07] [Server thread/INFO]: The game is running normally [23:55:07] [Server thread/INFO]: Target tick rate: 20,0 per second. Average time per tick: 7,9ms (Target: 50,0ms) [23:55:07] [Server thread/INFO]: Percentiles: P50: 7,7ms P95: 10,7ms P99: 12,5ms, sample: 100"
"without-umce","2","2026-09-26T21:55:07.6424971+00:00",,"10","0","0","0","0","0","False","15","7,9","7,7","10,7","12,5","100","50,38717505310808","33,34540884513428","1483534336","[23:55:07] [Server thread/INFO]: The game is running normally [23:55:07] [Server thread/INFO]: Target tick rate: 20,0 per second. Average time per tick: 7,9ms (Target: 50,0ms) [23:55:07] [Server thread/INFO]: Percentiles: P50: 7,7ms P95: 10,7ms P99: 12,5ms, sample: 100"
"without-umce","2","2026-09-26T21:55:07.7665416+00:00",,"10","0","0","0","0","0","False","15","7,9","7,7","10,8","12,5","100","0","33,34540884513428","1483534336","[23:55:07] [Server thread/INFO]: The game is running normally [23:55:07] [Server thread/INFO]: Target tick rate: 20,0 per second. Average time per tick: 7,9ms (Target: 50,0ms) [23:55:07] [Server thread/INFO]: Percentiles: P50: 7,7ms P95: 10,8ms P99: 12,5ms, sample: 100"
"without-umce","2","2026-09-26T21:55:07.8912680+00:00",,"10","0","0","0","0","0","False","15","7,8","7,7","10,8","12,5","100","12,71502635367222","33,34540884513428","1483534336","[23:55:07] [Server thread/INFO]: The game is running normally [23:55:07] [Server thread/INFO]: Target tick rate: 20,0 per second. Average time per tick: 7,8ms (Target: 50,0ms) [23:55:07] [Server thread/INFO]: Percentiles: P50: 7,7ms P95: 10,8ms P99: 12,5ms, sample: 100"
"without-umce","2","2026-09-26T21:55:08.0141309+00:00",,"10","0","0","0","0","0","False","15","7,8","7,7","10,8","12,5","100","75,90552252147216","33,34540884513428","1483534336","[23:55:08] [Server thread/INFO]: The game is running normally [23:55:08] [Server thread/INFO]: Target tick rate: 20,0 per second. Average time per tick: 7,8ms (Target: 50,0ms) [23:55:08] [Server thread/INFO]: Percentiles: P50: 7,7ms P95: 10,8ms P99: 12,5ms, sample: 100"
"without-umce","2","2026-09-26T21:55:08.1376574+00:00",,"10","0","0","0","0","0","False","15","7,8","7,7","10,8","12,5","100","50,23279888314405","33,34540884513428","1483534336","[23:55:08] [Server thread/INFO]: The game is running normally [23:55:08] [Server thread/INFO]: Target tick rate: 20,0 per second. Average time per tick: 7,8ms (Target: 50,0ms) [23:55:08] [Server thread/INFO]: Percentiles: P50: 7,7ms P95: 10,8ms P99: 12,5ms, sample: 100"
"without-umce","2","2026-09-26T21:55:08.2620676+00:00",,"10","0","0","0","0","0","False","15","7,8","7,7","10,8","12,5","100","12,707973612960263","33,34540884513428","1483534336","[23:55:08] [Server thread/INFO]: The game is running normally [23:55:08] [Server thread/INFO]: Target tick rate: 20,0 per second. Average time per tick: 7,8ms (Target: 50,0ms) [23:55:08] [Server thread/INFO]: Percentiles: P50: 7,7ms P95: 10,8ms P99: 12,5ms, sample: 100"
"without-umce","2","2026-09-26T21:55:08.3850055+00:00",,"10","0","0","0","0","0","False","15","7,8","7,6","10,8","12,5","100","37,82682375726275","33,34540884513428","1483534336","[23:55:08] [Server thread/INFO]: The game is running normally [23:55:08] [Server thread/INFO]: Target tick rate: 20,0 per second. Average time per tick: 7,8ms (Target: 50,0ms) [23:55:08] [Server thread/INFO]: Percentiles: P50: 7,6ms P95: 10,8ms P99: 12,5ms, sample: 100"
"without-umce","2","2026-09-26T21:55:08.5089144+00:00",,"10","0","0","0","0","0","False","15","7,7","7,5","10,8","12,5","100","0","33,34540884513428","1483534336","[23:55:08] [Server thread/INFO]: The game is running normally [23:55:08] [Server thread/INFO]: Target tick rate: 20,0 per second. Average time per tick: 7,7ms (Target: 50,0ms) [23:55:08] [Server thread/INFO]: Percentiles: P50: 7,5ms P95: 10,8ms P99: 12,5ms, sample: 100"
"without-umce","2","2026-09-26T21:55:08.6325651+00:00",,"10","0","0","0","0","0","False","15","7,7","7,3","10,6","12,5","100","33,67677053600487","33,34540884513428","1483534336","[23:55:08] [Server thread/INFO]: The game is running normally [23:55:08] [Server thread/INFO]: Target tick rate: 20,0 per second. Average time per tick: 7,7ms (Target: 50,0ms) [23:55:08] [Server thread/INFO]: Percentiles: P50: 7,3ms P95: 10,6ms P99: 12,5ms, sample: 100"
"without-umce","2","2026-09-26T21:55:08.7717459+00:00",,"10","0","0","0","0","0","False","15","7,6","7,3","10,6","12,5","100","22,520639715886816","33,34540884513428","1483534336","[23:55:08] [Server thread/INFO]: The game is running normally [23:55:08] [Server thread/INFO]: Target tick rate: 20,0 per second. Average time per tick: 7,6ms (Target: 50,0ms) [23:55:08] [Server thread/INFO]: Percentiles: P50: 7,3ms P95: 10,6ms P99: 12,5ms, sample: 100"
"without-umce","2","2026-09-26T21:55:08.9105462+00:00",,"10","0","0","0","0","0","False","15","7,6","7,3","10,6","12,5","100","25,653907849521158","33,34540884513428","1483534336","[23:55:08] [Server thread/INFO]: The game is running normally [23:55:08] [Server thread/INFO]: Target tick rate: 20,0 per second. Average time per tick: 7,6ms (Target: 50,0ms) [23:55:08] [Server thread/INFO]: Percentiles: P50: 7,3ms P95: 10,6ms P99: 12,5ms, sample: 100"
"without-umce","2","2026-09-26T21:55:09.0323925+00:00",,"10","0","0","0","0","0","False","15","7,6","7,3","10,6","12,5","100","139,35528333885122","33,34540884513428","1483534336","[23:55:09] [Server thread/INFO]: Saving the game (this may take a moment!) [23:55:09] [Server thread/INFO]: ThreadedAnvilChunkStorage (world): All chunks are saved [23:55:09] [Server thread/INFO]: ThreadedAnvilChunkStorage (DIM1): All chunks are saved [23:55:09] [Server thread/INFO]: ThreadedAnvilChunkStorage (DIM-1): All chunks are saved [23:55:09] [Server thread/INFO]: ThreadedAnvilChunkStorage: All dimensions are saved [23:55:09] [Server thread/INFO]: Saved the game [23:55:09] [Server thread/INFO]: The game is running normally [23:55:09] [Server thread/INFO]: Target tick rate: 20,0 per second. Average time per tick: 7,6ms (Target: 50,0ms) [23:55:09] [Server thread/INFO]: Percentiles: P50: 7,3ms P95: 10,6ms P99: 12,5ms, sample: 100"
"without-umce","2","2026-09-26T21:55:09.4023918+00:00",,"10","0","0","0","0","0","False","15","10,6","7,3","10,6","308,1","100","189,77410100718936","33,34540884513428","1483534336","[23:55:09] [Server thread/INFO]: The game is running normally [23:55:09] [Server thread/INFO]: Target tick rate: 20,0 per second. Average time per tick: 10,6ms (Target: 50,0ms) [23:55:09] [Server thread/INFO]: Percentiles: P50: 7,3ms P95: 10,6ms P99: 308,1ms, sample: 100"
"without-umce","2","2026-09-26T21:55:09.5258473+00:00",,"10","0","0","0","0","0","False","15","10,6","7,3","10,6","308,1","100","153,04598235930789","33,34540884513428","1483534336","[23:55:09] [Server thread/INFO]: The game is running normally [23:55:09] [Server thread/INFO]: Target tick rate: 20,0 per second. Average time per tick: 10,6ms (Target: 50,0ms) [23:55:09] [Server thread/INFO]: Percentiles: P50: 7,3ms P95: 10,6ms P99: 308,1ms, sample: 100"
"without-umce","2","2026-09-26T21:55:09.6483429+00:00",,"10","0","0","0","0","0","False","15","10,6","7,3","10,8","308,1","100","90,37904247381177","33,34540884513428","1483534336","[23:55:09] [Server thread/INFO]: The game is running normally [23:55:09] [Server thread/INFO]: Target tick rate: 20,0 per second. Average time per tick: 10,6ms (Target: 50,0ms) [23:55:09] [Server thread/INFO]: Percentiles: P50: 7,3ms P95: 10,8ms P99: 308,1ms, sample: 100"
"without-umce","2","2026-09-26T21:55:09.7866756+00:00",,"10","0","0","0","0","0","False","15","10,7","7,3","10,8","308,1","100","50,10220850535091","33,34540884513428","1483534336","[23:55:09] [Server thread/INFO]: The game is running normally [23:55:09] [Server thread/INFO]: Target tick rate: 20,0 per second. Average time per tick: 10,7ms (Target: 50,0ms) [23:55:09] [Server thread/INFO]: Percentiles: P50: 7,3ms P95: 10,8ms P99: 308,1ms, sample: 100"
"without-umce","2","2026-09-26T21:55:09.9114186+00:00",,"10","0","0","0","0","0","False","15","10,6","7,3","10,8","308,1","100","77,35863380114334","33,34540884513428","1483534336","[23:55:09] [Server thread/INFO]: The game is running normally [23:55:09] [Server thread/INFO]: Target tick rate: 20,0 per second. Average time per tick: 10,6ms (Target: 50,0ms) [23:55:09] [Server thread/INFO]: Percentiles: P50: 7,3ms P95: 10,8ms P99: 308,1ms, sample: 100"
"without-umce","2","2026-09-26T21:55:10.0325754+00:00",,"10","0","0","0","0","0","False","15","10,7","7,3","10,8","308,1","100","100,46147985385667","33,34540884513428","1483534336","[23:55:10] [Server thread/INFO]: The game is running normally [23:55:10] [Server thread/INFO]: Target tick rate: 20,0 per second. Average time per tick: 10,7ms (Target: 50,0ms) [23:55:10] [Server thread/INFO]: Percentiles: P50: 7,3ms P95: 10,8ms P99: 308,1ms, sample: 100"
"without-umce","2","2026-09-26T21:55:10.1570192+00:00",,"10","0","0","0","0","0","False","15","10,6","7,2","10,8","308,1","100","25,105987436562188","33,34540884513428","1483534336","[23:55:10] [Server thread/INFO]: The game is running normally [23:55:10] [Server thread/INFO]: Target tick rate: 20,0 per second. Average time per tick: 10,6ms (Target: 50,0ms) [23:55:10] [Server thread/INFO]: Percentiles: P50: 7,2ms P95: 10,8ms P99: 308,1ms, sample: 100"
"without-umce","2","2026-09-26T21:55:10.2815230+00:00",,"10","0","0","0","0","0","False","15","10,6","7,2","10,6","308,1","100","12,811661604864577","33,34540884513428","1483534336","[23:55:10] [Server thread/INFO]: The game is running normally [23:55:10] [Server thread/INFO]: Target tick rate: 20,0 per second. Average time per tick: 10,6ms (Target: 50,0ms) [23:55:10] [Server thread/INFO]: Percentiles: P50: 7,2ms P95: 10,6ms P99: 308,1ms, sample: 100"
"without-umce","2","2026-09-26T21:55:10.4034646+00:00",,"10","0","0","0","0","0","False","15","10,6","7,2","10,6","308,1","100","50,415016415129344","33,34540884513428","1483534336","[23:55:10] [Server thread/INFO]: The game is running normally [23:55:10] [Server thread/INFO]: Target tick rate: 20,0 per second. Average time per tick: 10,6ms (Target: 50,0ms) [23:55:10] [Server thread/INFO]: Percentiles: P50: 7,2ms P95: 10,6ms P99: 308,1ms, sample: 100"
"without-umce","2","2026-09-26T21:55:10.5274195+00:00",,"10","0","0","0","0","0","False","15","10,6","7,2","10,6","308,1","100","0","33,34540884513428","1483534336","[23:55:10] [Server thread/INFO]: The game is running normally [23:55:10] [Server thread/INFO]: Target tick rate: 20,0 per second. Average time per tick: 10,6ms (Target: 50,0ms) [23:55:10] [Server thread/INFO]: Percentiles: P50: 7,2ms P95: 10,6ms P99: 308,1ms, sample: 100"
"without-umce","2","2026-09-26T21:55:10.6495261+00:00",,"10","0","0","0","0","0","False","15","10,5","7,2","10,6","308,1","100","25,198219272081907","33,34540884513428","1483534336","[23:55:10] [Server thread/INFO]: The game is running normally [23:55:10] [Server thread/INFO]: Target tick rate: 20,0 per second. Average time per tick: 10,5ms (Target: 50,0ms) [23:55:10] [Server thread/INFO]: Percentiles: P50: 7,2ms P95: 10,6ms P99: 308,1ms, sample: 100"
"without-umce","2","2026-09-26T21:55:10.7735220+00:00",,"10","0","0","0","0","0","False","15","10,5","7,2","10,5","308,1","100","22,48678676409742","33,34540884513428","1483534336","[23:55:10] [Server thread/INFO]: The game is running normally [23:55:10] [Server thread/INFO]: Target tick rate: 20,0 per second. Average time per tick: 10,5ms (Target: 50,0ms) [23:55:10] [Server thread/INFO]: Percentiles: P50: 7,2ms P95: 10,5ms P99: 308,1ms, sample: 100"
"without-umce","2","2026-09-26T21:55:10.9125220+00:00",,"10","0","0","0","0","0","False","15","10,4","7,1","10,5","308,1","100","0","33,34540884513428","1483534336","[23:55:10] [Server thread/INFO]: The game is running normally [23:55:10] [Server thread/INFO]: Target tick rate: 20,0 per second. Average time per tick: 10,4ms (Target: 50,0ms) [23:55:10] [Server thread/INFO]: Percentiles: P50: 7,1ms P95: 10,5ms P99: 308,1ms, sample: 100"
"without-umce","2","2026-09-26T21:55:11.0362546+00:00",,"10","0","0","0","0","0","False","15","10,4","7","10,5","308,1","100","63,85375059562778","33,34540884513428","1483534336","[23:55:11] [Server thread/INFO]: The game is running normally [23:55:11] [Server thread/INFO]: Target tick rate: 20,0 per second. Average time per tick: 10,4ms (Target: 50,0ms) [23:55:11] [Server thread/INFO]: Percentiles: P50: 7,0ms P95: 10,5ms P99: 308,1ms, sample: 100"
"without-umce","2","2026-09-26T21:55:11.1585868+00:00",,"10","0","0","0","0","0","False","15","10,3","7","10,5","308,1","100","12,775239990548368","33,34540884513428","1483534336","[23:55:11] [Server thread/INFO]: The game is running normally [23:55:11] [Server thread/INFO]: Target tick rate: 20,0 per second. Average time per tick: 10,3ms (Target: 50,0ms) [23:55:11] [Server thread/INFO]: Percentiles: P50: 7,0ms P95: 10,5ms P99: 308,1ms, sample: 100"
"without-umce","2","2026-09-26T21:55:11.2809218+00:00",,"10","0","0","0","0","0","False","15","10,3","7","10,5","308,1","100","25,498755660723756","33,34540884513428","1483534336","[23:55:11] [Server thread/INFO]: The game is running normally [23:55:11] [Server thread/INFO]: Target tick rate: 20,0 per second. Average time per tick: 10,3ms (Target: 50,0ms) [23:55:11] [Server thread/INFO]: Percentiles: P50: 7,0ms P95: 10,5ms P99: 308,1ms, sample: 100"
"without-umce","2","2026-09-26T21:55:11.4034751+00:00",,"10","0","0","0","0","0","False","15","10,3","7","10,5","308,1","100","12,790476845348605","33,34540884513428","1483534336","[23:55:11] [Server thread/INFO]: The game is running normally [23:55:11] [Server thread/INFO]: Target tick rate: 20,0 per second. Average time per tick: 10,3ms (Target: 50,0ms) [23:55:11] [Server thread/INFO]: Percentiles: P50: 7,0ms P95: 10,5ms P99: 308,1ms, sample: 100"
"without-umce","2","2026-09-26T21:55:11.5256377+00:00",,"10","0","0","0","0","0","False","15","10,2","6,9","10,5","308,1","100","12,402220890499303","33,34540884513428","1483534336","[23:55:11] [Server thread/INFO]: The game is running normally [23:55:11] [Server thread/INFO]: Target tick rate: 20,0 per second. Average time per tick: 10,2ms (Target: 50,0ms) [23:55:11] [Server thread/INFO]: Percentiles: P50: 6,9ms P95: 10,5ms P99: 308,1ms, sample: 100"
"without-umce","2","2026-09-26T21:55:11.6516174+00:00",,"10","0","0","0","0","0","False","15","10,2","6,9","10,5","308,1","100","25,43762896877887","33,34540884513428","1483534336","[23:55:11] [Server thread/INFO]: The game is running normally [23:55:11] [Server thread/INFO]: Target tick rate: 20,0 per second. Average time per tick: 10,2ms (Target: 50,0ms) [23:55:11] [Server thread/INFO]: Percentiles: P50: 6,9ms P95: 10,5ms P99: 308,1ms, sample: 100"
"without-umce","2","2026-09-26T21:55:11.7744741+00:00",,"10","0","0","0","0","0","False","15","10,2","6,8","10,5","308,1","100","25,00794252254516","33,34540884513428","1483534336","[23:55:11] [Server thread/INFO]: The game is running normally [23:55:11] [Server thread/INFO]: Target tick rate: 20,0 per second. Average time per tick: 10,2ms (Target: 50,0ms) [23:55:11] [Server thread/INFO]: Percentiles: P50: 6,8ms P95: 10,5ms P99: 308,1ms, sample: 100"
"without-umce","2","2026-09-26T21:55:11.8994155+00:00",,"10","0","0","0","0","0","False","15","10,2","6,8","10,5","308,1","100","11,645603961517706","33,34540884513428","1483534336","[23:55:11] [Server thread/INFO]: The game is running normally [23:55:11] [Server thread/INFO]: Target tick rate: 20,0 per second. Average time per tick: 10,2ms (Target: 50,0ms) [23:55:11] [Server thread/INFO]: Percentiles: P50: 6,8ms P95: 10,5ms P99: 308,1ms, sample: 100"
"without-umce","2","2026-09-26T21:55:12.0335845+00:00",,"10","0","0","0","0","0","False","15","10,1","6,8","10,5","308,1","100","37,72317027534896","33,34540884513428","1483534336","[23:55:12] [Server thread/INFO]: The game is running normally [23:55:12] [Server thread/INFO]: Target tick rate: 20,0 per second. Average time per tick: 10,1ms (Target: 50,0ms) [23:55:12] [Server thread/INFO]: Percentiles: P50: 6,8ms P95: 10,5ms P99: 308,1ms, sample: 100"
"without-umce","2","2026-09-26T21:55:12.1578653+00:00",,"10","0","0","0","0","0","False","15","10,1","6,7","10,5","308,1","100","37,93866198533929","33,34540884513428","1483534336","[23:55:12] [Server thread/INFO]: The game is running normally [23:55:12] [Server thread/INFO]: Target tick rate: 20,0 per second. Average time per tick: 10,1ms (Target: 50,0ms) [23:55:12] [Server thread/INFO]: Percentiles: P50: 6,7ms P95: 10,5ms P99: 308,1ms, sample: 100"
"without-umce","2","2026-09-26T21:55:12.2813947+00:00",,"10","0","0","0","0","0","False","15","10,1","6,7","10,5","308,1","100","12,556322640837742","33,34540884513428","1483534336","[23:55:12] [Server thread/INFO]: The game is running normally [23:55:12] [Server thread/INFO]: Target tick rate: 20,0 per second. Average time per tick: 10,1ms (Target: 50,0ms) [23:55:12] [Server thread/INFO]: Percentiles: P50: 6,7ms P95: 10,5ms P99: 308,1ms, sample: 100"
"without-umce","2","2026-09-26T21:55:12.4058405+00:00",,"10","0","0","0","0","0","False","15","10,1","6,7","10,5","308,1","100","101,26721745231124","33,34540884513428","1483534336","[23:55:12] [Server thread/INFO]: The game is running normally [23:55:12] [Server thread/INFO]: Target tick rate: 20,0 per second. Average time per tick: 10,1ms (Target: 50,0ms) [23:55:12] [Server thread/INFO]: Percentiles: P50: 6,7ms P95: 10,5ms P99: 308,1ms, sample: 100"
"without-umce","2","2026-09-26T21:55:12.5293027+00:00",,"10","0","0","0","0","0","False","15","10","6,7","10,5","308,1","100","113,91306883630054","33,34540884513428","1483534336","[23:55:12] [Server thread/INFO]: The game is running normally [23:55:12] [Server thread/INFO]: Target tick rate: 20,0 per second. Average time per tick: 10,0ms (Target: 50,0ms) [23:55:12] [Server thread/INFO]: Percentiles: P50: 6,7ms P95: 10,5ms P99: 308,1ms, sample: 100"
"without-umce","2","2026-09-26T21:55:12.6527289+00:00",,"10","0","0","0","0","0","False","15","10","6,7","10,5","308,1","100","38,44050066548195","33,34540884513428","1483534336","[23:55:12] [Server thread/INFO]: The game is running normally [23:55:12] [Server thread/INFO]: Target tick rate: 20,0 per second. Average time per tick: 10,0ms (Target: 50,0ms) [23:55:12] [Server thread/INFO]: Percentiles: P50: 6,7ms P95: 10,5ms P99: 308,1ms, sample: 100"
"without-umce","2","2026-09-26T21:55:12.7748352+00:00",,"10","0","0","0","0","0","False","15","10","6,7","10,5","308,1","100","0","33,34540884513428","1483534336","[23:55:12] [Server thread/INFO]: The game is running normally [23:55:12] [Server thread/INFO]: Target tick rate: 20,0 per second. Average time per tick: 10,0ms (Target: 50,0ms) [23:55:12] [Server thread/INFO]: Percentiles: P50: 6,7ms P95: 10,5ms P99: 308,1ms, sample: 100"
"without-umce","2","2026-09-26T21:55:12.9006200+00:00",,"10","0","0","0","0","0","False","15","10","6,7","10,5","308,1","100","25,395932749944738","33,34540884513428","1483534336","[23:55:12] [Server thread/INFO]: The game is running normally [23:55:12] [Server thread/INFO]: Target tick rate: 20,0 per second. Average time per tick: 10,0ms (Target: 50,0ms) [23:55:12] [Server thread/INFO]: Percentiles: P50: 6,7ms P95: 10,5ms P99: 308,1ms, sample: 100"
"without-umce","2","2026-09-26T21:55:13.0236310+00:00",,"10","0","0","0","0","0","False","15","9,9","6,6","10,5","308,1","100","22,41210153076446","33,34540884513428","1483534336","[23:55:13] [Server thread/INFO]: The game is running normally [23:55:13] [Server thread/INFO]: Target tick rate: 20,0 per second. Average time per tick: 9,9ms (Target: 50,0ms) [23:55:13] [Server thread/INFO]: Percentiles: P50: 6,6ms P95: 10,5ms P99: 308,1ms, sample: 100"
"without-umce","2","2026-09-26T21:55:13.1630714+00:00",,"10","0","0","0","0","0","False","15","9,9","6,6","10,5","308,1","100","0","33,34540884513428","1483534336","[23:55:13] [Server thread/INFO]: The game is running normally [23:55:13] [Server thread/INFO]: Target tick rate: 20,0 per second. Average time per tick: 9,9ms (Target: 50,0ms) [23:55:13] [Server thread/INFO]: Percentiles: P50: 6,6ms P95: 10,5ms P99: 308,1ms, sample: 100"
"without-umce","2","2026-09-26T21:55:13.2886596+00:00",,"10","0","0","0","0","0","False","15","9,9","6,6","10,5","308,1","100","11,307460897895618","33,34540884513428","1483534336","[23:55:13] [Server thread/INFO]: The game is running normally [23:55:13] [Server thread/INFO]: Target tick rate: 20,0 per second. Average time per tick: 9,9ms (Target: 50,0ms) [23:55:13] [Server thread/INFO]: Percentiles: P50: 6,6ms P95: 10,5ms P99: 308,1ms, sample: 100"
"without-umce","2","2026-09-26T21:55:13.4268452+00:00",,"10","0","0","0","0","0","False","15","9,9","6,6","10,5","308,1","100","12,460584678544826","33,34540884513428","1483534336","[23:55:13] [Server thread/INFO]: The game is running normally [23:55:13] [Server thread/INFO]: Target tick rate: 20,0 per second. Average time per tick: 9,9ms (Target: 50,0ms) [23:55:13] [Server thread/INFO]: Percentiles: P50: 6,6ms P95: 10,5ms P99: 308,1ms, sample: 100"
"without-umce","2","2026-09-26T21:55:13.5523303+00:00",,"10","0","0","0","0","0","False","15","9,9","6,6","10,5","308,1","100","25,418386644162922","33,34540884513428","1483534336","[23:55:13] [Server thread/INFO]: The game is running normally [23:55:13] [Server thread/INFO]: Target tick rate: 20,0 per second. Average time per tick: 9,9ms (Target: 50,0ms) [23:55:13] [Server thread/INFO]: Percentiles: P50: 6,6ms P95: 10,5ms P99: 308,1ms, sample: 100"
"without-umce","2","2026-09-26T21:55:13.6751973+00:00",,"10","0","0","0","0","0","False","15","9,9","6,6","10,5","308,1","100","25,306082124512404","33,34540884513428","1483534336","[23:55:13] [Server thread/INFO]: The game is running normally [23:55:13] [Server thread/INFO]: Target tick rate: 20,0 per second. Average time per tick: 9,9ms (Target: 50,0ms) [23:55:13] [Server thread/INFO]: Percentiles: P50: 6,6ms P95: 10,5ms P99: 308,1ms, sample: 100"
"without-umce","2","2026-09-26T21:55:13.7986779+00:00",,"10","0","0","0","0","0","False","15","9,8","6,5","10,5","308,1","100","25,330758917643013","33,34540884513428","1483534336","[23:55:13] [Server thread/INFO]: The game is running normally [23:55:13] [Server thread/INFO]: Target tick rate: 20,0 per second. Average time per tick: 9,8ms (Target: 50,0ms) [23:55:13] [Server thread/INFO]: Percentiles: P50: 6,5ms P95: 10,5ms P99: 308,1ms, sample: 100"
"without-umce","2","2026-09-26T21:55:13.9220498+00:00",,"10","0","0","0","0","0","False","15","9,8","6,5","10,5","308,1","100","25,78887125617798","33,34540884513428","1483534336","[23:55:13] [Server thread/INFO]: The game is running normally [23:55:13] [Server thread/INFO]: Target tick rate: 20,0 per second. Average time per tick: 9,8ms (Target: 50,0ms) [23:55:13] [Server thread/INFO]: Percentiles: P50: 6,5ms P95: 10,5ms P99: 308,1ms, sample: 100"
"without-umce","2","2026-09-26T21:55:14.0432352+00:00",,"10","0","0","0","0","0","False","15","9,8","6,5","10,5","308,1","100","37,867588252686474","33,34540884513428","1483534336","[23:55:14] [Server thread/INFO]: The game is running normally [23:55:14] [Server thread/INFO]: Target tick rate: 20,0 per second. Average time per tick: 9,8ms (Target: 50,0ms) [23:55:14] [Server thread/INFO]: Percentiles: P50: 6,5ms P95: 10,5ms P99: 308,1ms, sample: 100"
"without-umce","2","2026-09-26T21:55:14.1670197+00:00",,"10","0","0","0","0","0","False","15","6,9","6,6","10,5","13,8","100","12,64850355048554","33,34540884513428","1483534336","[23:55:14] [Server thread/INFO]: The game is running normally [23:55:14] [Server thread/INFO]: Target tick rate: 20,0 per second. Average time per tick: 6,9ms (Target: 50,0ms) [23:55:14] [Server thread/INFO]: Percentiles: P50: 6,6ms P95: 10,5ms P99: 13,8ms, sample: 100"
"without-umce","2","2026-09-26T21:55:14.2905690+00:00",,"10","0","0","0","0","0","False","15","6,9","6,6","10,5","13,8","100","56,971902369301894","33,34540884513428","1483534336","[23:55:14] [Server thread/INFO]: The game is running normally [23:55:14] [Server thread/INFO]: Target tick rate: 20,0 per second. Average time per tick: 6,9ms (Target: 50,0ms) [23:55:14] [Server thread/INFO]: Percentiles: P50: 6,6ms P95: 10,5ms P99: 13,8ms, sample: 100"
"without-umce","2","2026-09-26T21:55:14.4276680+00:00",,"10","0","0","0","0","0","False","15","6,8","6,6","10,1","13,8","100","12,834107760507745","33,34540884513428","1483534336","[23:55:14] [Server thread/INFO]: The game is running normally [23:55:14] [Server thread/INFO]: Target tick rate: 20,0 per second. Average time per tick: 6,8ms (Target: 50,0ms) [23:55:14] [Server thread/INFO]: Percentiles: P50: 6,6ms P95: 10,1ms P99: 13,8ms, sample: 100"
"without-umce","2","2026-09-26T21:55:14.5494580+00:00",,"10","0","0","0","0","0","False","15","6,8","6,6","10,1","13,8","100","25,239166340240114","33,34540884513428","1483534336","[23:55:14] [Server thread/INFO]: The game is running normally [23:55:14] [Server thread/INFO]: Target tick rate: 20,0 per second. Average time per tick: 6,8ms (Target: 50,0ms) [23:55:14] [Server thread/INFO]: Percentiles: P50: 6,6ms P95: 10,1ms P99: 13,8ms, sample: 100"
"without-umce","2","2026-09-26T21:55:14.6732234+00:00",,"10","0","0","0","0","0","False","15","6,7","6,4","9,3","10,7","100","12,804942011027412","33,34540884513428","1483534336","[23:55:14] [Server thread/INFO]: The game is running normally [23:55:14] [Server thread/INFO]: Target tick rate: 20,0 per second. Average time per tick: 6,7ms (Target: 50,0ms) [23:55:14] [Server thread/INFO]: Percentiles: P50: 6,4ms P95: 9,3ms P99: 10,7ms, sample: 100"
"without-umce","2","2026-09-26T21:55:14.7952737+00:00",,"10","0","0","0","0","0","False","15","6,7","6,4","9,3","10,7","100","37,49061235066739","33,34540884513428","1483534336","[23:55:14] [Server thread/INFO]: The game is running normally [23:55:14] [Server thread/INFO]: Target tick rate: 20,0 per second. Average time per tick: 6,7ms (Target: 50,0ms) [23:55:14] [Server thread/INFO]: Percentiles: P50: 6,4ms P95: 9,3ms P99: 10,7ms, sample: 100"
"without-umce","2","2026-09-26T21:55:14.9203303+00:00",,"10","0","0","0","0","0","False","15","6,6","6,4","9,3","10,7","100","12,663316257104626","33,34540884513428","1483534336","[23:55:14] [Server thread/INFO]: The game is running normally [23:55:14] [Server thread/INFO]: Target tick rate: 20,0 per second. Average time per tick: 6,6ms (Target: 50,0ms) [23:55:14] [Server thread/INFO]: Percentiles: P50: 6,4ms P95: 9,3ms P99: 10,7ms, sample: 100"
"without-umce","2","2026-09-26T21:55:15.0437052+00:00",,"10","0","0","0","0","0","False","15","6,6","6,4","9,2","10,7","100","37,83885450990712","33,34540884513428","1483534336","[23:55:15] [Server thread/INFO]: The game is running normally [23:55:15] [Server thread/INFO]: Target tick rate: 20,0 per second. Average time per tick: 6,6ms (Target: 50,0ms) [23:55:15] [Server thread/INFO]: Percentiles: P50: 6,4ms P95: 9,2ms P99: 10,7ms, sample: 100"
"without-umce","2","2026-09-26T21:55:15.1675493+00:00",,"10","0","0","0","0","0","False","15","6,6","6,4","9","10,7","100","12,609958841094343","33,34540884513428","1483534336","[23:55:15] [Server thread/INFO]: The game is running normally [23:55:15] [Server thread/INFO]: Target tick rate: 20,0 per second. Average time per tick: 6,6ms (Target: 50,0ms) [23:55:15] [Server thread/INFO]: Percentiles: P50: 6,4ms P95: 9,0ms P99: 10,7ms, sample: 100"
"without-umce","2","2026-09-26T21:55:15.2914807+00:00",,"10","0","0","0","0","0","False","15","6,6","6,4","9","10,7","100","50,877204407512565","33,34540884513428","1483534336","[23:55:15] [Server thread/INFO]: The game is running normally [23:55:15] [Server thread/INFO]: Target tick rate: 20,0 per second. Average time per tick: 6,6ms (Target: 50,0ms) [23:55:15] [Server thread/INFO]: Percentiles: P50: 6,4ms P95: 9,0ms P99: 10,7ms, sample: 100"
"without-umce","2","2026-09-26T21:55:15.4143046+00:00",,"10","0","0","0","0","0","False","15","6,6","6,4","9","10,7","100","11,226727443079595","33,34540884513428","1483534336","[23:55:15] [Server thread/INFO]: The game is running normally [23:55:15] [Server thread/INFO]: Target tick rate: 20,0 per second. Average time per tick: 6,6ms (Target: 50,0ms) [23:55:15] [Server thread/INFO]: Percentiles: P50: 6,4ms P95: 9,0ms P99: 10,7ms, sample: 100"
"without-umce","2","2026-09-26T21:55:15.5534810+00:00",,"10","0","0","0","0","0","False","15","6,6","6,4","9","10,7","100","33,73964867578627","33,34540884513428","1483534336","[23:55:15] [Server thread/INFO]: The game is running normally [23:55:15] [Server thread/INFO]: Target tick rate: 20,0 per second. Average time per tick: 6,6ms (Target: 50,0ms) [23:55:15] [Server thread/INFO]: Percentiles: P50: 6,4ms P95: 9,0ms P99: 10,7ms, sample: 100"
"without-umce","2","2026-09-26T21:55:15.6924238+00:00",,"10","0","0","0","0","0","False","15","6,6","6,4","9","10,7","100","0","33,34540884513428","1483534336","[23:55:15] [Server thread/INFO]: The game is running normally [23:55:15] [Server thread/INFO]: Target tick rate: 20,0 per second. Average time per tick: 6,6ms (Target: 50,0ms) [23:55:15] [Server thread/INFO]: Percentiles: P50: 6,4ms P95: 9,0ms P99: 10,7ms, sample: 100"
"without-umce","2","2026-09-26T21:55:15.8144554+00:00",,"10","0","0","0","0","0","False","15","6,6","6,4","9","10,7","100","25,780999279782","33,34540884513428","1483534336","[23:55:15] [Server thread/INFO]: The game is running normally [23:55:15] [Server thread/INFO]: Target tick rate: 20,0 per second. Average time per tick: 6,6ms (Target: 50,0ms) [23:55:15] [Server thread/INFO]: Percentiles: P50: 6,4ms P95: 9,0ms P99: 10,7ms, sample: 100"
"without-umce","2","2026-09-26T21:55:15.9356663+00:00",,"10","0","0","0","0","0","False","15","6,6","6,4","9,5","10,7","100","12,698647482295037","33,34540884513428","1483534336","[23:55:15] [Server thread/INFO]: The game is running normally [23:55:15] [Server thread/INFO]: Target tick rate: 20,0 per second. Average time per tick: 6,6ms (Target: 50,0ms) [23:55:15] [Server thread/INFO]: Percentiles: P50: 6,4ms P95: 9,5ms P99: 10,7ms, sample: 100"
"without-umce","2","2026-09-26T21:55:16.0586919+00:00",,"10","0","0","0","0","0","False","15","6,6","6,4","9,5","10,7","100","63,424732601327364","33,34540884513428","1483534336","[23:55:16] [Server thread/INFO]: The game is running normally [23:55:16] [Server thread/INFO]: Target tick rate: 20,0 per second. Average time per tick: 6,6ms (Target: 50,0ms) [23:55:16] [Server thread/INFO]: Percentiles: P50: 6,4ms P95: 9,5ms P99: 10,7ms, sample: 100"
"without-umce","2","2026-09-26T21:55:16.1819097+00:00",,"10","0","0","0","0","0","False","15","6,6","6,4","9","10,7","100","0","33,34540884513428","1483534336","[23:55:16] [Server thread/INFO]: The game is running normally [23:55:16] [Server thread/INFO]: Target tick rate: 20,0 per second. Average time per tick: 6,6ms (Target: 50,0ms) [23:55:16] [Server thread/INFO]: Percentiles: P50: 6,4ms P95: 9,0ms P99: 10,7ms, sample: 100"
"without-umce","2","2026-09-26T21:55:16.3046065+00:00",,"10","0","0","0","0","0","False","15","6,6","6,4","9","10,7","100","22,44086204506987","33,34540884513428","1483534336","[23:55:16] [Server thread/INFO]: The game is running normally [23:55:16] [Server thread/INFO]: Target tick rate: 20,0 per second. Average time per tick: 6,6ms (Target: 50,0ms) [23:55:16] [Server thread/INFO]: Percentiles: P50: 6,4ms P95: 9,0ms P99: 10,7ms, sample: 100"
"without-umce","2","2026-09-26T21:55:16.4438514+00:00",,"10","0","0","0","0","0","False","15","6,6","6,4","8,1","10,7","100","12,564319263172031","33,34540884513428","1483534336","[23:55:16] [Server thread/INFO]: The game is running normally [23:55:16] [Server thread/INFO]: Target tick rate: 20,0 per second. Average time per tick: 6,6ms (Target: 50,0ms) [23:55:16] [Server thread/INFO]: Percentiles: P50: 6,4ms P95: 8,1ms P99: 10,7ms, sample: 100"
"without-umce","2","2026-09-26T21:55:16.5682198+00:00",,"10","0","0","0","0","0","False","15","6,6","6,4","8,1","10,7","100","38,048352861439064","33,34540884513428","1483534336","[23:55:16] [Server thread/INFO]: The game is running normally [23:55:16] [Server thread/INFO]: Target tick rate: 20,0 per second. Average time per tick: 6,6ms (Target: 50,0ms) [23:55:16] [Server thread/INFO]: Percentiles: P50: 6,4ms P95: 8,1ms P99: 10,7ms, sample: 100"
"without-umce","2","2026-09-26T21:55:16.6914147+00:00",,"10","0","0","0","0","0","False","15","6,6","6,4","8,1","10,7","100","12,674009074996064","33,34540884513428","1483534336","[23:55:16] [Server thread/INFO]: The game is running normally [23:55:16] [Server thread/INFO]: Target tick rate: 20,0 per second. Average time per tick: 6,6ms (Target: 50,0ms) [23:55:16] [Server thread/INFO]: Percentiles: P50: 6,4ms P95: 8,1ms P99: 10,7ms, sample: 100"
"without-umce","2","2026-09-26T21:55:16.8147158+00:00",,"10","0","0","0","0","0","False","15","6,6","6,5","8,1","10,7","100","88,07559160626526","33,34540884513428","1483534336","[23:55:16] [Server thread/INFO]: The game is running normally [23:55:16] [Server thread/INFO]: Target tick rate: 20,0 per second. Average time per tick: 6,6ms (Target: 50,0ms) [23:55:16] [Server thread/INFO]: Percentiles: P50: 6,5ms P95: 8,1ms P99: 10,7ms, sample: 100"
"without-umce","2","2026-09-26T21:55:16.9389027+00:00",,"10","0","0","0","0","0","False","15","6,6","6,6","8,4","10,7","100","0","33,34540884513428","1483534336","[23:55:16] [Server thread/INFO]: The game is running normally [23:55:16] [Server thread/INFO]: Target tick rate: 20,0 per second. Average time per tick: 6,6ms (Target: 50,0ms) [23:55:16] [Server thread/INFO]: Percentiles: P50: 6,6ms P95: 8,4ms P99: 10,7ms, sample: 100"
"without-umce","2","2026-09-26T21:55:17.0626423+00:00",,"10","0","0","0","0","0","False","15","6,7","6,6","8,4","10,7","100","50,45119512827115","33,34540884513428","1483534336","[23:55:17] [Server thread/INFO]: The game is running normally [23:55:17] [Server thread/INFO]: Target tick rate: 20,0 per second. Average time per tick: 6,7ms (Target: 50,0ms) [23:55:17] [Server thread/INFO]: Percentiles: P50: 6,6ms P95: 8,4ms P99: 10,7ms, sample: 100"
"without-umce","2","2026-09-26T21:55:17.1865071+00:00",,"10","0","0","0","0","0","False","15","6,7","6,6","8,4","10,7","100","12,614468735089698","33,34540884513428","1483534336","[23:55:17] [Server thread/INFO]: The game is running normally [23:55:17] [Server thread/INFO]: Target tick rate: 20,0 per second. Average time per tick: 6,7ms (Target: 50,0ms) [23:55:17] [Server thread/INFO]: Percentiles: P50: 6,6ms P95: 8,4ms P99: 10,7ms, sample: 100"
"without-umce","2","2026-09-26T21:55:17.3103733+00:00",,"10","0","0","0","0","0","False","15","6,7","6,6","9","10,7","100","12,619104152634222","33,34540884513428","1483534336","[23:55:17] [Server thread/INFO]: The game is running normally [23:55:17] [Server thread/INFO]: Target tick rate: 20,0 per second. Average time per tick: 6,7ms (Target: 50,0ms) [23:55:17] [Server thread/INFO]: Percentiles: P50: 6,6ms P95: 9,0ms P99: 10,7ms, sample: 100"
"without-umce","2","2026-09-26T21:55:17.4341892+00:00",,"10","0","0","0","0","0","False","15","6,7","6,6","9","10,7","100","12,794928213287562","33,34540884513428","1483534336","[23:55:17] [Server thread/INFO]: The game is running normally [23:55:17] [Server thread/INFO]: Target tick rate: 20,0 per second. Average time per tick: 6,7ms (Target: 50,0ms) [23:55:17] [Server thread/INFO]: Percentiles: P50: 6,6ms P95: 9,0ms P99: 10,7ms, sample: 100"
"without-umce","2","2026-09-26T21:55:17.5563200+00:00",,"10","0","0","0","0","0","False","15","6,7","6,6","9","10,7","100","50,45665289132767","33,34540884513428","1483534336","[23:55:17] [Server thread/INFO]: The game is running normally [23:55:17] [Server thread/INFO]: Target tick rate: 20,0 per second. Average time per tick: 6,7ms (Target: 50,0ms) [23:55:17] [Server thread/INFO]: Percentiles: P50: 6,6ms P95: 9,0ms P99: 10,7ms, sample: 100"
"without-umce","2","2026-09-26T21:55:17.6801960+00:00",,"10","0","0","0","0","0","False","15","6,7","6,6","9","10,7","100","12,55346772975457","33,34540884513428","1483534336","[23:55:17] [Server thread/INFO]: The game is running normally [23:55:17] [Server thread/INFO]: Target tick rate: 20,0 per second. Average time per tick: 6,7ms (Target: 50,0ms) [23:55:17] [Server thread/INFO]: Percentiles: P50: 6,6ms P95: 9,0ms P99: 10,7ms, sample: 100"
"without-umce","2","2026-09-26T21:55:17.8047130+00:00",,"10","0","0","0","0","0","False","15","6,7","6,6","9","10,7","100","22,305543837709855","33,34540884513428","1483534336","[23:55:17] [Server thread/INFO]: The game is running normally [23:55:17] [Server thread/INFO]: Target tick rate: 20,0 per second. Average time per tick: 6,7ms (Target: 50,0ms) [23:55:17] [Server thread/INFO]: Percentiles: P50: 6,6ms P95: 9,0ms P99: 10,7ms, sample: 100"
"without-umce","2","2026-09-26T21:55:17.9447586+00:00",,"10","0","0","0","0","0","False","15","6,7","6,6","9","10,7","100","34,22584604466044","33,34540884513428","1483534336","[23:55:17] [Server thread/INFO]: The game is running normally [23:55:17] [Server thread/INFO]: Target tick rate: 20,0 per second. Average time per tick: 6,7ms (Target: 50,0ms) [23:55:17] [Server thread/INFO]: Percentiles: P50: 6,6ms P95: 9,0ms P99: 10,7ms, sample: 100"
"without-umce","2","2026-09-26T21:55:18.0817568+00:00",,"10","0","0","0","0","0","False","15","6,8","6,7","9,2","11","100","62,92015563124319","33,34540884513428","1483534336","[23:55:18] [Server thread/INFO]: The game is running normally [23:55:18] [Server thread/INFO]: Target tick rate: 20,0 per second. Average time per tick: 6,8ms (Target: 50,0ms) [23:55:18] [Server thread/INFO]: Percentiles: P50: 6,7ms P95: 9,2ms P99: 11,0ms, sample: 100"
"without-umce","2","2026-09-26T21:55:18.2058938+00:00",,"10","0","0","0","0","0","False","15","6,8","6,7","9,2","11","100","0","33,34540884513428","1483534336","[23:55:18] [Server thread/INFO]: The game is running normally [23:55:18] [Server thread/INFO]: Target tick rate: 20,0 per second. Average time per tick: 6,8ms (Target: 50,0ms) [23:55:18] [Server thread/INFO]: Percentiles: P50: 6,7ms P95: 9,2ms P99: 11,0ms, sample: 100"
"without-umce","2","2026-09-26T21:55:18.3275838+00:00",,"10","0","0","0","0","0","False","15","6,8","6,7","9,4","11","100","37,780238698570514","33,34540884513428","1483534336","[23:55:18] [Server thread/INFO]: The game is running normally [23:55:18] [Server thread/INFO]: Target tick rate: 20,0 per second. Average time per tick: 6,8ms (Target: 50,0ms) [23:55:18] [Server thread/INFO]: Percentiles: P50: 6,7ms P95: 9,4ms P99: 11,0ms, sample: 100"
"without-umce","2","2026-09-26T21:55:18.4516487+00:00",,"10","0","0","0","0","0","False","15","6,9","6,7","9,4","11","100","0","33,34540884513428","1483534336","[23:55:18] [Server thread/INFO]: The game is running normally [23:55:18] [Server thread/INFO]: Target tick rate: 20,0 per second. Average time per tick: 6,9ms (Target: 50,0ms) [23:55:18] [Server thread/INFO]: Percentiles: P50: 6,7ms P95: 9,4ms P99: 11,0ms, sample: 100"
"without-umce","2","2026-09-26T21:55:18.5739493+00:00",,"10","0","0","0","0","0","False","15","6,9","6,7","9,4","11","100","38,16775246288873","33,34540884513428","1483534336","[23:55:18] [Server thread/INFO]: The game is running normally [23:55:18] [Server thread/INFO]: Target tick rate: 20,0 per second. Average time per tick: 6,9ms (Target: 50,0ms) [23:55:18] [Server thread/INFO]: Percentiles: P50: 6,7ms P95: 9,4ms P99: 11,0ms, sample: 100"
"without-umce","2","2026-09-26T21:55:18.6967733+00:00",,"10","0","0","0","0","0","False","15","6,9","6,7","9,4","11","100","25,132862363598928","33,34540884513428","1483534336","[23:55:18] [Server thread/INFO]: The game is running normally [23:55:18] [Server thread/INFO]: Target tick rate: 20,0 per second. Average time per tick: 6,9ms (Target: 50,0ms) [23:55:18] [Server thread/INFO]: Percentiles: P50: 6,7ms P95: 9,4ms P99: 11,0ms, sample: 100"
"without-umce","2","2026-09-26T21:55:18.8211007+00:00",,"10","0","0","0","0","0","False","15","6,9","6,7","9,4","11","100","44,94268908288151","33,34540884513428","1483534336","[23:55:18] [Server thread/INFO]: The game is running normally [23:55:18] [Server thread/INFO]: Target tick rate: 20,0 per second. Average time per tick: 6,9ms (Target: 50,0ms) [23:55:18] [Server thread/INFO]: Percentiles: P50: 6,7ms P95: 9,4ms P99: 11,0ms, sample: 100"
"without-umce","2","2026-09-26T21:55:18.9601707+00:00",,"10","0","0","0","0","0","False","15","7","6,8","9,4","11","100","0","33,34540884513428","1483534336","[23:55:19] [Server thread/INFO]: The game is running normally [23:55:19] [Server thread/INFO]: Target tick rate: 20,0 per second. Average time per tick: 7,0ms (Target: 50,0ms) [23:55:19] [Server thread/INFO]: Percentiles: P50: 6,8ms P95: 9,4ms P99: 11,0ms, sample: 100"
"without-umce","2","2026-09-26T21:55:19.0994339+00:00",,"10","0","0","0","0","0","False","15","7","6,8","9,4","11","100","37,487823954779486","33,34540884513428","1483534336","[23:55:19] [Server thread/INFO]: The game is running normally [23:55:19] [Server thread/INFO]: Target tick rate: 20,0 per second. Average time per tick: 7,0ms (Target: 50,0ms) [23:55:19] [Server thread/INFO]: Percentiles: P50: 6,8ms P95: 9,4ms P99: 11,0ms, sample: 100"
"without-umce","2","2026-09-26T21:55:19.2244480+00:00",,"10","0","0","0","0","0","False","15","6,9","6,8","9,2","11","100","0","33,34540884513428","1483534336","[23:55:19] [Server thread/INFO]: The game is running normally [23:55:19] [Server thread/INFO]: Target tick rate: 20,0 per second. Average time per tick: 6,9ms (Target: 50,0ms) [23:55:19] [Server thread/INFO]: Percentiles: P50: 6,8ms P95: 9,2ms P99: 11,0ms, sample: 100"
"without-umce","2","2026-09-26T21:55:19.3486275+00:00",,"10","0","0","0","0","0","False","15","6,9","6,8","9,2","11","100","38,381987364035645","33,34540884513428","1483534336","[23:55:19] [Server thread/INFO]: The game is running normally [23:55:19] [Server thread/INFO]: Target tick rate: 20,0 per second. Average time per tick: 6,9ms (Target: 50,0ms) [23:55:19] [Server thread/INFO]: Percentiles: P50: 6,8ms P95: 9,2ms P99: 11,0ms, sample: 100"
"without-umce","2","2026-09-26T21:55:19.4706856+00:00",,"10","0","0","0","0","0","False","15","6,9","6,7","9,2","11","100","0","33,34540884513428","1483534336","[23:55:19] [Server thread/INFO]: The game is running normally [23:55:19] [Server thread/INFO]: Target tick rate: 20,0 per second. Average time per tick: 6,9ms (Target: 50,0ms) [23:55:19] [Server thread/INFO]: Percentiles: P50: 6,7ms P95: 9,2ms P99: 11,0ms, sample: 100"
"without-umce","2","2026-09-26T21:55:19.5928785+00:00",,"10","0","0","0","0","0","False","15","6,9","6,7","9,2","11","100","51,03169762453571","33,34540884513428","1483534336","[23:55:19] [Server thread/INFO]: The game is running normally [23:55:19] [Server thread/INFO]: Target tick rate: 20,0 per second. Average time per tick: 6,9ms (Target: 50,0ms) [23:55:19] [Server thread/INFO]: Percentiles: P50: 6,7ms P95: 9,2ms P99: 11,0ms, sample: 100"
"without-umce","2","2026-09-26T21:55:19.7153612+00:00",,"10","0","0","0","0","0","False","15","7","6,8","9,2","11","100","12,933200124820901","33,34540884513428","1483534336","[23:55:19] [Server thread/INFO]: The game is running normally [23:55:19] [Server thread/INFO]: Target tick rate: 20,0 per second. Average time per tick: 7,0ms (Target: 50,0ms) [23:55:19] [Server thread/INFO]: Percentiles: P50: 6,8ms P95: 9,2ms P99: 11,0ms, sample: 100"
"without-umce","2","2026-09-26T21:55:19.8361541+00:00",,"10","0","0","0","0","0","False","15","7","6,8","9,4","11","100","25,046426055336173","33,34540884513428","1483534336","[23:55:19] [Server thread/INFO]: The game is running normally [23:55:19] [Server thread/INFO]: Target tick rate: 20,0 per second. Average time per tick: 7,0ms (Target: 50,0ms) [23:55:19] [Server thread/INFO]: Percentiles: P50: 6,8ms P95: 9,4ms P99: 11,0ms, sample: 100"
"without-umce","2","2026-09-26T21:55:19.9610472+00:00",,"10","0","0","0","0","0","False","15","7","6,8","9,4","11","100","0","33,34540884513428","1483534336","[23:55:19] [Server thread/INFO]: The game is running normally [23:55:19] [Server thread/INFO]: Target tick rate: 20,0 per second. Average time per tick: 7,0ms (Target: 50,0ms) [23:55:19] [Server thread/INFO]: Percentiles: P50: 6,8ms P95: 9,4ms P99: 11,0ms, sample: 100"
"without-umce","2","2026-09-26T21:55:20.1001606+00:00",,"10","0","0","0","0","0","False","15","7","6,8","9,6","11","100","37,533479864038725","33,34540884513428","1483534336","[23:55:20] [Server thread/INFO]: The game is running normally [23:55:20] [Server thread/INFO]: Target tick rate: 20,0 per second. Average time per tick: 7,0ms (Target: 50,0ms) [23:55:20] [Server thread/INFO]: Percentiles: P50: 6,8ms P95: 9,6ms P99: 11,0ms, sample: 100"
"without-umce","2","2026-09-26T21:55:20.2250881+00:00",,"10","0","0","0","0","0","False","15","7","6,8","9,6","11","100","0","33,34540884513428","1483534336","[23:55:20] [Server thread/INFO]: The game is running normally [23:55:20] [Server thread/INFO]: Target tick rate: 20,0 per second. Average time per tick: 7,0ms (Target: 50,0ms) [23:55:20] [Server thread/INFO]: Percentiles: P50: 6,8ms P95: 9,6ms P99: 11,0ms, sample: 100"
"without-umce","2","2026-09-26T21:55:20.3482059+00:00",,"10","0","0","0","0","0","False","15","7","6,8","9,6","11","100","22,713826142196545","33,34540884513428","1483534336","[23:55:20] [Server thread/INFO]: The game is running normally [23:55:20] [Server thread/INFO]: Target tick rate: 20,0 per second. Average time per tick: 7,0ms (Target: 50,0ms) [23:55:20] [Server thread/INFO]: Percentiles: P50: 6,8ms P95: 9,6ms P99: 11,0ms, sample: 100"
"without-umce","2","2026-09-26T21:55:20.4857472+00:00",,"10","0","0","0","0","0","False","15","7","6,8","9,6","11","100","0","33,34540884513428","1483534336","[23:55:20] [Server thread/INFO]: The game is running normally [23:55:20] [Server thread/INFO]: Target tick rate: 20,0 per second. Average time per tick: 7,0ms (Target: 50,0ms) [23:55:20] [Server thread/INFO]: Percentiles: P50: 6,8ms P95: 9,6ms P99: 11,0ms, sample: 100"
"without-umce","2","2026-09-26T21:55:20.6085762+00:00",,"10","0","0","0","0","0","False","15","7","6,8","9,6","11","100","87,9223084318599","33,34540884513428","1483534336","[23:55:20] [Server thread/INFO]: The game is running normally [23:55:20] [Server thread/INFO]: Target tick rate: 20,0 per second. Average time per tick: 7,0ms (Target: 50,0ms) [23:55:20] [Server thread/INFO]: Percentiles: P50: 6,8ms P95: 9,6ms P99: 11,0ms, sample: 100"
"without-umce","2","2026-09-26T21:55:20.7329556+00:00",,"10","0","0","0","0","0","False","15","7","6,8","9,6","11","100","0","33,34540884513428","1483534336","[23:55:20] [Server thread/INFO]: The game is running normally [23:55:20] [Server thread/INFO]: Target tick rate: 20,0 per second. Average time per tick: 7,0ms (Target: 50,0ms) [23:55:20] [Server thread/INFO]: Percentiles: P50: 6,8ms P95: 9,6ms P99: 11,0ms, sample: 100"
"without-umce","2","2026-09-26T21:55:20.8562184+00:00",,"10","0","0","0","0","0","False","15","7","6,8","9,6","11","100","37,95168578352116","33,34540884513428","1483534336","[23:55:20] [Server thread/INFO]: The game is running normally [23:55:20] [Server thread/INFO]: Target tick rate: 20,0 per second. Average time per tick: 7,0ms (Target: 50,0ms) [23:55:20] [Server thread/INFO]: Percentiles: P50: 6,8ms P95: 9,6ms P99: 11,0ms, sample: 100"
"without-umce","2","2026-09-26T21:55:20.9797091+00:00",,"10","0","0","0","0","0","False","15","7","6,7","9,4","11","100","0","33,34540884513428","1483534336","[23:55:21] [Server thread/INFO]: The game is running normally [23:55:21] [Server thread/INFO]: Target tick rate: 20,0 per second. Average time per tick: 7,0ms (Target: 50,0ms) [23:55:21] [Server thread/INFO]: Percentiles: P50: 6,7ms P95: 9,4ms P99: 11,0ms, sample: 100"
"without-umce","2","2026-09-26T21:55:21.1027477+00:00",,"10","0","0","0","0","0","False","15","7","6,7","9,4","11","100","25,295655622920698","33,34540884513428","1483534336","[23:55:21] [Server thread/INFO]: The game is running normally [23:55:21] [Server thread/INFO]: Target tick rate: 20,0 per second. Average time per tick: 7,0ms (Target: 50,0ms) [23:55:21] [Server thread/INFO]: Percentiles: P50: 6,7ms P95: 9,4ms P99: 11,0ms, sample: 100"
"without-umce","2","2026-09-26T21:55:21.2262726+00:00",,"10","0","0","0","0","0","False","15","7","6,7","9,4","11","100","0","33,34540884513428","1483534336","[23:55:21] [Server thread/INFO]: The game is running normally [23:55:21] [Server thread/INFO]: Target tick rate: 20,0 per second. Average time per tick: 7,0ms (Target: 50,0ms) [23:55:21] [Server thread/INFO]: Percentiles: P50: 6,7ms P95: 9,4ms P99: 11,0ms, sample: 100"
"without-umce","2","2026-09-26T21:55:21.3516055+00:00",,"10","0","0","0","0","0","False","15","7","6,7","9,4","11","100","45,39218484569199","33,34540884513428","1483534336","[23:55:21] [Server thread/INFO]: The game is running normally [23:55:21] [Server thread/INFO]: Target tick rate: 20,0 per second. Average time per tick: 7,0ms (Target: 50,0ms) [23:55:21] [Server thread/INFO]: Percentiles: P50: 6,7ms P95: 9,4ms P99: 11,0ms, sample: 100"
"without-umce","2","2026-09-26T21:55:21.4892893+00:00",,"10","0","0","0","0","0","False","15","6,9","6,6","9,4","11","100","37,738993498024286","33,34540884513428","1483534336","[23:55:21] [Server thread/INFO]: The game is running normally [23:55:21] [Server thread/INFO]: Target tick rate: 20,0 per second. Average time per tick: 6,9ms (Target: 50,0ms) [23:55:21] [Server thread/INFO]: Percentiles: P50: 6,6ms P95: 9,4ms P99: 11,0ms, sample: 100"
"without-umce","2","2026-09-26T21:55:21.6135278+00:00",,"10","0","0","0","0","0","False","15","7","6,6","9,4","11","100","12,503060749271421","33,34540884513428","1483534336","[23:55:21] [Server thread/INFO]: The game is running normally [23:55:21] [Server thread/INFO]: Target tick rate: 20,0 per second. Average time per tick: 7,0ms (Target: 50,0ms) [23:55:21] [Server thread/INFO]: Percentiles: P50: 6,6ms P95: 9,4ms P99: 11,0ms, sample: 100"
"without-umce","2","2026-09-26T21:55:21.7384943+00:00",,"10","0","0","0","0","0","False","15","6,9","6,6","9,4","11","100","0","33,34540884513428","1483534336","[23:55:21] [Server thread/INFO]: The game is running normally [23:55:21] [Server thread/INFO]: Target tick rate: 20,0 per second. Average time per tick: 6,9ms (Target: 50,0ms) [23:55:21] [Server thread/INFO]: Percentiles: P50: 6,6ms P95: 9,4ms P99: 11,0ms, sample: 100"
"without-umce","2","2026-09-26T21:55:21.8608773+00:00",,"10","0","0","0","0","0","False","15","6,9","6,6","9,4","11","100","38,207324558078795","33,34540884513428","1483534336","[23:55:21] [Server thread/INFO]: The game is running normally [23:55:21] [Server thread/INFO]: Target tick rate: 20,0 per second. Average time per tick: 6,9ms (Target: 50,0ms) [23:55:21] [Server thread/INFO]: Percentiles: P50: 6,6ms P95: 9,4ms P99: 11,0ms, sample: 100"
"without-umce","2","2026-09-26T21:55:21.9835332+00:00",,"10","0","0","0","0","0","False","15","6,9","6,6","9,4","11","100","0","33,34540884513428","1483534336","[23:55:22] [Server thread/INFO]: The game is running normally [23:55:22] [Server thread/INFO]: Target tick rate: 20,0 per second. Average time per tick: 6,9ms (Target: 50,0ms) [23:55:22] [Server thread/INFO]: Percentiles: P50: 6,6ms P95: 9,4ms P99: 11,0ms, sample: 100"
"without-umce","2","2026-09-26T21:55:22.1065009+00:00",,"10","0","0","0","0","0","False","15","6,9","6,6","9,4","11","100","51,200928006579936","33,34540884513428","1483534336","[23:55:22] [Server thread/INFO]: The game is running normally [23:55:22] [Server thread/INFO]: Target tick rate: 20,0 per second. Average time per tick: 6,9ms (Target: 50,0ms) [23:55:22] [Server thread/INFO]: Percentiles: P50: 6,6ms P95: 9,4ms P99: 11,0ms, sample: 100"
"without-umce","2","2026-09-26T21:55:22.2285737+00:00",,"10","0","0","0","0","0","False","15","6,8","6,5","9,4","11","100","0","33,34540884513428","1483534336","[23:55:22] [Server thread/INFO]: The game is running normally [23:55:22] [Server thread/INFO]: Target tick rate: 20,0 per second. Average time per tick: 6,8ms (Target: 50,0ms) [23:55:22] [Server thread/INFO]: Percentiles: P50: 6,5ms P95: 9,4ms P99: 11,0ms, sample: 100"
"without-umce","2","2026-09-26T21:55:22.3660996+00:00",,"10","0","0","0","0","0","False","15","6,8","6,5","9,4","11","100","22,56017973063506","33,34540884513428","1483534336","[23:55:22] [Server thread/INFO]: The game is running normally [23:55:22] [Server thread/INFO]: Target tick rate: 20,0 per second. Average time per tick: 6,8ms (Target: 50,0ms) [23:55:22] [Server thread/INFO]: Percentiles: P50: 6,5ms P95: 9,4ms P99: 11,0ms, sample: 100"
"without-umce","2","2026-09-26T21:55:22.5045949+00:00",,"10","0","0","0","0","0","False","15","6,8","6,5","9,2","11","100","25,627378733294027","33,34540884513428","1483534336","[23:55:22] [Server thread/INFO]: The game is running normally [23:55:22] [Server thread/INFO]: Target tick rate: 20,0 per second. Average time per tick: 6,8ms (Target: 50,0ms) [23:55:22] [Server thread/INFO]: Percentiles: P50: 6,5ms P95: 9,2ms P99: 11,0ms, sample: 100"
"without-umce","2","2026-09-26T21:55:22.6265637+00:00",,"10","0","0","0","0","0","False","15","6,7","6,5","9,2","11","100","25,07607076828266","33,34540884513428","1483534336","[23:55:22] [Server thread/INFO]: The game is running normally [23:55:22] [Server thread/INFO]: Target tick rate: 20,0 per second. Average time per tick: 6,7ms (Target: 50,0ms) [23:55:22] [Server thread/INFO]: Percentiles: P50: 6,5ms P95: 9,2ms P99: 11,0ms, sample: 100"
"without-umce","2","2026-09-26T21:55:22.7511504+00:00",,"10","0","0","0","0","0","False","15","6,7","6,5","9,2","11","100","0","33,34540884513428","1483534336","[23:55:22] [Server thread/INFO]: The game is running normally [23:55:22] [Server thread/INFO]: Target tick rate: 20,0 per second. Average time per tick: 6,7ms (Target: 50,0ms) [23:55:22] [Server thread/INFO]: Percentiles: P50: 6,5ms P95: 9,2ms P99: 11,0ms, sample: 100"
"without-umce","2","2026-09-26T21:55:22.8740761+00:00",,"10","0","0","0","0","0","False","15","6,7","6,5","9,2","11","100","51,24147854211844","33,34540884513428","1483534336","[23:55:22] [Server thread/INFO]: The game is running normally [23:55:22] [Server thread/INFO]: Target tick rate: 20,0 per second. Average time per tick: 6,7ms (Target: 50,0ms) [23:55:22] [Server thread/INFO]: Percentiles: P50: 6,5ms P95: 9,2ms P99: 11,0ms, sample: 100"
"without-umce","2","2026-09-26T21:55:22.9960968+00:00",,"10","0","0","0","0","0","False","15","6,7","6,5","9,2","11","100","12,642373351737932","33,34540884513428","1483534336","[23:55:23] [Server thread/INFO]: The game is running normally [23:55:23] [Server thread/INFO]: Target tick rate: 20,0 per second. Average time per tick: 6,7ms (Target: 50,0ms) [23:55:23] [Server thread/INFO]: Percentiles: P50: 6,5ms P95: 9,2ms P99: 11,0ms, sample: 100"
"without-umce","2","2026-09-26T21:55:23.1196787+00:00",,"10","0","0","0","0","0","False","15","6,6","6,5","8,8","11","100","34,14427348634339","33,34540884513428","1483534336","[23:55:23] [Server thread/INFO]: The game is running normally [23:55:23] [Server thread/INFO]: Target tick rate: 20,0 per second. Average time per tick: 6,6ms (Target: 50,0ms) [23:55:23] [Server thread/INFO]: Percentiles: P50: 6,5ms P95: 8,8ms P99: 11,0ms, sample: 100"
"without-umce","2","2026-09-26T21:55:23.2569608+00:00",,"10","0","0","0","0","0","False","15","6,6","6,5","8,7","11","100","0","33,34540884513428","1483534336","[23:55:23] [Server thread/INFO]: The game is running normally [23:55:23] [Server thread/INFO]: Target tick rate: 20,0 per second. Average time per tick: 6,6ms (Target: 50,0ms) [23:55:23] [Server thread/INFO]: Percentiles: P50: 6,5ms P95: 8,7ms P99: 11,0ms, sample: 100"
"without-umce","2","2026-09-26T21:55:23.3970888+00:00",,"10","0","0","0","0","0","False","15","6,6","6,5","8,7","11","100","33,34865296342356","33,34540884513428","1483534336","[23:55:23] [Server thread/INFO]: The game is running normally [23:55:23] [Server thread/INFO]: Target tick rate: 20,0 per second. Average time per tick: 6,6ms (Target: 50,0ms) [23:55:23] [Server thread/INFO]: Percentiles: P50: 6,5ms P95: 8,7ms P99: 11,0ms, sample: 100"
"without-umce","2","2026-09-26T21:55:23.5376216+00:00",,"10","0","0","0","0","0","False","15","6,5","6,4","8,7","11","100","11,425859517137692","33,34540884513428","1483534336","[23:55:23] [Server thread/INFO]: The game is running normally [23:55:23] [Server thread/INFO]: Target tick rate: 20,0 per second. Average time per tick: 6,5ms (Target: 50,0ms) [23:55:23] [Server thread/INFO]: Percentiles: P50: 6,4ms P95: 8,7ms P99: 11,0ms, sample: 100"
"without-umce","2","2026-09-26T21:55:23.6743626+00:00",,"10","0","0","0","0","0","False","15","6,5","6,4","8,7","11","100","12,397123708616418","33,34540884513428","1483534336","[23:55:23] [Server thread/INFO]: The game is running normally [23:55:23] [Server thread/INFO]: Target tick rate: 20,0 per second. Average time per tick: 6,5ms (Target: 50,0ms) [23:55:23] [Server thread/INFO]: Percentiles: P50: 6,4ms P95: 8,7ms P99: 11,0ms, sample: 100"
"without-umce","2","2026-09-26T21:55:23.8003944+00:00",,"10","0","0","0","0","0","False","15","6,5","6,4","8,7","11","100","25,654076330112545","33,34540884513428","1483534336","[23:55:23] [Server thread/INFO]: The game is running normally [23:55:23] [Server thread/INFO]: Target tick rate: 20,0 per second. Average time per tick: 6,5ms (Target: 50,0ms) [23:55:23] [Server thread/INFO]: Percentiles: P50: 6,4ms P95: 8,7ms P99: 11,0ms, sample: 100"
"without-umce","2","2026-09-26T21:55:23.9222355+00:00",,"10","0","0","0","0","0","False","15","6,5","6,4","8,3","11","100","12,841290687372716","33,34540884513428","1483534336","[23:55:23] [Server thread/INFO]: The game is running normally [23:55:23] [Server thread/INFO]: Target tick rate: 20,0 per second. Average time per tick: 6,5ms (Target: 50,0ms) [23:55:23] [Server thread/INFO]: Percentiles: P50: 6,4ms P95: 8,3ms P99: 11,0ms, sample: 100"
