"condition","repeat","time_utc","artifact_sha256","umce_tick_profiler_enabled","players_observed","pigs_in_seed_world","villagers_in_seed_world","tnt_in_seed_world","hopper_rows","redstone_clock_pairs","idle_clients","save_all_interval_seconds","tick_mean_ms","tick_p50_ms","tick_p95_ms","tick_p99_ms","tick_sample_count","sample_cpu_percent_one_core","process_cpu_percent_one_core","working_set_bytes","response"
"without-umce","1","2026-09-27T15:05:43.6771644+00:00",,"False","100","0","0","0","0","0","True","0","29,3","28,7","39,6","46,4","100","87,1955132676693","104,03432598770206","1594159104","[17:05:43] [Server thread/INFO]: The game is running normally [17:05:43] [Server thread/INFO]: Target tick rate: 20,0 per second. Average time per tick: 29,3ms (Target: 50,0ms) [17:05:43] [Server thread/INFO]: Percentiles: P50: 28,7ms P95: 39,6ms P99: 46,4ms, sample: 100"
"without-umce","1","2026-09-27T15:05:43.8089200+00:00",,"False","100","0","0","0","0","0","True","0","29,3","28,7","39,6","46,4","100","123,18448466778713","104,03432598770206","1594159104","[17:05:43] [Server thread/INFO]: The game is running normally [17:05:43] [Server thread/INFO]: Target tick rate: 20,0 per second. Average time per tick: 29,3ms (Target: 50,0ms) [17:05:43] [Server thread/INFO]: Percentiles: P50: 28,7ms P95: 39,6ms P99: 46,4ms, sample: 100"
"without-umce","1","2026-09-27T15:05:43.9422221+00:00",,"False","100","0","0","0","0","0","True","0","29,4","28,5","39,6","46,4","100","86,84808354567276","104,03432598770206","1594159104","[17:05:43] [Server thread/INFO]: The game is running normally [17:05:43] [Server thread/INFO]: Target tick rate: 20,0 per second. Average time per tick: 29,4ms (Target: 50,0ms) [17:05:43] [Server thread/INFO]: Percentiles: P50: 28,5ms P95: 39,6ms P99: 46,4ms, sample: 100"
"without-umce","1","2026-09-27T15:05:44.0681771+00:00",,"False","100","0","0","0","0","0","True","0","29,4","28,7","40,8","46,4","100","101,5120879692024","104,03432598770206","1594159104","[17:05:44] [Server thread/INFO]: The game is running normally [17:05:44] [Server thread/INFO]: Target tick rate: 20,0 per second. Average time per tick: 29,4ms (Target: 50,0ms) [17:05:44] [Server thread/INFO]: Percentiles: P50: 28,7ms P95: 40,8ms P99: 46,4ms, sample: 100"
"without-umce","1","2026-09-27T15:05:44.2067855+00:00",,"False","100","0","0","0","0","0","True","0","29,3","28,5","40,8","46,4","100","25,257872777913388","104,03432598770206","1594159104","[17:05:44] [Server thread/INFO]: The game is running normally [17:05:44] [Server thread/INFO]: Target tick rate: 20,0 per second. Average time per tick: 29,3ms (Target: 50,0ms) [17:05:44] [Server thread/INFO]: Percentiles: P50: 28,5ms P95: 40,8ms P99: 46,4ms, sample: 100"
"without-umce","1","2026-09-27T15:05:44.3304280+00:00",,"False","100","0","0","0","0","0","True","0","29","28,1","37,6","46,4","100","126,97409159687494","104,03432598770206","1594159104","[17:05:44] [Server thread/INFO]: The game is running normally [17:05:44] [Server thread/INFO]: Target tick rate: 20,0 per second. Average time per tick: 29,0ms (Target: 50,0ms) [17:05:44] [Server thread/INFO]: Percentiles: P50: 28,1ms P95: 37,6ms P99: 46,4ms, sample: 100"
"without-umce","1","2026-09-27T15:05:44.4534812+00:00",,"False","100","0","0","0","0","0","True","0","29","28,1","37,6","46,4","100","63,71559154166857","104,03432598770206","1594159104","[17:05:44] [Server thread/INFO]: The game is running normally [17:05:44] [Server thread/INFO]: Target tick rate: 20,0 per second. Average time per tick: 29,0ms (Target: 50,0ms) [17:05:44] [Server thread/INFO]: Percentiles: P50: 28,1ms P95: 37,6ms P99: 46,4ms, sample: 100"
"without-umce","1","2026-09-27T15:05:44.5760940+00:00",,"False","100","0","0","0","0","0","True","0","29,1","28,1","37,6","46,4","100","128,4447864158438","104,03432598770206","1594159104","[17:05:44] [Server thread/INFO]: The game is running normally [17:05:44] [Server thread/INFO]: Target tick rate: 20,0 per second. Average time per tick: 29,1ms (Target: 50,0ms) [17:05:44] [Server thread/INFO]: Percentiles: P50: 28,1ms P95: 37,6ms P99: 46,4ms, sample: 100"
"without-umce","1","2026-09-27T15:05:44.6977469+00:00",,"False","100","0","0","0","0","0","True","0","29,2","28,2","37,6","46,4","100","76,03486492558315","104,03432598770206","1594159104","[17:05:44] [Server thread/INFO]: The game is running normally [17:05:44] [Server thread/INFO]: Target tick rate: 20,0 per second. Average time per tick: 29,2ms (Target: 50,0ms) [17:05:44] [Server thread/INFO]: Percentiles: P50: 28,2ms P95: 37,6ms P99: 46,4ms, sample: 100"
"without-umce","1","2026-09-27T15:05:44.8210371+00:00",,"False","100","0","0","0","0","0","True","0","29,3","28,7","37,6","46,4","100","127,01599791896989","104,03432598770206","1594159104","[17:05:44] [Server thread/INFO]: The game is running normally [17:05:44] [Server thread/INFO]: Target tick rate: 20,0 per second. Average time per tick: 29,3ms (Target: 50,0ms) [17:05:44] [Server thread/INFO]: Percentiles: P50: 28,7ms P95: 37,6ms P99: 46,4ms, sample: 100"
"without-umce","1","2026-09-27T15:05:44.9443638+00:00",,"False","100","0","0","0","0","0","True","0","29,4","28,7","37,6","46,4","100","61,512648181508965","104,03432598770206","1594159104","[17:05:44] [Server thread/INFO]: The game is running normally [17:05:44] [Server thread/INFO]: Target tick rate: 20,0 per second. Average time per tick: 29,4ms (Target: 50,0ms) [17:05:44] [Server thread/INFO]: Percentiles: P50: 28,7ms P95: 37,6ms P99: 46,4ms, sample: 100"
"without-umce","1","2026-09-27T15:05:45.0710652+00:00",,"False","100","0","0","0","0","0","True","0","29,1","28,2","37,3","46,4","100","135,51294656197248","104,03432598770206","1594159104","[17:05:45] [Server thread/INFO]: The game is running normally [17:05:45] [Server thread/INFO]: Target tick rate: 20,0 per second. Average time per tick: 29,1ms (Target: 50,0ms) [17:05:45] [Server thread/INFO]: Percentiles: P50: 28,2ms P95: 37,3ms P99: 46,4ms, sample: 100"
"without-umce","1","2026-09-27T15:05:45.1978772+00:00",,"False","100","0","0","0","0","0","True","0","29","28,2","37,3","46,4","100","38,25590609980731","104,03432598770206","1594159104","[17:05:45] [Server thread/INFO]: The game is running normally [17:05:45] [Server thread/INFO]: Target tick rate: 20,0 per second. Average time per tick: 29,0ms (Target: 50,0ms) [17:05:45] [Server thread/INFO]: Percentiles: P50: 28,2ms P95: 37,3ms P99: 46,4ms, sample: 100"
"without-umce","1","2026-09-27T15:05:45.3204182+00:00",,"False","100","0","0","0","0","0","True","0","28,8","27,9","36,7","46,4","100","162,10640564708888","104,03432598770206","1594159104","[17:05:45] [Server thread/INFO]: The game is running normally [17:05:45] [Server thread/INFO]: Target tick rate: 20,0 per second. Average time per tick: 28,8ms (Target: 50,0ms) [17:05:45] [Server thread/INFO]: Percentiles: P50: 27,9ms P95: 36,7ms P99: 46,4ms, sample: 100"
"without-umce","1","2026-09-27T15:05:45.4457293+00:00",,"False","100","0","0","0","0","0","True","0","28,7","27,9","36,7","46,4","100","101,03745256291603","104,03432598770206","1594159104","[17:05:45] [Server thread/INFO]: The game is running normally [17:05:45] [Server thread/INFO]: Target tick rate: 20,0 per second. Average time per tick: 28,7ms (Target: 50,0ms) [17:05:45] [Server thread/INFO]: Percentiles: P50: 27,9ms P95: 36,7ms P99: 46,4ms, sample: 100"
"without-umce","1","2026-09-27T15:05:45.5694109+00:00",,"False","100","0","0","0","0","0","True","0","28,6","27,8","36,7","46,4","100","136,18614867024212","104,03432598770206","1594159104","[17:05:45] [Server thread/INFO]: The game is running normally [17:05:45] [Server thread/INFO]: Target tick rate: 20,0 per second. Average time per tick: 28,6ms (Target: 50,0ms) [17:05:45] [Server thread/INFO]: Percentiles: P50: 27,8ms P95: 36,7ms P99: 46,4ms, sample: 100"
"without-umce","1","2026-09-27T15:05:45.7071232+00:00",,"False","100","0","0","0","0","0","True","0","28,6","27,8","36,7","46,4","100","63,639918215068306","104,03432598770206","1594159104","[17:05:45] [Server thread/INFO]: The game is running normally [17:05:45] [Server thread/INFO]: Target tick rate: 20,0 per second. Average time per tick: 28,6ms (Target: 50,0ms) [17:05:45] [Server thread/INFO]: Percentiles: P50: 27,8ms P95: 36,7ms P99: 46,4ms, sample: 100"
"without-umce","1","2026-09-27T15:05:45.8299219+00:00",,"False","100","0","0","0","0","0","True","0","28,4","27,7","36,7","46,4","100","100,87283244457643","104,03432598770206","1594159104","[17:05:45] [Server thread/INFO]: The game is running normally [17:05:45] [Server thread/INFO]: Target tick rate: 20,0 per second. Average time per tick: 28,4ms (Target: 50,0ms) [17:05:45] [Server thread/INFO]: Percentiles: P50: 27,7ms P95: 36,7ms P99: 46,4ms, sample: 100"
"without-umce","1","2026-09-27T15:05:45.9537779+00:00",,"False","100","0","0","0","0","0","True","0","28,2","27,4","36,7","46,4","100","89,71642637019028","104,03432598770206","1594159104","[17:05:45] [Server thread/INFO]: The game is running normally [17:05:45] [Server thread/INFO]: Target tick rate: 20,0 per second. Average time per tick: 28,2ms (Target: 50,0ms) [17:05:45] [Server thread/INFO]: Percentiles: P50: 27,4ms P95: 36,7ms P99: 46,4ms, sample: 100"
"without-umce","1","2026-09-27T15:05:46.0757065+00:00",,"False","100","0","0","0","0","0","True","0","28","27,4","36,6","40,8","100","87,518904083282","104,03432598770206","1594159104","[17:05:46] [Server thread/INFO]: The game is running normally [17:05:46] [Server thread/INFO]: Target tick rate: 20,0 per second. Average time per tick: 28,0ms (Target: 50,0ms) [17:05:46] [Server thread/INFO]: Percentiles: P50: 27,4ms P95: 36,6ms P99: 40,8ms, sample: 100"
"without-umce","1","2026-09-27T15:05:46.2007056+00:00",,"False","100","0","0","0","0","0","True","0","27,7","27,1","35,6","40,8","100","136,668834814194","104,03432598770206","1594159104","[17:05:46] [Server thread/INFO]: The game is running normally [17:05:46] [Server thread/INFO]: Target tick rate: 20,0 per second. Average time per tick: 27,7ms (Target: 50,0ms) [17:05:46] [Server thread/INFO]: Percentiles: P50: 27,1ms P95: 35,6ms P99: 40,8ms, sample: 100"
"without-umce","1","2026-09-27T15:05:46.3270244+00:00",,"False","100","0","0","0","0","0","True","0","27,8","27,1","35,6","40,8","100","91,13960546029355","104,03432598770206","1594159104","[17:05:46] [Server thread/INFO]: The game is running normally [17:05:46] [Server thread/INFO]: Target tick rate: 20,0 per second. Average time per tick: 27,8ms (Target: 50,0ms) [17:05:46] [Server thread/INFO]: Percentiles: P50: 27,1ms P95: 35,6ms P99: 40,8ms, sample: 100"
"without-umce","1","2026-09-27T15:05:46.4464353+00:00",,"False","100","0","0","0","0","0","True","0","28","27,1","36,6","53","100","113,97222943539799","104,03432598770206","1594159104","[17:05:46] [Server thread/INFO]: The game is running normally [17:05:46] [Server thread/INFO]: Target tick rate: 20,0 per second. Average time per tick: 28,0ms (Target: 50,0ms) [17:05:46] [Server thread/INFO]: Percentiles: P50: 27,1ms P95: 36,6ms P99: 53,0ms, sample: 100"
"without-umce","1","2026-09-27T15:05:46.5835448+00:00",,"False","100","0","0","0","0","0","True","0","28,1","27,4","36,7","53","100","165,34028149157487","104,03432598770206","1594159104","[17:05:46] [Server thread/INFO]: The game is running normally [17:05:46] [Server thread/INFO]: Target tick rate: 20,0 per second. Average time per tick: 28,1ms (Target: 50,0ms) [17:05:46] [Server thread/INFO]: Percentiles: P50: 27,4ms P95: 36,7ms P99: 53,0ms, sample: 100"
"without-umce","1","2026-09-27T15:05:46.7064722+00:00",,"False","100","0","0","0","0","0","True","0","28,2","27,4","36,7","53","100","88,68037121299342","104,03432598770206","1594159104","[17:05:46] [Server thread/INFO]: The game is running normally [17:05:46] [Server thread/INFO]: Target tick rate: 20,0 per second. Average time per tick: 28,2ms (Target: 50,0ms) [17:05:46] [Server thread/INFO]: Percentiles: P50: 27,4ms P95: 36,7ms P99: 53,0ms, sample: 100"
"without-umce","1","2026-09-27T15:05:46.8297500+00:00",,"False","100","0","0","0","0","0","True","0","28,4","27,4","39","53","100","113,52288661757903","104,03432598770206","1594159104","[17:05:46] [Server thread/INFO]: The game is running normally [17:05:46] [Server thread/INFO]: Target tick rate: 20,0 per second. Average time per tick: 28,4ms (Target: 50,0ms) [17:05:46] [Server thread/INFO]: Percentiles: P50: 27,4ms P95: 39,0ms P99: 53,0ms, sample: 100"
"without-umce","1","2026-09-27T15:05:46.9535888+00:00",,"False","100","0","0","0","0","0","True","0","28,5","27,5","39","53","100","126,53717358470702","104,03432598770206","1594159104","[17:05:46] [Server thread/INFO]: The game is running normally [17:05:46] [Server thread/INFO]: Target tick rate: 20,0 per second. Average time per tick: 28,5ms (Target: 50,0ms) [17:05:46] [Server thread/INFO]: Percentiles: P50: 27,5ms P95: 39,0ms P99: 53,0ms, sample: 100"
"without-umce","1","2026-09-27T15:05:47.0771322+00:00",,"False","100","0","0","0","0","0","True","0","28,7","27,6","39","53","100","149,98296193552412","104,03432598770206","1594159104","[17:05:47] [Server thread/INFO]: The game is running normally [17:05:47] [Server thread/INFO]: Target tick rate: 20,0 per second. Average time per tick: 28,7ms (Target: 50,0ms) [17:05:47] [Server thread/INFO]: Percentiles: P50: 27,6ms P95: 39,0ms P99: 53,0ms, sample: 100"
"without-umce","1","2026-09-27T15:05:47.2021414+00:00",,"False","100","0","0","0","0","0","True","0","28,8","27,6","39","53","100","112,48857116117004","104,03432598770206","1594159104","[17:05:47] [Server thread/INFO]: The game is running normally [17:05:47] [Server thread/INFO]: Target tick rate: 20,0 per second. Average time per tick: 28,8ms (Target: 50,0ms) [17:05:47] [Server thread/INFO]: Percentiles: P50: 27,6ms P95: 39,0ms P99: 53,0ms, sample: 100"
"without-umce","1","2026-09-27T15:05:47.3271191+00:00",,"False","100","0","0","0","0","0","True","0","28,7","27,5","39","53","100","102,22724544189157","104,03432598770206","1594159104","[17:05:47] [Server thread/INFO]: The game is running normally [17:05:47] [Server thread/INFO]: Target tick rate: 20,0 per second. Average time per tick: 28,7ms (Target: 50,0ms) [17:05:47] [Server thread/INFO]: Percentiles: P50: 27,5ms P95: 39,0ms P99: 53,0ms, sample: 100"
"without-umce","1","2026-09-27T15:05:47.4493959+00:00",,"False","100","0","0","0","0","0","True","0","28,6","27,4","39","53","100","86,80700233892787","104,03432598770206","1594159104","[17:05:47] [Server thread/INFO]: The game is running normally [17:05:47] [Server thread/INFO]: Target tick rate: 20,0 per second. Average time per tick: 28,6ms (Target: 50,0ms) [17:05:47] [Server thread/INFO]: Percentiles: P50: 27,4ms P95: 39,0ms P99: 53,0ms, sample: 100"
"without-umce","1","2026-09-27T15:05:47.5753745+00:00",,"False","100","0","0","0","0","0","True","0","28,6","27,4","39","53","100","112,23691666733177","104,03432598770206","1594159104","[17:05:47] [Server thread/INFO]: The game is running normally [17:05:47] [Server thread/INFO]: Target tick rate: 20,0 per second. Average time per tick: 28,6ms (Target: 50,0ms) [17:05:47] [Server thread/INFO]: Percentiles: P50: 27,4ms P95: 39,0ms P99: 53,0ms, sample: 100"
"without-umce","1","2026-09-27T15:05:47.7006609+00:00",,"False","100","0","0","0","0","0","True","0","28,5","27,4","39","53","100","87,46956059291367","104,03432598770206","1594159104","[17:05:47] [Server thread/INFO]: The game is running normally [17:05:47] [Server thread/INFO]: Target tick rate: 20,0 per second. Average time per tick: 28,5ms (Target: 50,0ms) [17:05:47] [Server thread/INFO]: Percentiles: P50: 27,4ms P95: 39,0ms P99: 53,0ms, sample: 100"
"without-umce","1","2026-09-27T15:05:47.8257135+00:00",,"False","100","0","0","0","0","0","True","0","28,4","27,4","39","53","100","88,07126545625546","104,03432598770206","1594159104","[17:05:47] [Server thread/INFO]: The game is running normally [17:05:47] [Server thread/INFO]: Target tick rate: 20,0 per second. Average time per tick: 28,4ms (Target: 50,0ms) [17:05:47] [Server thread/INFO]: Percentiles: P50: 27,4ms P95: 39,0ms P99: 53,0ms, sample: 100"
"without-umce","1","2026-09-27T15:05:47.9499227+00:00",,"False","100","0","0","0","0","0","True","0","28,3","27,4","39","53","100","88,05743881064693","104,03432598770206","1594159104","[17:05:47] [Server thread/INFO]: The game is running normally [17:05:47] [Server thread/INFO]: Target tick rate: 20,0 per second. Average time per tick: 28,3ms (Target: 50,0ms) [17:05:47] [Server thread/INFO]: Percentiles: P50: 27,4ms P95: 39,0ms P99: 53,0ms, sample: 100"
"without-umce","1","2026-09-27T15:05:48.0741507+00:00",,"False","100","0","0","0","0","0","True","0","28,2","27,4","39","53","100","112,11030458127549","104,03432598770206","1594159104","[17:05:48] [Server thread/INFO]: The game is running normally [17:05:48] [Server thread/INFO]: Target tick rate: 20,0 per second. Average time per tick: 28,2ms (Target: 50,0ms) [17:05:48] [Server thread/INFO]: Percentiles: P50: 27,4ms P95: 39,0ms P99: 53,0ms, sample: 100"
"without-umce","1","2026-09-27T15:05:48.1995693+00:00",,"False","100","0","0","0","0","0","True","0","28,1","27,1","39","53","100","99,21650708683667","104,03432598770206","1594159104","[17:05:48] [Server thread/INFO]: The game is running normally [17:05:48] [Server thread/INFO]: Target tick rate: 20,0 per second. Average time per tick: 28,1ms (Target: 50,0ms) [17:05:48] [Server thread/INFO]: Percentiles: P50: 27,1ms P95: 39,0ms P99: 53,0ms, sample: 100"
"without-umce","1","2026-09-27T15:05:48.3255401+00:00",,"False","100","0","0","0","0","0","True","0","28,1","27,3","39","53","100","113,90467242028697","104,03432598770206","1594159104","[17:05:48] [Server thread/INFO]: The game is running normally [17:05:48] [Server thread/INFO]: Target tick rate: 20,0 per second. Average time per tick: 28,1ms (Target: 50,0ms) [17:05:48] [Server thread/INFO]: Percentiles: P50: 27,3ms P95: 39,0ms P99: 53,0ms, sample: 100"
"without-umce","1","2026-09-27T15:05:48.4490079+00:00",,"False","100","0","0","0","0","0","True","0","28,1","27,3","39","53","100","51,25290809000502","104,03432598770206","1594159104","[17:05:48] [Server thread/INFO]: The game is running normally [17:05:48] [Server thread/INFO]: Target tick rate: 20,0 per second. Average time per tick: 28,1ms (Target: 50,0ms) [17:05:48] [Server thread/INFO]: Percentiles: P50: 27,3ms P95: 39,0ms P99: 53,0ms, sample: 100"
"without-umce","1","2026-09-27T15:05:48.5709398+00:00",,"False","100","0","0","0","0","0","True","0","28","27,3","39","53","100","100,72424763015991","104,03432598770206","1594159104","[17:05:48] [Server thread/INFO]: The game is running normally [17:05:48] [Server thread/INFO]: Target tick rate: 20,0 per second. Average time per tick: 28,0ms (Target: 50,0ms) [17:05:48] [Server thread/INFO]: Percentiles: P50: 27,3ms P95: 39,0ms P99: 53,0ms, sample: 100"
"without-umce","1","2026-09-27T15:05:48.6950610+00:00",,"False","100","0","0","0","0","0","True","0","28,2","27,4","39","53","100","63,10754899569132","104,03432598770206","1594159104","[17:05:48] [Server thread/INFO]: The game is running normally [17:05:48] [Server thread/INFO]: Target tick rate: 20,0 per second. Average time per tick: 28,2ms (Target: 50,0ms) [17:05:48] [Server thread/INFO]: Percentiles: P50: 27,4ms P95: 39,0ms P99: 53,0ms, sample: 100"
"without-umce","1","2026-09-27T15:05:48.8188377+00:00",,"False","100","0","0","0","0","0","True","0","28","27,3","39","53","100","55,9445917602299","104,03432598770206","1594159104","[17:05:48] [Server thread/INFO]: The game is running normally [17:05:48] [Server thread/INFO]: Target tick rate: 20,0 per second. Average time per tick: 28,0ms (Target: 50,0ms) [17:05:48] [Server thread/INFO]: Percentiles: P50: 27,3ms P95: 39,0ms P99: 53,0ms, sample: 100"
"without-umce","1","2026-09-27T15:05:48.9584898+00:00",,"False","100","0","0","0","0","0","True","0","27,8","27,1","39","53","100","62,16866587833483","104,03432598770206","1594159104","[17:05:48] [Server thread/INFO]: The game is running normally [17:05:48] [Server thread/INFO]: Target tick rate: 20,0 per second. Average time per tick: 27,8ms (Target: 50,0ms) [17:05:48] [Server thread/INFO]: Percentiles: P50: 27,1ms P95: 39,0ms P99: 53,0ms, sample: 100"
"without-umce","1","2026-09-27T15:05:49.0842011+00:00",,"False","100","0","0","0","0","0","True","0","27,8","27,1","39","53","100","74,83153923886546","104,03432598770206","1594159104","[17:05:49] [Server thread/INFO]: The game is running normally [17:05:49] [Server thread/INFO]: Target tick rate: 20,0 per second. Average time per tick: 27,8ms (Target: 50,0ms) [17:05:49] [Server thread/INFO]: Percentiles: P50: 27,1ms P95: 39,0ms P99: 53,0ms, sample: 100"
"without-umce","1","2026-09-27T15:05:49.2094148+00:00",,"False","100","0","0","0","0","0","True","0","27,8","27,3","39","53","100","100,98112362100179","104,03432598770206","1594159104","[17:05:49] [Server thread/INFO]: The game is running normally [17:05:49] [Server thread/INFO]: Target tick rate: 20,0 per second. Average time per tick: 27,8ms (Target: 50,0ms) [17:05:49] [Server thread/INFO]: Percentiles: P50: 27,3ms P95: 39,0ms P99: 53,0ms, sample: 100"
"without-umce","1","2026-09-27T15:05:49.3486899+00:00",,"False","100","0","0","0","0","0","True","0","28","27,4","39","53","100","101,1044651776001","104,03432598770206","1594159104","[17:05:49] [Server thread/INFO]: The game is running normally [17:05:49] [Server thread/INFO]: Target tick rate: 20,0 per second. Average time per tick: 28,0ms (Target: 50,0ms) [17:05:49] [Server thread/INFO]: Percentiles: P50: 27,4ms P95: 39,0ms P99: 53,0ms, sample: 100"
"without-umce","1","2026-09-27T15:05:49.4723151+00:00",,"False","100","0","0","0","0","0","True","0","28","27,4","39","53","100","63,09959761638998","104,03432598770206","1594159104","[17:05:49] [Server thread/INFO]: The game is running normally [17:05:49] [Server thread/INFO]: Target tick rate: 20,0 per second. Average time per tick: 28,0ms (Target: 50,0ms) [17:05:49] [Server thread/INFO]: Percentiles: P50: 27,4ms P95: 39,0ms P99: 53,0ms, sample: 100"
"without-umce","1","2026-09-27T15:05:49.5961576+00:00",,"False","100","0","0","0","0","0","True","0","27,9","27,4","39","53","100","25,1552177556394","104,03432598770206","1594159104","[17:05:49] [Server thread/INFO]: The game is running normally [17:05:49] [Server thread/INFO]: Target tick rate: 20,0 per second. Average time per tick: 27,9ms (Target: 50,0ms) [17:05:49] [Server thread/INFO]: Percentiles: P50: 27,4ms P95: 39,0ms P99: 53,0ms, sample: 100"
"without-umce","1","2026-09-27T15:05:49.7203471+00:00",,"False","100","0","0","0","0","0","True","0","27,7","27,4","39","53","100","137,74827749535763","104,03432598770206","1594159104","[17:05:49] [Server thread/INFO]: The game is running normally [17:05:49] [Server thread/INFO]: Target tick rate: 20,0 per second. Average time per tick: 27,7ms (Target: 50,0ms) [17:05:49] [Server thread/INFO]: Percentiles: P50: 27,4ms P95: 39,0ms P99: 53,0ms, sample: 100"
"without-umce","1","2026-09-27T15:05:49.8451656+00:00",,"False","100","0","0","0","0","0","True","0","27,8","27,4","39","53","100","139,67047924750625","104,03432598770206","1594159104","[17:05:49] [Server thread/INFO]: The game is running normally [17:05:49] [Server thread/INFO]: Target tick rate: 20,0 per second. Average time per tick: 27,8ms (Target: 50,0ms) [17:05:49] [Server thread/INFO]: Percentiles: P50: 27,4ms P95: 39,0ms P99: 53,0ms, sample: 100"
"without-umce","1","2026-09-27T15:05:49.9682272+00:00",,"False","100","0","0","0","0","0","True","0","27,8","27,4","39","53","100","136,86581854319823","104,03432598770206","1594159104","[17:05:50] [Server thread/INFO]: The game is running normally [17:05:50] [Server thread/INFO]: Target tick rate: 20,0 per second. Average time per tick: 27,8ms (Target: 50,0ms) [17:05:50] [Server thread/INFO]: Percentiles: P50: 27,4ms P95: 39,0ms P99: 53,0ms, sample: 100"
"without-umce","1","2026-09-27T15:05:50.0937926+00:00",,"False","100","0","0","0","0","0","True","0","28,1","27,4","41,4","53","100","175,8912762751414","104,03432598770206","1594159104","[17:05:50] [Server thread/INFO]: The game is running normally [17:05:50] [Server thread/INFO]: Target tick rate: 20,0 per second. Average time per tick: 28,1ms (Target: 50,0ms) [17:05:50] [Server thread/INFO]: Percentiles: P50: 27,4ms P95: 41,4ms P99: 53,0ms, sample: 100"
"without-umce","1","2026-09-27T15:05:50.2181837+00:00",,"False","100","0","0","0","0","0","True","0","28,2","27,6","41,4","53","100","152,5574734855111","104,03432598770206","1594159104","[17:05:50] [Server thread/INFO]: The game is running normally [17:05:50] [Server thread/INFO]: Target tick rate: 20,0 per second. Average time per tick: 28,2ms (Target: 50,0ms) [17:05:50] [Server thread/INFO]: Percentiles: P50: 27,6ms P95: 41,4ms P99: 53,0ms, sample: 100"
"without-umce","1","2026-09-27T15:05:50.3410616+00:00",,"False","100","0","0","0","0","0","True","0","28,4","27,6","41,4","53","100","100,49556372383496","104,03432598770206","1594159104","[17:05:50] [Server thread/INFO]: The game is running normally [17:05:50] [Server thread/INFO]: Target tick rate: 20,0 per second. Average time per tick: 28,4ms (Target: 50,0ms) [17:05:50] [Server thread/INFO]: Percentiles: P50: 27,6ms P95: 41,4ms P99: 53,0ms, sample: 100"
"without-umce","1","2026-09-27T15:05:50.4654497+00:00",,"False","100","0","0","0","0","0","True","0","28,4","27,7","41,4","53","100","88,38855243996852","104,03432598770206","1594159104","[17:05:50] [Server thread/INFO]: The game is running normally [17:05:50] [Server thread/INFO]: Target tick rate: 20,0 per second. Average time per tick: 28,4ms (Target: 50,0ms) [17:05:50] [Server thread/INFO]: Percentiles: P50: 27,7ms P95: 41,4ms P99: 53,0ms, sample: 100"
"without-umce","1","2026-09-27T15:05:50.5891892+00:00",,"False","100","0","0","0","0","0","True","0","28,4","27,6","41,4","53","100","113,35716151249287","104,03432598770206","1594159104","[17:05:50] [Server thread/INFO]: The game is running normally [17:05:50] [Server thread/INFO]: Target tick rate: 20,0 per second. Average time per tick: 28,4ms (Target: 50,0ms) [17:05:50] [Server thread/INFO]: Percentiles: P50: 27,6ms P95: 41,4ms P99: 53,0ms, sample: 100"
"without-umce","1","2026-09-27T15:05:50.7132336+00:00",,"False","100","0","0","0","0","0","True","0","28,2","27,4","41,4","53","100","86,93160638481353","104,03432598770206","1594159104","[17:05:50] [Server thread/INFO]: The game is running normally [17:05:50] [Server thread/INFO]: Target tick rate: 20,0 per second. Average time per tick: 28,2ms (Target: 50,0ms) [17:05:50] [Server thread/INFO]: Percentiles: P50: 27,4ms P95: 41,4ms P99: 53,0ms, sample: 100"
"without-umce","1","2026-09-27T15:05:50.8390482+00:00",,"False","100","0","0","0","0","0","True","0","28,3","27,4","41,4","53","100","161,68214702747622","104,03432598770206","1594159104","[17:05:50] [Server thread/INFO]: The game is running normally [17:05:50] [Server thread/INFO]: Target tick rate: 20,0 per second. Average time per tick: 28,3ms (Target: 50,0ms) [17:05:50] [Server thread/INFO]: Percentiles: P50: 27,4ms P95: 41,4ms P99: 53,0ms, sample: 100"
"without-umce","1","2026-09-27T15:05:50.9646668+00:00",,"False","100","0","0","0","0","0","True","0","28,4","27,6","41,4","53","100","101,18352343693718","104,03432598770206","1594159104","[17:05:51] [Server thread/INFO]: The game is running normally [17:05:51] [Server thread/INFO]: Target tick rate: 20,0 per second. Average time per tick: 28,4ms (Target: 50,0ms) [17:05:51] [Server thread/INFO]: Percentiles: P50: 27,6ms P95: 41,4ms P99: 53,0ms, sample: 100"
"without-umce","1","2026-09-27T15:05:51.0882183+00:00",,"False","100","0","0","0","0","0","True","0","28,4","27,6","41,4","53","100","139,0797231271676","104,03432598770206","1594159104","[17:05:51] [Server thread/INFO]: The game is running normally [17:05:51] [Server thread/INFO]: Target tick rate: 20,0 per second. Average time per tick: 28,4ms (Target: 50,0ms) [17:05:51] [Server thread/INFO]: Percentiles: P50: 27,6ms P95: 41,4ms P99: 53,0ms, sample: 100"
"without-umce","1","2026-09-27T15:05:51.2117977+00:00",,"False","100","0","0","0","0","0","True","0","28,5","27,6","41,4","53","100","88,21859337418879","104,03432598770206","1594159104","[17:05:51] [Server thread/INFO]: The game is running normally [17:05:51] [Server thread/INFO]: Target tick rate: 20,0 per second. Average time per tick: 28,5ms (Target: 50,0ms) [17:05:51] [Server thread/INFO]: Percentiles: P50: 27,6ms P95: 41,4ms P99: 53,0ms, sample: 100"
"without-umce","1","2026-09-27T15:05:51.3358125+00:00",,"False","100","0","0","0","0","0","True","0","28,2","27,6","39","49,9","100","62,608738857647964","104,03432598770206","1594159104","[17:05:51] [Server thread/INFO]: The game is running normally [17:05:51] [Server thread/INFO]: Target tick rate: 20,0 per second. Average time per tick: 28,2ms (Target: 50,0ms) [17:05:51] [Server thread/INFO]: Percentiles: P50: 27,6ms P95: 39,0ms P99: 49,9ms, sample: 100"
"without-umce","1","2026-09-27T15:05:51.4605818+00:00",,"False","100","0","0","0","0","0","True","0","28","27,4","39","49,9","100","87,45718096419994","104,03432598770206","1594159104","[17:05:51] [Server thread/INFO]: The game is running normally [17:05:51] [Server thread/INFO]: Target tick rate: 20,0 per second. Average time per tick: 28,0ms (Target: 50,0ms) [17:05:51] [Server thread/INFO]: Percentiles: P50: 27,4ms P95: 39,0ms P99: 49,9ms, sample: 100"
"without-umce","1","2026-09-27T15:05:51.5856692+00:00",,"False","100","0","0","0","0","0","True","0","27,9","27,3","39","49,9","100","75,54105525415234","104,03432598770206","1594159104","[17:05:51] [Server thread/INFO]: The game is running normally [17:05:51] [Server thread/INFO]: Target tick rate: 20,0 per second. Average time per tick: 27,9ms (Target: 50,0ms) [17:05:51] [Server thread/INFO]: Percentiles: P50: 27,3ms P95: 39,0ms P99: 49,9ms, sample: 100"
"without-umce","1","2026-09-27T15:05:51.7097599+00:00",,"False","100","0","0","0","0","0","True","0","27,7","27,3","38,7","49,9","100","37,59528148138643","104,03432598770206","1594159104","[17:05:51] [Server thread/INFO]: The game is running normally [17:05:51] [Server thread/INFO]: Target tick rate: 20,0 per second. Average time per tick: 27,7ms (Target: 50,0ms) [17:05:51] [Server thread/INFO]: Percentiles: P50: 27,3ms P95: 38,7ms P99: 49,9ms, sample: 100"
"without-umce","1","2026-09-27T15:05:51.8344066+00:00",,"False","100","0","0","0","0","0","True","0","27,3","27,1","37","49,9","100","98,86557682527607","104,03432598770206","1594159104","[17:05:51] [Server thread/INFO]: The game is running normally [17:05:51] [Server thread/INFO]: Target tick rate: 20,0 per second. Average time per tick: 27,3ms (Target: 50,0ms) [17:05:51] [Server thread/INFO]: Percentiles: P50: 27,1ms P95: 37,0ms P99: 49,9ms, sample: 100"
"without-umce","1","2026-09-27T15:05:51.9608726+00:00",,"False","100","0","0","0","0","0","True","0","27","26,8","37","49,9","100","63,178537492671296","104,03432598770206","1594159104","[17:05:51] [Server thread/INFO]: The game is running normally [17:05:51] [Server thread/INFO]: Target tick rate: 20,0 per second. Average time per tick: 27,0ms (Target: 50,0ms) [17:05:51] [Server thread/INFO]: Percentiles: P50: 26,8ms P95: 37,0ms P99: 49,9ms, sample: 100"
"without-umce","1","2026-09-27T15:05:52.0845545+00:00",,"False","100","0","0","0","0","0","True","0","26,7","26,8","36,5","49,6","100","112,4021651554487","104,03432598770206","1594159104","[17:05:52] [Server thread/INFO]: The game is running normally [17:05:52] [Server thread/INFO]: Target tick rate: 20,0 per second. Average time per tick: 26,7ms (Target: 50,0ms) [17:05:52] [Server thread/INFO]: Percentiles: P50: 26,8ms P95: 36,5ms P99: 49,6ms, sample: 100"
"without-umce","1","2026-09-27T15:05:52.2096572+00:00",,"False","100","0","0","0","0","0","True","0","26,5","26,7","35,3","49,6","100","74,67132668844812","104,03432598770206","1594159104","[17:05:52] [Server thread/INFO]: The game is running normally [17:05:52] [Server thread/INFO]: Target tick rate: 20,0 per second. Average time per tick: 26,5ms (Target: 50,0ms) [17:05:52] [Server thread/INFO]: Percentiles: P50: 26,7ms P95: 35,3ms P99: 49,6ms, sample: 100"
"without-umce","1","2026-09-27T15:05:52.3351921+00:00",,"False","100","0","0","0","0","0","True","0","26,7","26,7","37","49,6","100","98,55898873746723","104,03432598770206","1594159104","[17:05:52] [Server thread/INFO]: The game is running normally [17:05:52] [Server thread/INFO]: Target tick rate: 20,0 per second. Average time per tick: 26,7ms (Target: 50,0ms) [17:05:52] [Server thread/INFO]: Percentiles: P50: 26,7ms P95: 37,0ms P99: 49,6ms, sample: 100"
"without-umce","1","2026-09-27T15:05:52.4620050+00:00",,"False","100","0","0","0","0","0","True","0","26,8","26,8","37","49,6","100","67,95738582615522","104,03432598770206","1594159104","[17:05:52] [Server thread/INFO]: The game is running normally [17:05:52] [Server thread/INFO]: Target tick rate: 20,0 per second. Average time per tick: 26,8ms (Target: 50,0ms) [17:05:52] [Server thread/INFO]: Percentiles: P50: 26,8ms P95: 37,0ms P99: 49,6ms, sample: 100"
"without-umce","1","2026-09-27T15:05:52.5999747+00:00",,"False","100","0","0","0","0","0","True","0","26,9","27,1","37","49,6","100","37,95208523937139","104,03432598770206","1594159104","[17:05:52] [Server thread/INFO]: The game is running normally [17:05:52] [Server thread/INFO]: Target tick rate: 20,0 per second. Average time per tick: 26,9ms (Target: 50,0ms) [17:05:52] [Server thread/INFO]: Percentiles: P50: 27,1ms P95: 37,0ms P99: 49,6ms, sample: 100"
"without-umce","1","2026-09-27T15:05:52.7234629+00:00",,"False","100","0","0","0","0","0","True","0","26,9","26,8","37","49,6","100","126,97223432126535","104,03432598770206","1594159104","[17:05:52] [Server thread/INFO]: The game is running normally [17:05:52] [Server thread/INFO]: Target tick rate: 20,0 per second. Average time per tick: 26,9ms (Target: 50,0ms) [17:05:52] [Server thread/INFO]: Percentiles: P50: 26,8ms P95: 37,0ms P99: 49,6ms, sample: 100"
"without-umce","1","2026-09-27T15:05:52.8466128+00:00",,"False","100","0","0","0","0","0","True","0","27,1","27,1","37","49,6","100","113,52728570286811","104,03432598770206","1594159104","[17:05:52] [Server thread/INFO]: The game is running normally [17:05:52] [Server thread/INFO]: Target tick rate: 20,0 per second. Average time per tick: 27,1ms (Target: 50,0ms) [17:05:52] [Server thread/INFO]: Percentiles: P50: 27,1ms P95: 37,0ms P99: 49,6ms, sample: 100"
"without-umce","1","2026-09-27T15:05:52.9703761+00:00",,"False","100","0","0","0","0","0","True","0","27,3","27,3","37","49,6","100","152,03162906552848","104,03432598770206","1594159104","[17:05:53] [Server thread/INFO]: The game is running normally [17:05:53] [Server thread/INFO]: Target tick rate: 20,0 per second. Average time per tick: 27,3ms (Target: 50,0ms) [17:05:53] [Server thread/INFO]: Percentiles: P50: 27,3ms P95: 37,0ms P99: 49,6ms, sample: 100"
"without-umce","1","2026-09-27T15:05:53.0937137+00:00",,"False","100","0","0","0","0","0","True","0","27,5","27,3","38,7","49,6","100","138,4150898419632","104,03432598770206","1594159104","[17:05:53] [Server thread/INFO]: The game is running normally [17:05:53] [Server thread/INFO]: Target tick rate: 20,0 per second. Average time per tick: 27,5ms (Target: 50,0ms) [17:05:53] [Server thread/INFO]: Percentiles: P50: 27,3ms P95: 38,7ms P99: 49,6ms, sample: 100"
"without-umce","1","2026-09-27T15:05:53.2178905+00:00",,"False","100","0","0","0","0","0","True","0","27,5","27,3","38,7","49,6","100","139,5636438636251","104,03432598770206","1594159104","[17:05:53] [Server thread/INFO]: The game is running normally [17:05:53] [Server thread/INFO]: Target tick rate: 20,0 per second. Average time per tick: 27,5ms (Target: 50,0ms) [17:05:53] [Server thread/INFO]: Percentiles: P50: 27,3ms P95: 38,7ms P99: 49,6ms, sample: 100"
"without-umce","1","2026-09-27T15:05:53.3410499+00:00",,"False","100","0","0","0","0","0","True","0","27,4","27,2","38,7","49,6","100","101,67445628567758","104,03432598770206","1594159104","[17:05:53] [Server thread/INFO]: The game is running normally [17:05:53] [Server thread/INFO]: Target tick rate: 20,0 per second. Average time per tick: 27,4ms (Target: 50,0ms) [17:05:53] [Server thread/INFO]: Percentiles: P50: 27,2ms P95: 38,7ms P99: 49,6ms, sample: 100"
"without-umce","1","2026-09-27T15:05:53.4640498+00:00",,"False","100","0","0","0","0","0","True","0","27,4","27,2","38,7","49,6","100","87,19905860892887","104,03432598770206","1594159104","[17:05:53] [Server thread/INFO]: The game is running normally [17:05:53] [Server thread/INFO]: Target tick rate: 20,0 per second. Average time per tick: 27,4ms (Target: 50,0ms) [17:05:53] [Server thread/INFO]: Percentiles: P50: 27,2ms P95: 38,7ms P99: 49,6ms, sample: 100"
"without-umce","1","2026-09-27T15:05:53.5894433+00:00",,"False","100","0","0","0","0","0","True","0","27,3","27,2","38,7","49,6","100","101,09857758345284","104,03432598770206","1594159104","[17:05:53] [Server thread/INFO]: The game is running normally [17:05:53] [Server thread/INFO]: Target tick rate: 20,0 per second. Average time per tick: 27,3ms (Target: 50,0ms) [17:05:53] [Server thread/INFO]: Percentiles: P50: 27,2ms P95: 38,7ms P99: 49,6ms, sample: 100"
"without-umce","1","2026-09-27T15:05:53.7130386+00:00",,"False","100","0","0","0","0","0","True","0","27,2","27,1","38,7","49,6","100","98,85650701208975","104,03432598770206","1594159104","[17:05:53] [Server thread/INFO]: The game is running normally [17:05:53] [Server thread/INFO]: Target tick rate: 20,0 per second. Average time per tick: 27,2ms (Target: 50,0ms) [17:05:53] [Server thread/INFO]: Percentiles: P50: 27,1ms P95: 38,7ms P99: 49,6ms, sample: 100"
"without-umce","1","2026-09-27T15:05:53.8395065+00:00",,"False","100","0","0","0","0","0","True","0","27,2","27,1","38,7","49,6","100","113,63425164623202","104,03432598770206","1594159104","[17:05:53] [Server thread/INFO]: The game is running normally [17:05:53] [Server thread/INFO]: Target tick rate: 20,0 per second. Average time per tick: 27,2ms (Target: 50,0ms) [17:05:53] [Server thread/INFO]: Percentiles: P50: 27,1ms P95: 38,7ms P99: 49,6ms, sample: 100"
"without-umce","1","2026-09-27T15:05:53.9632507+00:00",,"False","100","0","0","0","0","0","True","0","27,2","27,1","38,7","49,6","100","100,13714783767848","104,03432598770206","1594159104","[17:05:54] [Server thread/INFO]: The game is running normally [17:05:54] [Server thread/INFO]: Target tick rate: 20,0 per second. Average time per tick: 27,2ms (Target: 50,0ms) [17:05:54] [Server thread/INFO]: Percentiles: P50: 27,1ms P95: 38,7ms P99: 49,6ms, sample: 100"
"without-umce","1","2026-09-27T15:05:54.0880825+00:00",,"False","100","0","0","0","0","0","True","0","27,2","27,1","38,7","49,6","100","150,3397678753984","104,03432598770206","1594159104","[17:05:54] [Server thread/INFO]: The game is running normally [17:05:54] [Server thread/INFO]: Target tick rate: 20,0 per second. Average time per tick: 27,2ms (Target: 50,0ms) [17:05:54] [Server thread/INFO]: Percentiles: P50: 27,1ms P95: 38,7ms P99: 49,6ms, sample: 100"
"without-umce","1","2026-09-27T15:05:54.2128854+00:00",,"False","100","0","0","0","0","0","True","0","27,2","26,8","38,7","49,6","100","75,55183057048683","104,03432598770206","1594159104","[17:05:54] [Server thread/INFO]: The game is running normally [17:05:54] [Server thread/INFO]: Target tick rate: 20,0 per second. Average time per tick: 27,2ms (Target: 50,0ms) [17:05:54] [Server thread/INFO]: Percentiles: P50: 26,8ms P95: 38,7ms P99: 49,6ms, sample: 100"
"without-umce","1","2026-09-27T15:05:54.3368910+00:00",,"False","100","0","0","0","0","0","True","0","27,2","27,1","37","49,6","100","127,14695258252753","104,03432598770206","1594159104","[17:05:54] [Server thread/INFO]: The game is running normally [17:05:54] [Server thread/INFO]: Target tick rate: 20,0 per second. Average time per tick: 27,2ms (Target: 50,0ms) [17:05:54] [Server thread/INFO]: Percentiles: P50: 27,1ms P95: 37,0ms P99: 49,6ms, sample: 100"
"without-umce","1","2026-09-27T15:05:54.4597562+00:00",,"False","100","0","0","0","0","0","True","0","27,1","26,8","36,5","49,6","100","56,038653580340956","104,03432598770206","1594159104","[17:05:54] [Server thread/INFO]: The game is running normally [17:05:54] [Server thread/INFO]: Target tick rate: 20,0 per second. Average time per tick: 27,1ms (Target: 50,0ms) [17:05:54] [Server thread/INFO]: Percentiles: P50: 26,8ms P95: 36,5ms P99: 49,6ms, sample: 100"
"without-umce","1","2026-09-27T15:05:54.5991980+00:00",,"False","100","0","0","0","0","0","True","0","27,2","26,8","36,5","49,6","100","100,9421265141319","104,03432598770206","1594159104","[17:05:54] [Server thread/INFO]: The game is running normally [17:05:54] [Server thread/INFO]: Target tick rate: 20,0 per second. Average time per tick: 27,2ms (Target: 50,0ms) [17:05:54] [Server thread/INFO]: Percentiles: P50: 26,8ms P95: 36,5ms P99: 49,6ms, sample: 100"
"without-umce","1","2026-09-27T15:05:54.7385000+00:00",,"False","100","0","0","0","0","0","True","0","27,3","26,8","38,2","49,6","100","75,49816710583112","104,03432598770206","1594159104","[17:05:54] [Server thread/INFO]: The game is running normally [17:05:54] [Server thread/INFO]: Target tick rate: 20,0 per second. Average time per tick: 27,3ms (Target: 50,0ms) [17:05:54] [Server thread/INFO]: Percentiles: P50: 26,8ms P95: 38,2ms P99: 49,6ms, sample: 100"
"without-umce","1","2026-09-27T15:05:54.8626909+00:00",,"False","100","0","0","0","0","0","True","0","27,1","26,7","38,2","49,6","100","62,9700588956442","104,03432598770206","1594159104","[17:05:54] [Server thread/INFO]: The game is running normally [17:05:54] [Server thread/INFO]: Target tick rate: 20,0 per second. Average time per tick: 27,1ms (Target: 50,0ms) [17:05:54] [Server thread/INFO]: Percentiles: P50: 26,7ms P95: 38,2ms P99: 49,6ms, sample: 100"
"without-umce","1","2026-09-27T15:05:54.9867401+00:00",,"False","100","0","0","0","0","0","True","0","27","26,5","38,2","49,6","100","163,91888184121757","104,03432598770206","1594159104","[17:05:55] [Server thread/INFO]: The game is running normally [17:05:55] [Server thread/INFO]: Target tick rate: 20,0 per second. Average time per tick: 27,0ms (Target: 50,0ms) [17:05:55] [Server thread/INFO]: Percentiles: P50: 26,5ms P95: 38,2ms P99: 49,6ms, sample: 100"
"without-umce","1","2026-09-27T15:05:55.1106927+00:00",,"False","100","0","0","0","0","0","True","0","26,9","26,4","38,2","43,6","100","99,37710431018377","104,03432598770206","1594159104","[17:05:55] [Server thread/INFO]: The game is running normally [17:05:55] [Server thread/INFO]: Target tick rate: 20,0 per second. Average time per tick: 26,9ms (Target: 50,0ms) [17:05:55] [Server thread/INFO]: Percentiles: P50: 26,4ms P95: 38,2ms P99: 43,6ms, sample: 100"
"without-umce","1","2026-09-27T15:05:55.2364316+00:00",,"False","100","0","0","0","0","0","True","0","26,8","26,4","36,5","43,6","100","165,48009798865814","104,03432598770206","1594159104","[17:05:55] [Server thread/INFO]: The game is running normally [17:05:55] [Server thread/INFO]: Target tick rate: 20,0 per second. Average time per tick: 26,8ms (Target: 50,0ms) [17:05:55] [Server thread/INFO]: Percentiles: P50: 26,4ms P95: 36,5ms P99: 43,6ms, sample: 100"
"without-umce","1","2026-09-27T15:05:55.3591961+00:00",,"False","100","0","0","0","0","0","True","0","27","26,3","38,2","43,6","100","98,34179990669331","104,03432598770206","1594159104","[17:05:55] [Server thread/INFO]: The game is running normally [17:05:55] [Server thread/INFO]: Target tick rate: 20,0 per second. Average time per tick: 27,0ms (Target: 50,0ms) [17:05:55] [Server thread/INFO]: Percentiles: P50: 26,3ms P95: 38,2ms P99: 43,6ms, sample: 100"
"without-umce","1","2026-09-27T15:05:55.4862907+00:00",,"False","100","0","0","0","0","0","True","0","27","26,3","38,2","43,6","100","101,18262249168279","104,03432598770206","1594159104","[17:05:55] [Server thread/INFO]: The game is running normally [17:05:55] [Server thread/INFO]: Target tick rate: 20,0 per second. Average time per tick: 27,0ms (Target: 50,0ms) [17:05:55] [Server thread/INFO]: Percentiles: P50: 26,3ms P95: 38,2ms P99: 43,6ms, sample: 100"
"without-umce","1","2026-09-27T15:05:55.6098334+00:00",,"False","100","0","0","0","0","0","True","0","27","26,4","38,2","43,6","100","101,51327874896658","104,03432598770206","1594159104","[17:05:55] [Server thread/INFO]: The game is running normally [17:05:55] [Server thread/INFO]: Target tick rate: 20,0 per second. Average time per tick: 27,0ms (Target: 50,0ms) [17:05:55] [Server thread/INFO]: Percentiles: P50: 26,4ms P95: 38,2ms P99: 43,6ms, sample: 100"
"without-umce","1","2026-09-27T15:05:55.7329640+00:00",,"False","100","0","0","0","0","0","True","0","27,1","26,7","38,2","43,6","100","125,94458438287153","104,03432598770206","1594159104","[17:05:55] [Server thread/INFO]: The game is running normally [17:05:55] [Server thread/INFO]: Target tick rate: 20,0 per second. Average time per tick: 27,1ms (Target: 50,0ms) [17:05:55] [Server thread/INFO]: Percentiles: P50: 26,7ms P95: 38,2ms P99: 43,6ms, sample: 100"
"without-umce","1","2026-09-27T15:05:55.8570304+00:00",,"False","100","0","0","0","0","0","True","0","27,3","26,7","38,2","43,6","100","75,18537706569317","104,03432598770206","1594159104","[17:05:55] [Server thread/INFO]: The game is running normally [17:05:55] [Server thread/INFO]: Target tick rate: 20,0 per second. Average time per tick: 27,3ms (Target: 50,0ms) [17:05:55] [Server thread/INFO]: Percentiles: P50: 26,7ms P95: 38,2ms P99: 43,6ms, sample: 100"
"without-umce","1","2026-09-27T15:05:55.9817521+00:00",,"False","100","0","0","0","0","0","True","0","27,3","26,7","38,2","43,6","100","176,90176473157027","104,03432598770206","1594159104","[17:05:56] [Server thread/INFO]: The game is running normally [17:05:56] [Server thread/INFO]: Target tick rate: 20,0 per second. Average time per tick: 27,3ms (Target: 50,0ms) [17:05:56] [Server thread/INFO]: Percentiles: P50: 26,7ms P95: 38,2ms P99: 43,6ms, sample: 100"
"without-umce","1","2026-09-27T15:05:56.1054562+00:00",,"False","100","0","0","0","0","0","True","0","27,5","26,8","40,8","45,8","100","102,1588201882174","104,03432598770206","1594159104","[17:05:56] [Server thread/INFO]: The game is running normally [17:05:56] [Server thread/INFO]: Target tick rate: 20,0 per second. Average time per tick: 27,5ms (Target: 50,0ms) [17:05:56] [Server thread/INFO]: Percentiles: P50: 26,8ms P95: 40,8ms P99: 45,8ms, sample: 100"
"without-umce","1","2026-09-27T15:05:56.2277599+00:00",,"False","100","0","0","0","0","0","True","0","27,7","26,8","40,8","45,8","100","101,55525784067522","104,03432598770206","1594159104","[17:05:56] [Server thread/INFO]: The game is running normally [17:05:56] [Server thread/INFO]: Target tick rate: 20,0 per second. Average time per tick: 27,7ms (Target: 50,0ms) [17:05:56] [Server thread/INFO]: Percentiles: P50: 26,8ms P95: 40,8ms P99: 45,8ms, sample: 100"
"without-umce","1","2026-09-27T15:05:56.3508703+00:00",,"False","100","0","0","0","0","0","True","0","27,6","26,7","40,8","45,8","100","90,1940326184915","104,03432598770206","1594159104","[17:05:56] [Server thread/INFO]: The game is running normally [17:05:56] [Server thread/INFO]: Target tick rate: 20,0 per second. Average time per tick: 27,6ms (Target: 50,0ms) [17:05:56] [Server thread/INFO]: Percentiles: P50: 26,7ms P95: 40,8ms P99: 45,8ms, sample: 100"
"without-umce","1","2026-09-27T15:05:56.4894456+00:00",,"False","100","0","0","0","0","0","True","0","27,8","27","40,8","45,8","100","100,29454501981418","104,03432598770206","1594159104","[17:05:56] [Server thread/INFO]: The game is running normally [17:05:56] [Server thread/INFO]: Target tick rate: 20,0 per second. Average time per tick: 27,8ms (Target: 50,0ms) [17:05:56] [Server thread/INFO]: Percentiles: P50: 27,0ms P95: 40,8ms P99: 45,8ms, sample: 100"
"without-umce","1","2026-09-27T15:05:56.6140631+00:00",,"False","100","0","0","0","0","0","True","0","27,8","27","40,8","45,8","100","62,66754795621574","104,03432598770206","1594159104","[17:05:56] [Server thread/INFO]: The game is running normally [17:05:56] [Server thread/INFO]: Target tick rate: 20,0 per second. Average time per tick: 27,8ms (Target: 50,0ms) [17:05:56] [Server thread/INFO]: Percentiles: P50: 27,0ms P95: 40,8ms P99: 45,8ms, sample: 100"
"without-umce","1","2026-09-27T15:05:56.7387462+00:00",,"False","100","0","0","0","0","0","True","0","28","27,3","40,8","45,8","100","100,66941131749682","104,03432598770206","1594159104","[17:05:56] [Server thread/INFO]: The game is running normally [17:05:56] [Server thread/INFO]: Target tick rate: 20,0 per second. Average time per tick: 28,0ms (Target: 50,0ms) [17:05:56] [Server thread/INFO]: Percentiles: P50: 27,3ms P95: 40,8ms P99: 45,8ms, sample: 100"
"without-umce","1","2026-09-27T15:05:56.8629330+00:00",,"False","100","0","0","0","0","0","True","0","28,1","27,5","40,8","45,8","100","74,98350362920158","104,03432598770206","1594159104","[17:05:56] [Server thread/INFO]: The game is running normally [17:05:56] [Server thread/INFO]: Target tick rate: 20,0 per second. Average time per tick: 28,1ms (Target: 50,0ms) [17:05:56] [Server thread/INFO]: Percentiles: P50: 27,5ms P95: 40,8ms P99: 45,8ms, sample: 100"
"without-umce","1","2026-09-27T15:05:56.9879089+00:00",,"False","100","0","0","0","0","0","True","0","28,2","27,7","40,8","45,8","100","88,18011559556548","104,03432598770206","1594159104","[17:05:56] [Server thread/INFO]: The game is running normally [17:05:56] [Server thread/INFO]: Target tick rate: 20,0 per second. Average time per tick: 28,2ms (Target: 50,0ms) [17:05:56] [Server thread/INFO]: Percentiles: P50: 27,7ms P95: 40,8ms P99: 45,8ms, sample: 100"
"without-umce","1","2026-09-27T15:05:57.1119519+00:00",,"False","100","0","0","0","0","0","True","0","28,1","27,7","40,8","45,8","100","25,163704999243073","104,03432598770206","1594159104","[17:05:57] [Server thread/INFO]: The game is running normally [17:05:57] [Server thread/INFO]: Target tick rate: 20,0 per second. Average time per tick: 28,1ms (Target: 50,0ms) [17:05:57] [Server thread/INFO]: Percentiles: P50: 27,7ms P95: 40,8ms P99: 45,8ms, sample: 100"
"without-umce","1","2026-09-27T15:05:57.2361276+00:00",,"False","100","0","0","0","0","0","True","0","28,1","27,3","40,8","45,8","100","86,82298906050183","104,03432598770206","1594159104","[17:05:57] [Server thread/INFO]: The game is running normally [17:05:57] [Server thread/INFO]: Target tick rate: 20,0 per second. Average time per tick: 28,1ms (Target: 50,0ms) [17:05:57] [Server thread/INFO]: Percentiles: P50: 27,3ms P95: 40,8ms P99: 45,8ms, sample: 100"
"without-umce","1","2026-09-27T15:05:57.3621014+00:00",,"False","100","0","0","0","0","0","True","0","27,9","27","38,2","45,8","100","50,29193462209434","104,03432598770206","1594159104","[17:05:57] [Server thread/INFO]: The game is running normally [17:05:57] [Server thread/INFO]: Target tick rate: 20,0 per second. Average time per tick: 27,9ms (Target: 50,0ms) [17:05:57] [Server thread/INFO]: Percentiles: P50: 27,0ms P95: 38,2ms P99: 45,8ms, sample: 100"
"without-umce","1","2026-09-27T15:05:57.4863777+00:00",,"False","100","0","0","0","0","0","True","0","27,8","26,9","38,2","45,8","100","101,29495470089627","104,03432598770206","1594159104","[17:05:57] [Server thread/INFO]: The game is running normally [17:05:57] [Server thread/INFO]: Target tick rate: 20,0 per second. Average time per tick: 27,8ms (Target: 50,0ms) [17:05:57] [Server thread/INFO]: Percentiles: P50: 26,9ms P95: 38,2ms P99: 45,8ms, sample: 100"
"without-umce","1","2026-09-27T15:05:57.6097942+00:00",,"False","100","0","0","0","0","0","True","0","27,9","26,9","38,2","45,8","100","99,96001599360255","104,03432598770206","1594159104","[17:05:57] [Server thread/INFO]: The game is running normally [17:05:57] [Server thread/INFO]: Target tick rate: 20,0 per second. Average time per tick: 27,9ms (Target: 50,0ms) [17:05:57] [Server thread/INFO]: Percentiles: P50: 26,9ms P95: 38,2ms P99: 45,8ms, sample: 100"
"without-umce","1","2026-09-27T15:05:57.7348772+00:00",,"False","100","0","0","0","0","0","True","0","27,9","27","38,2","45,8","100","136,62027472697804","104,03432598770206","1594159104","[17:05:57] [Server thread/INFO]: The game is running normally [17:05:57] [Server thread/INFO]: Target tick rate: 20,0 per second. Average time per tick: 27,9ms (Target: 50,0ms) [17:05:57] [Server thread/INFO]: Percentiles: P50: 27,0ms P95: 38,2ms P99: 45,8ms, sample: 100"
"without-umce","1","2026-09-27T15:05:57.8606784+00:00",,"False","100","0","0","0","0","0","True","0","27,7","26,8","38,2","45,8","100","63,067812126134","104,03432598770206","1594159104","[17:05:57] [Server thread/INFO]: The game is running normally [17:05:57] [Server thread/INFO]: Target tick rate: 20,0 per second. Average time per tick: 27,7ms (Target: 50,0ms) [17:05:57] [Server thread/INFO]: Percentiles: P50: 26,8ms P95: 38,2ms P99: 45,8ms, sample: 100"
"without-umce","1","2026-09-27T15:05:57.9845707+00:00",,"False","100","0","0","0","0","0","True","0","27,6","26,7","38,2","45,8","100","185,08559542480253","104,03432598770206","1594159104","[17:05:58] [Server thread/INFO]: The game is running normally [17:05:58] [Server thread/INFO]: Target tick rate: 20,0 per second. Average time per tick: 27,6ms (Target: 50,0ms) [17:05:58] [Server thread/INFO]: Percentiles: P50: 26,7ms P95: 38,2ms P99: 45,8ms, sample: 100"
"without-umce","1","2026-09-27T15:05:58.1111890+00:00",,"False","100","0","0","0","0","0","True","0","27,4","26,7","36,8","45,8","100","112,72246906494658","104,03432598770206","1594159104","[17:05:58] [Server thread/INFO]: The game is running normally [17:05:58] [Server thread/INFO]: Target tick rate: 20,0 per second. Average time per tick: 27,4ms (Target: 50,0ms) [17:05:58] [Server thread/INFO]: Percentiles: P50: 26,7ms P95: 36,8ms P99: 45,8ms, sample: 100"
"without-umce","1","2026-09-27T15:05:58.2359388+00:00",,"False","100","0","0","0","0","0","True","0","27,6","26,7","37,6","45,8","100","167,53351082606702","104,03432598770206","1594159104","[17:05:58] [Server thread/INFO]: The game is running normally [17:05:58] [Server thread/INFO]: Target tick rate: 20,0 per second. Average time per tick: 27,6ms (Target: 50,0ms) [17:05:58] [Server thread/INFO]: Percentiles: P50: 26,7ms P95: 37,6ms P99: 45,8ms, sample: 100"
"without-umce","1","2026-09-27T15:05:58.3571382+00:00",,"False","100","0","0","0","0","0","True","0","27,8","26,8","38,2","45,8","100","112,30611472354128","104,03432598770206","1594159104","[17:05:58] [Server thread/INFO]: The game is running normally [17:05:58] [Server thread/INFO]: Target tick rate: 20,0 per second. Average time per tick: 27,8ms (Target: 50,0ms) [17:05:58] [Server thread/INFO]: Percentiles: P50: 26,8ms P95: 38,2ms P99: 45,8ms, sample: 100"
"without-umce","1","2026-09-27T15:05:58.4823848+00:00",,"False","100","0","0","0","0","0","True","0","27,9","26,9","38,2","45,8","100","111,87537739293974","104,03432598770206","1594159104","[17:05:58] [Server thread/INFO]: The game is running normally [17:05:58] [Server thread/INFO]: Target tick rate: 20,0 per second. Average time per tick: 27,9ms (Target: 50,0ms) [17:05:58] [Server thread/INFO]: Percentiles: P50: 26,9ms P95: 38,2ms P99: 45,8ms, sample: 100"
"without-umce","1","2026-09-27T15:05:58.6080554+00:00",,"False","100","0","0","0","0","0","True","0","28","26,9","38,2","45,8","100","102,55274287566097","104,03432598770206","1594159104","[17:05:58] [Server thread/INFO]: The game is running normally [17:05:58] [Server thread/INFO]: Target tick rate: 20,0 per second. Average time per tick: 28,0ms (Target: 50,0ms) [17:05:58] [Server thread/INFO]: Percentiles: P50: 26,9ms P95: 38,2ms P99: 45,8ms, sample: 100"
"without-umce","1","2026-09-27T15:05:58.7299668+00:00",,"False","100","0","0","0","0","0","True","0","28,1","26,9","38,2","45,8","100","136,19039317918893","104,03432598770206","1594159104","[17:05:58] [Server thread/INFO]: The game is running normally [17:05:58] [Server thread/INFO]: Target tick rate: 20,0 per second. Average time per tick: 28,1ms (Target: 50,0ms) [17:05:58] [Server thread/INFO]: Percentiles: P50: 26,9ms P95: 38,2ms P99: 45,8ms, sample: 100"
"without-umce","1","2026-09-27T15:05:58.8561601+00:00",,"False","100","0","0","0","0","0","True","0","28,3","27,2","38,2","45,8","100","113,67273891281573","104,03432598770206","1594159104","[17:05:58] [Server thread/INFO]: The game is running normally [17:05:58] [Server thread/INFO]: Target tick rate: 20,0 per second. Average time per tick: 28,3ms (Target: 50,0ms) [17:05:58] [Server thread/INFO]: Percentiles: P50: 27,2ms P95: 38,2ms P99: 45,8ms, sample: 100"
"without-umce","1","2026-09-27T15:05:58.9798790+00:00",,"False","100","0","0","0","0","0","True","0","28,4","27,3","38,2","45,8","100","137,7256497044758","104,03432598770206","1594159104","[17:05:58] [Server thread/INFO]: The game is running normally [17:05:58] [Server thread/INFO]: Target tick rate: 20,0 per second. Average time per tick: 28,4ms (Target: 50,0ms) [17:05:58] [Server thread/INFO]: Percentiles: P50: 27,3ms P95: 38,2ms P99: 45,8ms, sample: 100"
"without-umce","1","2026-09-27T15:05:59.1046632+00:00",,"False","100","0","0","0","0","0","True","0","28,5","27,3","41,3","46,7","100","88,64098678185604","104,03432598770206","1594159104","[17:05:59] [Server thread/INFO]: The game is running normally [17:05:59] [Server thread/INFO]: Target tick rate: 20,0 per second. Average time per tick: 28,5ms (Target: 50,0ms) [17:05:59] [Server thread/INFO]: Percentiles: P50: 27,3ms P95: 41,3ms P99: 46,7ms, sample: 100"
"without-umce","1","2026-09-27T15:05:59.2280808+00:00",,"False","100","0","0","0","0","0","True","0","28,7","27,6","41,3","46,7","100","75,50832202386466","104,03432598770206","1594159104","[17:05:59] [Server thread/INFO]: The game is running normally [17:05:59] [Server thread/INFO]: Target tick rate: 20,0 per second. Average time per tick: 28,7ms (Target: 50,0ms) [17:05:59] [Server thread/INFO]: Percentiles: P50: 27,6ms P95: 41,3ms P99: 46,7ms, sample: 100"
"without-umce","1","2026-09-27T15:05:59.3522297+00:00",,"False","100","0","0","0","0","0","True","0","28,5","27,3","41,3","46,7","100","50,22258650338299","104,03432598770206","1594159104","[17:05:59] [Server thread/INFO]: The game is running normally [17:05:59] [Server thread/INFO]: Target tick rate: 20,0 per second. Average time per tick: 28,5ms (Target: 50,0ms) [17:05:59] [Server thread/INFO]: Percentiles: P50: 27,3ms P95: 41,3ms P99: 46,7ms, sample: 100"
"without-umce","1","2026-09-27T15:05:59.4766811+00:00",,"False","100","0","0","0","0","0","True","0","28,4","27,2","41,3","46,7","100","102,08911535834098","104,03432598770206","1594159104","[17:05:59] [Server thread/INFO]: The game is running normally [17:05:59] [Server thread/INFO]: Target tick rate: 20,0 per second. Average time per tick: 28,4ms (Target: 50,0ms) [17:05:59] [Server thread/INFO]: Percentiles: P50: 27,2ms P95: 41,3ms P99: 46,7ms, sample: 100"
"without-umce","1","2026-09-27T15:05:59.6144000+00:00",,"False","100","0","0","0","0","0","True","0","28,2","27","41,3","46,7","100","25,11724731044516","104,03432598770206","1594159104","[17:05:59] [Server thread/INFO]: The game is running normally [17:05:59] [Server thread/INFO]: Target tick rate: 20,0 per second. Average time per tick: 28,2ms (Target: 50,0ms) [17:05:59] [Server thread/INFO]: Percentiles: P50: 27,0ms P95: 41,3ms P99: 46,7ms, sample: 100"
"without-umce","1","2026-09-27T15:05:59.7388076+00:00",,"False","100","0","0","0","0","0","True","0","28,1","27","41,3","46,7","100","63,34810442200176","104,03432598770206","1594159104","[17:05:59] [Server thread/INFO]: The game is running normally [17:05:59] [Server thread/INFO]: Target tick rate: 20,0 per second. Average time per tick: 28,1ms (Target: 50,0ms) [17:05:59] [Server thread/INFO]: Percentiles: P50: 27,0ms P95: 41,3ms P99: 46,7ms, sample: 100"
"without-umce","1","2026-09-27T15:05:59.8621346+00:00",,"False","100","0","0","0","0","0","True","0","27,9","26,9","41,3","46,7","100","112,85110234963018","104,03432598770206","1594159104","[17:05:59] [Server thread/INFO]: The game is running normally [17:05:59] [Server thread/INFO]: Target tick rate: 20,0 per second. Average time per tick: 27,9ms (Target: 50,0ms) [17:05:59] [Server thread/INFO]: Percentiles: P50: 26,9ms P95: 41,3ms P99: 46,7ms, sample: 100"
"without-umce","1","2026-09-27T15:05:59.9867496+00:00",,"False","100","0","0","0","0","0","True","0","27,9","27","41,3","46,7","100","75,99381673776986","104,03432598770206","1594159104","[17:05:59] [Server thread/INFO]: The game is running normally [17:05:59] [Server thread/INFO]: Target tick rate: 20,0 per second. Average time per tick: 27,9ms (Target: 50,0ms) [17:05:59] [Server thread/INFO]: Percentiles: P50: 27,0ms P95: 41,3ms P99: 46,7ms, sample: 100"
"without-umce","1","2026-09-27T15:06:00.1101486+00:00",,"False","100","0","0","0","0","0","True","0","27,8","27","38,1","46,7","100","100,9234903056932","104,03432598770206","1594159104","[17:06:00] [Server thread/INFO]: The game is running normally [17:06:00] [Server thread/INFO]: Target tick rate: 20,0 per second. Average time per tick: 27,8ms (Target: 50,0ms) [17:06:00] [Server thread/INFO]: Percentiles: P50: 27,0ms P95: 38,1ms P99: 46,7ms, sample: 100"
"without-umce","1","2026-09-27T15:06:00.2339862+00:00",,"False","100","0","0","0","0","0","True","0","27,7","26,9","38,1","46,7","100","173,36633435807698","104,03432598770206","1594159104","[17:06:00] [Server thread/INFO]: The game is running normally [17:06:00] [Server thread/INFO]: Target tick rate: 20,0 per second. Average time per tick: 27,7ms (Target: 50,0ms) [17:06:00] [Server thread/INFO]: Percentiles: P50: 26,9ms P95: 38,1ms P99: 46,7ms, sample: 100"
"without-umce","1","2026-09-27T15:06:00.3601845+00:00",,"False","100","0","0","0","0","0","True","0","27,8","27","37,6","46,7","100","62,00677332228521","104,03432598770206","1594159104","[17:06:00] [Server thread/INFO]: The game is running normally [17:06:00] [Server thread/INFO]: Target tick rate: 20,0 per second. Average time per tick: 27,8ms (Target: 50,0ms) [17:06:00] [Server thread/INFO]: Percentiles: P50: 27,0ms P95: 37,6ms P99: 46,7ms, sample: 100"
"without-umce","1","2026-09-27T15:06:00.4861585+00:00",,"False","100","0","0","0","0","0","True","0","27,7","26,9","37,6","46,7","100","165,97457821008112","104,03432598770206","1594159104","[17:06:00] [Server thread/INFO]: The game is running normally [17:06:00] [Server thread/INFO]: Target tick rate: 20,0 per second. Average time per tick: 27,7ms (Target: 50,0ms) [17:06:00] [Server thread/INFO]: Percentiles: P50: 26,9ms P95: 37,6ms P99: 46,7ms, sample: 100"
"without-umce","1","2026-09-27T15:06:00.6085231+00:00",,"False","100","0","0","0","0","0","True","0","27,8","27","37,6","46,7","100","113,38704956616603","104,03432598770206","1594159104","[17:06:00] [Server thread/INFO]: The game is running normally [17:06:00] [Server thread/INFO]: Target tick rate: 20,0 per second. Average time per tick: 27,8ms (Target: 50,0ms) [17:06:00] [Server thread/INFO]: Percentiles: P50: 27,0ms P95: 37,6ms P99: 46,7ms, sample: 100"
"without-umce","1","2026-09-27T15:06:00.7325815+00:00",,"False","100","0","0","0","0","0","True","0","27,8","27","37,6","46,7","100","124,49742877950291","104,03432598770206","1594159104","[17:06:00] [Server thread/INFO]: The game is running normally [17:06:00] [Server thread/INFO]: Target tick rate: 20,0 per second. Average time per tick: 27,8ms (Target: 50,0ms) [17:06:00] [Server thread/INFO]: Percentiles: P50: 27,0ms P95: 37,6ms P99: 46,7ms, sample: 100"
"without-umce","1","2026-09-27T15:06:00.8580451+00:00",,"False","100","0","0","0","0","0","True","0","27,6","26,9","37,6","46,7","100","75,61996270221786","104,03432598770206","1594159104","[17:06:00] [Server thread/INFO]: The game is running normally [17:06:00] [Server thread/INFO]: Target tick rate: 20,0 per second. Average time per tick: 27,6ms (Target: 50,0ms) [17:06:00] [Server thread/INFO]: Percentiles: P50: 26,9ms P95: 37,6ms P99: 46,7ms, sample: 100"
"without-umce","1","2026-09-27T15:06:00.9820291+00:00",,"False","100","0","0","0","0","0","True","0","27,5","26,9","37,6","46,7","100","100,75980957202069","104,03432598770206","1594159104","[17:06:00] [Server thread/INFO]: The game is running normally [17:06:00] [Server thread/INFO]: Target tick rate: 20,0 per second. Average time per tick: 27,5ms (Target: 50,0ms) [17:06:00] [Server thread/INFO]: Percentiles: P50: 26,9ms P95: 37,6ms P99: 46,7ms, sample: 100"
"without-umce","1","2026-09-27T15:06:01.1061214+00:00",,"False","100","0","0","0","0","0","True","0","27,1","26,7","36,8","46,7","100","74,50090354695821","104,03432598770206","1594159104","[17:06:01] [Server thread/INFO]: The game is running normally [17:06:01] [Server thread/INFO]: Target tick rate: 20,0 per second. Average time per tick: 27,1ms (Target: 50,0ms) [17:06:01] [Server thread/INFO]: Percentiles: P50: 26,7ms P95: 36,8ms P99: 46,7ms, sample: 100"
"without-umce","1","2026-09-27T15:06:01.2319768+00:00",,"False","100","0","0","0","0","0","True","0","27","26,7","36,4","46,7","100","126,34614233893595","104,03432598770206","1594159104","[17:06:01] [Server thread/INFO]: The game is running normally [17:06:01] [Server thread/INFO]: Target tick rate: 20,0 per second. Average time per tick: 27,0ms (Target: 50,0ms) [17:06:01] [Server thread/INFO]: Percentiles: P50: 26,7ms P95: 36,4ms P99: 46,7ms, sample: 100"
"without-umce","1","2026-09-27T15:06:01.3556083+00:00",,"False","100","0","0","0","0","0","True","0","27,1","26,5","37,6","46,7","100","38,054221684614724","104,03432598770206","1594159104","[17:06:01] [Server thread/INFO]: The game is running normally [17:06:01] [Server thread/INFO]: Target tick rate: 20,0 per second. Average time per tick: 27,1ms (Target: 50,0ms) [17:06:01] [Server thread/INFO]: Percentiles: P50: 26,5ms P95: 37,6ms P99: 46,7ms, sample: 100"
"without-umce","1","2026-09-27T15:06:01.4787974+00:00",,"False","100","0","0","0","0","0","True","0","27,1","26,5","37,6","46,7","100","75,74643567572285","104,03432598770206","1594159104","[17:06:01] [Server thread/INFO]: The game is running normally [17:06:01] [Server thread/INFO]: Target tick rate: 20,0 per second. Average time per tick: 27,1ms (Target: 50,0ms) [17:06:01] [Server thread/INFO]: Percentiles: P50: 26,5ms P95: 37,6ms P99: 46,7ms, sample: 100"
"without-umce","1","2026-09-27T15:06:01.6025615+00:00",,"False","100","0","0","0","0","0","True","0","27","26,5","37,6","46,7","100","91,67287597613279","104,03432598770206","1594159104","[17:06:01] [Server thread/INFO]: The game is running normally [17:06:01] [Server thread/INFO]: Target tick rate: 20,0 per second. Average time per tick: 27,0ms (Target: 50,0ms) [17:06:01] [Server thread/INFO]: Percentiles: P50: 26,5ms P95: 37,6ms P99: 46,7ms, sample: 100"
"without-umce","1","2026-09-27T15:06:01.7388917+00:00",,"False","100","0","0","0","0","0","True","0","27","26,5","37,6","46,7","100","74,97294975972669","104,03432598770206","1594159104","[17:06:01] [Server thread/INFO]: The game is running normally [17:06:01] [Server thread/INFO]: Target tick rate: 20,0 per second. Average time per tick: 27,0ms (Target: 50,0ms) [17:06:01] [Server thread/INFO]: Percentiles: P50: 26,5ms P95: 37,6ms P99: 46,7ms, sample: 100"
"without-umce","1","2026-09-27T15:06:01.8639401+00:00",,"False","100","0","0","0","0","0","True","0","27,1","26,5","37,6","46,7","100","61,65181893580871","104,03432598770206","1594159104","[17:06:01] [Server thread/INFO]: The game is running normally [17:06:01] [Server thread/INFO]: Target tick rate: 20,0 per second. Average time per tick: 27,1ms (Target: 50,0ms) [17:06:01] [Server thread/INFO]: Percentiles: P50: 26,5ms P95: 37,6ms P99: 46,7ms, sample: 100"
"without-umce","1","2026-09-27T15:06:01.9906542+00:00",,"False","100","0","0","0","0","0","True","0","27,1","26,5","37,6","46,7","100","134,25442609991967","104,03432598770206","1594159104","[17:06:01] [Server thread/INFO]: The game is running normally [17:06:01] [Server thread/INFO]: Target tick rate: 20,0 per second. Average time per tick: 27,1ms (Target: 50,0ms) [17:06:01] [Server thread/INFO]: Percentiles: P50: 26,5ms P95: 37,6ms P99: 46,7ms, sample: 100"
"without-umce","1","2026-09-27T15:06:02.1303212+00:00",,"False","100","0","0","0","0","0","True","0","27,3","26,5","38,1","46,7","100","136,98351734619789","104,03432598770206","1594159104","[17:06:02] [Server thread/INFO]: The game is running normally [17:06:02] [Server thread/INFO]: Target tick rate: 20,0 per second. Average time per tick: 27,3ms (Target: 50,0ms) [17:06:02] [Server thread/INFO]: Percentiles: P50: 26,5ms P95: 38,1ms P99: 46,7ms, sample: 100"
"without-umce","1","2026-09-27T15:06:02.2558238+00:00",,"False","100","0","0","0","0","0","True","0","27,5","26,8","38,1","46,7","100","79,06256912327471","104,03432598770206","1594159104","[17:06:02] [Server thread/INFO]: The game is running normally [17:06:02] [Server thread/INFO]: Target tick rate: 20,0 per second. Average time per tick: 27,5ms (Target: 50,0ms) [17:06:02] [Server thread/INFO]: Percentiles: P50: 26,8ms P95: 38,1ms P99: 46,7ms, sample: 100"
"without-umce","1","2026-09-27T15:06:02.3941388+00:00",,"False","100","0","0","0","0","0","True","0","27,5","26,8","38,1","46,7","100","38,36741041465451","104,03432598770206","1594159104","[17:06:02] [Server thread/INFO]: The game is running normally [17:06:02] [Server thread/INFO]: Target tick rate: 20,0 per second. Average time per tick: 27,5ms (Target: 50,0ms) [17:06:02] [Server thread/INFO]: Percentiles: P50: 26,8ms P95: 38,1ms P99: 46,7ms, sample: 100"
"without-umce","1","2026-09-27T15:06:02.5163224+00:00",,"False","100","0","0","0","0","0","True","0","27,6","26,8","38,1","46,7","100","100,74649120120445","104,03432598770206","1594159104","[17:06:02] [Server thread/INFO]: The game is running normally [17:06:02] [Server thread/INFO]: Target tick rate: 20,0 per second. Average time per tick: 27,6ms (Target: 50,0ms) [17:06:02] [Server thread/INFO]: Percentiles: P50: 26,8ms P95: 38,1ms P99: 46,7ms, sample: 100"
"without-umce","1","2026-09-27T15:06:02.6403847+00:00",,"False","100","0","0","0","0","0","True","0","27,5","26,5","38,1","46,7","100","138,22718557788815","104,03432598770206","1594159104","[17:06:02] [Server thread/INFO]: The game is running normally [17:06:02] [Server thread/INFO]: Target tick rate: 20,0 per second. Average time per tick: 27,5ms (Target: 50,0ms) [17:06:02] [Server thread/INFO]: Percentiles: P50: 26,5ms P95: 38,1ms P99: 46,7ms, sample: 100"
"without-umce","1","2026-09-27T15:06:02.7647777+00:00",,"False","100","0","0","0","0","0","True","0","27,4","26,5","38,1","46,7","100","87,15014446007946","104,03432598770206","1594159104","[17:06:02] [Server thread/INFO]: The game is running normally [17:06:02] [Server thread/INFO]: Target tick rate: 20,0 per second. Average time per tick: 27,4ms (Target: 50,0ms) [17:06:02] [Server thread/INFO]: Percentiles: P50: 26,5ms P95: 38,1ms P99: 46,7ms, sample: 100"
"without-umce","1","2026-09-27T15:06:02.8902676+00:00",,"False","100","0","0","0","0","0","True","0","27,5","26,7","38,1","46,7","100","101,36214505004047","104,03432598770206","1594159104","[17:06:02] [Server thread/INFO]: The game is running normally [17:06:02] [Server thread/INFO]: Target tick rate: 20,0 per second. Average time per tick: 27,5ms (Target: 50,0ms) [17:06:02] [Server thread/INFO]: Percentiles: P50: 26,7ms P95: 38,1ms P99: 46,7ms, sample: 100"
"without-umce","1","2026-09-27T15:06:03.0135966+00:00",,"False","100","0","0","0","0","0","True","0","27,6","26,8","38,1","46,7","100","75,67660942958805","104,03432598770206","1594159104","[17:06:03] [Server thread/INFO]: The game is running normally [17:06:03] [Server thread/INFO]: Target tick rate: 20,0 per second. Average time per tick: 27,6ms (Target: 50,0ms) [17:06:03] [Server thread/INFO]: Percentiles: P50: 26,8ms P95: 38,1ms P99: 46,7ms, sample: 100"
"without-umce","1","2026-09-27T15:06:03.1374606+00:00",,"False","100","0","0","0","0","0","True","0","27,6","26,8","38,1","46,7","100","127,60581278165155","104,03432598770206","1594159104","[17:06:03] [Server thread/INFO]: The game is running normally [17:06:03] [Server thread/INFO]: Target tick rate: 20,0 per second. Average time per tick: 27,6ms (Target: 50,0ms) [17:06:03] [Server thread/INFO]: Percentiles: P50: 26,8ms P95: 38,1ms P99: 46,7ms, sample: 100"
"without-umce","1","2026-09-27T15:06:03.2599129+00:00",,"False","100","0","0","0","0","0","True","0","27,4","26,7","38,1","46,7","100","75,36900665659067","104,03432598770206","1594159104","[17:06:03] [Server thread/INFO]: The game is running normally [17:06:03] [Server thread/INFO]: Target tick rate: 20,0 per second. Average time per tick: 27,4ms (Target: 50,0ms) [17:06:03] [Server thread/INFO]: Percentiles: P50: 26,7ms P95: 38,1ms P99: 46,7ms, sample: 100"
"without-umce","1","2026-09-27T15:06:03.3842990+00:00",,"False","100","0","0","0","0","0","True","0","27,3","26,7","36,4","46,7","100","101,74985327671158","104,03432598770206","1594159104","[17:06:03] [Server thread/INFO]: The game is running normally [17:06:03] [Server thread/INFO]: Target tick rate: 20,0 per second. Average time per tick: 27,3ms (Target: 50,0ms) [17:06:03] [Server thread/INFO]: Percentiles: P50: 26,7ms P95: 36,4ms P99: 46,7ms, sample: 100"
"without-umce","1","2026-09-27T15:06:03.5071279+00:00",,"False","100","0","0","0","0","0","True","0","27,2","26,5","36,1","46,7","100","86,02464296332185","104,03432598770206","1594159104","[17:06:03] [Server thread/INFO]: The game is running normally [17:06:03] [Server thread/INFO]: Target tick rate: 20,0 per second. Average time per tick: 27,2ms (Target: 50,0ms) [17:06:03] [Server thread/INFO]: Percentiles: P50: 26,5ms P95: 36,1ms P99: 46,7ms, sample: 100"
"without-umce","1","2026-09-27T15:06:03.6342799+00:00",,"False","100","0","0","0","0","0","True","0","27,3","26,5","36,1","46,7","100","87,55589568380454","104,03432598770206","1594159104","[17:06:03] [Server thread/INFO]: The game is running normally [17:06:03] [Server thread/INFO]: Target tick rate: 20,0 per second. Average time per tick: 27,3ms (Target: 50,0ms) [17:06:03] [Server thread/INFO]: Percentiles: P50: 26,5ms P95: 36,1ms P99: 46,7ms, sample: 100"
"without-umce","1","2026-09-27T15:06:03.7591729+00:00",,"False","100","0","0","0","0","0","True","0","27,2","26,2","36,1","46,7","100","126,6202324950061","104,03432598770206","1594159104","[17:06:03] [Server thread/INFO]: The game is running normally [17:06:03] [Server thread/INFO]: Target tick rate: 20,0 per second. Average time per tick: 27,2ms (Target: 50,0ms) [17:06:03] [Server thread/INFO]: Percentiles: P50: 26,2ms P95: 36,1ms P99: 46,7ms, sample: 100"
"without-umce","1","2026-09-27T15:06:03.8826046+00:00",,"False","100","0","0","0","0","0","True","0","27,1","26,1","36,1","46,7","100","75,24366909800698","104,03432598770206","1594159104","[17:06:03] [Server thread/INFO]: The game is running normally [17:06:03] [Server thread/INFO]: Target tick rate: 20,0 per second. Average time per tick: 27,1ms (Target: 50,0ms) [17:06:03] [Server thread/INFO]: Percentiles: P50: 26,1ms P95: 36,1ms P99: 46,7ms, sample: 100"
"without-umce","1","2026-09-27T15:06:04.0072037+00:00",,"False","100","0","0","0","0","0","True","0","26,8","25,8","36,1","46,7","100","101,05310812413093","104,03432598770206","1594159104","[17:06:04] [Server thread/INFO]: The game is running normally [17:06:04] [Server thread/INFO]: Target tick rate: 20,0 per second. Average time per tick: 26,8ms (Target: 50,0ms) [17:06:04] [Server thread/INFO]: Percentiles: P50: 25,8ms P95: 36,1ms P99: 46,7ms, sample: 100"
"without-umce","1","2026-09-27T15:06:04.1463509+00:00",,"False","100","0","0","0","0","0","True","0","26,7","25,8","36,1","44,8","100","68,14940384718831","104,03432598770206","1594159104","[17:06:04] [Server thread/INFO]: The game is running normally [17:06:04] [Server thread/INFO]: Target tick rate: 20,0 per second. Average time per tick: 26,7ms (Target: 50,0ms) [17:06:04] [Server thread/INFO]: Percentiles: P50: 25,8ms P95: 36,1ms P99: 44,8ms, sample: 100"
"without-umce","1","2026-09-27T15:06:04.2839020+00:00",,"False","100","0","0","0","0","0","True","0","26,6","26,1","36","44,8","100","87,10801393728222","104,03432598770206","1594159104","[17:06:04] [Server thread/INFO]: The game is running normally [17:06:04] [Server thread/INFO]: Target tick rate: 20,0 per second. Average time per tick: 26,6ms (Target: 50,0ms) [17:06:04] [Server thread/INFO]: Percentiles: P50: 26,1ms P95: 36,0ms P99: 44,8ms, sample: 100"
"without-umce","1","2026-09-27T15:06:04.4094552+00:00",,"False","100","0","0","0","0","0","True","0","26,9","26,1","36,1","44,8","100","62,80144694533762","104,03432598770206","1594159104","[17:06:04] [Server thread/INFO]: The game is running normally [17:06:04] [Server thread/INFO]: Target tick rate: 20,0 per second. Average time per tick: 26,9ms (Target: 50,0ms) [17:06:04] [Server thread/INFO]: Percentiles: P50: 26,1ms P95: 36,1ms P99: 44,8ms, sample: 100"
"without-umce","1","2026-09-27T15:06:04.5338733+00:00",,"False","100","0","0","0","0","0","True","0","27,1","26,2","36,1","44,8","100","75,69396224587014","104,03432598770206","1594159104","[17:06:04] [Server thread/INFO]: The game is running normally [17:06:04] [Server thread/INFO]: Target tick rate: 20,0 per second. Average time per tick: 27,1ms (Target: 50,0ms) [17:06:04] [Server thread/INFO]: Percentiles: P50: 26,2ms P95: 36,1ms P99: 44,8ms, sample: 100"
"without-umce","1","2026-09-27T15:06:04.6577113+00:00",,"False","100","0","0","0","0","0","True","0","27,2","26,7","36,1","44,8","100","101,37603778649881","104,03432598770206","1594159104","[17:06:04] [Server thread/INFO]: The game is running normally [17:06:04] [Server thread/INFO]: Target tick rate: 20,0 per second. Average time per tick: 27,2ms (Target: 50,0ms) [17:06:04] [Server thread/INFO]: Percentiles: P50: 26,7ms P95: 36,1ms P99: 44,8ms, sample: 100"
"without-umce","1","2026-09-27T15:06:04.7810159+00:00",,"False","100","0","0","0","0","0","True","0","27,3","26,8","36,1","44,8","100","226,08866212586847","104,03432598770206","1594159104","[17:06:04] [Server thread/INFO]: The game is running normally [17:06:04] [Server thread/INFO]: Target tick rate: 20,0 per second. Average time per tick: 27,3ms (Target: 50,0ms) [17:06:04] [Server thread/INFO]: Percentiles: P50: 26,8ms P95: 36,1ms P99: 44,8ms, sample: 100"
"without-umce","1","2026-09-27T15:06:04.9054085+00:00",,"False","100","0","0","0","0","0","True","0","27,6","26,8","36,1","44,8","100","87,9476181975784","104,03432598770206","1594159104","[17:06:04] [Server thread/INFO]: The game is running normally [17:06:04] [Server thread/INFO]: Target tick rate: 20,0 per second. Average time per tick: 27,6ms (Target: 50,0ms) [17:06:04] [Server thread/INFO]: Percentiles: P50: 26,8ms P95: 36,1ms P99: 44,8ms, sample: 100"
"without-umce","1","2026-09-27T15:06:05.0297876+00:00",,"False","100","0","0","0","0","0","True","0","27,8","27,2","36,1","44,8","100","160,69367454319485","104,03432598770206","1594159104","[17:06:05] [Server thread/INFO]: The game is running normally [17:06:05] [Server thread/INFO]: Target tick rate: 20,0 per second. Average time per tick: 27,8ms (Target: 50,0ms) [17:06:05] [Server thread/INFO]: Percentiles: P50: 27,2ms P95: 36,1ms P99: 44,8ms, sample: 100"
"without-umce","1","2026-09-27T15:06:05.1562023+00:00",,"False","100","0","0","0","0","0","True","0","27,9","27,3","38,4","44,8","100","87,04409783318889","104,03432598770206","1594159104","[17:06:05] [Server thread/INFO]: The game is running normally [17:06:05] [Server thread/INFO]: Target tick rate: 20,0 per second. Average time per tick: 27,9ms (Target: 50,0ms) [17:06:05] [Server thread/INFO]: Percentiles: P50: 27,3ms P95: 38,4ms P99: 44,8ms, sample: 100"
"without-umce","1","2026-09-27T15:06:05.2818594+00:00",,"False","100","0","0","0","0","0","True","0","27,9","27,3","38,4","44,8","100","124,54248074274345","104,03432598770206","1594159104","[17:06:05] [Server thread/INFO]: The game is running normally [17:06:05] [Server thread/INFO]: Target tick rate: 20,0 per second. Average time per tick: 27,9ms (Target: 50,0ms) [17:06:05] [Server thread/INFO]: Percentiles: P50: 27,3ms P95: 38,4ms P99: 44,8ms, sample: 100"
"without-umce","1","2026-09-27T15:06:05.4072874+00:00",,"False","100","0","0","0","0","0","True","0","27,7","27,2","38,4","44,8","100","101,17435092606908","104,03432598770206","1594159104","[17:06:05] [Server thread/INFO]: The game is running normally [17:06:05] [Server thread/INFO]: Target tick rate: 20,0 per second. Average time per tick: 27,7ms (Target: 50,0ms) [17:06:05] [Server thread/INFO]: Percentiles: P50: 27,2ms P95: 38,4ms P99: 44,8ms, sample: 100"
"without-umce","1","2026-09-27T15:06:05.5308603+00:00",,"False","100","0","0","0","0","0","True","0","27,8","27,3","38,4","44,8","100","137,57406987922298","104,03432598770206","1594159104","[17:06:05] [Server thread/INFO]: The game is running normally [17:06:05] [Server thread/INFO]: Target tick rate: 20,0 per second. Average time per tick: 27,8ms (Target: 50,0ms) [17:06:05] [Server thread/INFO]: Percentiles: P50: 27,3ms P95: 38,4ms P99: 44,8ms, sample: 100"
"without-umce","1","2026-09-27T15:06:05.6557750+00:00",,"False","100","0","0","0","0","0","True","0","27,6","26,8","38,4","44,8","100","102,25919187423919","104,03432598770206","1594159104","[17:06:05] [Server thread/INFO]: The game is running normally [17:06:05] [Server thread/INFO]: Target tick rate: 20,0 per second. Average time per tick: 27,6ms (Target: 50,0ms) [17:06:05] [Server thread/INFO]: Percentiles: P50: 26,8ms P95: 38,4ms P99: 44,8ms, sample: 100"
"without-umce","1","2026-09-27T15:06:05.7780304+00:00",,"False","100","0","0","0","0","0","True","0","27,6","26,8","38,4","44,8","100","112,50144001843223","104,03432598770206","1594159104","[17:06:05] [Server thread/INFO]: The game is running normally [17:06:05] [Server thread/INFO]: Target tick rate: 20,0 per second. Average time per tick: 27,6ms (Target: 50,0ms) [17:06:05] [Server thread/INFO]: Percentiles: P50: 26,8ms P95: 38,4ms P99: 44,8ms, sample: 100"
"without-umce","1","2026-09-27T15:06:05.9030080+00:00",,"False","100","0","0","0","0","0","True","0","27,7","27","38,4","44,8","100","163,9657223855489","104,03432598770206","1594159104","[17:06:05] [Server thread/INFO]: The game is running normally [17:06:05] [Server thread/INFO]: Target tick rate: 20,0 per second. Average time per tick: 27,7ms (Target: 50,0ms) [17:06:05] [Server thread/INFO]: Percentiles: P50: 27,0ms P95: 38,4ms P99: 44,8ms, sample: 100"
"without-umce","1","2026-09-27T15:06:06.0269175+00:00",,"False","100","0","0","0","0","0","True","0","27,9","27,2","38,4","44,8","100","125,83179852094284","104,03432598770206","1594159104","[17:06:06] [Server thread/INFO]: The game is running normally [17:06:06] [Server thread/INFO]: Target tick rate: 20,0 per second. Average time per tick: 27,9ms (Target: 50,0ms) [17:06:06] [Server thread/INFO]: Percentiles: P50: 27,2ms P95: 38,4ms P99: 44,8ms, sample: 100"
"without-umce","1","2026-09-27T15:06:06.1510895+00:00",,"False","100","0","0","0","0","0","True","0","28","27,3","38,4","44,8","100","201,97368686807482","104,03432598770206","1594159104","[17:06:06] [Server thread/INFO]: The game is running normally [17:06:06] [Server thread/INFO]: Target tick rate: 20,0 per second. Average time per tick: 28,0ms (Target: 50,0ms) [17:06:06] [Server thread/INFO]: Percentiles: P50: 27,3ms P95: 38,4ms P99: 44,8ms, sample: 100"
"without-umce","1","2026-09-27T15:06:06.2748779+00:00",,"False","100","0","0","0","0","0","True","0","28,1","27,3","38,4","44,8","100","150,5956358589493","104,03432598770206","1594159104","[17:06:06] [Server thread/INFO]: The game is running normally [17:06:06] [Server thread/INFO]: Target tick rate: 20,0 per second. Average time per tick: 28,1ms (Target: 50,0ms) [17:06:06] [Server thread/INFO]: Percentiles: P50: 27,3ms P95: 38,4ms P99: 44,8ms, sample: 100"
"without-umce","1","2026-09-27T15:06:06.3993863+00:00",,"False","100","0","0","0","0","0","True","0","28,1","27,3","37,6","44,8","100","63,06384119132338","104,03432598770206","1594159104","[17:06:06] [Server thread/INFO]: The game is running normally [17:06:06] [Server thread/INFO]: Target tick rate: 20,0 per second. Average time per tick: 28,1ms (Target: 50,0ms) [17:06:06] [Server thread/INFO]: Percentiles: P50: 27,3ms P95: 37,6ms P99: 44,8ms, sample: 100"
"without-umce","1","2026-09-27T15:06:06.5232806+00:00",,"False","100","0","0","0","0","0","True","0","28,1","27,2","37,6","44,8","100","122,22630729702612","104,03432598770206","1594159104","[17:06:06] [Server thread/INFO]: The game is running normally [17:06:06] [Server thread/INFO]: Target tick rate: 20,0 per second. Average time per tick: 28,1ms (Target: 50,0ms) [17:06:06] [Server thread/INFO]: Percentiles: P50: 27,2ms P95: 37,6ms P99: 44,8ms, sample: 100"
"without-umce","1","2026-09-27T15:06:06.6638763+00:00",,"False","100","0","0","0","0","0","True","0","28,3","27,3","38,5","44,8","100","34,54155708549579","104,03432598770206","1594159104","[17:06:06] [Server thread/INFO]: The game is running normally [17:06:06] [Server thread/INFO]: Target tick rate: 20,0 per second. Average time per tick: 28,3ms (Target: 50,0ms) [17:06:06] [Server thread/INFO]: Percentiles: P50: 27,3ms P95: 38,5ms P99: 44,8ms, sample: 100"
"without-umce","1","2026-09-27T15:06:06.7995857+00:00",,"False","100","0","0","0","0","0","True","0","28,3","27,3","38,5","44,8","100","74,85771046395013","104,03432598770206","1594159104","[17:06:06] [Server thread/INFO]: The game is running normally [17:06:06] [Server thread/INFO]: Target tick rate: 20,0 per second. Average time per tick: 28,3ms (Target: 50,0ms) [17:06:06] [Server thread/INFO]: Percentiles: P50: 27,3ms P95: 38,5ms P99: 44,8ms, sample: 100"
"without-umce","1","2026-09-27T15:06:06.9248406+00:00",,"False","100","0","0","0","0","0","True","0","28,2","27,2","38,5","44,8","100","62,48735255984189","104,03432598770206","1594159104","[17:06:06] [Server thread/INFO]: The game is running normally [17:06:06] [Server thread/INFO]: Target tick rate: 20,0 per second. Average time per tick: 28,2ms (Target: 50,0ms) [17:06:06] [Server thread/INFO]: Percentiles: P50: 27,2ms P95: 38,5ms P99: 44,8ms, sample: 100"
"without-umce","1","2026-09-27T15:06:07.0498432+00:00",,"False","100","0","0","0","0","0","True","0","28,2","27,3","38,5","44,8","100","138,71458490543196","104,03432598770206","1594159104","[17:06:07] [Server thread/INFO]: The game is running normally [17:06:07] [Server thread/INFO]: Target tick rate: 20,0 per second. Average time per tick: 28,2ms (Target: 50,0ms) [17:06:07] [Server thread/INFO]: Percentiles: P50: 27,3ms P95: 38,5ms P99: 44,8ms, sample: 100"
"without-umce","1","2026-09-27T15:06:07.1737444+00:00",,"False","100","0","0","0","0","0","True","0","28,1","27,2","37,7","43,4","100","99,58715150472203","104,03432598770206","1594159104","[17:06:07] [Server thread/INFO]: The game is running normally [17:06:07] [Server thread/INFO]: Target tick rate: 20,0 per second. Average time per tick: 28,1ms (Target: 50,0ms) [17:06:07] [Server thread/INFO]: Percentiles: P50: 27,2ms P95: 37,7ms P99: 43,4ms, sample: 100"
"without-umce","1","2026-09-27T15:06:07.2992931+00:00",,"False","100","0","0","0","0","0","True","0","28","27,2","37,7","43,4","100","100,54851224399344","104,03432598770206","1594159104","[17:06:07] [Server thread/INFO]: The game is running normally [17:06:07] [Server thread/INFO]: Target tick rate: 20,0 per second. Average time per tick: 28,0ms (Target: 50,0ms) [17:06:07] [Server thread/INFO]: Percentiles: P50: 27,2ms P95: 37,7ms P99: 43,4ms, sample: 100"
"without-umce","1","2026-09-27T15:06:07.4235645+00:00",,"False","100","0","0","0","0","0","True","0","28,1","27,5","38,5","43,4","100","164,68757803657545","104,03432598770206","1594159104","[17:06:07] [Server thread/INFO]: The game is running normally [17:06:07] [Server thread/INFO]: Target tick rate: 20,0 per second. Average time per tick: 28,1ms (Target: 50,0ms) [17:06:07] [Server thread/INFO]: Percentiles: P50: 27,5ms P95: 38,5ms P99: 43,4ms, sample: 100"
"without-umce","1","2026-09-27T15:06:07.5469213+00:00",,"False","100","0","0","0","0","0","True","0","28,2","27,5","38,5","43,4","100","86,71643033548852","104,03432598770206","1594159104","[17:06:07] [Server thread/INFO]: The game is running normally [17:06:07] [Server thread/INFO]: Target tick rate: 20,0 per second. Average time per tick: 28,2ms (Target: 50,0ms) [17:06:07] [Server thread/INFO]: Percentiles: P50: 27,5ms P95: 38,5ms P99: 43,4ms, sample: 100"
"without-umce","1","2026-09-27T15:06:07.6730503+00:00",,"False","100","0","0","0","0","0","True","0","28,2","27,6","38,5","43,4","100","101,26803786290415","104,03432598770206","1594159104","[17:06:07] [Server thread/INFO]: The game is running normally [17:06:07] [Server thread/INFO]: Target tick rate: 20,0 per second. Average time per tick: 28,2ms (Target: 50,0ms) [17:06:07] [Server thread/INFO]: Percentiles: P50: 27,6ms P95: 38,5ms P99: 43,4ms, sample: 100"
"without-umce","1","2026-09-27T15:06:07.7965529+00:00",,"False","100","0","0","0","0","0","True","0","28,3","27,6","38,5","43,4","100","163,7546224150955","104,03432598770206","1594159104","[17:06:07] [Server thread/INFO]: The game is running normally [17:06:07] [Server thread/INFO]: Target tick rate: 20,0 per second. Average time per tick: 28,3ms (Target: 50,0ms) [17:06:07] [Server thread/INFO]: Percentiles: P50: 27,6ms P95: 38,5ms P99: 43,4ms, sample: 100"
"without-umce","1","2026-09-27T15:06:07.9205139+00:00",,"False","100","0","0","0","0","0","True","0","28,4","27,7","38,5","43,4","100","87,17654016537041","104,03432598770206","1594159104","[17:06:07] [Server thread/INFO]: The game is running normally [17:06:07] [Server thread/INFO]: Target tick rate: 20,0 per second. Average time per tick: 28,4ms (Target: 50,0ms) [17:06:07] [Server thread/INFO]: Percentiles: P50: 27,7ms P95: 38,5ms P99: 43,4ms, sample: 100"
"without-umce","1","2026-09-27T15:06:08.0460981+00:00",,"False","100","0","0","0","0","0","True","0","28,4","27,7","38,5","43,4","100","127,68788096956165","104,03432598770206","1594159104","[17:06:08] [Server thread/INFO]: The game is running normally [17:06:08] [Server thread/INFO]: Target tick rate: 20,0 per second. Average time per tick: 28,4ms (Target: 50,0ms) [17:06:08] [Server thread/INFO]: Percentiles: P50: 27,7ms P95: 38,5ms P99: 43,4ms, sample: 100"
"without-umce","1","2026-09-27T15:06:08.1683432+00:00",,"False","100","0","0","0","0","0","True","0","28,6","27,7","40,5","48,6","100","126,64363170978223","104,03432598770206","1594159104","[17:06:08] [Server thread/INFO]: The game is running normally [17:06:08] [Server thread/INFO]: Target tick rate: 20,0 per second. Average time per tick: 28,6ms (Target: 50,0ms) [17:06:08] [Server thread/INFO]: Percentiles: P50: 27,7ms P95: 40,5ms P99: 48,6ms, sample: 100"
"without-umce","1","2026-09-27T15:06:08.2917486+00:00",,"False","100","0","0","0","0","0","True","0","28,6","27,7","40,5","48,6","100","100,37653244852089","104,03432598770206","1594159104","[17:06:08] [Server thread/INFO]: The game is running normally [17:06:08] [Server thread/INFO]: Target tick rate: 20,0 per second. Average time per tick: 28,6ms (Target: 50,0ms) [17:06:08] [Server thread/INFO]: Percentiles: P50: 27,7ms P95: 40,5ms P99: 48,6ms, sample: 100"
"without-umce","1","2026-09-27T15:06:08.4162704+00:00",,"False","100","0","0","0","0","0","True","0","28,6","27,7","40,5","48,6","100","111,2586208124233","104,03432598770206","1594159104","[17:06:08] [Server thread/INFO]: The game is running normally [17:06:08] [Server thread/INFO]: Target tick rate: 20,0 per second. Average time per tick: 28,6ms (Target: 50,0ms) [17:06:08] [Server thread/INFO]: Percentiles: P50: 27,7ms P95: 40,5ms P99: 48,6ms, sample: 100"
"without-umce","1","2026-09-27T15:06:08.5426915+00:00",,"False","100","0","0","0","0","0","True","0","28,7","27,8","40,5","48,6","100","113,90688673949687","104,03432598770206","1594159104","[17:06:08] [Server thread/INFO]: The game is running normally [17:06:08] [Server thread/INFO]: Target tick rate: 20,0 per second. Average time per tick: 28,7ms (Target: 50,0ms) [17:06:08] [Server thread/INFO]: Percentiles: P50: 27,8ms P95: 40,5ms P99: 48,6ms, sample: 100"
"without-umce","1","2026-09-27T15:06:08.6661126+00:00",,"False","100","0","0","0","0","0","True","0","28,6","27,7","40,5","48,6","100","126,2556885763045","104,03432598770206","1594159104","[17:06:08] [Server thread/INFO]: The game is running normally [17:06:08] [Server thread/INFO]: Target tick rate: 20,0 per second. Average time per tick: 28,6ms (Target: 50,0ms) [17:06:08] [Server thread/INFO]: Percentiles: P50: 27,7ms P95: 40,5ms P99: 48,6ms, sample: 100"
"without-umce","1","2026-09-27T15:06:08.7898776+00:00",,"False","100","0","0","0","0","0","True","0","28,6","27,8","40,5","48,6","100","304,2068152061224","104,03432598770206","1594159104","[17:06:08] [Server thread/INFO]: The game is running normally [17:06:08] [Server thread/INFO]: Target tick rate: 20,0 per second. Average time per tick: 28,6ms (Target: 50,0ms) [17:06:08] [Server thread/INFO]: Percentiles: P50: 27,8ms P95: 40,5ms P99: 48,6ms, sample: 100"
"without-umce","1","2026-09-27T15:06:08.9131402+00:00",,"False","100","0","0","0","0","0","True","0","28,7","27,8","40,5","48,6","100","279,3772560272179","104,03432598770206","1594159104","[17:06:08] [Server thread/INFO]: The game is running normally [17:06:08] [Server thread/INFO]: Target tick rate: 20,0 per second. Average time per tick: 28,7ms (Target: 50,0ms) [17:06:08] [Server thread/INFO]: Percentiles: P50: 27,8ms P95: 40,5ms P99: 48,6ms, sample: 100"
"without-umce","1","2026-09-27T15:06:09.0529638+00:00",,"False","100","0","0","0","0","0","True","0","28,9","27,8","40,5","48,6","100","101,7095154540602","104,03432598770206","1594159104","[17:06:09] [Server thread/INFO]: The game is running normally [17:06:09] [Server thread/INFO]: Target tick rate: 20,0 per second. Average time per tick: 28,9ms (Target: 50,0ms) [17:06:09] [Server thread/INFO]: Percentiles: P50: 27,8ms P95: 40,5ms P99: 48,6ms, sample: 100"
"without-umce","1","2026-09-27T15:06:09.1912224+00:00",,"False","100","0","0","0","0","0","True","0","28,9","27,8","40,5","48,6","100","63,26156806094488","104,03432598770206","1594159104","[17:06:09] [Server thread/INFO]: The game is running normally [17:06:09] [Server thread/INFO]: Target tick rate: 20,0 per second. Average time per tick: 28,9ms (Target: 50,0ms) [17:06:09] [Server thread/INFO]: Percentiles: P50: 27,8ms P95: 40,5ms P99: 48,6ms, sample: 100"
"without-umce","1","2026-09-27T15:06:09.3147660+00:00",,"False","100","0","0","0","0","0","True","0","28,9","27,8","38,5","48,6","100","123,67489767633666","104,03432598770206","1594159104","[17:06:09] [Server thread/INFO]: The game is running normally [17:06:09] [Server thread/INFO]: Target tick rate: 20,0 per second. Average time per tick: 28,9ms (Target: 50,0ms) [17:06:09] [Server thread/INFO]: Percentiles: P50: 27,8ms P95: 38,5ms P99: 48,6ms, sample: 100"
"without-umce","1","2026-09-27T15:06:09.4411024+00:00",,"False","100","0","0","0","0","0","True","0","29","28,1","38,5","48,6","100","114,53888376207189","104,03432598770206","1594159104","[17:06:09] [Server thread/INFO]: The game is running normally [17:06:09] [Server thread/INFO]: Target tick rate: 20,0 per second. Average time per tick: 29,0ms (Target: 50,0ms) [17:06:09] [Server thread/INFO]: Percentiles: P50: 28,1ms P95: 38,5ms P99: 48,6ms, sample: 100"
"without-umce","1","2026-09-27T15:06:09.5638479+00:00",,"False","100","0","0","0","0","0","True","0","28,7","27,8","38,3","48,6","100","101,05534113857841","104,03432598770206","1594159104","[17:06:09] [Server thread/INFO]: The game is running normally [17:06:09] [Server thread/INFO]: Target tick rate: 20,0 per second. Average time per tick: 28,7ms (Target: 50,0ms) [17:06:09] [Server thread/INFO]: Percentiles: P50: 27,8ms P95: 38,3ms P99: 48,6ms, sample: 100"
"without-umce","1","2026-09-27T15:06:09.6875784+00:00",,"False","100","0","0","0","0","0","True","0","28,8","27,8","38,5","48,6","100","127,22408048541381","104,03432598770206","1594159104","[17:06:09] [Server thread/INFO]: The game is running normally [17:06:09] [Server thread/INFO]: Target tick rate: 20,0 per second. Average time per tick: 28,8ms (Target: 50,0ms) [17:06:09] [Server thread/INFO]: Percentiles: P50: 27,8ms P95: 38,5ms P99: 48,6ms, sample: 100"
"without-umce","1","2026-09-27T15:06:09.8103650+00:00",,"False","100","0","0","0","0","0","True","0","28,8","27,8","38,5","48,6","100","87,66944750814373","104,03432598770206","1594159104","[17:06:09] [Server thread/INFO]: The game is running normally [17:06:09] [Server thread/INFO]: Target tick rate: 20,0 per second. Average time per tick: 28,8ms (Target: 50,0ms) [17:06:09] [Server thread/INFO]: Percentiles: P50: 27,8ms P95: 38,5ms P99: 48,6ms, sample: 100"
"without-umce","1","2026-09-27T15:06:09.9351117+00:00",,"False","100","0","0","0","0","0","True","0","28,6","27,8","38,5","48,6","100","114,71884603242066","104,03432598770206","1594159104","[17:06:09] [Server thread/INFO]: The game is running normally [17:06:09] [Server thread/INFO]: Target tick rate: 20,0 per second. Average time per tick: 28,6ms (Target: 50,0ms) [17:06:09] [Server thread/INFO]: Percentiles: P50: 27,8ms P95: 38,5ms P99: 48,6ms, sample: 100"
"without-umce","1","2026-09-27T15:06:10.0577032+00:00",,"False","100","0","0","0","0","0","True","0","28,6","27,6","38,5","48,6","100","98,95096148670258","104,03432598770206","1594159104","[17:06:10] [Server thread/INFO]: The game is running normally [17:06:10] [Server thread/INFO]: Target tick rate: 20,0 per second. Average time per tick: 28,6ms (Target: 50,0ms) [17:06:10] [Server thread/INFO]: Percentiles: P50: 27,6ms P95: 38,5ms P99: 48,6ms, sample: 100"
"without-umce","1","2026-09-27T15:06:10.1840133+00:00",,"False","100","0","0","0","0","0","True","0","28,5","27,6","38,5","48,6","100","150,96995174597757","104,03432598770206","1594159104","[17:06:10] [Server thread/INFO]: The game is running normally [17:06:10] [Server thread/INFO]: Target tick rate: 20,0 per second. Average time per tick: 28,5ms (Target: 50,0ms) [17:06:10] [Server thread/INFO]: Percentiles: P50: 27,6ms P95: 38,5ms P99: 48,6ms, sample: 100"
"without-umce","1","2026-09-27T15:06:10.3082193+00:00",,"False","100","0","0","0","0","0","True","0","28,5","27,6","38,5","48,6","100","114,15033995493242","104,03432598770206","1594159104","[17:06:10] [Server thread/INFO]: The game is running normally [17:06:10] [Server thread/INFO]: Target tick rate: 20,0 per second. Average time per tick: 28,5ms (Target: 50,0ms) [17:06:10] [Server thread/INFO]: Percentiles: P50: 27,6ms P95: 38,5ms P99: 48,6ms, sample: 100"
"without-umce","1","2026-09-27T15:06:10.4314102+00:00",,"False","100","0","0","0","0","0","True","0","28,7","27,6","38,5","48,6","100","126,88716746426248","104,03432598770206","1594159104","[17:06:10] [Server thread/INFO]: The game is running normally [17:06:10] [Server thread/INFO]: Target tick rate: 20,0 per second. Average time per tick: 28,7ms (Target: 50,0ms) [17:06:10] [Server thread/INFO]: Percentiles: P50: 27,6ms P95: 38,5ms P99: 48,6ms, sample: 100"
"without-umce","1","2026-09-27T15:06:10.5545249+00:00",,"False","100","0","0","0","0","0","True","0","28,8","27,6","38,5","48,6","100","99,84719385452505","104,03432598770206","1594159104","[17:06:10] [Server thread/INFO]: The game is running normally [17:06:10] [Server thread/INFO]: Target tick rate: 20,0 per second. Average time per tick: 28,8ms (Target: 50,0ms) [17:06:10] [Server thread/INFO]: Percentiles: P50: 27,6ms P95: 38,5ms P99: 48,6ms, sample: 100"
"without-umce","1","2026-09-27T15:06:10.6797418+00:00",,"False","100","0","0","0","0","0","True","0","28,9","27,6","38,5","48,6","100","137,42963602635453","104,03432598770206","1594159104","[17:06:10] [Server thread/INFO]: The game is running normally [17:06:10] [Server thread/INFO]: Target tick rate: 20,0 per second. Average time per tick: 28,9ms (Target: 50,0ms) [17:06:10] [Server thread/INFO]: Percentiles: P50: 27,6ms P95: 38,5ms P99: 48,6ms, sample: 100"
"without-umce","1","2026-09-27T15:06:10.8048502+00:00",,"False","100","0","0","0","0","0","True","0","29","28,2","38,5","48,6","100","101,2893002484964","104,03432598770206","1594159104","[17:06:10] [Server thread/INFO]: The game is running normally [17:06:10] [Server thread/INFO]: Target tick rate: 20,0 per second. Average time per tick: 29,0ms (Target: 50,0ms) [17:06:10] [Server thread/INFO]: Percentiles: P50: 28,2ms P95: 38,5ms P99: 48,6ms, sample: 100"
"without-umce","1","2026-09-27T15:06:10.9436395+00:00",,"False","100","0","0","0","0","0","True","0","29,3","28,6","38,7","48,6","100","88,98196798215236","104,03432598770206","1594159104","[17:06:10] [Server thread/INFO]: The game is running normally [17:06:10] [Server thread/INFO]: Target tick rate: 20,0 per second. Average time per tick: 29,3ms (Target: 50,0ms) [17:06:10] [Server thread/INFO]: Percentiles: P50: 28,6ms P95: 38,7ms P99: 48,6ms, sample: 100"
"without-umce","1","2026-09-27T15:06:11.0841104+00:00",,"False","100","0","0","0","0","0","True","0","29,4","28,6","39,6","48,6","100","134,43298318619793","104,03432598770206","1594159104","[17:06:11] [Server thread/INFO]: The game is running normally [17:06:11] [Server thread/INFO]: Target tick rate: 20,0 per second. Average time per tick: 29,4ms (Target: 50,0ms) [17:06:11] [Server thread/INFO]: Percentiles: P50: 28,6ms P95: 39,6ms P99: 48,6ms, sample: 100"
"without-umce","1","2026-09-27T15:06:11.2235752+00:00",,"False","100","0","0","0","0","0","True","0","29,5","28,8","39,6","48,6","100","99,86370601403205","104,03432598770206","1594159104","[17:06:11] [Server thread/INFO]: The game is running normally [17:06:11] [Server thread/INFO]: Target tick rate: 20,0 per second. Average time per tick: 29,5ms (Target: 50,0ms) [17:06:11] [Server thread/INFO]: Percentiles: P50: 28,8ms P95: 39,6ms P99: 48,6ms, sample: 100"
"without-umce","1","2026-09-27T15:06:11.3487893+00:00",,"False","100","0","0","0","0","0","True","0","29,4","28,6","39,6","48,6","100","50,401559303281104","104,03432598770206","1594159104","[17:06:11] [Server thread/INFO]: The game is running normally [17:06:11] [Server thread/INFO]: Target tick rate: 20,0 per second. Average time per tick: 29,4ms (Target: 50,0ms) [17:06:11] [Server thread/INFO]: Percentiles: P50: 28,6ms P95: 39,6ms P99: 48,6ms, sample: 100"
"without-umce","1","2026-09-27T15:06:11.4727395+00:00",,"False","100","0","0","0","0","0","True","0","29,3","28,6","39,6","48,6","100","74,86972667558447","104,03432598770206","1594159104","[17:06:11] [Server thread/INFO]: The game is running normally [17:06:11] [Server thread/INFO]: Target tick rate: 20,0 per second. Average time per tick: 29,3ms (Target: 50,0ms) [17:06:11] [Server thread/INFO]: Percentiles: P50: 28,6ms P95: 39,6ms P99: 48,6ms, sample: 100"
"without-umce","1","2026-09-27T15:06:11.5979820+00:00",,"False","100","0","0","0","0","0","True","0","29,2","28,5","39,6","48,6","100","49,81826297666114","104,03432598770206","1594159104","[17:06:11] [Server thread/INFO]: The game is running normally [17:06:11] [Server thread/INFO]: Target tick rate: 20,0 per second. Average time per tick: 29,2ms (Target: 50,0ms) [17:06:11] [Server thread/INFO]: Percentiles: P50: 28,5ms P95: 39,6ms P99: 48,6ms, sample: 100"
"without-umce","1","2026-09-27T15:06:11.7234276+00:00",,"False","100","0","0","0","0","0","True","0","28,9","28,2","39,6","48,6","100","50,51946130896329","104,03432598770206","1594159104","[17:06:11] [Server thread/INFO]: The game is running normally [17:06:11] [Server thread/INFO]: Target tick rate: 20,0 per second. Average time per tick: 28,9ms (Target: 50,0ms) [17:06:11] [Server thread/INFO]: Percentiles: P50: 28,2ms P95: 39,6ms P99: 48,6ms, sample: 100"
"without-umce","1","2026-09-27T15:06:11.8471608+00:00",,"False","100","0","0","0","0","0","True","0","28,8","28,2","39,6","48,6","100","64,08310912789553","104,03432598770206","1594159104","[17:06:11] [Server thread/INFO]: The game is running normally [17:06:11] [Server thread/INFO]: Target tick rate: 20,0 per second. Average time per tick: 28,8ms (Target: 50,0ms) [17:06:11] [Server thread/INFO]: Percentiles: P50: 28,2ms P95: 39,6ms P99: 48,6ms, sample: 100"
"without-umce","1","2026-09-27T15:06:11.9690474+00:00",,"False","100","0","0","0","0","0","True","0","28,7","28,2","39,6","48,6","100","74,72620319150633","104,03432598770206","1594159104","[17:06:12] [Server thread/INFO]: The game is running normally [17:06:12] [Server thread/INFO]: Target tick rate: 20,0 per second. Average time per tick: 28,7ms (Target: 50,0ms) [17:06:12] [Server thread/INFO]: Percentiles: P50: 28,2ms P95: 39,6ms P99: 48,6ms, sample: 100"
"without-umce","1","2026-09-27T15:06:12.0945122+00:00",,"False","100","0","0","0","0","0","True","0","28,6","27,6","39,6","48,6","100","74,62841021983341","104,03432598770206","1594159104","[17:06:12] [Server thread/INFO]: The game is running normally [17:06:12] [Server thread/INFO]: Target tick rate: 20,0 per second. Average time per tick: 28,6ms (Target: 50,0ms) [17:06:12] [Server thread/INFO]: Percentiles: P50: 27,6ms P95: 39,6ms P99: 48,6ms, sample: 100"
"without-umce","1","2026-09-27T15:06:12.2201179+00:00",,"False","100","0","0","0","0","0","True","0","28,5","27,6","39,6","48,6","100","124,25605415257768","104,03432598770206","1594159104","[17:06:12] [Server thread/INFO]: The game is running normally [17:06:12] [Server thread/INFO]: Target tick rate: 20,0 per second. Average time per tick: 28,5ms (Target: 50,0ms) [17:06:12] [Server thread/INFO]: Percentiles: P50: 27,6ms P95: 39,6ms P99: 48,6ms, sample: 100"
"without-umce","1","2026-09-27T15:06:12.3459851+00:00",,"False","100","0","0","0","0","0","True","0","28,5","27,6","38,7","48,6","100","75,74906737748245","104,03432598770206","1594159104","[17:06:12] [Server thread/INFO]: The game is running normally [17:06:12] [Server thread/INFO]: Target tick rate: 20,0 per second. Average time per tick: 28,5ms (Target: 50,0ms) [17:06:12] [Server thread/INFO]: Percentiles: P50: 27,6ms P95: 38,7ms P99: 48,6ms, sample: 100"
"without-umce","1","2026-09-27T15:06:12.4696346+00:00",,"False","100","0","0","0","0","0","True","0","28,3","27,5","38,7","48,6","100","139,45765071771498","104,03432598770206","1594159104","[17:06:12] [Server thread/INFO]: The game is running normally [17:06:12] [Server thread/INFO]: Target tick rate: 20,0 per second. Average time per tick: 28,3ms (Target: 50,0ms) [17:06:12] [Server thread/INFO]: Percentiles: P50: 27,5ms P95: 38,7ms P99: 48,6ms, sample: 100"
"without-umce","1","2026-09-27T15:06:12.5929208+00:00",,"False","100","0","0","0","0","0","True","0","28,5","27,6","38,7","48,6","100","161,69939396062216","104,03432598770206","1594159104","[17:06:12] [Server thread/INFO]: The game is running normally [17:06:12] [Server thread/INFO]: Target tick rate: 20,0 per second. Average time per tick: 28,5ms (Target: 50,0ms) [17:06:12] [Server thread/INFO]: Percentiles: P50: 27,6ms P95: 38,7ms P99: 48,6ms, sample: 100"
"without-umce","1","2026-09-27T15:06:12.7185127+00:00",,"False","100","0","0","0","0","0","True","0","28,5","27,6","38,7","48,6","100","101,82992447478163","104,03432598770206","1594159104","[17:06:12] [Server thread/INFO]: The game is running normally [17:06:12] [Server thread/INFO]: Target tick rate: 20,0 per second. Average time per tick: 28,5ms (Target: 50,0ms) [17:06:12] [Server thread/INFO]: Percentiles: P50: 27,6ms P95: 38,7ms P99: 48,6ms, sample: 100"
"without-umce","1","2026-09-27T15:06:12.8412719+00:00",,"False","100","0","0","0","0","0","True","0","28,4","27,5","38,7","48,6","100","153,16787934782343","104,03432598770206","1594159104","[17:06:12] [Server thread/INFO]: The game is running normally [17:06:12] [Server thread/INFO]: Target tick rate: 20,0 per second. Average time per tick: 28,4ms (Target: 50,0ms) [17:06:12] [Server thread/INFO]: Percentiles: P50: 27,5ms P95: 38,7ms P99: 48,6ms, sample: 100"
"without-umce","1","2026-09-27T15:06:12.9637071+00:00",,"False","100","0","0","0","0","0","True","0","28,4","27,4","38,7","48,6","100","100,35590217146087","104,03432598770206","1594159104","[17:06:13] [Server thread/INFO]: The game is running normally [17:06:13] [Server thread/INFO]: Target tick rate: 20,0 per second. Average time per tick: 28,4ms (Target: 50,0ms) [17:06:13] [Server thread/INFO]: Percentiles: P50: 27,4ms P95: 38,7ms P99: 48,6ms, sample: 100"
"without-umce","1","2026-09-27T15:06:13.0882559+00:00",,"False","100","0","0","0","0","0","True","0","28,2","27,4","38,3","44,3","100","124,51151641878582","104,03432598770206","1594159104","[17:06:13] [Server thread/INFO]: The game is running normally [17:06:13] [Server thread/INFO]: Target tick rate: 20,0 per second. Average time per tick: 28,2ms (Target: 50,0ms) [17:06:13] [Server thread/INFO]: Percentiles: P50: 27,4ms P95: 38,3ms P99: 44,3ms, sample: 100"
"without-umce","1","2026-09-27T15:06:13.2137440+00:00",,"False","100","0","0","0","0","0","True","0","28,1","27,4","38,3","44,3","100","160,7037181203381","104,03432598770206","1594159104","[17:06:13] [Server thread/INFO]: The game is running normally [17:06:13] [Server thread/INFO]: Target tick rate: 20,0 per second. Average time per tick: 28,1ms (Target: 50,0ms) [17:06:13] [Server thread/INFO]: Percentiles: P50: 27,4ms P95: 38,3ms P99: 44,3ms, sample: 100"
"without-umce","1","2026-09-27T15:06:13.3401391+00:00",,"False","100","0","0","0","0","0","True","0","28,2","27,5","38,7","44,3","100","63,05152429329834","104,03432598770206","1594159104","[17:06:13] [Server thread/INFO]: The game is running normally [17:06:13] [Server thread/INFO]: Target tick rate: 20,0 per second. Average time per tick: 28,2ms (Target: 50,0ms) [17:06:13] [Server thread/INFO]: Percentiles: P50: 27,5ms P95: 38,7ms P99: 44,3ms, sample: 100"
"without-umce","1","2026-09-27T15:06:13.4640733+00:00",,"False","100","0","0","0","0","0","True","0","28,2","27,5","38,7","44,3","100","74,65313168892061","104,03432598770206","1594159104","[17:06:13] [Server thread/INFO]: The game is running normally [17:06:13] [Server thread/INFO]: Target tick rate: 20,0 per second. Average time per tick: 28,2ms (Target: 50,0ms) [17:06:13] [Server thread/INFO]: Percentiles: P50: 27,5ms P95: 38,7ms P99: 44,3ms, sample: 100"
"without-umce","1","2026-09-27T15:06:13.5896213+00:00",,"False","100","0","0","0","0","0","True","0","28,2","27,5","38,7","44,3","100","124,53791452195773","104,03432598770206","1594159104","[17:06:13] [Server thread/INFO]: The game is running normally [17:06:13] [Server thread/INFO]: Target tick rate: 20,0 per second. Average time per tick: 28,2ms (Target: 50,0ms) [17:06:13] [Server thread/INFO]: Percentiles: P50: 27,5ms P95: 38,7ms P99: 44,3ms, sample: 100"
"with-umce","1","2026-09-27T15:07:26.4853187+00:00","646522184381b84f3179ea440c481a63331a8f518bdbf22902283a96953672c7","False","100","0","0","0","0","0","True","0","32,8","32,3","40,4","49,1","100","137,3727378956135","116,49446631053144","1623814144","[17:07:26] [Server thread/INFO]: The game is running normally [17:07:26] [Server thread/INFO]: Target tick rate: 20,0 per second. Average time per tick: 32,8ms (Target: 50,0ms) [17:07:26] [Server thread/INFO]: Percentiles: P50: 32,3ms P95: 40,4ms P99: 49,1ms, sample: 100"
"with-umce","1","2026-09-27T15:07:26.6155705+00:00","646522184381b84f3179ea440c481a63331a8f518bdbf22902283a96953672c7","False","100","0","0","0","0","0","True","0","32,9","33","40,4","49,1","100","122,7606668752259","116,49446631053144","1623814144","[17:07:26] [Server thread/INFO]: The game is running normally [17:07:26] [Server thread/INFO]: Target tick rate: 20,0 per second. Average time per tick: 32,9ms (Target: 50,0ms) [17:07:26] [Server thread/INFO]: Percentiles: P50: 33,0ms P95: 40,4ms P99: 49,1ms, sample: 100"
"with-umce","1","2026-09-27T15:07:26.7505639+00:00","646522184381b84f3179ea440c481a63331a8f518bdbf22902283a96953672c7","False","100","0","0","0","0","0","True","0","33","33,1","40,4","49,1","100","112,78521124218925","116,49446631053144","1623814144","[17:07:26] [Server thread/INFO]: The game is running normally [17:07:26] [Server thread/INFO]: Target tick rate: 20,0 per second. Average time per tick: 33,0ms (Target: 50,0ms) [17:07:26] [Server thread/INFO]: Percentiles: P50: 33,1ms P95: 40,4ms P99: 49,1ms, sample: 100"
"with-umce","1","2026-09-27T15:07:26.8752048+00:00","646522184381b84f3179ea440c481a63331a8f518bdbf22902283a96953672c7","False","100","0","0","0","0","0","True","0","33,2","33,4","40,4","49,1","100","126,75355944275483","116,49446631053144","1623814144","[17:07:26] [Server thread/INFO]: The game is running normally [17:07:26] [Server thread/INFO]: Target tick rate: 20,0 per second. Average time per tick: 33,2ms (Target: 50,0ms) [17:07:26] [Server thread/INFO]: Percentiles: P50: 33,4ms P95: 40,4ms P99: 49,1ms, sample: 100"
"with-umce","1","2026-09-27T15:07:26.9984928+00:00","646522184381b84f3179ea440c481a63331a8f518bdbf22902283a96953672c7","False","100","0","0","0","0","0","True","0","33,2","33,4","40,4","49,1","100","63,11963281138277","116,49446631053144","1623814144","[17:07:27] [Server thread/INFO]: The game is running normally [17:07:27] [Server thread/INFO]: Target tick rate: 20,0 per second. Average time per tick: 33,2ms (Target: 50,0ms) [17:07:27] [Server thread/INFO]: Percentiles: P50: 33,4ms P95: 40,4ms P99: 49,1ms, sample: 100"
"with-umce","1","2026-09-27T15:07:27.1222774+00:00","646522184381b84f3179ea440c481a63331a8f518bdbf22902283a96953672c7","False","100","0","0","0","0","0","True","0","33","33,1","40,4","49,1","100","126,53522659725922","116,49446631053144","1623814144","[17:07:27] [Server thread/INFO]: The game is running normally [17:07:27] [Server thread/INFO]: Target tick rate: 20,0 per second. Average time per tick: 33,0ms (Target: 50,0ms) [17:07:27] [Server thread/INFO]: Percentiles: P50: 33,1ms P95: 40,4ms P99: 49,1ms, sample: 100"
"with-umce","1","2026-09-27T15:07:27.2457347+00:00","646522184381b84f3179ea440c481a63331a8f518bdbf22902283a96953672c7","False","100","0","0","0","0","0","True","0","32,9","33","40,3","49,1","100","162,84627632197103","116,49446631053144","1623814144","[17:07:27] [Server thread/INFO]: The game is running normally [17:07:27] [Server thread/INFO]: Target tick rate: 20,0 per second. Average time per tick: 32,9ms (Target: 50,0ms) [17:07:27] [Server thread/INFO]: Percentiles: P50: 33,0ms P95: 40,3ms P99: 49,1ms, sample: 100"
"with-umce","1","2026-09-27T15:07:27.3704825+00:00","646522184381b84f3179ea440c481a63331a8f518bdbf22902283a96953672c7","False","100","0","0","0","0","0","True","0","32,9","32,4","40,4","49,1","100","114,23045430619368","116,49446631053144","1623814144","[17:07:27] [Server thread/INFO]: The game is running normally [17:07:27] [Server thread/INFO]: Target tick rate: 20,0 per second. Average time per tick: 32,9ms (Target: 50,0ms) [17:07:27] [Server thread/INFO]: Percentiles: P50: 32,4ms P95: 40,4ms P99: 49,1ms, sample: 100"
"with-umce","1","2026-09-27T15:07:27.4935809+00:00","646522184381b84f3179ea440c481a63331a8f518bdbf22902283a96953672c7","False","100","0","0","0","0","0","True","0","33","32,4","40,4","49,1","100","75,08601854284268","116,49446631053144","1623814144","[17:07:27] [Server thread/INFO]: The game is running normally [17:07:27] [Server thread/INFO]: Target tick rate: 20,0 per second. Average time per tick: 33,0ms (Target: 50,0ms) [17:07:27] [Server thread/INFO]: Percentiles: P50: 32,4ms P95: 40,4ms P99: 49,1ms, sample: 100"
"with-umce","1","2026-09-27T15:07:27.6184836+00:00","646522184381b84f3179ea440c481a63331a8f518bdbf22902283a96953672c7","False","100","0","0","0","0","0","True","0","33","33","40,4","49,1","100","149,87937707732817","116,49446631053144","1623814144","[17:07:27] [Server thread/INFO]: The game is running normally [17:07:27] [Server thread/INFO]: Target tick rate: 20,0 per second. Average time per tick: 33,0ms (Target: 50,0ms) [17:07:27] [Server thread/INFO]: Percentiles: P50: 33,0ms P95: 40,4ms P99: 49,1ms, sample: 100"
"with-umce","1","2026-09-27T15:07:27.7435452+00:00","646522184381b84f3179ea440c481a63331a8f518bdbf22902283a96953672c7","False","100","0","0","0","0","0","True","0","32,9","32,3","40,4","49,1","100","111,64772591942152","116,49446631053144","1623814144","[17:07:27] [Server thread/INFO]: The game is running normally [17:07:27] [Server thread/INFO]: Target tick rate: 20,0 per second. Average time per tick: 32,9ms (Target: 50,0ms) [17:07:27] [Server thread/INFO]: Percentiles: P50: 32,3ms P95: 40,4ms P99: 49,1ms, sample: 100"
"with-umce","1","2026-09-27T15:07:27.8695378+00:00","646522184381b84f3179ea440c481a63331a8f518bdbf22902283a96953672c7","False","100","0","0","0","0","0","True","0","32,8","32,3","40,3","49,1","100","125,1347450935167","116,49446631053144","1623814144","[17:07:27] [Server thread/INFO]: The game is running normally [17:07:27] [Server thread/INFO]: Target tick rate: 20,0 per second. Average time per tick: 32,8ms (Target: 50,0ms) [17:07:27] [Server thread/INFO]: Percentiles: P50: 32,3ms P95: 40,3ms P99: 49,1ms, sample: 100"
"with-umce","1","2026-09-27T15:07:27.9943587+00:00","646522184381b84f3179ea440c481a63331a8f518bdbf22902283a96953672c7","False","100","0","0","0","0","0","True","0","33","32,4","40,3","49,1","100","135,26999300334407","116,49446631053144","1623814144","[17:07:28] [Server thread/INFO]: The game is running normally [17:07:28] [Server thread/INFO]: Target tick rate: 20,0 per second. Average time per tick: 33,0ms (Target: 50,0ms) [17:07:28] [Server thread/INFO]: Percentiles: P50: 32,4ms P95: 40,3ms P99: 49,1ms, sample: 100"
"with-umce","1","2026-09-27T15:07:28.1214081+00:00","646522184381b84f3179ea440c481a63331a8f518bdbf22902283a96953672c7","False","100","0","0","0","0","0","True","0","33,1","33,3","40,4","49,1","100","138,97390161092483","116,49446631053144","1623814144","[17:07:28] [Server thread/INFO]: The game is running normally [17:07:28] [Server thread/INFO]: Target tick rate: 20,0 per second. Average time per tick: 33,1ms (Target: 50,0ms) [17:07:28] [Server thread/INFO]: Percentiles: P50: 33,3ms P95: 40,4ms P99: 49,1ms, sample: 100"
"with-umce","1","2026-09-27T15:07:28.2450849+00:00","646522184381b84f3179ea440c481a63331a8f518bdbf22902283a96953672c7","False","100","0","0","0","0","0","True","0","33,2","33,9","40,4","49,1","100","150,73377200210626","116,49446631053144","1623814144","[17:07:28] [Server thread/INFO]: The game is running normally [17:07:28] [Server thread/INFO]: Target tick rate: 20,0 per second. Average time per tick: 33,2ms (Target: 50,0ms) [17:07:28] [Server thread/INFO]: Percentiles: P50: 33,9ms P95: 40,4ms P99: 49,1ms, sample: 100"
"with-umce","1","2026-09-27T15:07:28.3695026+00:00","646522184381b84f3179ea440c481a63331a8f518bdbf22902283a96953672c7","False","100","0","0","0","0","0","True","0","33,2","33,4","40,4","49,1","100","125,31398672513849","116,49446631053144","1623814144","[17:07:28] [Server thread/INFO]: The game is running normally [17:07:28] [Server thread/INFO]: Target tick rate: 20,0 per second. Average time per tick: 33,2ms (Target: 50,0ms) [17:07:28] [Server thread/INFO]: Percentiles: P50: 33,4ms P95: 40,4ms P99: 49,1ms, sample: 100"
"with-umce","1","2026-09-27T15:07:28.4941786+00:00","646522184381b84f3179ea440c481a63331a8f518bdbf22902283a96953672c7","False","100","0","0","0","0","0","True","0","33,3","33,6","40,4","49,1","100","113,89858348634552","116,49446631053144","1623814144","[17:07:28] [Server thread/INFO]: The game is running normally [17:07:28] [Server thread/INFO]: Target tick rate: 20,0 per second. Average time per tick: 33,3ms (Target: 50,0ms) [17:07:28] [Server thread/INFO]: Percentiles: P50: 33,6ms P95: 40,4ms P99: 49,1ms, sample: 100"
"with-umce","1","2026-09-27T15:07:28.6176296+00:00","646522184381b84f3179ea440c481a63331a8f518bdbf22902283a96953672c7","False","100","0","0","0","0","0","True","0","33,2","33,3","41,4","49,1","100","175,2666857890967","116,49446631053144","1623814144","[17:07:28] [Server thread/INFO]: The game is running normally [17:07:28] [Server thread/INFO]: Target tick rate: 20,0 per second. Average time per tick: 33,2ms (Target: 50,0ms) [17:07:28] [Server thread/INFO]: Percentiles: P50: 33,3ms P95: 41,4ms P99: 49,1ms, sample: 100"
"with-umce","1","2026-09-27T15:07:28.7424832+00:00","646522184381b84f3179ea440c481a63331a8f518bdbf22902283a96953672c7","False","100","0","0","0","0","0","True","0","33,3","33,3","41,8","49,1","100","100,8852885843857","116,49446631053144","1623814144","[17:07:28] [Server thread/INFO]: The game is running normally [17:07:28] [Server thread/INFO]: Target tick rate: 20,0 per second. Average time per tick: 33,3ms (Target: 50,0ms) [17:07:28] [Server thread/INFO]: Percentiles: P50: 33,3ms P95: 41,8ms P99: 49,1ms, sample: 100"
"with-umce","1","2026-09-27T15:07:28.8663654+00:00","646522184381b84f3179ea440c481a63331a8f518bdbf22902283a96953672c7","False","100","0","0","0","0","0","True","0","33,4","33,3","41,8","49,1","100","100,22281536311527","116,49446631053144","1623814144","[17:07:28] [Server thread/INFO]: The game is running normally [17:07:28] [Server thread/INFO]: Target tick rate: 20,0 per second. Average time per tick: 33,4ms (Target: 50,0ms) [17:07:28] [Server thread/INFO]: Percentiles: P50: 33,3ms P95: 41,8ms P99: 49,1ms, sample: 100"
"with-umce","1","2026-09-27T15:07:28.9910854+00:00","646522184381b84f3179ea440c481a63331a8f518bdbf22902283a96953672c7","False","100","0","0","0","0","0","True","0","33,4","33,3","41,8","49,1","100","75,07663823230753","116,49446631053144","1623814144","[17:07:29] [Server thread/INFO]: The game is running normally [17:07:29] [Server thread/INFO]: Target tick rate: 20,0 per second. Average time per tick: 33,4ms (Target: 50,0ms) [17:07:29] [Server thread/INFO]: Percentiles: P50: 33,3ms P95: 41,8ms P99: 49,1ms, sample: 100"
"with-umce","1","2026-09-27T15:07:29.1159320+00:00","646522184381b84f3179ea440c481a63331a8f518bdbf22902283a96953672c7","False","100","0","0","0","0","0","True","0","33,4","33,6","41,8","49,1","100","123,40998574367845","116,49446631053144","1623814144","[17:07:29] [Server thread/INFO]: The game is running normally [17:07:29] [Server thread/INFO]: Target tick rate: 20,0 per second. Average time per tick: 33,4ms (Target: 50,0ms) [17:07:29] [Server thread/INFO]: Percentiles: P50: 33,6ms P95: 41,8ms P99: 49,1ms, sample: 100"
"with-umce","1","2026-09-27T15:07:29.2425429+00:00","646522184381b84f3179ea440c481a63331a8f518bdbf22902283a96953672c7","False","100","0","0","0","0","0","True","0","33,4","33,6","41,8","49,1","100","139,0826492827179","116,49446631053144","1623814144","[17:07:29] [Server thread/INFO]: The game is running normally [17:07:29] [Server thread/INFO]: Target tick rate: 20,0 per second. Average time per tick: 33,4ms (Target: 50,0ms) [17:07:29] [Server thread/INFO]: Percentiles: P50: 33,6ms P95: 41,8ms P99: 49,1ms, sample: 100"
"with-umce","1","2026-09-27T15:07:29.3661169+00:00","646522184381b84f3179ea440c481a63331a8f518bdbf22902283a96953672c7","False","100","0","0","0","0","0","True","0","33,2","33,3","41,4","49,1","100","135,923719806152","116,49446631053144","1623814144","[17:07:29] [Server thread/INFO]: The game is running normally [17:07:29] [Server thread/INFO]: Target tick rate: 20,0 per second. Average time per tick: 33,2ms (Target: 50,0ms) [17:07:29] [Server thread/INFO]: Percentiles: P50: 33,3ms P95: 41,4ms P99: 49,1ms, sample: 100"
"with-umce","1","2026-09-27T15:07:29.4925930+00:00","646522184381b84f3179ea440c481a63331a8f518bdbf22902283a96953672c7","False","100","0","0","0","0","0","True","0","33,2","32,9","41,4","49,1","100","112,37611656909424","116,49446631053144","1623814144","[17:07:29] [Server thread/INFO]: The game is running normally [17:07:29] [Server thread/INFO]: Target tick rate: 20,0 per second. Average time per tick: 33,2ms (Target: 50,0ms) [17:07:29] [Server thread/INFO]: Percentiles: P50: 32,9ms P95: 41,4ms P99: 49,1ms, sample: 100"
"with-umce","1","2026-09-27T15:07:29.6177738+00:00","646522184381b84f3179ea440c481a63331a8f518bdbf22902283a96953672c7","False","100","0","0","0","0","0","True","0","33,2","32,4","41,4","49,1","100","88,79642784655978","116,49446631053144","1623814144","[17:07:29] [Server thread/INFO]: The game is running normally [17:07:29] [Server thread/INFO]: Target tick rate: 20,0 per second. Average time per tick: 33,2ms (Target: 50,0ms) [17:07:29] [Server thread/INFO]: Percentiles: P50: 32,4ms P95: 41,4ms P99: 49,1ms, sample: 100"
"with-umce","1","2026-09-27T15:07:29.7409104+00:00","646522184381b84f3179ea440c481a63331a8f518bdbf22902283a96953672c7","False","100","0","0","0","0","0","True","0","33,2","32,4","41,4","49,1","100","112,90202151822209","116,49446631053144","1623814144","[17:07:29] [Server thread/INFO]: The game is running normally [17:07:29] [Server thread/INFO]: Target tick rate: 20,0 per second. Average time per tick: 33,2ms (Target: 50,0ms) [17:07:29] [Server thread/INFO]: Percentiles: P50: 32,4ms P95: 41,4ms P99: 49,1ms, sample: 100"
"with-umce","1","2026-09-27T15:07:29.8654386+00:00","646522184381b84f3179ea440c481a63331a8f518bdbf22902283a96953672c7","False","100","0","0","0","0","0","True","0","33,3","32,9","41,4","49,1","100","122,0652842425525","116,49446631053144","1623814144","[17:07:29] [Server thread/INFO]: The game is running normally [17:07:29] [Server thread/INFO]: Target tick rate: 20,0 per second. Average time per tick: 33,3ms (Target: 50,0ms) [17:07:29] [Server thread/INFO]: Percentiles: P50: 32,9ms P95: 41,4ms P99: 49,1ms, sample: 100"
"with-umce","1","2026-09-27T15:07:30.0064220+00:00","646522184381b84f3179ea440c481a63331a8f518bdbf22902283a96953672c7","False","100","0","0","0","0","0","True","0","33,2","32,4","41,4","49,1","100","99,16943613845322","116,49446631053144","1623814144","[17:07:30] [Server thread/INFO]: The game is running normally [17:07:30] [Server thread/INFO]: Target tick rate: 20,0 per second. Average time per tick: 33,2ms (Target: 50,0ms) [17:07:30] [Server thread/INFO]: Percentiles: P50: 32,4ms P95: 41,4ms P99: 49,1ms, sample: 100"
"with-umce","1","2026-09-27T15:07:30.1323006+00:00","646522184381b84f3179ea440c481a63331a8f518bdbf22902283a96953672c7","False","100","0","0","0","0","0","True","0","32,9","32,3","40,4","46,4","100","67,73961398174534","116,49446631053144","1623814144","[17:07:30] [Server thread/INFO]: The game is running normally [17:07:30] [Server thread/INFO]: Target tick rate: 20,0 per second. Average time per tick: 32,9ms (Target: 50,0ms) [17:07:30] [Server thread/INFO]: Percentiles: P50: 32,3ms P95: 40,4ms P99: 46,4ms, sample: 100"
"with-umce","1","2026-09-27T15:07:30.2707031+00:00","646522184381b84f3179ea440c481a63331a8f518bdbf22902283a96953672c7","False","100","0","0","0","0","0","True","0","32,9","32,3","40,4","46,4","100","126,18003569380849","116,49446631053144","1623814144","[17:07:30] [Server thread/INFO]: The game is running normally [17:07:30] [Server thread/INFO]: Target tick rate: 20,0 per second. Average time per tick: 32,9ms (Target: 50,0ms) [17:07:30] [Server thread/INFO]: Percentiles: P50: 32,3ms P95: 40,4ms P99: 46,4ms, sample: 100"
"with-umce","1","2026-09-27T15:07:30.3945722+00:00","646522184381b84f3179ea440c481a63331a8f518bdbf22902283a96953672c7","False","100","0","0","0","0","0","True","0","32,9","32,3","40,4","46,4","100","149,83075118346315","116,49446631053144","1623814144","[17:07:30] [Server thread/INFO]: The game is running normally [17:07:30] [Server thread/INFO]: Target tick rate: 20,0 per second. Average time per tick: 32,9ms (Target: 50,0ms) [17:07:30] [Server thread/INFO]: Percentiles: P50: 32,3ms P95: 40,4ms P99: 46,4ms, sample: 100"
"with-umce","1","2026-09-27T15:07:30.5196595+00:00","646522184381b84f3179ea440c481a63331a8f518bdbf22902283a96953672c7","False","100","0","0","0","0","0","True","0","32,9","32,3","40,4","46,4","100","114,65150426850097","116,49446631053144","1623814144","[17:07:30] [Server thread/INFO]: The game is running normally [17:07:30] [Server thread/INFO]: Target tick rate: 20,0 per second. Average time per tick: 32,9ms (Target: 50,0ms) [17:07:30] [Server thread/INFO]: Percentiles: P50: 32,3ms P95: 40,4ms P99: 46,4ms, sample: 100"
"with-umce","1","2026-09-27T15:07:30.6423374+00:00","646522184381b84f3179ea440c481a63331a8f518bdbf22902283a96953672c7","False","100","0","0","0","0","0","True","0","32,9","32,3","40,4","46,4","100","88,11568189251942","116,49446631053144","1623814144","[17:07:30] [Server thread/INFO]: The game is running normally [17:07:30] [Server thread/INFO]: Target tick rate: 20,0 per second. Average time per tick: 32,9ms (Target: 50,0ms) [17:07:30] [Server thread/INFO]: Percentiles: P50: 32,3ms P95: 40,4ms P99: 46,4ms, sample: 100"
"with-umce","1","2026-09-27T15:07:30.7664826+00:00","646522184381b84f3179ea440c481a63331a8f518bdbf22902283a96953672c7","False","100","0","0","0","0","0","True","0","32,8","32,3","40,4","46,4","100","75,54026396789841","116,49446631053144","1623814144","[17:07:30] [Server thread/INFO]: The game is running normally [17:07:30] [Server thread/INFO]: Target tick rate: 20,0 per second. Average time per tick: 32,8ms (Target: 50,0ms) [17:07:30] [Server thread/INFO]: Percentiles: P50: 32,3ms P95: 40,4ms P99: 46,4ms, sample: 100"
"with-umce","1","2026-09-27T15:07:30.8905747+00:00","646522184381b84f3179ea440c481a63331a8f518bdbf22902283a96953672c7","False","100","0","0","0","0","0","True","0","32,7","32","40","46,4","100","127,997496573763","116,49446631053144","1623814144","[17:07:30] [Server thread/INFO]: The game is running normally [17:07:30] [Server thread/INFO]: Target tick rate: 20,0 per second. Average time per tick: 32,7ms (Target: 50,0ms) [17:07:30] [Server thread/INFO]: Percentiles: P50: 32,0ms P95: 40,0ms P99: 46,4ms, sample: 100"
"with-umce","1","2026-09-27T15:07:31.0126176+00:00","646522184381b84f3179ea440c481a63331a8f518bdbf22902283a96953672c7","False","100","0","0","0","0","0","True","0","32,7","32","40","46,4","100","152,40631279140086","116,49446631053144","1623814144","[17:07:31] [Server thread/INFO]: The game is running normally [17:07:31] [Server thread/INFO]: Target tick rate: 20,0 per second. Average time per tick: 32,7ms (Target: 50,0ms) [17:07:31] [Server thread/INFO]: Percentiles: P50: 32,0ms P95: 40,0ms P99: 46,4ms, sample: 100"
"with-umce","1","2026-09-27T15:07:31.1356476+00:00","646522184381b84f3179ea440c481a63331a8f518bdbf22902283a96953672c7","False","100","0","0","0","0","0","True","0","32,7","32,3","40","46,4","100","540,1423765058668","116,49446631053144","1623814144","[17:07:31] [Server thread/INFO]: The game is running normally [17:07:31] [Server thread/INFO]: Target tick rate: 20,0 per second. Average time per tick: 32,7ms (Target: 50,0ms) [17:07:31] [Server thread/INFO]: Percentiles: P50: 32,3ms P95: 40,0ms P99: 46,4ms, sample: 100"
"with-umce","1","2026-09-27T15:07:31.2600829+00:00","646522184381b84f3179ea440c481a63331a8f518bdbf22902283a96953672c7","False","100","0","0","0","0","0","True","0","32,7","32,3","40","46,4","100","274,88257016602506","116,49446631053144","1623814144","[17:07:31] [Server thread/INFO]: The game is running normally [17:07:31] [Server thread/INFO]: Target tick rate: 20,0 per second. Average time per tick: 32,7ms (Target: 50,0ms) [17:07:31] [Server thread/INFO]: Percentiles: P50: 32,3ms P95: 40,0ms P99: 46,4ms, sample: 100"
"with-umce","1","2026-09-27T15:07:31.3850915+00:00","646522184381b84f3179ea440c481a63331a8f518bdbf22902283a96953672c7","False","100","0","0","0","0","0","True","0","32,8","32,3","41,4","46,4","100","126,43314498503435","116,49446631053144","1623814144","[17:07:31] [Server thread/INFO]: The game is running normally [17:07:31] [Server thread/INFO]: Target tick rate: 20,0 per second. Average time per tick: 32,8ms (Target: 50,0ms) [17:07:31] [Server thread/INFO]: Percentiles: P50: 32,3ms P95: 41,4ms P99: 46,4ms, sample: 100"
"with-umce","1","2026-09-27T15:07:31.5086708+00:00","646522184381b84f3179ea440c481a63331a8f518bdbf22902283a96953672c7","False","100","0","0","0","0","0","True","0","32,7","32,3","41,4","46,4","100","99,8308466134981","116,49446631053144","1623814144","[17:07:31] [Server thread/INFO]: The game is running normally [17:07:31] [Server thread/INFO]: Target tick rate: 20,0 per second. Average time per tick: 32,7ms (Target: 50,0ms) [17:07:31] [Server thread/INFO]: Percentiles: P50: 32,3ms P95: 41,4ms P99: 46,4ms, sample: 100"
"with-umce","1","2026-09-27T15:07:31.6339015+00:00","646522184381b84f3179ea440c481a63331a8f518bdbf22902283a96953672c7","False","100","0","0","0","0","0","True","0","32,7","32,3","41,4","46,4","100","75,54872550307392","116,49446631053144","1623814144","[17:07:31] [Server thread/INFO]: The game is running normally [17:07:31] [Server thread/INFO]: Target tick rate: 20,0 per second. Average time per tick: 32,7ms (Target: 50,0ms) [17:07:31] [Server thread/INFO]: Percentiles: P50: 32,3ms P95: 41,4ms P99: 46,4ms, sample: 100"
"with-umce","1","2026-09-27T15:07:31.7580018+00:00","646522184381b84f3179ea440c481a63331a8f518bdbf22902283a96953672c7","False","100","0","0","0","0","0","True","0","32,7","32,3","41,4","46,4","100","100,79458386351283","116,49446631053144","1623814144","[17:07:31] [Server thread/INFO]: The game is running normally [17:07:31] [Server thread/INFO]: Target tick rate: 20,0 per second. Average time per tick: 32,7ms (Target: 50,0ms) [17:07:31] [Server thread/INFO]: Percentiles: P50: 32,3ms P95: 41,4ms P99: 46,4ms, sample: 100"
"with-umce","1","2026-09-27T15:07:31.8820379+00:00","646522184381b84f3179ea440c481a63331a8f518bdbf22902283a96953672c7","False","100","0","0","0","0","0","True","0","32,7","32,3","41,4","46,4","100","87,67935689245921","116,49446631053144","1623814144","[17:07:31] [Server thread/INFO]: The game is running normally [17:07:31] [Server thread/INFO]: Target tick rate: 20,0 per second. Average time per tick: 32,7ms (Target: 50,0ms) [17:07:31] [Server thread/INFO]: Percentiles: P50: 32,3ms P95: 41,4ms P99: 46,4ms, sample: 100"
"with-umce","1","2026-09-27T15:07:32.0067336+00:00","646522184381b84f3179ea440c481a63331a8f518bdbf22902283a96953672c7","False","100","0","0","0","0","0","True","0","32,7","32,3","41,4","46,4","100","89,49763189266012","116,49446631053144","1623814144","[17:07:32] [Server thread/INFO]: The game is running normally [17:07:32] [Server thread/INFO]: Target tick rate: 20,0 per second. Average time per tick: 32,7ms (Target: 50,0ms) [17:07:32] [Server thread/INFO]: Percentiles: P50: 32,3ms P95: 41,4ms P99: 46,4ms, sample: 100"
"with-umce","1","2026-09-27T15:07:32.1464159+00:00","646522184381b84f3179ea440c481a63331a8f518bdbf22902283a96953672c7","False","100","0","0","0","0","0","True","0","32,8","32,4","41,4","46,4","100","111,35447425246998","116,49446631053144","1623814144","[17:07:32] [Server thread/INFO]: The game is running normally [17:07:32] [Server thread/INFO]: Target tick rate: 20,0 per second. Average time per tick: 32,8ms (Target: 50,0ms) [17:07:32] [Server thread/INFO]: Percentiles: P50: 32,4ms P95: 41,4ms P99: 46,4ms, sample: 100"
"with-umce","1","2026-09-27T15:07:32.2727162+00:00","646522184381b84f3179ea440c481a63331a8f518bdbf22902283a96953672c7","False","100","0","0","0","0","0","True","0","32,7","32,3","41,4","46,4","100","113,05489149624621","116,49446631053144","1623814144","[17:07:32] [Server thread/INFO]: The game is running normally [17:07:32] [Server thread/INFO]: Target tick rate: 20,0 per second. Average time per tick: 32,7ms (Target: 50,0ms) [17:07:32] [Server thread/INFO]: Percentiles: P50: 32,3ms P95: 41,4ms P99: 46,4ms, sample: 100"
"with-umce","1","2026-09-27T15:07:32.4109031+00:00","646522184381b84f3179ea440c481a63331a8f518bdbf22902283a96953672c7","False","100","0","0","0","0","0","True","0","32,6","32,3","41,3","46,4","100","113,9896163058853","116,49446631053144","1623814144","[17:07:32] [Server thread/INFO]: The game is running normally [17:07:32] [Server thread/INFO]: Target tick rate: 20,0 per second. Average time per tick: 32,6ms (Target: 50,0ms) [17:07:32] [Server thread/INFO]: Percentiles: P50: 32,3ms P95: 41,3ms P99: 46,4ms, sample: 100"
"with-umce","1","2026-09-27T15:07:32.5342744+00:00","646522184381b84f3179ea440c481a63331a8f518bdbf22902283a96953672c7","False","100","0","0","0","0","0","True","0","32,7","32,4","41,3","46,4","100","89,3242877944843","116,49446631053144","1623814144","[17:07:32] [Server thread/INFO]: The game is running normally [17:07:32] [Server thread/INFO]: Target tick rate: 20,0 per second. Average time per tick: 32,7ms (Target: 50,0ms) [17:07:32] [Server thread/INFO]: Percentiles: P50: 32,4ms P95: 41,3ms P99: 46,4ms, sample: 100"
"with-umce","1","2026-09-27T15:07:32.6567314+00:00","646522184381b84f3179ea440c481a63331a8f518bdbf22902283a96953672c7","False","100","0","0","0","0","0","True","0","32,6","32,3","41,3","46,4","100","138,5479768972508","116,49446631053144","1623814144","[17:07:32] [Server thread/INFO]: The game is running normally [17:07:32] [Server thread/INFO]: Target tick rate: 20,0 per second. Average time per tick: 32,6ms (Target: 50,0ms) [17:07:32] [Server thread/INFO]: Percentiles: P50: 32,3ms P95: 41,3ms P99: 46,4ms, sample: 100"
"with-umce","1","2026-09-27T15:07:32.7807580+00:00","646522184381b84f3179ea440c481a63331a8f518bdbf22902283a96953672c7","False","100","0","0","0","0","0","True","0","32,6","32,4","41,3","46,4","100","127,65022286707712","116,49446631053144","1623814144","[17:07:32] [Server thread/INFO]: The game is running normally [17:07:32] [Server thread/INFO]: Target tick rate: 20,0 per second. Average time per tick: 32,6ms (Target: 50,0ms) [17:07:32] [Server thread/INFO]: Percentiles: P50: 32,4ms P95: 41,3ms P99: 46,4ms, sample: 100"
"with-umce","1","2026-09-27T15:07:32.9031622+00:00","646522184381b84f3179ea440c481a63331a8f518bdbf22902283a96953672c7","False","100","0","0","0","0","0","True","0","32,6","32,4","41,3","46,4","100","88,59941238844576","116,49446631053144","1623814144","[17:07:32] [Server thread/INFO]: The game is running normally [17:07:32] [Server thread/INFO]: Target tick rate: 20,0 per second. Average time per tick: 32,6ms (Target: 50,0ms) [17:07:32] [Server thread/INFO]: Percentiles: P50: 32,4ms P95: 41,3ms P99: 46,4ms, sample: 100"
"with-umce","1","2026-09-27T15:07:33.0266372+00:00","646522184381b84f3179ea440c481a63331a8f518bdbf22902283a96953672c7","False","100","0","0","0","0","0","True","0","32,4","32,3","41,3","46,4","100","150,815489514905","116,49446631053144","1623814144","[17:07:33] [Server thread/INFO]: The game is running normally [17:07:33] [Server thread/INFO]: Target tick rate: 20,0 per second. Average time per tick: 32,4ms (Target: 50,0ms) [17:07:33] [Server thread/INFO]: Percentiles: P50: 32,3ms P95: 41,3ms P99: 46,4ms, sample: 100"
"with-umce","1","2026-09-27T15:07:33.1509560+00:00","646522184381b84f3179ea440c481a63331a8f518bdbf22902283a96953672c7","False","100","0","0","0","0","0","True","0","32,2","31,8","40","46,4","100","100,16491151031057","116,49446631053144","1623814144","[17:07:33] [Server thread/INFO]: The game is running normally [17:07:33] [Server thread/INFO]: Target tick rate: 20,0 per second. Average time per tick: 32,2ms (Target: 50,0ms) [17:07:33] [Server thread/INFO]: Percentiles: P50: 31,8ms P95: 40,0ms P99: 46,4ms, sample: 100"
"with-umce","1","2026-09-27T15:07:33.2757397+00:00","646522184381b84f3179ea440c481a63331a8f518bdbf22902283a96953672c7","False","100","0","0","0","0","0","True","0","32,1","31,6","40","46,4","100","149,8149485755195","116,49446631053144","1623814144","[17:07:33] [Server thread/INFO]: The game is running normally [17:07:33] [Server thread/INFO]: Target tick rate: 20,0 per second. Average time per tick: 32,1ms (Target: 50,0ms) [17:07:33] [Server thread/INFO]: Percentiles: P50: 31,6ms P95: 40,0ms P99: 46,4ms, sample: 100"
"with-umce","1","2026-09-27T15:07:33.4008930+00:00","646522184381b84f3179ea440c481a63331a8f518bdbf22902283a96953672c7","False","100","0","0","0","0","0","True","0","32,1","31,4","40","46,4","100","100,85207904543911","116,49446631053144","1623814144","[17:07:33] [Server thread/INFO]: The game is running normally [17:07:33] [Server thread/INFO]: Target tick rate: 20,0 per second. Average time per tick: 32,1ms (Target: 50,0ms) [17:07:33] [Server thread/INFO]: Percentiles: P50: 31,4ms P95: 40,0ms P99: 46,4ms, sample: 100"
"with-umce","1","2026-09-27T15:07:33.5248632+00:00","646522184381b84f3179ea440c481a63331a8f518bdbf22902283a96953672c7","False","100","0","0","0","0","0","True","0","32,1","31,8","40","46,4","100","138,97592431623846","116,49446631053144","1623814144","[17:07:33] [Server thread/INFO]: The game is running normally [17:07:33] [Server thread/INFO]: Target tick rate: 20,0 per second. Average time per tick: 32,1ms (Target: 50,0ms) [17:07:33] [Server thread/INFO]: Percentiles: P50: 31,8ms P95: 40,0ms P99: 46,4ms, sample: 100"
"with-umce","1","2026-09-27T15:07:33.6485028+00:00","646522184381b84f3179ea440c481a63331a8f518bdbf22902283a96953672c7","False","100","0","0","0","0","0","True","0","31,8","31,4","40","46,2","100","99,7378888281596","116,49446631053144","1623814144","[17:07:33] [Server thread/INFO]: The game is running normally [17:07:33] [Server thread/INFO]: Target tick rate: 20,0 per second. Average time per tick: 31,8ms (Target: 50,0ms) [17:07:33] [Server thread/INFO]: Percentiles: P50: 31,4ms P95: 40,0ms P99: 46,2ms, sample: 100"
"with-umce","1","2026-09-27T15:07:33.7738552+00:00","646522184381b84f3179ea440c481a63331a8f518bdbf22902283a96953672c7","False","100","0","0","0","0","0","True","0","31,7","31,3","40","46,2","100","101,73696193355572","116,49446631053144","1623814144","[17:07:33] [Server thread/INFO]: The game is running normally [17:07:33] [Server thread/INFO]: Target tick rate: 20,0 per second. Average time per tick: 31,7ms (Target: 50,0ms) [17:07:33] [Server thread/INFO]: Percentiles: P50: 31,3ms P95: 40,0ms P99: 46,2ms, sample: 100"
"with-umce","1","2026-09-27T15:07:33.9121280+00:00","646522184381b84f3179ea440c481a63331a8f518bdbf22902283a96953672c7","False","100","0","0","0","0","0","True","0","31,5","31,3","39,9","46,2","100","87,88239387221678","116,49446631053144","1623814144","[17:07:33] [Server thread/INFO]: The game is running normally [17:07:33] [Server thread/INFO]: Target tick rate: 20,0 per second. Average time per tick: 31,5ms (Target: 50,0ms) [17:07:33] [Server thread/INFO]: Percentiles: P50: 31,3ms P95: 39,9ms P99: 46,2ms, sample: 100"
"with-umce","1","2026-09-27T15:07:34.0365406+00:00","646522184381b84f3179ea440c481a63331a8f518bdbf22902283a96953672c7","False","100","0","0","0","0","0","True","0","31,3","31","39,9","46,2","100","127,74247770536084","116,49446631053144","1623814144","[17:07:34] [Server thread/INFO]: The game is running normally [17:07:34] [Server thread/INFO]: Target tick rate: 20,0 per second. Average time per tick: 31,3ms (Target: 50,0ms) [17:07:34] [Server thread/INFO]: Percentiles: P50: 31,0ms P95: 39,9ms P99: 46,2ms, sample: 100"
"with-umce","1","2026-09-27T15:07:34.1588447+00:00","646522184381b84f3179ea440c481a63331a8f518bdbf22902283a96953672c7","False","100","0","0","0","0","0","True","0","31,3","31","39,9","46,2","100","100,77849370819708","116,49446631053144","1623814144","[17:07:34] [Server thread/INFO]: The game is running normally [17:07:34] [Server thread/INFO]: Target tick rate: 20,0 per second. Average time per tick: 31,3ms (Target: 50,0ms) [17:07:34] [Server thread/INFO]: Percentiles: P50: 31,0ms P95: 39,9ms P99: 46,2ms, sample: 100"
"with-umce","1","2026-09-27T15:07:34.2829126+00:00","646522184381b84f3179ea440c481a63331a8f518bdbf22902283a96953672c7","False","100","0","0","0","0","0","True","0","31,2","30,6","39,9","46,2","100","127,08676467597957","116,49446631053144","1623814144","[17:07:34] [Server thread/INFO]: The game is running normally [17:07:34] [Server thread/INFO]: Target tick rate: 20,0 per second. Average time per tick: 31,2ms (Target: 50,0ms) [17:07:34] [Server thread/INFO]: Percentiles: P50: 30,6ms P95: 39,9ms P99: 46,2ms, sample: 100"
"with-umce","1","2026-09-27T15:07:34.4058328+00:00","646522184381b84f3179ea440c481a63331a8f518bdbf22902283a96953672c7","False","100","0","0","0","0","0","True","0","31,2","30,6","39,9","46,2","100","88,84129026388808","116,49446631053144","1623814144","[17:07:34] [Server thread/INFO]: The game is running normally [17:07:34] [Server thread/INFO]: Target tick rate: 20,0 per second. Average time per tick: 31,2ms (Target: 50,0ms) [17:07:34] [Server thread/INFO]: Percentiles: P50: 30,6ms P95: 39,9ms P99: 46,2ms, sample: 100"
"with-umce","1","2026-09-27T15:07:34.5289370+00:00","646522184381b84f3179ea440c481a63331a8f518bdbf22902283a96953672c7","False","100","0","0","0","0","0","True","0","31","30,6","39,9","46,2","100","201,87273296920876","116,49446631053144","1623814144","[17:07:34] [Server thread/INFO]: The game is running normally [17:07:34] [Server thread/INFO]: Target tick rate: 20,0 per second. Average time per tick: 31,0ms (Target: 50,0ms) [17:07:34] [Server thread/INFO]: Percentiles: P50: 30,6ms P95: 39,9ms P99: 46,2ms, sample: 100"
"with-umce","1","2026-09-27T15:07:34.6528265+00:00","646522184381b84f3179ea440c481a63331a8f518bdbf22902283a96953672c7","False","100","0","0","0","0","0","True","0","31","30,5","39,9","46,2","100","87,2765023328261","116,49446631053144","1623814144","[17:07:34] [Server thread/INFO]: The game is running normally [17:07:34] [Server thread/INFO]: Target tick rate: 20,0 per second. Average time per tick: 31,0ms (Target: 50,0ms) [17:07:34] [Server thread/INFO]: Percentiles: P50: 30,5ms P95: 39,9ms P99: 46,2ms, sample: 100"
"with-umce","1","2026-09-27T15:07:34.7781008+00:00","646522184381b84f3179ea440c481a63331a8f518bdbf22902283a96953672c7","False","100","0","0","0","0","0","True","0","31,1","30,5","40","46,2","100","126,23314636016316","116,49446631053144","1623814144","[17:07:34] [Server thread/INFO]: The game is running normally [17:07:34] [Server thread/INFO]: Target tick rate: 20,0 per second. Average time per tick: 31,1ms (Target: 50,0ms) [17:07:34] [Server thread/INFO]: Percentiles: P50: 30,5ms P95: 40,0ms P99: 46,2ms, sample: 100"
"with-umce","1","2026-09-27T15:07:34.9018666+00:00","646522184381b84f3179ea440c481a63331a8f518bdbf22902283a96953672c7","False","100","0","0","0","0","0","True","0","31,1","30,5","39,9","46,2","100","88,49317661983979","116,49446631053144","1623814144","[17:07:34] [Server thread/INFO]: The game is running normally [17:07:34] [Server thread/INFO]: Target tick rate: 20,0 per second. Average time per tick: 31,1ms (Target: 50,0ms) [17:07:34] [Server thread/INFO]: Percentiles: P50: 30,5ms P95: 39,9ms P99: 46,2ms, sample: 100"
"with-umce","1","2026-09-27T15:07:35.0254997+00:00","646522184381b84f3179ea440c481a63331a8f518bdbf22902283a96953672c7","False","100","0","0","0","0","0","True","0","31","30,5","39,9","46,2","100","114,83097696766198","116,49446631053144","1623814144","[17:07:35] [Server thread/INFO]: The game is running normally [17:07:35] [Server thread/INFO]: Target tick rate: 20,0 per second. Average time per tick: 31,0ms (Target: 50,0ms) [17:07:35] [Server thread/INFO]: Percentiles: P50: 30,5ms P95: 39,9ms P99: 46,2ms, sample: 100"
"with-umce","1","2026-09-27T15:07:35.1479521+00:00","646522184381b84f3179ea440c481a63331a8f518bdbf22902283a96953672c7","False","100","0","0","0","0","0","True","0","31","30,5","39,9","46,2","100","79,03143409808064","116,49446631053144","1623814144","[17:07:35] [Server thread/INFO]: The game is running normally [17:07:35] [Server thread/INFO]: Target tick rate: 20,0 per second. Average time per tick: 31,0ms (Target: 50,0ms) [17:07:35] [Server thread/INFO]: Percentiles: P50: 30,5ms P95: 39,9ms P99: 46,2ms, sample: 100"
"with-umce","1","2026-09-27T15:07:35.2863396+00:00","646522184381b84f3179ea440c481a63331a8f518bdbf22902283a96953672c7","False","100","0","0","0","0","0","True","0","30,9","30,4","39,9","46,2","100","125,0201032325998","116,49446631053144","1623814144","[17:07:35] [Server thread/INFO]: The game is running normally [17:07:35] [Server thread/INFO]: Target tick rate: 20,0 per second. Average time per tick: 30,9ms (Target: 50,0ms) [17:07:35] [Server thread/INFO]: Percentiles: P50: 30,4ms P95: 39,9ms P99: 46,2ms, sample: 100"
"with-umce","1","2026-09-27T15:07:35.4112990+00:00","646522184381b84f3179ea440c481a63331a8f518bdbf22902283a96953672c7","False","100","0","0","0","0","0","True","0","30,7","30,4","39,9","46,2","100","139,80999668929928","116,49446631053144","1623814144","[17:07:35] [Server thread/INFO]: The game is running normally [17:07:35] [Server thread/INFO]: Target tick rate: 20,0 per second. Average time per tick: 30,7ms (Target: 50,0ms) [17:07:35] [Server thread/INFO]: Percentiles: P50: 30,4ms P95: 39,9ms P99: 46,2ms, sample: 100"
"with-umce","1","2026-09-27T15:07:35.5342529+00:00","646522184381b84f3179ea440c481a63331a8f518bdbf22902283a96953672c7","False","100","0","0","0","0","0","True","0","30,7","30,4","39,9","46,2","100","112,3370663190109","116,49446631053144","1623814144","[17:07:35] [Server thread/INFO]: The game is running normally [17:07:35] [Server thread/INFO]: Target tick rate: 20,0 per second. Average time per tick: 30,7ms (Target: 50,0ms) [17:07:35] [Server thread/INFO]: Percentiles: P50: 30,4ms P95: 39,9ms P99: 46,2ms, sample: 100"
"with-umce","1","2026-09-27T15:07:35.6594238+00:00","646522184381b84f3179ea440c481a63331a8f518bdbf22902283a96953672c7","False","100","0","0","0","0","0","True","0","30,7","30,4","39,9","46,2","100","75,39416067199318","116,49446631053144","1623814144","[17:07:35] [Server thread/INFO]: The game is running normally [17:07:35] [Server thread/INFO]: Target tick rate: 20,0 per second. Average time per tick: 30,7ms (Target: 50,0ms) [17:07:35] [Server thread/INFO]: Percentiles: P50: 30,4ms P95: 39,9ms P99: 46,2ms, sample: 100"
"with-umce","1","2026-09-27T15:07:35.7837735+00:00","646522184381b84f3179ea440c481a63331a8f518bdbf22902283a96953672c7","False","100","0","0","0","0","0","True","0","30,7","30,4","39,9","46,2","100","151,39489197671668","116,49446631053144","1623814144","[17:07:35] [Server thread/INFO]: The game is running normally [17:07:35] [Server thread/INFO]: Target tick rate: 20,0 per second. Average time per tick: 30,7ms (Target: 50,0ms) [17:07:35] [Server thread/INFO]: Percentiles: P50: 30,4ms P95: 39,9ms P99: 46,2ms, sample: 100"
"with-umce","1","2026-09-27T15:07:35.9076115+00:00","646522184381b84f3179ea440c481a63331a8f518bdbf22902283a96953672c7","False","100","0","0","0","0","0","True","0","30,8","30,4","39,9","46,2","100","101,37126943591348","116,49446631053144","1623814144","[17:07:35] [Server thread/INFO]: The game is running normally [17:07:35] [Server thread/INFO]: Target tick rate: 20,0 per second. Average time per tick: 30,8ms (Target: 50,0ms) [17:07:35] [Server thread/INFO]: Percentiles: P50: 30,4ms P95: 39,9ms P99: 46,2ms, sample: 100"
"with-umce","1","2026-09-27T15:07:36.0309388+00:00","646522184381b84f3179ea440c481a63331a8f518bdbf22902283a96953672c7","False","100","0","0","0","0","0","True","0","30,8","30,4","39,9","46,2","100","114,07616759239055","116,49446631053144","1623814144","[17:07:36] [Server thread/INFO]: The game is running normally [17:07:36] [Server thread/INFO]: Target tick rate: 20,0 per second. Average time per tick: 30,8ms (Target: 50,0ms) [17:07:36] [Server thread/INFO]: Percentiles: P50: 30,4ms P95: 39,9ms P99: 46,2ms, sample: 100"
"with-umce","1","2026-09-27T15:07:36.1542079+00:00","646522184381b84f3179ea440c481a63331a8f518bdbf22902283a96953672c7","False","100","0","0","0","0","0","True","0","30,7","30,4","39,9","46,2","100","88,05396510527028","116,49446631053144","1623814144","[17:07:36] [Server thread/INFO]: The game is running normally [17:07:36] [Server thread/INFO]: Target tick rate: 20,0 per second. Average time per tick: 30,7ms (Target: 50,0ms) [17:07:36] [Server thread/INFO]: Percentiles: P50: 30,4ms P95: 39,9ms P99: 46,2ms, sample: 100"
"with-umce","1","2026-09-27T15:07:36.2784291+00:00","646522184381b84f3179ea440c481a63331a8f518bdbf22902283a96953672c7","False","100","0","0","0","0","0","True","0","30,6","30,3","39,8","43,7","100","163,88079401807875","116,49446631053144","1623814144","[17:07:36] [Server thread/INFO]: The game is running normally [17:07:36] [Server thread/INFO]: Target tick rate: 20,0 per second. Average time per tick: 30,6ms (Target: 50,0ms) [17:07:36] [Server thread/INFO]: Percentiles: P50: 30,3ms P95: 39,8ms P99: 43,7ms, sample: 100"
"with-umce","1","2026-09-27T15:07:36.4023637+00:00","646522184381b84f3179ea440c481a63331a8f518bdbf22902283a96953672c7","False","100","0","0","0","0","0","True","0","30,6","30,4","39,8","43,7","100","124,93743133438772","116,49446631053144","1623814144","[17:07:36] [Server thread/INFO]: The game is running normally [17:07:36] [Server thread/INFO]: Target tick rate: 20,0 per second. Average time per tick: 30,6ms (Target: 50,0ms) [17:07:36] [Server thread/INFO]: Percentiles: P50: 30,4ms P95: 39,8ms P99: 43,7ms, sample: 100"
"with-umce","1","2026-09-27T15:07:36.5274124+00:00","646522184381b84f3179ea440c481a63331a8f518bdbf22902283a96953672c7","False","100","0","0","0","0","0","True","0","30,7","30,4","39,8","43,7","100","127,43731511394323","116,49446631053144","1623814144","[17:07:36] [Server thread/INFO]: The game is running normally [17:07:36] [Server thread/INFO]: Target tick rate: 20,0 per second. Average time per tick: 30,7ms (Target: 50,0ms) [17:07:36] [Server thread/INFO]: Percentiles: P50: 30,4ms P95: 39,8ms P99: 43,7ms, sample: 100"
"with-umce","1","2026-09-27T15:07:36.6500299+00:00","646522184381b84f3179ea440c481a63331a8f518bdbf22902283a96953672c7","False","100","0","0","0","0","0","True","0","30,6","30,4","39,8","43,7","100","86,76382628672242","116,49446631053144","1623814144","[17:07:36] [Server thread/INFO]: The game is running normally [17:07:36] [Server thread/INFO]: Target tick rate: 20,0 per second. Average time per tick: 30,6ms (Target: 50,0ms) [17:07:36] [Server thread/INFO]: Percentiles: P50: 30,4ms P95: 39,8ms P99: 43,7ms, sample: 100"
"with-umce","1","2026-09-27T15:07:36.7760878+00:00","646522184381b84f3179ea440c481a63331a8f518bdbf22902283a96953672c7","False","100","0","0","0","0","0","True","0","30,6","30,3","39,8","43,7","100","87,91743196697922","116,49446631053144","1623814144","[17:07:36] [Server thread/INFO]: The game is running normally [17:07:36] [Server thread/INFO]: Target tick rate: 20,0 per second. Average time per tick: 30,6ms (Target: 50,0ms) [17:07:36] [Server thread/INFO]: Percentiles: P50: 30,3ms P95: 39,8ms P99: 43,7ms, sample: 100"
"with-umce","1","2026-09-27T15:07:36.9004876+00:00","646522184381b84f3179ea440c481a63331a8f518bdbf22902283a96953672c7","False","100","0","0","0","0","0","True","0","30,4","30,3","39,1","43,7","100","88,11085493509403","116,49446631053144","1623814144","[17:07:36] [Server thread/INFO]: The game is running normally [17:07:36] [Server thread/INFO]: Target tick rate: 20,0 per second. Average time per tick: 30,4ms (Target: 50,0ms) [17:07:36] [Server thread/INFO]: Percentiles: P50: 30,3ms P95: 39,1ms P99: 43,7ms, sample: 100"
"with-umce","1","2026-09-27T15:07:37.0246498+00:00","646522184381b84f3179ea440c481a63331a8f518bdbf22902283a96953672c7","False","100","0","0","0","0","0","True","0","30,4","30,3","39,1","43,7","100","126,61253727473097","116,49446631053144","1623814144","[17:07:37] [Server thread/INFO]: The game is running normally [17:07:37] [Server thread/INFO]: Target tick rate: 20,0 per second. Average time per tick: 30,4ms (Target: 50,0ms) [17:07:37] [Server thread/INFO]: Percentiles: P50: 30,3ms P95: 39,1ms P99: 43,7ms, sample: 100"
"with-umce","1","2026-09-27T15:07:37.1480369+00:00","646522184381b84f3179ea440c481a63331a8f518bdbf22902283a96953672c7","False","100","0","0","0","0","0","True","0","30,3","29,9","39,1","43,7","100","75,21427041355413","116,49446631053144","1623814144","[17:07:37] [Server thread/INFO]: The game is running normally [17:07:37] [Server thread/INFO]: Target tick rate: 20,0 per second. Average time per tick: 30,3ms (Target: 50,0ms) [17:07:37] [Server thread/INFO]: Percentiles: P50: 29,9ms P95: 39,1ms P99: 43,7ms, sample: 100"
"with-umce","1","2026-09-27T15:07:37.2726768+00:00","646522184381b84f3179ea440c481a63331a8f518bdbf22902283a96953672c7","False","100","0","0","0","0","0","True","0","30,4","30,3","39,1","43,7","100","137,22094748120224","116,49446631053144","1623814144","[17:07:37] [Server thread/INFO]: The game is running normally [17:07:37] [Server thread/INFO]: Target tick rate: 20,0 per second. Average time per tick: 30,4ms (Target: 50,0ms) [17:07:37] [Server thread/INFO]: Percentiles: P50: 30,3ms P95: 39,1ms P99: 43,7ms, sample: 100"
"with-umce","1","2026-09-27T15:07:37.3979329+00:00","646522184381b84f3179ea440c481a63331a8f518bdbf22902283a96953672c7","False","100","0","0","0","0","0","True","0","30,4","30,3","39,1","43,7","100","88,08452893400606","116,49446631053144","1623814144","[17:07:37] [Server thread/INFO]: The game is running normally [17:07:37] [Server thread/INFO]: Target tick rate: 20,0 per second. Average time per tick: 30,4ms (Target: 50,0ms) [17:07:37] [Server thread/INFO]: Percentiles: P50: 30,3ms P95: 39,1ms P99: 43,7ms, sample: 100"
"with-umce","1","2026-09-27T15:07:37.5221271+00:00","646522184381b84f3179ea440c481a63331a8f518bdbf22902283a96953672c7","False","100","0","0","0","0","0","True","0","30,2","29,9","38,7","43,7","100","125,08035161787932","116,49446631053144","1623814144","[17:07:37] [Server thread/INFO]: The game is running normally [17:07:37] [Server thread/INFO]: Target tick rate: 20,0 per second. Average time per tick: 30,2ms (Target: 50,0ms) [17:07:37] [Server thread/INFO]: Percentiles: P50: 29,9ms P95: 38,7ms P99: 43,7ms, sample: 100"
"with-umce","1","2026-09-27T15:07:37.6470365+00:00","646522184381b84f3179ea440c481a63331a8f518bdbf22902283a96953672c7","False","100","0","0","0","0","0","True","0","30,1","29,7","38,7","43,7","100","87,72485635180094","116,49446631053144","1623814144","[17:07:37] [Server thread/INFO]: The game is running normally [17:07:37] [Server thread/INFO]: Target tick rate: 20,0 per second. Average time per tick: 30,1ms (Target: 50,0ms) [17:07:37] [Server thread/INFO]: Percentiles: P50: 29,7ms P95: 38,7ms P99: 43,7ms, sample: 100"
"with-umce","1","2026-09-27T15:07:37.7717084+00:00","646522184381b84f3179ea440c481a63331a8f518bdbf22902283a96953672c7","False","100","0","0","0","0","0","True","0","30,2","29,9","39,1","43,7","100","67,12615564389557","116,49446631053144","1623814144","[17:07:37] [Server thread/INFO]: The game is running normally [17:07:37] [Server thread/INFO]: Target tick rate: 20,0 per second. Average time per tick: 30,2ms (Target: 50,0ms) [17:07:37] [Server thread/INFO]: Percentiles: P50: 29,9ms P95: 39,1ms P99: 43,7ms, sample: 100"
"with-umce","1","2026-09-27T15:07:37.9113590+00:00","646522184381b84f3179ea440c481a63331a8f518bdbf22902283a96953672c7","False","100","0","0","0","0","0","True","0","30,1","29,7","39,1","43,7","100","150,81245686763734","116,49446631053144","1623814144","[17:07:37] [Server thread/INFO]: The game is running normally [17:07:37] [Server thread/INFO]: Target tick rate: 20,0 per second. Average time per tick: 30,1ms (Target: 50,0ms) [17:07:37] [Server thread/INFO]: Percentiles: P50: 29,7ms P95: 39,1ms P99: 43,7ms, sample: 100"
"with-umce","1","2026-09-27T15:07:38.0357061+00:00","646522184381b84f3179ea440c481a63331a8f518bdbf22902283a96953672c7","False","100","0","0","0","0","0","True","0","30,1","29,7","39,1","43,7","100","99,80047888261787","116,49446631053144","1623814144","[17:07:38] [Server thread/INFO]: The game is running normally [17:07:38] [Server thread/INFO]: Target tick rate: 20,0 per second. Average time per tick: 30,1ms (Target: 50,0ms) [17:07:38] [Server thread/INFO]: Percentiles: P50: 29,7ms P95: 39,1ms P99: 43,7ms, sample: 100"
"with-umce","1","2026-09-27T15:07:38.1609360+00:00","646522184381b84f3179ea440c481a63331a8f518bdbf22902283a96953672c7","False","100","0","0","0","0","0","True","0","30,1","29,6","39,1","43,7","100","74,70292142208864","116,49446631053144","1623814144","[17:07:38] [Server thread/INFO]: The game is running normally [17:07:38] [Server thread/INFO]: Target tick rate: 20,0 per second. Average time per tick: 30,1ms (Target: 50,0ms) [17:07:38] [Server thread/INFO]: Percentiles: P50: 29,6ms P95: 39,1ms P99: 43,7ms, sample: 100"
"with-umce","1","2026-09-27T15:07:38.2864647+00:00","646522184381b84f3179ea440c481a63331a8f518bdbf22902283a96953672c7","False","100","0","0","0","0","0","True","0","30","29,5","39,1","43,7","100","145,40908183068333","116,49446631053144","1623814144","[17:07:38] [Server thread/INFO]: The game is running normally [17:07:38] [Server thread/INFO]: Target tick rate: 20,0 per second. Average time per tick: 30,0ms (Target: 50,0ms) [17:07:38] [Server thread/INFO]: Percentiles: P50: 29,5ms P95: 39,1ms P99: 43,7ms, sample: 100"
"with-umce","1","2026-09-27T15:07:38.4261304+00:00","646522184381b84f3179ea440c481a63331a8f518bdbf22902283a96953672c7","False","100","0","0","0","0","0","True","0","30","29,5","38,7","43,7","100","137,64447163743066","116,49446631053144","1623814144","[17:07:38] [Server thread/INFO]: The game is running normally [17:07:38] [Server thread/INFO]: Target tick rate: 20,0 per second. Average time per tick: 30,0ms (Target: 50,0ms) [17:07:38] [Server thread/INFO]: Percentiles: P50: 29,5ms P95: 38,7ms P99: 43,7ms, sample: 100"
"with-umce","1","2026-09-27T15:07:38.5510458+00:00","646522184381b84f3179ea440c481a63331a8f518bdbf22902283a96953672c7","False","100","0","0","0","0","0","True","0","29,9","29,4","38,7","43,7","100","126,13949373056444","116,49446631053144","1623814144","[17:07:38] [Server thread/INFO]: The game is running normally [17:07:38] [Server thread/INFO]: Target tick rate: 20,0 per second. Average time per tick: 29,9ms (Target: 50,0ms) [17:07:38] [Server thread/INFO]: Percentiles: P50: 29,4ms P95: 38,7ms P99: 43,7ms, sample: 100"
"with-umce","1","2026-09-27T15:07:38.6748871+00:00","646522184381b84f3179ea440c481a63331a8f518bdbf22902283a96953672c7","False","100","0","0","0","0","0","True","0","30","29,5","38,7","43,7","100","75,19267370710709","116,49446631053144","1623814144","[17:07:38] [Server thread/INFO]: The game is running normally [17:07:38] [Server thread/INFO]: Target tick rate: 20,0 per second. Average time per tick: 30,0ms (Target: 50,0ms) [17:07:38] [Server thread/INFO]: Percentiles: P50: 29,5ms P95: 38,7ms P99: 43,7ms, sample: 100"
"with-umce","1","2026-09-27T15:07:38.7995562+00:00","646522184381b84f3179ea440c481a63331a8f518bdbf22902283a96953672c7","False","100","0","0","0","0","0","True","0","30","29,6","38,7","43,7","100","114,00763699157662","116,49446631053144","1623814144","[17:07:38] [Server thread/INFO]: The game is running normally [17:07:38] [Server thread/INFO]: Target tick rate: 20,0 per second. Average time per tick: 30,0ms (Target: 50,0ms) [17:07:38] [Server thread/INFO]: Percentiles: P50: 29,6ms P95: 38,7ms P99: 43,7ms, sample: 100"
"with-umce","1","2026-09-27T15:07:38.9229178+00:00","646522184381b84f3179ea440c481a63331a8f518bdbf22902283a96953672c7","False","100","0","0","0","0","0","True","0","30,3","29,9","38,7","43,7","100","149,34931490482265","116,49446631053144","1623814144","[17:07:38] [Server thread/INFO]: The game is running normally [17:07:38] [Server thread/INFO]: Target tick rate: 20,0 per second. Average time per tick: 30,3ms (Target: 50,0ms) [17:07:38] [Server thread/INFO]: Percentiles: P50: 29,9ms P95: 38,7ms P99: 43,7ms, sample: 100"
"with-umce","1","2026-09-27T15:07:39.0484362+00:00","646522184381b84f3179ea440c481a63331a8f518bdbf22902283a96953672c7","False","100","0","0","0","0","0","True","0","30,2","29,9","38,6","43,7","100","152,39281096057863","116,49446631053144","1623814144","[17:07:39] [Server thread/INFO]: The game is running normally [17:07:39] [Server thread/INFO]: Target tick rate: 20,0 per second. Average time per tick: 30,2ms (Target: 50,0ms) [17:07:39] [Server thread/INFO]: Percentiles: P50: 29,9ms P95: 38,6ms P99: 43,7ms, sample: 100"
"with-umce","1","2026-09-27T15:07:39.1714923+00:00","646522184381b84f3179ea440c481a63331a8f518bdbf22902283a96953672c7","False","100","0","0","0","0","0","True","0","30,2","29,9","38,6","43,7","100","114,99417771701088","116,49446631053144","1623814144","[17:07:39] [Server thread/INFO]: The game is running normally [17:07:39] [Server thread/INFO]: Target tick rate: 20,0 per second. Average time per tick: 30,2ms (Target: 50,0ms) [17:07:39] [Server thread/INFO]: Percentiles: P50: 29,9ms P95: 38,6ms P99: 43,7ms, sample: 100"
"with-umce","1","2026-09-27T15:07:39.2937617+00:00","646522184381b84f3179ea440c481a63331a8f518bdbf22902283a96953672c7","False","100","0","0","0","0","0","True","0","30,1","29,9","38,6","43,7","100","126,05655562664025","116,49446631053144","1623814144","[17:07:39] [Server thread/INFO]: The game is running normally [17:07:39] [Server thread/INFO]: Target tick rate: 20,0 per second. Average time per tick: 30,1ms (Target: 50,0ms) [17:07:39] [Server thread/INFO]: Percentiles: P50: 29,9ms P95: 38,6ms P99: 43,7ms, sample: 100"
"with-umce","1","2026-09-27T15:07:39.4177557+00:00","646522184381b84f3179ea440c481a63331a8f518bdbf22902283a96953672c7","False","100","0","0","0","0","0","True","0","30","29,5","38,6","43,7","100","102,12710330769261","116,49446631053144","1623814144","[17:07:39] [Server thread/INFO]: The game is running normally [17:07:39] [Server thread/INFO]: Target tick rate: 20,0 per second. Average time per tick: 30,0ms (Target: 50,0ms) [17:07:39] [Server thread/INFO]: Percentiles: P50: 29,5ms P95: 38,6ms P99: 43,7ms, sample: 100"
"with-umce","1","2026-09-27T15:07:39.5401338+00:00","646522184381b84f3179ea440c481a63331a8f518bdbf22902283a96953672c7","False","100","0","0","0","0","0","True","0","30,1","29,5","38,6","43,7","100","68,49905599167636","116,49446631053144","1623814144","[17:07:39] [Server thread/INFO]: The game is running normally [17:07:39] [Server thread/INFO]: Target tick rate: 20,0 per second. Average time per tick: 30,1ms (Target: 50,0ms) [17:07:39] [Server thread/INFO]: Percentiles: P50: 29,5ms P95: 38,6ms P99: 43,7ms, sample: 100"
"with-umce","1","2026-09-27T15:07:39.6770056+00:00","646522184381b84f3179ea440c481a63331a8f518bdbf22902283a96953672c7","False","100","0","0","0","0","0","True","0","29,8","29,4","37,6","41,7","100","77,00850502465093","116,49446631053144","1623814144","[17:07:39] [Server thread/INFO]: The game is running normally [17:07:39] [Server thread/INFO]: Target tick rate: 20,0 per second. Average time per tick: 29,8ms (Target: 50,0ms) [17:07:39] [Server thread/INFO]: Percentiles: P50: 29,4ms P95: 37,6ms P99: 41,7ms, sample: 100"
"with-umce","1","2026-09-27T15:07:39.7987158+00:00","646522184381b84f3179ea440c481a63331a8f518bdbf22902283a96953672c7","False","100","0","0","0","0","0","True","0","29,6","29,3","36,9","41,7","100","76,14503863294681","116,49446631053144","1623814144","[17:07:39] [Server thread/INFO]: The game is running normally [17:07:39] [Server thread/INFO]: Target tick rate: 20,0 per second. Average time per tick: 29,6ms (Target: 50,0ms) [17:07:39] [Server thread/INFO]: Percentiles: P50: 29,3ms P95: 36,9ms P99: 41,7ms, sample: 100"
"with-umce","1","2026-09-27T15:07:39.9218536+00:00","646522184381b84f3179ea440c481a63331a8f518bdbf22902283a96953672c7","False","100","0","0","0","0","0","True","0","29,6","29,3","36,9","41,7","100","161,2586950688381","116,49446631053144","1623814144","[17:07:39] [Server thread/INFO]: The game is running normally [17:07:39] [Server thread/INFO]: Target tick rate: 20,0 per second. Average time per tick: 29,6ms (Target: 50,0ms) [17:07:39] [Server thread/INFO]: Percentiles: P50: 29,3ms P95: 36,9ms P99: 41,7ms, sample: 100"
"with-umce","1","2026-09-27T15:07:40.0478318+00:00","646522184381b84f3179ea440c481a63331a8f518bdbf22902283a96953672c7","False","100","0","0","0","0","0","True","0","29,6","29,3","36,9","41,7","100","112,57339785540172","116,49446631053144","1623814144","[17:07:40] [Server thread/INFO]: The game is running normally [17:07:40] [Server thread/INFO]: Target tick rate: 20,0 per second. Average time per tick: 29,6ms (Target: 50,0ms) [17:07:40] [Server thread/INFO]: Percentiles: P50: 29,3ms P95: 36,9ms P99: 41,7ms, sample: 100"
"with-umce","1","2026-09-27T15:07:40.1727207+00:00","646522184381b84f3179ea440c481a63331a8f518bdbf22902283a96953672c7","False","100","0","0","0","0","0","True","0","29,6","29,3","36,9","41,7","100","149,560889229223","116,49446631053144","1623814144","[17:07:40] [Server thread/INFO]: The game is running normally [17:07:40] [Server thread/INFO]: Target tick rate: 20,0 per second. Average time per tick: 29,6ms (Target: 50,0ms) [17:07:40] [Server thread/INFO]: Percentiles: P50: 29,3ms P95: 36,9ms P99: 41,7ms, sample: 100"
"with-umce","1","2026-09-27T15:07:40.2980947+00:00","646522184381b84f3179ea440c481a63331a8f518bdbf22902283a96953672c7","False","100","0","0","0","0","0","True","0","29,7","29,3","36,9","41,7","100","102,22833229605652","116,49446631053144","1623814144","[17:07:40] [Server thread/INFO]: The game is running normally [17:07:40] [Server thread/INFO]: Target tick rate: 20,0 per second. Average time per tick: 29,7ms (Target: 50,0ms) [17:07:40] [Server thread/INFO]: Percentiles: P50: 29,3ms P95: 36,9ms P99: 41,7ms, sample: 100"
"with-umce","1","2026-09-27T15:07:40.4203936+00:00","646522184381b84f3179ea440c481a63331a8f518bdbf22902283a96953672c7","False","100","0","0","0","0","0","True","0","29,8","29,3","36,9","41,7","100","102,25434008321048","116,49446631053144","1623814144","[17:07:40] [Server thread/INFO]: The game is running normally [17:07:40] [Server thread/INFO]: Target tick rate: 20,0 per second. Average time per tick: 29,8ms (Target: 50,0ms) [17:07:40] [Server thread/INFO]: Percentiles: P50: 29,3ms P95: 36,9ms P99: 41,7ms, sample: 100"
"with-umce","1","2026-09-27T15:07:40.5426366+00:00","646522184381b84f3179ea440c481a63331a8f518bdbf22902283a96953672c7","False","100","0","0","0","0","0","True","0","29,7","29,3","36,9","41,7","100","113,44595777430526","116,49446631053144","1623814144","[17:07:40] [Server thread/INFO]: The game is running normally [17:07:40] [Server thread/INFO]: Target tick rate: 20,0 per second. Average time per tick: 29,7ms (Target: 50,0ms) [17:07:40] [Server thread/INFO]: Percentiles: P50: 29,3ms P95: 36,9ms P99: 41,7ms, sample: 100"
"with-umce","1","2026-09-27T15:07:40.6665708+00:00","646522184381b84f3179ea440c481a63331a8f518bdbf22902283a96953672c7","False","100","0","0","0","0","0","True","0","29,8","29,3","36,9","41,7","100","136,1200691866138","116,49446631053144","1623814144","[17:07:40] [Server thread/INFO]: The game is running normally [17:07:40] [Server thread/INFO]: Target tick rate: 20,0 per second. Average time per tick: 29,8ms (Target: 50,0ms) [17:07:40] [Server thread/INFO]: Percentiles: P50: 29,3ms P95: 36,9ms P99: 41,7ms, sample: 100"
"with-umce","1","2026-09-27T15:07:40.7928685+00:00","646522184381b84f3179ea440c481a63331a8f518bdbf22902283a96953672c7","False","100","0","0","0","0","0","True","0","29,9","29,3","36,9","41,7","100","88,75362723395416","116,49446631053144","1623814144","[17:07:40] [Server thread/INFO]: The game is running normally [17:07:40] [Server thread/INFO]: Target tick rate: 20,0 per second. Average time per tick: 29,9ms (Target: 50,0ms) [17:07:40] [Server thread/INFO]: Percentiles: P50: 29,3ms P95: 36,9ms P99: 41,7ms, sample: 100"
"with-umce","1","2026-09-27T15:07:40.9160718+00:00","646522184381b84f3179ea440c481a63331a8f518bdbf22902283a96953672c7","False","100","0","0","0","0","0","True","0","29,9","29,2","38","41,7","100","127,98470572527808","116,49446631053144","1623814144","[17:07:40] [Server thread/INFO]: The game is running normally [17:07:40] [Server thread/INFO]: Target tick rate: 20,0 per second. Average time per tick: 29,9ms (Target: 50,0ms) [17:07:40] [Server thread/INFO]: Percentiles: P50: 29,2ms P95: 38,0ms P99: 41,7ms, sample: 100"
"with-umce","1","2026-09-27T15:07:41.0381612+00:00","646522184381b84f3179ea440c481a63331a8f518bdbf22902283a96953672c7","False","100","0","0","0","0","0","True","0","29,9","29,2","38","41,7","100","133,0356173597645","116,49446631053144","1623814144","[17:07:41] [Server thread/INFO]: The game is running normally [17:07:41] [Server thread/INFO]: Target tick rate: 20,0 per second. Average time per tick: 29,9ms (Target: 50,0ms) [17:07:41] [Server thread/INFO]: Percentiles: P50: 29,2ms P95: 38,0ms P99: 41,7ms, sample: 100"
"with-umce","1","2026-09-27T15:07:41.1791299+00:00","646522184381b84f3179ea440c481a63331a8f518bdbf22902283a96953672c7","False","100","0","0","0","0","0","True","0","29,8","29,3","36,9","41,1","100","125,4334981696744","116,49446631053144","1623814144","[17:07:41] [Server thread/INFO]: The game is running normally [17:07:41] [Server thread/INFO]: Target tick rate: 20,0 per second. Average time per tick: 29,8ms (Target: 50,0ms) [17:07:41] [Server thread/INFO]: Percentiles: P50: 29,3ms P95: 36,9ms P99: 41,1ms, sample: 100"
"with-umce","1","2026-09-27T15:07:41.3036661+00:00","646522184381b84f3179ea440c481a63331a8f518bdbf22902283a96953672c7","False","100","0","0","0","0","0","True","0","29,7","29,2","36,9","41,1","100","101,58842762425033","116,49446631053144","1623814144","[17:07:41] [Server thread/INFO]: The game is running normally [17:07:41] [Server thread/INFO]: Target tick rate: 20,0 per second. Average time per tick: 29,7ms (Target: 50,0ms) [17:07:41] [Server thread/INFO]: Percentiles: P50: 29,2ms P95: 36,9ms P99: 41,1ms, sample: 100"
"with-umce","1","2026-09-27T15:07:41.4421220+00:00","646522184381b84f3179ea440c481a63331a8f518bdbf22902283a96953672c7","False","100","0","0","0","0","0","True","0","29,7","29,2","36,9","41,1","100","113,93291144060622","116,49446631053144","1623814144","[17:07:41] [Server thread/INFO]: The game is running normally [17:07:41] [Server thread/INFO]: Target tick rate: 20,0 per second. Average time per tick: 29,7ms (Target: 50,0ms) [17:07:41] [Server thread/INFO]: Percentiles: P50: 29,2ms P95: 36,9ms P99: 41,1ms, sample: 100"
"with-umce","1","2026-09-27T15:07:41.5655157+00:00","646522184381b84f3179ea440c481a63331a8f518bdbf22902283a96953672c7","False","100","0","0","0","0","0","True","0","29,6","29,2","36,9","41,1","100","89,13967075982453","116,49446631053144","1623814144","[17:07:41] [Server thread/INFO]: The game is running normally [17:07:41] [Server thread/INFO]: Target tick rate: 20,0 per second. Average time per tick: 29,6ms (Target: 50,0ms) [17:07:41] [Server thread/INFO]: Percentiles: P50: 29,2ms P95: 36,9ms P99: 41,1ms, sample: 100"
"with-umce","1","2026-09-27T15:07:41.6882291+00:00","646522184381b84f3179ea440c481a63331a8f518bdbf22902283a96953672c7","False","100","0","0","0","0","0","True","0","29,6","29,2","36,9","41,1","100","112,5117912357215","116,49446631053144","1623814144","[17:07:41] [Server thread/INFO]: The game is running normally [17:07:41] [Server thread/INFO]: Target tick rate: 20,0 per second. Average time per tick: 29,6ms (Target: 50,0ms) [17:07:41] [Server thread/INFO]: Percentiles: P50: 29,2ms P95: 36,9ms P99: 41,1ms, sample: 100"
"with-umce","1","2026-09-27T15:07:41.8132159+00:00","646522184381b84f3179ea440c481a63331a8f518bdbf22902283a96953672c7","False","100","0","0","0","0","0","True","0","29,5","29,2","36,9","41,1","100","99,21461709110679","116,49446631053144","1623814144","[17:07:41] [Server thread/INFO]: The game is running normally [17:07:41] [Server thread/INFO]: Target tick rate: 20,0 per second. Average time per tick: 29,5ms (Target: 50,0ms) [17:07:41] [Server thread/INFO]: Percentiles: P50: 29,2ms P95: 36,9ms P99: 41,1ms, sample: 100"
"with-umce","1","2026-09-27T15:07:41.9392023+00:00","646522184381b84f3179ea440c481a63331a8f518bdbf22902283a96953672c7","False","100","0","0","0","0","0","True","0","29,5","29,2","36,9","41,1","100","101,30694057902186","116,49446631053144","1623814144","[17:07:41] [Server thread/INFO]: The game is running normally [17:07:41] [Server thread/INFO]: Target tick rate: 20,0 per second. Average time per tick: 29,5ms (Target: 50,0ms) [17:07:41] [Server thread/INFO]: Percentiles: P50: 29,2ms P95: 36,9ms P99: 41,1ms, sample: 100"
"with-umce","1","2026-09-27T15:07:42.0625742+00:00","646522184381b84f3179ea440c481a63331a8f518bdbf22902283a96953672c7","False","100","0","0","0","0","0","True","0","29,4","29,2","36,9","41,1","100","88,20087946860936","116,49446631053144","1623814144","[17:07:42] [Server thread/INFO]: The game is running normally [17:07:42] [Server thread/INFO]: Target tick rate: 20,0 per second. Average time per tick: 29,4ms (Target: 50,0ms) [17:07:42] [Server thread/INFO]: Percentiles: P50: 29,2ms P95: 36,9ms P99: 41,1ms, sample: 100"
"with-umce","1","2026-09-27T15:07:42.1866002+00:00","646522184381b84f3179ea440c481a63331a8f518bdbf22902283a96953672c7","False","100","0","0","0","0","0","True","0","29,4","29,2","36,9","41,1","100","114,0239067083761","116,49446631053144","1623814144","[17:07:42] [Server thread/INFO]: The game is running normally [17:07:42] [Server thread/INFO]: Target tick rate: 20,0 per second. Average time per tick: 29,4ms (Target: 50,0ms) [17:07:42] [Server thread/INFO]: Percentiles: P50: 29,2ms P95: 36,9ms P99: 41,1ms, sample: 100"
"with-umce","1","2026-09-27T15:07:42.3099582+00:00","646522184381b84f3179ea440c481a63331a8f518bdbf22902283a96953672c7","False","100","0","0","0","0","0","True","0","29,3","29,2","36,9","41,1","100","138,13575600343017","116,49446631053144","1623814144","[17:07:42] [Server thread/INFO]: The game is running normally [17:07:42] [Server thread/INFO]: Target tick rate: 20,0 per second. Average time per tick: 29,3ms (Target: 50,0ms) [17:07:42] [Server thread/INFO]: Percentiles: P50: 29,2ms P95: 36,9ms P99: 41,1ms, sample: 100"
"with-umce","1","2026-09-27T15:07:42.4343447+00:00","646522184381b84f3179ea440c481a63331a8f518bdbf22902283a96953672c7","False","100","0","0","0","0","0","True","0","29,2","28,7","36,9","41,1","100","100,38072401002522","116,49446631053144","1623814144","[17:07:42] [Server thread/INFO]: The game is running normally [17:07:42] [Server thread/INFO]: Target tick rate: 20,0 per second. Average time per tick: 29,2ms (Target: 50,0ms) [17:07:42] [Server thread/INFO]: Percentiles: P50: 28,7ms P95: 36,9ms P99: 41,1ms, sample: 100"
"with-umce","1","2026-09-27T15:07:42.5588916+00:00","646522184381b84f3179ea440c481a63331a8f518bdbf22902283a96953672c7","False","100","0","0","0","0","0","True","0","29,2","28,5","36,9","41,1","100","99,88573072405168","116,49446631053144","1623814144","[17:07:42] [Server thread/INFO]: The game is running normally [17:07:42] [Server thread/INFO]: Target tick rate: 20,0 per second. Average time per tick: 29,2ms (Target: 50,0ms) [17:07:42] [Server thread/INFO]: Percentiles: P50: 28,5ms P95: 36,9ms P99: 41,1ms, sample: 100"
"with-umce","1","2026-09-27T15:07:42.6840391+00:00","646522184381b84f3179ea440c481a63331a8f518bdbf22902283a96953672c7","False","100","0","0","0","0","0","True","0","29,1","28,5","36,1","41,1","100","88,69748703293425","116,49446631053144","1623814144","[17:07:42] [Server thread/INFO]: The game is running normally [17:07:42] [Server thread/INFO]: Target tick rate: 20,0 per second. Average time per tick: 29,1ms (Target: 50,0ms) [17:07:42] [Server thread/INFO]: Percentiles: P50: 28,5ms P95: 36,1ms P99: 41,1ms, sample: 100"
"with-umce","1","2026-09-27T15:07:42.8073134+00:00","646522184381b84f3179ea440c481a63331a8f518bdbf22902283a96953672c7","False","100","0","0","0","0","0","True","0","29","28,4","36,1","41,1","100","135,6094951500127","116,49446631053144","1623814144","[17:07:42] [Server thread/INFO]: The game is running normally [17:07:42] [Server thread/INFO]: Target tick rate: 20,0 per second. Average time per tick: 29,0ms (Target: 50,0ms) [17:07:42] [Server thread/INFO]: Percentiles: P50: 28,4ms P95: 36,1ms P99: 41,1ms, sample: 100"
"with-umce","1","2026-09-27T15:07:42.9340838+00:00","646522184381b84f3179ea440c481a63331a8f518bdbf22902283a96953672c7","False","100","0","0","0","0","0","True","0","29,1","28,5","36,1","41,1","100","76,03104175097664","116,49446631053144","1623814144","[17:07:42] [Server thread/INFO]: The game is running normally [17:07:42] [Server thread/INFO]: Target tick rate: 20,0 per second. Average time per tick: 29,1ms (Target: 50,0ms) [17:07:42] [Server thread/INFO]: Percentiles: P50: 28,5ms P95: 36,1ms P99: 41,1ms, sample: 100"
"with-umce","1","2026-09-27T15:07:43.0573672+00:00","646522184381b84f3179ea440c481a63331a8f518bdbf22902283a96953672c7","False","100","0","0","0","0","0","True","0","29,1","28,5","36,1","41,1","100","99,98704167939835","116,49446631053144","1623814144","[17:07:43] [Server thread/INFO]: The game is running normally [17:07:43] [Server thread/INFO]: Target tick rate: 20,0 per second. Average time per tick: 29,1ms (Target: 50,0ms) [17:07:43] [Server thread/INFO]: Percentiles: P50: 28,5ms P95: 36,1ms P99: 41,1ms, sample: 100"
"with-umce","1","2026-09-27T15:07:43.1824146+00:00","646522184381b84f3179ea440c481a63331a8f518bdbf22902283a96953672c7","False","100","0","0","0","0","0","True","0","29,1","28,5","36,1","41,1","100","137,39030757842937","116,49446631053144","1623814144","[17:07:43] [Server thread/INFO]: The game is running normally [17:07:43] [Server thread/INFO]: Target tick rate: 20,0 per second. Average time per tick: 29,1ms (Target: 50,0ms) [17:07:43] [Server thread/INFO]: Percentiles: P50: 28,5ms P95: 36,1ms P99: 41,1ms, sample: 100"
"with-umce","1","2026-09-27T15:07:43.3074959+00:00","646522184381b84f3179ea440c481a63331a8f518bdbf22902283a96953672c7","False","100","0","0","0","0","0","True","0","29,1","28,5","36,1","41,1","100","113,50236205982269","116,49446631053144","1623814144","[17:07:43] [Server thread/INFO]: The game is running normally [17:07:43] [Server thread/INFO]: Target tick rate: 20,0 per second. Average time per tick: 29,1ms (Target: 50,0ms) [17:07:43] [Server thread/INFO]: Percentiles: P50: 28,5ms P95: 36,1ms P99: 41,1ms, sample: 100"
"with-umce","1","2026-09-27T15:07:43.4314001+00:00","646522184381b84f3179ea440c481a63331a8f518bdbf22902283a96953672c7","False","100","0","0","0","0","0","True","0","29,1","28,4","36,1","41,1","100","100,69625417990152","116,49446631053144","1623814144","[17:07:43] [Server thread/INFO]: The game is running normally [17:07:43] [Server thread/INFO]: Target tick rate: 20,0 per second. Average time per tick: 29,1ms (Target: 50,0ms) [17:07:43] [Server thread/INFO]: Percentiles: P50: 28,4ms P95: 36,1ms P99: 41,1ms, sample: 100"
"with-umce","1","2026-09-27T15:07:43.5555294+00:00","646522184381b84f3179ea440c481a63331a8f518bdbf22902283a96953672c7","False","100","0","0","0","0","0","True","0","29","28,1","36,1","41,1","100","63,47007665154217","116,49446631053144","1623814144","[17:07:43] [Server thread/INFO]: The game is running normally [17:07:43] [Server thread/INFO]: Target tick rate: 20,0 per second. Average time per tick: 29,0ms (Target: 50,0ms) [17:07:43] [Server thread/INFO]: Percentiles: P50: 28,1ms P95: 36,1ms P99: 41,1ms, sample: 100"
"with-umce","1","2026-09-27T15:07:43.6786064+00:00","646522184381b84f3179ea440c481a63331a8f518bdbf22902283a96953672c7","False","100","0","0","0","0","0","True","0","29","28,1","37,8","41,1","100","123,92290715389369","116,49446631053144","1623814144","[17:07:43] [Server thread/INFO]: The game is running normally [17:07:43] [Server thread/INFO]: Target tick rate: 20,0 per second. Average time per tick: 29,0ms (Target: 50,0ms) [17:07:43] [Server thread/INFO]: Percentiles: P50: 28,1ms P95: 37,8ms P99: 41,1ms, sample: 100"
"with-umce","1","2026-09-27T15:07:43.8173246+00:00","646522184381b84f3179ea440c481a63331a8f518bdbf22902283a96953672c7","False","100","0","0","0","0","0","True","0","29,1","28,1","37,8","41,1","100","100,25762198545382","116,49446631053144","1623814144","[17:07:43] [Server thread/INFO]: The game is running normally [17:07:43] [Server thread/INFO]: Target tick rate: 20,0 per second. Average time per tick: 29,1ms (Target: 50,0ms) [17:07:43] [Server thread/INFO]: Percentiles: P50: 28,1ms P95: 37,8ms P99: 41,1ms, sample: 100"
"with-umce","1","2026-09-27T15:07:43.9420056+00:00","646522184381b84f3179ea440c481a63331a8f518bdbf22902283a96953672c7","False","100","0","0","0","0","0","True","0","29","28,1","37,8","41,1","100","37,94096507245814","116,49446631053144","1623814144","[17:07:43] [Server thread/INFO]: The game is running normally [17:07:43] [Server thread/INFO]: Target tick rate: 20,0 per second. Average time per tick: 29,0ms (Target: 50,0ms) [17:07:43] [Server thread/INFO]: Percentiles: P50: 28,1ms P95: 37,8ms P99: 41,1ms, sample: 100"
"with-umce","1","2026-09-27T15:07:44.0655452+00:00","646522184381b84f3179ea440c481a63331a8f518bdbf22902283a96953672c7","False","100","0","0","0","0","0","True","0","29,1","28,1","38,4","41,1","100","151,8779403569253","116,49446631053144","1623814144","[17:07:44] [Server thread/INFO]: The game is running normally [17:07:44] [Server thread/INFO]: Target tick rate: 20,0 per second. Average time per tick: 29,1ms (Target: 50,0ms) [17:07:44] [Server thread/INFO]: Percentiles: P50: 28,1ms P95: 38,4ms P99: 41,1ms, sample: 100"
"with-umce","1","2026-09-27T15:07:44.1889767+00:00","646522184381b84f3179ea440c481a63331a8f518bdbf22902283a96953672c7","False","100","0","0","0","0","0","True","0","29,1","28,1","38,4","41,1","100","125,70262740614942","116,49446631053144","1623814144","[17:07:44] [Server thread/INFO]: The game is running normally [17:07:44] [Server thread/INFO]: Target tick rate: 20,0 per second. Average time per tick: 29,1ms (Target: 50,0ms) [17:07:44] [Server thread/INFO]: Percentiles: P50: 28,1ms P95: 38,4ms P99: 41,1ms, sample: 100"
"with-umce","1","2026-09-27T15:07:44.3133087+00:00","646522184381b84f3179ea440c481a63331a8f518bdbf22902283a96953672c7","False","100","0","0","0","0","0","True","0","29,2","28,1","38,4","41,1","100","138,5167126710052","116,49446631053144","1623814144","[17:07:44] [Server thread/INFO]: The game is running normally [17:07:44] [Server thread/INFO]: Target tick rate: 20,0 per second. Average time per tick: 29,2ms (Target: 50,0ms) [17:07:44] [Server thread/INFO]: Percentiles: P50: 28,1ms P95: 38,4ms P99: 41,1ms, sample: 100"
"with-umce","1","2026-09-27T15:07:44.4373836+00:00","646522184381b84f3179ea440c481a63331a8f518bdbf22902283a96953672c7","False","100","0","0","0","0","0","True","0","29,3","28,3","38,4","41,1","100","201,97874537266696","116,49446631053144","1623814144","[17:07:44] [Server thread/INFO]: The game is running normally [17:07:44] [Server thread/INFO]: Target tick rate: 20,0 per second. Average time per tick: 29,3ms (Target: 50,0ms) [17:07:44] [Server thread/INFO]: Percentiles: P50: 28,3ms P95: 38,4ms P99: 41,1ms, sample: 100"
"with-umce","1","2026-09-27T15:07:44.5611581+00:00","646522184381b84f3179ea440c481a63331a8f518bdbf22902283a96953672c7","False","100","0","0","0","0","0","True","0","29,4","28,5","38,4","41,1","100","175,9058447380631","116,49446631053144","1623814144","[17:07:44] [Server thread/INFO]: The game is running normally [17:07:44] [Server thread/INFO]: Target tick rate: 20,0 per second. Average time per tick: 29,4ms (Target: 50,0ms) [17:07:44] [Server thread/INFO]: Percentiles: P50: 28,5ms P95: 38,4ms P99: 41,1ms, sample: 100"
"with-umce","1","2026-09-27T15:07:44.6855409+00:00","646522184381b84f3179ea440c481a63331a8f518bdbf22902283a96953672c7","False","100","0","0","0","0","0","True","0","29,6","29","38,4","41,1","100","151,41066286376918","116,49446631053144","1623814144","[17:07:44] [Server thread/INFO]: The game is running normally [17:07:44] [Server thread/INFO]: Target tick rate: 20,0 per second. Average time per tick: 29,6ms (Target: 50,0ms) [17:07:44] [Server thread/INFO]: Percentiles: P50: 29,0ms P95: 38,4ms P99: 41,1ms, sample: 100"
"with-umce","1","2026-09-27T15:07:44.8093789+00:00","646522184381b84f3179ea440c481a63331a8f518bdbf22902283a96953672c7","False","100","0","0","0","0","0","True","0","29,6","29","38,4","41,1","100","136,34034357369956","116,49446631053144","1623814144","[17:07:44] [Server thread/INFO]: The game is running normally [17:07:44] [Server thread/INFO]: Target tick rate: 20,0 per second. Average time per tick: 29,6ms (Target: 50,0ms) [17:07:44] [Server thread/INFO]: Percentiles: P50: 29,0ms P95: 38,4ms P99: 41,1ms, sample: 100"
"with-umce","1","2026-09-27T15:07:44.9354243+00:00","646522184381b84f3179ea440c481a63331a8f518bdbf22902283a96953672c7","False","100","0","0","0","0","0","True","0","29,7","29","38,4","41,1","100","125,7143592751451","116,49446631053144","1623814144","[17:07:44] [Server thread/INFO]: The game is running normally [17:07:44] [Server thread/INFO]: Target tick rate: 20,0 per second. Average time per tick: 29,7ms (Target: 50,0ms) [17:07:44] [Server thread/INFO]: Percentiles: P50: 29,0ms P95: 38,4ms P99: 41,1ms, sample: 100"
"with-umce","1","2026-09-27T15:07:45.0597114+00:00","646522184381b84f3179ea440c481a63331a8f518bdbf22902283a96953672c7","False","100","0","0","0","0","0","True","0","29,6","29","38,4","41,1","100","137,56471043979087","116,49446631053144","1623814144","[17:07:45] [Server thread/INFO]: The game is running normally [17:07:45] [Server thread/INFO]: Target tick rate: 20,0 per second. Average time per tick: 29,6ms (Target: 50,0ms) [17:07:45] [Server thread/INFO]: Percentiles: P50: 29,0ms P95: 38,4ms P99: 41,1ms, sample: 100"
"with-umce","1","2026-09-27T15:07:45.1846474+00:00","646522184381b84f3179ea440c481a63331a8f518bdbf22902283a96953672c7","False","100","0","0","0","0","0","True","0","29,6","29","38,4","41,1","100","141,6437015011966","116,49446631053144","1623814144","[17:07:45] [Server thread/INFO]: The game is running normally [17:07:45] [Server thread/INFO]: Target tick rate: 20,0 per second. Average time per tick: 29,6ms (Target: 50,0ms) [17:07:45] [Server thread/INFO]: Percentiles: P50: 29,0ms P95: 38,4ms P99: 41,1ms, sample: 100"
"with-umce","1","2026-09-27T15:07:45.3059741+00:00","646522184381b84f3179ea440c481a63331a8f518bdbf22902283a96953672c7","False","100","0","0","0","0","0","True","0","29,6","29","38,4","41,1","100","75,49494485849227","116,49446631053144","1623814144","[17:07:45] [Server thread/INFO]: The game is running normally [17:07:45] [Server thread/INFO]: Target tick rate: 20,0 per second. Average time per tick: 29,6ms (Target: 50,0ms) [17:07:45] [Server thread/INFO]: Percentiles: P50: 29,0ms P95: 38,4ms P99: 41,1ms, sample: 100"
"with-umce","1","2026-09-27T15:07:45.4301884+00:00","646522184381b84f3179ea440c481a63331a8f518bdbf22902283a96953672c7","False","100","0","0","0","0","0","True","0","29,6","29","38,7","41,4","100","137,52981646420946","116,49446631053144","1623814144","[17:07:45] [Server thread/INFO]: The game is running normally [17:07:45] [Server thread/INFO]: Target tick rate: 20,0 per second. Average time per tick: 29,6ms (Target: 50,0ms) [17:07:45] [Server thread/INFO]: Percentiles: P50: 29,0ms P95: 38,7ms P99: 41,4ms, sample: 100"
"with-umce","1","2026-09-27T15:07:45.5551369+00:00","646522184381b84f3179ea440c481a63331a8f518bdbf22902283a96953672c7","False","100","0","0","0","0","0","True","0","29,7","29","38,7","41,4","100","137,02731058939085","116,49446631053144","1623814144","[17:07:45] [Server thread/INFO]: The game is running normally [17:07:45] [Server thread/INFO]: Target tick rate: 20,0 per second. Average time per tick: 29,7ms (Target: 50,0ms) [17:07:45] [Server thread/INFO]: Percentiles: P50: 29,0ms P95: 38,7ms P99: 41,4ms, sample: 100"
"with-umce","1","2026-09-27T15:07:45.6805794+00:00","646522184381b84f3179ea440c481a63331a8f518bdbf22902283a96953672c7","False","100","0","0","0","0","0","True","0","29,5","29","38,4","41,4","100","111,94199156046938","116,49446631053144","1623814144","[17:07:45] [Server thread/INFO]: The game is running normally [17:07:45] [Server thread/INFO]: Target tick rate: 20,0 per second. Average time per tick: 29,5ms (Target: 50,0ms) [17:07:45] [Server thread/INFO]: Percentiles: P50: 29,0ms P95: 38,4ms P99: 41,4ms, sample: 100"
"with-umce","1","2026-09-27T15:07:45.8062132+00:00","646522184381b84f3179ea440c481a63331a8f518bdbf22902283a96953672c7","False","100","0","0","0","0","0","True","0","29,3","28,5","38","41,4","100","75,08036602379187","116,49446631053144","1623814144","[17:07:45] [Server thread/INFO]: The game is running normally [17:07:45] [Server thread/INFO]: Target tick rate: 20,0 per second. Average time per tick: 29,3ms (Target: 50,0ms) [17:07:45] [Server thread/INFO]: Percentiles: P50: 28,5ms P95: 38,0ms P99: 41,4ms, sample: 100"
"with-umce","1","2026-09-27T15:07:45.9310835+00:00","646522184381b84f3179ea440c481a63331a8f518bdbf22902283a96953672c7","False","100","0","0","0","0","0","True","0","29,2","28,5","38","41,4","100","125,91159998388332","116,49446631053144","1623814144","[17:07:45] [Server thread/INFO]: The game is running normally [17:07:45] [Server thread/INFO]: Target tick rate: 20,0 per second. Average time per tick: 29,2ms (Target: 50,0ms) [17:07:45] [Server thread/INFO]: Percentiles: P50: 28,5ms P95: 38,0ms P99: 41,4ms, sample: 100"
"with-umce","1","2026-09-27T15:07:46.0551612+00:00","646522184381b84f3179ea440c481a63331a8f518bdbf22902283a96953672c7","False","100","0","0","0","0","0","True","0","29,2","28,5","38","41,4","100","87,61109086321456","116,49446631053144","1623814144","[17:07:46] [Server thread/INFO]: The game is running normally [17:07:46] [Server thread/INFO]: Target tick rate: 20,0 per second. Average time per tick: 29,2ms (Target: 50,0ms) [17:07:46] [Server thread/INFO]: Percentiles: P50: 28,5ms P95: 38,0ms P99: 41,4ms, sample: 100"
"with-umce","1","2026-09-27T15:07:46.1799991+00:00","646522184381b84f3179ea440c481a63331a8f518bdbf22902283a96953672c7","False","100","0","0","0","0","0","True","0","29,2","28,3","38,1","41,4","100","100,94076795736262","116,49446631053144","1623814144","[17:07:46] [Server thread/INFO]: The game is running normally [17:07:46] [Server thread/INFO]: Target tick rate: 20,0 per second. Average time per tick: 29,2ms (Target: 50,0ms) [17:07:46] [Server thread/INFO]: Percentiles: P50: 28,3ms P95: 38,1ms P99: 41,4ms, sample: 100"
"with-umce","1","2026-09-27T15:07:46.3038126+00:00","646522184381b84f3179ea440c481a63331a8f518bdbf22902283a96953672c7","False","100","0","0","0","0","0","True","0","29,2","28","38,1","41,4","100","86,83601707900708","116,49446631053144","1623814144","[17:07:46] [Server thread/INFO]: The game is running normally [17:07:46] [Server thread/INFO]: Target tick rate: 20,0 per second. Average time per tick: 29,2ms (Target: 50,0ms) [17:07:46] [Server thread/INFO]: Percentiles: P50: 28,0ms P95: 38,1ms P99: 41,4ms, sample: 100"
"with-umce","1","2026-09-27T15:07:46.4297859+00:00","646522184381b84f3179ea440c481a63331a8f518bdbf22902283a96953672c7","False","100","0","0","0","0","0","True","0","29,3","28","38,1","41,4","100","101,65040501135594","116,49446631053144","1623814144","[17:07:46] [Server thread/INFO]: The game is running normally [17:07:46] [Server thread/INFO]: Target tick rate: 20,0 per second. Average time per tick: 29,3ms (Target: 50,0ms) [17:07:46] [Server thread/INFO]: Percentiles: P50: 28,0ms P95: 38,1ms P99: 41,4ms, sample: 100"
"with-umce","1","2026-09-27T15:07:46.5682007+00:00","646522184381b84f3179ea440c481a63331a8f518bdbf22902283a96953672c7","False","100","0","0","0","0","0","True","0","29,1","27,9","38,1","41,4","100","111,58267437069158","116,49446631053144","1623814144","[17:07:46] [Server thread/INFO]: The game is running normally [17:07:46] [Server thread/INFO]: Target tick rate: 20,0 per second. Average time per tick: 29,1ms (Target: 50,0ms) [17:07:46] [Server thread/INFO]: Percentiles: P50: 27,9ms P95: 38,1ms P99: 41,4ms, sample: 100"
"with-umce","1","2026-09-27T15:07:46.7081802+00:00","646522184381b84f3179ea440c481a63331a8f518bdbf22902283a96953672c7","False","100","0","0","0","0","0","True","0","29,2","27,9","38,1","41,4","100","74,78068321227504","116,49446631053144","1623814144","[17:07:46] [Server thread/INFO]: The game is running normally [17:07:46] [Server thread/INFO]: Target tick rate: 20,0 per second. Average time per tick: 29,2ms (Target: 50,0ms) [17:07:46] [Server thread/INFO]: Percentiles: P50: 27,9ms P95: 38,1ms P99: 41,4ms, sample: 100"
"with-umce","1","2026-09-27T15:07:46.8335197+00:00","646522184381b84f3179ea440c481a63331a8f518bdbf22902283a96953672c7","False","100","0","0","0","0","0","True","0","29,4","27,9","38,4","41,4","100","49,78032936258877","116,49446631053144","1623814144","[17:07:46] [Server thread/INFO]: The game is running normally [17:07:46] [Server thread/INFO]: Target tick rate: 20,0 per second. Average time per tick: 29,4ms (Target: 50,0ms) [17:07:46] [Server thread/INFO]: Percentiles: P50: 27,9ms P95: 38,4ms P99: 41,4ms, sample: 100"
"with-umce","1","2026-09-27T15:07:46.9590795+00:00","646522184381b84f3179ea440c481a63331a8f518bdbf22902283a96953672c7","False","100","0","0","0","0","0","True","0","29,5","28,5","38,4","41,4","100","101,30542622479611","116,49446631053144","1623814144","[17:07:47] [Server thread/INFO]: The game is running normally [17:07:47] [Server thread/INFO]: Target tick rate: 20,0 per second. Average time per tick: 29,5ms (Target: 50,0ms) [17:07:47] [Server thread/INFO]: Percentiles: P50: 28,5ms P95: 38,4ms P99: 41,4ms, sample: 100"
"with-umce","1","2026-09-27T15:07:47.0978902+00:00","646522184381b84f3179ea440c481a63331a8f518bdbf22902283a96953672c7","False","100","0","0","0","0","0","True","0","29,6","28,5","38,4","41,4","100","76,39640403144843","116,49446631053144","1623814144","[17:07:47] [Server thread/INFO]: The game is running normally [17:07:47] [Server thread/INFO]: Target tick rate: 20,0 per second. Average time per tick: 29,6ms (Target: 50,0ms) [17:07:47] [Server thread/INFO]: Percentiles: P50: 28,5ms P95: 38,4ms P99: 41,4ms, sample: 100"
"with-umce","1","2026-09-27T15:07:47.2205944+00:00","646522184381b84f3179ea440c481a63331a8f518bdbf22902283a96953672c7","False","100","0","0","0","0","0","True","0","29,5","28,3","38,4","41,4","100","76,06651337066745","116,49446631053144","1623814144","[17:07:47] [Server thread/INFO]: The game is running normally [17:07:47] [Server thread/INFO]: Target tick rate: 20,0 per second. Average time per tick: 29,5ms (Target: 50,0ms) [17:07:47] [Server thread/INFO]: Percentiles: P50: 28,3ms P95: 38,4ms P99: 41,4ms, sample: 100"
"with-umce","1","2026-09-27T15:07:47.3438556+00:00","646522184381b84f3179ea440c481a63331a8f518bdbf22902283a96953672c7","False","100","0","0","0","0","0","True","0","29,5","28,3","38,4","41,4","100","111,91170256197222","116,49446631053144","1623814144","[17:07:47] [Server thread/INFO]: The game is running normally [17:07:47] [Server thread/INFO]: Target tick rate: 20,0 per second. Average time per tick: 29,5ms (Target: 50,0ms) [17:07:47] [Server thread/INFO]: Percentiles: P50: 28,3ms P95: 38,4ms P99: 41,4ms, sample: 100"
"with-umce","1","2026-09-27T15:07:47.4705980+00:00","646522184381b84f3179ea440c481a63331a8f518bdbf22902283a96953672c7","False","100","0","0","0","0","0","True","0","29,5","28,6","38,4","41,4","100","190,5886026592548","116,49446631053144","1623814144","[17:07:47] [Server thread/INFO]: The game is running normally [17:07:47] [Server thread/INFO]: Target tick rate: 20,0 per second. Average time per tick: 29,5ms (Target: 50,0ms) [17:07:47] [Server thread/INFO]: Percentiles: P50: 28,6ms P95: 38,4ms P99: 41,4ms, sample: 100"
"with-umce","1","2026-09-27T15:07:47.5924926+00:00","646522184381b84f3179ea440c481a63331a8f518bdbf22902283a96953672c7","False","100","0","0","0","0","0","True","0","29,6","28,7","38,4","41,4","100","113,98841512939357","116,49446631053144","1623814144","[17:07:47] [Server thread/INFO]: The game is running normally [17:07:47] [Server thread/INFO]: Target tick rate: 20,0 per second. Average time per tick: 29,6ms (Target: 50,0ms) [17:07:47] [Server thread/INFO]: Percentiles: P50: 28,7ms P95: 38,4ms P99: 41,4ms, sample: 100"
"with-umce","1","2026-09-27T15:07:47.7158402+00:00","646522184381b84f3179ea440c481a63331a8f518bdbf22902283a96953672c7","False","100","0","0","0","0","0","True","0","29,7","29","38,4","41,4","100","100,61082846175702","116,49446631053144","1623814144","[17:07:47] [Server thread/INFO]: The game is running normally [17:07:47] [Server thread/INFO]: Target tick rate: 20,0 per second. Average time per tick: 29,7ms (Target: 50,0ms) [17:07:47] [Server thread/INFO]: Percentiles: P50: 29,0ms P95: 38,4ms P99: 41,4ms, sample: 100"
"with-umce","1","2026-09-27T15:07:47.8401425+00:00","646522184381b84f3179ea440c481a63331a8f518bdbf22902283a96953672c7","False","100","0","0","0","0","0","True","0","29,8","29","38,4","41,4","100","127,77235341546745","116,49446631053144","1623814144","[17:07:47] [Server thread/INFO]: The game is running normally [17:07:47] [Server thread/INFO]: Target tick rate: 20,0 per second. Average time per tick: 29,8ms (Target: 50,0ms) [17:07:47] [Server thread/INFO]: Percentiles: P50: 29,0ms P95: 38,4ms P99: 41,4ms, sample: 100"
"with-umce","1","2026-09-27T15:07:47.9623824+00:00","646522184381b84f3179ea440c481a63331a8f518bdbf22902283a96953672c7","False","100","0","0","0","0","0","True","0","29,7","29","38,4","41,4","100","87,82650381056615","116,49446631053144","1623814144","[17:07:47] [Server thread/INFO]: The game is running normally [17:07:47] [Server thread/INFO]: Target tick rate: 20,0 per second. Average time per tick: 29,7ms (Target: 50,0ms) [17:07:47] [Server thread/INFO]: Percentiles: P50: 29,0ms P95: 38,4ms P99: 41,4ms, sample: 100"
"with-umce","1","2026-09-27T15:07:48.0869191+00:00","646522184381b84f3179ea440c481a63331a8f518bdbf22902283a96953672c7","False","100","0","0","0","0","0","True","0","29,6","29","38,1","41,4","100","100,5497254590296","116,49446631053144","1623814144","[17:07:48] [Server thread/INFO]: The game is running normally [17:07:48] [Server thread/INFO]: Target tick rate: 20,0 per second. Average time per tick: 29,6ms (Target: 50,0ms) [17:07:48] [Server thread/INFO]: Percentiles: P50: 29,0ms P95: 38,1ms P99: 41,4ms, sample: 100"
"with-umce","1","2026-09-27T15:07:48.2112323+00:00","646522184381b84f3179ea440c481a63331a8f518bdbf22902283a96953672c7","False","100","0","0","0","0","0","True","0","29,7","29","38,4","41,4","100","175,07184948702948","116,49446631053144","1623814144","[17:07:48] [Server thread/INFO]: The game is running normally [17:07:48] [Server thread/INFO]: Target tick rate: 20,0 per second. Average time per tick: 29,7ms (Target: 50,0ms) [17:07:48] [Server thread/INFO]: Percentiles: P50: 29,0ms P95: 38,4ms P99: 41,4ms, sample: 100"
"with-umce","1","2026-09-27T15:07:48.3361852+00:00","646522184381b84f3179ea440c481a63331a8f518bdbf22902283a96953672c7","False","100","0","0","0","0","0","True","0","29,8","29","38,4","43","100","124,00596815923556","116,49446631053144","1623814144","[17:07:48] [Server thread/INFO]: The game is running normally [17:07:48] [Server thread/INFO]: Target tick rate: 20,0 per second. Average time per tick: 29,8ms (Target: 50,0ms) [17:07:48] [Server thread/INFO]: Percentiles: P50: 29,0ms P95: 38,4ms P99: 43,0ms, sample: 100"
"with-umce","1","2026-09-27T15:07:48.4748019+00:00","646522184381b84f3179ea440c481a63331a8f518bdbf22902283a96953672c7","False","100","0","0","0","0","0","True","0","29,9","29,4","38,4","43","100","134,05515779900736","116,49446631053144","1623814144","[17:07:48] [Server thread/INFO]: The game is running normally [17:07:48] [Server thread/INFO]: Target tick rate: 20,0 per second. Average time per tick: 29,9ms (Target: 50,0ms) [17:07:48] [Server thread/INFO]: Percentiles: P50: 29,4ms P95: 38,4ms P99: 43,0ms, sample: 100"
"with-umce","1","2026-09-27T15:07:48.6146698+00:00","646522184381b84f3179ea440c481a63331a8f518bdbf22902283a96953672c7","False","100","0","0","0","0","0","True","0","30","29,5","38,4","43","100","149,69701324519173","116,49446631053144","1623814144","[17:07:48] [Server thread/INFO]: The game is running normally [17:07:48] [Server thread/INFO]: Target tick rate: 20,0 per second. Average time per tick: 30,0ms (Target: 50,0ms) [17:07:48] [Server thread/INFO]: Percentiles: P50: 29,5ms P95: 38,4ms P99: 43,0ms, sample: 100"
"with-umce","1","2026-09-27T15:07:48.7399121+00:00","646522184381b84f3179ea440c481a63331a8f518bdbf22902283a96953672c7","False","100","0","0","0","0","0","True","0","29,9","29,4","38,4","43","100","139,89158656389637","116,49446631053144","1623814144","[17:07:48] [Server thread/INFO]: The game is running normally [17:07:48] [Server thread/INFO]: Target tick rate: 20,0 per second. Average time per tick: 29,9ms (Target: 50,0ms) [17:07:48] [Server thread/INFO]: Percentiles: P50: 29,4ms P95: 38,4ms P99: 43,0ms, sample: 100"
"with-umce","1","2026-09-27T15:07:48.8627759+00:00","646522184381b84f3179ea440c481a63331a8f518bdbf22902283a96953672c7","False","100","0","0","0","0","0","True","0","29,8","29,4","38,4","43","100","111,92524149984997","116,49446631053144","1623814144","[17:07:48] [Server thread/INFO]: The game is running normally [17:07:48] [Server thread/INFO]: Target tick rate: 20,0 per second. Average time per tick: 29,8ms (Target: 50,0ms) [17:07:48] [Server thread/INFO]: Percentiles: P50: 29,4ms P95: 38,4ms P99: 43,0ms, sample: 100"
"with-umce","1","2026-09-27T15:07:48.9884400+00:00","646522184381b84f3179ea440c481a63331a8f518bdbf22902283a96953672c7","False","100","0","0","0","0","0","True","0","29,9","29,6","38,4","43","100","101,33239945393997","116,49446631053144","1623814144","[17:07:48] [Server thread/INFO]: The game is running normally [17:07:48] [Server thread/INFO]: Target tick rate: 20,0 per second. Average time per tick: 29,9ms (Target: 50,0ms) [17:07:48] [Server thread/INFO]: Percentiles: P50: 29,6ms P95: 38,4ms P99: 43,0ms, sample: 100"
"with-umce","1","2026-09-27T15:07:49.1117732+00:00","646522184381b84f3179ea440c481a63331a8f518bdbf22902283a96953672c7","False","100","0","0","0","0","0","True","0","29,9","29,6","38,4","43","100","137,43227337568047","116,49446631053144","1623814144","[17:07:49] [Server thread/INFO]: The game is running normally [17:07:49] [Server thread/INFO]: Target tick rate: 20,0 per second. Average time per tick: 29,9ms (Target: 50,0ms) [17:07:49] [Server thread/INFO]: Percentiles: P50: 29,6ms P95: 38,4ms P99: 43,0ms, sample: 100"
"with-umce","1","2026-09-27T15:07:49.2368596+00:00","646522184381b84f3179ea440c481a63331a8f518bdbf22902283a96953672c7","False","100","0","0","0","0","0","True","0","30,1","29,8","39","43","100","63,51223255761017","116,49446631053144","1623814144","[17:07:49] [Server thread/INFO]: The game is running normally [17:07:49] [Server thread/INFO]: Target tick rate: 20,0 per second. Average time per tick: 30,1ms (Target: 50,0ms) [17:07:49] [Server thread/INFO]: Percentiles: P50: 29,8ms P95: 39,0ms P99: 43,0ms, sample: 100"
"with-umce","1","2026-09-27T15:07:49.3598270+00:00","646522184381b84f3179ea440c481a63331a8f518bdbf22902283a96953672c7","False","100","0","0","0","0","0","True","0","29,9","29,6","39","43","100","149,2701287783255","116,49446631053144","1623814144","[17:07:49] [Server thread/INFO]: The game is running normally [17:07:49] [Server thread/INFO]: Target tick rate: 20,0 per second. Average time per tick: 29,9ms (Target: 50,0ms) [17:07:49] [Server thread/INFO]: Percentiles: P50: 29,6ms P95: 39,0ms P99: 43,0ms, sample: 100"
"with-umce","1","2026-09-27T15:07:49.4854596+00:00","646522184381b84f3179ea440c481a63331a8f518bdbf22902283a96953672c7","False","100","0","0","0","0","0","True","0","30","29,6","39","43","100","113,51115739003039","116,49446631053144","1623814144","[17:07:49] [Server thread/INFO]: The game is running normally [17:07:49] [Server thread/INFO]: Target tick rate: 20,0 per second. Average time per tick: 30,0ms (Target: 50,0ms) [17:07:49] [Server thread/INFO]: Percentiles: P50: 29,6ms P95: 39,0ms P99: 43,0ms, sample: 100"
"with-umce","1","2026-09-27T15:07:49.6093335+00:00","646522184381b84f3179ea440c481a63331a8f518bdbf22902283a96953672c7","False","100","0","0","0","0","0","True","0","29,8","29,4","39","43","100","149,64110078387992","116,49446631053144","1623814144","[17:07:49] [Server thread/INFO]: The game is running normally [17:07:49] [Server thread/INFO]: Target tick rate: 20,0 per second. Average time per tick: 29,8ms (Target: 50,0ms) [17:07:49] [Server thread/INFO]: Percentiles: P50: 29,4ms P95: 39,0ms P99: 43,0ms, sample: 100"
"with-umce","1","2026-09-27T15:07:49.7346276+00:00","646522184381b84f3179ea440c481a63331a8f518bdbf22902283a96953672c7","False","100","0","0","0","0","0","True","0","29,9","29,5","39,1","43","100","238,65374767777342","116,49446631053144","1623814144","[17:07:49] [Server thread/INFO]: The game is running normally [17:07:49] [Server thread/INFO]: Target tick rate: 20,0 per second. Average time per tick: 29,9ms (Target: 50,0ms) [17:07:49] [Server thread/INFO]: Percentiles: P50: 29,5ms P95: 39,1ms P99: 43,0ms, sample: 100"
"with-umce","1","2026-09-27T15:07:49.8590231+00:00","646522184381b84f3179ea440c481a63331a8f518bdbf22902283a96953672c7","False","100","0","0","0","0","0","True","0","29,9","29,4","39,1","43","100","113,13837194989004","116,49446631053144","1623814144","[17:07:49] [Server thread/INFO]: The game is running normally [17:07:49] [Server thread/INFO]: Target tick rate: 20,0 per second. Average time per tick: 29,9ms (Target: 50,0ms) [17:07:49] [Server thread/INFO]: Percentiles: P50: 29,4ms P95: 39,1ms P99: 43,0ms, sample: 100"
"with-umce","1","2026-09-27T15:07:49.9833062+00:00","646522184381b84f3179ea440c481a63331a8f518bdbf22902283a96953672c7","False","100","0","0","0","0","0","True","0","29,9","29,4","39,1","43","100","140,69524529883466","116,49446631053144","1623814144","[17:07:49] [Server thread/INFO]: The game is running normally [17:07:49] [Server thread/INFO]: Target tick rate: 20,0 per second. Average time per tick: 29,9ms (Target: 50,0ms) [17:07:49] [Server thread/INFO]: Percentiles: P50: 29,4ms P95: 39,1ms P99: 43,0ms, sample: 100"
"with-umce","1","2026-09-27T15:07:50.1054968+00:00","646522184381b84f3179ea440c481a63331a8f518bdbf22902283a96953672c7","False","100","0","0","0","0","0","True","0","29,9","29,4","39,1","43","100","63,224348718396925","116,49446631053144","1623814144","[17:07:50] [Server thread/INFO]: The game is running normally [17:07:50] [Server thread/INFO]: Target tick rate: 20,0 per second. Average time per tick: 29,9ms (Target: 50,0ms) [17:07:50] [Server thread/INFO]: Percentiles: P50: 29,4ms P95: 39,1ms P99: 43,0ms, sample: 100"
"with-umce","1","2026-09-27T15:07:50.2290499+00:00","646522184381b84f3179ea440c481a63331a8f518bdbf22902283a96953672c7","False","100","0","0","0","0","0","True","0","29,9","29,4","39,1","43","100","149,7405296102913","116,49446631053144","1623814144","[17:07:50] [Server thread/INFO]: The game is running normally [17:07:50] [Server thread/INFO]: Target tick rate: 20,0 per second. Average time per tick: 29,9ms (Target: 50,0ms) [17:07:50] [Server thread/INFO]: Percentiles: P50: 29,4ms P95: 39,1ms P99: 43,0ms, sample: 100"
"with-umce","1","2026-09-27T15:07:50.3542733+00:00","646522184381b84f3179ea440c481a63331a8f518bdbf22902283a96953672c7","False","100","0","0","0","0","0","True","0","29,9","29,5","39","43","100","89,11236345949064","116,49446631053144","1623814144","[17:07:50] [Server thread/INFO]: The game is running normally [17:07:50] [Server thread/INFO]: Target tick rate: 20,0 per second. Average time per tick: 29,9ms (Target: 50,0ms) [17:07:50] [Server thread/INFO]: Percentiles: P50: 29,5ms P95: 39,0ms P99: 43,0ms, sample: 100"
"with-umce","1","2026-09-27T15:07:50.4769948+00:00","646522184381b84f3179ea440c481a63331a8f518bdbf22902283a96953672c7","False","100","0","0","0","0","0","True","0","30","29,6","39","43","100","113,9430661441018","116,49446631053144","1623814144","[17:07:50] [Server thread/INFO]: The game is running normally [17:07:50] [Server thread/INFO]: Target tick rate: 20,0 per second. Average time per tick: 30,0ms (Target: 50,0ms) [17:07:50] [Server thread/INFO]: Percentiles: P50: 29,6ms P95: 39,0ms P99: 43,0ms, sample: 100"
"with-umce","1","2026-09-27T15:07:50.6004158+00:00","646522184381b84f3179ea440c481a63331a8f518bdbf22902283a96953672c7","False","100","0","0","0","0","0","True","0","30,1","29,7","39,1","43","100","100,18880022798517","116,49446631053144","1623814144","[17:07:50] [Server thread/INFO]: The game is running normally [17:07:50] [Server thread/INFO]: Target tick rate: 20,0 per second. Average time per tick: 30,1ms (Target: 50,0ms) [17:07:50] [Server thread/INFO]: Percentiles: P50: 29,7ms P95: 39,1ms P99: 43,0ms, sample: 100"
"with-umce","1","2026-09-27T15:07:50.7408002+00:00","646522184381b84f3179ea440c481a63331a8f518bdbf22902283a96953672c7","False","100","0","0","0","0","0","True","0","30,2","29,8","39,1","43","100","102,68818499865273","116,49446631053144","1623814144","[17:07:50] [Server thread/INFO]: The game is running normally [17:07:50] [Server thread/INFO]: Target tick rate: 20,0 per second. Average time per tick: 30,2ms (Target: 50,0ms) [17:07:50] [Server thread/INFO]: Percentiles: P50: 29,8ms P95: 39,1ms P99: 43,0ms, sample: 100"
"with-umce","1","2026-09-27T15:07:50.8777096+00:00","646522184381b84f3179ea440c481a63331a8f518bdbf22902283a96953672c7","False","100","0","0","0","0","0","True","0","30,4","30","39,1","43","100","100,97501474235216","116,49446631053144","1623814144","[17:07:50] [Server thread/INFO]: The game is running normally [17:07:50] [Server thread/INFO]: Target tick rate: 20,0 per second. Average time per tick: 30,4ms (Target: 50,0ms) [17:07:50] [Server thread/INFO]: Percentiles: P50: 30,0ms P95: 39,1ms P99: 43,0ms, sample: 100"
"with-umce","1","2026-09-27T15:07:51.0015369+00:00","646522184381b84f3179ea440c481a63331a8f518bdbf22902283a96953672c7","False","100","0","0","0","0","0","True","0","30,5","30","39,1","43","100","100,57472420399127","116,49446631053144","1623814144","[17:07:51] [Server thread/INFO]: The game is running normally [17:07:51] [Server thread/INFO]: Target tick rate: 20,0 per second. Average time per tick: 30,5ms (Target: 50,0ms) [17:07:51] [Server thread/INFO]: Percentiles: P50: 30,0ms P95: 39,1ms P99: 43,0ms, sample: 100"
"with-umce","1","2026-09-27T15:07:51.1258167+00:00","646522184381b84f3179ea440c481a63331a8f518bdbf22902283a96953672c7","False","100","0","0","0","0","0","True","0","30,4","30,2","39,1","43","100","138,22340601773442","116,49446631053144","1623814144","[17:07:51] [Server thread/INFO]: The game is running normally [17:07:51] [Server thread/INFO]: Target tick rate: 20,0 per second. Average time per tick: 30,4ms (Target: 50,0ms) [17:07:51] [Server thread/INFO]: Percentiles: P50: 30,2ms P95: 39,1ms P99: 43,0ms, sample: 100"
"with-umce","1","2026-09-27T15:07:51.2501415+00:00","646522184381b84f3179ea440c481a63331a8f518bdbf22902283a96953672c7","False","100","0","0","0","0","0","True","0","30,5","30,2","39,5","43","100","176,51962212293188","116,49446631053144","1623814144","[17:07:51] [Server thread/INFO]: The game is running normally [17:07:51] [Server thread/INFO]: Target tick rate: 20,0 per second. Average time per tick: 30,5ms (Target: 50,0ms) [17:07:51] [Server thread/INFO]: Percentiles: P50: 30,2ms P95: 39,5ms P99: 43,0ms, sample: 100"
"with-umce","1","2026-09-27T15:07:51.3740949+00:00","646522184381b84f3179ea440c481a63331a8f518bdbf22902283a96953672c7","False","100","0","0","0","0","0","True","0","30,6","30,3","39,5","43","100","151,71007597640607","116,49446631053144","1623814144","[17:07:51] [Server thread/INFO]: The game is running normally [17:07:51] [Server thread/INFO]: Target tick rate: 20,0 per second. Average time per tick: 30,6ms (Target: 50,0ms) [17:07:51] [Server thread/INFO]: Percentiles: P50: 30,3ms P95: 39,5ms P99: 43,0ms, sample: 100"
"with-umce","1","2026-09-27T15:07:51.4976505+00:00","646522184381b84f3179ea440c481a63331a8f518bdbf22902283a96953672c7","False","100","0","0","0","0","0","True","0","30,6","30,3","39,5","43","100","61,78463280750163","116,49446631053144","1623814144","[17:07:51] [Server thread/INFO]: The game is running normally [17:07:51] [Server thread/INFO]: Target tick rate: 20,0 per second. Average time per tick: 30,6ms (Target: 50,0ms) [17:07:51] [Server thread/INFO]: Percentiles: P50: 30,3ms P95: 39,5ms P99: 43,0ms, sample: 100"
"with-umce","1","2026-09-27T15:07:51.6241383+00:00","646522184381b84f3179ea440c481a63331a8f518bdbf22902283a96953672c7","False","100","0","0","0","0","0","True","0","30,5","30,3","39,5","43","100","113,49695727268325","116,49446631053144","1623814144","[17:07:51] [Server thread/INFO]: The game is running normally [17:07:51] [Server thread/INFO]: Target tick rate: 20,0 per second. Average time per tick: 30,5ms (Target: 50,0ms) [17:07:51] [Server thread/INFO]: Percentiles: P50: 30,3ms P95: 39,5ms P99: 43,0ms, sample: 100"
"with-umce","1","2026-09-27T15:07:51.7479980+00:00","646522184381b84f3179ea440c481a63331a8f518bdbf22902283a96953672c7","False","100","0","0","0","0","0","True","0","30,4","30","39,5","43","100","87,74934854883637","116,49446631053144","1623814144","[17:07:51] [Server thread/INFO]: The game is running normally [17:07:51] [Server thread/INFO]: Target tick rate: 20,0 per second. Average time per tick: 30,4ms (Target: 50,0ms) [17:07:51] [Server thread/INFO]: Percentiles: P50: 30,0ms P95: 39,5ms P99: 43,0ms, sample: 100"
"with-umce","1","2026-09-27T15:07:51.8726724+00:00","646522184381b84f3179ea440c481a63331a8f518bdbf22902283a96953672c7","False","100","0","0","0","0","0","True","0","30,2","30","39,5","43","100","101,77271790963722","116,49446631053144","1623814144","[17:07:51] [Server thread/INFO]: The game is running normally [17:07:51] [Server thread/INFO]: Target tick rate: 20,0 per second. Average time per tick: 30,2ms (Target: 50,0ms) [17:07:51] [Server thread/INFO]: Percentiles: P50: 30,0ms P95: 39,5ms P99: 43,0ms, sample: 100"
"with-umce","1","2026-09-27T15:07:51.9954951+00:00","646522184381b84f3179ea440c481a63331a8f518bdbf22902283a96953672c7","False","100","0","0","0","0","0","True","0","30,2","30","39,5","43","100","126,90602700072935","116,49446631053144","1623814144","[17:07:52] [Server thread/INFO]: The game is running normally [17:07:52] [Server thread/INFO]: Target tick rate: 20,0 per second. Average time per tick: 30,2ms (Target: 50,0ms) [17:07:52] [Server thread/INFO]: Percentiles: P50: 30,0ms P95: 39,5ms P99: 43,0ms, sample: 100"
"with-umce","1","2026-09-27T15:07:52.1186116+00:00","646522184381b84f3179ea440c481a63331a8f518bdbf22902283a96953672c7","False","100","0","0","0","0","0","True","0","30,3","30,2","39,5","43","100","126,7935711399168","116,49446631053144","1623814144","[17:07:52] [Server thread/INFO]: The game is running normally [17:07:52] [Server thread/INFO]: Target tick rate: 20,0 per second. Average time per tick: 30,3ms (Target: 50,0ms) [17:07:52] [Server thread/INFO]: Percentiles: P50: 30,2ms P95: 39,5ms P99: 43,0ms, sample: 100"
"with-umce","1","2026-09-27T15:07:52.2418492+00:00","646522184381b84f3179ea440c481a63331a8f518bdbf22902283a96953672c7","False","100","0","0","0","0","0","True","0","30,4","30,3","39,5","43","100","101,30228818907166","116,49446631053144","1623814144","[17:07:52] [Server thread/INFO]: The game is running normally [17:07:52] [Server thread/INFO]: Target tick rate: 20,0 per second. Average time per tick: 30,4ms (Target: 50,0ms) [17:07:52] [Server thread/INFO]: Percentiles: P50: 30,3ms P95: 39,5ms P99: 43,0ms, sample: 100"
"with-umce","1","2026-09-27T15:07:52.3806549+00:00","646522184381b84f3179ea440c481a63331a8f518bdbf22902283a96953672c7","False","100","0","0","0","0","0","True","0","30,4","30,2","39,5","43","100","99,61365838731065","116,49446631053144","1623814144","[17:07:52] [Server thread/INFO]: The game is running normally [17:07:52] [Server thread/INFO]: Target tick rate: 20,0 per second. Average time per tick: 30,4ms (Target: 50,0ms) [17:07:52] [Server thread/INFO]: Percentiles: P50: 30,2ms P95: 39,5ms P99: 43,0ms, sample: 100"
"with-umce","1","2026-09-27T15:07:52.5218315+00:00","646522184381b84f3179ea440c481a63331a8f518bdbf22902283a96953672c7","False","100","0","0","0","0","0","True","0","30,4","30,2","39,5","43","100","122,13988365532072","116,49446631053144","1623814144","[17:07:52] [Server thread/INFO]: The game is running normally [17:07:52] [Server thread/INFO]: Target tick rate: 20,0 per second. Average time per tick: 30,4ms (Target: 50,0ms) [17:07:52] [Server thread/INFO]: Percentiles: P50: 30,2ms P95: 39,5ms P99: 43,0ms, sample: 100"
"with-umce","1","2026-09-27T15:07:52.6625595+00:00","646522184381b84f3179ea440c481a63331a8f518bdbf22902283a96953672c7","False","100","0","0","0","0","0","True","0","30,4","30,1","39,5","43","100","101,39658701792007","116,49446631053144","1623814144","[17:07:52] [Server thread/INFO]: The game is running normally [17:07:52] [Server thread/INFO]: Target tick rate: 20,0 per second. Average time per tick: 30,4ms (Target: 50,0ms) [17:07:52] [Server thread/INFO]: Percentiles: P50: 30,1ms P95: 39,5ms P99: 43,0ms, sample: 100"
"with-umce","1","2026-09-27T15:07:52.8012257+00:00","646522184381b84f3179ea440c481a63331a8f518bdbf22902283a96953672c7","False","100","0","0","0","0","0","True","0","30,6","30,2","39,7","43","100","63,74631699278942","116,49446631053144","1623814144","[17:07:52] [Server thread/INFO]: The game is running normally [17:07:52] [Server thread/INFO]: Target tick rate: 20,0 per second. Average time per tick: 30,6ms (Target: 50,0ms) [17:07:52] [Server thread/INFO]: Percentiles: P50: 30,2ms P95: 39,7ms P99: 43,0ms, sample: 100"
"with-umce","1","2026-09-27T15:07:52.9237941+00:00","646522184381b84f3179ea440c481a63331a8f518bdbf22902283a96953672c7","False","100","0","0","0","0","0","True","0","30,8","30,2","40,1","43","100","164,32359755624014","116,49446631053144","1623814144","[17:07:52] [Server thread/INFO]: The game is running normally [17:07:52] [Server thread/INFO]: Target tick rate: 20,0 per second. Average time per tick: 30,8ms (Target: 50,0ms) [17:07:52] [Server thread/INFO]: Percentiles: P50: 30,2ms P95: 40,1ms P99: 43,0ms, sample: 100"
"with-umce","1","2026-09-27T15:07:53.0474491+00:00","646522184381b84f3179ea440c481a63331a8f518bdbf22902283a96953672c7","False","100","0","0","0","0","0","True","0","30,8","30,2","40,1","43","100","138,04755180949718","116,49446631053144","1623814144","[17:07:53] [Server thread/INFO]: The game is running normally [17:07:53] [Server thread/INFO]: Target tick rate: 20,0 per second. Average time per tick: 30,8ms (Target: 50,0ms) [17:07:53] [Server thread/INFO]: Percentiles: P50: 30,2ms P95: 40,1ms P99: 43,0ms, sample: 100"
"with-umce","1","2026-09-27T15:07:53.1718890+00:00","646522184381b84f3179ea440c481a63331a8f518bdbf22902283a96953672c7","False","100","0","0","0","0","0","True","0","30,8","30,2","40,1","43","100","137,8278096625013","116,49446631053144","1623814144","[17:07:53] [Server thread/INFO]: The game is running normally [17:07:53] [Server thread/INFO]: Target tick rate: 20,0 per second. Average time per tick: 30,8ms (Target: 50,0ms) [17:07:53] [Server thread/INFO]: Percentiles: P50: 30,2ms P95: 40,1ms P99: 43,0ms, sample: 100"
"with-umce","1","2026-09-27T15:07:53.2966725+00:00","646522184381b84f3179ea440c481a63331a8f518bdbf22902283a96953672c7","False","100","0","0","0","0","0","True","0","30,8","30,2","40,1","43","100","138,72376557035545","116,49446631053144","1623814144","[17:07:53] [Server thread/INFO]: The game is running normally [17:07:53] [Server thread/INFO]: Target tick rate: 20,0 per second. Average time per tick: 30,8ms (Target: 50,0ms) [17:07:53] [Server thread/INFO]: Percentiles: P50: 30,2ms P95: 40,1ms P99: 43,0ms, sample: 100"
"with-umce","1","2026-09-27T15:07:53.4205218+00:00","646522184381b84f3179ea440c481a63331a8f518bdbf22902283a96953672c7","False","100","0","0","0","0","0","True","0","30,8","30,2","40,1","42,9","100","148,62162361395474","116,49446631053144","1623814144","[17:07:53] [Server thread/INFO]: The game is running normally [17:07:53] [Server thread/INFO]: Target tick rate: 20,0 per second. Average time per tick: 30,8ms (Target: 50,0ms) [17:07:53] [Server thread/INFO]: Percentiles: P50: 30,2ms P95: 40,1ms P99: 42,9ms, sample: 100"
"with-umce","1","2026-09-27T15:07:53.5466875+00:00","646522184381b84f3179ea440c481a63331a8f518bdbf22902283a96953672c7","False","100","0","0","0","0","0","True","0","30,9","30,3","40,1","42,9","100","151,3250017150167","116,49446631053144","1623814144","[17:07:53] [Server thread/INFO]: The game is running normally [17:07:53] [Server thread/INFO]: Target tick rate: 20,0 per second. Average time per tick: 30,9ms (Target: 50,0ms) [17:07:53] [Server thread/INFO]: Percentiles: P50: 30,3ms P95: 40,1ms P99: 42,9ms, sample: 100"
"with-umce","1","2026-09-27T15:07:53.6705654+00:00","646522184381b84f3179ea440c481a63331a8f518bdbf22902283a96953672c7","False","100","0","0","0","0","0","True","0","31","30,3","40,5","42,9","100","113,91251518833536","116,49446631053144","1623814144","[17:07:53] [Server thread/INFO]: The game is running normally [17:07:53] [Server thread/INFO]: Target tick rate: 20,0 per second. Average time per tick: 31,0ms (Target: 50,0ms) [17:07:53] [Server thread/INFO]: Percentiles: P50: 30,3ms P95: 40,5ms P99: 42,9ms, sample: 100"
"with-umce","1","2026-09-27T15:07:53.7940281+00:00","646522184381b84f3179ea440c481a63331a8f518bdbf22902283a96953672c7","False","100","0","0","0","0","0","True","0","31","30,3","40,5","42,9","100","151,08174529632166","116,49446631053144","1623814144","[17:07:53] [Server thread/INFO]: The game is running normally [17:07:53] [Server thread/INFO]: Target tick rate: 20,0 per second. Average time per tick: 31,0ms (Target: 50,0ms) [17:07:53] [Server thread/INFO]: Percentiles: P50: 30,3ms P95: 40,5ms P99: 42,9ms, sample: 100"
"with-umce","1","2026-09-27T15:07:53.9181578+00:00","646522184381b84f3179ea440c481a63331a8f518bdbf22902283a96953672c7","False","100","0","0","0","0","0","True","0","31,1","30,3","40,5","42,9","100","99,57604503067739","116,49446631053144","1623814144","[17:07:53] [Server thread/INFO]: The game is running normally [17:07:53] [Server thread/INFO]: Target tick rate: 20,0 per second. Average time per tick: 31,1ms (Target: 50,0ms) [17:07:53] [Server thread/INFO]: Percentiles: P50: 30,3ms P95: 40,5ms P99: 42,9ms, sample: 100"
"with-umce","1","2026-09-27T15:07:54.0436545+00:00","646522184381b84f3179ea440c481a63331a8f518bdbf22902283a96953672c7","False","100","0","0","0","0","0","True","0","31","30,3","40,5","42,9","100","138,08858880090497","116,49446631053144","1623814144","[17:07:54] [Server thread/INFO]: The game is running normally [17:07:54] [Server thread/INFO]: Target tick rate: 20,0 per second. Average time per tick: 31,0ms (Target: 50,0ms) [17:07:54] [Server thread/INFO]: Percentiles: P50: 30,3ms P95: 40,5ms P99: 42,9ms, sample: 100"
"with-umce","1","2026-09-27T15:07:54.1681387+00:00","646522184381b84f3179ea440c481a63331a8f518bdbf22902283a96953672c7","False","100","0","0","0","0","0","True","0","30,8","30,3","40,5","42,9","100","125,5643363533063","116,49446631053144","1623814144","[17:07:54] [Server thread/INFO]: The game is running normally [17:07:54] [Server thread/INFO]: Target tick rate: 20,0 per second. Average time per tick: 30,8ms (Target: 50,0ms) [17:07:54] [Server thread/INFO]: Percentiles: P50: 30,3ms P95: 40,5ms P99: 42,9ms, sample: 100"
"with-umce","1","2026-09-27T15:07:54.2925775+00:00","646522184381b84f3179ea440c481a63331a8f518bdbf22902283a96953672c7","False","100","0","0","0","0","0","True","0","30,8","30,2","40,5","42,9","100","87,24433918844218","116,49446631053144","1623814144","[17:07:54] [Server thread/INFO]: The game is running normally [17:07:54] [Server thread/INFO]: Target tick rate: 20,0 per second. Average time per tick: 30,8ms (Target: 50,0ms) [17:07:54] [Server thread/INFO]: Percentiles: P50: 30,2ms P95: 40,5ms P99: 42,9ms, sample: 100"
"with-umce","1","2026-09-27T15:07:54.4179349+00:00","646522184381b84f3179ea440c481a63331a8f518bdbf22902283a96953672c7","False","100","0","0","0","0","0","True","0","30,7","30,1","40,5","42,9","100","86,15162370703644","116,49446631053144","1623814144","[17:07:54] [Server thread/INFO]: The game is running normally [17:07:54] [Server thread/INFO]: Target tick rate: 20,0 per second. Average time per tick: 30,7ms (Target: 50,0ms) [17:07:54] [Server thread/INFO]: Percentiles: P50: 30,1ms P95: 40,5ms P99: 42,9ms, sample: 100"
"with-umce","1","2026-09-27T15:07:54.5448966+00:00","646522184381b84f3179ea440c481a63331a8f518bdbf22902283a96953672c7","False","100","0","0","0","0","0","True","0","30,8","30,1","40,5","42,9","100","76,5430465847105","116,49446631053144","1623814144","[17:07:54] [Server thread/INFO]: The game is running normally [17:07:54] [Server thread/INFO]: Target tick rate: 20,0 per second. Average time per tick: 30,8ms (Target: 50,0ms) [17:07:54] [Server thread/INFO]: Percentiles: P50: 30,1ms P95: 40,5ms P99: 42,9ms, sample: 100"
"with-umce","1","2026-09-27T15:07:54.6673833+00:00","646522184381b84f3179ea440c481a63331a8f518bdbf22902283a96953672c7","False","100","0","0","0","0","0","True","0","30,6","30,1","40,1","42,9","100","125,0794504669366","116,49446631053144","1623814144","[17:07:54] [Server thread/INFO]: The game is running normally [17:07:54] [Server thread/INFO]: Target tick rate: 20,0 per second. Average time per tick: 30,6ms (Target: 50,0ms) [17:07:54] [Server thread/INFO]: Percentiles: P50: 30,1ms P95: 40,1ms P99: 42,9ms, sample: 100"
"with-umce","1","2026-09-27T15:07:54.7922672+00:00","646522184381b84f3179ea440c481a63331a8f518bdbf22902283a96953672c7","False","100","0","0","0","0","0","True","0","30,6","30","40,1","42,9","100","125,29429123124393","116,49446631053144","1623814144","[17:07:54] [Server thread/INFO]: The game is running normally [17:07:54] [Server thread/INFO]: Target tick rate: 20,0 per second. Average time per tick: 30,6ms (Target: 50,0ms) [17:07:54] [Server thread/INFO]: Percentiles: P50: 30,0ms P95: 40,1ms P99: 42,9ms, sample: 100"
"with-umce","1","2026-09-27T15:07:54.9169960+00:00","646522184381b84f3179ea440c481a63331a8f518bdbf22902283a96953672c7","False","100","0","0","0","0","0","True","0","30,6","30,1","40,1","42,9","100","125,92387831038765","116,49446631053144","1623814144","[17:07:54] [Server thread/INFO]: The game is running normally [17:07:54] [Server thread/INFO]: Target tick rate: 20,0 per second. Average time per tick: 30,6ms (Target: 50,0ms) [17:07:54] [Server thread/INFO]: Percentiles: P50: 30,1ms P95: 40,1ms P99: 42,9ms, sample: 100"
"with-umce","1","2026-09-27T15:07:55.0410728+00:00","646522184381b84f3179ea440c481a63331a8f518bdbf22902283a96953672c7","False","100","0","0","0","0","0","True","0","30,7","30,1","40,1","42,9","100","99,40800544596817","116,49446631053144","1623814144","[17:07:55] [Server thread/INFO]: The game is running normally [17:07:55] [Server thread/INFO]: Target tick rate: 20,0 per second. Average time per tick: 30,7ms (Target: 50,0ms) [17:07:55] [Server thread/INFO]: Percentiles: P50: 30,1ms P95: 40,1ms P99: 42,9ms, sample: 100"
"with-umce","1","2026-09-27T15:07:55.1668381+00:00","646522184381b84f3179ea440c481a63331a8f518bdbf22902283a96953672c7","False","100","0","0","0","0","0","True","0","30,7","30,1","40,1","42,9","100","100,8663206548403","116,49446631053144","1623814144","[17:07:55] [Server thread/INFO]: The game is running normally [17:07:55] [Server thread/INFO]: Target tick rate: 20,0 per second. Average time per tick: 30,7ms (Target: 50,0ms) [17:07:55] [Server thread/INFO]: Percentiles: P50: 30,1ms P95: 40,1ms P99: 42,9ms, sample: 100"
"with-umce","1","2026-09-27T15:07:55.2907586+00:00","646522184381b84f3179ea440c481a63331a8f518bdbf22902283a96953672c7","False","100","0","0","0","0","0","True","0","30,6","30,1","40,1","42,9","100","140,7043444589708","116,49446631053144","1623814144","[17:07:55] [Server thread/INFO]: The game is running normally [17:07:55] [Server thread/INFO]: Target tick rate: 20,0 per second. Average time per tick: 30,6ms (Target: 50,0ms) [17:07:55] [Server thread/INFO]: Percentiles: P50: 30,1ms P95: 40,1ms P99: 42,9ms, sample: 100"
"with-umce","1","2026-09-27T15:07:55.4129048+00:00","646522184381b84f3179ea440c481a63331a8f518bdbf22902283a96953672c7","False","100","0","0","0","0","0","True","0","30,5","30","40,1","42,9","100","55,93513886591819","116,49446631053144","1623814144","[17:07:55] [Server thread/INFO]: The game is running normally [17:07:55] [Server thread/INFO]: Target tick rate: 20,0 per second. Average time per tick: 30,5ms (Target: 50,0ms) [17:07:55] [Server thread/INFO]: Percentiles: P50: 30,0ms P95: 40,1ms P99: 42,9ms, sample: 100"
"with-umce","1","2026-09-27T15:07:55.5525846+00:00","646522184381b84f3179ea440c481a63331a8f518bdbf22902283a96953672c7","False","100","0","0","0","0","0","True","0","30,3","29,7","40,1","42,9","100","50,30164892829318","116,49446631053144","1623814144","[17:07:55] [Server thread/INFO]: The game is running normally [17:07:55] [Server thread/INFO]: Target tick rate: 20,0 per second. Average time per tick: 30,3ms (Target: 50,0ms) [17:07:55] [Server thread/INFO]: Percentiles: P50: 29,7ms P95: 40,1ms P99: 42,9ms, sample: 100"
"with-umce","1","2026-09-27T15:07:55.6768214+00:00","646522184381b84f3179ea440c481a63331a8f518bdbf22902283a96953672c7","False","100","0","0","0","0","0","True","0","30,2","29,5","40,1","42,9","100","74,90107066586454","116,49446631053144","1623814144","[17:07:55] [Server thread/INFO]: The game is running normally [17:07:55] [Server thread/INFO]: Target tick rate: 20,0 per second. Average time per tick: 30,2ms (Target: 50,0ms) [17:07:55] [Server thread/INFO]: Percentiles: P50: 29,5ms P95: 40,1ms P99: 42,9ms, sample: 100"
"with-umce","1","2026-09-27T15:07:55.8020035+00:00","646522184381b84f3179ea440c481a63331a8f518bdbf22902283a96953672c7","False","100","0","0","0","0","0","True","0","30,2","29,5","40,1","42,9","100","51,00034109028121","116,49446631053144","1623814144","[17:07:55] [Server thread/INFO]: The game is running normally [17:07:55] [Server thread/INFO]: Target tick rate: 20,0 per second. Average time per tick: 30,2ms (Target: 50,0ms) [17:07:55] [Server thread/INFO]: Percentiles: P50: 29,5ms P95: 40,1ms P99: 42,9ms, sample: 100"
"with-umce","1","2026-09-27T15:07:55.9245405+00:00","646522184381b84f3179ea440c481a63331a8f518bdbf22902283a96953672c7","False","100","0","0","0","0","0","True","0","30,2","29,5","40,1","42,9","100","101,82353736597986","116,49446631053144","1623814144","[17:07:55] [Server thread/INFO]: The game is running normally [17:07:55] [Server thread/INFO]: Target tick rate: 20,0 per second. Average time per tick: 30,2ms (Target: 50,0ms) [17:07:55] [Server thread/INFO]: Percentiles: P50: 29,5ms P95: 40,1ms P99: 42,9ms, sample: 100"
"with-umce","1","2026-09-27T15:07:56.0473338+00:00","646522184381b84f3179ea440c481a63331a8f518bdbf22902283a96953672c7","False","100","0","0","0","0","0","True","0","30,2","29,5","40,1","42,9","100","88,33965071208826","116,49446631053144","1623814144","[17:07:56] [Server thread/INFO]: The game is running normally [17:07:56] [Server thread/INFO]: Target tick rate: 20,0 per second. Average time per tick: 30,2ms (Target: 50,0ms) [17:07:56] [Server thread/INFO]: Percentiles: P50: 29,5ms P95: 40,1ms P99: 42,9ms, sample: 100"
"with-umce","1","2026-09-27T15:07:56.1711227+00:00","646522184381b84f3179ea440c481a63331a8f518bdbf22902283a96953672c7","False","100","0","0","0","0","0","True","0","30,2","29,5","38,3","42,9","100","113,24870987069716","116,49446631053144","1623814144","[17:07:56] [Server thread/INFO]: The game is running normally [17:07:56] [Server thread/INFO]: Target tick rate: 20,0 per second. Average time per tick: 30,2ms (Target: 50,0ms) [17:07:56] [Server thread/INFO]: Percentiles: P50: 29,5ms P95: 38,3ms P99: 42,9ms, sample: 100"
"with-umce","1","2026-09-27T15:07:56.2952782+00:00","646522184381b84f3179ea440c481a63331a8f518bdbf22902283a96953672c7","False","100","0","0","0","0","0","True","0","30,2","29,5","38,3","42,9","100","137,69299049547848","116,49446631053144","1623814144","[17:07:56] [Server thread/INFO]: The game is running normally [17:07:56] [Server thread/INFO]: Target tick rate: 20,0 per second. Average time per tick: 30,2ms (Target: 50,0ms) [17:07:56] [Server thread/INFO]: Percentiles: P50: 29,5ms P95: 38,3ms P99: 42,9ms, sample: 100"
"with-umce","1","2026-09-27T15:07:56.4201234+00:00","646522184381b84f3179ea440c481a63331a8f518bdbf22902283a96953672c7","False","100","0","0","0","0","0","True","0","30,3","29,5","38,3","42,9","100","139,84400934707188","116,49446631053144","1623814144","[17:07:56] [Server thread/INFO]: The game is running normally [17:07:56] [Server thread/INFO]: Target tick rate: 20,0 per second. Average time per tick: 30,3ms (Target: 50,0ms) [17:07:56] [Server thread/INFO]: Percentiles: P50: 29,5ms P95: 38,3ms P99: 42,9ms, sample: 100"
"with-umce","2","2026-09-27T15:09:11.4301311+00:00","646522184381b84f3179ea440c481a63331a8f518bdbf22902283a96953672c7","False","100","0","0","0","0","0","True","0","39,5","38,4","51","61,2","100","149,79400328668015","146,51130805751856","1611833344","[17:09:11] [Server thread/INFO]: The game is running normally [17:09:11] [Server thread/INFO]: Target tick rate: 20,0 per second. Average time per tick: 39,5ms (Target: 50,0ms) [17:09:11] [Server thread/INFO]: Percentiles: P50: 38,4ms P95: 51,0ms P99: 61,2ms, sample: 100"
"with-umce","2","2026-09-27T15:09:11.5619914+00:00","646522184381b84f3179ea440c481a63331a8f518bdbf22902283a96953672c7","False","100","0","0","0","0","0","True","0","39,4","38,5","51","61,2","100","190,93593025207207","146,51130805751856","1611833344","[17:09:11] [Server thread/INFO]: The game is running normally [17:09:11] [Server thread/INFO]: Target tick rate: 20,0 per second. Average time per tick: 39,4ms (Target: 50,0ms) [17:09:11] [Server thread/INFO]: Percentiles: P50: 38,5ms P95: 51,0ms P99: 61,2ms, sample: 100"
"with-umce","2","2026-09-27T15:09:11.6781559+00:00","646522184381b84f3179ea440c481a63331a8f518bdbf22902283a96953672c7","False","100","0","0","0","0","0","True","0","39,3","38,5","51","61,2","100","156,81947873563712","146,51130805751856","1611833344","[17:09:11] [Server thread/INFO]: The game is running normally [17:09:11] [Server thread/INFO]: Target tick rate: 20,0 per second. Average time per tick: 39,3ms (Target: 50,0ms) [17:09:11] [Server thread/INFO]: Percentiles: P50: 38,5ms P95: 51,0ms P99: 61,2ms, sample: 100"
"with-umce","2","2026-09-27T15:09:11.8176193+00:00","646522184381b84f3179ea440c481a63331a8f518bdbf22902283a96953672c7","False","100","0","0","0","0","0","True","0","38,9","38,4","49,5","61,2","100","126,4587267042792","146,51130805751856","1611833344","[17:09:11] [Server thread/INFO]: The game is running normally [17:09:11] [Server thread/INFO]: Target tick rate: 20,0 per second. Average time per tick: 38,9ms (Target: 50,0ms) [17:09:11] [Server thread/INFO]: Percentiles: P50: 38,4ms P95: 49,5ms P99: 61,2ms, sample: 100"
"with-umce","2","2026-09-27T15:09:11.9411932+00:00","646522184381b84f3179ea440c481a63331a8f518bdbf22902283a96953672c7","False","100","0","0","0","0","0","True","0","38,8","38,4","49,5","61,2","100","150,79620395689238","146,51130805751856","1611833344","[17:09:11] [Server thread/INFO]: The game is running normally [17:09:11] [Server thread/INFO]: Target tick rate: 20,0 per second. Average time per tick: 38,8ms (Target: 50,0ms) [17:09:11] [Server thread/INFO]: Percentiles: P50: 38,4ms P95: 49,5ms P99: 61,2ms, sample: 100"
"with-umce","2","2026-09-27T15:09:12.0655373+00:00","646522184381b84f3179ea440c481a63331a8f518bdbf22902283a96953672c7","False","100","0","0","0","0","0","True","0","38,8","38,4","51","61,2","100","176,07589414357489","146,51130805751856","1611833344","[17:09:12] [Server thread/INFO]: The game is running normally [17:09:12] [Server thread/INFO]: Target tick rate: 20,0 per second. Average time per tick: 38,8ms (Target: 50,0ms) [17:09:12] [Server thread/INFO]: Percentiles: P50: 38,4ms P95: 51,0ms P99: 61,2ms, sample: 100"
"with-umce","2","2026-09-27T15:09:12.1897737+00:00","646522184381b84f3179ea440c481a63331a8f518bdbf22902283a96953672c7","False","100","0","0","0","0","0","True","0","38,8","38,4","51","61,2","100","175,30994798804286","146,51130805751856","1611833344","[17:09:12] [Server thread/INFO]: The game is running normally [17:09:12] [Server thread/INFO]: Target tick rate: 20,0 per second. Average time per tick: 38,8ms (Target: 50,0ms) [17:09:12] [Server thread/INFO]: Percentiles: P50: 38,4ms P95: 51,0ms P99: 61,2ms, sample: 100"
"with-umce","2","2026-09-27T15:09:12.3145541+00:00","646522184381b84f3179ea440c481a63331a8f518bdbf22902283a96953672c7","False","100","0","0","0","0","0","True","0","38,8","38,4","51","61,2","100","138,58361298666532","146,51130805751856","1611833344","[17:09:12] [Server thread/INFO]: The game is running normally [17:09:12] [Server thread/INFO]: Target tick rate: 20,0 per second. Average time per tick: 38,8ms (Target: 50,0ms) [17:09:12] [Server thread/INFO]: Percentiles: P50: 38,4ms P95: 51,0ms P99: 61,2ms, sample: 100"
"with-umce","2","2026-09-27T15:09:12.4385755+00:00","646522184381b84f3179ea440c481a63331a8f518bdbf22902283a96953672c7","False","100","0","0","0","0","0","True","0","38,7","38,4","49,5","61,2","100","140,32571077268744","146,51130805751856","1611833344","[17:09:12] [Server thread/INFO]: The game is running normally [17:09:12] [Server thread/INFO]: Target tick rate: 20,0 per second. Average time per tick: 38,7ms (Target: 50,0ms) [17:09:12] [Server thread/INFO]: Percentiles: P50: 38,4ms P95: 49,5ms P99: 61,2ms, sample: 100"
"with-umce","2","2026-09-27T15:09:12.5610828+00:00","646522184381b84f3179ea440c481a63331a8f518bdbf22902283a96953672c7","False","100","0","0","0","0","0","True","0","38,8","38,9","49,5","61,2","100","127,12336702407656","146,51130805751856","1611833344","[17:09:12] [Server thread/INFO]: The game is running normally [17:09:12] [Server thread/INFO]: Target tick rate: 20,0 per second. Average time per tick: 38,8ms (Target: 50,0ms) [17:09:12] [Server thread/INFO]: Percentiles: P50: 38,9ms P95: 49,5ms P99: 61,2ms, sample: 100"
"with-umce","2","2026-09-27T15:09:12.6839683+00:00","646522184381b84f3179ea440c481a63331a8f518bdbf22902283a96953672c7","False","100","0","0","0","0","0","True","0","38,7","38,5","49,5","61,2","100","137,63256768919825","146,51130805751856","1611833344","[17:09:12] [Server thread/INFO]: The game is running normally [17:09:12] [Server thread/INFO]: Target tick rate: 20,0 per second. Average time per tick: 38,7ms (Target: 50,0ms) [17:09:12] [Server thread/INFO]: Percentiles: P50: 38,5ms P95: 49,5ms P99: 61,2ms, sample: 100"
"with-umce","2","2026-09-27T15:09:12.8088593+00:00","646522184381b84f3179ea440c481a63331a8f518bdbf22902283a96953672c7","False","100","0","0","0","0","0","True","0","38,7","38,5","49,5","61,2","100","114,11199163868471","146,51130805751856","1611833344","[17:09:12] [Server thread/INFO]: The game is running normally [17:09:12] [Server thread/INFO]: Target tick rate: 20,0 per second. Average time per tick: 38,7ms (Target: 50,0ms) [17:09:12] [Server thread/INFO]: Percentiles: P50: 38,5ms P95: 49,5ms P99: 61,2ms, sample: 100"
"with-umce","2","2026-09-27T15:09:12.9320782+00:00","646522184381b84f3179ea440c481a63331a8f518bdbf22902283a96953672c7","False","100","0","0","0","0","0","True","0","38,7","38,5","49,5","61,2","100","114,51780370121543","146,51130805751856","1611833344","[17:09:12] [Server thread/INFO]: The game is running normally [17:09:12] [Server thread/INFO]: Target tick rate: 20,0 per second. Average time per tick: 38,7ms (Target: 50,0ms) [17:09:12] [Server thread/INFO]: Percentiles: P50: 38,5ms P95: 49,5ms P99: 61,2ms, sample: 100"
"with-umce","2","2026-09-27T15:09:13.0549170+00:00","646522184381b84f3179ea440c481a63331a8f518bdbf22902283a96953672c7","False","100","0","0","0","0","0","True","0","38,5","38,4","49,5","61,2","100","163,00270032781097","146,51130805751856","1611833344","[17:09:13] [Server thread/INFO]: The game is running normally [17:09:13] [Server thread/INFO]: Target tick rate: 20,0 per second. Average time per tick: 38,5ms (Target: 50,0ms) [17:09:13] [Server thread/INFO]: Percentiles: P50: 38,4ms P95: 49,5ms P99: 61,2ms, sample: 100"
"with-umce","2","2026-09-27T15:09:13.1795105+00:00","646522184381b84f3179ea440c481a63331a8f518bdbf22902283a96953672c7","False","100","0","0","0","0","0","True","0","38,3","38,1","49,5","61,2","100","135,3482870714529","146,51130805751856","1611833344","[17:09:13] [Server thread/INFO]: The game is running normally [17:09:13] [Server thread/INFO]: Target tick rate: 20,0 per second. Average time per tick: 38,3ms (Target: 50,0ms) [17:09:13] [Server thread/INFO]: Percentiles: P50: 38,1ms P95: 49,5ms P99: 61,2ms, sample: 100"
"with-umce","2","2026-09-27T15:09:13.3064708+00:00","646522184381b84f3179ea440c481a63331a8f518bdbf22902283a96953672c7","False","100","0","0","0","0","0","True","0","38,2","38,1","49,5","61,2","100","150,1882760228222","146,51130805751856","1611833344","[17:09:13] [Server thread/INFO]: The game is running normally [17:09:13] [Server thread/INFO]: Target tick rate: 20,0 per second. Average time per tick: 38,2ms (Target: 50,0ms) [17:09:13] [Server thread/INFO]: Percentiles: P50: 38,1ms P95: 49,5ms P99: 61,2ms, sample: 100"
"with-umce","2","2026-09-27T15:09:13.4313309+00:00","646522184381b84f3179ea440c481a63331a8f518bdbf22902283a96953672c7","False","100","0","0","0","0","0","True","0","38,1","37,9","47,1","61,2","100","113,13300177151196","146,51130805751856","1611833344","[17:09:13] [Server thread/INFO]: The game is running normally [17:09:13] [Server thread/INFO]: Target tick rate: 20,0 per second. Average time per tick: 38,1ms (Target: 50,0ms) [17:09:13] [Server thread/INFO]: Percentiles: P50: 37,9ms P95: 47,1ms P99: 61,2ms, sample: 100"
"with-umce","2","2026-09-27T15:09:13.5556363+00:00","646522184381b84f3179ea440c481a63331a8f518bdbf22902283a96953672c7","False","100","0","0","0","0","0","True","0","37,8","37,8","47,1","61,2","100","113,46856769383457","146,51130805751856","1611833344","[17:09:13] [Server thread/INFO]: The game is running normally [17:09:13] [Server thread/INFO]: Target tick rate: 20,0 per second. Average time per tick: 37,8ms (Target: 50,0ms) [17:09:13] [Server thread/INFO]: Percentiles: P50: 37,8ms P95: 47,1ms P99: 61,2ms, sample: 100"
"with-umce","2","2026-09-27T15:09:13.6795810+00:00","646522184381b84f3179ea440c481a63331a8f518bdbf22902283a96953672c7","False","100","0","0","0","0","0","True","0","37,7","37,6","47,1","61,2","100","124,25328744377788","146,51130805751856","1611833344","[17:09:13] [Server thread/INFO]: The game is running normally [17:09:13] [Server thread/INFO]: Target tick rate: 20,0 per second. Average time per tick: 37,7ms (Target: 50,0ms) [17:09:13] [Server thread/INFO]: Percentiles: P50: 37,6ms P95: 47,1ms P99: 61,2ms, sample: 100"
"with-umce","2","2026-09-27T15:09:13.8053138+00:00","646522184381b84f3179ea440c481a63331a8f518bdbf22902283a96953672c7","False","100","0","0","0","0","0","True","0","37,7","37,6","47,1","61,2","100","113,37288048140242","146,51130805751856","1611833344","[17:09:13] [Server thread/INFO]: The game is running normally [17:09:13] [Server thread/INFO]: Target tick rate: 20,0 per second. Average time per tick: 37,7ms (Target: 50,0ms) [17:09:13] [Server thread/INFO]: Percentiles: P50: 37,6ms P95: 47,1ms P99: 61,2ms, sample: 100"
"with-umce","2","2026-09-27T15:09:13.9294715+00:00","646522184381b84f3179ea440c481a63331a8f518bdbf22902283a96953672c7","False","100","0","0","0","0","0","True","0","37,6","37,6","47,1","61,2","100","125,48648600895953","146,51130805751856","1611833344","[17:09:13] [Server thread/INFO]: The game is running normally [17:09:13] [Server thread/INFO]: Target tick rate: 20,0 per second. Average time per tick: 37,6ms (Target: 50,0ms) [17:09:13] [Server thread/INFO]: Percentiles: P50: 37,6ms P95: 47,1ms P99: 61,2ms, sample: 100"
"with-umce","2","2026-09-27T15:09:14.0538521+00:00","646522184381b84f3179ea440c481a63331a8f518bdbf22902283a96953672c7","False","100","0","0","0","0","0","True","0","37,2","36,9","45,8","61,2","100","202,52273115134446","146,51130805751856","1611833344","[17:09:14] [Server thread/INFO]: The game is running normally [17:09:14] [Server thread/INFO]: Target tick rate: 20,0 per second. Average time per tick: 37,2ms (Target: 50,0ms) [17:09:14] [Server thread/INFO]: Percentiles: P50: 36,9ms P95: 45,8ms P99: 61,2ms, sample: 100"
"with-umce","2","2026-09-27T15:09:14.1927307+00:00","646522184381b84f3179ea440c481a63331a8f518bdbf22902283a96953672c7","False","100","0","0","0","0","0","True","0","36,9","36,4","44,9","55,7","100","114,86652611768704","146,51130805751856","1611833344","[17:09:14] [Server thread/INFO]: The game is running normally [17:09:14] [Server thread/INFO]: Target tick rate: 20,0 per second. Average time per tick: 36,9ms (Target: 50,0ms) [17:09:14] [Server thread/INFO]: Percentiles: P50: 36,4ms P95: 44,9ms P99: 55,7ms, sample: 100"
"with-umce","2","2026-09-27T15:09:14.3151589+00:00","646522184381b84f3179ea440c481a63331a8f518bdbf22902283a96953672c7","False","100","0","0","0","0","0","True","0","36,7","36,4","44,9","55,7","100","138,57456258813343","146,51130805751856","1611833344","[17:09:14] [Server thread/INFO]: The game is running normally [17:09:14] [Server thread/INFO]: Target tick rate: 20,0 per second. Average time per tick: 36,7ms (Target: 50,0ms) [17:09:14] [Server thread/INFO]: Percentiles: P50: 36,4ms P95: 44,9ms P99: 55,7ms, sample: 100"
"with-umce","2","2026-09-27T15:09:14.4391974+00:00","646522184381b84f3179ea440c481a63331a8f518bdbf22902283a96953672c7","False","100","0","0","0","0","0","True","0","36,6","36,4","44,9","55,7","100","99,86777506581286","146,51130805751856","1611833344","[17:09:14] [Server thread/INFO]: The game is running normally [17:09:14] [Server thread/INFO]: Target tick rate: 20,0 per second. Average time per tick: 36,6ms (Target: 50,0ms) [17:09:14] [Server thread/INFO]: Percentiles: P50: 36,4ms P95: 44,9ms P99: 55,7ms, sample: 100"
"with-umce","2","2026-09-27T15:09:14.5643397+00:00","646522184381b84f3179ea440c481a63331a8f518bdbf22902283a96953672c7","False","100","0","0","0","0","0","True","0","36,6","36,4","44,9","55,7","100","201,30672219511294","146,51130805751856","1611833344","[17:09:14] [Server thread/INFO]: The game is running normally [17:09:14] [Server thread/INFO]: Target tick rate: 20,0 per second. Average time per tick: 36,6ms (Target: 50,0ms) [17:09:14] [Server thread/INFO]: Percentiles: P50: 36,4ms P95: 44,9ms P99: 55,7ms, sample: 100"
"with-umce","2","2026-09-27T15:09:14.6885415+00:00","646522184381b84f3179ea440c481a63331a8f518bdbf22902283a96953672c7","False","100","0","0","0","0","0","True","0","36,6","36,4","44,9","55,7","100","136,53974329336643","146,51130805751856","1611833344","[17:09:14] [Server thread/INFO]: The game is running normally [17:09:14] [Server thread/INFO]: Target tick rate: 20,0 per second. Average time per tick: 36,6ms (Target: 50,0ms) [17:09:14] [Server thread/INFO]: Percentiles: P50: 36,4ms P95: 44,9ms P99: 55,7ms, sample: 100"
"with-umce","2","2026-09-27T15:09:14.8144255+00:00","646522184381b84f3179ea440c481a63331a8f518bdbf22902283a96953672c7","False","100","0","0","0","0","0","True","0","36,6","36,4","44,9","55,7","100","123,85999262785326","146,51130805751856","1611833344","[17:09:14] [Server thread/INFO]: The game is running normally [17:09:14] [Server thread/INFO]: Target tick rate: 20,0 per second. Average time per tick: 36,6ms (Target: 50,0ms) [17:09:14] [Server thread/INFO]: Percentiles: P50: 36,4ms P95: 44,9ms P99: 55,7ms, sample: 100"
"with-umce","2","2026-09-27T15:09:14.9405973+00:00","646522184381b84f3179ea440c481a63331a8f518bdbf22902283a96953672c7","False","100","0","0","0","0","0","True","0","36,6","36,4","44,9","55,7","100","151,27299248637132","146,51130805751856","1611833344","[17:09:15] [Server thread/INFO]: The game is running normally [17:09:15] [Server thread/INFO]: Target tick rate: 20,0 per second. Average time per tick: 36,6ms (Target: 50,0ms) [17:09:15] [Server thread/INFO]: Percentiles: P50: 36,4ms P95: 44,9ms P99: 55,7ms, sample: 100"
"with-umce","2","2026-09-27T15:09:15.0645279+00:00","646522184381b84f3179ea440c481a63331a8f518bdbf22902283a96953672c7","False","100","0","0","0","0","0","True","0","36,8","36,4","44,9","55,7","100","137,67413023992748","146,51130805751856","1611833344","[17:09:15] [Server thread/INFO]: The game is running normally [17:09:15] [Server thread/INFO]: Target tick rate: 20,0 per second. Average time per tick: 36,8ms (Target: 50,0ms) [17:09:15] [Server thread/INFO]: Percentiles: P50: 36,4ms P95: 44,9ms P99: 55,7ms, sample: 100"
"with-umce","2","2026-09-27T15:09:15.1893567+00:00","646522184381b84f3179ea440c481a63331a8f518bdbf22902283a96953672c7","False","100","0","0","0","0","0","True","0","37","37,1","44,9","55,7","100","113,74749148865438","146,51130805751856","1611833344","[17:09:15] [Server thread/INFO]: The game is running normally [17:09:15] [Server thread/INFO]: Target tick rate: 20,0 per second. Average time per tick: 37,0ms (Target: 50,0ms) [17:09:15] [Server thread/INFO]: Percentiles: P50: 37,1ms P95: 44,9ms P99: 55,7ms, sample: 100"
"with-umce","2","2026-09-27T15:09:15.3130272+00:00","646522184381b84f3179ea440c481a63331a8f518bdbf22902283a96953672c7","False","100","0","0","0","0","0","True","0","37","37,2","44,9","55,7","100","227,1214964742668","146,51130805751856","1611833344","[17:09:15] [Server thread/INFO]: The game is running normally [17:09:15] [Server thread/INFO]: Target tick rate: 20,0 per second. Average time per tick: 37,0ms (Target: 50,0ms) [17:09:15] [Server thread/INFO]: Percentiles: P50: 37,2ms P95: 44,9ms P99: 55,7ms, sample: 100"
"with-umce","2","2026-09-27T15:09:15.4368215+00:00","646522184381b84f3179ea440c481a63331a8f518bdbf22902283a96953672c7","False","100","0","0","0","0","0","True","0","37","37,3","44,9","55,7","100","190,6935835829809","146,51130805751856","1611833344","[17:09:15] [Server thread/INFO]: The game is running normally [17:09:15] [Server thread/INFO]: Target tick rate: 20,0 per second. Average time per tick: 37,0ms (Target: 50,0ms) [17:09:15] [Server thread/INFO]: Percentiles: P50: 37,3ms P95: 44,9ms P99: 55,7ms, sample: 100"
"with-umce","2","2026-09-27T15:09:15.5597194+00:00","646522184381b84f3179ea440c481a63331a8f518bdbf22902283a96953672c7","False","100","0","0","0","0","0","True","0","37,2","37,4","44,9","55,7","100","262,0423692064179","146,51130805751856","1611833344","[17:09:15] [Server thread/INFO]: The game is running normally [17:09:15] [Server thread/INFO]: Target tick rate: 20,0 per second. Average time per tick: 37,2ms (Target: 50,0ms) [17:09:15] [Server thread/INFO]: Percentiles: P50: 37,4ms P95: 44,9ms P99: 55,7ms, sample: 100"
"with-umce","2","2026-09-27T15:09:15.6849499+00:00","646522184381b84f3179ea440c481a63331a8f518bdbf22902283a96953672c7","False","100","0","0","0","0","0","True","0","37,4","37,6","44,9","55,7","100","152,77201770688797","146,51130805751856","1611833344","[17:09:15] [Server thread/INFO]: The game is running normally [17:09:15] [Server thread/INFO]: Target tick rate: 20,0 per second. Average time per tick: 37,4ms (Target: 50,0ms) [17:09:15] [Server thread/INFO]: Percentiles: P50: 37,6ms P95: 44,9ms P99: 55,7ms, sample: 100"
"with-umce","2","2026-09-27T15:09:15.8076856+00:00","646522184381b84f3179ea440c481a63331a8f518bdbf22902283a96953672c7","False","100","0","0","0","0","0","True","0","37,5","37,7","46,3","55,7","100","123,89348252883845","146,51130805751856","1611833344","[17:09:15] [Server thread/INFO]: The game is running normally [17:09:15] [Server thread/INFO]: Target tick rate: 20,0 per second. Average time per tick: 37,5ms (Target: 50,0ms) [17:09:15] [Server thread/INFO]: Percentiles: P50: 37,7ms P95: 46,3ms P99: 55,7ms, sample: 100"
"with-umce","2","2026-09-27T15:09:15.9337989+00:00","646522184381b84f3179ea440c481a63331a8f518bdbf22902283a96953672c7","False","100","0","0","0","0","0","True","0","37,6","37,7","46,3","55,7","100","126,62187426306069","146,51130805751856","1611833344","[17:09:15] [Server thread/INFO]: The game is running normally [17:09:15] [Server thread/INFO]: Target tick rate: 20,0 per second. Average time per tick: 37,6ms (Target: 50,0ms) [17:09:15] [Server thread/INFO]: Percentiles: P50: 37,7ms P95: 46,3ms P99: 55,7ms, sample: 100"
"with-umce","2","2026-09-27T15:09:16.0572095+00:00","646522184381b84f3179ea440c481a63331a8f518bdbf22902283a96953672c7","False","100","0","0","0","0","0","True","0","37,6","38,1","46,3","55,7","100","125,72133875323055","146,51130805751856","1611833344","[17:09:16] [Server thread/INFO]: The game is running normally [17:09:16] [Server thread/INFO]: Target tick rate: 20,0 per second. Average time per tick: 37,6ms (Target: 50,0ms) [17:09:16] [Server thread/INFO]: Percentiles: P50: 38,1ms P95: 46,3ms P99: 55,7ms, sample: 100"
"with-umce","2","2026-09-27T15:09:16.1815090+00:00","646522184381b84f3179ea440c481a63331a8f518bdbf22902283a96953672c7","False","100","0","0","0","0","0","True","0","37,7","38,1","46,3","55,7","100","149,87410575116903","146,51130805751856","1611833344","[17:09:16] [Server thread/INFO]: The game is running normally [17:09:16] [Server thread/INFO]: Target tick rate: 20,0 per second. Average time per tick: 37,7ms (Target: 50,0ms) [17:09:16] [Server thread/INFO]: Percentiles: P50: 38,1ms P95: 46,3ms P99: 55,7ms, sample: 100"
"with-umce","2","2026-09-27T15:09:16.3065889+00:00","646522184381b84f3179ea440c481a63331a8f518bdbf22902283a96953672c7","False","100","0","0","0","0","0","True","0","37,7","38,1","46,3","55,7","100","162,75167919670977","146,51130805751856","1611833344","[17:09:16] [Server thread/INFO]: The game is running normally [17:09:16] [Server thread/INFO]: Target tick rate: 20,0 per second. Average time per tick: 37,7ms (Target: 50,0ms) [17:09:16] [Server thread/INFO]: Percentiles: P50: 38,1ms P95: 46,3ms P99: 55,7ms, sample: 100"
"with-umce","2","2026-09-27T15:09:16.4314179+00:00","646522184381b84f3179ea440c481a63331a8f518bdbf22902283a96953672c7","False","100","0","0","0","0","0","True","0","37,8","38,1","46,4","55,7","100","138,30293149911122","146,51130805751856","1611833344","[17:09:16] [Server thread/INFO]: The game is running normally [17:09:16] [Server thread/INFO]: Target tick rate: 20,0 per second. Average time per tick: 37,8ms (Target: 50,0ms) [17:09:16] [Server thread/INFO]: Percentiles: P50: 38,1ms P95: 46,4ms P99: 55,7ms, sample: 100"
"with-umce","2","2026-09-27T15:09:16.5556675+00:00","646522184381b84f3179ea440c481a63331a8f518bdbf22902283a96953672c7","False","100","0","0","0","0","0","True","0","37,6","37,6","46,4","55,7","100","138,5533378960207","146,51130805751856","1611833344","[17:09:16] [Server thread/INFO]: The game is running normally [17:09:16] [Server thread/INFO]: Target tick rate: 20,0 per second. Average time per tick: 37,6ms (Target: 50,0ms) [17:09:16] [Server thread/INFO]: Percentiles: P50: 37,6ms P95: 46,4ms P99: 55,7ms, sample: 100"
"with-umce","2","2026-09-27T15:09:16.6797144+00:00","646522184381b84f3179ea440c481a63331a8f518bdbf22902283a96953672c7","False","100","0","0","0","0","0","True","0","37,6","37,4","46,4","55,7","100","173,49063150589868","146,51130805751856","1611833344","[17:09:16] [Server thread/INFO]: The game is running normally [17:09:16] [Server thread/INFO]: Target tick rate: 20,0 per second. Average time per tick: 37,6ms (Target: 50,0ms) [17:09:16] [Server thread/INFO]: Percentiles: P50: 37,4ms P95: 46,4ms P99: 55,7ms, sample: 100"
"with-umce","2","2026-09-27T15:09:16.8058003+00:00","646522184381b84f3179ea440c481a63331a8f518bdbf22902283a96953672c7","False","100","0","0","0","0","0","True","0","37,7","37,4","46,4","55,7","100","113,4055203992842","146,51130805751856","1611833344","[17:09:16] [Server thread/INFO]: The game is running normally [17:09:16] [Server thread/INFO]: Target tick rate: 20,0 per second. Average time per tick: 37,7ms (Target: 50,0ms) [17:09:16] [Server thread/INFO]: Percentiles: P50: 37,4ms P95: 46,4ms P99: 55,7ms, sample: 100"
"with-umce","2","2026-09-27T15:09:16.9297977+00:00","646522184381b84f3179ea440c481a63331a8f518bdbf22902283a96953672c7","False","100","0","0","0","0","0","True","0","37,7","37,3","46,4","55,7","100","135,71025318104836","146,51130805751856","1611833344","[17:09:16] [Server thread/INFO]: The game is running normally [17:09:16] [Server thread/INFO]: Target tick rate: 20,0 per second. Average time per tick: 37,7ms (Target: 50,0ms) [17:09:16] [Server thread/INFO]: Percentiles: P50: 37,3ms P95: 46,4ms P99: 55,7ms, sample: 100"
"with-umce","2","2026-09-27T15:09:17.0564465+00:00","646522184381b84f3179ea440c481a63331a8f518bdbf22902283a96953672c7","False","100","0","0","0","0","0","True","0","37,4","37,1","46,3","51,2","100","128,16232855981633","146,51130805751856","1611833344","[17:09:17] [Server thread/INFO]: The game is running normally [17:09:17] [Server thread/INFO]: Target tick rate: 20,0 per second. Average time per tick: 37,4ms (Target: 50,0ms) [17:09:17] [Server thread/INFO]: Percentiles: P50: 37,1ms P95: 46,3ms P99: 51,2ms, sample: 100"
"with-umce","2","2026-09-27T15:09:17.1783731+00:00","646522184381b84f3179ea440c481a63331a8f518bdbf22902283a96953672c7","False","100","0","0","0","0","0","True","0","37,4","37,1","46,3","51,2","100","123,33387151749997","146,51130805751856","1611833344","[17:09:17] [Server thread/INFO]: The game is running normally [17:09:17] [Server thread/INFO]: Target tick rate: 20,0 per second. Average time per tick: 37,4ms (Target: 50,0ms) [17:09:17] [Server thread/INFO]: Percentiles: P50: 37,1ms P95: 46,3ms P99: 51,2ms, sample: 100"
"with-umce","2","2026-09-27T15:09:17.3177510+00:00","646522184381b84f3179ea440c481a63331a8f518bdbf22902283a96953672c7","False","100","0","0","0","0","0","True","0","37,1","36,2","46,3","51,2","100","180,42803303132084","146,51130805751856","1611833344","[17:09:17] [Server thread/INFO]: The game is running normally [17:09:17] [Server thread/INFO]: Target tick rate: 20,0 per second. Average time per tick: 37,1ms (Target: 50,0ms) [17:09:17] [Server thread/INFO]: Percentiles: P50: 36,2ms P95: 46,3ms P99: 51,2ms, sample: 100"
"with-umce","2","2026-09-27T15:09:17.4563246+00:00","646522184381b84f3179ea440c481a63331a8f518bdbf22902283a96953672c7","False","100","0","0","0","0","0","True","0","37","36,2","45,9","51,2","100","124,99540016927378","146,51130805751856","1611833344","[17:09:17] [Server thread/INFO]: The game is running normally [17:09:17] [Server thread/INFO]: Target tick rate: 20,0 per second. Average time per tick: 37,0ms (Target: 50,0ms) [17:09:17] [Server thread/INFO]: Percentiles: P50: 36,2ms P95: 45,9ms P99: 51,2ms, sample: 100"
"with-umce","2","2026-09-27T15:09:17.5812986+00:00","646522184381b84f3179ea440c481a63331a8f518bdbf22902283a96953672c7","False","100","0","0","0","0","0","True","0","36,8","36,1","45,9","51,2","100","99,72428230428511","146,51130805751856","1611833344","[17:09:17] [Server thread/INFO]: The game is running normally [17:09:17] [Server thread/INFO]: Target tick rate: 20,0 per second. Average time per tick: 36,8ms (Target: 50,0ms) [17:09:17] [Server thread/INFO]: Percentiles: P50: 36,1ms P95: 45,9ms P99: 51,2ms, sample: 100"
"with-umce","2","2026-09-27T15:09:17.7066469+00:00","646522184381b84f3179ea440c481a63331a8f518bdbf22902283a96953672c7","False","100","0","0","0","0","0","True","0","36,6","36","45,9","51,2","100","125,01990316858445","146,51130805751856","1611833344","[17:09:17] [Server thread/INFO]: The game is running normally [17:09:17] [Server thread/INFO]: Target tick rate: 20,0 per second. Average time per tick: 36,6ms (Target: 50,0ms) [17:09:17] [Server thread/INFO]: Percentiles: P50: 36,0ms P95: 45,9ms P99: 51,2ms, sample: 100"
"with-umce","2","2026-09-27T15:09:17.8316228+00:00","646522184381b84f3179ea440c481a63331a8f518bdbf22902283a96953672c7","False","100","0","0","0","0","0","True","0","36,5","36","45,9","51,2","100","112,42121521237918","146,51130805751856","1611833344","[17:09:17] [Server thread/INFO]: The game is running normally [17:09:17] [Server thread/INFO]: Target tick rate: 20,0 per second. Average time per tick: 36,5ms (Target: 50,0ms) [17:09:17] [Server thread/INFO]: Percentiles: P50: 36,0ms P95: 45,9ms P99: 51,2ms, sample: 100"
"with-umce","2","2026-09-27T15:09:17.9567003+00:00","646522184381b84f3179ea440c481a63331a8f518bdbf22902283a96953672c7","False","100","0","0","0","0","0","True","0","36,5","36","45,9","51,2","100","173,99708082611824","146,51130805751856","1611833344","[17:09:18] [Server thread/INFO]: The game is running normally [17:09:18] [Server thread/INFO]: Target tick rate: 20,0 per second. Average time per tick: 36,5ms (Target: 50,0ms) [17:09:18] [Server thread/INFO]: Percentiles: P50: 36,0ms P95: 45,9ms P99: 51,2ms, sample: 100"
"with-umce","2","2026-09-27T15:09:18.0824285+00:00","646522184381b84f3179ea440c481a63331a8f518bdbf22902283a96953672c7","False","100","0","0","0","0","0","True","0","36,7","36,2","46,3","51,2","100","149,15233743588436","146,51130805751856","1611833344","[17:09:18] [Server thread/INFO]: The game is running normally [17:09:18] [Server thread/INFO]: Target tick rate: 20,0 per second. Average time per tick: 36,7ms (Target: 50,0ms) [17:09:18] [Server thread/INFO]: Percentiles: P50: 36,2ms P95: 46,3ms P99: 51,2ms, sample: 100"
"with-umce","2","2026-09-27T15:09:18.2081901+00:00","646522184381b84f3179ea440c481a63331a8f518bdbf22902283a96953672c7","False","100","0","0","0","0","0","True","0","36,9","36,2","46,3","51,2","100","275,834343722893","146,51130805751856","1611833344","[17:09:18] [Server thread/INFO]: The game is running normally [17:09:18] [Server thread/INFO]: Target tick rate: 20,0 per second. Average time per tick: 36,9ms (Target: 50,0ms) [17:09:18] [Server thread/INFO]: Percentiles: P50: 36,2ms P95: 46,3ms P99: 51,2ms, sample: 100"
"with-umce","2","2026-09-27T15:09:18.3327577+00:00","646522184381b84f3179ea440c481a63331a8f518bdbf22902283a96953672c7","False","100","0","0","0","0","0","True","0","36,9","36,2","46,3","51,2","100","600,5337544009114","146,51130805751856","1611833344","[17:09:18] [Server thread/INFO]: The game is running normally [17:09:18] [Server thread/INFO]: Target tick rate: 20,0 per second. Average time per tick: 36,9ms (Target: 50,0ms) [17:09:18] [Server thread/INFO]: Percentiles: P50: 36,2ms P95: 46,3ms P99: 51,2ms, sample: 100"
"with-umce","2","2026-09-27T15:09:18.4576296+00:00","646522184381b84f3179ea440c481a63331a8f518bdbf22902283a96953672c7","False","100","0","0","0","0","0","True","0","37","36,7","46,3","51,8","100","330,4266631746499","146,51130805751856","1611833344","[17:09:18] [Server thread/INFO]: The game is running normally [17:09:18] [Server thread/INFO]: Target tick rate: 20,0 per second. Average time per tick: 37,0ms (Target: 50,0ms) [17:09:18] [Server thread/INFO]: Percentiles: P50: 36,7ms P95: 46,3ms P99: 51,8ms, sample: 100"
"with-umce","2","2026-09-27T15:09:18.5806488+00:00","646522184381b84f3179ea440c481a63331a8f518bdbf22902283a96953672c7","False","100","0","0","0","0","0","True","0","37,5","36,9","48,7","64,5","100","152,10846672231807","146,51130805751856","1611833344","[17:09:18] [Server thread/INFO]: The game is running normally [17:09:18] [Server thread/INFO]: Target tick rate: 20,0 per second. Average time per tick: 37,5ms (Target: 50,0ms) [17:09:18] [Server thread/INFO]: Percentiles: P50: 36,9ms P95: 48,7ms P99: 64,5ms, sample: 100"
"with-umce","2","2026-09-27T15:09:18.7038832+00:00","646522184381b84f3179ea440c481a63331a8f518bdbf22902283a96953672c7","False","100","0","0","0","0","0","True","0","37,6","37,1","48,7","64,5","100","184,84590850728895","146,51130805751856","1611833344","[17:09:18] [Server thread/INFO]: The game is running normally [17:09:18] [Server thread/INFO]: Target tick rate: 20,0 per second. Average time per tick: 37,6ms (Target: 50,0ms) [17:09:18] [Server thread/INFO]: Percentiles: P50: 37,1ms P95: 48,7ms P99: 64,5ms, sample: 100"
"with-umce","2","2026-09-27T15:09:18.8306824+00:00","646522184381b84f3179ea440c481a63331a8f518bdbf22902283a96953672c7","False","100","0","0","0","0","0","True","0","37,7","36,9","49","64,5","100","89,00656064815492","146,51130805751856","1611833344","[17:09:18] [Server thread/INFO]: The game is running normally [17:09:18] [Server thread/INFO]: Target tick rate: 20,0 per second. Average time per tick: 37,7ms (Target: 50,0ms) [17:09:18] [Server thread/INFO]: Percentiles: P50: 36,9ms P95: 49,0ms P99: 64,5ms, sample: 100"
"with-umce","2","2026-09-27T15:09:18.9535353+00:00","646522184381b84f3179ea440c481a63331a8f518bdbf22902283a96953672c7","False","100","0","0","0","0","0","True","0","37,7","36,9","49","64,5","100","187,22395699780245","146,51130805751856","1611833344","[17:09:19] [Server thread/INFO]: The game is running normally [17:09:19] [Server thread/INFO]: Target tick rate: 20,0 per second. Average time per tick: 37,7ms (Target: 50,0ms) [17:09:19] [Server thread/INFO]: Percentiles: P50: 36,9ms P95: 49,0ms P99: 64,5ms, sample: 100"
"with-umce","2","2026-09-27T15:09:19.0787345+00:00","646522184381b84f3179ea440c481a63331a8f518bdbf22902283a96953672c7","False","100","0","0","0","0","0","True","0","37,8","37,1","49","64,5","100","264,4593262563682","146,51130805751856","1611833344","[17:09:19] [Server thread/INFO]: The game is running normally [17:09:19] [Server thread/INFO]: Target tick rate: 20,0 per second. Average time per tick: 37,8ms (Target: 50,0ms) [17:09:19] [Server thread/INFO]: Percentiles: P50: 37,1ms P95: 49,0ms P99: 64,5ms, sample: 100"
"with-umce","2","2026-09-27T15:09:19.2028101+00:00","646522184381b84f3179ea440c481a63331a8f518bdbf22902283a96953672c7","False","100","0","0","0","0","0","True","0","37,8","37,1","49","64,5","100","301,08631944054144","146,51130805751856","1611833344","[17:09:19] [Server thread/INFO]: The game is running normally [17:09:19] [Server thread/INFO]: Target tick rate: 20,0 per second. Average time per tick: 37,8ms (Target: 50,0ms) [17:09:19] [Server thread/INFO]: Percentiles: P50: 37,1ms P95: 49,0ms P99: 64,5ms, sample: 100"
"with-umce","2","2026-09-27T15:09:19.3273647+00:00","646522184381b84f3179ea440c481a63331a8f518bdbf22902283a96953672c7","False","100","0","0","0","0","0","True","0","37,9","37,1","49","64,5","100","199,47004797653594","146,51130805751856","1611833344","[17:09:19] [Server thread/INFO]: The game is running normally [17:09:19] [Server thread/INFO]: Target tick rate: 20,0 per second. Average time per tick: 37,9ms (Target: 50,0ms) [17:09:19] [Server thread/INFO]: Percentiles: P50: 37,1ms P95: 49,0ms P99: 64,5ms, sample: 100"
"with-umce","2","2026-09-27T15:09:19.4527007+00:00","646522184381b84f3179ea440c481a63331a8f518bdbf22902283a96953672c7","False","100","0","0","0","0","0","True","0","38,1","37,3","49,6","64,5","100","189,7218707729967","146,51130805751856","1611833344","[17:09:19] [Server thread/INFO]: The game is running normally [17:09:19] [Server thread/INFO]: Target tick rate: 20,0 per second. Average time per tick: 38,1ms (Target: 50,0ms) [17:09:19] [Server thread/INFO]: Percentiles: P50: 37,3ms P95: 49,6ms P99: 64,5ms, sample: 100"
"with-umce","2","2026-09-27T15:09:19.5762333+00:00","646522184381b84f3179ea440c481a63331a8f518bdbf22902283a96953672c7","False","100","0","0","0","0","0","True","0","38,2","37,4","49,6","64,5","100","126,1555851600662","146,51130805751856","1611833344","[17:09:19] [Server thread/INFO]: The game is running normally [17:09:19] [Server thread/INFO]: Target tick rate: 20,0 per second. Average time per tick: 38,2ms (Target: 50,0ms) [17:09:19] [Server thread/INFO]: Percentiles: P50: 37,4ms P95: 49,6ms P99: 64,5ms, sample: 100"
"with-umce","2","2026-09-27T15:09:19.7001073+00:00","646522184381b84f3179ea440c481a63331a8f518bdbf22902283a96953672c7","False","100","0","0","0","0","0","True","0","38,1","37,4","49,6","64,5","100","178,11994902715972","146,51130805751856","1611833344","[17:09:19] [Server thread/INFO]: The game is running normally [17:09:19] [Server thread/INFO]: Target tick rate: 20,0 per second. Average time per tick: 38,1ms (Target: 50,0ms) [17:09:19] [Server thread/INFO]: Percentiles: P50: 37,4ms P95: 49,6ms P99: 64,5ms, sample: 100"
"with-umce","2","2026-09-27T15:09:19.8228827+00:00","646522184381b84f3179ea440c481a63331a8f518bdbf22902283a96953672c7","False","100","0","0","0","0","0","True","0","38,4","37,9","49,6","64,5","100","126,18879944178114","146,51130805751856","1611833344","[17:09:19] [Server thread/INFO]: The game is running normally [17:09:19] [Server thread/INFO]: Target tick rate: 20,0 per second. Average time per tick: 38,4ms (Target: 50,0ms) [17:09:19] [Server thread/INFO]: Percentiles: P50: 37,9ms P95: 49,6ms P99: 64,5ms, sample: 100"
"with-umce","2","2026-09-27T15:09:19.9466993+00:00","646522184381b84f3179ea440c481a63331a8f518bdbf22902283a96953672c7","False","100","0","0","0","0","0","True","0","38,4","37,9","49,6","64,5","100","76,23916082437506","146,51130805751856","1611833344","[17:09:19] [Server thread/INFO]: The game is running normally [17:09:19] [Server thread/INFO]: Target tick rate: 20,0 per second. Average time per tick: 38,4ms (Target: 50,0ms) [17:09:19] [Server thread/INFO]: Percentiles: P50: 37,9ms P95: 49,6ms P99: 64,5ms, sample: 100"
"with-umce","2","2026-09-27T15:09:20.0696844+00:00","646522184381b84f3179ea440c481a63331a8f518bdbf22902283a96953672c7","False","100","0","0","0","0","0","True","0","38,2","37,4","49","64,5","100","163,47799073175364","146,51130805751856","1611833344","[17:09:20] [Server thread/INFO]: The game is running normally [17:09:20] [Server thread/INFO]: Target tick rate: 20,0 per second. Average time per tick: 38,2ms (Target: 50,0ms) [17:09:20] [Server thread/INFO]: Percentiles: P50: 37,4ms P95: 49,0ms P99: 64,5ms, sample: 100"
"with-umce","2","2026-09-27T15:09:20.1939474+00:00","646522184381b84f3179ea440c481a63331a8f518bdbf22902283a96953672c7","False","100","0","0","0","0","0","True","0","38,1","37,3","49","64,5","100","122,82918399972557","146,51130805751856","1611833344","[17:09:20] [Server thread/INFO]: The game is running normally [17:09:20] [Server thread/INFO]: Target tick rate: 20,0 per second. Average time per tick: 38,1ms (Target: 50,0ms) [17:09:20] [Server thread/INFO]: Percentiles: P50: 37,3ms P95: 49,0ms P99: 64,5ms, sample: 100"
"with-umce","2","2026-09-27T15:09:20.3338733+00:00","646522184381b84f3179ea440c481a63331a8f518bdbf22902283a96953672c7","False","100","0","0","0","0","0","True","0","38,2","37,4","49","64,5","100","133,7304593052863","146,51130805751856","1611833344","[17:09:20] [Server thread/INFO]: The game is running normally [17:09:20] [Server thread/INFO]: Target tick rate: 20,0 per second. Average time per tick: 38,2ms (Target: 50,0ms) [17:09:20] [Server thread/INFO]: Percentiles: P50: 37,4ms P95: 49,0ms P99: 64,5ms, sample: 100"
"with-umce","2","2026-09-27T15:09:20.4740738+00:00","646522184381b84f3179ea440c481a63331a8f518bdbf22902283a96953672c7","False","100","0","0","0","0","0","True","0","38,3","37,1","49,6","64,5","100","112,16419833645239","146,51130805751856","1611833344","[17:09:20] [Server thread/INFO]: The game is running normally [17:09:20] [Server thread/INFO]: Target tick rate: 20,0 per second. Average time per tick: 38,3ms (Target: 50,0ms) [17:09:20] [Server thread/INFO]: Percentiles: P50: 37,1ms P95: 49,6ms P99: 64,5ms, sample: 100"
"with-umce","2","2026-09-27T15:09:20.6133803+00:00","646522184381b84f3179ea440c481a63331a8f518bdbf22902283a96953672c7","False","100","0","0","0","0","0","True","0","38,4","37,5","49,6","64,5","100","190,4103846472564","146,51130805751856","1611833344","[17:09:20] [Server thread/INFO]: The game is running normally [17:09:20] [Server thread/INFO]: Target tick rate: 20,0 per second. Average time per tick: 38,4ms (Target: 50,0ms) [17:09:20] [Server thread/INFO]: Percentiles: P50: 37,5ms P95: 49,6ms P99: 64,5ms, sample: 100"
"with-umce","2","2026-09-27T15:09:20.7364639+00:00","646522184381b84f3179ea440c481a63331a8f518bdbf22902283a96953672c7","False","100","0","0","0","0","0","True","0","38,2","37,1","49,6","64,5","100","126,90334716207568","146,51130805751856","1611833344","[17:09:20] [Server thread/INFO]: The game is running normally [17:09:20] [Server thread/INFO]: Target tick rate: 20,0 per second. Average time per tick: 38,2ms (Target: 50,0ms) [17:09:20] [Server thread/INFO]: Percentiles: P50: 37,1ms P95: 49,6ms P99: 64,5ms, sample: 100"
"with-umce","2","2026-09-27T15:09:20.8595847+00:00","646522184381b84f3179ea440c481a63331a8f518bdbf22902283a96953672c7","False","100","0","0","0","0","0","True","0","38,3","37,9","49,6","64,5","100","176,61896003526726","146,51130805751856","1611833344","[17:09:20] [Server thread/INFO]: The game is running normally [17:09:20] [Server thread/INFO]: Target tick rate: 20,0 per second. Average time per tick: 38,3ms (Target: 50,0ms) [17:09:20] [Server thread/INFO]: Percentiles: P50: 37,9ms P95: 49,6ms P99: 64,5ms, sample: 100"
"with-umce","2","2026-09-27T15:09:20.9834466+00:00","646522184381b84f3179ea440c481a63331a8f518bdbf22902283a96953672c7","False","100","0","0","0","0","0","True","0","38,4","37,9","49,6","64,5","100","195,07992814816086","146,51130805751856","1611833344","[17:09:21] [Server thread/INFO]: The game is running normally [17:09:21] [Server thread/INFO]: Target tick rate: 20,0 per second. Average time per tick: 38,4ms (Target: 50,0ms) [17:09:21] [Server thread/INFO]: Percentiles: P50: 37,9ms P95: 49,6ms P99: 64,5ms, sample: 100"
"with-umce","2","2026-09-27T15:09:21.1116037+00:00","646522184381b84f3179ea440c481a63331a8f518bdbf22902283a96953672c7","False","100","0","0","0","0","0","True","0","38,6","38,2","49,6","64,5","100","127,31198565957793","146,51130805751856","1611833344","[17:09:21] [Server thread/INFO]: The game is running normally [17:09:21] [Server thread/INFO]: Target tick rate: 20,0 per second. Average time per tick: 38,6ms (Target: 50,0ms) [17:09:21] [Server thread/INFO]: Percentiles: P50: 38,2ms P95: 49,6ms P99: 64,5ms, sample: 100"
"with-umce","2","2026-09-27T15:09:21.2343175+00:00","646522184381b84f3179ea440c481a63331a8f518bdbf22902283a96953672c7","False","100","0","0","0","0","0","True","0","38,6","38,2","49,6","64,5","100","212,5501618381938","146,51130805751856","1611833344","[17:09:21] [Server thread/INFO]: The game is running normally [17:09:21] [Server thread/INFO]: Target tick rate: 20,0 per second. Average time per tick: 38,6ms (Target: 50,0ms) [17:09:21] [Server thread/INFO]: Percentiles: P50: 38,2ms P95: 49,6ms P99: 64,5ms, sample: 100"
"with-umce","2","2026-09-27T15:09:21.3592975+00:00","646522184381b84f3179ea440c481a63331a8f518bdbf22902283a96953672c7","False","100","0","0","0","0","0","True","0","38,5","38,2","49,6","64,5","100","213,43210067004622","146,51130805751856","1611833344","[17:09:21] [Server thread/INFO]: The game is running normally [17:09:21] [Server thread/INFO]: Target tick rate: 20,0 per second. Average time per tick: 38,5ms (Target: 50,0ms) [17:09:21] [Server thread/INFO]: Percentiles: P50: 38,2ms P95: 49,6ms P99: 64,5ms, sample: 100"
"with-umce","2","2026-09-27T15:09:21.4837374+00:00","646522184381b84f3179ea440c481a63331a8f518bdbf22902283a96953672c7","False","100","0","0","0","0","0","True","0","38,4","38,2","49,6","64,5","100","177,82644464171324","146,51130805751856","1611833344","[17:09:21] [Server thread/INFO]: The game is running normally [17:09:21] [Server thread/INFO]: Target tick rate: 20,0 per second. Average time per tick: 38,4ms (Target: 50,0ms) [17:09:21] [Server thread/INFO]: Percentiles: P50: 38,2ms P95: 49,6ms P99: 64,5ms, sample: 100"
"with-umce","2","2026-09-27T15:09:21.6067635+00:00","646522184381b84f3179ea440c481a63331a8f518bdbf22902283a96953672c7","False","100","0","0","0","0","0","True","0","38,5","38,2","49,6","64,5","100","200,64672452248087","146,51130805751856","1611833344","[17:09:21] [Server thread/INFO]: The game is running normally [17:09:21] [Server thread/INFO]: Target tick rate: 20,0 per second. Average time per tick: 38,5ms (Target: 50,0ms) [17:09:21] [Server thread/INFO]: Percentiles: P50: 38,2ms P95: 49,6ms P99: 64,5ms, sample: 100"
"with-umce","2","2026-09-27T15:09:21.7313623+00:00","646522184381b84f3179ea440c481a63331a8f518bdbf22902283a96953672c7","False","100","0","0","0","0","0","True","0","38,5","38,2","49,6","64,5","100","152,4913425581785","146,51130805751856","1611833344","[17:09:21] [Server thread/INFO]: The game is running normally [17:09:21] [Server thread/INFO]: Target tick rate: 20,0 per second. Average time per tick: 38,5ms (Target: 50,0ms) [17:09:21] [Server thread/INFO]: Percentiles: P50: 38,2ms P95: 49,6ms P99: 64,5ms, sample: 100"
"with-umce","2","2026-09-27T15:09:21.8543106+00:00","646522184381b84f3179ea440c481a63331a8f518bdbf22902283a96953672c7","False","100","0","0","0","0","0","True","0","38,4","37,9","49,6","64,5","100","124,29806397313095","146,51130805751856","1611833344","[17:09:21] [Server thread/INFO]: The game is running normally [17:09:21] [Server thread/INFO]: Target tick rate: 20,0 per second. Average time per tick: 38,4ms (Target: 50,0ms) [17:09:21] [Server thread/INFO]: Percentiles: P50: 37,9ms P95: 49,6ms P99: 64,5ms, sample: 100"
"with-umce","2","2026-09-27T15:09:21.9800294+00:00","646522184381b84f3179ea440c481a63331a8f518bdbf22902283a96953672c7","False","100","0","0","0","0","0","True","0","38,4","37,9","49,6","64,5","100","125,06463340254244","146,51130805751856","1611833344","[17:09:21] [Server thread/INFO]: The game is running normally [17:09:21] [Server thread/INFO]: Target tick rate: 20,0 per second. Average time per tick: 38,4ms (Target: 50,0ms) [17:09:21] [Server thread/INFO]: Percentiles: P50: 37,9ms P95: 49,6ms P99: 64,5ms, sample: 100"
"with-umce","2","2026-09-27T15:09:22.1049480+00:00","646522184381b84f3179ea440c481a63331a8f518bdbf22902283a96953672c7","False","100","0","0","0","0","0","True","0","38,3","37,9","49,6","64,5","100","111,43097579065477","146,51130805751856","1611833344","[17:09:22] [Server thread/INFO]: The game is running normally [17:09:22] [Server thread/INFO]: Target tick rate: 20,0 per second. Average time per tick: 38,3ms (Target: 50,0ms) [17:09:22] [Server thread/INFO]: Percentiles: P50: 37,9ms P95: 49,6ms P99: 64,5ms, sample: 100"
"with-umce","2","2026-09-27T15:09:22.2311561+00:00","646522184381b84f3179ea440c481a63331a8f518bdbf22902283a96953672c7","False","100","0","0","0","0","0","True","0","38,3","37,9","49,6","64,5","100","201,99049513526091","146,51130805751856","1611833344","[17:09:22] [Server thread/INFO]: The game is running normally [17:09:22] [Server thread/INFO]: Target tick rate: 20,0 per second. Average time per tick: 38,3ms (Target: 50,0ms) [17:09:22] [Server thread/INFO]: Percentiles: P50: 37,9ms P95: 49,6ms P99: 64,5ms, sample: 100"
"with-umce","2","2026-09-27T15:09:22.3549157+00:00","646522184381b84f3179ea440c481a63331a8f518bdbf22902283a96953672c7","False","100","0","0","0","0","0","True","0","38,4","38,2","49,6","64,5","100","113,87165237585866","146,51130805751856","1611833344","[17:09:22] [Server thread/INFO]: The game is running normally [17:09:22] [Server thread/INFO]: Target tick rate: 20,0 per second. Average time per tick: 38,4ms (Target: 50,0ms) [17:09:22] [Server thread/INFO]: Percentiles: P50: 38,2ms P95: 49,6ms P99: 64,5ms, sample: 100"
"with-umce","2","2026-09-27T15:09:22.4784409+00:00","646522184381b84f3179ea440c481a63331a8f518bdbf22902283a96953672c7","False","100","0","0","0","0","0","True","0","38,3","37,9","49,6","64,5","100","152,0890958201861","146,51130805751856","1611833344","[17:09:22] [Server thread/INFO]: The game is running normally [17:09:22] [Server thread/INFO]: Target tick rate: 20,0 per second. Average time per tick: 38,3ms (Target: 50,0ms) [17:09:22] [Server thread/INFO]: Percentiles: P50: 37,9ms P95: 49,6ms P99: 64,5ms, sample: 100"
"with-umce","2","2026-09-27T15:09:22.6017065+00:00","646522184381b84f3179ea440c481a63331a8f518bdbf22902283a96953672c7","False","100","0","0","0","0","0","True","0","38,2","37,9","49,6","64,5","100","113,92755787114864","146,51130805751856","1611833344","[17:09:22] [Server thread/INFO]: The game is running normally [17:09:22] [Server thread/INFO]: Target tick rate: 20,0 per second. Average time per tick: 38,2ms (Target: 50,0ms) [17:09:22] [Server thread/INFO]: Percentiles: P50: 37,9ms P95: 49,6ms P99: 64,5ms, sample: 100"
"with-umce","2","2026-09-27T15:09:22.7251290+00:00","646522184381b84f3179ea440c481a63331a8f518bdbf22902283a96953672c7","False","100","0","0","0","0","0","True","0","38,3","37,9","49,6","64,5","100","112,74180863115208","146,51130805751856","1611833344","[17:09:22] [Server thread/INFO]: The game is running normally [17:09:22] [Server thread/INFO]: Target tick rate: 20,0 per second. Average time per tick: 38,3ms (Target: 50,0ms) [17:09:22] [Server thread/INFO]: Percentiles: P50: 37,9ms P95: 49,6ms P99: 64,5ms, sample: 100"
"with-umce","2","2026-09-27T15:09:22.8637224+00:00","646522184381b84f3179ea440c481a63331a8f518bdbf22902283a96953672c7","False","100","0","0","0","0","0","True","0","38,4","38,3","49,6","64,5","100","163,73244687411082","146,51130805751856","1611833344","[17:09:22] [Server thread/INFO]: The game is running normally [17:09:22] [Server thread/INFO]: Target tick rate: 20,0 per second. Average time per tick: 38,4ms (Target: 50,0ms) [17:09:22] [Server thread/INFO]: Percentiles: P50: 38,3ms P95: 49,6ms P99: 64,5ms, sample: 100"
"with-umce","2","2026-09-27T15:09:22.9877958+00:00","646522184381b84f3179ea440c481a63331a8f518bdbf22902283a96953672c7","False","100","0","0","0","0","0","True","0","38,6","38,5","49,6","64,5","100","74,88707029799063","146,51130805751856","1611833344","[17:09:22] [Server thread/INFO]: The game is running normally [17:09:22] [Server thread/INFO]: Target tick rate: 20,0 per second. Average time per tick: 38,6ms (Target: 50,0ms) [17:09:22] [Server thread/INFO]: Percentiles: P50: 38,5ms P95: 49,6ms P99: 64,5ms, sample: 100"
"with-umce","2","2026-09-27T15:09:23.1129740+00:00","646522184381b84f3179ea440c481a63331a8f518bdbf22902283a96953672c7","False","100","0","0","0","0","0","True","0","38,4","38,2","49,6","64,5","100","202,79927900800328","146,51130805751856","1611833344","[17:09:23] [Server thread/INFO]: The game is running normally [17:09:23] [Server thread/INFO]: Target tick rate: 20,0 per second. Average time per tick: 38,4ms (Target: 50,0ms) [17:09:23] [Server thread/INFO]: Percentiles: P50: 38,2ms P95: 49,6ms P99: 64,5ms, sample: 100"
"with-umce","2","2026-09-27T15:09:23.2362697+00:00","646522184381b84f3179ea440c481a63331a8f518bdbf22902283a96953672c7","False","100","0","0","0","0","0","True","0","38,3","37,9","49,6","64,5","100","213,43673112556388","146,51130805751856","1611833344","[17:09:23] [Server thread/INFO]: The game is running normally [17:09:23] [Server thread/INFO]: Target tick rate: 20,0 per second. Average time per tick: 38,3ms (Target: 50,0ms) [17:09:23] [Server thread/INFO]: Percentiles: P50: 37,9ms P95: 49,6ms P99: 64,5ms, sample: 100"
"with-umce","2","2026-09-27T15:09:23.3606922+00:00","646522184381b84f3179ea440c481a63331a8f518bdbf22902283a96953672c7","False","100","0","0","0","0","0","True","0","38,3","37,9","49,6","64,5","100","127,21196158809379","146,51130805751856","1611833344","[17:09:23] [Server thread/INFO]: The game is running normally [17:09:23] [Server thread/INFO]: Target tick rate: 20,0 per second. Average time per tick: 38,3ms (Target: 50,0ms) [17:09:23] [Server thread/INFO]: Percentiles: P50: 37,9ms P95: 49,6ms P99: 64,5ms, sample: 100"
"with-umce","2","2026-09-27T15:09:23.4835993+00:00","646522184381b84f3179ea440c481a63331a8f518bdbf22902283a96953672c7","False","100","0","0","0","0","0","True","0","38,1","37,9","47,1","52,4","100","139,1844660823146","146,51130805751856","1611833344","[17:09:23] [Server thread/INFO]: The game is running normally [17:09:23] [Server thread/INFO]: Target tick rate: 20,0 per second. Average time per tick: 38,1ms (Target: 50,0ms) [17:09:23] [Server thread/INFO]: Percentiles: P50: 37,9ms P95: 47,1ms P99: 52,4ms, sample: 100"
"with-umce","2","2026-09-27T15:09:23.6070023+00:00","646522184381b84f3179ea440c481a63331a8f518bdbf22902283a96953672c7","False","100","0","0","0","0","0","True","0","38","37,6","47,1","52,4","100","162,32909992360044","146,51130805751856","1611833344","[17:09:23] [Server thread/INFO]: The game is running normally [17:09:23] [Server thread/INFO]: Target tick rate: 20,0 per second. Average time per tick: 38,0ms (Target: 50,0ms) [17:09:23] [Server thread/INFO]: Percentiles: P50: 37,6ms P95: 47,1ms P99: 52,4ms, sample: 100"
"with-umce","2","2026-09-27T15:09:23.7321624+00:00","646522184381b84f3179ea440c481a63331a8f518bdbf22902283a96953672c7","False","100","0","0","0","0","0","True","0","38","37,6","47,1","52,4","100","164,01391403208174","146,51130805751856","1611833344","[17:09:23] [Server thread/INFO]: The game is running normally [17:09:23] [Server thread/INFO]: Target tick rate: 20,0 per second. Average time per tick: 38,0ms (Target: 50,0ms) [17:09:23] [Server thread/INFO]: Percentiles: P50: 37,6ms P95: 47,1ms P99: 52,4ms, sample: 100"
"with-umce","2","2026-09-27T15:09:23.8559874+00:00","646522184381b84f3179ea440c481a63331a8f518bdbf22902283a96953672c7","False","100","0","0","0","0","0","True","0","37,9","37,6","47,1","52,4","100","137,57825451116594","146,51130805751856","1611833344","[17:09:23] [Server thread/INFO]: The game is running normally [17:09:23] [Server thread/INFO]: Target tick rate: 20,0 per second. Average time per tick: 37,9ms (Target: 50,0ms) [17:09:23] [Server thread/INFO]: Percentiles: P50: 37,6ms P95: 47,1ms P99: 52,4ms, sample: 100"
"with-umce","2","2026-09-27T15:09:23.9809248+00:00","646522184381b84f3179ea440c481a63331a8f518bdbf22902283a96953672c7","False","100","0","0","0","0","0","True","0","37,9","37,6","47,1","52,4","100","189,61182061326227","146,51130805751856","1611833344","[17:09:24] [Server thread/INFO]: The game is running normally [17:09:24] [Server thread/INFO]: Target tick rate: 20,0 per second. Average time per tick: 37,9ms (Target: 50,0ms) [17:09:24] [Server thread/INFO]: Percentiles: P50: 37,6ms P95: 47,1ms P99: 52,4ms, sample: 100"
"with-umce","2","2026-09-27T15:09:24.1045245+00:00","646522184381b84f3179ea440c481a63331a8f518bdbf22902283a96953672c7","False","100","0","0","0","0","0","True","0","38,2","37,9","47,1","54,5","100","153,0928428483597","146,51130805751856","1611833344","[17:09:24] [Server thread/INFO]: The game is running normally [17:09:24] [Server thread/INFO]: Target tick rate: 20,0 per second. Average time per tick: 38,2ms (Target: 50,0ms) [17:09:24] [Server thread/INFO]: Percentiles: P50: 37,9ms P95: 47,1ms P99: 54,5ms, sample: 100"
"with-umce","2","2026-09-27T15:09:24.2269961+00:00","646522184381b84f3179ea440c481a63331a8f518bdbf22902283a96953672c7","False","100","0","0","0","0","0","True","0","38,2","38","47,1","54,5","100","135,27504121379587","146,51130805751856","1611833344","[17:09:24] [Server thread/INFO]: The game is running normally [17:09:24] [Server thread/INFO]: Target tick rate: 20,0 per second. Average time per tick: 38,2ms (Target: 50,0ms) [17:09:24] [Server thread/INFO]: Percentiles: P50: 38,0ms P95: 47,1ms P99: 54,5ms, sample: 100"
"with-umce","2","2026-09-27T15:09:24.3656064+00:00","646522184381b84f3179ea440c481a63331a8f518bdbf22902283a96953672c7","False","100","0","0","0","0","0","True","0","38,1","38","47,1","54,5","100","168,61474399695538","146,51130805751856","1611833344","[17:09:24] [Server thread/INFO]: The game is running normally [17:09:24] [Server thread/INFO]: Target tick rate: 20,0 per second. Average time per tick: 38,1ms (Target: 50,0ms) [17:09:24] [Server thread/INFO]: Percentiles: P50: 38,0ms P95: 47,1ms P99: 54,5ms, sample: 100"
"with-umce","2","2026-09-27T15:09:24.5046417+00:00","646522184381b84f3179ea440c481a63331a8f518bdbf22902283a96953672c7","False","100","0","0","0","0","0","True","0","38,1","38","47,1","54,5","100","147,78802704166202","146,51130805751856","1611833344","[17:09:24] [Server thread/INFO]: The game is running normally [17:09:24] [Server thread/INFO]: Target tick rate: 20,0 per second. Average time per tick: 38,1ms (Target: 50,0ms) [17:09:24] [Server thread/INFO]: Percentiles: P50: 38,0ms P95: 47,1ms P99: 54,5ms, sample: 100"
"with-umce","2","2026-09-27T15:09:24.6314884+00:00","646522184381b84f3179ea440c481a63331a8f518bdbf22902283a96953672c7","False","100","0","0","0","0","0","True","0","38,1","38","47,1","54,5","100","155,79374688412506","146,51130805751856","1611833344","[17:09:24] [Server thread/INFO]: The game is running normally [17:09:24] [Server thread/INFO]: Target tick rate: 20,0 per second. Average time per tick: 38,1ms (Target: 50,0ms) [17:09:24] [Server thread/INFO]: Percentiles: P50: 38,0ms P95: 47,1ms P99: 54,5ms, sample: 100"
"with-umce","2","2026-09-27T15:09:24.7718753+00:00","646522184381b84f3179ea440c481a63331a8f518bdbf22902283a96953672c7","False","100","0","0","0","0","0","True","0","38,2","38,3","47,1","54,5","100","124,35375838840712","146,51130805751856","1611833344","[17:09:24] [Server thread/INFO]: The game is running normally [17:09:24] [Server thread/INFO]: Target tick rate: 20,0 per second. Average time per tick: 38,2ms (Target: 50,0ms) [17:09:24] [Server thread/INFO]: Percentiles: P50: 38,3ms P95: 47,1ms P99: 54,5ms, sample: 100"
"with-umce","2","2026-09-27T15:09:24.8975448+00:00","646522184381b84f3179ea440c481a63331a8f518bdbf22902283a96953672c7","False","100","0","0","0","0","0","True","0","38,2","38","47,1","54,5","100","99,8981837711005","146,51130805751856","1611833344","[17:09:24] [Server thread/INFO]: The game is running normally [17:09:24] [Server thread/INFO]: Target tick rate: 20,0 per second. Average time per tick: 38,2ms (Target: 50,0ms) [17:09:24] [Server thread/INFO]: Percentiles: P50: 38,0ms P95: 47,1ms P99: 54,5ms, sample: 100"
"with-umce","2","2026-09-27T15:09:25.0226834+00:00","646522184381b84f3179ea440c481a63331a8f518bdbf22902283a96953672c7","False","100","0","0","0","0","0","True","0","38,2","38","47,1","54,5","100","100,12134707265206","146,51130805751856","1611833344","[17:09:25] [Server thread/INFO]: The game is running normally [17:09:25] [Server thread/INFO]: Target tick rate: 20,0 per second. Average time per tick: 38,2ms (Target: 50,0ms) [17:09:25] [Server thread/INFO]: Percentiles: P50: 38,0ms P95: 47,1ms P99: 54,5ms, sample: 100"
"with-umce","2","2026-09-27T15:09:25.1475169+00:00","646522184381b84f3179ea440c481a63331a8f518bdbf22902283a96953672c7","False","100","0","0","0","0","0","True","0","38,2","37,9","47,1","54,5","100","110,96057733429492","146,51130805751856","1611833344","[17:09:25] [Server thread/INFO]: The game is running normally [17:09:25] [Server thread/INFO]: Target tick rate: 20,0 per second. Average time per tick: 38,2ms (Target: 50,0ms) [17:09:25] [Server thread/INFO]: Percentiles: P50: 37,9ms P95: 47,1ms P99: 54,5ms, sample: 100"
"with-umce","2","2026-09-27T15:09:25.2742647+00:00","646522184381b84f3179ea440c481a63331a8f518bdbf22902283a96953672c7","False","100","0","0","0","0","0","True","0","38,1","37,9","47,1","54,5","100","145,9786082498306","146,51130805751856","1611833344","[17:09:25] [Server thread/INFO]: The game is running normally [17:09:25] [Server thread/INFO]: Target tick rate: 20,0 per second. Average time per tick: 38,1ms (Target: 50,0ms) [17:09:25] [Server thread/INFO]: Percentiles: P50: 37,9ms P95: 47,1ms P99: 54,5ms, sample: 100"
"with-umce","2","2026-09-27T15:09:25.4134135+00:00","646522184381b84f3179ea440c481a63331a8f518bdbf22902283a96953672c7","False","100","0","0","0","0","0","True","0","37,8","37,4","46,4","54,5","100","101,88903170460621","146,51130805751856","1611833344","[17:09:25] [Server thread/INFO]: The game is running normally [17:09:25] [Server thread/INFO]: Target tick rate: 20,0 per second. Average time per tick: 37,8ms (Target: 50,0ms) [17:09:25] [Server thread/INFO]: Percentiles: P50: 37,4ms P95: 46,4ms P99: 54,5ms, sample: 100"
"with-umce","2","2026-09-27T15:09:25.5514347+00:00","646522184381b84f3179ea440c481a63331a8f518bdbf22902283a96953672c7","False","100","0","0","0","0","0","True","0","37,6","37,2","46,4","54,5","100","137,28210584160817","146,51130805751856","1611833344","[17:09:25] [Server thread/INFO]: The game is running normally [17:09:25] [Server thread/INFO]: Target tick rate: 20,0 per second. Average time per tick: 37,6ms (Target: 50,0ms) [17:09:25] [Server thread/INFO]: Percentiles: P50: 37,2ms P95: 46,4ms P99: 54,5ms, sample: 100"
"with-umce","2","2026-09-27T15:09:25.6766133+00:00","646522184381b84f3179ea440c481a63331a8f518bdbf22902283a96953672c7","False","100","0","0","0","0","0","True","0","37,6","37,1","46,4","54,5","100","112,08832201091829","146,51130805751856","1611833344","[17:09:25] [Server thread/INFO]: The game is running normally [17:09:25] [Server thread/INFO]: Target tick rate: 20,0 per second. Average time per tick: 37,6ms (Target: 50,0ms) [17:09:25] [Server thread/INFO]: Percentiles: P50: 37,1ms P95: 46,4ms P99: 54,5ms, sample: 100"
"with-umce","2","2026-09-27T15:09:25.8020870+00:00","646522184381b84f3179ea440c481a63331a8f518bdbf22902283a96953672c7","False","100","0","0","0","0","0","True","0","37,5","37","46,4","54,5","100","125,75149090967624","146,51130805751856","1611833344","[17:09:25] [Server thread/INFO]: The game is running normally [17:09:25] [Server thread/INFO]: Target tick rate: 20,0 per second. Average time per tick: 37,5ms (Target: 50,0ms) [17:09:25] [Server thread/INFO]: Percentiles: P50: 37,0ms P95: 46,4ms P99: 54,5ms, sample: 100"
"with-umce","2","2026-09-27T15:09:25.9263244+00:00","646522184381b84f3179ea440c481a63331a8f518bdbf22902283a96953672c7","False","100","0","0","0","0","0","True","0","37,3","37","46,4","54,5","100","124,65386115833554","146,51130805751856","1611833344","[17:09:25] [Server thread/INFO]: The game is running normally [17:09:25] [Server thread/INFO]: Target tick rate: 20,0 per second. Average time per tick: 37,3ms (Target: 50,0ms) [17:09:25] [Server thread/INFO]: Percentiles: P50: 37,0ms P95: 46,4ms P99: 54,5ms, sample: 100"
"with-umce","2","2026-09-27T15:09:26.0516903+00:00","646522184381b84f3179ea440c481a63331a8f518bdbf22902283a96953672c7","False","100","0","0","0","0","0","True","0","37,1","36,7","46,2","54,5","100","113,30893514982161","146,51130805751856","1611833344","[17:09:26] [Server thread/INFO]: The game is running normally [17:09:26] [Server thread/INFO]: Target tick rate: 20,0 per second. Average time per tick: 37,1ms (Target: 50,0ms) [17:09:26] [Server thread/INFO]: Percentiles: P50: 36,7ms P95: 46,2ms P99: 54,5ms, sample: 100"
"with-umce","2","2026-09-27T15:09:26.1757811+00:00","646522184381b84f3179ea440c481a63331a8f518bdbf22902283a96953672c7","False","100","0","0","0","0","0","True","0","36,9","36,5","45,2","54,5","100","137,95735622736495","146,51130805751856","1611833344","[17:09:26] [Server thread/INFO]: The game is running normally [17:09:26] [Server thread/INFO]: Target tick rate: 20,0 per second. Average time per tick: 36,9ms (Target: 50,0ms) [17:09:26] [Server thread/INFO]: Percentiles: P50: 36,5ms P95: 45,2ms P99: 54,5ms, sample: 100"
"with-umce","2","2026-09-27T15:09:26.3003738+00:00","646522184381b84f3179ea440c481a63331a8f518bdbf22902283a96953672c7","False","100","0","0","0","0","0","True","0","36,8","36,3","45,2","54,5","100","161,6942452371343","146,51130805751856","1611833344","[17:09:26] [Server thread/INFO]: The game is running normally [17:09:26] [Server thread/INFO]: Target tick rate: 20,0 per second. Average time per tick: 36,8ms (Target: 50,0ms) [17:09:26] [Server thread/INFO]: Percentiles: P50: 36,3ms P95: 45,2ms P99: 54,5ms, sample: 100"
"with-umce","2","2026-09-27T15:09:26.4259958+00:00","646522184381b84f3179ea440c481a63331a8f518bdbf22902283a96953672c7","False","100","0","0","0","0","0","True","0","36,9","36,3","45,2","54,5","100","114,03352281481361","146,51130805751856","1611833344","[17:09:26] [Server thread/INFO]: The game is running normally [17:09:26] [Server thread/INFO]: Target tick rate: 20,0 per second. Average time per tick: 36,9ms (Target: 50,0ms) [17:09:26] [Server thread/INFO]: Percentiles: P50: 36,3ms P95: 45,2ms P99: 54,5ms, sample: 100"
"with-umce","2","2026-09-27T15:09:26.5493223+00:00","646522184381b84f3179ea440c481a63331a8f518bdbf22902283a96953672c7","False","100","0","0","0","0","0","True","0","36,9","36,5","45,2","54,5","100","112,35771019580802","146,51130805751856","1611833344","[17:09:26] [Server thread/INFO]: The game is running normally [17:09:26] [Server thread/INFO]: Target tick rate: 20,0 per second. Average time per tick: 36,9ms (Target: 50,0ms) [17:09:26] [Server thread/INFO]: Percentiles: P50: 36,5ms P95: 45,2ms P99: 54,5ms, sample: 100"
"with-umce","2","2026-09-27T15:09:26.6744675+00:00","646522184381b84f3179ea440c481a63331a8f518bdbf22902283a96953672c7","False","100","0","0","0","0","0","True","0","36,8","36,3","45,2","54,5","100","99,30999416057234","146,51130805751856","1611833344","[17:09:26] [Server thread/INFO]: The game is running normally [17:09:26] [Server thread/INFO]: Target tick rate: 20,0 per second. Average time per tick: 36,8ms (Target: 50,0ms) [17:09:26] [Server thread/INFO]: Percentiles: P50: 36,3ms P95: 45,2ms P99: 54,5ms, sample: 100"
"with-umce","2","2026-09-27T15:09:26.8003244+00:00","646522184381b84f3179ea440c481a63331a8f518bdbf22902283a96953672c7","False","100","0","0","0","0","0","True","0","36,7","36,2","45,2","54,5","100","113,26978143462976","146,51130805751856","1611833344","[17:09:26] [Server thread/INFO]: The game is running normally [17:09:26] [Server thread/INFO]: Target tick rate: 20,0 per second. Average time per tick: 36,7ms (Target: 50,0ms) [17:09:26] [Server thread/INFO]: Percentiles: P50: 36,2ms P95: 45,2ms P99: 54,5ms, sample: 100"
"with-umce","2","2026-09-27T15:09:26.9244921+00:00","646522184381b84f3179ea440c481a63331a8f518bdbf22902283a96953672c7","False","100","0","0","0","0","0","True","0","36,7","36,3","45,2","54,5","100","98,804778357169","146,51130805751856","1611833344","[17:09:26] [Server thread/INFO]: The game is running normally [17:09:26] [Server thread/INFO]: Target tick rate: 20,0 per second. Average time per tick: 36,7ms (Target: 50,0ms) [17:09:26] [Server thread/INFO]: Percentiles: P50: 36,3ms P95: 45,2ms P99: 54,5ms, sample: 100"
"with-umce","2","2026-09-27T15:09:27.0510254+00:00","646522184381b84f3179ea440c481a63331a8f518bdbf22902283a96953672c7","False","100","0","0","0","0","0","True","0","36,9","36,3","45,2","54,5","100","150,6402814522848","146,51130805751856","1611833344","[17:09:27] [Server thread/INFO]: The game is running normally [17:09:27] [Server thread/INFO]: Target tick rate: 20,0 per second. Average time per tick: 36,9ms (Target: 50,0ms) [17:09:27] [Server thread/INFO]: Percentiles: P50: 36,3ms P95: 45,2ms P99: 54,5ms, sample: 100"
"with-umce","2","2026-09-27T15:09:27.1754639+00:00","646522184381b84f3179ea440c481a63331a8f518bdbf22902283a96953672c7","False","100","0","0","0","0","0","True","0","37","36,7","45,2","54,5","100","138,23619065696272","146,51130805751856","1611833344","[17:09:27] [Server thread/INFO]: The game is running normally [17:09:27] [Server thread/INFO]: Target tick rate: 20,0 per second. Average time per tick: 37,0ms (Target: 50,0ms) [17:09:27] [Server thread/INFO]: Percentiles: P50: 36,7ms P95: 45,2ms P99: 54,5ms, sample: 100"
"with-umce","2","2026-09-27T15:09:27.2997982+00:00","646522184381b84f3179ea440c481a63331a8f518bdbf22902283a96953672c7","False","100","0","0","0","0","0","True","0","37","36,7","45,2","54,5","100","178,6157544402856","146,51130805751856","1611833344","[17:09:27] [Server thread/INFO]: The game is running normally [17:09:27] [Server thread/INFO]: Target tick rate: 20,0 per second. Average time per tick: 37,0ms (Target: 50,0ms) [17:09:27] [Server thread/INFO]: Percentiles: P50: 36,7ms P95: 45,2ms P99: 54,5ms, sample: 100"
"with-umce","2","2026-09-27T15:09:27.4222740+00:00","646522184381b84f3179ea440c481a63331a8f518bdbf22902283a96953672c7","False","100","0","0","0","0","0","True","0","37,1","36,7","46,1","54,5","100","187,88764979906546","146,51130805751856","1611833344","[17:09:27] [Server thread/INFO]: The game is running normally [17:09:27] [Server thread/INFO]: Target tick rate: 20,0 per second. Average time per tick: 37,1ms (Target: 50,0ms) [17:09:27] [Server thread/INFO]: Percentiles: P50: 36,7ms P95: 46,1ms P99: 54,5ms, sample: 100"
"with-umce","2","2026-09-27T15:09:27.5469853+00:00","646522184381b84f3179ea440c481a63331a8f518bdbf22902283a96953672c7","False","100","0","0","0","0","0","True","0","37,2","36,8","46,1","54,5","100","101,6396508474714","146,51130805751856","1611833344","[17:09:27] [Server thread/INFO]: The game is running normally [17:09:27] [Server thread/INFO]: Target tick rate: 20,0 per second. Average time per tick: 37,2ms (Target: 50,0ms) [17:09:27] [Server thread/INFO]: Percentiles: P50: 36,8ms P95: 46,1ms P99: 54,5ms, sample: 100"
"with-umce","2","2026-09-27T15:09:27.6700011+00:00","646522184381b84f3179ea440c481a63331a8f518bdbf22902283a96953672c7","False","100","0","0","0","0","0","True","0","37,3","36,8","46,1","54,5","100","165,09986052363783","146,51130805751856","1611833344","[17:09:27] [Server thread/INFO]: The game is running normally [17:09:27] [Server thread/INFO]: Target tick rate: 20,0 per second. Average time per tick: 37,3ms (Target: 50,0ms) [17:09:27] [Server thread/INFO]: Percentiles: P50: 36,8ms P95: 46,1ms P99: 54,5ms, sample: 100"
"with-umce","2","2026-09-27T15:09:27.7930276+00:00","646522184381b84f3179ea440c481a63331a8f518bdbf22902283a96953672c7","False","100","0","0","0","0","0","True","0","37,3","36,7","46,1","54,5","100","114,44343259495446","146,51130805751856","1611833344","[17:09:27] [Server thread/INFO]: The game is running normally [17:09:27] [Server thread/INFO]: Target tick rate: 20,0 per second. Average time per tick: 37,3ms (Target: 50,0ms) [17:09:27] [Server thread/INFO]: Percentiles: P50: 36,7ms P95: 46,1ms P99: 54,5ms, sample: 100"
"with-umce","2","2026-09-27T15:09:27.9158855+00:00","646522184381b84f3179ea440c481a63331a8f518bdbf22902283a96953672c7","False","100","0","0","0","0","0","True","0","37,2","36,7","46,1","54,5","100","161,52092476245988","146,51130805751856","1611833344","[17:09:27] [Server thread/INFO]: The game is running normally [17:09:27] [Server thread/INFO]: Target tick rate: 20,0 per second. Average time per tick: 37,2ms (Target: 50,0ms) [17:09:27] [Server thread/INFO]: Percentiles: P50: 36,7ms P95: 46,1ms P99: 54,5ms, sample: 100"
"with-umce","2","2026-09-27T15:09:28.0416990+00:00","646522184381b84f3179ea440c481a63331a8f518bdbf22902283a96953672c7","False","100","0","0","0","0","0","True","0","37","36,3","46,1","54,5","100","113,80880121396055","146,51130805751856","1611833344","[17:09:28] [Server thread/INFO]: The game is running normally [17:09:28] [Server thread/INFO]: Target tick rate: 20,0 per second. Average time per tick: 37,0ms (Target: 50,0ms) [17:09:28] [Server thread/INFO]: Percentiles: P50: 36,3ms P95: 46,1ms P99: 54,5ms, sample: 100"
"with-umce","2","2026-09-27T15:09:28.1652276+00:00","646522184381b84f3179ea440c481a63331a8f518bdbf22902283a96953672c7","False","100","0","0","0","0","0","True","0","36,9","36,3","46,1","54,5","100","149,0885323486334","146,51130805751856","1611833344","[17:09:28] [Server thread/INFO]: The game is running normally [17:09:28] [Server thread/INFO]: Target tick rate: 20,0 per second. Average time per tick: 36,9ms (Target: 50,0ms) [17:09:28] [Server thread/INFO]: Percentiles: P50: 36,3ms P95: 46,1ms P99: 54,5ms, sample: 100"
"with-umce","2","2026-09-27T15:09:28.2910057+00:00","646522184381b84f3179ea440c481a63331a8f518bdbf22902283a96953672c7","False","100","0","0","0","0","0","True","0","36,8","36,3","45,7","54,5","100","126,91705675893232","146,51130805751856","1611833344","[17:09:28] [Server thread/INFO]: The game is running normally [17:09:28] [Server thread/INFO]: Target tick rate: 20,0 per second. Average time per tick: 36,8ms (Target: 50,0ms) [17:09:28] [Server thread/INFO]: Percentiles: P50: 36,3ms P95: 45,7ms P99: 54,5ms, sample: 100"
"with-umce","2","2026-09-27T15:09:28.4140782+00:00","646522184381b84f3179ea440c481a63331a8f518bdbf22902283a96953672c7","False","100","0","0","0","0","0","True","0","36,6","36,3","45,7","54,5","100","175,39822412806035","146,51130805751856","1611833344","[17:09:28] [Server thread/INFO]: The game is running normally [17:09:28] [Server thread/INFO]: Target tick rate: 20,0 per second. Average time per tick: 36,6ms (Target: 50,0ms) [17:09:28] [Server thread/INFO]: Percentiles: P50: 36,3ms P95: 45,7ms P99: 54,5ms, sample: 100"
"with-umce","2","2026-09-27T15:09:28.5388170+00:00","646522184381b84f3179ea440c481a63331a8f518bdbf22902283a96953672c7","False","100","0","0","0","0","0","True","0","36,3","36","45,7","54,5","100","112,16019945971685","146,51130805751856","1611833344","[17:09:28] [Server thread/INFO]: The game is running normally [17:09:28] [Server thread/INFO]: Target tick rate: 20,0 per second. Average time per tick: 36,3ms (Target: 50,0ms) [17:09:28] [Server thread/INFO]: Percentiles: P50: 36,0ms P95: 45,7ms P99: 54,5ms, sample: 100"
"with-umce","2","2026-09-27T15:09:28.6641985+00:00","646522184381b84f3179ea440c481a63331a8f518bdbf22902283a96953672c7","False","100","0","0","0","0","0","True","0","36,3","36","45,7","54,5","100","162,0952805036385","146,51130805751856","1611833344","[17:09:28] [Server thread/INFO]: The game is running normally [17:09:28] [Server thread/INFO]: Target tick rate: 20,0 per second. Average time per tick: 36,3ms (Target: 50,0ms) [17:09:28] [Server thread/INFO]: Percentiles: P50: 36,0ms P95: 45,7ms P99: 54,5ms, sample: 100"
"with-umce","2","2026-09-27T15:09:28.7895069+00:00","646522184381b84f3179ea440c481a63331a8f518bdbf22902283a96953672c7","False","100","0","0","0","0","0","True","0","36,2","35,9","45,7","54,5","100","138,15951827644443","146,51130805751856","1611833344","[17:09:28] [Server thread/INFO]: The game is running normally [17:09:28] [Server thread/INFO]: Target tick rate: 20,0 per second. Average time per tick: 36,2ms (Target: 50,0ms) [17:09:28] [Server thread/INFO]: Percentiles: P50: 35,9ms P95: 45,7ms P99: 54,5ms, sample: 100"
"with-umce","2","2026-09-27T15:09:28.9138919+00:00","646522184381b84f3179ea440c481a63331a8f518bdbf22902283a96953672c7","False","100","0","0","0","0","0","True","0","36,2","35,9","45,7","54,5","100","135,1121538967066","146,51130805751856","1611833344","[17:09:28] [Server thread/INFO]: The game is running normally [17:09:28] [Server thread/INFO]: Target tick rate: 20,0 per second. Average time per tick: 36,2ms (Target: 50,0ms) [17:09:28] [Server thread/INFO]: Percentiles: P50: 35,9ms P95: 45,7ms P99: 54,5ms, sample: 100"
"with-umce","2","2026-09-27T15:09:29.0526647+00:00","646522184381b84f3179ea440c481a63331a8f518bdbf22902283a96953672c7","False","100","0","0","0","0","0","True","0","35,9","35,9","45,2","46,4","100","126,91911860865778","146,51130805751856","1611833344","[17:09:29] [Server thread/INFO]: The game is running normally [17:09:29] [Server thread/INFO]: Target tick rate: 20,0 per second. Average time per tick: 35,9ms (Target: 50,0ms) [17:09:29] [Server thread/INFO]: Percentiles: P50: 35,9ms P95: 45,2ms P99: 46,4ms, sample: 100"
"with-umce","2","2026-09-27T15:09:29.1757974+00:00","646522184381b84f3179ea440c481a63331a8f518bdbf22902283a96953672c7","False","100","0","0","0","0","0","True","0","35,6","35,6","44,6","46,4","100","138,6083120632578","146,51130805751856","1611833344","[17:09:29] [Server thread/INFO]: The game is running normally [17:09:29] [Server thread/INFO]: Target tick rate: 20,0 per second. Average time per tick: 35,6ms (Target: 50,0ms) [17:09:29] [Server thread/INFO]: Percentiles: P50: 35,6ms P95: 44,6ms P99: 46,4ms, sample: 100"
"with-umce","2","2026-09-27T15:09:29.2998087+00:00","646522184381b84f3179ea440c481a63331a8f518bdbf22902283a96953672c7","False","100","0","0","0","0","0","True","0","35,5","35,2","44,6","46,4","100","174,87045596622022","146,51130805751856","1611833344","[17:09:29] [Server thread/INFO]: The game is running normally [17:09:29] [Server thread/INFO]: Target tick rate: 20,0 per second. Average time per tick: 35,5ms (Target: 50,0ms) [17:09:29] [Server thread/INFO]: Percentiles: P50: 35,2ms P95: 44,6ms P99: 46,4ms, sample: 100"
"with-umce","2","2026-09-27T15:09:29.4248996+00:00","646522184381b84f3179ea440c481a63331a8f518bdbf22902283a96953672c7","False","100","0","0","0","0","0","True","0","35,5","35,2","45,2","48,1","100","113,03397248602398","146,51130805751856","1611833344","[17:09:29] [Server thread/INFO]: The game is running normally [17:09:29] [Server thread/INFO]: Target tick rate: 20,0 per second. Average time per tick: 35,5ms (Target: 50,0ms) [17:09:29] [Server thread/INFO]: Percentiles: P50: 35,2ms P95: 45,2ms P99: 48,1ms, sample: 100"
"with-umce","2","2026-09-27T15:09:29.5493050+00:00","646522184381b84f3179ea440c481a63331a8f518bdbf22902283a96953672c7","False","100","0","0","0","0","0","True","0","35,3","35,1","44,6","48,1","100","162,91693702523497","146,51130805751856","1611833344","[17:09:29] [Server thread/INFO]: The game is running normally [17:09:29] [Server thread/INFO]: Target tick rate: 20,0 per second. Average time per tick: 35,3ms (Target: 50,0ms) [17:09:29] [Server thread/INFO]: Percentiles: P50: 35,1ms P95: 44,6ms P99: 48,1ms, sample: 100"
"with-umce","2","2026-09-27T15:09:29.6739849+00:00","646522184381b84f3179ea440c481a63331a8f518bdbf22902283a96953672c7","False","100","0","0","0","0","0","True","0","35,3","35,1","44,6","48,1","100","137,45700344932106","146,51130805751856","1611833344","[17:09:29] [Server thread/INFO]: The game is running normally [17:09:29] [Server thread/INFO]: Target tick rate: 20,0 per second. Average time per tick: 35,3ms (Target: 50,0ms) [17:09:29] [Server thread/INFO]: Percentiles: P50: 35,1ms P95: 44,6ms P99: 48,1ms, sample: 100"
"with-umce","2","2026-09-27T15:09:29.7990303+00:00","646522184381b84f3179ea440c481a63331a8f518bdbf22902283a96953672c7","False","100","0","0","0","0","0","True","0","35,1","35","43,8","48,1","100","151,04608476464603","146,51130805751856","1611833344","[17:09:29] [Server thread/INFO]: The game is running normally [17:09:29] [Server thread/INFO]: Target tick rate: 20,0 per second. Average time per tick: 35,1ms (Target: 50,0ms) [17:09:29] [Server thread/INFO]: Percentiles: P50: 35,0ms P95: 43,8ms P99: 48,1ms, sample: 100"
"with-umce","2","2026-09-27T15:09:29.9231641+00:00","646522184381b84f3179ea440c481a63331a8f518bdbf22902283a96953672c7","False","100","0","0","0","0","0","True","0","35,1","34,8","43,8","48,1","100","174,15208831242447","146,51130805751856","1611833344","[17:09:29] [Server thread/INFO]: The game is running normally [17:09:29] [Server thread/INFO]: Target tick rate: 20,0 per second. Average time per tick: 35,1ms (Target: 50,0ms) [17:09:29] [Server thread/INFO]: Percentiles: P50: 34,8ms P95: 43,8ms P99: 48,1ms, sample: 100"
"with-umce","2","2026-09-27T15:09:30.0487734+00:00","646522184381b84f3179ea440c481a63331a8f518bdbf22902283a96953672c7","False","100","0","0","0","0","0","True","0","35,2","35","44,6","48,8","100","162,16347834972865","146,51130805751856","1611833344","[17:09:30] [Server thread/INFO]: The game is running normally [17:09:30] [Server thread/INFO]: Target tick rate: 20,0 per second. Average time per tick: 35,2ms (Target: 50,0ms) [17:09:30] [Server thread/INFO]: Percentiles: P50: 35,0ms P95: 44,6ms P99: 48,8ms, sample: 100"
"with-umce","2","2026-09-27T15:09:30.1740248+00:00","646522184381b84f3179ea440c481a63331a8f518bdbf22902283a96953672c7","False","100","0","0","0","0","0","True","0","35,5","35,2","44,6","48,8","100","152,41622391447135","146,51130805751856","1611833344","[17:09:30] [Server thread/INFO]: The game is running normally [17:09:30] [Server thread/INFO]: Target tick rate: 20,0 per second. Average time per tick: 35,5ms (Target: 50,0ms) [17:09:30] [Server thread/INFO]: Percentiles: P50: 35,2ms P95: 44,6ms P99: 48,8ms, sample: 100"
"with-umce","2","2026-09-27T15:09:30.2970459+00:00","646522184381b84f3179ea440c481a63331a8f518bdbf22902283a96953672c7","False","100","0","0","0","0","0","True","0","35,5","35,2","44,6","48,8","100","174,52000019147337","146,51130805751856","1611833344","[17:09:30] [Server thread/INFO]: The game is running normally [17:09:30] [Server thread/INFO]: Target tick rate: 20,0 per second. Average time per tick: 35,5ms (Target: 50,0ms) [17:09:30] [Server thread/INFO]: Percentiles: P50: 35,2ms P95: 44,6ms P99: 48,8ms, sample: 100"
"with-umce","2","2026-09-27T15:09:30.4223875+00:00","646522184381b84f3179ea440c481a63331a8f518bdbf22902283a96953672c7","False","100","0","0","0","0","0","True","0","35,6","35,7","44,6","48,8","100","174,38477052957165","146,51130805751856","1611833344","[17:09:30] [Server thread/INFO]: The game is running normally [17:09:30] [Server thread/INFO]: Target tick rate: 20,0 per second. Average time per tick: 35,6ms (Target: 50,0ms) [17:09:30] [Server thread/INFO]: Percentiles: P50: 35,7ms P95: 44,6ms P99: 48,8ms, sample: 100"
"with-umce","2","2026-09-27T15:09:30.5478310+00:00","646522184381b84f3179ea440c481a63331a8f518bdbf22902283a96953672c7","False","100","0","0","0","0","0","True","0","35,7","35,8","44,6","48,8","100","113,9210050485739","146,51130805751856","1611833344","[17:09:30] [Server thread/INFO]: The game is running normally [17:09:30] [Server thread/INFO]: Target tick rate: 20,0 per second. Average time per tick: 35,7ms (Target: 50,0ms) [17:09:30] [Server thread/INFO]: Percentiles: P50: 35,8ms P95: 44,6ms P99: 48,8ms, sample: 100"
"with-umce","2","2026-09-27T15:09:30.6712799+00:00","646522184381b84f3179ea440c481a63331a8f518bdbf22902283a96953672c7","False","100","0","0","0","0","0","True","0","35,7","35,7","44,6","48,8","100","176,18126011280432","146,51130805751856","1611833344","[17:09:30] [Server thread/INFO]: The game is running normally [17:09:30] [Server thread/INFO]: Target tick rate: 20,0 per second. Average time per tick: 35,7ms (Target: 50,0ms) [17:09:30] [Server thread/INFO]: Percentiles: P50: 35,7ms P95: 44,6ms P99: 48,8ms, sample: 100"
"with-umce","2","2026-09-27T15:09:30.7954498+00:00","646522184381b84f3179ea440c481a63331a8f518bdbf22902283a96953672c7","False","100","0","0","0","0","0","True","0","35,7","35,8","44,6","48,8","100","62,4743605224416","146,51130805751856","1611833344","[17:09:30] [Server thread/INFO]: The game is running normally [17:09:30] [Server thread/INFO]: Target tick rate: 20,0 per second. Average time per tick: 35,7ms (Target: 50,0ms) [17:09:30] [Server thread/INFO]: Percentiles: P50: 35,8ms P95: 44,6ms P99: 48,8ms, sample: 100"
"with-umce","2","2026-09-27T15:09:30.9204942+00:00","646522184381b84f3179ea440c481a63331a8f518bdbf22902283a96953672c7","False","100","0","0","0","0","0","True","0","35,7","35,8","44,6","48,8","100","190,51966040962844","146,51130805751856","1611833344","[17:09:30] [Server thread/INFO]: The game is running normally [17:09:30] [Server thread/INFO]: Target tick rate: 20,0 per second. Average time per tick: 35,7ms (Target: 50,0ms) [17:09:30] [Server thread/INFO]: Percentiles: P50: 35,8ms P95: 44,6ms P99: 48,8ms, sample: 100"
"with-umce","2","2026-09-27T15:09:31.0435197+00:00","646522184381b84f3179ea440c481a63331a8f518bdbf22902283a96953672c7","False","100","0","0","0","0","0","True","0","35,7","35,8","44,6","48,8","100","126,95283935611144","146,51130805751856","1611833344","[17:09:31] [Server thread/INFO]: The game is running normally [17:09:31] [Server thread/INFO]: Target tick rate: 20,0 per second. Average time per tick: 35,7ms (Target: 50,0ms) [17:09:31] [Server thread/INFO]: Percentiles: P50: 35,8ms P95: 44,6ms P99: 48,8ms, sample: 100"
"with-umce","2","2026-09-27T15:09:31.1665691+00:00","646522184381b84f3179ea440c481a63331a8f518bdbf22902283a96953672c7","False","100","0","0","0","0","0","True","0","35,7","35,8","44,6","48,8","100","171,8600481758087","146,51130805751856","1611833344","[17:09:31] [Server thread/INFO]: The game is running normally [17:09:31] [Server thread/INFO]: Target tick rate: 20,0 per second. Average time per tick: 35,7ms (Target: 50,0ms) [17:09:31] [Server thread/INFO]: Percentiles: P50: 35,8ms P95: 44,6ms P99: 48,8ms, sample: 100"
"with-umce","2","2026-09-27T15:09:31.2938774+00:00","646522184381b84f3179ea440c481a63331a8f518bdbf22902283a96953672c7","False","100","0","0","0","0","0","True","0","35,8","35,8","44,6","48,8","100","112,85164572808873","146,51130805751856","1611833344","[17:09:31] [Server thread/INFO]: The game is running normally [17:09:31] [Server thread/INFO]: Target tick rate: 20,0 per second. Average time per tick: 35,8ms (Target: 50,0ms) [17:09:31] [Server thread/INFO]: Percentiles: P50: 35,8ms P95: 44,6ms P99: 48,8ms, sample: 100"
"with-umce","2","2026-09-27T15:09:31.4185314+00:00","646522184381b84f3179ea440c481a63331a8f518bdbf22902283a96953672c7","False","100","0","0","0","0","0","True","0","35,9","35,9","45,7","50,4","100","190,02104723791487","146,51130805751856","1611833344","[17:09:31] [Server thread/INFO]: The game is running normally [17:09:31] [Server thread/INFO]: Target tick rate: 20,0 per second. Average time per tick: 35,9ms (Target: 50,0ms) [17:09:31] [Server thread/INFO]: Percentiles: P50: 35,9ms P95: 45,7ms P99: 50,4ms, sample: 100"
"with-umce","2","2026-09-27T15:09:31.5418040+00:00","646522184381b84f3179ea440c481a63331a8f518bdbf22902283a96953672c7","False","100","0","0","0","0","0","True","0","35,9","35,8","45,7","50,4","100","88,00203400358365","146,51130805751856","1611833344","[17:09:31] [Server thread/INFO]: The game is running normally [17:09:31] [Server thread/INFO]: Target tick rate: 20,0 per second. Average time per tick: 35,9ms (Target: 50,0ms) [17:09:31] [Server thread/INFO]: Percentiles: P50: 35,8ms P95: 45,7ms P99: 50,4ms, sample: 100"
"with-umce","2","2026-09-27T15:09:31.6660873+00:00","646522184381b84f3179ea440c481a63331a8f518bdbf22902283a96953672c7","False","100","0","0","0","0","0","True","0","35,9","35,7","45,7","50,4","100","149,74758546993186","146,51130805751856","1611833344","[17:09:31] [Server thread/INFO]: The game is running normally [17:09:31] [Server thread/INFO]: Target tick rate: 20,0 per second. Average time per tick: 35,9ms (Target: 50,0ms) [17:09:31] [Server thread/INFO]: Percentiles: P50: 35,7ms P95: 45,7ms P99: 50,4ms, sample: 100"
"with-umce","2","2026-09-27T15:09:31.7913154+00:00","646522184381b84f3179ea440c481a63331a8f518bdbf22902283a96953672c7","False","100","0","0","0","0","0","True","0","35,8","35,6","45,7","50,4","100","135,82747480622606","146,51130805751856","1611833344","[17:09:31] [Server thread/INFO]: The game is running normally [17:09:31] [Server thread/INFO]: Target tick rate: 20,0 per second. Average time per tick: 35,8ms (Target: 50,0ms) [17:09:31] [Server thread/INFO]: Percentiles: P50: 35,6ms P95: 45,7ms P99: 50,4ms, sample: 100"
"with-umce","2","2026-09-27T15:09:31.9178523+00:00","646522184381b84f3179ea440c481a63331a8f518bdbf22902283a96953672c7","False","100","0","0","0","0","0","True","0","35,9","35,6","45,7","50,4","100","113,87248225411237","146,51130805751856","1611833344","[17:09:31] [Server thread/INFO]: The game is running normally [17:09:31] [Server thread/INFO]: Target tick rate: 20,0 per second. Average time per tick: 35,9ms (Target: 50,0ms) [17:09:31] [Server thread/INFO]: Percentiles: P50: 35,6ms P95: 45,7ms P99: 50,4ms, sample: 100"
"with-umce","2","2026-09-27T15:09:32.0413657+00:00","646522184381b84f3179ea440c481a63331a8f518bdbf22902283a96953672c7","False","100","0","0","0","0","0","True","0","35,7","35,2","45,7","50,4","100","101,54898763783244","146,51130805751856","1611833344","[17:09:32] [Server thread/INFO]: The game is running normally [17:09:32] [Server thread/INFO]: Target tick rate: 20,0 per second. Average time per tick: 35,7ms (Target: 50,0ms) [17:09:32] [Server thread/INFO]: Percentiles: P50: 35,2ms P95: 45,7ms P99: 50,4ms, sample: 100"
"with-umce","2","2026-09-27T15:09:32.1644414+00:00","646522184381b84f3179ea440c481a63331a8f518bdbf22902283a96953672c7","False","100","0","0","0","0","0","True","0","35,7","35,2","45,7","50,4","100","162,21217072426685","146,51130805751856","1611833344","[17:09:32] [Server thread/INFO]: The game is running normally [17:09:32] [Server thread/INFO]: Target tick rate: 20,0 per second. Average time per tick: 35,7ms (Target: 50,0ms) [17:09:32] [Server thread/INFO]: Percentiles: P50: 35,2ms P95: 45,7ms P99: 50,4ms, sample: 100"
"with-umce","2","2026-09-27T15:09:32.2896788+00:00","646522184381b84f3179ea440c481a63331a8f518bdbf22902283a96953672c7","False","100","0","0","0","0","0","True","0","35,7","35,2","45,7","50,4","100","214,6410877788112","146,51130805751856","1611833344","[17:09:32] [Server thread/INFO]: The game is running normally [17:09:32] [Server thread/INFO]: Target tick rate: 20,0 per second. Average time per tick: 35,7ms (Target: 50,0ms) [17:09:32] [Server thread/INFO]: Percentiles: P50: 35,2ms P95: 45,7ms P99: 50,4ms, sample: 100"
"with-umce","2","2026-09-27T15:09:32.4134320+00:00","646522184381b84f3179ea440c481a63331a8f518bdbf22902283a96953672c7","False","100","0","0","0","0","0","True","0","35,8","35,5","44,6","50,4","100","122,75689670565129","146,51130805751856","1611833344","[17:09:32] [Server thread/INFO]: The game is running normally [17:09:32] [Server thread/INFO]: Target tick rate: 20,0 per second. Average time per tick: 35,8ms (Target: 50,0ms) [17:09:32] [Server thread/INFO]: Percentiles: P50: 35,5ms P95: 44,6ms P99: 50,4ms, sample: 100"
"with-umce","2","2026-09-27T15:09:32.5534347+00:00","646522184381b84f3179ea440c481a63331a8f518bdbf22902283a96953672c7","False","100","0","0","0","0","0","True","0","35,8","35,2","44,6","50,4","100","145,49052780561246","146,51130805751856","1611833344","[17:09:32] [Server thread/INFO]: The game is running normally [17:09:32] [Server thread/INFO]: Target tick rate: 20,0 per second. Average time per tick: 35,8ms (Target: 50,0ms) [17:09:32] [Server thread/INFO]: Percentiles: P50: 35,2ms P95: 44,6ms P99: 50,4ms, sample: 100"
"with-umce","2","2026-09-27T15:09:32.6930076+00:00","646522184381b84f3179ea440c481a63331a8f518bdbf22902283a96953672c7","False","100","0","0","0","0","0","True","0","35,9","35,5","44,6","50,4","100","113,3314904793489","146,51130805751856","1611833344","[17:09:32] [Server thread/INFO]: The game is running normally [17:09:32] [Server thread/INFO]: Target tick rate: 20,0 per second. Average time per tick: 35,9ms (Target: 50,0ms) [17:09:32] [Server thread/INFO]: Percentiles: P50: 35,5ms P95: 44,6ms P99: 50,4ms, sample: 100"
"with-umce","2","2026-09-27T15:09:32.8170997+00:00","646522184381b84f3179ea440c481a63331a8f518bdbf22902283a96953672c7","False","100","0","0","0","0","0","True","0","35,9","35,5","44,2","50,4","100","123,83368482286434","146,51130805751856","1611833344","[17:09:32] [Server thread/INFO]: The game is running normally [17:09:32] [Server thread/INFO]: Target tick rate: 20,0 per second. Average time per tick: 35,9ms (Target: 50,0ms) [17:09:32] [Server thread/INFO]: Percentiles: P50: 35,5ms P95: 44,2ms P99: 50,4ms, sample: 100"
"with-umce","2","2026-09-27T15:09:32.9433078+00:00","646522184381b84f3179ea440c481a63331a8f518bdbf22902283a96953672c7","False","100","0","0","0","0","0","True","0","35,9","35,6","44,2","50,4","100","124,01375244870792","146,51130805751856","1611833344","[17:09:32] [Server thread/INFO]: The game is running normally [17:09:32] [Server thread/INFO]: Target tick rate: 20,0 per second. Average time per tick: 35,9ms (Target: 50,0ms) [17:09:32] [Server thread/INFO]: Percentiles: P50: 35,6ms P95: 44,2ms P99: 50,4ms, sample: 100"
"with-umce","2","2026-09-27T15:09:33.0818902+00:00","646522184381b84f3179ea440c481a63331a8f518bdbf22902283a96953672c7","False","100","0","0","0","0","0","True","0","36,2","35,9","44,6","50,4","100","100,36299287262169","146,51130805751856","1611833344","[17:09:33] [Server thread/INFO]: The game is running normally [17:09:33] [Server thread/INFO]: Target tick rate: 20,0 per second. Average time per tick: 36,2ms (Target: 50,0ms) [17:09:33] [Server thread/INFO]: Percentiles: P50: 35,9ms P95: 44,6ms P99: 50,4ms, sample: 100"
"with-umce","2","2026-09-27T15:09:33.2064437+00:00","646522184381b84f3179ea440c481a63331a8f518bdbf22902283a96953672c7","False","100","0","0","0","0","0","True","0","36,3","36","44,6","50,4","100","174,51331726082302","146,51130805751856","1611833344","[17:09:33] [Server thread/INFO]: The game is running normally [17:09:33] [Server thread/INFO]: Target tick rate: 20,0 per second. Average time per tick: 36,3ms (Target: 50,0ms) [17:09:33] [Server thread/INFO]: Percentiles: P50: 36,0ms P95: 44,6ms P99: 50,4ms, sample: 100"
"with-umce","2","2026-09-27T15:09:33.3317763+00:00","646522184381b84f3179ea440c481a63331a8f518bdbf22902283a96953672c7","False","100","0","0","0","0","0","True","0","36,3","35,9","44,6","50,4","100","87,79590732605172","146,51130805751856","1611833344","[17:09:33] [Server thread/INFO]: The game is running normally [17:09:33] [Server thread/INFO]: Target tick rate: 20,0 per second. Average time per tick: 36,3ms (Target: 50,0ms) [17:09:33] [Server thread/INFO]: Percentiles: P50: 35,9ms P95: 44,6ms P99: 50,4ms, sample: 100"
"with-umce","2","2026-09-27T15:09:33.4563734+00:00","646522184381b84f3179ea440c481a63331a8f518bdbf22902283a96953672c7","False","100","0","0","0","0","0","True","0","36,4","35,9","44,6","50,4","100","99,97400675824287","146,51130805751856","1611833344","[17:09:33] [Server thread/INFO]: The game is running normally [17:09:33] [Server thread/INFO]: Target tick rate: 20,0 per second. Average time per tick: 36,4ms (Target: 50,0ms) [17:09:33] [Server thread/INFO]: Percentiles: P50: 35,9ms P95: 44,6ms P99: 50,4ms, sample: 100"
"with-umce","2","2026-09-27T15:09:33.5813896+00:00","646522184381b84f3179ea440c481a63331a8f518bdbf22902283a96953672c7","False","100","0","0","0","0","0","True","0","36,5","35,9","44,6","50,4","100","164,46382969765375","146,51130805751856","1611833344","[17:09:33] [Server thread/INFO]: The game is running normally [17:09:33] [Server thread/INFO]: Target tick rate: 20,0 per second. Average time per tick: 36,5ms (Target: 50,0ms) [17:09:33] [Server thread/INFO]: Percentiles: P50: 35,9ms P95: 44,6ms P99: 50,4ms, sample: 100"
"with-umce","2","2026-09-27T15:09:33.7048800+00:00","646522184381b84f3179ea440c481a63331a8f518bdbf22902283a96953672c7","False","100","0","0","0","0","0","True","0","36,6","36","44,6","50,4","100","87,53508406169192","146,51130805751856","1611833344","[17:09:33] [Server thread/INFO]: The game is running normally [17:09:33] [Server thread/INFO]: Target tick rate: 20,0 per second. Average time per tick: 36,6ms (Target: 50,0ms) [17:09:33] [Server thread/INFO]: Percentiles: P50: 36,0ms P95: 44,6ms P99: 50,4ms, sample: 100"
"with-umce","2","2026-09-27T15:09:33.8298426+00:00","646522184381b84f3179ea440c481a63331a8f518bdbf22902283a96953672c7","False","100","0","0","0","0","0","True","0","36,5","35,9","44,2","50,4","100","125,7143592751451","146,51130805751856","1611833344","[17:09:33] [Server thread/INFO]: The game is running normally [17:09:33] [Server thread/INFO]: Target tick rate: 20,0 per second. Average time per tick: 36,5ms (Target: 50,0ms) [17:09:33] [Server thread/INFO]: Percentiles: P50: 35,9ms P95: 44,2ms P99: 50,4ms, sample: 100"
"with-umce","2","2026-09-27T15:09:33.9541175+00:00","646522184381b84f3179ea440c481a63331a8f518bdbf22902283a96953672c7","False","100","0","0","0","0","0","True","0","36,4","36","44,2","50,4","100","114,27463944065764","146,51130805751856","1611833344","[17:09:34] [Server thread/INFO]: The game is running normally [17:09:34] [Server thread/INFO]: Target tick rate: 20,0 per second. Average time per tick: 36,4ms (Target: 50,0ms) [17:09:34] [Server thread/INFO]: Percentiles: P50: 36,0ms P95: 44,2ms P99: 50,4ms, sample: 100"
"with-umce","2","2026-09-27T15:09:34.0772043+00:00","646522184381b84f3179ea440c481a63331a8f518bdbf22902283a96953672c7","False","100","0","0","0","0","0","True","0","36,5","36","44,2","50,4","100","126,96470259381776","146,51130805751856","1611833344","[17:09:34] [Server thread/INFO]: The game is running normally [17:09:34] [Server thread/INFO]: Target tick rate: 20,0 per second. Average time per tick: 36,5ms (Target: 50,0ms) [17:09:34] [Server thread/INFO]: Percentiles: P50: 36,0ms P95: 44,2ms P99: 50,4ms, sample: 100"
"with-umce","2","2026-09-27T15:09:34.2002654+00:00","646522184381b84f3179ea440c481a63331a8f518bdbf22902283a96953672c7","False","100","0","0","0","0","0","True","0","36,4","36","44,2","50,4","100","151,34075804366037","146,51130805751856","1611833344","[17:09:34] [Server thread/INFO]: The game is running normally [17:09:34] [Server thread/INFO]: Target tick rate: 20,0 per second. Average time per tick: 36,4ms (Target: 50,0ms) [17:09:34] [Server thread/INFO]: Percentiles: P50: 36,0ms P95: 44,2ms P99: 50,4ms, sample: 100"
"with-umce","2","2026-09-27T15:09:34.3241765+00:00","646522184381b84f3179ea440c481a63331a8f518bdbf22902283a96953672c7","False","100","0","0","0","0","0","True","0","36,6","36,4","44,2","50,4","100","113,98721397821659","146,51130805751856","1611833344","[17:09:34] [Server thread/INFO]: The game is running normally [17:09:34] [Server thread/INFO]: Target tick rate: 20,0 per second. Average time per tick: 36,6ms (Target: 50,0ms) [17:09:34] [Server thread/INFO]: Percentiles: P50: 36,4ms P95: 44,2ms P99: 50,4ms, sample: 100"
"with-umce","2","2026-09-27T15:09:34.4475102+00:00","646522184381b84f3179ea440c481a63331a8f518bdbf22902283a96953672c7","False","100","0","0","0","0","0","True","0","36,5","36","44,2","50,4","100","112,1078914389033","146,51130805751856","1611833344","[17:09:34] [Server thread/INFO]: The game is running normally [17:09:34] [Server thread/INFO]: Target tick rate: 20,0 per second. Average time per tick: 36,5ms (Target: 50,0ms) [17:09:34] [Server thread/INFO]: Percentiles: P50: 36,0ms P95: 44,2ms P99: 50,4ms, sample: 100"
"with-umce","2","2026-09-27T15:09:34.5729750+00:00","646522184381b84f3179ea440c481a63331a8f518bdbf22902283a96953672c7","False","100","0","0","0","0","0","True","0","36,4","35,8","44,2","50,4","100","112,33320765327642","146,51130805751856","1611833344","[17:09:34] [Server thread/INFO]: The game is running normally [17:09:34] [Server thread/INFO]: Target tick rate: 20,0 per second. Average time per tick: 36,4ms (Target: 50,0ms) [17:09:34] [Server thread/INFO]: Percentiles: P50: 35,8ms P95: 44,2ms P99: 50,4ms, sample: 100"
"with-umce","2","2026-09-27T15:09:34.6981267+00:00","646522184381b84f3179ea440c481a63331a8f518bdbf22902283a96953672c7","False","100","0","0","0","0","0","True","0","36,4","35,8","44,2","50,4","100","187,4118414697726","146,51130805751856","1611833344","[17:09:34] [Server thread/INFO]: The game is running normally [17:09:34] [Server thread/INFO]: Target tick rate: 20,0 per second. Average time per tick: 36,4ms (Target: 50,0ms) [17:09:34] [Server thread/INFO]: Percentiles: P50: 35,8ms P95: 44,2ms P99: 50,4ms, sample: 100"
"with-umce","2","2026-09-27T15:09:34.8232229+00:00","646522184381b84f3179ea440c481a63331a8f518bdbf22902283a96953672c7","False","100","0","0","0","0","0","True","0","36,6","35,8","45,2","50,4","100","113,56102335339544","146,51130805751856","1611833344","[17:09:34] [Server thread/INFO]: The game is running normally [17:09:34] [Server thread/INFO]: Target tick rate: 20,0 per second. Average time per tick: 36,6ms (Target: 50,0ms) [17:09:34] [Server thread/INFO]: Percentiles: P50: 35,8ms P95: 45,2ms P99: 50,4ms, sample: 100"
"with-umce","2","2026-09-27T15:09:34.9470322+00:00","646522184381b84f3179ea440c481a63331a8f518bdbf22902283a96953672c7","False","100","0","0","0","0","0","True","0","36,6","35,9","45,2","50,4","100","124,0524378586604","146,51130805751856","1611833344","[17:09:34] [Server thread/INFO]: The game is running normally [17:09:34] [Server thread/INFO]: Target tick rate: 20,0 per second. Average time per tick: 36,6ms (Target: 50,0ms) [17:09:34] [Server thread/INFO]: Percentiles: P50: 35,9ms P95: 45,2ms P99: 50,4ms, sample: 100"
"with-umce","2","2026-09-27T15:09:35.0729942+00:00","646522184381b84f3179ea440c481a63331a8f518bdbf22902283a96953672c7","False","100","0","0","0","0","0","True","0","36,3","35,8","44,2","50,4","100","112,61360460432483","146,51130805751856","1611833344","[17:09:35] [Server thread/INFO]: The game is running normally [17:09:35] [Server thread/INFO]: Target tick rate: 20,0 per second. Average time per tick: 36,3ms (Target: 50,0ms) [17:09:35] [Server thread/INFO]: Percentiles: P50: 35,8ms P95: 44,2ms P99: 50,4ms, sample: 100"
"with-umce","2","2026-09-27T15:09:35.1978549+00:00","646522184381b84f3179ea440c481a63331a8f518bdbf22902283a96953672c7","False","100","0","0","0","0","0","True","0","36,1","35,7","44,2","50,4","100","177,0330475176932","146,51130805751856","1611833344","[17:09:35] [Server thread/INFO]: The game is running normally [17:09:35] [Server thread/INFO]: Target tick rate: 20,0 per second. Average time per tick: 36,1ms (Target: 50,0ms) [17:09:35] [Server thread/INFO]: Percentiles: P50: 35,7ms P95: 44,2ms P99: 50,4ms, sample: 100"
"with-umce","2","2026-09-27T15:09:35.3214172+00:00","646522184381b84f3179ea440c481a63331a8f518bdbf22902283a96953672c7","False","100","0","0","0","0","0","True","0","36,1","35,7","44,2","50,4","100","175,63960920086586","146,51130805751856","1611833344","[17:09:35] [Server thread/INFO]: The game is running normally [17:09:35] [Server thread/INFO]: Target tick rate: 20,0 per second. Average time per tick: 36,1ms (Target: 50,0ms) [17:09:35] [Server thread/INFO]: Percentiles: P50: 35,7ms P95: 44,2ms P99: 50,4ms, sample: 100"
"with-umce","2","2026-09-27T15:09:35.4459563+00:00","646522184381b84f3179ea440c481a63331a8f518bdbf22902283a96953672c7","False","100","0","0","0","0","0","True","0","36,1","35,5","45,2","50,4","100","126,08931077363559","146,51130805751856","1611833344","[17:09:35] [Server thread/INFO]: The game is running normally [17:09:35] [Server thread/INFO]: Target tick rate: 20,0 per second. Average time per tick: 36,1ms (Target: 50,0ms) [17:09:35] [Server thread/INFO]: Percentiles: P50: 35,5ms P95: 45,2ms P99: 50,4ms, sample: 100"
"with-umce","2","2026-09-27T15:09:35.5698885+00:00","646522184381b84f3179ea440c481a63331a8f518bdbf22902283a96953672c7","False","100","0","0","0","0","0","True","0","36,1","35,5","45,2","50,4","100","150,36122781369963","146,51130805751856","1611833344","[17:09:35] [Server thread/INFO]: The game is running normally [17:09:35] [Server thread/INFO]: Target tick rate: 20,0 per second. Average time per tick: 36,1ms (Target: 50,0ms) [17:09:35] [Server thread/INFO]: Percentiles: P50: 35,5ms P95: 45,2ms P99: 50,4ms, sample: 100"
"with-umce","2","2026-09-27T15:09:35.6946067+00:00","646522184381b84f3179ea440c481a63331a8f518bdbf22902283a96953672c7","False","100","0","0","0","0","0","True","0","36,2","35,6","45,2","50,4","100","90,32548970867501","146,51130805751856","1611833344","[17:09:35] [Server thread/INFO]: The game is running normally [17:09:35] [Server thread/INFO]: Target tick rate: 20,0 per second. Average time per tick: 36,2ms (Target: 50,0ms) [17:09:35] [Server thread/INFO]: Percentiles: P50: 35,6ms P95: 45,2ms P99: 50,4ms, sample: 100"
"with-umce","2","2026-09-27T15:09:35.8329962+00:00","646522184381b84f3179ea440c481a63331a8f518bdbf22902283a96953672c7","False","100","0","0","0","0","0","True","0","36,1","35,4","45,2","50,4","100","87,43410965496402","146,51130805751856","1611833344","[17:09:35] [Server thread/INFO]: The game is running normally [17:09:35] [Server thread/INFO]: Target tick rate: 20,0 per second. Average time per tick: 36,1ms (Target: 50,0ms) [17:09:35] [Server thread/INFO]: Percentiles: P50: 35,4ms P95: 45,2ms P99: 50,4ms, sample: 100"
"with-umce","2","2026-09-27T15:09:35.9581223+00:00","646522184381b84f3179ea440c481a63331a8f518bdbf22902283a96953672c7","False","100","0","0","0","0","0","True","0","36,1","35,5","45,2","50,4","100","126,3230571715924","146,51130805751856","1611833344","[17:09:36] [Server thread/INFO]: The game is running normally [17:09:36] [Server thread/INFO]: Target tick rate: 20,0 per second. Average time per tick: 36,1ms (Target: 50,0ms) [17:09:36] [Server thread/INFO]: Percentiles: P50: 35,5ms P95: 45,2ms P99: 50,4ms, sample: 100"
"with-umce","2","2026-09-27T15:09:36.0817764+00:00","646522184381b84f3179ea440c481a63331a8f518bdbf22902283a96953672c7","False","100","0","0","0","0","0","True","0","36,3","35,5","46,3","50,4","100","150,37015116410555","146,51130805751856","1611833344","[17:09:36] [Server thread/INFO]: The game is running normally [17:09:36] [Server thread/INFO]: Target tick rate: 20,0 per second. Average time per tick: 36,3ms (Target: 50,0ms) [17:09:36] [Server thread/INFO]: Percentiles: P50: 35,5ms P95: 46,3ms P99: 50,4ms, sample: 100"
"with-umce","2","2026-09-27T15:09:36.2064702+00:00","646522184381b84f3179ea440c481a63331a8f518bdbf22902283a96953672c7","False","100","0","0","0","0","0","True","0","36,3","35,7","46,3","50,4","100","163,27483706678413","146,51130805751856","1611833344","[17:09:36] [Server thread/INFO]: The game is running normally [17:09:36] [Server thread/INFO]: Target tick rate: 20,0 per second. Average time per tick: 36,3ms (Target: 50,0ms) [17:09:36] [Server thread/INFO]: Percentiles: P50: 35,7ms P95: 46,3ms P99: 50,4ms, sample: 100"
"with-umce","2","2026-09-27T15:09:36.3308544+00:00","646522184381b84f3179ea440c481a63331a8f518bdbf22902283a96953672c7","False","100","0","0","0","0","0","True","0","36,3","35,7","46,3","50,4","100","150,37413083752378","146,51130805751856","1611833344","[17:09:36] [Server thread/INFO]: The game is running normally [17:09:36] [Server thread/INFO]: Target tick rate: 20,0 per second. Average time per tick: 36,3ms (Target: 50,0ms) [17:09:36] [Server thread/INFO]: Percentiles: P50: 35,7ms P95: 46,3ms P99: 50,4ms, sample: 100"
"with-umce","2","2026-09-27T15:09:36.4555610+00:00","646522184381b84f3179ea440c481a63331a8f518bdbf22902283a96953672c7","False","100","0","0","0","0","0","True","0","36,2","35,7","45,2","49,9","100","164,45224549674091","146,51130805751856","1611833344","[17:09:36] [Server thread/INFO]: The game is running normally [17:09:36] [Server thread/INFO]: Target tick rate: 20,0 per second. Average time per tick: 36,2ms (Target: 50,0ms) [17:09:36] [Server thread/INFO]: Percentiles: P50: 35,7ms P95: 45,2ms P99: 49,9ms, sample: 100"
"with-umce","2","2026-09-27T15:09:36.5790853+00:00","646522184381b84f3179ea440c481a63331a8f518bdbf22902283a96953672c7","False","100","0","0","0","0","0","True","0","36,2","35,7","45,2","49,9","100","150,4517162328174","146,51130805751856","1611833344","[17:09:36] [Server thread/INFO]: The game is running normally [17:09:36] [Server thread/INFO]: Target tick rate: 20,0 per second. Average time per tick: 36,2ms (Target: 50,0ms) [17:09:36] [Server thread/INFO]: Percentiles: P50: 35,7ms P95: 45,2ms P99: 49,9ms, sample: 100"
"with-umce","2","2026-09-27T15:09:36.7036780+00:00","646522184381b84f3179ea440c481a63331a8f518bdbf22902283a96953672c7","False","100","0","0","0","0","0","True","0","36,3","35,9","45,2","49,9","100","124,75278987159047","146,51130805751856","1611833344","[17:09:36] [Server thread/INFO]: The game is running normally [17:09:36] [Server thread/INFO]: Target tick rate: 20,0 per second. Average time per tick: 36,3ms (Target: 50,0ms) [17:09:36] [Server thread/INFO]: Percentiles: P50: 35,9ms P95: 45,2ms P99: 49,9ms, sample: 100"
"with-umce","2","2026-09-27T15:09:36.8289415+00:00","646522184381b84f3179ea440c481a63331a8f518bdbf22902283a96953672c7","False","100","0","0","0","0","0","True","0","36,2","35,8","45,2","49,9","100","137,41051827050225","146,51130805751856","1611833344","[17:09:36] [Server thread/INFO]: The game is running normally [17:09:36] [Server thread/INFO]: Target tick rate: 20,0 per second. Average time per tick: 36,2ms (Target: 50,0ms) [17:09:36] [Server thread/INFO]: Percentiles: P50: 35,8ms P95: 45,2ms P99: 49,9ms, sample: 100"
"with-umce","2","2026-09-27T15:09:36.9540246+00:00","646522184381b84f3179ea440c481a63331a8f518bdbf22902283a96953672c7","False","100","0","0","0","0","0","True","0","36,2","35,8","45,2","49,9","100","137,9478338478035","146,51130805751856","1611833344","[17:09:37] [Server thread/INFO]: The game is running normally [17:09:37] [Server thread/INFO]: Target tick rate: 20,0 per second. Average time per tick: 36,2ms (Target: 50,0ms) [17:09:37] [Server thread/INFO]: Percentiles: P50: 35,8ms P95: 45,2ms P99: 49,9ms, sample: 100"
"with-umce","2","2026-09-27T15:09:37.0786446+00:00","646522184381b84f3179ea440c481a63331a8f518bdbf22902283a96953672c7","False","100","0","0","0","0","0","True","0","36,3","35,9","45,2","49,9","100","151,2004102974334","146,51130805751856","1611833344","[17:09:37] [Server thread/INFO]: The game is running normally [17:09:37] [Server thread/INFO]: Target tick rate: 20,0 per second. Average time per tick: 36,3ms (Target: 50,0ms) [17:09:37] [Server thread/INFO]: Percentiles: P50: 35,9ms P95: 45,2ms P99: 49,9ms, sample: 100"
"with-umce","2","2026-09-27T15:09:37.2026148+00:00","646522184381b84f3179ea440c481a63331a8f518bdbf22902283a96953672c7","False","100","0","0","0","0","0","True","0","36,2","35,8","45,2","49,9","100","161,61178164806225","146,51130805751856","1611833344","[17:09:37] [Server thread/INFO]: The game is running normally [17:09:37] [Server thread/INFO]: Target tick rate: 20,0 per second. Average time per tick: 36,2ms (Target: 50,0ms) [17:09:37] [Server thread/INFO]: Percentiles: P50: 35,8ms P95: 45,2ms P99: 49,9ms, sample: 100"
"with-umce","2","2026-09-27T15:09:37.3283229+00:00","646522184381b84f3179ea440c481a63331a8f518bdbf22902283a96953672c7","False","100","0","0","0","0","0","True","0","36","35,6","45,2","49,9","100","123,67734500161474","146,51130805751856","1611833344","[17:09:37] [Server thread/INFO]: The game is running normally [17:09:37] [Server thread/INFO]: Target tick rate: 20,0 per second. Average time per tick: 36,0ms (Target: 50,0ms) [17:09:37] [Server thread/INFO]: Percentiles: P50: 35,6ms P95: 45,2ms P99: 49,9ms, sample: 100"
"with-umce","2","2026-09-27T15:09:37.4546382+00:00","646522184381b84f3179ea440c481a63331a8f518bdbf22902283a96953672c7","False","100","0","0","0","0","0","True","0","35,9","35,6","45,2","49,9","100","139,4556139657647","146,51130805751856","1611833344","[17:09:37] [Server thread/INFO]: The game is running normally [17:09:37] [Server thread/INFO]: Target tick rate: 20,0 per second. Average time per tick: 35,9ms (Target: 50,0ms) [17:09:37] [Server thread/INFO]: Percentiles: P50: 35,6ms P95: 45,2ms P99: 49,9ms, sample: 100"
"with-umce","2","2026-09-27T15:09:37.5778975+00:00","646522184381b84f3179ea440c481a63331a8f518bdbf22902283a96953672c7","False","100","0","0","0","0","0","True","0","35,8","35,6","45,2","49,9","100","113,49466726390082","146,51130805751856","1611833344","[17:09:37] [Server thread/INFO]: The game is running normally [17:09:37] [Server thread/INFO]: Target tick rate: 20,0 per second. Average time per tick: 35,8ms (Target: 50,0ms) [17:09:37] [Server thread/INFO]: Percentiles: P50: 35,6ms P95: 45,2ms P99: 49,9ms, sample: 100"
"with-umce","2","2026-09-27T15:09:37.7018751+00:00","646522184381b84f3179ea440c481a63331a8f518bdbf22902283a96953672c7","False","100","0","0","0","0","0","True","0","35,6","35,1","45,2","49,9","100","201,8095047433306","146,51130805751856","1611833344","[17:09:37] [Server thread/INFO]: The game is running normally [17:09:37] [Server thread/INFO]: Target tick rate: 20,0 per second. Average time per tick: 35,6ms (Target: 50,0ms) [17:09:37] [Server thread/INFO]: Percentiles: P50: 35,1ms P95: 45,2ms P99: 49,9ms, sample: 100"
"with-umce","2","2026-09-27T15:09:37.8256964+00:00","646522184381b84f3179ea440c481a63331a8f518bdbf22902283a96953672c7","False","100","0","0","0","0","0","True","0","35,7","35,1","45,2","49,9","100","112,42418113224441","146,51130805751856","1611833344","[17:09:37] [Server thread/INFO]: The game is running normally [17:09:37] [Server thread/INFO]: Target tick rate: 20,0 per second. Average time per tick: 35,7ms (Target: 50,0ms) [17:09:37] [Server thread/INFO]: Percentiles: P50: 35,1ms P95: 45,2ms P99: 49,9ms, sample: 100"
"with-umce","2","2026-09-27T15:09:37.9507487+00:00","646522184381b84f3179ea440c481a63331a8f518bdbf22902283a96953672c7","False","100","0","0","0","0","0","True","0","35,5","35","45,2","49,9","100","125,66249266131044","146,51130805751856","1611833344","[17:09:37] [Server thread/INFO]: The game is running normally [17:09:37] [Server thread/INFO]: Target tick rate: 20,0 per second. Average time per tick: 35,5ms (Target: 50,0ms) [17:09:37] [Server thread/INFO]: Percentiles: P50: 35,0ms P95: 45,2ms P99: 49,9ms, sample: 100"
"with-umce","2","2026-09-27T15:09:38.0751167+00:00","646522184381b84f3179ea440c481a63331a8f518bdbf22902283a96953672c7","False","100","0","0","0","0","0","True","0","35,2","34,7","44,9","49,9","100","111,30925808075531","146,51130805751856","1611833344","[17:09:38] [Server thread/INFO]: The game is running normally [17:09:38] [Server thread/INFO]: Target tick rate: 20,0 per second. Average time per tick: 35,2ms (Target: 50,0ms) [17:09:38] [Server thread/INFO]: Percentiles: P50: 34,7ms P95: 44,9ms P99: 49,9ms, sample: 100"
"with-umce","2","2026-09-27T15:09:38.2014408+00:00","646522184381b84f3179ea440c481a63331a8f518bdbf22902283a96953672c7","False","100","0","0","0","0","0","True","0","35,1","34,5","44,9","49,9","100","123,79012483590381","146,51130805751856","1611833344","[17:09:38] [Server thread/INFO]: The game is running normally [17:09:38] [Server thread/INFO]: Target tick rate: 20,0 per second. Average time per tick: 35,1ms (Target: 50,0ms) [17:09:38] [Server thread/INFO]: Percentiles: P50: 34,5ms P95: 44,9ms P99: 49,9ms, sample: 100"
"with-umce","2","2026-09-27T15:09:38.3277064+00:00","646522184381b84f3179ea440c481a63331a8f518bdbf22902283a96953672c7","False","100","0","0","0","0","0","True","0","35,1","34,5","44,9","49,9","100","199,95888845253415","146,51130805751856","1611833344","[17:09:38] [Server thread/INFO]: The game is running normally [17:09:38] [Server thread/INFO]: Target tick rate: 20,0 per second. Average time per tick: 35,1ms (Target: 50,0ms) [17:09:38] [Server thread/INFO]: Percentiles: P50: 34,5ms P95: 44,9ms P99: 49,9ms, sample: 100"
"with-umce","2","2026-09-27T15:09:38.4527204+00:00","646522184381b84f3179ea440c481a63331a8f518bdbf22902283a96953672c7","False","100","0","0","0","0","0","True","0","35,3","34,6","44,9","49,9","100","149,17156081983097","146,51130805751856","1611833344","[17:09:38] [Server thread/INFO]: The game is running normally [17:09:38] [Server thread/INFO]: Target tick rate: 20,0 per second. Average time per tick: 35,3ms (Target: 50,0ms) [17:09:38] [Server thread/INFO]: Percentiles: P50: 34,6ms P95: 44,9ms P99: 49,9ms, sample: 100"
"with-umce","2","2026-09-27T15:09:38.5783840+00:00","646522184381b84f3179ea440c481a63331a8f518bdbf22902283a96953672c7","False","100","0","0","0","0","0","True","0","35,4","34,7","44,9","49,9","100","111,61963362566763","146,51130805751856","1611833344","[17:09:38] [Server thread/INFO]: The game is running normally [17:09:38] [Server thread/INFO]: Target tick rate: 20,0 per second. Average time per tick: 35,4ms (Target: 50,0ms) [17:09:38] [Server thread/INFO]: Percentiles: P50: 34,7ms P95: 44,9ms P99: 49,9ms, sample: 100"
"with-umce","2","2026-09-27T15:09:38.7043611+00:00","646522184381b84f3179ea440c481a63331a8f518bdbf22902283a96953672c7","False","100","0","0","0","0","0","True","0","35,2","34,6","44,9","49,9","100","123,38172529108218","146,51130805751856","1611833344","[17:09:38] [Server thread/INFO]: The game is running normally [17:09:38] [Server thread/INFO]: Target tick rate: 20,0 per second. Average time per tick: 35,2ms (Target: 50,0ms) [17:09:38] [Server thread/INFO]: Percentiles: P50: 34,6ms P95: 44,9ms P99: 49,9ms, sample: 100"
"with-umce","2","2026-09-27T15:09:38.8310250+00:00","646522184381b84f3179ea440c481a63331a8f518bdbf22902283a96953672c7","False","100","0","0","0","0","0","True","0","35,1","34,5","44,9","49,9","100","139,87462350837703","146,51130805751856","1611833344","[17:09:38] [Server thread/INFO]: The game is running normally [17:09:38] [Server thread/INFO]: Target tick rate: 20,0 per second. Average time per tick: 35,1ms (Target: 50,0ms) [17:09:38] [Server thread/INFO]: Percentiles: P50: 34,5ms P95: 44,9ms P99: 49,9ms, sample: 100"
"with-umce","2","2026-09-27T15:09:38.9538947+00:00","646522184381b84f3179ea440c481a63331a8f518bdbf22902283a96953672c7","False","100","0","0","0","0","0","True","0","35,1","34,5","44,9","49,9","100","148,32452615258046","146,51130805751856","1611833344","[17:09:39] [Server thread/INFO]: The game is running normally [17:09:39] [Server thread/INFO]: Target tick rate: 20,0 per second. Average time per tick: 35,1ms (Target: 50,0ms) [17:09:39] [Server thread/INFO]: Percentiles: P50: 34,5ms P95: 44,9ms P99: 49,9ms, sample: 100"
"with-umce","2","2026-09-27T15:09:39.0803210+00:00","646522184381b84f3179ea440c481a63331a8f518bdbf22902283a96953672c7","False","100","0","0","0","0","0","True","0","35,2","34,5","44,9","49,9","100","177,282404589649","146,51130805751856","1611833344","[17:09:39] [Server thread/INFO]: The game is running normally [17:09:39] [Server thread/INFO]: Target tick rate: 20,0 per second. Average time per tick: 35,2ms (Target: 50,0ms) [17:09:39] [Server thread/INFO]: Percentiles: P50: 34,5ms P95: 44,9ms P99: 49,9ms, sample: 100"
"with-umce","2","2026-09-27T15:09:39.2037006+00:00","646522184381b84f3179ea440c481a63331a8f518bdbf22902283a96953672c7","False","100","0","0","0","0","0","True","0","35,2","34,5","44,9","49,9","100","164,98131903833658","146,51130805751856","1611833344","[17:09:39] [Server thread/INFO]: The game is running normally [17:09:39] [Server thread/INFO]: Target tick rate: 20,0 per second. Average time per tick: 35,2ms (Target: 50,0ms) [17:09:39] [Server thread/INFO]: Percentiles: P50: 34,5ms P95: 44,9ms P99: 49,9ms, sample: 100"
"with-umce","2","2026-09-27T15:09:39.3268078+00:00","646522184381b84f3179ea440c481a63331a8f518bdbf22902283a96953672c7","False","100","0","0","0","0","0","True","0","35,2","34,7","44,9","49,9","100","175,6999887552007","146,51130805751856","1611833344","[17:09:39] [Server thread/INFO]: The game is running normally [17:09:39] [Server thread/INFO]: Target tick rate: 20,0 per second. Average time per tick: 35,2ms (Target: 50,0ms) [17:09:39] [Server thread/INFO]: Percentiles: P50: 34,7ms P95: 44,9ms P99: 49,9ms, sample: 100"
"with-umce","2","2026-09-27T15:09:39.4513304+00:00","646522184381b84f3179ea440c481a63331a8f518bdbf22902283a96953672c7","False","100","0","0","0","0","0","True","0","35,3","34,8","44","49,9","100","99,27962702629719","146,51130805751856","1611833344","[17:09:39] [Server thread/INFO]: The game is running normally [17:09:39] [Server thread/INFO]: Target tick rate: 20,0 per second. Average time per tick: 35,3ms (Target: 50,0ms) [17:09:39] [Server thread/INFO]: Percentiles: P50: 34,8ms P95: 44,0ms P99: 49,9ms, sample: 100"
"with-umce","2","2026-09-27T15:09:39.5772303+00:00","646522184381b84f3179ea440c481a63331a8f518bdbf22902283a96953672c7","False","100","0","0","0","0","0","True","0","35,5","35","44,9","49,9","100","212,31944354520914","146,51130805751856","1611833344","[17:09:39] [Server thread/INFO]: The game is running normally [17:09:39] [Server thread/INFO]: Target tick rate: 20,0 per second. Average time per tick: 35,5ms (Target: 50,0ms) [17:09:39] [Server thread/INFO]: Percentiles: P50: 35,0ms P95: 44,9ms P99: 49,9ms, sample: 100"
"with-umce","2","2026-09-27T15:09:39.7023796+00:00","646522184381b84f3179ea440c481a63331a8f518bdbf22902283a96953672c7","False","100","0","0","0","0","0","True","0","35,6","35,4","44,9","49,9","100","160,87312228891665","146,51130805751856","1611833344","[17:09:39] [Server thread/INFO]: The game is running normally [17:09:39] [Server thread/INFO]: Target tick rate: 20,0 per second. Average time per tick: 35,6ms (Target: 50,0ms) [17:09:39] [Server thread/INFO]: Percentiles: P50: 35,4ms P95: 44,9ms P99: 49,9ms, sample: 100"
"with-umce","2","2026-09-27T15:09:39.8286794+00:00","646522184381b84f3179ea440c481a63331a8f518bdbf22902283a96953672c7","False","100","0","0","0","0","0","True","0","35,8","35,4","45,2","59,7","100","204,0829654397743","146,51130805751856","1611833344","[17:09:39] [Server thread/INFO]: The game is running normally [17:09:39] [Server thread/INFO]: Target tick rate: 20,0 per second. Average time per tick: 35,8ms (Target: 50,0ms) [17:09:39] [Server thread/INFO]: Percentiles: P50: 35,4ms P95: 45,2ms P99: 59,7ms, sample: 100"
"with-umce","2","2026-09-27T15:09:39.9511413+00:00","646522184381b84f3179ea440c481a63331a8f518bdbf22902283a96953672c7","False","100","0","0","0","0","0","True","0","36,3","35,6","47","62,9","100","150,48963307015705","146,51130805751856","1611833344","[17:09:39] [Server thread/INFO]: The game is running normally [17:09:39] [Server thread/INFO]: Target tick rate: 20,0 per second. Average time per tick: 36,3ms (Target: 50,0ms) [17:09:39] [Server thread/INFO]: Percentiles: P50: 35,6ms P95: 47,0ms P99: 62,9ms, sample: 100"
"with-umce","2","2026-09-27T15:09:40.0756877+00:00","646522184381b84f3179ea440c481a63331a8f518bdbf22902283a96953672c7","False","100","0","0","0","0","0","True","0","36,4","36,1","47","62,9","100","98,83720010816744","146,51130805751856","1611833344","[17:09:40] [Server thread/INFO]: The game is running normally [17:09:40] [Server thread/INFO]: Target tick rate: 20,0 per second. Average time per tick: 36,4ms (Target: 50,0ms) [17:09:40] [Server thread/INFO]: Percentiles: P50: 36,1ms P95: 47,0ms P99: 62,9ms, sample: 100"
"with-umce","2","2026-09-27T15:09:40.2021681+00:00","646522184381b84f3179ea440c481a63331a8f518bdbf22902283a96953672c7","False","100","0","0","0","0","0","True","0","36,4","35,9","47","62,9","100","162,44398931248506","146,51130805751856","1611833344","[17:09:40] [Server thread/INFO]: The game is running normally [17:09:40] [Server thread/INFO]: Target tick rate: 20,0 per second. Average time per tick: 36,4ms (Target: 50,0ms) [17:09:40] [Server thread/INFO]: Percentiles: P50: 35,9ms P95: 47,0ms P99: 62,9ms, sample: 100"
"with-umce","2","2026-09-27T15:09:40.3272211+00:00","646522184381b84f3179ea440c481a63331a8f518bdbf22902283a96953672c7","False","100","0","0","0","0","0","True","0","36,4","35,8","47","62,9","100","136,8536130150075","146,51130805751856","1611833344","[17:09:40] [Server thread/INFO]: The game is running normally [17:09:40] [Server thread/INFO]: Target tick rate: 20,0 per second. Average time per tick: 36,4ms (Target: 50,0ms) [17:09:40] [Server thread/INFO]: Percentiles: P50: 35,8ms P95: 47,0ms P99: 62,9ms, sample: 100"
"with-umce","2","2026-09-27T15:09:40.4527847+00:00","646522184381b84f3179ea440c481a63331a8f518bdbf22902283a96953672c7","False","100","0","0","0","0","0","True","0","36,2","35,8","45,4","62,9","100","189,86326604511677","146,51130805751856","1611833344","[17:09:40] [Server thread/INFO]: The game is running normally [17:09:40] [Server thread/INFO]: Target tick rate: 20,0 per second. Average time per tick: 36,2ms (Target: 50,0ms) [17:09:40] [Server thread/INFO]: Percentiles: P50: 35,8ms P95: 45,4ms P99: 62,9ms, sample: 100"
"with-umce","2","2026-09-27T15:09:40.5762795+00:00","646522184381b84f3179ea440c481a63331a8f518bdbf22902283a96953672c7","False","100","0","0","0","0","0","True","0","36,3","35,8","45,4","62,9","100","126,93767827127537","146,51130805751856","1611833344","[17:09:40] [Server thread/INFO]: The game is running normally [17:09:40] [Server thread/INFO]: Target tick rate: 20,0 per second. Average time per tick: 36,3ms (Target: 50,0ms) [17:09:40] [Server thread/INFO]: Percentiles: P50: 35,8ms P95: 45,4ms P99: 62,9ms, sample: 100"
"with-umce","2","2026-09-27T15:09:40.6993205+00:00","646522184381b84f3179ea440c481a63331a8f518bdbf22902283a96953672c7","False","100","0","0","0","0","0","True","0","36,2","35,1","45,4","62,9","100","151,88027783965492","146,51130805751856","1611833344","[17:09:40] [Server thread/INFO]: The game is running normally [17:09:40] [Server thread/INFO]: Target tick rate: 20,0 per second. Average time per tick: 36,2ms (Target: 50,0ms) [17:09:40] [Server thread/INFO]: Percentiles: P50: 35,1ms P95: 45,4ms P99: 62,9ms, sample: 100"
"with-umce","2","2026-09-27T15:09:40.8227877+00:00","646522184381b84f3179ea440c481a63331a8f518bdbf22902283a96953672c7","False","100","0","0","0","0","0","True","0","36,4","36,2","45,4","62,9","100","125,31659985788095","146,51130805751856","1611833344","[17:09:40] [Server thread/INFO]: The game is running normally [17:09:40] [Server thread/INFO]: Target tick rate: 20,0 per second. Average time per tick: 36,4ms (Target: 50,0ms) [17:09:40] [Server thread/INFO]: Percentiles: P50: 36,2ms P95: 45,4ms P99: 62,9ms, sample: 100"
"with-umce","2","2026-09-27T15:09:40.9474646+00:00","646522184381b84f3179ea440c481a63331a8f518bdbf22902283a96953672c7","False","100","0","0","0","0","0","True","0","36,3","35,9","45,4","62,9","100","113,44293769814699","146,51130805751856","1611833344","[17:09:40] [Server thread/INFO]: The game is running normally [17:09:40] [Server thread/INFO]: Target tick rate: 20,0 per second. Average time per tick: 36,3ms (Target: 50,0ms) [17:09:40] [Server thread/INFO]: Percentiles: P50: 35,9ms P95: 45,4ms P99: 62,9ms, sample: 100"
"with-umce","2","2026-09-27T15:09:41.0714317+00:00","646522184381b84f3179ea440c481a63331a8f518bdbf22902283a96953672c7","False","100","0","0","0","0","0","True","0","36,1","35,1","44,9","62,9","100","125,99617616724873","146,51130805751856","1611833344","[17:09:41] [Server thread/INFO]: The game is running normally [17:09:41] [Server thread/INFO]: Target tick rate: 20,0 per second. Average time per tick: 36,1ms (Target: 50,0ms) [17:09:41] [Server thread/INFO]: Percentiles: P50: 35,1ms P95: 44,9ms P99: 62,9ms, sample: 100"
"with-umce","2","2026-09-27T15:09:41.1954615+00:00","646522184381b84f3179ea440c481a63331a8f518bdbf22902283a96953672c7","False","100","0","0","0","0","0","True","0","35,9","35","44,9","62,9","100","89,52904143045922","146,51130805751856","1611833344","[17:09:41] [Server thread/INFO]: The game is running normally [17:09:41] [Server thread/INFO]: Target tick rate: 20,0 per second. Average time per tick: 35,9ms (Target: 50,0ms) [17:09:41] [Server thread/INFO]: Percentiles: P50: 35,0ms P95: 44,9ms P99: 62,9ms, sample: 100"
"with-umce","2","2026-09-27T15:09:41.3350755+00:00","646522184381b84f3179ea440c481a63331a8f518bdbf22902283a96953672c7","False","100","0","0","0","0","0","True","0","35,9","34,9","44,9","62,9","100","124,98809204359438","146,51130805751856","1611833344","[17:09:41] [Server thread/INFO]: The game is running normally [17:09:41] [Server thread/INFO]: Target tick rate: 20,0 per second. Average time per tick: 35,9ms (Target: 50,0ms) [17:09:41] [Server thread/INFO]: Percentiles: P50: 34,9ms P95: 44,9ms P99: 62,9ms, sample: 100"
"without-umce","2","2026-09-27T15:10:51.4792556+00:00",,"False","100","0","0","0","0","0","True","0","36,3","36,3","45,7","49,5","100","163,53313694596986","139,2796218639557","1641861120","[17:10:51] [Server thread/INFO]: The game is running normally [17:10:51] [Server thread/INFO]: Target tick rate: 20,0 per second. Average time per tick: 36,3ms (Target: 50,0ms) [17:10:51] [Server thread/INFO]: Percentiles: P50: 36,3ms P95: 45,7ms P99: 49,5ms, sample: 100"
"without-umce","2","2026-09-27T15:10:51.6149627+00:00",,"False","100","0","0","0","0","0","True","0","36,3","36,5","45,7","49,5","100","148,20951955672493","139,2796218639557","1641861120","[17:10:51] [Server thread/INFO]: The game is running normally [17:10:51] [Server thread/INFO]: Target tick rate: 20,0 per second. Average time per tick: 36,3ms (Target: 50,0ms) [17:10:51] [Server thread/INFO]: Percentiles: P50: 36,5ms P95: 45,7ms P99: 49,5ms, sample: 100"
"without-umce","2","2026-09-27T15:10:51.7406075+00:00",,"False","100","0","0","0","0","0","True","0","36,3","36,5","45,7","49,5","100","157,60131873578885","139,2796218639557","1641861120","[17:10:51] [Server thread/INFO]: The game is running normally [17:10:51] [Server thread/INFO]: Target tick rate: 20,0 per second. Average time per tick: 36,3ms (Target: 50,0ms) [17:10:51] [Server thread/INFO]: Percentiles: P50: 36,5ms P95: 45,7ms P99: 49,5ms, sample: 100"
"without-umce","2","2026-09-27T15:10:51.8794145+00:00",,"False","100","0","0","0","0","0","True","0","36,5","36,6","45,7","49,5","100","126,57602338233818","139,2796218639557","1641861120","[17:10:51] [Server thread/INFO]: The game is running normally [17:10:51] [Server thread/INFO]: Target tick rate: 20,0 per second. Average time per tick: 36,5ms (Target: 50,0ms) [17:10:51] [Server thread/INFO]: Percentiles: P50: 36,6ms P95: 45,7ms P99: 49,5ms, sample: 100"
"without-umce","2","2026-09-27T15:10:52.0028710+00:00",,"False","100","0","0","0","0","0","True","0","36,5","36,6","45,7","49,5","100","163,08357827650462","139,2796218639557","1641861120","[17:10:52] [Server thread/INFO]: The game is running normally [17:10:52] [Server thread/INFO]: Target tick rate: 20,0 per second. Average time per tick: 36,5ms (Target: 50,0ms) [17:10:52] [Server thread/INFO]: Percentiles: P50: 36,6ms P95: 45,7ms P99: 49,5ms, sample: 100"
"without-umce","2","2026-09-27T15:10:52.1274075+00:00",,"False","100","0","0","0","0","0","True","0","36,6","36,6","46,4","49,5","100","174,70356299431126","139,2796218639557","1641861120","[17:10:52] [Server thread/INFO]: The game is running normally [17:10:52] [Server thread/INFO]: Target tick rate: 20,0 per second. Average time per tick: 36,6ms (Target: 50,0ms) [17:10:52] [Server thread/INFO]: Percentiles: P50: 36,6ms P95: 46,4ms P99: 49,5ms, sample: 100"
"without-umce","2","2026-09-27T15:10:52.2526293+00:00",,"False","100","0","0","0","0","0","True","0","36,7","36,7","46,4","49,5","100","125,5806850878462","139,2796218639557","1641861120","[17:10:52] [Server thread/INFO]: The game is running normally [17:10:52] [Server thread/INFO]: Target tick rate: 20,0 per second. Average time per tick: 36,7ms (Target: 50,0ms) [17:10:52] [Server thread/INFO]: Percentiles: P50: 36,7ms P95: 46,4ms P99: 49,5ms, sample: 100"
"without-umce","2","2026-09-27T15:10:52.3770415+00:00",,"False","100","0","0","0","0","0","True","0","36,7","36,7","46,4","49,5","100","176,08184686715177","139,2796218639557","1641861120","[17:10:52] [Server thread/INFO]: The game is running normally [17:10:52] [Server thread/INFO]: Target tick rate: 20,0 per second. Average time per tick: 36,7ms (Target: 50,0ms) [17:10:52] [Server thread/INFO]: Percentiles: P50: 36,7ms P95: 46,4ms P99: 49,5ms, sample: 100"
"without-umce","2","2026-09-27T15:10:52.5012884+00:00",,"False","100","0","0","0","0","0","True","0","36,8","36,7","46,4","49,5","100","153,2120601996741","139,2796218639557","1641861120","[17:10:52] [Server thread/INFO]: The game is running normally [17:10:52] [Server thread/INFO]: Target tick rate: 20,0 per second. Average time per tick: 36,8ms (Target: 50,0ms) [17:10:52] [Server thread/INFO]: Percentiles: P50: 36,7ms P95: 46,4ms P99: 49,5ms, sample: 100"
"without-umce","2","2026-09-27T15:10:52.6236660+00:00",,"False","100","0","0","0","0","0","True","0","36,9","36,8","46,4","49,5","100","203,39507051707093","139,2796218639557","1641861120","[17:10:52] [Server thread/INFO]: The game is running normally [17:10:52] [Server thread/INFO]: Target tick rate: 20,0 per second. Average time per tick: 36,9ms (Target: 50,0ms) [17:10:52] [Server thread/INFO]: Percentiles: P50: 36,8ms P95: 46,4ms P99: 49,5ms, sample: 100"
"without-umce","2","2026-09-27T15:10:52.7465649+00:00",,"False","100","0","0","0","0","0","True","0","37,1","36,9","46,6","53,8","100","139,64982527013862","139,2796218639557","1641861120","[17:10:52] [Server thread/INFO]: The game is running normally [17:10:52] [Server thread/INFO]: Target tick rate: 20,0 per second. Average time per tick: 37,1ms (Target: 50,0ms) [17:10:52] [Server thread/INFO]: Percentiles: P50: 36,9ms P95: 46,6ms P99: 53,8ms, sample: 100"
"without-umce","2","2026-09-27T15:10:52.8696422+00:00",,"False","100","0","0","0","0","0","True","0","37,3","37,2","46,6","53,8","100","188,65061784838085","139,2796218639557","1641861120","[17:10:52] [Server thread/INFO]: The game is running normally [17:10:52] [Server thread/INFO]: Target tick rate: 20,0 per second. Average time per tick: 37,3ms (Target: 50,0ms) [17:10:52] [Server thread/INFO]: Percentiles: P50: 37,2ms P95: 46,6ms P99: 53,8ms, sample: 100"
"without-umce","2","2026-09-27T15:10:52.9938735+00:00",,"False","100","0","0","0","0","0","True","0","37,4","37,6","46,6","53,8","100","125,63167606726621","139,2796218639557","1641861120","[17:10:53] [Server thread/INFO]: The game is running normally [17:10:53] [Server thread/INFO]: Target tick rate: 20,0 per second. Average time per tick: 37,4ms (Target: 50,0ms) [17:10:53] [Server thread/INFO]: Percentiles: P50: 37,6ms P95: 46,6ms P99: 53,8ms, sample: 100"
"without-umce","2","2026-09-27T15:10:53.1182559+00:00",,"False","100","0","0","0","0","0","True","0","37,3","37,6","46,4","53,8","100","175,43733017666437","139,2796218639557","1641861120","[17:10:53] [Server thread/INFO]: The game is running normally [17:10:53] [Server thread/INFO]: Target tick rate: 20,0 per second. Average time per tick: 37,3ms (Target: 50,0ms) [17:10:53] [Server thread/INFO]: Percentiles: P50: 37,6ms P95: 46,4ms P99: 53,8ms, sample: 100"
"without-umce","2","2026-09-27T15:10:53.2429428+00:00",,"False","100","0","0","0","0","0","True","0","37,3","37,6","46,4","53,8","100","113,41558130475704","139,2796218639557","1641861120","[17:10:53] [Server thread/INFO]: The game is running normally [17:10:53] [Server thread/INFO]: Target tick rate: 20,0 per second. Average time per tick: 37,3ms (Target: 50,0ms) [17:10:53] [Server thread/INFO]: Percentiles: P50: 37,6ms P95: 46,4ms P99: 53,8ms, sample: 100"
"without-umce","2","2026-09-27T15:10:53.3669260+00:00",,"False","100","0","0","0","0","0","True","0","37,3","37","46,4","53,8","100","149,97792324969765","139,2796218639557","1641861120","[17:10:53] [Server thread/INFO]: The game is running normally [17:10:53] [Server thread/INFO]: Target tick rate: 20,0 per second. Average time per tick: 37,3ms (Target: 50,0ms) [17:10:53] [Server thread/INFO]: Percentiles: P50: 37,0ms P95: 46,4ms P99: 53,8ms, sample: 100"
"without-umce","2","2026-09-27T15:10:53.4919656+00:00",,"False","100","0","0","0","0","0","True","0","37,4","37,6","46,4","53,8","100","160,07707341676388","139,2796218639557","1641861120","[17:10:53] [Server thread/INFO]: The game is running normally [17:10:53] [Server thread/INFO]: Target tick rate: 20,0 per second. Average time per tick: 37,4ms (Target: 50,0ms) [17:10:53] [Server thread/INFO]: Percentiles: P50: 37,6ms P95: 46,4ms P99: 53,8ms, sample: 100"
"without-umce","2","2026-09-27T15:10:53.6188831+00:00",,"False","100","0","0","0","0","0","True","0","37,4","37,6","46,4","53,8","100","163,06538028652946","139,2796218639557","1641861120","[17:10:53] [Server thread/INFO]: The game is running normally [17:10:53] [Server thread/INFO]: Target tick rate: 20,0 per second. Average time per tick: 37,4ms (Target: 50,0ms) [17:10:53] [Server thread/INFO]: Percentiles: P50: 37,6ms P95: 46,4ms P99: 53,8ms, sample: 100"
"without-umce","2","2026-09-27T15:10:53.7434156+00:00",,"False","100","0","0","0","0","0","True","0","37,2","37","45,3","53,8","100","165,89907292535298","139,2796218639557","1641861120","[17:10:53] [Server thread/INFO]: The game is running normally [17:10:53] [Server thread/INFO]: Target tick rate: 20,0 per second. Average time per tick: 37,2ms (Target: 50,0ms) [17:10:53] [Server thread/INFO]: Percentiles: P50: 37,0ms P95: 45,3ms P99: 53,8ms, sample: 100"
"without-umce","2","2026-09-27T15:10:53.8658364+00:00",,"False","100","0","0","0","0","0","True","0","37,5","37,6","45,7","53,8","100","147,36491579614054","139,2796218639557","1641861120","[17:10:53] [Server thread/INFO]: The game is running normally [17:10:53] [Server thread/INFO]: Target tick rate: 20,0 per second. Average time per tick: 37,5ms (Target: 50,0ms) [17:10:53] [Server thread/INFO]: Percentiles: P50: 37,6ms P95: 45,7ms P99: 53,8ms, sample: 100"
"without-umce","2","2026-09-27T15:10:54.0036854+00:00",,"False","100","0","0","0","0","0","True","0","37,5","37,6","45,7","53,8","100","88,71741586750018","139,2796218639557","1641861120","[17:10:54] [Server thread/INFO]: The game is running normally [17:10:54] [Server thread/INFO]: Target tick rate: 20,0 per second. Average time per tick: 37,5ms (Target: 50,0ms) [17:10:54] [Server thread/INFO]: Percentiles: P50: 37,6ms P95: 45,7ms P99: 53,8ms, sample: 100"
"without-umce","2","2026-09-27T15:10:54.1269927+00:00",,"False","100","0","0","0","0","0","True","0","37,6","37,7","45,7","53,8","100","139,24276241437838","139,2796218639557","1641861120","[17:10:54] [Server thread/INFO]: The game is running normally [17:10:54] [Server thread/INFO]: Target tick rate: 20,0 per second. Average time per tick: 37,6ms (Target: 50,0ms) [17:10:54] [Server thread/INFO]: Percentiles: P50: 37,7ms P95: 45,7ms P99: 53,8ms, sample: 100"
"without-umce","2","2026-09-27T15:10:54.2504236+00:00",,"False","100","0","0","0","0","0","True","0","37,6","37,7","45,7","53,8","100","126,11516069694669","139,2796218639557","1641861120","[17:10:54] [Server thread/INFO]: The game is running normally [17:10:54] [Server thread/INFO]: Target tick rate: 20,0 per second. Average time per tick: 37,6ms (Target: 50,0ms) [17:10:54] [Server thread/INFO]: Percentiles: P50: 37,7ms P95: 45,7ms P99: 53,8ms, sample: 100"
"without-umce","2","2026-09-27T15:10:54.3743057+00:00",,"False","100","0","0","0","0","0","True","0","37,7","37,7","45,7","53,8","100","188,67385324535127","139,2796218639557","1641861120","[17:10:54] [Server thread/INFO]: The game is running normally [17:10:54] [Server thread/INFO]: Target tick rate: 20,0 per second. Average time per tick: 37,7ms (Target: 50,0ms) [17:10:54] [Server thread/INFO]: Percentiles: P50: 37,7ms P95: 45,7ms P99: 53,8ms, sample: 100"
"without-umce","2","2026-09-27T15:10:54.4985258+00:00",,"False","100","0","0","0","0","0","True","0","37,7","37,7","45,7","53,8","100","136,04852549123908","139,2796218639557","1641861120","[17:10:54] [Server thread/INFO]: The game is running normally [17:10:54] [Server thread/INFO]: Target tick rate: 20,0 per second. Average time per tick: 37,7ms (Target: 50,0ms) [17:10:54] [Server thread/INFO]: Percentiles: P50: 37,7ms P95: 45,7ms P99: 53,8ms, sample: 100"
"without-umce","2","2026-09-27T15:10:54.6248753+00:00",,"False","100","0","0","0","0","0","True","0","37,5","37,6","45,7","53,8","100","226,91699477183244","139,2796218639557","1641861120","[17:10:54] [Server thread/INFO]: The game is running normally [17:10:54] [Server thread/INFO]: Target tick rate: 20,0 per second. Average time per tick: 37,5ms (Target: 50,0ms) [17:10:54] [Server thread/INFO]: Percentiles: P50: 37,6ms P95: 45,7ms P99: 53,8ms, sample: 100"
"without-umce","2","2026-09-27T15:10:54.7487909+00:00",,"False","100","0","0","0","0","0","True","0","37,5","37,6","45,3","53,8","100","139,92108247426876","139,2796218639557","1641861120","[17:10:54] [Server thread/INFO]: The game is running normally [17:10:54] [Server thread/INFO]: Target tick rate: 20,0 per second. Average time per tick: 37,5ms (Target: 50,0ms) [17:10:54] [Server thread/INFO]: Percentiles: P50: 37,6ms P95: 45,3ms P99: 53,8ms, sample: 100"
"without-umce","2","2026-09-27T15:10:54.8716586+00:00",,"False","100","0","0","0","0","0","True","0","37,6","37,6","45,3","53,8","100","138,28557268128785","139,2796218639557","1641861120","[17:10:54] [Server thread/INFO]: The game is running normally [17:10:54] [Server thread/INFO]: Target tick rate: 20,0 per second. Average time per tick: 37,6ms (Target: 50,0ms) [17:10:54] [Server thread/INFO]: Percentiles: P50: 37,6ms P95: 45,3ms P99: 53,8ms, sample: 100"
"without-umce","2","2026-09-27T15:10:54.9959569+00:00",,"False","100","0","0","0","0","0","True","0","37,5","37,6","45,3","53,8","100","127,04377867632172","139,2796218639557","1641861120","[17:10:54] [Server thread/INFO]: The game is running normally [17:10:54] [Server thread/INFO]: Target tick rate: 20,0 per second. Average time per tick: 37,5ms (Target: 50,0ms) [17:10:54] [Server thread/INFO]: Percentiles: P50: 37,6ms P95: 45,3ms P99: 53,8ms, sample: 100"
"without-umce","2","2026-09-27T15:10:55.1189261+00:00",,"False","100","0","0","0","0","0","True","0","37,7","37,6","46,4","53,8","100","175,44535047765248","139,2796218639557","1641861120","[17:10:55] [Server thread/INFO]: The game is running normally [17:10:55] [Server thread/INFO]: Target tick rate: 20,0 per second. Average time per tick: 37,7ms (Target: 50,0ms) [17:10:55] [Server thread/INFO]: Percentiles: P50: 37,6ms P95: 46,4ms P99: 53,8ms, sample: 100"
"without-umce","2","2026-09-27T15:10:55.2436044+00:00",,"False","100","0","0","0","0","0","True","0","37,7","37,6","46,4","53,8","100","87,81127340195525","139,2796218639557","1641861120","[17:10:55] [Server thread/INFO]: The game is running normally [17:10:55] [Server thread/INFO]: Target tick rate: 20,0 per second. Average time per tick: 37,7ms (Target: 50,0ms) [17:10:55] [Server thread/INFO]: Percentiles: P50: 37,6ms P95: 46,4ms P99: 53,8ms, sample: 100"
"without-umce","2","2026-09-27T15:10:55.3681651+00:00",,"False","100","0","0","0","0","0","True","0","37,7","37,6","46,4","53,8","100","202,23641112882703","139,2796218639557","1641861120","[17:10:55] [Server thread/INFO]: The game is running normally [17:10:55] [Server thread/INFO]: Target tick rate: 20,0 per second. Average time per tick: 37,7ms (Target: 50,0ms) [17:10:55] [Server thread/INFO]: Percentiles: P50: 37,6ms P95: 46,4ms P99: 53,8ms, sample: 100"
"without-umce","2","2026-09-27T15:10:55.4917786+00:00",,"False","100","0","0","0","0","0","True","0","37,8","37,6","46,4","53,8","100","100,39064005859602","139,2796218639557","1641861120","[17:10:55] [Server thread/INFO]: The game is running normally [17:10:55] [Server thread/INFO]: Target tick rate: 20,0 per second. Average time per tick: 37,8ms (Target: 50,0ms) [17:10:55] [Server thread/INFO]: Percentiles: P50: 37,6ms P95: 46,4ms P99: 53,8ms, sample: 100"
"without-umce","2","2026-09-27T15:10:55.6162952+00:00",,"False","100","0","0","0","0","0","True","0","37,8","37,6","46,4","53,8","100","187,02809072149154","139,2796218639557","1641861120","[17:10:55] [Server thread/INFO]: The game is running normally [17:10:55] [Server thread/INFO]: Target tick rate: 20,0 per second. Average time per tick: 37,8ms (Target: 50,0ms) [17:10:55] [Server thread/INFO]: Percentiles: P50: 37,6ms P95: 46,4ms P99: 53,8ms, sample: 100"
"without-umce","2","2026-09-27T15:10:55.7416070+00:00",,"False","100","0","0","0","0","0","True","0","37,8","37,6","46,4","53,8","100","138,32897789875165","139,2796218639557","1641861120","[17:10:55] [Server thread/INFO]: The game is running normally [17:10:55] [Server thread/INFO]: Target tick rate: 20,0 per second. Average time per tick: 37,8ms (Target: 50,0ms) [17:10:55] [Server thread/INFO]: Percentiles: P50: 37,6ms P95: 46,4ms P99: 53,8ms, sample: 100"
"without-umce","2","2026-09-27T15:10:55.8658914+00:00",,"False","100","0","0","0","0","0","True","0","37,8","37,7","46,4","53,8","100","125,42816157234336","139,2796218639557","1641861120","[17:10:55] [Server thread/INFO]: The game is running normally [17:10:55] [Server thread/INFO]: Target tick rate: 20,0 per second. Average time per tick: 37,8ms (Target: 50,0ms) [17:10:55] [Server thread/INFO]: Percentiles: P50: 37,7ms P95: 46,4ms P99: 53,8ms, sample: 100"
"without-umce","2","2026-09-27T15:10:55.9904361+00:00",,"False","100","0","0","0","0","0","True","0","37,7","37,7","46,4","53,8","100","166,29452169970565","139,2796218639557","1641861120","[17:10:56] [Server thread/INFO]: The game is running normally [17:10:56] [Server thread/INFO]: Target tick rate: 20,0 per second. Average time per tick: 37,7ms (Target: 50,0ms) [17:10:56] [Server thread/INFO]: Percentiles: P50: 37,7ms P95: 46,4ms P99: 53,8ms, sample: 100"
"without-umce","2","2026-09-27T15:10:56.1313869+00:00",,"False","100","0","0","0","0","0","True","0","37,8","37,7","47,1","53,8","100","225,03951693917452","139,2796218639557","1641861120","[17:10:56] [Server thread/INFO]: The game is running normally [17:10:56] [Server thread/INFO]: Target tick rate: 20,0 per second. Average time per tick: 37,8ms (Target: 50,0ms) [17:10:56] [Server thread/INFO]: Percentiles: P50: 37,7ms P95: 47,1ms P99: 53,8ms, sample: 100"
"without-umce","2","2026-09-27T15:10:56.2702324+00:00",,"False","100","0","0","0","0","0","True","0","38","37,8","47,7","53,8","100","179,18431205511095","139,2796218639557","1641861120","[17:10:56] [Server thread/INFO]: The game is running normally [17:10:56] [Server thread/INFO]: Target tick rate: 20,0 per second. Average time per tick: 38,0ms (Target: 50,0ms) [17:10:56] [Server thread/INFO]: Percentiles: P50: 37,8ms P95: 47,7ms P99: 53,8ms, sample: 100"
"without-umce","2","2026-09-27T15:10:56.3923189+00:00",,"False","100","0","0","0","0","0","True","0","38","37,8","47,7","53,8","100","88,06303985159516","139,2796218639557","1641861120","[17:10:56] [Server thread/INFO]: The game is running normally [17:10:56] [Server thread/INFO]: Target tick rate: 20,0 per second. Average time per tick: 38,0ms (Target: 50,0ms) [17:10:56] [Server thread/INFO]: Percentiles: P50: 37,8ms P95: 47,7ms P99: 53,8ms, sample: 100"
"without-umce","2","2026-09-27T15:10:56.5166628+00:00",,"False","100","0","0","0","0","0","True","0","38","37,8","47,7","53,8","100","148,58052113330092","139,2796218639557","1641861120","[17:10:56] [Server thread/INFO]: The game is running normally [17:10:56] [Server thread/INFO]: Target tick rate: 20,0 per second. Average time per tick: 38,0ms (Target: 50,0ms) [17:10:56] [Server thread/INFO]: Percentiles: P50: 37,8ms P95: 47,7ms P99: 53,8ms, sample: 100"
"without-umce","2","2026-09-27T15:10:56.6427589+00:00",,"False","100","0","0","0","0","0","True","0","37,8","37,2","47,7","53,8","100","110,73183407351412","139,2796218639557","1641861120","[17:10:56] [Server thread/INFO]: The game is running normally [17:10:56] [Server thread/INFO]: Target tick rate: 20,0 per second. Average time per tick: 37,8ms (Target: 50,0ms) [17:10:56] [Server thread/INFO]: Percentiles: P50: 37,2ms P95: 47,7ms P99: 53,8ms, sample: 100"
"without-umce","2","2026-09-27T15:10:56.7696997+00:00",,"False","100","0","0","0","0","0","True","0","37,5","36,9","47,1","53,8","100","177,724589039816","139,2796218639557","1641861120","[17:10:56] [Server thread/INFO]: The game is running normally [17:10:56] [Server thread/INFO]: Target tick rate: 20,0 per second. Average time per tick: 37,5ms (Target: 50,0ms) [17:10:56] [Server thread/INFO]: Percentiles: P50: 36,9ms P95: 47,1ms P99: 53,8ms, sample: 100"
"without-umce","2","2026-09-27T15:10:56.8927920+00:00",,"False","100","0","0","0","0","0","True","0","37,4","36,8","47,1","53,8","100","49,869660654912316","139,2796218639557","1641861120","[17:10:56] [Server thread/INFO]: The game is running normally [17:10:56] [Server thread/INFO]: Target tick rate: 20,0 per second. Average time per tick: 37,4ms (Target: 50,0ms) [17:10:56] [Server thread/INFO]: Percentiles: P50: 36,8ms P95: 47,1ms P99: 53,8ms, sample: 100"
"without-umce","2","2026-09-27T15:10:57.0181009+00:00",,"False","100","0","0","0","0","0","True","0","37,2","36,8","47,1","53,8","100","137,73127836262654","139,2796218639557","1641861120","[17:10:57] [Server thread/INFO]: The game is running normally [17:10:57] [Server thread/INFO]: Target tick rate: 20,0 per second. Average time per tick: 37,2ms (Target: 50,0ms) [17:10:57] [Server thread/INFO]: Percentiles: P50: 36,8ms P95: 47,1ms P99: 53,8ms, sample: 100"
"without-umce","2","2026-09-27T15:10:57.1428992+00:00",,"False","100","0","0","0","0","0","True","0","37,1","36,6","46,4","53,8","100","101,91427623334619","139,2796218639557","1641861120","[17:10:57] [Server thread/INFO]: The game is running normally [17:10:57] [Server thread/INFO]: Target tick rate: 20,0 per second. Average time per tick: 37,1ms (Target: 50,0ms) [17:10:57] [Server thread/INFO]: Percentiles: P50: 36,6ms P95: 46,4ms P99: 53,8ms, sample: 100"
"without-umce","2","2026-09-27T15:10:57.2655389+00:00",,"False","100","0","0","0","0","0","True","0","37","36,1","46,4","53,8","100","149,41882055556707","139,2796218639557","1641861120","[17:10:57] [Server thread/INFO]: The game is running normally [17:10:57] [Server thread/INFO]: Target tick rate: 20,0 per second. Average time per tick: 37,0ms (Target: 50,0ms) [17:10:57] [Server thread/INFO]: Percentiles: P50: 36,1ms P95: 46,4ms P99: 53,8ms, sample: 100"
"without-umce","2","2026-09-27T15:10:57.3910830+00:00",,"False","100","0","0","0","0","0","True","0","36,9","36,1","46,4","53,8","100","125,32423887080655","139,2796218639557","1641861120","[17:10:57] [Server thread/INFO]: The game is running normally [17:10:57] [Server thread/INFO]: Target tick rate: 20,0 per second. Average time per tick: 36,9ms (Target: 50,0ms) [17:10:57] [Server thread/INFO]: Percentiles: P50: 36,1ms P95: 46,4ms P99: 53,8ms, sample: 100"
"without-umce","2","2026-09-27T15:10:57.5157350+00:00",,"False","100","0","0","0","0","0","True","0","36,5","35,7","46,4","53,8","100","102,44608467455747","139,2796218639557","1641861120","[17:10:57] [Server thread/INFO]: The game is running normally [17:10:57] [Server thread/INFO]: Target tick rate: 20,0 per second. Average time per tick: 36,5ms (Target: 50,0ms) [17:10:57] [Server thread/INFO]: Percentiles: P50: 35,7ms P95: 46,4ms P99: 53,8ms, sample: 100"
"without-umce","2","2026-09-27T15:10:57.6377310+00:00",,"False","100","0","0","0","0","0","True","0","36,3","35,5","46,4","53,8","100","186,37592949403557","139,2796218639557","1641861120","[17:10:57] [Server thread/INFO]: The game is running normally [17:10:57] [Server thread/INFO]: Target tick rate: 20,0 per second. Average time per tick: 36,3ms (Target: 50,0ms) [17:10:57] [Server thread/INFO]: Percentiles: P50: 35,5ms P95: 46,4ms P99: 53,8ms, sample: 100"
"without-umce","2","2026-09-27T15:10:57.7634966+00:00",,"False","100","0","0","0","0","0","True","0","36,1","35,4","45,4","51,7","100","163,00583972182477","139,2796218639557","1641861120","[17:10:57] [Server thread/INFO]: The game is running normally [17:10:57] [Server thread/INFO]: Target tick rate: 20,0 per second. Average time per tick: 36,1ms (Target: 50,0ms) [17:10:57] [Server thread/INFO]: Percentiles: P50: 35,4ms P95: 45,4ms P99: 51,7ms, sample: 100"
"without-umce","2","2026-09-27T15:10:57.8880987+00:00",,"False","100","0","0","0","0","0","True","0","36","35,3","45,4","51,7","100","162,91732903004336","139,2796218639557","1641861120","[17:10:57] [Server thread/INFO]: The game is running normally [17:10:57] [Server thread/INFO]: Target tick rate: 20,0 per second. Average time per tick: 36,0ms (Target: 50,0ms) [17:10:57] [Server thread/INFO]: Percentiles: P50: 35,3ms P95: 45,4ms P99: 51,7ms, sample: 100"
"without-umce","2","2026-09-27T15:10:58.0127803+00:00",,"False","100","0","0","0","0","0","True","0","35,9","35,1","45,4","51,7","100","352,78815534935706","139,2796218639557","1641861120","[17:10:58] [Server thread/INFO]: The game is running normally [17:10:58] [Server thread/INFO]: Target tick rate: 20,0 per second. Average time per tick: 35,9ms (Target: 50,0ms) [17:10:58] [Server thread/INFO]: Percentiles: P50: 35,1ms P95: 45,4ms P99: 51,7ms, sample: 100"
"without-umce","2","2026-09-27T15:10:58.1367898+00:00",,"False","100","0","0","0","0","0","True","0","35,9","35","45,4","51,7","100","471,8221832314992","139,2796218639557","1641861120","[17:10:58] [Server thread/INFO]: The game is running normally [17:10:58] [Server thread/INFO]: Target tick rate: 20,0 per second. Average time per tick: 35,9ms (Target: 50,0ms) [17:10:58] [Server thread/INFO]: Percentiles: P50: 35,0ms P95: 45,4ms P99: 51,7ms, sample: 100"
"without-umce","2","2026-09-27T15:10:58.2626347+00:00",,"False","100","0","0","0","0","0","True","0","36,1","35","47,1","65,2","100","139,5877866067194","139,2796218639557","1641861120","[17:10:58] [Server thread/INFO]: The game is running normally [17:10:58] [Server thread/INFO]: Target tick rate: 20,0 per second. Average time per tick: 36,1ms (Target: 50,0ms) [17:10:58] [Server thread/INFO]: Percentiles: P50: 35,0ms P95: 47,1ms P99: 65,2ms, sample: 100"
"without-umce","2","2026-09-27T15:10:58.3857712+00:00",,"False","100","0","0","0","0","0","True","0","36,1","35","47,1","65,2","100","149,28201322917295","139,2796218639557","1641861120","[17:10:58] [Server thread/INFO]: The game is running normally [17:10:58] [Server thread/INFO]: Target tick rate: 20,0 per second. Average time per tick: 36,1ms (Target: 50,0ms) [17:10:58] [Server thread/INFO]: Percentiles: P50: 35,0ms P95: 47,1ms P99: 65,2ms, sample: 100"
"without-umce","2","2026-09-27T15:10:58.5113793+00:00",,"False","100","0","0","0","0","0","True","0","36","35","47,1","65,2","100","149,61029510331488","139,2796218639557","1641861120","[17:10:58] [Server thread/INFO]: The game is running normally [17:10:58] [Server thread/INFO]: Target tick rate: 20,0 per second. Average time per tick: 36,0ms (Target: 50,0ms) [17:10:58] [Server thread/INFO]: Percentiles: P50: 35,0ms P95: 47,1ms P99: 65,2ms, sample: 100"
"without-umce","2","2026-09-27T15:10:58.6366950+00:00",,"False","100","0","0","0","0","0","True","0","36","35","47,1","65,2","100","164,78149871865907","139,2796218639557","1641861120","[17:10:58] [Server thread/INFO]: The game is running normally [17:10:58] [Server thread/INFO]: Target tick rate: 20,0 per second. Average time per tick: 36,0ms (Target: 50,0ms) [17:10:58] [Server thread/INFO]: Percentiles: P50: 35,0ms P95: 47,1ms P99: 65,2ms, sample: 100"
"without-umce","2","2026-09-27T15:10:58.7599727+00:00",,"False","100","0","0","0","0","0","True","0","36,2","35,1","47,1","65,2","100","126,72631657491004","139,2796218639557","1641861120","[17:10:58] [Server thread/INFO]: The game is running normally [17:10:58] [Server thread/INFO]: Target tick rate: 20,0 per second. Average time per tick: 36,2ms (Target: 50,0ms) [17:10:58] [Server thread/INFO]: Percentiles: P50: 35,1ms P95: 47,1ms P99: 65,2ms, sample: 100"
"without-umce","2","2026-09-27T15:10:58.8832617+00:00",,"False","100","0","0","0","0","0","True","0","35,9","35","46,7","65,2","100","173,59485381527762","139,2796218639557","1641861120","[17:10:58] [Server thread/INFO]: The game is running normally [17:10:58] [Server thread/INFO]: Target tick rate: 20,0 per second. Average time per tick: 35,9ms (Target: 50,0ms) [17:10:58] [Server thread/INFO]: Percentiles: P50: 35,0ms P95: 46,7ms P99: 65,2ms, sample: 100"
"without-umce","2","2026-09-27T15:10:59.0092647+00:00",,"False","100","0","0","0","0","0","True","0","36","35","46,7","65,2","100","126,79511451323253","139,2796218639557","1641861120","[17:10:59] [Server thread/INFO]: The game is running normally [17:10:59] [Server thread/INFO]: Target tick rate: 20,0 per second. Average time per tick: 36,0ms (Target: 50,0ms) [17:10:59] [Server thread/INFO]: Percentiles: P50: 35,0ms P95: 46,7ms P99: 65,2ms, sample: 100"
"without-umce","2","2026-09-27T15:10:59.1325055+00:00",,"False","100","0","0","0","0","0","True","0","35,9","35","46,7","65,2","100","90,30214374881201","139,2796218639557","1641861120","[17:10:59] [Server thread/INFO]: The game is running normally [17:10:59] [Server thread/INFO]: Target tick rate: 20,0 per second. Average time per tick: 35,9ms (Target: 50,0ms) [17:10:59] [Server thread/INFO]: Percentiles: P50: 35,0ms P95: 46,7ms P99: 65,2ms, sample: 100"
"without-umce","2","2026-09-27T15:10:59.2882257+00:00",,"False","100","0","0","0","0","0","True","0","35,7","34,9","46,7","65,2","100","112,45804864953179","139,2796218639557","1641861120","[17:10:59] [Server thread/INFO]: The game is running normally [17:10:59] [Server thread/INFO]: Target tick rate: 20,0 per second. Average time per tick: 35,7ms (Target: 50,0ms) [17:10:59] [Server thread/INFO]: Percentiles: P50: 34,9ms P95: 46,7ms P99: 65,2ms, sample: 100"
"without-umce","2","2026-09-27T15:10:59.4271833+00:00",,"False","100","0","0","0","0","0","True","0","35,5","34,9","46,7","65,2","100","128,2829137011078","139,2796218639557","1641861120","[17:10:59] [Server thread/INFO]: The game is running normally [17:10:59] [Server thread/INFO]: Target tick rate: 20,0 per second. Average time per tick: 35,5ms (Target: 50,0ms) [17:10:59] [Server thread/INFO]: Percentiles: P50: 34,9ms P95: 46,7ms P99: 65,2ms, sample: 100"
"without-umce","2","2026-09-27T15:10:59.5489744+00:00",,"False","100","0","0","0","0","0","True","0","35,5","34,9","46,7","65,2","100","126,93272849718961","139,2796218639557","1641861120","[17:10:59] [Server thread/INFO]: The game is running normally [17:10:59] [Server thread/INFO]: Target tick rate: 20,0 per second. Average time per tick: 35,5ms (Target: 50,0ms) [17:10:59] [Server thread/INFO]: Percentiles: P50: 34,9ms P95: 46,7ms P99: 65,2ms, sample: 100"
"without-umce","2","2026-09-27T15:10:59.6720774+00:00",,"False","100","0","0","0","0","0","True","0","35,5","34,9","46,7","65,2","100","138,83245840276638","139,2796218639557","1641861120","[17:10:59] [Server thread/INFO]: The game is running normally [17:10:59] [Server thread/INFO]: Target tick rate: 20,0 per second. Average time per tick: 35,5ms (Target: 50,0ms) [17:10:59] [Server thread/INFO]: Percentiles: P50: 34,9ms P95: 46,7ms P99: 65,2ms, sample: 100"
"without-umce","2","2026-09-27T15:10:59.7958793+00:00",,"False","100","0","0","0","0","0","True","0","35,2","34,6","46,7","65,2","100","149,19031432608944","139,2796218639557","1641861120","[17:10:59] [Server thread/INFO]: The game is running normally [17:10:59] [Server thread/INFO]: Target tick rate: 20,0 per second. Average time per tick: 35,2ms (Target: 50,0ms) [17:10:59] [Server thread/INFO]: Percentiles: P50: 34,6ms P95: 46,7ms P99: 65,2ms, sample: 100"
"without-umce","2","2026-09-27T15:10:59.9215840+00:00",,"False","100","0","0","0","0","0","True","0","35,3","34,6","46,7","65,2","100","113,87561745890355","139,2796218639557","1641861120","[17:10:59] [Server thread/INFO]: The game is running normally [17:10:59] [Server thread/INFO]: Target tick rate: 20,0 per second. Average time per tick: 35,3ms (Target: 50,0ms) [17:10:59] [Server thread/INFO]: Percentiles: P50: 34,6ms P95: 46,7ms P99: 65,2ms, sample: 100"
"without-umce","2","2026-09-27T15:11:00.0450487+00:00",,"False","100","0","0","0","0","0","True","0","35,2","34,3","46,7","65,2","100","151,19980065818282","139,2796218639557","1641861120","[17:11:00] [Server thread/INFO]: The game is running normally [17:11:00] [Server thread/INFO]: Target tick rate: 20,0 per second. Average time per tick: 35,2ms (Target: 50,0ms) [17:11:00] [Server thread/INFO]: Percentiles: P50: 34,3ms P95: 46,7ms P99: 65,2ms, sample: 100"
"without-umce","2","2026-09-27T15:11:00.1690440+00:00",,"False","100","0","0","0","0","0","True","0","35,2","34,3","47,1","65,2","100","139,40426222195185","139,2796218639557","1641861120","[17:11:00] [Server thread/INFO]: The game is running normally [17:11:00] [Server thread/INFO]: Target tick rate: 20,0 per second. Average time per tick: 35,2ms (Target: 50,0ms) [17:11:00] [Server thread/INFO]: Percentiles: P50: 34,3ms P95: 47,1ms P99: 65,2ms, sample: 100"
"without-umce","2","2026-09-27T15:11:00.2923388+00:00",,"False","100","0","0","0","0","0","True","0","35,4","34,6","47,1","65,2","100","112,3370663190109","139,2796218639557","1641861120","[17:11:00] [Server thread/INFO]: The game is running normally [17:11:00] [Server thread/INFO]: Target tick rate: 20,0 per second. Average time per tick: 35,4ms (Target: 50,0ms) [17:11:00] [Server thread/INFO]: Percentiles: P50: 34,6ms P95: 47,1ms P99: 65,2ms, sample: 100"
"without-umce","2","2026-09-27T15:11:00.4175089+00:00",,"False","100","0","0","0","0","0","True","0","35,6","34,9","47,1","65,2","100","126,59191869598575","139,2796218639557","1641861120","[17:11:00] [Server thread/INFO]: The game is running normally [17:11:00] [Server thread/INFO]: Target tick rate: 20,0 per second. Average time per tick: 35,6ms (Target: 50,0ms) [17:11:00] [Server thread/INFO]: Percentiles: P50: 34,9ms P95: 47,1ms P99: 65,2ms, sample: 100"
"without-umce","2","2026-09-27T15:11:00.5409413+00:00",,"False","100","0","0","0","0","0","True","0","35,5","34,6","47,1","65,2","100","140,49708379143897","139,2796218639557","1641861120","[17:11:00] [Server thread/INFO]: The game is running normally [17:11:00] [Server thread/INFO]: Target tick rate: 20,0 per second. Average time per tick: 35,5ms (Target: 50,0ms) [17:11:00] [Server thread/INFO]: Percentiles: P50: 34,6ms P95: 47,1ms P99: 65,2ms, sample: 100"
"without-umce","2","2026-09-27T15:11:00.6632716+00:00",,"False","100","0","0","0","0","0","True","0","35,4","34,9","47,1","65,2","100","161,71960586991415","139,2796218639557","1641861120","[17:11:00] [Server thread/INFO]: The game is running normally [17:11:00] [Server thread/INFO]: Target tick rate: 20,0 per second. Average time per tick: 35,4ms (Target: 50,0ms) [17:11:00] [Server thread/INFO]: Percentiles: P50: 34,9ms P95: 47,1ms P99: 65,2ms, sample: 100"
"without-umce","2","2026-09-27T15:11:00.7888777+00:00",,"False","100","0","0","0","0","0","True","0","35,4","34,6","47,1","65,2","100","135,7912034952162","139,2796218639557","1641861120","[17:11:00] [Server thread/INFO]: The game is running normally [17:11:00] [Server thread/INFO]: Target tick rate: 20,0 per second. Average time per tick: 35,4ms (Target: 50,0ms) [17:11:00] [Server thread/INFO]: Percentiles: P50: 34,6ms P95: 47,1ms P99: 65,2ms, sample: 100"
"without-umce","2","2026-09-27T15:11:00.9154716+00:00",,"False","100","0","0","0","0","0","True","0","35,6","34,9","47,1","65,2","100","112,98647456488658","139,2796218639557","1641861120","[17:11:00] [Server thread/INFO]: The game is running normally [17:11:00] [Server thread/INFO]: Target tick rate: 20,0 per second. Average time per tick: 35,6ms (Target: 50,0ms) [17:11:00] [Server thread/INFO]: Percentiles: P50: 34,9ms P95: 47,1ms P99: 65,2ms, sample: 100"
"without-umce","2","2026-09-27T15:11:01.0399314+00:00",,"False","100","0","0","0","0","0","True","0","35,6","34,9","47,1","65,2","100","138,40773327792996","139,2796218639557","1641861120","[17:11:01] [Server thread/INFO]: The game is running normally [17:11:01] [Server thread/INFO]: Target tick rate: 20,0 per second. Average time per tick: 35,6ms (Target: 50,0ms) [17:11:01] [Server thread/INFO]: Percentiles: P50: 34,9ms P95: 47,1ms P99: 65,2ms, sample: 100"
"without-umce","2","2026-09-27T15:11:01.1641216+00:00",,"False","100","0","0","0","0","0","True","0","35,7","34,9","46,5","65,2","100","135,1995437105533","139,2796218639557","1641861120","[17:11:01] [Server thread/INFO]: The game is running normally [17:11:01] [Server thread/INFO]: Target tick rate: 20,0 per second. Average time per tick: 35,7ms (Target: 50,0ms) [17:11:01] [Server thread/INFO]: Percentiles: P50: 34,9ms P95: 46,5ms P99: 65,2ms, sample: 100"
"without-umce","2","2026-09-27T15:11:01.3028117+00:00",,"False","100","0","0","0","0","0","True","0","35,6","34,9","46,5","65,2","100","138,16107310258124","139,2796218639557","1641861120","[17:11:01] [Server thread/INFO]: The game is running normally [17:11:01] [Server thread/INFO]: Target tick rate: 20,0 per second. Average time per tick: 35,6ms (Target: 50,0ms) [17:11:01] [Server thread/INFO]: Percentiles: P50: 34,9ms P95: 46,5ms P99: 65,2ms, sample: 100"
"without-umce","2","2026-09-27T15:11:01.4271878+00:00",,"False","100","0","0","0","0","0","True","0","35,7","34,9","46,5","65,2","100","143,0708624258761","139,2796218639557","1641861120","[17:11:01] [Server thread/INFO]: The game is running normally [17:11:01] [Server thread/INFO]: Target tick rate: 20,0 per second. Average time per tick: 35,7ms (Target: 50,0ms) [17:11:01] [Server thread/INFO]: Percentiles: P50: 34,9ms P95: 46,5ms P99: 65,2ms, sample: 100"
"without-umce","2","2026-09-27T15:11:01.5691773+00:00",,"False","100","0","0","0","0","0","True","0","35,9","35,4","46,5","65,2","100","146,96051293107814","139,2796218639557","1641861120","[17:11:01] [Server thread/INFO]: The game is running normally [17:11:01] [Server thread/INFO]: Target tick rate: 20,0 per second. Average time per tick: 35,9ms (Target: 50,0ms) [17:11:01] [Server thread/INFO]: Percentiles: P50: 35,4ms P95: 46,5ms P99: 65,2ms, sample: 100"
"without-umce","2","2026-09-27T15:11:01.7073811+00:00",,"False","100","0","0","0","0","0","True","0","36,2","35,9","46,5","65,2","100","126,38446599428784","139,2796218639557","1641861120","[17:11:01] [Server thread/INFO]: The game is running normally [17:11:01] [Server thread/INFO]: Target tick rate: 20,0 per second. Average time per tick: 36,2ms (Target: 50,0ms) [17:11:01] [Server thread/INFO]: Percentiles: P50: 35,9ms P95: 46,5ms P99: 65,2ms, sample: 100"
"without-umce","2","2026-09-27T15:11:01.8310638+00:00",,"False","100","0","0","0","0","0","True","0","36,3","35,9","46,5","65,2","100","76,66002688620463","139,2796218639557","1641861120","[17:11:01] [Server thread/INFO]: The game is running normally [17:11:01] [Server thread/INFO]: Target tick rate: 20,0 per second. Average time per tick: 36,3ms (Target: 50,0ms) [17:11:01] [Server thread/INFO]: Percentiles: P50: 35,9ms P95: 46,5ms P99: 65,2ms, sample: 100"
"without-umce","2","2026-09-27T15:11:01.9533296+00:00",,"False","100","0","0","0","0","0","True","0","36,3","35,9","46,5","65,2","100","248,42893541245166","139,2796218639557","1641861120","[17:11:01] [Server thread/INFO]: The game is running normally [17:11:01] [Server thread/INFO]: Target tick rate: 20,0 per second. Average time per tick: 36,3ms (Target: 50,0ms) [17:11:01] [Server thread/INFO]: Percentiles: P50: 35,9ms P95: 46,5ms P99: 65,2ms, sample: 100"
"without-umce","2","2026-09-27T15:11:02.0791132+00:00",,"False","100","0","0","0","0","0","True","0","36,6","36,1","46,7","65,2","100","138,36840007889515","139,2796218639557","1641861120","[17:11:02] [Server thread/INFO]: The game is running normally [17:11:02] [Server thread/INFO]: Target tick rate: 20,0 per second. Average time per tick: 36,6ms (Target: 50,0ms) [17:11:02] [Server thread/INFO]: Percentiles: P50: 36,1ms P95: 46,7ms P99: 65,2ms, sample: 100"
"without-umce","2","2026-09-27T15:11:02.2033258+00:00",,"False","100","0","0","0","0","0","True","0","36,9","36,4","46,7","65,2","100","153,11534607742982","139,2796218639557","1641861120","[17:11:02] [Server thread/INFO]: The game is running normally [17:11:02] [Server thread/INFO]: Target tick rate: 20,0 per second. Average time per tick: 36,9ms (Target: 50,0ms) [17:11:02] [Server thread/INFO]: Percentiles: P50: 36,4ms P95: 46,7ms P99: 65,2ms, sample: 100"
"without-umce","2","2026-09-27T15:11:02.3257599+00:00",,"False","100","0","0","0","0","0","True","0","36,9","36,8","46,7","65,2","100","165,15368948260652","139,2796218639557","1641861120","[17:11:02] [Server thread/INFO]: The game is running normally [17:11:02] [Server thread/INFO]: Target tick rate: 20,0 per second. Average time per tick: 36,9ms (Target: 50,0ms) [17:11:02] [Server thread/INFO]: Percentiles: P50: 36,8ms P95: 46,7ms P99: 65,2ms, sample: 100"
"without-umce","2","2026-09-27T15:11:02.4487657+00:00",,"False","100","0","0","0","0","0","True","0","37,1","36,9","46,7","65,2","100","191,7328477328281","139,2796218639557","1641861120","[17:11:02] [Server thread/INFO]: The game is running normally [17:11:02] [Server thread/INFO]: Target tick rate: 20,0 per second. Average time per tick: 37,1ms (Target: 50,0ms) [17:11:02] [Server thread/INFO]: Percentiles: P50: 36,9ms P95: 46,7ms P99: 65,2ms, sample: 100"
"without-umce","2","2026-09-27T15:11:02.5710034+00:00",,"False","100","0","0","0","0","0","True","0","37,3","37,3","46,7","65,2","100","137,05845248945997","139,2796218639557","1641861120","[17:11:02] [Server thread/INFO]: The game is running normally [17:11:02] [Server thread/INFO]: Target tick rate: 20,0 per second. Average time per tick: 37,3ms (Target: 50,0ms) [17:11:02] [Server thread/INFO]: Percentiles: P50: 37,3ms P95: 46,7ms P99: 65,2ms, sample: 100"
"without-umce","2","2026-09-27T15:11:02.6964038+00:00",,"False","100","0","0","0","0","0","True","0","37,2","37,3","46,7","65,2","100","88,17592134264419","139,2796218639557","1641861120","[17:11:02] [Server thread/INFO]: The game is running normally [17:11:02] [Server thread/INFO]: Target tick rate: 20,0 per second. Average time per tick: 37,2ms (Target: 50,0ms) [17:11:02] [Server thread/INFO]: Percentiles: P50: 37,3ms P95: 46,7ms P99: 65,2ms, sample: 100"
"without-umce","2","2026-09-27T15:11:02.8204232+00:00",,"False","100","0","0","0","0","0","True","0","37,1","37,1","46,7","65,2","100","137,19257886926974","139,2796218639557","1641861120","[17:11:02] [Server thread/INFO]: The game is running normally [17:11:02] [Server thread/INFO]: Target tick rate: 20,0 per second. Average time per tick: 37,1ms (Target: 50,0ms) [17:11:02] [Server thread/INFO]: Percentiles: P50: 37,1ms P95: 46,7ms P99: 65,2ms, sample: 100"
"without-umce","2","2026-09-27T15:11:02.9457514+00:00",,"False","100","0","0","0","0","0","True","0","37,2","37,1","47,1","65,2","100","175,69420293463534","139,2796218639557","1641861120","[17:11:02] [Server thread/INFO]: The game is running normally [17:11:02] [Server thread/INFO]: Target tick rate: 20,0 per second. Average time per tick: 37,2ms (Target: 50,0ms) [17:11:02] [Server thread/INFO]: Percentiles: P50: 37,1ms P95: 47,1ms P99: 65,2ms, sample: 100"
"without-umce","2","2026-09-27T15:11:03.0703179+00:00",,"False","100","0","0","0","0","0","True","0","37,2","37,1","47,1","65,2","100","125,93646354290505","139,2796218639557","1641861120","[17:11:03] [Server thread/INFO]: The game is running normally [17:11:03] [Server thread/INFO]: Target tick rate: 20,0 per second. Average time per tick: 37,2ms (Target: 50,0ms) [17:11:03] [Server thread/INFO]: Percentiles: P50: 37,1ms P95: 47,1ms P99: 65,2ms, sample: 100"
"without-umce","2","2026-09-27T15:11:03.1942954+00:00",,"False","100","0","0","0","0","0","True","0","37","36,9","46,7","65,2","100","148,54638449983838","139,2796218639557","1641861120","[17:11:03] [Server thread/INFO]: The game is running normally [17:11:03] [Server thread/INFO]: Target tick rate: 20,0 per second. Average time per tick: 37,0ms (Target: 50,0ms) [17:11:03] [Server thread/INFO]: Percentiles: P50: 36,9ms P95: 46,7ms P99: 65,2ms, sample: 100"
"without-umce","2","2026-09-27T15:11:03.3205772+00:00",,"False","100","0","0","0","0","0","True","0","36,9","36,9","46,7","50,9","100","176,16735536358124","139,2796218639557","1641861120","[17:11:03] [Server thread/INFO]: The game is running normally [17:11:03] [Server thread/INFO]: Target tick rate: 20,0 per second. Average time per tick: 36,9ms (Target: 50,0ms) [17:11:03] [Server thread/INFO]: Percentiles: P50: 36,9ms P95: 46,7ms P99: 50,9ms, sample: 100"
"without-umce","2","2026-09-27T15:11:03.4447322+00:00",,"False","100","0","0","0","0","0","True","0","37,1","37,3","48,1","51,3","100","248,3426963045162","139,2796218639557","1641861120","[17:11:03] [Server thread/INFO]: The game is running normally [17:11:03] [Server thread/INFO]: Target tick rate: 20,0 per second. Average time per tick: 37,1ms (Target: 50,0ms) [17:11:03] [Server thread/INFO]: Percentiles: P50: 37,3ms P95: 48,1ms P99: 51,3ms, sample: 100"
"without-umce","2","2026-09-27T15:11:03.5831358+00:00",,"False","100","0","0","0","0","0","True","0","37,4","37,4","48,3","51,7","100","200,0025600327684","139,2796218639557","1641861120","[17:11:03] [Server thread/INFO]: The game is running normally [17:11:03] [Server thread/INFO]: Target tick rate: 20,0 per second. Average time per tick: 37,4ms (Target: 50,0ms) [17:11:03] [Server thread/INFO]: Percentiles: P50: 37,4ms P95: 48,3ms P99: 51,7ms, sample: 100"
"without-umce","2","2026-09-27T15:11:03.7081075+00:00",,"False","100","0","0","0","0","0","True","0","37,4","37,4","48,3","51,7","100","211,66873454569216","139,2796218639557","1641861120","[17:11:03] [Server thread/INFO]: The game is running normally [17:11:03] [Server thread/INFO]: Target tick rate: 20,0 per second. Average time per tick: 37,4ms (Target: 50,0ms) [17:11:03] [Server thread/INFO]: Percentiles: P50: 37,4ms P95: 48,3ms P99: 51,7ms, sample: 100"
"without-umce","2","2026-09-27T15:11:03.8336331+00:00",,"False","100","0","0","0","0","0","True","0","37,6","37,4","50,6","61","100","121,2426249213466","139,2796218639557","1641861120","[17:11:03] [Server thread/INFO]: The game is running normally [17:11:03] [Server thread/INFO]: Target tick rate: 20,0 per second. Average time per tick: 37,6ms (Target: 50,0ms) [17:11:03] [Server thread/INFO]: Percentiles: P50: 37,4ms P95: 50,6ms P99: 61,0ms, sample: 100"
"without-umce","2","2026-09-27T15:11:03.9753935+00:00",,"False","100","0","0","0","0","0","True","0","38,4","37,8","51,3","61","100","156,8635606127969","139,2796218639557","1641861120","[17:11:04] [Server thread/INFO]: The game is running normally [17:11:04] [Server thread/INFO]: Target tick rate: 20,0 per second. Average time per tick: 38,4ms (Target: 50,0ms) [17:11:04] [Server thread/INFO]: Percentiles: P50: 37,8ms P95: 51,3ms P99: 61,0ms, sample: 100"
"without-umce","2","2026-09-27T15:11:04.1148926+00:00",,"False","100","0","0","0","0","0","True","0","38,8","37,9","51,7","61","100","125,34842303479199","139,2796218639557","1641861120","[17:11:04] [Server thread/INFO]: The game is running normally [17:11:04] [Server thread/INFO]: Target tick rate: 20,0 per second. Average time per tick: 38,8ms (Target: 50,0ms) [17:11:04] [Server thread/INFO]: Percentiles: P50: 37,9ms P95: 51,7ms P99: 61,0ms, sample: 100"
"without-umce","2","2026-09-27T15:11:04.2519770+00:00",,"False","100","0","0","0","0","0","True","0","39,5","38,5","59,3","76,6","100","155,24556121891365","139,2796218639557","1641861120","[17:11:04] [Server thread/INFO]: The game is running normally [17:11:04] [Server thread/INFO]: Target tick rate: 20,0 per second. Average time per tick: 39,5ms (Target: 50,0ms) [17:11:04] [Server thread/INFO]: Percentiles: P50: 38,5ms P95: 59,3ms P99: 76,6ms, sample: 100"
"without-umce","2","2026-09-27T15:11:04.3727213+00:00",,"False","100","0","0","0","0","0","True","0","39,8","38,7","59,3","76,6","100","176,04911186744044","139,2796218639557","1641861120","[17:11:04] [Server thread/INFO]: The game is running normally [17:11:04] [Server thread/INFO]: Target tick rate: 20,0 per second. Average time per tick: 39,8ms (Target: 50,0ms) [17:11:04] [Server thread/INFO]: Percentiles: P50: 38,7ms P95: 59,3ms P99: 76,6ms, sample: 100"
"without-umce","2","2026-09-27T15:11:04.4969595+00:00",,"False","100","0","0","0","0","0","True","0","39,9","38,7","59,3","76,6","100","174,85018835861433","139,2796218639557","1641861120","[17:11:04] [Server thread/INFO]: The game is running normally [17:11:04] [Server thread/INFO]: Target tick rate: 20,0 per second. Average time per tick: 39,9ms (Target: 50,0ms) [17:11:04] [Server thread/INFO]: Percentiles: P50: 38,7ms P95: 59,3ms P99: 76,6ms, sample: 100"
"without-umce","2","2026-09-27T15:11:04.6220724+00:00",,"False","100","0","0","0","0","0","True","0","40,1","38,7","59,3","76,6","100","213,23027103223117","139,2796218639557","1641861120","[17:11:04] [Server thread/INFO]: The game is running normally [17:11:04] [Server thread/INFO]: Target tick rate: 20,0 per second. Average time per tick: 40,1ms (Target: 50,0ms) [17:11:04] [Server thread/INFO]: Percentiles: P50: 38,7ms P95: 59,3ms P99: 76,6ms, sample: 100"
"without-umce","2","2026-09-27T15:11:04.7466369+00:00",,"False","100","0","0","0","0","0","True","0","40,5","38,8","59,3","76,6","100","160,38345166506645","139,2796218639557","1641861120","[17:11:04] [Server thread/INFO]: The game is running normally [17:11:04] [Server thread/INFO]: Target tick rate: 20,0 per second. Average time per tick: 40,5ms (Target: 50,0ms) [17:11:04] [Server thread/INFO]: Percentiles: P50: 38,8ms P95: 59,3ms P99: 76,6ms, sample: 100"
"without-umce","2","2026-09-27T15:11:04.8733322+00:00",,"False","100","0","0","0","0","0","True","0","40,8","39,4","59,3","76,6","100","191,78273869433085","139,2796218639557","1641861120","[17:11:04] [Server thread/INFO]: The game is running normally [17:11:04] [Server thread/INFO]: Target tick rate: 20,0 per second. Average time per tick: 40,8ms (Target: 50,0ms) [17:11:04] [Server thread/INFO]: Percentiles: P50: 39,4ms P95: 59,3ms P99: 76,6ms, sample: 100"
"without-umce","2","2026-09-27T15:11:04.9955339+00:00",,"False","100","0","0","0","0","0","True","0","41,1","39,8","59,3","76,6","100","99,66742972050861","139,2796218639557","1641861120","[17:11:05] [Server thread/INFO]: The game is running normally [17:11:05] [Server thread/INFO]: Target tick rate: 20,0 per second. Average time per tick: 41,1ms (Target: 50,0ms) [17:11:05] [Server thread/INFO]: Percentiles: P50: 39,8ms P95: 59,3ms P99: 76,6ms, sample: 100"
"without-umce","2","2026-09-27T15:11:05.1209474+00:00",,"False","100","0","0","0","0","0","True","0","41,2","40,1","59,3","76,6","100","203,29765052971237","139,2796218639557","1641861120","[17:11:05] [Server thread/INFO]: The game is running normally [17:11:05] [Server thread/INFO]: Target tick rate: 20,0 per second. Average time per tick: 41,2ms (Target: 50,0ms) [17:11:05] [Server thread/INFO]: Percentiles: P50: 40,1ms P95: 59,3ms P99: 76,6ms, sample: 100"
"without-umce","2","2026-09-27T15:11:05.2438814+00:00",,"False","100","0","0","0","0","0","True","0","41,3","40,4","59,3","76,6","100","125,62046459874614","139,2796218639557","1641861120","[17:11:05] [Server thread/INFO]: The game is running normally [17:11:05] [Server thread/INFO]: Target tick rate: 20,0 per second. Average time per tick: 41,3ms (Target: 50,0ms) [17:11:05] [Server thread/INFO]: Percentiles: P50: 40,4ms P95: 59,3ms P99: 76,6ms, sample: 100"
"without-umce","2","2026-09-27T15:11:05.3682800+00:00",,"False","100","0","0","0","0","0","True","0","41,2","40,4","59,3","76,6","100","172,30731906353037","139,2796218639557","1641861120","[17:11:05] [Server thread/INFO]: The game is running normally [17:11:05] [Server thread/INFO]: Target tick rate: 20,0 per second. Average time per tick: 41,2ms (Target: 50,0ms) [17:11:05] [Server thread/INFO]: Percentiles: P50: 40,4ms P95: 59,3ms P99: 76,6ms, sample: 100"
"without-umce","2","2026-09-27T15:11:05.4952690+00:00",,"False","100","0","0","0","0","0","True","0","41,3","40,7","59,3","76,6","100","171,30759498389435","139,2796218639557","1641861120","[17:11:05] [Server thread/INFO]: The game is running normally [17:11:05] [Server thread/INFO]: Target tick rate: 20,0 per second. Average time per tick: 41,3ms (Target: 50,0ms) [17:11:05] [Server thread/INFO]: Percentiles: P50: 40,7ms P95: 59,3ms P99: 76,6ms, sample: 100"
"without-umce","2","2026-09-27T15:11:05.6320589+00:00",,"False","100","0","0","0","0","0","True","0","41,4","40,8","59,3","76,6","100","101,24481626540722","139,2796218639557","1641861120","[17:11:05] [Server thread/INFO]: The game is running normally [17:11:05] [Server thread/INFO]: Target tick rate: 20,0 per second. Average time per tick: 41,4ms (Target: 50,0ms) [17:11:05] [Server thread/INFO]: Percentiles: P50: 40,8ms P95: 59,3ms P99: 76,6ms, sample: 100"
"without-umce","2","2026-09-27T15:11:05.7709583+00:00",,"False","100","0","0","0","0","0","True","0","41,3","40,7","59,3","76,6","100","163,4743068689389","139,2796218639557","1641861120","[17:11:05] [Server thread/INFO]: The game is running normally [17:11:05] [Server thread/INFO]: Target tick rate: 20,0 per second. Average time per tick: 41,3ms (Target: 50,0ms) [17:11:05] [Server thread/INFO]: Percentiles: P50: 40,7ms P95: 59,3ms P99: 76,6ms, sample: 100"
"without-umce","2","2026-09-27T15:11:05.8952113+00:00",,"False","100","0","0","0","0","0","True","0","41,3","40,7","59,3","76,6","100","63,922192066857086","139,2796218639557","1641861120","[17:11:05] [Server thread/INFO]: The game is running normally [17:11:05] [Server thread/INFO]: Target tick rate: 20,0 per second. Average time per tick: 41,3ms (Target: 50,0ms) [17:11:05] [Server thread/INFO]: Percentiles: P50: 40,7ms P95: 59,3ms P99: 76,6ms, sample: 100"
"without-umce","2","2026-09-27T15:11:06.0174342+00:00",,"False","100","0","0","0","0","0","True","0","41,1","40,4","59,3","76,6","100","99,29366458758973","139,2796218639557","1641861120","[17:11:06] [Server thread/INFO]: The game is running normally [17:11:06] [Server thread/INFO]: Target tick rate: 20,0 per second. Average time per tick: 41,1ms (Target: 50,0ms) [17:11:06] [Server thread/INFO]: Percentiles: P50: 40,4ms P95: 59,3ms P99: 76,6ms, sample: 100"
"without-umce","2","2026-09-27T15:11:06.1433133+00:00",,"False","100","0","0","0","0","0","True","0","41","40,3","59,3","76,6","100","136,64634296622143","139,2796218639557","1641861120","[17:11:06] [Server thread/INFO]: The game is running normally [17:11:06] [Server thread/INFO]: Target tick rate: 20,0 per second. Average time per tick: 41,0ms (Target: 50,0ms) [17:11:06] [Server thread/INFO]: Percentiles: P50: 40,3ms P95: 59,3ms P99: 76,6ms, sample: 100"
"without-umce","2","2026-09-27T15:11:06.2690643+00:00",,"False","100","0","0","0","0","0","True","0","40,9","40,3","59,3","76,6","100","126,6594413366158","139,2796218639557","1641861120","[17:11:06] [Server thread/INFO]: The game is running normally [17:11:06] [Server thread/INFO]: Target tick rate: 20,0 per second. Average time per tick: 40,9ms (Target: 50,0ms) [17:11:06] [Server thread/INFO]: Percentiles: P50: 40,3ms P95: 59,3ms P99: 76,6ms, sample: 100"
"without-umce","2","2026-09-27T15:11:06.3924406+00:00",,"False","100","0","0","0","0","0","True","0","40,9","39,8","59,3","76,6","100","125,25150502208436","139,2796218639557","1641861120","[17:11:06] [Server thread/INFO]: The game is running normally [17:11:06] [Server thread/INFO]: Target tick rate: 20,0 per second. Average time per tick: 40,9ms (Target: 50,0ms) [17:11:06] [Server thread/INFO]: Percentiles: P50: 39,8ms P95: 59,3ms P99: 76,6ms, sample: 100"
"without-umce","2","2026-09-27T15:11:06.5172081+00:00",,"False","100","0","0","0","0","0","True","0","40,7","38,9","59,3","76,6","100","112,62514906564174","139,2796218639557","1641861120","[17:11:06] [Server thread/INFO]: The game is running normally [17:11:06] [Server thread/INFO]: Target tick rate: 20,0 per second. Average time per tick: 40,7ms (Target: 50,0ms) [17:11:06] [Server thread/INFO]: Percentiles: P50: 38,9ms P95: 59,3ms P99: 76,6ms, sample: 100"
"without-umce","2","2026-09-27T15:11:06.6420595+00:00",,"False","100","0","0","0","0","0","True","0","40,3","38,5","59,3","76,6","100","125,91555719950907","139,2796218639557","1641861120","[17:11:06] [Server thread/INFO]: The game is running normally [17:11:06] [Server thread/INFO]: Target tick rate: 20,0 per second. Average time per tick: 40,3ms (Target: 50,0ms) [17:11:06] [Server thread/INFO]: Percentiles: P50: 38,5ms P95: 59,3ms P99: 76,6ms, sample: 100"
"without-umce","2","2026-09-27T15:11:06.7661485+00:00",,"False","100","0","0","0","0","0","True","0","40,2","38,3","59,3","76,6","100","101,00381632819615","139,2796218639557","1641861120","[17:11:06] [Server thread/INFO]: The game is running normally [17:11:06] [Server thread/INFO]: Target tick rate: 20,0 per second. Average time per tick: 40,2ms (Target: 50,0ms) [17:11:06] [Server thread/INFO]: Percentiles: P50: 38,3ms P95: 59,3ms P99: 76,6ms, sample: 100"
"without-umce","2","2026-09-27T15:11:06.8899080+00:00",,"False","100","0","0","0","0","0","True","0","40,1","38,3","59,3","76,6","100","101,3227071481954","139,2796218639557","1641861120","[17:11:06] [Server thread/INFO]: The game is running normally [17:11:06] [Server thread/INFO]: Target tick rate: 20,0 per second. Average time per tick: 40,1ms (Target: 50,0ms) [17:11:06] [Server thread/INFO]: Percentiles: P50: 38,3ms P95: 59,3ms P99: 76,6ms, sample: 100"
"without-umce","2","2026-09-27T15:11:07.0132640+00:00",,"False","100","0","0","0","0","0","True","0","39,7","37,9","59,3","76,6","100","113,18508669273379","139,2796218639557","1641861120","[17:11:07] [Server thread/INFO]: The game is running normally [17:11:07] [Server thread/INFO]: Target tick rate: 20,0 per second. Average time per tick: 39,7ms (Target: 50,0ms) [17:11:07] [Server thread/INFO]: Percentiles: P50: 37,9ms P95: 59,3ms P99: 76,6ms, sample: 100"
"without-umce","2","2026-09-27T15:11:07.1375026+00:00",,"False","100","0","0","0","0","0","True","0","39,5","37,6","59,3","76,6","100","113,06423576214742","139,2796218639557","1641861120","[17:11:07] [Server thread/INFO]: The game is running normally [17:11:07] [Server thread/INFO]: Target tick rate: 20,0 per second. Average time per tick: 39,5ms (Target: 50,0ms) [17:11:07] [Server thread/INFO]: Percentiles: P50: 37,6ms P95: 59,3ms P99: 76,6ms, sample: 100"
"without-umce","2","2026-09-27T15:11:07.2618715+00:00",,"False","100","0","0","0","0","0","True","0","39,2","37,4","59,3","76,6","100","123,47357033410171","139,2796218639557","1641861120","[17:11:07] [Server thread/INFO]: The game is running normally [17:11:07] [Server thread/INFO]: Target tick rate: 20,0 per second. Average time per tick: 39,2ms (Target: 50,0ms) [17:11:07] [Server thread/INFO]: Percentiles: P50: 37,4ms P95: 59,3ms P99: 76,6ms, sample: 100"
"without-umce","2","2026-09-27T15:11:07.3884312+00:00",,"False","100","0","0","0","0","0","True","0","39,2","37,4","59,3","76,6","100","149,13916871815877","139,2796218639557","1641861120","[17:11:07] [Server thread/INFO]: The game is running normally [17:11:07] [Server thread/INFO]: Target tick rate: 20,0 per second. Average time per tick: 39,2ms (Target: 50,0ms) [17:11:07] [Server thread/INFO]: Percentiles: P50: 37,4ms P95: 59,3ms P99: 76,6ms, sample: 100"
"without-umce","2","2026-09-27T15:11:07.5141962+00:00",,"False","100","0","0","0","0","0","True","0","39,2","37,4","59,3","76,6","100","262,7455094039871","139,2796218639557","1641861120","[17:11:07] [Server thread/INFO]: The game is running normally [17:11:07] [Server thread/INFO]: Target tick rate: 20,0 per second. Average time per tick: 39,2ms (Target: 50,0ms) [17:11:07] [Server thread/INFO]: Percentiles: P50: 37,4ms P95: 59,3ms P99: 76,6ms, sample: 100"
"without-umce","2","2026-09-27T15:11:07.6390563+00:00",,"False","100","0","0","0","0","0","True","0","39,3","37,6","59,3","76,6","100","176,71669667821078","139,2796218639557","1641861120","[17:11:07] [Server thread/INFO]: The game is running normally [17:11:07] [Server thread/INFO]: Target tick rate: 20,0 per second. Average time per tick: 39,3ms (Target: 50,0ms) [17:11:07] [Server thread/INFO]: Percentiles: P50: 37,6ms P95: 59,3ms P99: 76,6ms, sample: 100"
"without-umce","2","2026-09-27T15:11:07.7628307+00:00",,"False","100","0","0","0","0","0","True","0","39,5","37,6","59,3","76,6","100","113,18754643204683","139,2796218639557","1641861120","[17:11:07] [Server thread/INFO]: The game is running normally [17:11:07] [Server thread/INFO]: Target tick rate: 20,0 per second. Average time per tick: 39,5ms (Target: 50,0ms) [17:11:07] [Server thread/INFO]: Percentiles: P50: 37,6ms P95: 59,3ms P99: 76,6ms, sample: 100"
"without-umce","2","2026-09-27T15:11:07.8870539+00:00",,"False","100","0","0","0","0","0","True","0","39,6","37,6","59,3","76,6","100","161,6772567757197","139,2796218639557","1641861120","[17:11:07] [Server thread/INFO]: The game is running normally [17:11:07] [Server thread/INFO]: Target tick rate: 20,0 per second. Average time per tick: 39,6ms (Target: 50,0ms) [17:11:07] [Server thread/INFO]: Percentiles: P50: 37,6ms P95: 59,3ms P99: 76,6ms, sample: 100"
"without-umce","2","2026-09-27T15:11:08.0127143+00:00",,"False","100","0","0","0","0","0","True","0","39,6","37,6","59,3","76,6","100","203,82772154850363","139,2796218639557","1641861120","[17:11:08] [Server thread/INFO]: The game is running normally [17:11:08] [Server thread/INFO]: Target tick rate: 20,0 per second. Average time per tick: 39,6ms (Target: 50,0ms) [17:11:08] [Server thread/INFO]: Percentiles: P50: 37,6ms P95: 59,3ms P99: 76,6ms, sample: 100"
"without-umce","2","2026-09-27T15:11:08.1353536+00:00",,"False","100","0","0","0","0","0","True","0","39,6","37,6","59,3","76,6","100","124,7693264692237","139,2796218639557","1641861120","[17:11:08] [Server thread/INFO]: The game is running normally [17:11:08] [Server thread/INFO]: Target tick rate: 20,0 per second. Average time per tick: 39,6ms (Target: 50,0ms) [17:11:08] [Server thread/INFO]: Percentiles: P50: 37,6ms P95: 59,3ms P99: 76,6ms, sample: 100"
"without-umce","2","2026-09-27T15:11:08.2605649+00:00",,"False","100","0","0","0","0","0","True","0","39,4","37,6","59,3","76,6","100","138,26666098181195","139,2796218639557","1641861120","[17:11:08] [Server thread/INFO]: The game is running normally [17:11:08] [Server thread/INFO]: Target tick rate: 20,0 per second. Average time per tick: 39,4ms (Target: 50,0ms) [17:11:08] [Server thread/INFO]: Percentiles: P50: 37,6ms P95: 59,3ms P99: 76,6ms, sample: 100"
"without-umce","2","2026-09-27T15:11:08.3848904+00:00",,"False","100","0","0","0","0","0","True","0","39,2","37,6","59,3","76,6","100","112,36803497971981","139,2796218639557","1641861120","[17:11:08] [Server thread/INFO]: The game is running normally [17:11:08] [Server thread/INFO]: Target tick rate: 20,0 per second. Average time per tick: 39,2ms (Target: 50,0ms) [17:11:08] [Server thread/INFO]: Percentiles: P50: 37,6ms P95: 59,3ms P99: 76,6ms, sample: 100"
"without-umce","2","2026-09-27T15:11:08.5100455+00:00",,"False","100","0","0","0","0","0","True","0","38,9","37,4","59,3","76,6","100","113,7600058245123","139,2796218639557","1641861120","[17:11:08] [Server thread/INFO]: The game is running normally [17:11:08] [Server thread/INFO]: Target tick rate: 20,0 per second. Average time per tick: 38,9ms (Target: 50,0ms) [17:11:08] [Server thread/INFO]: Percentiles: P50: 37,4ms P95: 59,3ms P99: 76,6ms, sample: 100"
"without-umce","2","2026-09-27T15:11:08.6336563+00:00",,"False","100","0","0","0","0","0","True","0","38,6","37,3","59,3","76,6","100","125,63127201562412","139,2796218639557","1641861120","[17:11:08] [Server thread/INFO]: The game is running normally [17:11:08] [Server thread/INFO]: Target tick rate: 20,0 per second. Average time per tick: 38,6ms (Target: 50,0ms) [17:11:08] [Server thread/INFO]: Percentiles: P50: 37,3ms P95: 59,3ms P99: 76,6ms, sample: 100"
"without-umce","2","2026-09-27T15:11:08.7580110+00:00",,"False","100","0","0","0","0","0","True","0","38,3","36,9","59","76,6","100","138,1752902786498","139,2796218639557","1641861120","[17:11:08] [Server thread/INFO]: The game is running normally [17:11:08] [Server thread/INFO]: Target tick rate: 20,0 per second. Average time per tick: 38,3ms (Target: 50,0ms) [17:11:08] [Server thread/INFO]: Percentiles: P50: 36,9ms P95: 59,0ms P99: 76,6ms, sample: 100"
"without-umce","2","2026-09-27T15:11:08.8824143+00:00",,"False","100","0","0","0","0","0","True","0","37,8","36,2","56,2","76,6","100","90,65177173448748","139,2796218639557","1641861120","[17:11:08] [Server thread/INFO]: The game is running normally [17:11:08] [Server thread/INFO]: Target tick rate: 20,0 per second. Average time per tick: 37,8ms (Target: 50,0ms) [17:11:08] [Server thread/INFO]: Percentiles: P50: 36,2ms P95: 56,2ms P99: 76,6ms, sample: 100"
"without-umce","2","2026-09-27T15:11:09.0202906+00:00",,"False","100","0","0","0","0","0","True","0","37,1","36,1","50,4","76,6","100","124,84948146514563","139,2796218639557","1641861120","[17:11:09] [Server thread/INFO]: The game is running normally [17:11:09] [Server thread/INFO]: Target tick rate: 20,0 per second. Average time per tick: 37,1ms (Target: 50,0ms) [17:11:09] [Server thread/INFO]: Percentiles: P50: 36,1ms P95: 50,4ms P99: 76,6ms, sample: 100"
"without-umce","2","2026-09-27T15:11:09.1454796+00:00",,"False","100","0","0","0","0","0","True","0","36,6","36,1","49,3","59,3","100","122,36240058833623","139,2796218639557","1641861120","[17:11:09] [Server thread/INFO]: The game is running normally [17:11:09] [Server thread/INFO]: Target tick rate: 20,0 per second. Average time per tick: 36,6ms (Target: 50,0ms) [17:11:09] [Server thread/INFO]: Percentiles: P50: 36,1ms P95: 49,3ms P99: 59,3ms, sample: 100"
"without-umce","2","2026-09-27T15:11:09.2859307+00:00",,"False","100","0","0","0","0","0","True","0","36,4","36,1","49,2","59","100","87,19683404738406","139,2796218639557","1641861120","[17:11:09] [Server thread/INFO]: The game is running normally [17:11:09] [Server thread/INFO]: Target tick rate: 20,0 per second. Average time per tick: 36,4ms (Target: 50,0ms) [17:11:09] [Server thread/INFO]: Percentiles: P50: 36,1ms P95: 49,2ms P99: 59,0ms, sample: 100"
"without-umce","2","2026-09-27T15:11:09.4113438+00:00",,"False","100","0","0","0","0","0","True","0","36,2","36","49,2","59","100","100,18755109565105","139,2796218639557","1641861120","[17:11:09] [Server thread/INFO]: The game is running normally [17:11:09] [Server thread/INFO]: Target tick rate: 20,0 per second. Average time per tick: 36,2ms (Target: 50,0ms) [17:11:09] [Server thread/INFO]: Percentiles: P50: 36,0ms P95: 49,2ms P99: 59,0ms, sample: 100"
"without-umce","2","2026-09-27T15:11:09.5361334+00:00",,"False","100","0","0","0","0","0","True","0","36","35,9","49,2","59","100","190,1250952146477","139,2796218639557","1641861120","[17:11:09] [Server thread/INFO]: The game is running normally [17:11:09] [Server thread/INFO]: Target tick rate: 20,0 per second. Average time per tick: 36,0ms (Target: 50,0ms) [17:11:09] [Server thread/INFO]: Percentiles: P50: 35,9ms P95: 49,2ms P99: 59,0ms, sample: 100"
"without-umce","2","2026-09-27T15:11:09.6593764+00:00",,"False","100","0","0","0","0","0","True","0","35,6","35,7","48","52","100","137,79344492030228","139,2796218639557","1641861120","[17:11:09] [Server thread/INFO]: The game is running normally [17:11:09] [Server thread/INFO]: Target tick rate: 20,0 per second. Average time per tick: 35,6ms (Target: 50,0ms) [17:11:09] [Server thread/INFO]: Percentiles: P50: 35,7ms P95: 48,0ms P99: 52,0ms, sample: 100"
"without-umce","2","2026-09-27T15:11:09.7841231+00:00",,"False","100","0","0","0","0","0","True","0","35,5","35,7","47,8","52","100","98,76933409714951","139,2796218639557","1641861120","[17:11:09] [Server thread/INFO]: The game is running normally [17:11:09] [Server thread/INFO]: Target tick rate: 20,0 per second. Average time per tick: 35,5ms (Target: 50,0ms) [17:11:09] [Server thread/INFO]: Percentiles: P50: 35,7ms P95: 47,8ms P99: 52,0ms, sample: 100"
"without-umce","2","2026-09-27T15:11:09.9106865+00:00",,"False","100","0","0","0","0","0","True","0","35,1","35,2","45,9","50,4","100","86,82257553663297","139,2796218639557","1641861120","[17:11:09] [Server thread/INFO]: The game is running normally [17:11:09] [Server thread/INFO]: Target tick rate: 20,0 per second. Average time per tick: 35,1ms (Target: 50,0ms) [17:11:09] [Server thread/INFO]: Percentiles: P50: 35,2ms P95: 45,9ms P99: 50,4ms, sample: 100"
"without-umce","2","2026-09-27T15:11:10.0366614+00:00",,"False","100","0","0","0","0","0","True","0","34,9","34,7","45,9","50,4","100","163,49746533652507","139,2796218639557","1641861120","[17:11:10] [Server thread/INFO]: The game is running normally [17:11:10] [Server thread/INFO]: Target tick rate: 20,0 per second. Average time per tick: 34,9ms (Target: 50,0ms) [17:11:10] [Server thread/INFO]: Percentiles: P50: 34,7ms P95: 45,9ms P99: 50,4ms, sample: 100"
"without-umce","2","2026-09-27T15:11:10.1608798+00:00",,"False","100","0","0","0","0","0","True","0","34,7","34,5","45","49,3","100","100,19349367498513","139,2796218639557","1641861120","[17:11:10] [Server thread/INFO]: The game is running normally [17:11:10] [Server thread/INFO]: Target tick rate: 20,0 per second. Average time per tick: 34,7ms (Target: 50,0ms) [17:11:10] [Server thread/INFO]: Percentiles: P50: 34,5ms P95: 45,0ms P99: 49,3ms, sample: 100"
"without-umce","2","2026-09-27T15:11:10.2856744+00:00",,"False","100","0","0","0","0","0","True","0","34,5","33,8","45","49,3","100","75,22229693189313","139,2796218639557","1641861120","[17:11:10] [Server thread/INFO]: The game is running normally [17:11:10] [Server thread/INFO]: Target tick rate: 20,0 per second. Average time per tick: 34,5ms (Target: 50,0ms) [17:11:10] [Server thread/INFO]: Percentiles: P50: 33,8ms P95: 45,0ms P99: 49,3ms, sample: 100"
"without-umce","2","2026-09-27T15:11:10.4102678+00:00",,"False","100","0","0","0","0","0","True","0","34,5","33,8","45","49,3","100","99,5101711336119","139,2796218639557","1641861120","[17:11:10] [Server thread/INFO]: The game is running normally [17:11:10] [Server thread/INFO]: Target tick rate: 20,0 per second. Average time per tick: 34,5ms (Target: 50,0ms) [17:11:10] [Server thread/INFO]: Percentiles: P50: 33,8ms P95: 45,0ms P99: 49,3ms, sample: 100"
"without-umce","2","2026-09-27T15:11:10.5359606+00:00",,"False","100","0","0","0","0","0","True","0","34,3","33,8","42,1","47,8","100","188,69177726520704","139,2796218639557","1641861120","[17:11:10] [Server thread/INFO]: The game is running normally [17:11:10] [Server thread/INFO]: Target tick rate: 20,0 per second. Average time per tick: 34,3ms (Target: 50,0ms) [17:11:10] [Server thread/INFO]: Percentiles: P50: 33,8ms P95: 42,1ms P99: 47,8ms, sample: 100"
"without-umce","2","2026-09-27T15:11:10.6601932+00:00",,"False","100","0","0","0","0","0","True","0","34,5","33,8","42,8","50,1","100","126,34174937839859","139,2796218639557","1641861120","[17:11:10] [Server thread/INFO]: The game is running normally [17:11:10] [Server thread/INFO]: Target tick rate: 20,0 per second. Average time per tick: 34,5ms (Target: 50,0ms) [17:11:10] [Server thread/INFO]: Percentiles: P50: 33,8ms P95: 42,8ms P99: 50,1ms, sample: 100"
"without-umce","2","2026-09-27T15:11:10.7838020+00:00",,"False","100","0","0","0","0","0","True","0","35,1","34,3","47,8","59,5","100","100,42871007757918","139,2796218639557","1641861120","[17:11:10] [Server thread/INFO]: The game is running normally [17:11:10] [Server thread/INFO]: Target tick rate: 20,0 per second. Average time per tick: 35,1ms (Target: 50,0ms) [17:11:10] [Server thread/INFO]: Percentiles: P50: 34,3ms P95: 47,8ms P99: 59,5ms, sample: 100"
"without-umce","2","2026-09-27T15:11:10.9082421+00:00",,"False","100","0","0","0","0","0","True","0","35","34,3","47,8","59,5","100","177,64376557682047","139,2796218639557","1641861120","[17:11:10] [Server thread/INFO]: The game is running normally [17:11:10] [Server thread/INFO]: Target tick rate: 20,0 per second. Average time per tick: 35,0ms (Target: 50,0ms) [17:11:10] [Server thread/INFO]: Percentiles: P50: 34,3ms P95: 47,8ms P99: 59,5ms, sample: 100"
"without-umce","2","2026-09-27T15:11:11.0313858+00:00",,"False","100","0","0","0","0","0","True","0","35,3","34,5","48,3","59,5","100","100,95837768771393","139,2796218639557","1641861120","[17:11:11] [Server thread/INFO]: The game is running normally [17:11:11] [Server thread/INFO]: Target tick rate: 20,0 per second. Average time per tick: 35,3ms (Target: 50,0ms) [17:11:11] [Server thread/INFO]: Percentiles: P50: 34,5ms P95: 48,3ms P99: 59,5ms, sample: 100"
"without-umce","2","2026-09-27T15:11:11.1552121+00:00",,"False","100","0","0","0","0","0","True","0","35,2","34,3","48,3","59,5","100","75,51373504223936","139,2796218639557","1641861120","[17:11:11] [Server thread/INFO]: The game is running normally [17:11:11] [Server thread/INFO]: Target tick rate: 20,0 per second. Average time per tick: 35,2ms (Target: 50,0ms) [17:11:11] [Server thread/INFO]: Percentiles: P50: 34,3ms P95: 48,3ms P99: 59,5ms, sample: 100"
"without-umce","2","2026-09-27T15:11:11.2794236+00:00",,"False","100","0","0","0","0","0","True","0","34,9","33,8","48,3","59,5","100","113,58432136548345","139,2796218639557","1641861120","[17:11:11] [Server thread/INFO]: The game is running normally [17:11:11] [Server thread/INFO]: Target tick rate: 20,0 per second. Average time per tick: 34,9ms (Target: 50,0ms) [17:11:11] [Server thread/INFO]: Percentiles: P50: 33,8ms P95: 48,3ms P99: 59,5ms, sample: 100"
"without-umce","2","2026-09-27T15:11:11.4031531+00:00",,"False","100","0","0","0","0","0","True","0","34,8","33,7","48,3","59,5","100","114,08227552867247","139,2796218639557","1641861120","[17:11:11] [Server thread/INFO]: The game is running normally [17:11:11] [Server thread/INFO]: Target tick rate: 20,0 per second. Average time per tick: 34,8ms (Target: 50,0ms) [17:11:11] [Server thread/INFO]: Percentiles: P50: 33,7ms P95: 48,3ms P99: 59,5ms, sample: 100"
"without-umce","2","2026-09-27T15:11:11.5264223+00:00",,"False","100","0","0","0","0","0","True","0","34,8","33,8","48,3","59,5","100","122,31867675068362","139,2796218639557","1641861120","[17:11:11] [Server thread/INFO]: The game is running normally [17:11:11] [Server thread/INFO]: Target tick rate: 20,0 per second. Average time per tick: 34,8ms (Target: 50,0ms) [17:11:11] [Server thread/INFO]: Percentiles: P50: 33,8ms P95: 48,3ms P99: 59,5ms, sample: 100"
"without-umce","2","2026-09-27T15:11:11.6541659+00:00",,"False","100","0","0","0","0","0","True","0","34,9","33,8","48,3","59,5","100","99,5237985287994","139,2796218639557","1641861120","[17:11:11] [Server thread/INFO]: The game is running normally [17:11:11] [Server thread/INFO]: Target tick rate: 20,0 per second. Average time per tick: 34,9ms (Target: 50,0ms) [17:11:11] [Server thread/INFO]: Percentiles: P50: 33,8ms P95: 48,3ms P99: 59,5ms, sample: 100"
"without-umce","2","2026-09-27T15:11:11.7797869+00:00",,"False","100","0","0","0","0","0","True","0","34,7","33,7","48,3","59,5","100","163,89176890151163","139,2796218639557","1641861120","[17:11:11] [Server thread/INFO]: The game is running normally [17:11:11] [Server thread/INFO]: Target tick rate: 20,0 per second. Average time per tick: 34,7ms (Target: 50,0ms) [17:11:11] [Server thread/INFO]: Percentiles: P50: 33,7ms P95: 48,3ms P99: 59,5ms, sample: 100"
"without-umce","2","2026-09-27T15:11:11.9036916+00:00",,"False","100","0","0","0","0","0","True","0","34,9","33,7","48,3","59,5","100","89,00279438259118","139,2796218639557","1641861120","[17:11:11] [Server thread/INFO]: The game is running normally [17:11:11] [Server thread/INFO]: Target tick rate: 20,0 per second. Average time per tick: 34,9ms (Target: 50,0ms) [17:11:11] [Server thread/INFO]: Percentiles: P50: 33,7ms P95: 48,3ms P99: 59,5ms, sample: 100"
"without-umce","2","2026-09-27T15:11:12.0265766+00:00",,"False","100","0","0","0","0","0","True","0","34,9","33,7","48,3","59,5","100","163,9010259699915","139,2796218639557","1641861120","[17:11:12] [Server thread/INFO]: The game is running normally [17:11:12] [Server thread/INFO]: Target tick rate: 20,0 per second. Average time per tick: 34,9ms (Target: 50,0ms) [17:11:12] [Server thread/INFO]: Percentiles: P50: 33,7ms P95: 48,3ms P99: 59,5ms, sample: 100"
"without-umce","2","2026-09-27T15:11:12.1505206+00:00",,"False","100","0","0","0","0","0","True","0","34,9","34","48,3","59,5","100","101,72898584339434","139,2796218639557","1641861120","[17:11:12] [Server thread/INFO]: The game is running normally [17:11:12] [Server thread/INFO]: Target tick rate: 20,0 per second. Average time per tick: 34,9ms (Target: 50,0ms) [17:11:12] [Server thread/INFO]: Percentiles: P50: 34,0ms P95: 48,3ms P99: 59,5ms, sample: 100"
"without-umce","2","2026-09-27T15:11:12.2734115+00:00",,"False","100","0","0","0","0","0","True","0","35","34,1","48,3","59,5","100","124,54177683707725","139,2796218639557","1641861120","[17:11:12] [Server thread/INFO]: The game is running normally [17:11:12] [Server thread/INFO]: Target tick rate: 20,0 per second. Average time per tick: 35,0ms (Target: 50,0ms) [17:11:12] [Server thread/INFO]: Percentiles: P50: 34,1ms P95: 48,3ms P99: 59,5ms, sample: 100"
"without-umce","2","2026-09-27T15:11:12.4113866+00:00",,"False","100","0","0","0","0","0","True","0","35,1","34,3","48,3","59,5","100","189,0764437574723","139,2796218639557","1641861120","[17:11:12] [Server thread/INFO]: The game is running normally [17:11:12] [Server thread/INFO]: Target tick rate: 20,0 per second. Average time per tick: 35,1ms (Target: 50,0ms) [17:11:12] [Server thread/INFO]: Percentiles: P50: 34,3ms P95: 48,3ms P99: 59,5ms, sample: 100"
"without-umce","2","2026-09-27T15:11:12.5353910+00:00",,"False","100","0","0","0","0","0","True","0","35,1","34,1","48,3","59,5","100","140,51155607913284","139,2796218639557","1641861120","[17:11:12] [Server thread/INFO]: The game is running normally [17:11:12] [Server thread/INFO]: Target tick rate: 20,0 per second. Average time per tick: 35,1ms (Target: 50,0ms) [17:11:12] [Server thread/INFO]: Percentiles: P50: 34,1ms P95: 48,3ms P99: 59,5ms, sample: 100"
"without-umce","2","2026-09-27T15:11:12.6576949+00:00",,"False","100","0","0","0","0","0","True","0","35","34,1","48,3","59,5","100","166,1741775349692","139,2796218639557","1641861120","[17:11:12] [Server thread/INFO]: The game is running normally [17:11:12] [Server thread/INFO]: Target tick rate: 20,0 per second. Average time per tick: 35,0ms (Target: 50,0ms) [17:11:12] [Server thread/INFO]: Percentiles: P50: 34,1ms P95: 48,3ms P99: 59,5ms, sample: 100"
"without-umce","2","2026-09-27T15:11:12.7799566+00:00",,"False","100","0","0","0","0","0","True","0","34,7","33,9","48,3","59,5","100","113,2770807741104","139,2796218639557","1641861120","[17:11:12] [Server thread/INFO]: The game is running normally [17:11:12] [Server thread/INFO]: Target tick rate: 20,0 per second. Average time per tick: 34,7ms (Target: 50,0ms) [17:11:12] [Server thread/INFO]: Percentiles: P50: 33,9ms P95: 48,3ms P99: 59,5ms, sample: 100"
"without-umce","2","2026-09-27T15:11:12.9040780+00:00",,"False","100","0","0","0","0","0","True","0","34,6","33,7","48,3","59,5","100","63,946469131760416","139,2796218639557","1641861120","[17:11:12] [Server thread/INFO]: The game is running normally [17:11:12] [Server thread/INFO]: Target tick rate: 20,0 per second. Average time per tick: 34,6ms (Target: 50,0ms) [17:11:12] [Server thread/INFO]: Percentiles: P50: 33,7ms P95: 48,3ms P99: 59,5ms, sample: 100"
"without-umce","2","2026-09-27T15:11:13.0262511+00:00",,"False","100","0","0","0","0","0","True","0","34,3","33,5","48,3","59,5","100","188,4078242604164","139,2796218639557","1641861120","[17:11:13] [Server thread/INFO]: The game is running normally [17:11:13] [Server thread/INFO]: Target tick rate: 20,0 per second. Average time per tick: 34,3ms (Target: 50,0ms) [17:11:13] [Server thread/INFO]: Percentiles: P50: 33,5ms P95: 48,3ms P99: 59,5ms, sample: 100"
"without-umce","2","2026-09-27T15:11:13.1506342+00:00",,"False","100","0","0","0","0","0","True","0","34,3","33,5","48,3","59,5","100","75,28149255696903","139,2796218639557","1641861120","[17:11:13] [Server thread/INFO]: The game is running normally [17:11:13] [Server thread/INFO]: Target tick rate: 20,0 per second. Average time per tick: 34,3ms (Target: 50,0ms) [17:11:13] [Server thread/INFO]: Percentiles: P50: 33,5ms P95: 48,3ms P99: 59,5ms, sample: 100"
"without-umce","2","2026-09-27T15:11:13.2751767+00:00",,"False","100","0","0","0","0","0","True","0","34,2","33,5","48,3","59,5","100","139,17375929883147","139,2796218639557","1641861120","[17:11:13] [Server thread/INFO]: The game is running normally [17:11:13] [Server thread/INFO]: Target tick rate: 20,0 per second. Average time per tick: 34,2ms (Target: 50,0ms) [17:11:13] [Server thread/INFO]: Percentiles: P50: 33,5ms P95: 48,3ms P99: 59,5ms, sample: 100"
"without-umce","2","2026-09-27T15:11:13.3986616+00:00",,"False","100","0","0","0","0","0","True","0","34,2","33,5","48,3","59,5","100","123,4679113812523","139,2796218639557","1641861120","[17:11:13] [Server thread/INFO]: The game is running normally [17:11:13] [Server thread/INFO]: Target tick rate: 20,0 per second. Average time per tick: 34,2ms (Target: 50,0ms) [17:11:13] [Server thread/INFO]: Percentiles: P50: 33,5ms P95: 48,3ms P99: 59,5ms, sample: 100"
"without-umce","2","2026-09-27T15:11:13.5252737+00:00",,"False","100","0","0","0","0","0","True","0","34,2","33,5","48,3","59,5","100","125,88654339319223","139,2796218639557","1641861120","[17:11:13] [Server thread/INFO]: The game is running normally [17:11:13] [Server thread/INFO]: Target tick rate: 20,0 per second. Average time per tick: 34,2ms (Target: 50,0ms) [17:11:13] [Server thread/INFO]: Percentiles: P50: 33,5ms P95: 48,3ms P99: 59,5ms, sample: 100"
"without-umce","2","2026-09-27T15:11:13.6493246+00:00",,"False","100","0","0","0","0","0","True","0","34,2","33,5","48,3","59,5","100","88,44272873412277","139,2796218639557","1641861120","[17:11:13] [Server thread/INFO]: The game is running normally [17:11:13] [Server thread/INFO]: Target tick rate: 20,0 per second. Average time per tick: 34,2ms (Target: 50,0ms) [17:11:13] [Server thread/INFO]: Percentiles: P50: 33,5ms P95: 48,3ms P99: 59,5ms, sample: 100"
"without-umce","2","2026-09-27T15:11:13.7730194+00:00",,"False","100","0","0","0","0","0","True","0","34,3","33,5","48,3","59,5","100","161,7865858709435","139,2796218639557","1641861120","[17:11:13] [Server thread/INFO]: The game is running normally [17:11:13] [Server thread/INFO]: Target tick rate: 20,0 per second. Average time per tick: 34,3ms (Target: 50,0ms) [17:11:13] [Server thread/INFO]: Percentiles: P50: 33,5ms P95: 48,3ms P99: 59,5ms, sample: 100"
"without-umce","2","2026-09-27T15:11:13.8985468+00:00",,"False","100","0","0","0","0","0","True","0","34,2","33,5","48,3","59,5","100","113,2312018088005","139,2796218639557","1641861120","[17:11:13] [Server thread/INFO]: The game is running normally [17:11:13] [Server thread/INFO]: Target tick rate: 20,0 per second. Average time per tick: 34,2ms (Target: 50,0ms) [17:11:13] [Server thread/INFO]: Percentiles: P50: 33,5ms P95: 48,3ms P99: 59,5ms, sample: 100"
"without-umce","2","2026-09-27T15:11:14.0365623+00:00",,"False","100","0","0","0","0","0","True","0","34,4","33,5","48,3","59,5","100","176,95127712309176","139,2796218639557","1641861120","[17:11:14] [Server thread/INFO]: The game is running normally [17:11:14] [Server thread/INFO]: Target tick rate: 20,0 per second. Average time per tick: 34,4ms (Target: 50,0ms) [17:11:14] [Server thread/INFO]: Percentiles: P50: 33,5ms P95: 48,3ms P99: 59,5ms, sample: 100"
"without-umce","2","2026-09-27T15:11:14.1601445+00:00",,"False","100","0","0","0","0","0","True","0","34,2","33,5","48,3","59,5","100","87,64886282862814","139,2796218639557","1641861120","[17:11:14] [Server thread/INFO]: The game is running normally [17:11:14] [Server thread/INFO]: Target tick rate: 20,0 per second. Average time per tick: 34,2ms (Target: 50,0ms) [17:11:14] [Server thread/INFO]: Percentiles: P50: 33,5ms P95: 48,3ms P99: 59,5ms, sample: 100"
"without-umce","2","2026-09-27T15:11:14.2849708+00:00",,"False","100","0","0","0","0","0","True","0","34","33,5","48,3","59,5","100","100,44815950846295","139,2796218639557","1641861120","[17:11:14] [Server thread/INFO]: The game is running normally [17:11:14] [Server thread/INFO]: Target tick rate: 20,0 per second. Average time per tick: 34,0ms (Target: 50,0ms) [17:11:14] [Server thread/INFO]: Percentiles: P50: 33,5ms P95: 48,3ms P99: 59,5ms, sample: 100"
"without-umce","2","2026-09-27T15:11:14.4094166+00:00",,"False","100","0","0","0","0","0","True","0","33,9","33,3","48,3","59,5","100","50,038109023832554","139,2796218639557","1641861120","[17:11:14] [Server thread/INFO]: The game is running normally [17:11:14] [Server thread/INFO]: Target tick rate: 20,0 per second. Average time per tick: 33,9ms (Target: 50,0ms) [17:11:14] [Server thread/INFO]: Percentiles: P50: 33,3ms P95: 48,3ms P99: 59,5ms, sample: 100"
"without-umce","2","2026-09-27T15:11:14.5343039+00:00",,"False","100","0","0","0","0","0","True","0","33,9","33,2","48,3","59,5","100","75,20558197889751","139,2796218639557","1641861120","[17:11:14] [Server thread/INFO]: The game is running normally [17:11:14] [Server thread/INFO]: Target tick rate: 20,0 per second. Average time per tick: 33,9ms (Target: 50,0ms) [17:11:14] [Server thread/INFO]: Percentiles: P50: 33,2ms P95: 48,3ms P99: 59,5ms, sample: 100"
"without-umce","2","2026-09-27T15:11:14.6589683+00:00",,"False","100","0","0","0","0","0","True","0","33,8","33,2","48,3","59,5","100","127,11954036828463","139,2796218639557","1641861120","[17:11:14] [Server thread/INFO]: The game is running normally [17:11:14] [Server thread/INFO]: Target tick rate: 20,0 per second. Average time per tick: 33,8ms (Target: 50,0ms) [17:11:14] [Server thread/INFO]: Percentiles: P50: 33,2ms P95: 48,3ms P99: 59,5ms, sample: 100"
"without-umce","2","2026-09-27T15:11:14.7818804+00:00",,"False","100","0","0","0","0","0","True","0","33,6","33","48,3","59,5","100","177,542407272137","139,2796218639557","1641861120","[17:11:14] [Server thread/INFO]: The game is running normally [17:11:14] [Server thread/INFO]: Target tick rate: 20,0 per second. Average time per tick: 33,6ms (Target: 50,0ms) [17:11:14] [Server thread/INFO]: Percentiles: P50: 33,0ms P95: 48,3ms P99: 59,5ms, sample: 100"
"without-umce","2","2026-09-27T15:11:14.9051168+00:00",,"False","100","0","0","0","0","0","True","0","33,6","33","48,3","59,5","100","128,10758249308424","139,2796218639557","1641861120","[17:11:14] [Server thread/INFO]: The game is running normally [17:11:14] [Server thread/INFO]: Target tick rate: 20,0 per second. Average time per tick: 33,6ms (Target: 50,0ms) [17:11:14] [Server thread/INFO]: Percentiles: P50: 33,0ms P95: 48,3ms P99: 59,5ms, sample: 100"
"without-umce","2","2026-09-27T15:11:15.0270323+00:00",,"False","100","0","0","0","0","0","True","0","33,5","33","48,3","59,5","100","88,86251111035281","139,2796218639557","1641861120","[17:11:15] [Server thread/INFO]: The game is running normally [17:11:15] [Server thread/INFO]: Target tick rate: 20,0 per second. Average time per tick: 33,5ms (Target: 50,0ms) [17:11:15] [Server thread/INFO]: Percentiles: P50: 33,0ms P95: 48,3ms P99: 59,5ms, sample: 100"
"without-umce","2","2026-09-27T15:11:15.1501413+00:00",,"False","100","0","0","0","0","0","True","0","33,3","32,9","48,3","59,5","100","99,40729395054925","139,2796218639557","1641861120","[17:11:15] [Server thread/INFO]: The game is running normally [17:11:15] [Server thread/INFO]: Target tick rate: 20,0 per second. Average time per tick: 33,3ms (Target: 50,0ms) [17:11:15] [Server thread/INFO]: Percentiles: P50: 32,9ms P95: 48,3ms P99: 59,5ms, sample: 100"
"without-umce","2","2026-09-27T15:11:15.2758991+00:00",,"False","100","0","0","0","0","0","True","0","33,3","32,8","48,3","59,5","100","166,91126442524185","139,2796218639557","1641861120","[17:11:15] [Server thread/INFO]: The game is running normally [17:11:15] [Server thread/INFO]: Target tick rate: 20,0 per second. Average time per tick: 33,3ms (Target: 50,0ms) [17:11:15] [Server thread/INFO]: Percentiles: P50: 32,8ms P95: 48,3ms P99: 59,5ms, sample: 100"
"without-umce","2","2026-09-27T15:11:15.3975878+00:00",,"False","100","0","0","0","0","0","True","0","33,3","32,8","48,3","59,5","100","99,77435032929526","139,2796218639557","1641861120","[17:11:15] [Server thread/INFO]: The game is running normally [17:11:15] [Server thread/INFO]: Target tick rate: 20,0 per second. Average time per tick: 33,3ms (Target: 50,0ms) [17:11:15] [Server thread/INFO]: Percentiles: P50: 32,8ms P95: 48,3ms P99: 59,5ms, sample: 100"
"without-umce","2","2026-09-27T15:11:15.5228514+00:00",,"False","100","0","0","0","0","0","True","0","33,1","32,6","48,3","59,5","100","113,2799642724055","139,2796218639557","1641861120","[17:11:15] [Server thread/INFO]: The game is running normally [17:11:15] [Server thread/INFO]: Target tick rate: 20,0 per second. Average time per tick: 33,1ms (Target: 50,0ms) [17:11:15] [Server thread/INFO]: Percentiles: P50: 32,6ms P95: 48,3ms P99: 59,5ms, sample: 100"
"without-umce","2","2026-09-27T15:11:15.6607901+00:00",,"False","100","0","0","0","0","0","True","0","32,6","32,5","41,3","52,3","100","125,57584057453862","139,2796218639557","1641861120","[17:11:15] [Server thread/INFO]: The game is running normally [17:11:15] [Server thread/INFO]: Target tick rate: 20,0 per second. Average time per tick: 32,6ms (Target: 50,0ms) [17:11:15] [Server thread/INFO]: Percentiles: P50: 32,5ms P95: 41,3ms P99: 52,3ms, sample: 100"
"without-umce","2","2026-09-27T15:11:15.7852465+00:00",,"False","100","0","0","0","0","0","True","0","32,4","32,5","40,2","50,5","100","114,26869659335051","139,2796218639557","1641861120","[17:11:15] [Server thread/INFO]: The game is running normally [17:11:15] [Server thread/INFO]: Target tick rate: 20,0 per second. Average time per tick: 32,4ms (Target: 50,0ms) [17:11:15] [Server thread/INFO]: Percentiles: P50: 32,5ms P95: 40,2ms P99: 50,5ms, sample: 100"
"without-umce","2","2026-09-27T15:11:15.9082867+00:00",,"False","100","0","0","0","0","0","True","0","32,4","32,3","40,2","50,5","100","112,228675953016","139,2796218639557","1641861120","[17:11:15] [Server thread/INFO]: The game is running normally [17:11:15] [Server thread/INFO]: Target tick rate: 20,0 per second. Average time per tick: 32,4ms (Target: 50,0ms) [17:11:15] [Server thread/INFO]: Percentiles: P50: 32,3ms P95: 40,2ms P99: 50,5ms, sample: 100"
"without-umce","2","2026-09-27T15:11:16.0335916+00:00",,"False","100","0","0","0","0","0","True","0","32","32,1","39,3","42,1","100","152,05517778291386","139,2796218639557","1641861120","[17:11:16] [Server thread/INFO]: The game is running normally [17:11:16] [Server thread/INFO]: Target tick rate: 20,0 per second. Average time per tick: 32,0ms (Target: 50,0ms) [17:11:16] [Server thread/INFO]: Percentiles: P50: 32,1ms P95: 39,3ms P99: 42,1ms, sample: 100"
"without-umce","2","2026-09-27T15:11:16.1569156+00:00",,"False","100","0","0","0","0","0","True","0","32,1","32,3","39,3","42,1","100","177,01127288705183","139,2796218639557","1641861120","[17:11:16] [Server thread/INFO]: The game is running normally [17:11:16] [Server thread/INFO]: Target tick rate: 20,0 per second. Average time per tick: 32,1ms (Target: 50,0ms) [17:11:16] [Server thread/INFO]: Percentiles: P50: 32,3ms P95: 39,3ms P99: 42,1ms, sample: 100"
"without-umce","2","2026-09-27T15:11:16.2805021+00:00",,"False","100","0","0","0","0","0","True","0","32,2","32,3","39,3","42,1","100","149,1101108583971","139,2796218639557","1641861120","[17:11:16] [Server thread/INFO]: The game is running normally [17:11:16] [Server thread/INFO]: Target tick rate: 20,0 per second. Average time per tick: 32,2ms (Target: 50,0ms) [17:11:16] [Server thread/INFO]: Percentiles: P50: 32,3ms P95: 39,3ms P99: 42,1ms, sample: 100"
"without-umce","2","2026-09-27T15:11:16.4062404+00:00",,"False","100","0","0","0","0","0","True","0","32,2","32,5","39,3","42,1","100","153,2749335399888","139,2796218639557","1641861120","[17:11:16] [Server thread/INFO]: The game is running normally [17:11:16] [Server thread/INFO]: Target tick rate: 20,0 per second. Average time per tick: 32,2ms (Target: 50,0ms) [17:11:16] [Server thread/INFO]: Percentiles: P50: 32,5ms P95: 39,3ms P99: 42,1ms, sample: 100"
"without-umce","2","2026-09-27T15:11:16.5285558+00:00",,"False","100","0","0","0","0","0","True","0","32,3","32,3","39,4","42,1","100","136,19233566983254","139,2796218639557","1641861120","[17:11:16] [Server thread/INFO]: The game is running normally [17:11:16] [Server thread/INFO]: Target tick rate: 20,0 per second. Average time per tick: 32,3ms (Target: 50,0ms) [17:11:16] [Server thread/INFO]: Percentiles: P50: 32,3ms P95: 39,4ms P99: 42,1ms, sample: 100"
"without-umce","2","2026-09-27T15:11:16.6547684+00:00",,"False","100","0","0","0","0","0","True","0","32,4","32,6","39,4","42,1","100","178,28835033355205","139,2796218639557","1641861120","[17:11:16] [Server thread/INFO]: The game is running normally [17:11:16] [Server thread/INFO]: Target tick rate: 20,0 per second. Average time per tick: 32,4ms (Target: 50,0ms) [17:11:16] [Server thread/INFO]: Percentiles: P50: 32,6ms P95: 39,4ms P99: 42,1ms, sample: 100"
"without-umce","2","2026-09-27T15:11:16.7774422+00:00",,"False","100","0","0","0","0","0","True","0","32,7","32,8","41,3","47,9","100","124,73147807400228","139,2796218639557","1641861120","[17:11:16] [Server thread/INFO]: The game is running normally [17:11:16] [Server thread/INFO]: Target tick rate: 20,0 per second. Average time per tick: 32,7ms (Target: 50,0ms) [17:11:16] [Server thread/INFO]: Percentiles: P50: 32,8ms P95: 41,3ms P99: 47,9ms, sample: 100"
"without-umce","2","2026-09-27T15:11:16.9027243+00:00",,"False","100","0","0","0","0","0","True","0","32,5","32,6","41,3","47,9","100","152,57758468462822","139,2796218639557","1641861120","[17:11:16] [Server thread/INFO]: The game is running normally [17:11:16] [Server thread/INFO]: Target tick rate: 20,0 per second. Average time per tick: 32,5ms (Target: 50,0ms) [17:11:16] [Server thread/INFO]: Percentiles: P50: 32,6ms P95: 41,3ms P99: 47,9ms, sample: 100"
"without-umce","2","2026-09-27T15:11:17.0255996+00:00",,"False","100","0","0","0","0","0","True","0","32,7","32,8","41,3","47,9","100","137,350891871784","139,2796218639557","1641861120","[17:11:17] [Server thread/INFO]: The game is running normally [17:11:17] [Server thread/INFO]: Target tick rate: 20,0 per second. Average time per tick: 32,7ms (Target: 50,0ms) [17:11:17] [Server thread/INFO]: Percentiles: P50: 32,8ms P95: 41,3ms P99: 47,9ms, sample: 100"
"without-umce","2","2026-09-27T15:11:17.1507441+00:00",,"False","100","0","0","0","0","0","True","0","32,7","32,8","41,3","47,9","100","100,30677825060164","139,2796218639557","1641861120","[17:11:17] [Server thread/INFO]: The game is running normally [17:11:17] [Server thread/INFO]: Target tick rate: 20,0 per second. Average time per tick: 32,7ms (Target: 50,0ms) [17:11:17] [Server thread/INFO]: Percentiles: P50: 32,8ms P95: 41,3ms P99: 47,9ms, sample: 100"
"without-umce","2","2026-09-27T15:11:17.2753509+00:00",,"False","100","0","0","0","0","0","True","0","32,6","32,6","41,3","47,9","100","139,3354378557867","139,2796218639557","1641861120","[17:11:17] [Server thread/INFO]: The game is running normally [17:11:17] [Server thread/INFO]: Target tick rate: 20,0 per second. Average time per tick: 32,6ms (Target: 50,0ms) [17:11:17] [Server thread/INFO]: Percentiles: P50: 32,6ms P95: 41,3ms P99: 47,9ms, sample: 100"
"without-umce","2","2026-09-27T15:11:17.3986864+00:00",,"False","100","0","0","0","0","0","True","0","32,4","32,3","41,3","47,9","100","100,57156833717383","139,2796218639557","1641861120","[17:11:17] [Server thread/INFO]: The game is running normally [17:11:17] [Server thread/INFO]: Target tick rate: 20,0 per second. Average time per tick: 32,4ms (Target: 50,0ms) [17:11:17] [Server thread/INFO]: Percentiles: P50: 32,3ms P95: 41,3ms P99: 47,9ms, sample: 100"
"without-umce","2","2026-09-27T15:11:17.5229984+00:00",,"False","100","0","0","0","0","0","True","0","32,3","32,3","41,3","47,9","100","90,48103336578586","139,2796218639557","1641861120","[17:11:17] [Server thread/INFO]: The game is running normally [17:11:17] [Server thread/INFO]: Target tick rate: 20,0 per second. Average time per tick: 32,3ms (Target: 50,0ms) [17:11:17] [Server thread/INFO]: Percentiles: P50: 32,3ms P95: 41,3ms P99: 47,9ms, sample: 100"
"without-umce","2","2026-09-27T15:11:17.6611523+00:00",,"False","100","0","0","0","0","0","True","0","32,1","31,8","41,3","47,9","100","126,69805805325292","139,2796218639557","1641861120","[17:11:17] [Server thread/INFO]: The game is running normally [17:11:17] [Server thread/INFO]: Target tick rate: 20,0 per second. Average time per tick: 32,1ms (Target: 50,0ms) [17:11:17] [Server thread/INFO]: Percentiles: P50: 31,8ms P95: 41,3ms P99: 47,9ms, sample: 100"
"without-umce","2","2026-09-27T15:11:17.7844928+00:00",,"False","100","0","0","0","0","0","True","0","32","31,8","41,3","47,9","100","89,56655112069764","139,2796218639557","1641861120","[17:11:17] [Server thread/INFO]: The game is running normally [17:11:17] [Server thread/INFO]: Target tick rate: 20,0 per second. Average time per tick: 32,0ms (Target: 50,0ms) [17:11:17] [Server thread/INFO]: Percentiles: P50: 31,8ms P95: 41,3ms P99: 47,9ms, sample: 100"
"without-umce","2","2026-09-27T15:11:17.9066061+00:00",,"False","100","0","0","0","0","0","True","0","32,1","31,8","41,3","47,9","100","174,61124552296766","139,2796218639557","1641861120","[17:11:17] [Server thread/INFO]: The game is running normally [17:11:17] [Server thread/INFO]: Target tick rate: 20,0 per second. Average time per tick: 32,1ms (Target: 50,0ms) [17:11:17] [Server thread/INFO]: Percentiles: P50: 31,8ms P95: 41,3ms P99: 47,9ms, sample: 100"
"without-umce","2","2026-09-27T15:11:18.0318928+00:00",,"False","100","0","0","0","0","0","True","0","32,2","31,8","41,3","47,9","100","153,79756958827366","139,2796218639557","1641861120","[17:11:18] [Server thread/INFO]: The game is running normally [17:11:18] [Server thread/INFO]: Target tick rate: 20,0 per second. Average time per tick: 32,2ms (Target: 50,0ms) [17:11:18] [Server thread/INFO]: Percentiles: P50: 31,8ms P95: 41,3ms P99: 47,9ms, sample: 100"
"without-umce","2","2026-09-27T15:11:18.1537816+00:00",,"False","100","0","0","0","0","0","True","0","32,1","31,8","41,3","47,9","100","137,82747808793692","139,2796218639557","1641861120","[17:11:18] [Server thread/INFO]: The game is running normally [17:11:18] [Server thread/INFO]: Target tick rate: 20,0 per second. Average time per tick: 32,1ms (Target: 50,0ms) [17:11:18] [Server thread/INFO]: Percentiles: P50: 31,8ms P95: 41,3ms P99: 47,9ms, sample: 100"
"without-umce","2","2026-09-27T15:11:18.2784895+00:00",,"False","100","0","0","0","0","0","True","0","32,1","31,8","41,3","47,9","100","127,00051206606464","139,2796218639557","1641861120","[17:11:18] [Server thread/INFO]: The game is running normally [17:11:18] [Server thread/INFO]: Target tick rate: 20,0 per second. Average time per tick: 32,1ms (Target: 50,0ms) [17:11:18] [Server thread/INFO]: Percentiles: P50: 31,8ms P95: 41,3ms P99: 47,9ms, sample: 100"
"without-umce","2","2026-09-27T15:11:18.4015095+00:00",,"False","100","0","0","0","0","0","True","0","32","31,8","41,3","47,9","100","75,68247428006795","139,2796218639557","1641861120","[17:11:18] [Server thread/INFO]: The game is running normally [17:11:18] [Server thread/INFO]: Target tick rate: 20,0 per second. Average time per tick: 32,0ms (Target: 50,0ms) [17:11:18] [Server thread/INFO]: Percentiles: P50: 31,8ms P95: 41,3ms P99: 47,9ms, sample: 100"
"without-umce","2","2026-09-27T15:11:18.5254004+00:00",,"False","100","0","0","0","0","0","True","0","32","31,8","38,9","47,9","100","127,06340809676497","139,2796218639557","1641861120","[17:11:18] [Server thread/INFO]: The game is running normally [17:11:18] [Server thread/INFO]: Target tick rate: 20,0 per second. Average time per tick: 32,0ms (Target: 50,0ms) [17:11:18] [Server thread/INFO]: Percentiles: P50: 31,8ms P95: 38,9ms P99: 47,9ms, sample: 100"
"without-umce","2","2026-09-27T15:11:18.6483630+00:00",,"False","100","0","0","0","0","0","True","0","31,9","31,8","38,9","47,9","100","125,44407201493286","139,2796218639557","1641861120","[17:11:18] [Server thread/INFO]: The game is running normally [17:11:18] [Server thread/INFO]: Target tick rate: 20,0 per second. Average time per tick: 31,9ms (Target: 50,0ms) [17:11:18] [Server thread/INFO]: Percentiles: P50: 31,8ms P95: 38,9ms P99: 47,9ms, sample: 100"
"without-umce","2","2026-09-27T15:11:18.7729208+00:00",,"False","100","0","0","0","0","0","True","0","31,8","31,8","38,3","47,9","100","125,33177828347202","139,2796218639557","1641861120","[17:11:18] [Server thread/INFO]: The game is running normally [17:11:18] [Server thread/INFO]: Target tick rate: 20,0 per second. Average time per tick: 31,8ms (Target: 50,0ms) [17:11:18] [Server thread/INFO]: Percentiles: P50: 31,8ms P95: 38,3ms P99: 47,9ms, sample: 100"
"without-umce","2","2026-09-27T15:11:18.8975794+00:00",,"False","100","0","0","0","0","0","True","0","31,8","31,8","38,3","47,9","100","101,96468269678367","139,2796218639557","1641861120","[17:11:18] [Server thread/INFO]: The game is running normally [17:11:18] [Server thread/INFO]: Target tick rate: 20,0 per second. Average time per tick: 31,8ms (Target: 50,0ms) [17:11:18] [Server thread/INFO]: Percentiles: P50: 31,8ms P95: 38,3ms P99: 47,9ms, sample: 100"
"without-umce","2","2026-09-27T15:11:19.0355213+00:00",,"False","100","0","0","0","0","0","True","0","31,7","31,7","38,3","47,9","100","75,10580906380909","139,2796218639557","1641861120","[17:11:19] [Server thread/INFO]: The game is running normally [17:11:19] [Server thread/INFO]: Target tick rate: 20,0 per second. Average time per tick: 31,7ms (Target: 50,0ms) [17:11:19] [Server thread/INFO]: Percentiles: P50: 31,7ms P95: 38,3ms P99: 47,9ms, sample: 100"
"without-umce","2","2026-09-27T15:11:19.1603222+00:00",,"False","100","0","0","0","0","0","True","0","31,7","31,7","38,3","47,9","100","114,2861554665557","139,2796218639557","1641861120","[17:11:19] [Server thread/INFO]: The game is running normally [17:11:19] [Server thread/INFO]: Target tick rate: 20,0 per second. Average time per tick: 31,7ms (Target: 50,0ms) [17:11:19] [Server thread/INFO]: Percentiles: P50: 31,7ms P95: 38,3ms P99: 47,9ms, sample: 100"
"without-umce","2","2026-09-27T15:11:19.2833752+00:00",,"False","100","0","0","0","0","0","True","0","31,7","31,7","38,3","47,9","100","90,14841623141294","139,2796218639557","1641861120","[17:11:19] [Server thread/INFO]: The game is running normally [17:11:19] [Server thread/INFO]: Target tick rate: 20,0 per second. Average time per tick: 31,7ms (Target: 50,0ms) [17:11:19] [Server thread/INFO]: Percentiles: P50: 31,7ms P95: 38,3ms P99: 47,9ms, sample: 100"
"without-umce","2","2026-09-27T15:11:19.4047099+00:00",,"False","100","0","0","0","0","0","True","0","31,8","31,8","38,3","47,9","100","165,22005073933178","139,2796218639557","1641861120","[17:11:19] [Server thread/INFO]: The game is running normally [17:11:19] [Server thread/INFO]: Target tick rate: 20,0 per second. Average time per tick: 31,8ms (Target: 50,0ms) [17:11:19] [Server thread/INFO]: Percentiles: P50: 31,8ms P95: 38,3ms P99: 47,9ms, sample: 100"
"without-umce","2","2026-09-27T15:11:19.5276498+00:00",,"False","100","0","0","0","0","0","True","0","32,1","32,3","41,3","47,9","100","125,2788205430005","139,2796218639557","1641861120","[17:11:19] [Server thread/INFO]: The game is running normally [17:11:19] [Server thread/INFO]: Target tick rate: 20,0 per second. Average time per tick: 32,1ms (Target: 50,0ms) [17:11:19] [Server thread/INFO]: Percentiles: P50: 32,3ms P95: 41,3ms P99: 47,9ms, sample: 100"
"without-umce","2","2026-09-27T15:11:19.6523900+00:00",,"False","100","0","0","0","0","0","True","0","32,2","32,3","41,3","47,9","100","148,1286024876125","139,2796218639557","1641861120","[17:11:19] [Server thread/INFO]: The game is running normally [17:11:19] [Server thread/INFO]: Target tick rate: 20,0 per second. Average time per tick: 32,2ms (Target: 50,0ms) [17:11:19] [Server thread/INFO]: Percentiles: P50: 32,3ms P95: 41,3ms P99: 47,9ms, sample: 100"
"without-umce","2","2026-09-27T15:11:19.7789596+00:00",,"False","100","0","0","0","0","0","True","0","32,4","32,3","41,3","47,9","100","127,88958851882984","139,2796218639557","1641861120","[17:11:19] [Server thread/INFO]: The game is running normally [17:11:19] [Server thread/INFO]: Target tick rate: 20,0 per second. Average time per tick: 32,4ms (Target: 50,0ms) [17:11:19] [Server thread/INFO]: Percentiles: P50: 32,3ms P95: 41,3ms P99: 47,9ms, sample: 100"
"without-umce","2","2026-09-27T15:11:19.9011351+00:00",,"False","100","0","0","0","0","0","True","0","32,4","32,3","41,3","47,9","100","125,06873777828295","139,2796218639557","1641861120","[17:11:19] [Server thread/INFO]: The game is running normally [17:11:19] [Server thread/INFO]: Target tick rate: 20,0 per second. Average time per tick: 32,4ms (Target: 50,0ms) [17:11:19] [Server thread/INFO]: Percentiles: P50: 32,3ms P95: 41,3ms P99: 47,9ms, sample: 100"
"without-umce","2","2026-09-27T15:11:20.0260851+00:00",,"False","100","0","0","0","0","0","True","0","32,6","32,5","42,1","47,9","100","173,6560411662065","139,2796218639557","1641861120","[17:11:20] [Server thread/INFO]: The game is running normally [17:11:20] [Server thread/INFO]: Target tick rate: 20,0 per second. Average time per tick: 32,6ms (Target: 50,0ms) [17:11:20] [Server thread/INFO]: Percentiles: P50: 32,5ms P95: 42,1ms P99: 47,9ms, sample: 100"
"without-umce","2","2026-09-27T15:11:20.1520469+00:00",,"False","100","0","0","0","0","0","True","0","32,7","32,6","42,1","47,9","100","124,56809749237443","139,2796218639557","1641861120","[17:11:20] [Server thread/INFO]: The game is running normally [17:11:20] [Server thread/INFO]: Target tick rate: 20,0 per second. Average time per tick: 32,7ms (Target: 50,0ms) [17:11:20] [Server thread/INFO]: Percentiles: P50: 32,6ms P95: 42,1ms P99: 47,9ms, sample: 100"
"without-umce","2","2026-09-27T15:11:20.2774767+00:00",,"False","100","0","0","0","0","0","True","0","32,9","32,8","42,1","47,9","100","100,66641164509049","139,2796218639557","1641861120","[17:11:20] [Server thread/INFO]: The game is running normally [17:11:20] [Server thread/INFO]: Target tick rate: 20,0 per second. Average time per tick: 32,9ms (Target: 50,0ms) [17:11:20] [Server thread/INFO]: Percentiles: P50: 32,8ms P95: 42,1ms P99: 47,9ms, sample: 100"
"without-umce","2","2026-09-27T15:11:20.4016362+00:00",,"False","100","0","0","0","0","0","True","0","32,9","32,7","42,1","47,9","100","113,04251363141991","139,2796218639557","1641861120","[17:11:20] [Server thread/INFO]: The game is running normally [17:11:20] [Server thread/INFO]: Target tick rate: 20,0 per second. Average time per tick: 32,9ms (Target: 50,0ms) [17:11:20] [Server thread/INFO]: Percentiles: P50: 32,7ms P95: 42,1ms P99: 47,9ms, sample: 100"
"without-umce","2","2026-09-27T15:11:20.5260581+00:00",,"False","100","0","0","0","0","0","True","0","33,1","32,9","42,1","47,9","100","163,57475154756813","139,2796218639557","1641861120","[17:11:20] [Server thread/INFO]: The game is running normally [17:11:20] [Server thread/INFO]: Target tick rate: 20,0 per second. Average time per tick: 33,1ms (Target: 50,0ms) [17:11:20] [Server thread/INFO]: Percentiles: P50: 32,9ms P95: 42,1ms P99: 47,9ms, sample: 100"
"without-umce","2","2026-09-27T15:11:20.6502645+00:00",,"False","100","0","0","0","0","0","True","0","33,1","33","42,1","47,9","100","140,10254487357147","139,2796218639557","1641861120","[17:11:20] [Server thread/INFO]: The game is running normally [17:11:20] [Server thread/INFO]: Target tick rate: 20,0 per second. Average time per tick: 33,1ms (Target: 50,0ms) [17:11:20] [Server thread/INFO]: Percentiles: P50: 33,0ms P95: 42,1ms P99: 47,9ms, sample: 100"
"without-umce","2","2026-09-27T15:11:20.7728897+00:00",,"False","100","0","0","0","0","0","True","0","33,2","33","42,1","47,9","100","123,74116983012094","139,2796218639557","1641861120","[17:11:20] [Server thread/INFO]: The game is running normally [17:11:20] [Server thread/INFO]: Target tick rate: 20,0 per second. Average time per tick: 33,2ms (Target: 50,0ms) [17:11:20] [Server thread/INFO]: Percentiles: P50: 33,0ms P95: 42,1ms P99: 47,9ms, sample: 100"
"without-umce","2","2026-09-27T15:11:20.9118081+00:00",,"False","100","0","0","0","0","0","True","0","33,3","33,2","42,1","47,9","100","176,34061186766272","139,2796218639557","1641861120","[17:11:20] [Server thread/INFO]: The game is running normally [17:11:20] [Server thread/INFO]: Target tick rate: 20,0 per second. Average time per tick: 33,3ms (Target: 50,0ms) [17:11:20] [Server thread/INFO]: Percentiles: P50: 33,2ms P95: 42,1ms P99: 47,9ms, sample: 100"
"without-umce","2","2026-09-27T15:11:21.0358345+00:00",,"False","100","0","0","0","0","0","True","0","33,3","33,2","42,1","47,9","100","136,7285229819268","139,2796218639557","1641861120","[17:11:21] [Server thread/INFO]: The game is running normally [17:11:21] [Server thread/INFO]: Target tick rate: 20,0 per second. Average time per tick: 33,3ms (Target: 50,0ms) [17:11:21] [Server thread/INFO]: Percentiles: P50: 33,2ms P95: 42,1ms P99: 47,9ms, sample: 100"
"without-umce","2","2026-09-27T15:11:21.1615653+00:00",,"False","100","0","0","0","0","0","True","0","33,3","33,1","42,1","47,9","100","126,15894654655528","139,2796218639557","1641861120","[17:11:21] [Server thread/INFO]: The game is running normally [17:11:21] [Server thread/INFO]: Target tick rate: 20,0 per second. Average time per tick: 33,3ms (Target: 50,0ms) [17:11:21] [Server thread/INFO]: Percentiles: P50: 33,1ms P95: 42,1ms P99: 47,9ms, sample: 100"
"without-umce","2","2026-09-27T15:11:21.2853949+00:00",,"False","100","0","0","0","0","0","True","0","33,4","33,2","42,1","47,9","100","138,69533184799877","139,2796218639557","1641861120","[17:11:21] [Server thread/INFO]: The game is running normally [17:11:21] [Server thread/INFO]: Target tick rate: 20,0 per second. Average time per tick: 33,4ms (Target: 50,0ms) [17:11:21] [Server thread/INFO]: Percentiles: P50: 33,2ms P95: 42,1ms P99: 47,9ms, sample: 100"
"without-umce","2","2026-09-27T15:11:21.4093532+00:00",,"False","100","0","0","0","0","0","True","0","33,7","33,2","42,9","47,9","100","138,50186710589722","139,2796218639557","1641861120","[17:11:21] [Server thread/INFO]: The game is running normally [17:11:21] [Server thread/INFO]: Target tick rate: 20,0 per second. Average time per tick: 33,7ms (Target: 50,0ms) [17:11:21] [Server thread/INFO]: Percentiles: P50: 33,2ms P95: 42,9ms P99: 47,9ms, sample: 100"
