"condition","repeat","time_utc","artifact_sha256","players_observed","pigs_in_seed_world","villagers_in_seed_world","tnt_in_seed_world","hopper_rows","redstone_clock_pairs","idle_clients","save_all_interval_seconds","tick_mean_ms","tick_p50_ms","tick_p95_ms","tick_p99_ms","tick_sample_count","sample_cpu_percent_one_core","process_cpu_percent_one_core","working_set_bytes","response"
"without-umce","1","2026-09-26T21:28:48.4778936+00:00",,"0","2024","500","0","0","0","True","0","39,5","38,5","48","54,1","100","50,456041889009626","85,94246929223954","1412280320","[23:28:48] [Server thread/INFO]: The game is running normally [23:28:48] [Server thread/INFO]: Target tick rate: 20,0 per second. Average time per tick: 39,5ms (Target: 50,0ms) [23:28:48] [Server thread/INFO]: Percentiles: P50: 38,5ms P95: 48,0ms P99: 54,1ms, sample: 100"
"without-umce","1","2026-09-26T21:28:48.6136046+00:00",,"0","2024","500","0","0","0","True","0","39,6","38,5","48","54,1","100","100,50285374503115","85,94246929223954","1412280320","[23:28:48] [Server thread/INFO]: The game is running normally [23:28:48] [Server thread/INFO]: Target tick rate: 20,0 per second. Average time per tick: 39,6ms (Target: 50,0ms) [23:28:48] [Server thread/INFO]: Percentiles: P50: 38,5ms P95: 48,0ms P99: 54,1ms, sample: 100"
"without-umce","1","2026-09-26T21:28:48.7418067+00:00",,"0","2024","500","0","0","0","True","0","39,5","38,5","48","54,1","100","67,23085605855789","85,94246929223954","1412280320","[23:28:48] [Server thread/INFO]: The game is running normally [23:28:48] [Server thread/INFO]: Target tick rate: 20,0 per second. Average time per tick: 39,5ms (Target: 50,0ms) [23:28:48] [Server thread/INFO]: Percentiles: P50: 38,5ms P95: 48,0ms P99: 54,1ms, sample: 100"
"without-umce","1","2026-09-26T21:28:48.8812386+00:00",,"0","2024","500","0","0","0","True","0","39,6","38,5","48","54,1","100","101,81781453355629","85,94246929223954","1412280320","[23:28:48] [Server thread/INFO]: The game is running normally [23:28:48] [Server thread/INFO]: Target tick rate: 20,0 per second. Average time per tick: 39,6ms (Target: 50,0ms) [23:28:48] [Server thread/INFO]: Percentiles: P50: 38,5ms P95: 48,0ms P99: 54,1ms, sample: 100"
"without-umce","1","2026-09-26T21:28:49.0040007+00:00",,"0","2024","500","0","0","0","True","0","39,7","38,6","48","54,1","100","75,70196922018494","85,94246929223954","1412280320","[23:28:49] [Server thread/INFO]: The game is running normally [23:28:49] [Server thread/INFO]: Target tick rate: 20,0 per second. Average time per tick: 39,7ms (Target: 50,0ms) [23:28:49] [Server thread/INFO]: Percentiles: P50: 38,6ms P95: 48,0ms P99: 54,1ms, sample: 100"
"without-umce","1","2026-09-26T21:28:49.1278366+00:00",,"0","2024","500","0","0","0","True","0","39,7","38,6","48","54,1","100","74,7297771259127","85,94246929223954","1412280320","[23:28:49] [Server thread/INFO]: The game is running normally [23:28:49] [Server thread/INFO]: Target tick rate: 20,0 per second. Average time per tick: 39,7ms (Target: 50,0ms) [23:28:49] [Server thread/INFO]: Percentiles: P50: 38,6ms P95: 48,0ms P99: 54,1ms, sample: 100"
"without-umce","1","2026-09-26T21:28:49.2532751+00:00",,"0","2024","500","0","0","0","True","0","39,6","38,5","48","54,1","100","50,65724739054387","85,94246929223954","1412280320","[23:28:49] [Server thread/INFO]: The game is running normally [23:28:49] [Server thread/INFO]: Target tick rate: 20,0 per second. Average time per tick: 39,6ms (Target: 50,0ms) [23:28:49] [Server thread/INFO]: Percentiles: P50: 38,5ms P95: 48,0ms P99: 54,1ms, sample: 100"
"without-umce","1","2026-09-26T21:28:49.3766949+00:00",,"0","2024","500","0","0","0","True","0","39,6","38,5","48","54,1","100","100,14693558388869","85,94246929223954","1412280320","[23:28:49] [Server thread/INFO]: The game is running normally [23:28:49] [Server thread/INFO]: Target tick rate: 20,0 per second. Average time per tick: 39,6ms (Target: 50,0ms) [23:28:49] [Server thread/INFO]: Percentiles: P50: 38,5ms P95: 48,0ms P99: 54,1ms, sample: 100"
"without-umce","1","2026-09-26T21:28:49.5014896+00:00",,"0","2024","500","0","0","0","True","0","39,5","38,5","48","54,1","100","89,60015597595152","85,94246929223954","1412280320","[23:28:49] [Server thread/INFO]: The game is running normally [23:28:49] [Server thread/INFO]: Target tick rate: 20,0 per second. Average time per tick: 39,5ms (Target: 50,0ms) [23:28:49] [Server thread/INFO]: Percentiles: P50: 38,5ms P95: 48,0ms P99: 54,1ms, sample: 100"
"without-umce","1","2026-09-26T21:28:49.6235354+00:00",,"0","2024","500","0","0","0","True","0","39,5","38,5","48","54,1","100","126,00288213952491","85,94246929223954","1412280320","[23:28:49] [Server thread/INFO]: The game is running normally [23:28:49] [Server thread/INFO]: Target tick rate: 20,0 per second. Average time per tick: 39,5ms (Target: 50,0ms) [23:28:49] [Server thread/INFO]: Percentiles: P50: 38,5ms P95: 48,0ms P99: 54,1ms, sample: 100"
"without-umce","1","2026-09-26T21:28:49.7475475+00:00",,"0","2024","500","0","0","0","True","0","39,5","38,6","48","54,1","100","76,3976491526584","85,94246929223954","1412280320","[23:28:49] [Server thread/INFO]: The game is running normally [23:28:49] [Server thread/INFO]: Target tick rate: 20,0 per second. Average time per tick: 39,5ms (Target: 50,0ms) [23:28:49] [Server thread/INFO]: Percentiles: P50: 38,6ms P95: 48,0ms P99: 54,1ms, sample: 100"
"without-umce","1","2026-09-26T21:28:49.8702804+00:00",,"0","2024","500","0","0","0","True","0","39,5","38,7","48","54,1","100","89,05866920495748","85,94246929223954","1412280320","[23:28:49] [Server thread/INFO]: The game is running normally [23:28:49] [Server thread/INFO]: Target tick rate: 20,0 per second. Average time per tick: 39,5ms (Target: 50,0ms) [23:28:49] [Server thread/INFO]: Percentiles: P50: 38,7ms P95: 48,0ms P99: 54,1ms, sample: 100"
"without-umce","1","2026-09-26T21:28:49.9931001+00:00",,"0","2024","500","0","0","0","True","0","39,6","38,7","48","54,1","100","62,54012574467779","85,94246929223954","1412280320","[23:28:50] [Server thread/INFO]: The game is running normally [23:28:50] [Server thread/INFO]: Target tick rate: 20,0 per second. Average time per tick: 39,6ms (Target: 50,0ms) [23:28:50] [Server thread/INFO]: Percentiles: P50: 38,7ms P95: 48,0ms P99: 54,1ms, sample: 100"
"without-umce","1","2026-09-26T21:28:50.1180229+00:00",,"0","2024","500","0","0","0","True","0","39,4","38,5","48","54,1","100","91,41282543879984","85,94246929223954","1412280320","[23:28:50] [Server thread/INFO]: The game is running normally [23:28:50] [Server thread/INFO]: Target tick rate: 20,0 per second. Average time per tick: 39,4ms (Target: 50,0ms) [23:28:50] [Server thread/INFO]: Percentiles: P50: 38,5ms P95: 48,0ms P99: 54,1ms, sample: 100"
"without-umce","1","2026-09-26T21:28:50.2547755+00:00",,"0","2024","500","0","0","0","True","0","39,4","38,5","48","54,1","100","88,23909062305873","85,94246929223954","1412280320","[23:28:50] [Server thread/INFO]: The game is running normally [23:28:50] [Server thread/INFO]: Target tick rate: 20,0 per second. Average time per tick: 39,4ms (Target: 50,0ms) [23:28:50] [Server thread/INFO]: Percentiles: P50: 38,5ms P95: 48,0ms P99: 54,1ms, sample: 100"
"without-umce","1","2026-09-26T21:28:50.3787167+00:00",,"0","2024","500","0","0","0","True","0","39,4","38,6","48","54,1","100","75,4652887845299","85,94246929223954","1412280320","[23:28:50] [Server thread/INFO]: The game is running normally [23:28:50] [Server thread/INFO]: Target tick rate: 20,0 per second. Average time per tick: 39,4ms (Target: 50,0ms) [23:28:50] [Server thread/INFO]: Percentiles: P50: 38,6ms P95: 48,0ms P99: 54,1ms, sample: 100"
"without-umce","1","2026-09-26T21:28:50.5029239+00:00",,"0","2024","500","0","0","0","True","0","39,3","38,6","47,2","54,1","100","63,42282750939267","85,94246929223954","1412280320","[23:28:50] [Server thread/INFO]: The game is running normally [23:28:50] [Server thread/INFO]: Target tick rate: 20,0 per second. Average time per tick: 39,3ms (Target: 50,0ms) [23:28:50] [Server thread/INFO]: Percentiles: P50: 38,6ms P95: 47,2ms P99: 54,1ms, sample: 100"
"without-umce","1","2026-09-26T21:28:50.6260994+00:00",,"0","2024","500","0","0","0","True","0","39,2","38,5","47,2","54,1","100","99,23052680295913","85,94246929223954","1412280320","[23:28:50] [Server thread/INFO]: The game is running normally [23:28:50] [Server thread/INFO]: Target tick rate: 20,0 per second. Average time per tick: 39,2ms (Target: 50,0ms) [23:28:50] [Server thread/INFO]: Percentiles: P50: 38,5ms P95: 47,2ms P99: 54,1ms, sample: 100"
"without-umce","1","2026-09-26T21:28:50.7520567+00:00",,"0","2024","500","0","0","0","True","0","39,3","38,5","47,2","54,1","100","88,56332672600308","85,94246929223954","1412280320","[23:28:50] [Server thread/INFO]: The game is running normally [23:28:50] [Server thread/INFO]: Target tick rate: 20,0 per second. Average time per tick: 39,3ms (Target: 50,0ms) [23:28:50] [Server thread/INFO]: Percentiles: P50: 38,5ms P95: 47,2ms P99: 54,1ms, sample: 100"
"without-umce","1","2026-09-26T21:28:50.8755716+00:00",,"0","2024","500","0","0","0","True","0","39,5","38,5","48","54,1","100","112,63462089889838","85,94246929223954","1412280320","[23:28:50] [Server thread/INFO]: The game is running normally [23:28:50] [Server thread/INFO]: Target tick rate: 20,0 per second. Average time per tick: 39,5ms (Target: 50,0ms) [23:28:50] [Server thread/INFO]: Percentiles: P50: 38,5ms P95: 48,0ms P99: 54,1ms, sample: 100"
"without-umce","1","2026-09-26T21:28:51.0004510+00:00",,"0","2024","500","0","0","0","True","0","39,5","38,5","49,2","54,1","100","63,23396932879317","85,94246929223954","1412280320","[23:28:51] [Server thread/INFO]: The game is running normally [23:28:51] [Server thread/INFO]: Target tick rate: 20,0 per second. Average time per tick: 39,5ms (Target: 50,0ms) [23:28:51] [Server thread/INFO]: Percentiles: P50: 38,5ms P95: 49,2ms P99: 54,1ms, sample: 100"
"without-umce","1","2026-09-26T21:28:51.1239652+00:00",,"0","2024","500","0","0","0","True","0","39,5","38,5","49,2","54,1","100","112,92613807463844","85,94246929223954","1412280320","[23:28:51] [Server thread/INFO]: The game is running normally [23:28:51] [Server thread/INFO]: Target tick rate: 20,0 per second. Average time per tick: 39,5ms (Target: 50,0ms) [23:28:51] [Server thread/INFO]: Percentiles: P50: 38,5ms P95: 49,2ms P99: 54,1ms, sample: 100"
"without-umce","1","2026-09-26T21:28:51.2485345+00:00",,"0","2024","500","0","0","0","True","0","39,2","38,5","47,2","52,3","100","62,89710717586554","85,94246929223954","1412280320","[23:28:51] [Server thread/INFO]: The game is running normally [23:28:51] [Server thread/INFO]: Target tick rate: 20,0 per second. Average time per tick: 39,2ms (Target: 50,0ms) [23:28:51] [Server thread/INFO]: Percentiles: P50: 38,5ms P95: 47,2ms P99: 52,3ms, sample: 100"
"without-umce","1","2026-09-26T21:28:51.3727292+00:00",,"0","2024","500","0","0","0","True","0","39","38,3","46,8","52,3","100","112,21470533316096","85,94246929223954","1412280320","[23:28:51] [Server thread/INFO]: The game is running normally [23:28:51] [Server thread/INFO]: Target tick rate: 20,0 per second. Average time per tick: 39,0ms (Target: 50,0ms) [23:28:51] [Server thread/INFO]: Percentiles: P50: 38,3ms P95: 46,8ms P99: 52,3ms, sample: 100"
"without-umce","1","2026-09-26T21:28:51.4980146+00:00",,"0","2024","500","0","0","0","True","0","38,9","38,4","46,8","52,3","100","62,98894538969295","85,94246929223954","1412280320","[23:28:51] [Server thread/INFO]: The game is running normally [23:28:51] [Server thread/INFO]: Target tick rate: 20,0 per second. Average time per tick: 38,9ms (Target: 50,0ms) [23:28:51] [Server thread/INFO]: Percentiles: P50: 38,4ms P95: 46,8ms P99: 52,3ms, sample: 100"
"without-umce","1","2026-09-26T21:28:51.6220813+00:00",,"0","2024","500","0","0","0","True","0","39","38,5","46,8","52,3","100","100,9520994402408","85,94246929223954","1412280320","[23:28:51] [Server thread/INFO]: The game is running normally [23:28:51] [Server thread/INFO]: Target tick rate: 20,0 per second. Average time per tick: 39,0ms (Target: 50,0ms) [23:28:51] [Server thread/INFO]: Percentiles: P50: 38,5ms P95: 46,8ms P99: 52,3ms, sample: 100"
"without-umce","1","2026-09-26T21:28:51.7458664+00:00",,"0","2024","500","0","0","0","True","0","39","38,5","46,8","52,3","100","63,58837868965208","85,94246929223954","1412280320","[23:28:51] [Server thread/INFO]: The game is running normally [23:28:51] [Server thread/INFO]: Target tick rate: 20,0 per second. Average time per tick: 39,0ms (Target: 50,0ms) [23:28:51] [Server thread/INFO]: Percentiles: P50: 38,5ms P95: 46,8ms P99: 52,3ms, sample: 100"
"without-umce","1","2026-09-26T21:28:51.8687252+00:00",,"0","2024","500","0","0","0","True","0","39,1","38,5","46,8","52,3","100","114,79085819890389","85,94246929223954","1412280320","[23:28:51] [Server thread/INFO]: The game is running normally [23:28:51] [Server thread/INFO]: Target tick rate: 20,0 per second. Average time per tick: 39,1ms (Target: 50,0ms) [23:28:51] [Server thread/INFO]: Percentiles: P50: 38,5ms P95: 46,8ms P99: 52,3ms, sample: 100"
"without-umce","1","2026-09-26T21:28:51.9912321+00:00",,"0","2024","500","0","0","0","True","0","39,1","38,5","46,8","52,3","100","67,75851227603553","85,94246929223954","1412280320","[23:28:51] [Server thread/INFO]: The game is running normally [23:28:51] [Server thread/INFO]: Target tick rate: 20,0 per second. Average time per tick: 39,1ms (Target: 50,0ms) [23:28:51] [Server thread/INFO]: Percentiles: P50: 38,5ms P95: 46,8ms P99: 52,3ms, sample: 100"
"without-umce","1","2026-09-26T21:28:52.1296213+00:00",,"0","2024","500","0","0","0","True","0","39,1","38,5","46,1","52,3","100","88,95010011206696","85,94246929223954","1412280320","[23:28:52] [Server thread/INFO]: The game is running normally [23:28:52] [Server thread/INFO]: Target tick rate: 20,0 per second. Average time per tick: 39,1ms (Target: 50,0ms) [23:28:52] [Server thread/INFO]: Percentiles: P50: 38,5ms P95: 46,1ms P99: 52,3ms, sample: 100"
"without-umce","1","2026-09-26T21:28:52.2525681+00:00",,"0","2024","500","0","0","0","True","0","39,1","38,6","46,1","52,3","100","63,48431155377904","85,94246929223954","1412280320","[23:28:52] [Server thread/INFO]: The game is running normally [23:28:52] [Server thread/INFO]: Target tick rate: 20,0 per second. Average time per tick: 39,1ms (Target: 50,0ms) [23:28:52] [Server thread/INFO]: Percentiles: P50: 38,6ms P95: 46,1ms P99: 52,3ms, sample: 100"
"without-umce","1","2026-09-26T21:28:52.3756328+00:00",,"0","2024","500","0","0","0","True","0","39,2","38,6","46,1","52,3","100","88,93375441517975","85,94246929223954","1412280320","[23:28:52] [Server thread/INFO]: The game is running normally [23:28:52] [Server thread/INFO]: Target tick rate: 20,0 per second. Average time per tick: 39,2ms (Target: 50,0ms) [23:28:52] [Server thread/INFO]: Percentiles: P50: 38,6ms P95: 46,1ms P99: 52,3ms, sample: 100"
"without-umce","1","2026-09-26T21:28:52.4986226+00:00",,"0","2024","500","0","0","0","True","0","39,2","38,6","46,1","52,3","100","76,29673938254574","85,94246929223954","1412280320","[23:28:52] [Server thread/INFO]: The game is running normally [23:28:52] [Server thread/INFO]: Target tick rate: 20,0 per second. Average time per tick: 39,2ms (Target: 50,0ms) [23:28:52] [Server thread/INFO]: Percentiles: P50: 38,6ms P95: 46,1ms P99: 52,3ms, sample: 100"
"without-umce","1","2026-09-26T21:28:52.6215184+00:00",,"0","2024","500","0","0","0","True","0","39,4","38,7","46,8","52,3","100","112,93148863176424","85,94246929223954","1412280320","[23:28:52] [Server thread/INFO]: The game is running normally [23:28:52] [Server thread/INFO]: Target tick rate: 20,0 per second. Average time per tick: 39,4ms (Target: 50,0ms) [23:28:52] [Server thread/INFO]: Percentiles: P50: 38,7ms P95: 46,8ms P99: 52,3ms, sample: 100"
"without-umce","1","2026-09-26T21:28:52.7460087+00:00",,"0","2024","500","0","0","0","True","0","39,3","38,7","46,1","52,3","100","74,96833337598197","85,94246929223954","1412280320","[23:28:52] [Server thread/INFO]: The game is running normally [23:28:52] [Server thread/INFO]: Target tick rate: 20,0 per second. Average time per tick: 39,3ms (Target: 50,0ms) [23:28:52] [Server thread/INFO]: Percentiles: P50: 38,7ms P95: 46,1ms P99: 52,3ms, sample: 100"
"without-umce","1","2026-09-26T21:28:52.8710650+00:00",,"0","2024","500","0","0","0","True","0","39,3","38,7","46,1","52,3","100","100,96685863832056","85,94246929223954","1412280320","[23:28:52] [Server thread/INFO]: The game is running normally [23:28:52] [Server thread/INFO]: Target tick rate: 20,0 per second. Average time per tick: 39,3ms (Target: 50,0ms) [23:28:52] [Server thread/INFO]: Percentiles: P50: 38,7ms P95: 46,1ms P99: 52,3ms, sample: 100"
"without-umce","1","2026-09-26T21:28:52.9949079+00:00",,"0","2024","500","0","0","0","True","0","39,4","38,8","46,1","52,3","100","62,492700852540416","85,94246929223954","1412280320","[23:28:53] [Server thread/INFO]: The game is running normally [23:28:53] [Server thread/INFO]: Target tick rate: 20,0 per second. Average time per tick: 39,4ms (Target: 50,0ms) [23:28:53] [Server thread/INFO]: Percentiles: P50: 38,8ms P95: 46,1ms P99: 52,3ms, sample: 100"
"without-umce","1","2026-09-26T21:28:53.1199314+00:00",,"0","2024","500","0","0","0","True","0","39,4","38,8","46,1","52,3","100","87,64528081748307","85,94246929223954","1412280320","[23:28:53] [Server thread/INFO]: The game is running normally [23:28:53] [Server thread/INFO]: Target tick rate: 20,0 per second. Average time per tick: 39,4ms (Target: 50,0ms) [23:28:53] [Server thread/INFO]: Percentiles: P50: 38,8ms P95: 46,1ms P99: 52,3ms, sample: 100"
"without-umce","1","2026-09-26T21:28:53.2446714+00:00",,"0","2024","500","0","0","0","True","0","39,4","38,8","46,1","52,3","100","63,529224256331986","85,94246929223954","1412280320","[23:28:53] [Server thread/INFO]: The game is running normally [23:28:53] [Server thread/INFO]: Target tick rate: 20,0 per second. Average time per tick: 39,4ms (Target: 50,0ms) [23:28:53] [Server thread/INFO]: Percentiles: P50: 38,8ms P95: 46,1ms P99: 52,3ms, sample: 100"
"without-umce","1","2026-09-26T21:28:53.3676583+00:00",,"0","2024","500","0","0","0","True","0","39,5","38,9","46,1","52,3","100","100,60499821727944","85,94246929223954","1412280320","[23:28:53] [Server thread/INFO]: The game is running normally [23:28:53] [Server thread/INFO]: Target tick rate: 20,0 per second. Average time per tick: 39,5ms (Target: 50,0ms) [23:28:53] [Server thread/INFO]: Percentiles: P50: 38,9ms P95: 46,1ms P99: 52,3ms, sample: 100"
"without-umce","1","2026-09-26T21:28:53.4918978+00:00",,"0","2024","500","0","0","0","True","0","39,5","38,9","46,1","52,3","100","100,43968476402299","85,94246929223954","1412280320","[23:28:53] [Server thread/INFO]: The game is running normally [23:28:53] [Server thread/INFO]: Target tick rate: 20,0 per second. Average time per tick: 39,5ms (Target: 50,0ms) [23:28:53] [Server thread/INFO]: Percentiles: P50: 38,9ms P95: 46,1ms P99: 52,3ms, sample: 100"
"without-umce","1","2026-09-26T21:28:53.6319184+00:00",,"0","2024","500","0","0","0","True","0","39,4","38,8","46,1","52,3","100","134,25269579413154","85,94246929223954","1412280320","[23:28:53] [Server thread/INFO]: The game is running normally [23:28:53] [Server thread/INFO]: Target tick rate: 20,0 per second. Average time per tick: 39,4ms (Target: 50,0ms) [23:28:53] [Server thread/INFO]: Percentiles: P50: 38,8ms P95: 46,1ms P99: 52,3ms, sample: 100"
"without-umce","1","2026-09-26T21:28:53.7715611+00:00",,"0","2024","500","0","0","0","True","0","39,6","38,9","46,8","52,3","100","62,542178445143406","85,94246929223954","1412280320","[23:28:53] [Server thread/INFO]: The game is running normally [23:28:53] [Server thread/INFO]: Target tick rate: 20,0 per second. Average time per tick: 39,6ms (Target: 50,0ms) [23:28:53] [Server thread/INFO]: Percentiles: P50: 38,9ms P95: 46,8ms P99: 52,3ms, sample: 100"
"without-umce","1","2026-09-26T21:28:53.8964715+00:00",,"0","2024","500","0","0","0","True","0","39,5","38,7","46,8","52,3","100","78,17536727234261","85,94246929223954","1412280320","[23:28:53] [Server thread/INFO]: The game is running normally [23:28:53] [Server thread/INFO]: Target tick rate: 20,0 per second. Average time per tick: 39,5ms (Target: 50,0ms) [23:28:53] [Server thread/INFO]: Percentiles: P50: 38,7ms P95: 46,8ms P99: 52,3ms, sample: 100"
"without-umce","1","2026-09-26T21:28:54.0364276+00:00",,"0","2024","500","0","0","0","True","0","39,4","38,7","46,8","52,3","100","62,79947815140844","85,94246929223954","1412280320","[23:28:54] [Server thread/INFO]: The game is running normally [23:28:54] [Server thread/INFO]: Target tick rate: 20,0 per second. Average time per tick: 39,4ms (Target: 50,0ms) [23:28:54] [Server thread/INFO]: Percentiles: P50: 38,7ms P95: 46,8ms P99: 52,3ms, sample: 100"
"without-umce","1","2026-09-26T21:28:54.1607836+00:00",,"0","2024","500","0","0","0","True","0","39,4","38,7","46,8","52,3","100","77,15839816696337","85,94246929223954","1412280320","[23:28:54] [Server thread/INFO]: The game is running normally [23:28:54] [Server thread/INFO]: Target tick rate: 20,0 per second. Average time per tick: 39,4ms (Target: 50,0ms) [23:28:54] [Server thread/INFO]: Percentiles: P50: 38,7ms P95: 46,8ms P99: 52,3ms, sample: 100"
"without-umce","1","2026-09-26T21:28:54.2823288+00:00",,"0","2024","500","0","0","0","True","0","39,4","38,7","46,8","52,3","100","63,098476429236015","85,94246929223954","1412280320","[23:28:54] [Server thread/INFO]: The game is running normally [23:28:54] [Server thread/INFO]: Target tick rate: 20,0 per second. Average time per tick: 39,4ms (Target: 50,0ms) [23:28:54] [Server thread/INFO]: Percentiles: P50: 38,7ms P95: 46,8ms P99: 52,3ms, sample: 100"
"without-umce","1","2026-09-26T21:28:54.4061283+00:00",,"0","2024","500","0","0","0","True","0","39,4","38,7","46,8","52,3","100","88,2353890263008","85,94246929223954","1412280320","[23:28:54] [Server thread/INFO]: The game is running normally [23:28:54] [Server thread/INFO]: Target tick rate: 20,0 per second. Average time per tick: 39,4ms (Target: 50,0ms) [23:28:54] [Server thread/INFO]: Percentiles: P50: 38,7ms P95: 46,8ms P99: 52,3ms, sample: 100"
"without-umce","1","2026-09-26T21:28:54.5300837+00:00",,"0","2024","500","0","0","0","True","0","39,4","38,7","46,8","52,3","100","101,62205052160567","85,94246929223954","1412280320","[23:28:54] [Server thread/INFO]: The game is running normally [23:28:54] [Server thread/INFO]: Target tick rate: 20,0 per second. Average time per tick: 39,4ms (Target: 50,0ms) [23:28:54] [Server thread/INFO]: Percentiles: P50: 38,7ms P95: 46,8ms P99: 52,3ms, sample: 100"
"without-umce","1","2026-09-26T21:28:54.6530980+00:00",,"0","2024","500","0","0","0","True","0","39,6","38,8","46,8","52,3","100","101,43263453010319","85,94246929223954","1412280320","[23:28:54] [Server thread/INFO]: The game is running normally [23:28:54] [Server thread/INFO]: Target tick rate: 20,0 per second. Average time per tick: 39,6ms (Target: 50,0ms) [23:28:54] [Server thread/INFO]: Percentiles: P50: 38,8ms P95: 46,8ms P99: 52,3ms, sample: 100"
"without-umce","1","2026-09-26T21:28:54.7763204+00:00",,"0","2024","500","0","0","0","True","0","39,6","38,9","46,8","52,3","100","61,75913738789481","85,94246929223954","1412280320","[23:28:54] [Server thread/INFO]: The game is running normally [23:28:54] [Server thread/INFO]: Target tick rate: 20,0 per second. Average time per tick: 39,6ms (Target: 50,0ms) [23:28:54] [Server thread/INFO]: Percentiles: P50: 38,9ms P95: 46,8ms P99: 52,3ms, sample: 100"
"without-umce","1","2026-09-26T21:28:54.9028246+00:00",,"0","2024","500","0","0","0","True","0","39,7","39","46,8","52,3","100","101,50371666008921","85,94246929223954","1412280320","[23:28:54] [Server thread/INFO]: The game is running normally [23:28:54] [Server thread/INFO]: Target tick rate: 20,0 per second. Average time per tick: 39,7ms (Target: 50,0ms) [23:28:54] [Server thread/INFO]: Percentiles: P50: 39,0ms P95: 46,8ms P99: 52,3ms, sample: 100"
"without-umce","1","2026-09-26T21:28:55.0259677+00:00",,"0","2024","500","0","0","0","True","0","39,7","39","46,8","52,3","100","75,5939263606302","85,94246929223954","1412280320","[23:28:55] [Server thread/INFO]: The game is running normally [23:28:55] [Server thread/INFO]: Target tick rate: 20,0 per second. Average time per tick: 39,7ms (Target: 50,0ms) [23:28:55] [Server thread/INFO]: Percentiles: P50: 39,0ms P95: 46,8ms P99: 52,3ms, sample: 100"
"without-umce","1","2026-09-26T21:28:55.1499990+00:00",,"0","2024","500","0","0","0","True","0","39,8","39,1","46,8","52,3","100","162,60706048862573","85,94246929223954","1412280320","[23:28:55] [Server thread/INFO]: The game is running normally [23:28:55] [Server thread/INFO]: Target tick rate: 20,0 per second. Average time per tick: 39,8ms (Target: 50,0ms) [23:28:55] [Server thread/INFO]: Percentiles: P50: 39,1ms P95: 46,8ms P99: 52,3ms, sample: 100"
"without-umce","1","2026-09-26T21:28:55.2749392+00:00",,"0","2024","500","0","0","0","True","0","39,8","39,2","46,8","52,3","100","198,36830169755657","85,94246929223954","1412280320","[23:28:55] [Server thread/INFO]: The game is running normally [23:28:55] [Server thread/INFO]: Target tick rate: 20,0 per second. Average time per tick: 39,8ms (Target: 50,0ms) [23:28:55] [Server thread/INFO]: Percentiles: P50: 39,2ms P95: 46,8ms P99: 52,3ms, sample: 100"
"without-umce","1","2026-09-26T21:28:55.4009186+00:00",,"0","2024","500","0","0","0","True","0","40,1","39,2","49","52,5","100","88,10446712807229","85,94246929223954","1412280320","[23:28:55] [Server thread/INFO]: The game is running normally [23:28:55] [Server thread/INFO]: Target tick rate: 20,0 per second. Average time per tick: 40,1ms (Target: 50,0ms) [23:28:55] [Server thread/INFO]: Percentiles: P50: 39,2ms P95: 49,0ms P99: 52,5ms, sample: 100"
"without-umce","1","2026-09-26T21:28:55.5251084+00:00",,"0","2024","500","0","0","0","True","0","40,2","39,2","49","52,5","100","74,96935252868627","85,94246929223954","1412280320","[23:28:55] [Server thread/INFO]: The game is running normally [23:28:55] [Server thread/INFO]: Target tick rate: 20,0 per second. Average time per tick: 40,2ms (Target: 50,0ms) [23:28:55] [Server thread/INFO]: Percentiles: P50: 39,2ms P95: 49,0ms P99: 52,5ms, sample: 100"
"without-umce","1","2026-09-26T21:28:55.6501347+00:00",,"0","2024","500","0","0","0","True","0","40,3","39,4","49","52,5","100","88,87384748394582","85,94246929223954","1412280320","[23:28:55] [Server thread/INFO]: The game is running normally [23:28:55] [Server thread/INFO]: Target tick rate: 20,0 per second. Average time per tick: 40,3ms (Target: 50,0ms) [23:28:55] [Server thread/INFO]: Percentiles: P50: 39,4ms P95: 49,0ms P99: 52,5ms, sample: 100"
"without-umce","1","2026-09-26T21:28:55.7731712+00:00",,"0","2024","500","0","0","0","True","0","40,2","39,2","49","52,5","100","62,466567892863736","85,94246929223954","1412280320","[23:28:55] [Server thread/INFO]: The game is running normally [23:28:55] [Server thread/INFO]: Target tick rate: 20,0 per second. Average time per tick: 40,2ms (Target: 50,0ms) [23:28:55] [Server thread/INFO]: Percentiles: P50: 39,2ms P95: 49,0ms P99: 52,5ms, sample: 100"
"without-umce","1","2026-09-26T21:28:55.8982685+00:00",,"0","2024","500","0","0","0","True","0","39,9","39,2","47","52,5","100","90,20639945847294","85,94246929223954","1412280320","[23:28:55] [Server thread/INFO]: The game is running normally [23:28:55] [Server thread/INFO]: Target tick rate: 20,0 per second. Average time per tick: 39,9ms (Target: 50,0ms) [23:28:55] [Server thread/INFO]: Percentiles: P50: 39,2ms P95: 47,0ms P99: 52,5ms, sample: 100"
"without-umce","1","2026-09-26T21:28:56.0368200+00:00",,"0","2024","500","0","0","0","True","0","39,9","39,2","47","52,5","100","75,30616474338069","85,94246929223954","1412280320","[23:28:56] [Server thread/INFO]: The game is running normally [23:28:56] [Server thread/INFO]: Target tick rate: 20,0 per second. Average time per tick: 39,9ms (Target: 50,0ms) [23:28:56] [Server thread/INFO]: Percentiles: P50: 39,2ms P95: 47,0ms P99: 52,5ms, sample: 100"
"without-umce","1","2026-09-26T21:28:56.1613158+00:00",,"0","2024","500","0","0","0","True","0","40","39,2","47","52,5","100","151,75587618986722","85,94246929223954","1412280320","[23:28:56] [Server thread/INFO]: The game is running normally [23:28:56] [Server thread/INFO]: Target tick rate: 20,0 per second. Average time per tick: 40,0ms (Target: 50,0ms) [23:28:56] [Server thread/INFO]: Percentiles: P50: 39,2ms P95: 47,0ms P99: 52,5ms, sample: 100"
"without-umce","1","2026-09-26T21:28:56.2848559+00:00",,"0","2024","500","0","0","0","True","0","40","39,4","47","52,5","100","162,46399797804807","85,94246929223954","1412280320","[23:28:56] [Server thread/INFO]: The game is running normally [23:28:56] [Server thread/INFO]: Target tick rate: 20,0 per second. Average time per tick: 40,0ms (Target: 50,0ms) [23:28:56] [Server thread/INFO]: Percentiles: P50: 39,4ms P95: 47,0ms P99: 52,5ms, sample: 100"
"without-umce","1","2026-09-26T21:28:56.4098996+00:00",,"0","2024","500","0","0","0","True","0","40,3","39,6","47,7","52,5","100","101,48789371213486","85,94246929223954","1412280320","[23:28:56] [Server thread/INFO]: The game is running normally [23:28:56] [Server thread/INFO]: Target tick rate: 20,0 per second. Average time per tick: 40,3ms (Target: 50,0ms) [23:28:56] [Server thread/INFO]: Percentiles: P50: 39,6ms P95: 47,7ms P99: 52,5ms, sample: 100"
"without-umce","1","2026-09-26T21:28:56.5330657+00:00",,"0","2024","500","0","0","0","True","0","40,3","39,6","49","52,5","100","50,765709347226085","85,94246929223954","1412280320","[23:28:56] [Server thread/INFO]: The game is running normally [23:28:56] [Server thread/INFO]: Target tick rate: 20,0 per second. Average time per tick: 40,3ms (Target: 50,0ms) [23:28:56] [Server thread/INFO]: Percentiles: P50: 39,6ms P95: 49,0ms P99: 52,5ms, sample: 100"
"without-umce","1","2026-09-26T21:28:56.6561780+00:00",,"0","2024","500","0","0","0","True","0","40,3","39,5","49","52,5","100","99,5684305944315","85,94246929223954","1412280320","[23:28:56] [Server thread/INFO]: The game is running normally [23:28:56] [Server thread/INFO]: Target tick rate: 20,0 per second. Average time per tick: 40,3ms (Target: 50,0ms) [23:28:56] [Server thread/INFO]: Percentiles: P50: 39,5ms P95: 49,0ms P99: 52,5ms, sample: 100"
"without-umce","1","2026-09-26T21:28:56.7817231+00:00",,"0","2024","500","0","0","0","True","0","40,2","39,2","49","52,5","100","63,6343199334049","85,94246929223954","1412280320","[23:28:56] [Server thread/INFO]: The game is running normally [23:28:56] [Server thread/INFO]: Target tick rate: 20,0 per second. Average time per tick: 40,2ms (Target: 50,0ms) [23:28:56] [Server thread/INFO]: Percentiles: P50: 39,2ms P95: 49,0ms P99: 52,5ms, sample: 100"
"without-umce","1","2026-09-26T21:28:56.9044849+00:00",,"0","2024","500","0","0","0","True","0","40,1","39,1","49","52,5","100","87,22047581909497","85,94246929223954","1412280320","[23:28:56] [Server thread/INFO]: The game is running normally [23:28:56] [Server thread/INFO]: Target tick rate: 20,0 per second. Average time per tick: 40,1ms (Target: 50,0ms) [23:28:56] [Server thread/INFO]: Percentiles: P50: 39,1ms P95: 49,0ms P99: 52,5ms, sample: 100"
"without-umce","1","2026-09-26T21:28:57.0299085+00:00",,"0","2024","500","0","0","0","True","0","40","39,1","49","52,5","100","75,7935279199103","85,94246929223954","1412280320","[23:28:57] [Server thread/INFO]: The game is running normally [23:28:57] [Server thread/INFO]: Target tick rate: 20,0 per second. Average time per tick: 40,0ms (Target: 50,0ms) [23:28:57] [Server thread/INFO]: Percentiles: P50: 39,1ms P95: 49,0ms P99: 52,5ms, sample: 100"
"without-umce","1","2026-09-26T21:28:57.1535676+00:00",,"0","2024","500","0","0","0","True","0","40","39,1","49","52,5","100","101,25770166078831","85,94246929223954","1412280320","[23:28:57] [Server thread/INFO]: The game is running normally [23:28:57] [Server thread/INFO]: Target tick rate: 20,0 per second. Average time per tick: 40,0ms (Target: 50,0ms) [23:28:57] [Server thread/INFO]: Percentiles: P50: 39,1ms P95: 49,0ms P99: 52,5ms, sample: 100"
"without-umce","1","2026-09-26T21:28:57.2770317+00:00",,"0","2024","500","0","0","0","True","0","40","39","49","52,5","100","64,08557978070222","85,94246929223954","1412280320","[23:28:57] [Server thread/INFO]: The game is running normally [23:28:57] [Server thread/INFO]: Target tick rate: 20,0 per second. Average time per tick: 40,0ms (Target: 50,0ms) [23:28:57] [Server thread/INFO]: Percentiles: P50: 39,0ms P95: 49,0ms P99: 52,5ms, sample: 100"
"without-umce","1","2026-09-26T21:28:57.3989526+00:00",,"0","2024","500","0","0","0","True","0","40","38,9","49","52,5","100","90,2037305376431","85,94246929223954","1412280320","[23:28:57] [Server thread/INFO]: The game is running normally [23:28:57] [Server thread/INFO]: Target tick rate: 20,0 per second. Average time per tick: 40,0ms (Target: 50,0ms) [23:28:57] [Server thread/INFO]: Percentiles: P50: 38,9ms P95: 49,0ms P99: 52,5ms, sample: 100"
"without-umce","1","2026-09-26T21:28:57.5391759+00:00",,"0","2024","500","0","0","0","True","0","40","38,9","49","52,5","100","67,18638470601387","85,94246929223954","1412280320","[23:28:57] [Server thread/INFO]: The game is running normally [23:28:57] [Server thread/INFO]: Target tick rate: 20,0 per second. Average time per tick: 40,0ms (Target: 50,0ms) [23:28:57] [Server thread/INFO]: Percentiles: P50: 38,9ms P95: 49,0ms P99: 52,5ms, sample: 100"
"without-umce","1","2026-09-26T21:28:57.6770385+00:00",,"0","2024","500","0","0","0","True","0","39,9","38,8","49","52,5","100","76,12494397204124","85,94246929223954","1412280320","[23:28:57] [Server thread/INFO]: The game is running normally [23:28:57] [Server thread/INFO]: Target tick rate: 20,0 per second. Average time per tick: 39,9ms (Target: 50,0ms) [23:28:57] [Server thread/INFO]: Percentiles: P50: 38,8ms P95: 49,0ms P99: 52,5ms, sample: 100"
"without-umce","1","2026-09-26T21:28:57.8001910+00:00",,"0","2024","500","0","0","0","True","0","39,9","38,8","49","52,5","100","87,0508177802539","85,94246929223954","1412280320","[23:28:57] [Server thread/INFO]: The game is running normally [23:28:57] [Server thread/INFO]: Target tick rate: 20,0 per second. Average time per tick: 39,9ms (Target: 50,0ms) [23:28:57] [Server thread/INFO]: Percentiles: P50: 38,8ms P95: 49,0ms P99: 52,5ms, sample: 100"
"without-umce","1","2026-09-26T21:28:57.9258651+00:00",,"0","2024","500","0","0","0","True","0","39,8","38,7","49","52,5","100","76,5047567597563","85,94246929223954","1412280320","[23:28:57] [Server thread/INFO]: The game is running normally [23:28:57] [Server thread/INFO]: Target tick rate: 20,0 per second. Average time per tick: 39,8ms (Target: 50,0ms) [23:28:57] [Server thread/INFO]: Percentiles: P50: 38,7ms P95: 49,0ms P99: 52,5ms, sample: 100"
"without-umce","1","2026-09-26T21:28:58.0483948+00:00",,"0","2024","500","0","0","0","True","0","39,8","38,7","49","52,5","100","87,18446199514716","85,94246929223954","1412280320","[23:28:58] [Server thread/INFO]: The game is running normally [23:28:58] [Server thread/INFO]: Target tick rate: 20,0 per second. Average time per tick: 39,8ms (Target: 50,0ms) [23:28:58] [Server thread/INFO]: Percentiles: P50: 38,7ms P95: 49,0ms P99: 52,5ms, sample: 100"
"without-umce","1","2026-09-26T21:28:58.1738656+00:00",,"0","2024","500","0","0","0","True","0","39,9","38,8","49","52,5","100","76,01778694586073","85,94246929223954","1412280320","[23:28:58] [Server thread/INFO]: The game is running normally [23:28:58] [Server thread/INFO]: Target tick rate: 20,0 per second. Average time per tick: 39,9ms (Target: 50,0ms) [23:28:58] [Server thread/INFO]: Percentiles: P50: 38,8ms P95: 49,0ms P99: 52,5ms, sample: 100"
"without-umce","1","2026-09-26T21:28:58.2972024+00:00",,"0","2024","500","0","0","0","True","0","39,9","38,9","49","52,5","100","74,95023304525795","85,94246929223954","1412280320","[23:28:58] [Server thread/INFO]: The game is running normally [23:28:58] [Server thread/INFO]: Target tick rate: 20,0 per second. Average time per tick: 39,9ms (Target: 50,0ms) [23:28:58] [Server thread/INFO]: Percentiles: P50: 38,9ms P95: 49,0ms P99: 52,5ms, sample: 100"
"without-umce","1","2026-09-26T21:28:58.4222560+00:00",,"0","2024","500","0","0","0","True","0","39,9","38,8","49","52,5","100","101,2085925285388","85,94246929223954","1412280320","[23:28:58] [Server thread/INFO]: The game is running normally [23:28:58] [Server thread/INFO]: Target tick rate: 20,0 per second. Average time per tick: 39,9ms (Target: 50,0ms) [23:28:58] [Server thread/INFO]: Percentiles: P50: 38,8ms P95: 49,0ms P99: 52,5ms, sample: 100"
"without-umce","1","2026-09-26T21:28:58.5457594+00:00",,"0","2024","500","0","0","0","True","0","40,1","38,9","49","52,5","100","75,61471740662893","85,94246929223954","1412280320","[23:28:58] [Server thread/INFO]: The game is running normally [23:28:58] [Server thread/INFO]: Target tick rate: 20,0 per second. Average time per tick: 40,1ms (Target: 50,0ms) [23:28:58] [Server thread/INFO]: Percentiles: P50: 38,9ms P95: 49,0ms P99: 52,5ms, sample: 100"
"without-umce","1","2026-09-26T21:28:58.6697576+00:00",,"0","2024","500","0","0","0","True","0","40","38,9","47","52,5","100","89,28345486767273","85,94246929223954","1412280320","[23:28:58] [Server thread/INFO]: The game is running normally [23:28:58] [Server thread/INFO]: Target tick rate: 20,0 per second. Average time per tick: 40,0ms (Target: 50,0ms) [23:28:58] [Server thread/INFO]: Percentiles: P50: 38,9ms P95: 47,0ms P99: 52,5ms, sample: 100"
"without-umce","1","2026-09-26T21:28:58.7922403+00:00",,"0","2024","500","0","0","0","True","0","40","38,9","47","52,5","100","62,86861124143076","85,94246929223954","1412280320","[23:28:58] [Server thread/INFO]: The game is running normally [23:28:58] [Server thread/INFO]: Target tick rate: 20,0 per second. Average time per tick: 40,0ms (Target: 50,0ms) [23:28:58] [Server thread/INFO]: Percentiles: P50: 38,9ms P95: 47,0ms P99: 52,5ms, sample: 100"
"without-umce","1","2026-09-26T21:28:58.9165321+00:00",,"0","2024","500","0","0","0","True","0","40,1","39","47","52,5","100","89,43779504250901","85,94246929223954","1412280320","[23:28:58] [Server thread/INFO]: The game is running normally [23:28:58] [Server thread/INFO]: Target tick rate: 20,0 per second. Average time per tick: 40,1ms (Target: 50,0ms) [23:28:58] [Server thread/INFO]: Percentiles: P50: 39,0ms P95: 47,0ms P99: 52,5ms, sample: 100"
"without-umce","1","2026-09-26T21:28:59.0388064+00:00",,"0","2024","500","0","0","0","True","0","40,1","39","47","52,5","100","67,8706497628328","85,94246929223954","1412280320","[23:28:59] [Server thread/INFO]: The game is running normally [23:28:59] [Server thread/INFO]: Target tick rate: 20,0 per second. Average time per tick: 40,1ms (Target: 50,0ms) [23:28:59] [Server thread/INFO]: Percentiles: P50: 39,0ms P95: 47,0ms P99: 52,5ms, sample: 100"
"without-umce","1","2026-09-26T21:28:59.1769224+00:00",,"0","2024","500","0","0","0","True","0","40,1","39","47","52,5","100","75,67117303636333","85,94246929223954","1412280320","[23:28:59] [Server thread/INFO]: The game is running normally [23:28:59] [Server thread/INFO]: Target tick rate: 20,0 per second. Average time per tick: 40,1ms (Target: 50,0ms) [23:28:59] [Server thread/INFO]: Percentiles: P50: 39,0ms P95: 47,0ms P99: 52,5ms, sample: 100"
"without-umce","1","2026-09-26T21:28:59.3008393+00:00",,"0","2024","500","0","0","0","True","0","40","38,9","47","52,5","100","64,30194630159896","85,94246929223954","1412280320","[23:28:59] [Server thread/INFO]: The game is running normally [23:28:59] [Server thread/INFO]: Target tick rate: 20,0 per second. Average time per tick: 40,0ms (Target: 50,0ms) [23:28:59] [Server thread/INFO]: Percentiles: P50: 38,9ms P95: 47,0ms P99: 52,5ms, sample: 100"
"without-umce","1","2026-09-26T21:28:59.4223162+00:00",,"0","2024","500","0","0","0","True","0","40","38,9","47","52,5","100","86,84132591122852","85,94246929223954","1412280320","[23:28:59] [Server thread/INFO]: The game is running normally [23:28:59] [Server thread/INFO]: Target tick rate: 20,0 per second. Average time per tick: 40,0ms (Target: 50,0ms) [23:28:59] [Server thread/INFO]: Percentiles: P50: 38,9ms P95: 47,0ms P99: 52,5ms, sample: 100"
"without-umce","1","2026-09-26T21:28:59.5482511+00:00",,"0","2024","500","0","0","0","True","0","39,9","38,9","47","52,5","100","62,97340889873715","85,94246929223954","1412280320","[23:28:59] [Server thread/INFO]: The game is running normally [23:28:59] [Server thread/INFO]: Target tick rate: 20,0 per second. Average time per tick: 39,9ms (Target: 50,0ms) [23:28:59] [Server thread/INFO]: Percentiles: P50: 38,9ms P95: 47,0ms P99: 52,5ms, sample: 100"
"without-umce","1","2026-09-26T21:28:59.6723484+00:00",,"0","2024","500","0","0","0","True","0","39,8","38,8","47","52,5","100","100,40846162187779","85,94246929223954","1412280320","[23:28:59] [Server thread/INFO]: The game is running normally [23:28:59] [Server thread/INFO]: Target tick rate: 20,0 per second. Average time per tick: 39,8ms (Target: 50,0ms) [23:28:59] [Server thread/INFO]: Percentiles: P50: 38,8ms P95: 47,0ms P99: 52,5ms, sample: 100"
"without-umce","1","2026-09-26T21:28:59.7968118+00:00",,"0","2024","500","0","0","0","True","0","39,8","38,8","47","52,5","100","101,51583443985592","85,94246929223954","1412280320","[23:28:59] [Server thread/INFO]: The game is running normally [23:28:59] [Server thread/INFO]: Target tick rate: 20,0 per second. Average time per tick: 39,8ms (Target: 50,0ms) [23:28:59] [Server thread/INFO]: Percentiles: P50: 38,8ms P95: 47,0ms P99: 52,5ms, sample: 100"
"without-umce","1","2026-09-26T21:28:59.9199500+00:00",,"0","2024","500","0","0","0","True","0","39,8","38,8","47","52,5","100","76,64924650724714","85,94246929223954","1412280320","[23:28:59] [Server thread/INFO]: The game is running normally [23:28:59] [Server thread/INFO]: Target tick rate: 20,0 per second. Average time per tick: 39,8ms (Target: 50,0ms) [23:28:59] [Server thread/INFO]: Percentiles: P50: 38,8ms P95: 47,0ms P99: 52,5ms, sample: 100"
"without-umce","1","2026-09-26T21:29:00.0422822+00:00",,"0","2024","500","0","0","0","True","0","39,8","38,8","47","52,5","100","215,63988930012118","85,94246929223954","1412280320","[23:29:00] [Server thread/INFO]: The game is running normally [23:29:00] [Server thread/INFO]: Target tick rate: 20,0 per second. Average time per tick: 39,8ms (Target: 50,0ms) [23:29:00] [Server thread/INFO]: Percentiles: P50: 38,8ms P95: 47,0ms P99: 52,5ms, sample: 100"
"without-umce","1","2026-09-26T21:29:00.1654628+00:00",,"0","2024","500","0","0","0","True","0","39,9","38,9","47","52,5","100","88,14749624844256","85,94246929223954","1412280320","[23:29:00] [Server thread/INFO]: The game is running normally [23:29:00] [Server thread/INFO]: Target tick rate: 20,0 per second. Average time per tick: 39,9ms (Target: 50,0ms) [23:29:00] [Server thread/INFO]: Percentiles: P50: 38,9ms P95: 47,0ms P99: 52,5ms, sample: 100"
"without-umce","1","2026-09-26T21:29:00.2895262+00:00",,"0","2024","500","0","0","0","True","0","39,7","38,8","46,9","52,5","100","74,74550649947061","85,94246929223954","1412280320","[23:29:00] [Server thread/INFO]: The game is running normally [23:29:00] [Server thread/INFO]: Target tick rate: 20,0 per second. Average time per tick: 39,7ms (Target: 50,0ms) [23:29:00] [Server thread/INFO]: Percentiles: P50: 38,8ms P95: 46,9ms P99: 52,5ms, sample: 100"
"without-umce","1","2026-09-26T21:29:00.4149503+00:00",,"0","2024","500","0","0","0","True","0","39,5","38,8","45,5","49,6","100","87,27629340474495","85,94246929223954","1412280320","[23:29:00] [Server thread/INFO]: The game is running normally [23:29:00] [Server thread/INFO]: Target tick rate: 20,0 per second. Average time per tick: 39,5ms (Target: 50,0ms) [23:29:00] [Server thread/INFO]: Percentiles: P50: 38,8ms P95: 45,5ms P99: 49,6ms, sample: 100"
"without-umce","1","2026-09-26T21:29:00.5403205+00:00",,"0","2024","500","0","0","0","True","0","39,5","38,8","45,5","49,6","100","63,17920168984653","85,94246929223954","1412280320","[23:29:00] [Server thread/INFO]: The game is running normally [23:29:00] [Server thread/INFO]: Target tick rate: 20,0 per second. Average time per tick: 39,5ms (Target: 50,0ms) [23:29:00] [Server thread/INFO]: Percentiles: P50: 38,8ms P95: 45,5ms P99: 49,6ms, sample: 100"
"without-umce","1","2026-09-26T21:29:00.6639123+00:00",,"0","2024","500","0","0","0","True","0","39,5","38,8","45,5","49,6","100","101,12446813024185","85,94246929223954","1412280320","[23:29:00] [Server thread/INFO]: The game is running normally [23:29:00] [Server thread/INFO]: Target tick rate: 20,0 per second. Average time per tick: 39,5ms (Target: 50,0ms) [23:29:00] [Server thread/INFO]: Percentiles: P50: 38,8ms P95: 45,5ms P99: 49,6ms, sample: 100"
"without-umce","1","2026-09-26T21:29:00.8029821+00:00",,"0","2024","500","0","0","0","True","0","39,6","38,8","45,5","49,6","100","78,31311930014742","85,94246929223954","1412280320","[23:29:00] [Server thread/INFO]: The game is running normally [23:29:00] [Server thread/INFO]: Target tick rate: 20,0 per second. Average time per tick: 39,6ms (Target: 50,0ms) [23:29:00] [Server thread/INFO]: Percentiles: P50: 38,8ms P95: 45,5ms P99: 49,6ms, sample: 100"
"without-umce","1","2026-09-26T21:29:00.9426861+00:00",,"0","2024","500","0","0","0","True","0","39,5","38,8","45,5","49,6","100","89,22817122019269","85,94246929223954","1412280320","[23:29:00] [Server thread/INFO]: The game is running normally [23:29:00] [Server thread/INFO]: Target tick rate: 20,0 per second. Average time per tick: 39,5ms (Target: 50,0ms) [23:29:00] [Server thread/INFO]: Percentiles: P50: 38,8ms P95: 45,5ms P99: 49,6ms, sample: 100"
"without-umce","1","2026-09-26T21:29:01.0652398+00:00",,"0","2024","500","0","0","0","True","0","39,6","38,8","45,6","49,8","100","76,16935189021864","85,94246929223954","1412280320","[23:29:01] [Server thread/INFO]: The game is running normally [23:29:01] [Server thread/INFO]: Target tick rate: 20,0 per second. Average time per tick: 39,6ms (Target: 50,0ms) [23:29:01] [Server thread/INFO]: Percentiles: P50: 38,8ms P95: 45,6ms P99: 49,8ms, sample: 100"
"without-umce","1","2026-09-26T21:29:01.1883018+00:00",,"0","2024","500","0","0","0","True","0","39,8","38,8","48,7","49,8","100","88,70763019441469","85,94246929223954","1412280320","[23:29:01] [Server thread/INFO]: The game is running normally [23:29:01] [Server thread/INFO]: Target tick rate: 20,0 per second. Average time per tick: 39,8ms (Target: 50,0ms) [23:29:01] [Server thread/INFO]: Percentiles: P50: 38,8ms P95: 48,7ms P99: 49,8ms, sample: 100"
"without-umce","1","2026-09-26T21:29:01.3116199+00:00",,"0","2024","500","0","0","0","True","0","39,8","38,8","49,1","49,8","100","88,34129178997429","85,94246929223954","1412280320","[23:29:01] [Server thread/INFO]: The game is running normally [23:29:01] [Server thread/INFO]: Target tick rate: 20,0 per second. Average time per tick: 39,8ms (Target: 50,0ms) [23:29:01] [Server thread/INFO]: Percentiles: P50: 38,8ms P95: 49,1ms P99: 49,8ms, sample: 100"
"without-umce","1","2026-09-26T21:29:01.4354268+00:00",,"0","2024","500","0","0","0","True","0","39,6","38,8","48,7","49,8","100","75,98039017044731","85,94246929223954","1412280320","[23:29:01] [Server thread/INFO]: The game is running normally [23:29:01] [Server thread/INFO]: Target tick rate: 20,0 per second. Average time per tick: 39,6ms (Target: 50,0ms) [23:29:01] [Server thread/INFO]: Percentiles: P50: 38,8ms P95: 48,7ms P99: 49,8ms, sample: 100"
"without-umce","1","2026-09-26T21:29:01.5588128+00:00",,"0","2024","500","0","0","0","True","0","39,6","38,8","45,6","49,8","100","75,2295403735879","85,94246929223954","1412280320","[23:29:01] [Server thread/INFO]: The game is running normally [23:29:01] [Server thread/INFO]: Target tick rate: 20,0 per second. Average time per tick: 39,6ms (Target: 50,0ms) [23:29:01] [Server thread/INFO]: Percentiles: P50: 38,8ms P95: 45,6ms P99: 49,8ms, sample: 100"
"without-umce","1","2026-09-26T21:29:01.6834305+00:00",,"0","2024","500","0","0","0","True","0","39,6","38,8","45,6","49,8","100","101,96033009045105","85,94246929223954","1412280320","[23:29:01] [Server thread/INFO]: The game is running normally [23:29:01] [Server thread/INFO]: Target tick rate: 20,0 per second. Average time per tick: 39,6ms (Target: 50,0ms) [23:29:01] [Server thread/INFO]: Percentiles: P50: 38,8ms P95: 45,6ms P99: 49,8ms, sample: 100"
"without-umce","1","2026-09-26T21:29:01.8060578+00:00",,"0","2024","500","0","0","0","True","0","39,7","38,9","45,6","49,8","100","88,12043838256396","85,94246929223954","1412280320","[23:29:01] [Server thread/INFO]: The game is running normally [23:29:01] [Server thread/INFO]: Target tick rate: 20,0 per second. Average time per tick: 39,7ms (Target: 50,0ms) [23:29:01] [Server thread/INFO]: Percentiles: P50: 38,9ms P95: 45,6ms P99: 49,8ms, sample: 100"
"without-umce","1","2026-09-26T21:29:01.9301303+00:00",,"0","2024","500","0","0","0","True","0","39,7","38,9","45,6","49,8","100","79,16769509272483","85,94246929223954","1412280320","[23:29:01] [Server thread/INFO]: The game is running normally [23:29:01] [Server thread/INFO]: Target tick rate: 20,0 per second. Average time per tick: 39,7ms (Target: 50,0ms) [23:29:01] [Server thread/INFO]: Percentiles: P50: 38,9ms P95: 45,6ms P99: 49,8ms, sample: 100"
"without-umce","1","2026-09-26T21:29:02.0683153+00:00",,"0","2024","500","0","0","0","True","0","39,8","39","46,6","49,8","100","75,691395482899","85,94246929223954","1412280320","[23:29:02] [Server thread/INFO]: The game is running normally [23:29:02] [Server thread/INFO]: Target tick rate: 20,0 per second. Average time per tick: 39,8ms (Target: 50,0ms) [23:29:02] [Server thread/INFO]: Percentiles: P50: 39,0ms P95: 46,6ms P99: 49,8ms, sample: 100"
"without-umce","1","2026-09-26T21:29:02.1921476+00:00",,"0","2024","500","0","0","0","True","0","39,8","39","46,6","49,8","100","76,13916371179033","85,94246929223954","1412280320","[23:29:02] [Server thread/INFO]: The game is running normally [23:29:02] [Server thread/INFO]: Target tick rate: 20,0 per second. Average time per tick: 39,8ms (Target: 50,0ms) [23:29:02] [Server thread/INFO]: Percentiles: P50: 39,0ms P95: 46,6ms P99: 49,8ms, sample: 100"
"without-umce","1","2026-09-26T21:29:02.3153003+00:00",,"0","2024","500","0","0","0","True","0","39,8","39","46,6","49,8","100","63,74590088358958","85,94246929223954","1412280320","[23:29:02] [Server thread/INFO]: The game is running normally [23:29:02] [Server thread/INFO]: Target tick rate: 20,0 per second. Average time per tick: 39,8ms (Target: 50,0ms) [23:29:02] [Server thread/INFO]: Percentiles: P50: 39,0ms P95: 46,6ms P99: 49,8ms, sample: 100"
"without-umce","1","2026-09-26T21:29:02.4378580+00:00",,"0","2024","500","0","0","0","True","0","39,8","39","46,6","49,8","100","88,793688524324","85,94246929223954","1412280320","[23:29:02] [Server thread/INFO]: The game is running normally [23:29:02] [Server thread/INFO]: Target tick rate: 20,0 per second. Average time per tick: 39,8ms (Target: 50,0ms) [23:29:02] [Server thread/INFO]: Percentiles: P50: 39,0ms P95: 46,6ms P99: 49,8ms, sample: 100"
"without-umce","1","2026-09-26T21:29:02.5610600+00:00",,"0","2024","500","0","0","0","True","0","39,8","39,1","46,6","49,8","100","75,3776116834896","85,94246929223954","1412280320","[23:29:02] [Server thread/INFO]: The game is running normally [23:29:02] [Server thread/INFO]: Target tick rate: 20,0 per second. Average time per tick: 39,8ms (Target: 50,0ms) [23:29:02] [Server thread/INFO]: Percentiles: P50: 39,1ms P95: 46,6ms P99: 49,8ms, sample: 100"
"without-umce","1","2026-09-26T21:29:02.6853881+00:00",,"0","2024","500","0","0","0","True","0","39,8","39,1","46,6","49,8","100","75,340660329747","85,94246929223954","1412280320","[23:29:02] [Server thread/INFO]: The game is running normally [23:29:02] [Server thread/INFO]: Target tick rate: 20,0 per second. Average time per tick: 39,8ms (Target: 50,0ms) [23:29:02] [Server thread/INFO]: Percentiles: P50: 39,1ms P95: 46,6ms P99: 49,8ms, sample: 100"
"without-umce","1","2026-09-26T21:29:02.8098631+00:00",,"0","2024","500","0","0","0","True","0","39,8","39,2","46,6","49,8","100","75,16132627070743","85,94246929223954","1412280320","[23:29:02] [Server thread/INFO]: The game is running normally [23:29:02] [Server thread/INFO]: Target tick rate: 20,0 per second. Average time per tick: 39,8ms (Target: 50,0ms) [23:29:02] [Server thread/INFO]: Percentiles: P50: 39,2ms P95: 46,6ms P99: 49,8ms, sample: 100"
"without-umce","1","2026-09-26T21:29:02.9345825+00:00",,"0","2024","500","0","0","0","True","0","39,8","39,1","46,6","49,8","100","87,15785313174601","85,94246929223954","1412280320","[23:29:02] [Server thread/INFO]: The game is running normally [23:29:02] [Server thread/INFO]: Target tick rate: 20,0 per second. Average time per tick: 39,8ms (Target: 50,0ms) [23:29:02] [Server thread/INFO]: Percentiles: P50: 39,1ms P95: 46,6ms P99: 49,8ms, sample: 100"
"without-umce","1","2026-09-26T21:29:03.0600649+00:00",,"0","2024","500","0","0","0","True","0","39,8","39,1","46,6","49,8","100","75,32552679660421","85,94246929223954","1412280320","[23:29:03] [Server thread/INFO]: The game is running normally [23:29:03] [Server thread/INFO]: Target tick rate: 20,0 per second. Average time per tick: 39,8ms (Target: 50,0ms) [23:29:03] [Server thread/INFO]: Percentiles: P50: 39,1ms P95: 46,6ms P99: 49,8ms, sample: 100"
"without-umce","1","2026-09-26T21:29:03.1845238+00:00",,"0","2024","500","0","0","0","True","0","39,8","39,1","46,6","49,8","100","75,54361183073397","85,94246929223954","1412280320","[23:29:03] [Server thread/INFO]: The game is running normally [23:29:03] [Server thread/INFO]: Target tick rate: 20,0 per second. Average time per tick: 39,8ms (Target: 50,0ms) [23:29:03] [Server thread/INFO]: Percentiles: P50: 39,1ms P95: 46,6ms P99: 49,8ms, sample: 100"
"without-umce","1","2026-09-26T21:29:03.3086368+00:00",,"0","2024","500","0","0","0","True","0","39,7","39","46,6","49,8","100","77,27083530803246","85,94246929223954","1412280320","[23:29:03] [Server thread/INFO]: The game is running normally [23:29:03] [Server thread/INFO]: Target tick rate: 20,0 per second. Average time per tick: 39,7ms (Target: 50,0ms) [23:29:03] [Server thread/INFO]: Percentiles: P50: 39,0ms P95: 46,6ms P99: 49,8ms, sample: 100"
"without-umce","1","2026-09-26T21:29:03.4299578+00:00",,"0","2024","500","0","0","0","True","0","39,6","39","46,6","49,8","100","79,69847561864233","85,94246929223954","1412280320","[23:29:03] [Server thread/INFO]: The game is running normally [23:29:03] [Server thread/INFO]: Target tick rate: 20,0 per second. Average time per tick: 39,6ms (Target: 50,0ms) [23:29:03] [Server thread/INFO]: Percentiles: P50: 39,0ms P95: 46,6ms P99: 49,8ms, sample: 100"
"without-umce","1","2026-09-26T21:29:03.5671742+00:00",,"0","2024","500","0","0","0","True","0","39,6","39","46,6","49,8","100","63,60463440666748","85,94246929223954","1412280320","[23:29:03] [Server thread/INFO]: The game is running normally [23:29:03] [Server thread/INFO]: Target tick rate: 20,0 per second. Average time per tick: 39,6ms (Target: 50,0ms) [23:29:03] [Server thread/INFO]: Percentiles: P50: 39,0ms P95: 46,6ms P99: 49,8ms, sample: 100"
"without-umce","1","2026-09-26T21:29:03.6900125+00:00",,"0","2024","500","0","0","0","True","0","39,5","39","46,6","49,8","100","213,33507883258224","85,94246929223954","1412280320","[23:29:03] [Server thread/INFO]: The game is running normally [23:29:03] [Server thread/INFO]: Target tick rate: 20,0 per second. Average time per tick: 39,5ms (Target: 50,0ms) [23:29:03] [Server thread/INFO]: Percentiles: P50: 39,0ms P95: 46,6ms P99: 49,8ms, sample: 100"
"without-umce","1","2026-09-26T21:29:03.8145317+00:00",,"0","2024","500","0","0","0","True","0","39,5","39","46,6","49,8","100","74,84175459408627","85,94246929223954","1412280320","[23:29:03] [Server thread/INFO]: The game is running normally [23:29:03] [Server thread/INFO]: Target tick rate: 20,0 per second. Average time per tick: 39,5ms (Target: 50,0ms) [23:29:03] [Server thread/INFO]: Percentiles: P50: 39,0ms P95: 46,6ms P99: 49,8ms, sample: 100"
"without-umce","1","2026-09-26T21:29:03.9397841+00:00",,"0","2024","500","0","0","0","True","0","39,5","38,8","46,6","49,8","100","76,03239831731179","85,94246929223954","1412280320","[23:29:03] [Server thread/INFO]: The game is running normally [23:29:03] [Server thread/INFO]: Target tick rate: 20,0 per second. Average time per tick: 39,5ms (Target: 50,0ms) [23:29:03] [Server thread/INFO]: Percentiles: P50: 38,8ms P95: 46,6ms P99: 49,8ms, sample: 100"
"without-umce","1","2026-09-26T21:29:04.0630785+00:00",,"0","2024","500","0","0","0","True","0","39,5","38,8","46,6","49,8","100","76,2716621690115","85,94246929223954","1412280320","[23:29:04] [Server thread/INFO]: The game is running normally [23:29:04] [Server thread/INFO]: Target tick rate: 20,0 per second. Average time per tick: 39,5ms (Target: 50,0ms) [23:29:04] [Server thread/INFO]: Percentiles: P50: 38,8ms P95: 46,6ms P99: 49,8ms, sample: 100"
"without-umce","1","2026-09-26T21:29:04.1860146+00:00",,"0","2024","500","0","0","0","True","0","39,5","38,8","46,6","49,8","100","75,37136981334432","85,94246929223954","1412280320","[23:29:04] [Server thread/INFO]: The game is running normally [23:29:04] [Server thread/INFO]: Target tick rate: 20,0 per second. Average time per tick: 39,5ms (Target: 50,0ms) [23:29:04] [Server thread/INFO]: Percentiles: P50: 38,8ms P95: 46,6ms P99: 49,8ms, sample: 100"
"without-umce","1","2026-09-26T21:29:04.3104100+00:00",,"0","2024","500","0","0","0","True","0","39,6","39","46,6","49,8","100","88,89009892299741","85,94246929223954","1412280320","[23:29:04] [Server thread/INFO]: The game is running normally [23:29:04] [Server thread/INFO]: Target tick rate: 20,0 per second. Average time per tick: 39,6ms (Target: 50,0ms) [23:29:04] [Server thread/INFO]: Percentiles: P50: 39,0ms P95: 46,6ms P99: 49,8ms, sample: 100"
"without-umce","1","2026-09-26T21:29:04.4334238+00:00",,"0","2024","500","0","0","0","True","0","39,7","39","46,6","49,8","100","76,11425175428127","85,94246929223954","1412280320","[23:29:04] [Server thread/INFO]: The game is running normally [23:29:04] [Server thread/INFO]: Target tick rate: 20,0 per second. Average time per tick: 39,7ms (Target: 50,0ms) [23:29:04] [Server thread/INFO]: Percentiles: P50: 39,0ms P95: 46,6ms P99: 49,8ms, sample: 100"
"without-umce","1","2026-09-26T21:29:04.5566069+00:00",,"0","2024","500","0","0","0","True","0","39,7","39","46,6","49,8","100","99,89642738408818","85,94246929223954","1412280320","[23:29:04] [Server thread/INFO]: The game is running normally [23:29:04] [Server thread/INFO]: Target tick rate: 20,0 per second. Average time per tick: 39,7ms (Target: 50,0ms) [23:29:04] [Server thread/INFO]: Percentiles: P50: 39,0ms P95: 46,6ms P99: 49,8ms, sample: 100"
"without-umce","1","2026-09-26T21:29:04.6817646+00:00",,"0","2024","500","0","0","0","True","0","39,6","39","46,6","49,8","100","74,95089217544665","85,94246929223954","1412280320","[23:29:04] [Server thread/INFO]: The game is running normally [23:29:04] [Server thread/INFO]: Target tick rate: 20,0 per second. Average time per tick: 39,6ms (Target: 50,0ms) [23:29:04] [Server thread/INFO]: Percentiles: P50: 39,0ms P95: 46,6ms P99: 49,8ms, sample: 100"
"without-umce","1","2026-09-26T21:29:04.8068015+00:00",,"0","2024","500","0","0","0","True","0","39,8","39","46,6","49,8","100","63,49008985727021","85,94246929223954","1412280320","[23:29:04] [Server thread/INFO]: The game is running normally [23:29:04] [Server thread/INFO]: Target tick rate: 20,0 per second. Average time per tick: 39,8ms (Target: 50,0ms) [23:29:04] [Server thread/INFO]: Percentiles: P50: 39,0ms P95: 46,6ms P99: 49,8ms, sample: 100"
"without-umce","1","2026-09-26T21:29:04.9298563+00:00",,"0","2024","500","0","0","0","True","0","39,8","39","46,6","49,8","100","74,93884989848284","85,94246929223954","1412280320","[23:29:04] [Server thread/INFO]: The game is running normally [23:29:04] [Server thread/INFO]: Target tick rate: 20,0 per second. Average time per tick: 39,8ms (Target: 50,0ms) [23:29:04] [Server thread/INFO]: Percentiles: P50: 39,0ms P95: 46,6ms P99: 49,8ms, sample: 100"
"without-umce","1","2026-09-26T21:29:05.0550045+00:00",,"0","2024","500","0","0","0","True","0","39,8","39","46,6","49,8","100","89,00750226435086","85,94246929223954","1412280320","[23:29:05] [Server thread/INFO]: The game is running normally [23:29:05] [Server thread/INFO]: Target tick rate: 20,0 per second. Average time per tick: 39,8ms (Target: 50,0ms) [23:29:05] [Server thread/INFO]: Percentiles: P50: 39,0ms P95: 46,6ms P99: 49,8ms, sample: 100"
"without-umce","1","2026-09-26T21:29:05.1954048+00:00",,"0","2024","500","0","0","0","True","0","39,6","38,8","46,6","49,8","100","79,84981299630081","85,94246929223954","1412280320","[23:29:05] [Server thread/INFO]: The game is running normally [23:29:05] [Server thread/INFO]: Target tick rate: 20,0 per second. Average time per tick: 39,6ms (Target: 50,0ms) [23:29:05] [Server thread/INFO]: Percentiles: P50: 38,8ms P95: 46,6ms P99: 49,8ms, sample: 100"
"without-umce","1","2026-09-26T21:29:05.3323709+00:00",,"0","2024","500","0","0","0","True","0","39,6","38,8","46,6","49,8","100","88,50005057145746","85,94246929223954","1412280320","[23:29:05] [Server thread/INFO]: The game is running normally [23:29:05] [Server thread/INFO]: Target tick rate: 20,0 per second. Average time per tick: 39,6ms (Target: 50,0ms) [23:29:05] [Server thread/INFO]: Percentiles: P50: 38,8ms P95: 46,6ms P99: 49,8ms, sample: 100"
"without-umce","1","2026-09-26T21:29:05.4559914+00:00",,"0","2024","500","0","0","0","True","0","39,6","38,8","46,6","49,8","100","62,99549738422536","85,94246929223954","1412280320","[23:29:05] [Server thread/INFO]: The game is running normally [23:29:05] [Server thread/INFO]: Target tick rate: 20,0 per second. Average time per tick: 39,6ms (Target: 50,0ms) [23:29:05] [Server thread/INFO]: Percentiles: P50: 38,8ms P95: 46,6ms P99: 49,8ms, sample: 100"
"without-umce","1","2026-09-26T21:29:05.5799808+00:00",,"0","2024","500","0","0","0","True","0","39,6","38,8","46,6","49,8","100","76,2201938391319","85,94246929223954","1412280320","[23:29:05] [Server thread/INFO]: The game is running normally [23:29:05] [Server thread/INFO]: Target tick rate: 20,0 per second. Average time per tick: 39,6ms (Target: 50,0ms) [23:29:05] [Server thread/INFO]: Percentiles: P50: 38,8ms P95: 46,6ms P99: 49,8ms, sample: 100"
"without-umce","1","2026-09-26T21:29:05.7029740+00:00",,"0","2024","500","0","0","0","True","0","39,6","38,8","47,3","49,8","100","74,15944716208605","85,94246929223954","1412280320","[23:29:05] [Server thread/INFO]: The game is running normally [23:29:05] [Server thread/INFO]: Target tick rate: 20,0 per second. Average time per tick: 39,6ms (Target: 50,0ms) [23:29:05] [Server thread/INFO]: Percentiles: P50: 38,8ms P95: 47,3ms P99: 49,8ms, sample: 100"
"without-umce","1","2026-09-26T21:29:05.8294149+00:00",,"0","2024","500","0","0","0","True","0","39,7","38,8","47,3","49,8","100","87,88204080779967","85,94246929223954","1412280320","[23:29:05] [Server thread/INFO]: The game is running normally [23:29:05] [Server thread/INFO]: Target tick rate: 20,0 per second. Average time per tick: 39,7ms (Target: 50,0ms) [23:29:05] [Server thread/INFO]: Percentiles: P50: 38,8ms P95: 47,3ms P99: 49,8ms, sample: 100"
"without-umce","1","2026-09-26T21:29:05.9538780+00:00",,"0","2024","500","0","0","0","True","0","39,7","38,8","47,3","49,8","100","64,08032330112297","85,94246929223954","1412280320","[23:29:05] [Server thread/INFO]: The game is running normally [23:29:05] [Server thread/INFO]: Target tick rate: 20,0 per second. Average time per tick: 39,7ms (Target: 50,0ms) [23:29:05] [Server thread/INFO]: Percentiles: P50: 38,8ms P95: 47,3ms P99: 49,8ms, sample: 100"
"without-umce","1","2026-09-26T21:29:06.0757788+00:00",,"0","2024","500","0","0","0","True","0","39,5","38,8","46,6","49,7","100","88,73836158357105","85,94246929223954","1412280320","[23:29:06] [Server thread/INFO]: The game is running normally [23:29:06] [Server thread/INFO]: Target tick rate: 20,0 per second. Average time per tick: 39,5ms (Target: 50,0ms) [23:29:06] [Server thread/INFO]: Percentiles: P50: 38,8ms P95: 46,6ms P99: 49,7ms, sample: 100"
"without-umce","1","2026-09-26T21:29:06.1990148+00:00",,"0","2024","500","0","0","0","True","0","39,2","38,8","44,8","47,3","100","75,85491523668352","85,94246929223954","1412280320","[23:29:06] [Server thread/INFO]: The game is running normally [23:29:06] [Server thread/INFO]: Target tick rate: 20,0 per second. Average time per tick: 39,2ms (Target: 50,0ms) [23:29:06] [Server thread/INFO]: Percentiles: P50: 38,8ms P95: 44,8ms P99: 47,3ms, sample: 100"
"without-umce","1","2026-09-26T21:29:06.3226722+00:00",,"0","2024","500","0","0","0","True","0","39,1","38,7","43,9","47,3","100","76,46263851971594","85,94246929223954","1412280320","[23:29:06] [Server thread/INFO]: The game is running normally [23:29:06] [Server thread/INFO]: Target tick rate: 20,0 per second. Average time per tick: 39,1ms (Target: 50,0ms) [23:29:06] [Server thread/INFO]: Percentiles: P50: 38,7ms P95: 43,9ms P99: 47,3ms, sample: 100"
"without-umce","1","2026-09-26T21:29:06.4452252+00:00",,"0","2024","500","0","0","0","True","0","39","38,7","43,9","47,3","100","78,0406603435002","85,94246929223954","1412280320","[23:29:06] [Server thread/INFO]: The game is running normally [23:29:06] [Server thread/INFO]: Target tick rate: 20,0 per second. Average time per tick: 39,0ms (Target: 50,0ms) [23:29:06] [Server thread/INFO]: Percentiles: P50: 38,7ms P95: 43,9ms P99: 47,3ms, sample: 100"
"without-umce","1","2026-09-26T21:29:06.5853899+00:00",,"0","2024","500","0","0","0","True","0","39,1","38,7","43,9","47,3","100","124,75873928163648","85,94246929223954","1412280320","[23:29:06] [Server thread/INFO]: The game is running normally [23:29:06] [Server thread/INFO]: Target tick rate: 20,0 per second. Average time per tick: 39,1ms (Target: 50,0ms) [23:29:06] [Server thread/INFO]: Percentiles: P50: 38,7ms P95: 43,9ms P99: 47,3ms, sample: 100"
"without-umce","1","2026-09-26T21:29:06.7231410+00:00",,"0","2024","500","0","0","0","True","0","39,2","38,7","43,9","47,3","100","99,6673502517996","85,94246929223954","1412280320","[23:29:06] [Server thread/INFO]: The game is running normally [23:29:06] [Server thread/INFO]: Target tick rate: 20,0 per second. Average time per tick: 39,2ms (Target: 50,0ms) [23:29:06] [Server thread/INFO]: Percentiles: P50: 38,7ms P95: 43,9ms P99: 47,3ms, sample: 100"
"without-umce","1","2026-09-26T21:29:06.8485821+00:00",,"0","2024","500","0","0","0","True","0","39,2","38,7","44,8","47,3","100","89,41863782815108","85,94246929223954","1412280320","[23:29:06] [Server thread/INFO]: The game is running normally [23:29:06] [Server thread/INFO]: Target tick rate: 20,0 per second. Average time per tick: 39,2ms (Target: 50,0ms) [23:29:06] [Server thread/INFO]: Percentiles: P50: 38,7ms P95: 44,8ms P99: 47,3ms, sample: 100"
"without-umce","1","2026-09-26T21:29:06.9708735+00:00",,"0","2024","500","0","0","0","True","0","39,2","38,7","43,9","47,3","100","50,08707136486067","85,94246929223954","1412280320","[23:29:06] [Server thread/INFO]: The game is running normally [23:29:06] [Server thread/INFO]: Target tick rate: 20,0 per second. Average time per tick: 39,2ms (Target: 50,0ms) [23:29:06] [Server thread/INFO]: Percentiles: P50: 38,7ms P95: 43,9ms P99: 47,3ms, sample: 100"
"without-umce","1","2026-09-26T21:29:07.0956526+00:00",,"0","2024","500","0","0","0","True","0","39,1","38,6","43,9","47,3","100","101,77495521901972","85,94246929223954","1412280320","[23:29:07] [Server thread/INFO]: The game is running normally [23:29:07] [Server thread/INFO]: Target tick rate: 20,0 per second. Average time per tick: 39,1ms (Target: 50,0ms) [23:29:07] [Server thread/INFO]: Percentiles: P50: 38,6ms P95: 43,9ms P99: 47,3ms, sample: 100"
"without-umce","1","2026-09-26T21:29:07.2193836+00:00",,"0","2024","500","0","0","0","True","0","39,2","38,7","43,9","47,3","100","76,19417608291226","85,94246929223954","1412280320","[23:29:07] [Server thread/INFO]: The game is running normally [23:29:07] [Server thread/INFO]: Target tick rate: 20,0 per second. Average time per tick: 39,2ms (Target: 50,0ms) [23:29:07] [Server thread/INFO]: Percentiles: P50: 38,7ms P95: 43,9ms P99: 47,3ms, sample: 100"
"without-umce","1","2026-09-26T21:29:07.3415239+00:00",,"0","2024","500","0","0","0","True","0","39,1","38,7","43,9","47,3","100","76,1405859779497","85,94246929223954","1412280320","[23:29:07] [Server thread/INFO]: The game is running normally [23:29:07] [Server thread/INFO]: Target tick rate: 20,0 per second. Average time per tick: 39,1ms (Target: 50,0ms) [23:29:07] [Server thread/INFO]: Percentiles: P50: 38,7ms P95: 43,9ms P99: 47,3ms, sample: 100"
"without-umce","1","2026-09-26T21:29:07.4646977+00:00",,"0","2024","500","0","0","0","True","0","39,1","38,7","43,9","47,3","100","88,17592134264419","85,94246929223954","1412280320","[23:29:07] [Server thread/INFO]: The game is running normally [23:29:07] [Server thread/INFO]: Target tick rate: 20,0 per second. Average time per tick: 39,1ms (Target: 50,0ms) [23:29:07] [Server thread/INFO]: Percentiles: P50: 38,7ms P95: 43,9ms P99: 47,3ms, sample: 100"
"without-umce","1","2026-09-26T21:29:07.5886835+00:00",,"0","2024","500","0","0","0","True","0","39,1","38,6","43,9","47,3","100","87,68751097346566","85,94246929223954","1412280320","[23:29:07] [Server thread/INFO]: The game is running normally [23:29:07] [Server thread/INFO]: Target tick rate: 20,0 per second. Average time per tick: 39,1ms (Target: 50,0ms) [23:29:07] [Server thread/INFO]: Percentiles: P50: 38,6ms P95: 43,9ms P99: 47,3ms, sample: 100"
"without-umce","1","2026-09-26T21:29:07.7134221+00:00",,"0","2024","500","0","0","0","True","0","39,2","38,7","44,8","47,3","100","76,39061475092586","85,94246929223954","1412280320","[23:29:07] [Server thread/INFO]: The game is running normally [23:29:07] [Server thread/INFO]: Target tick rate: 20,0 per second. Average time per tick: 39,2ms (Target: 50,0ms) [23:29:07] [Server thread/INFO]: Percentiles: P50: 38,7ms P95: 44,8ms P99: 47,3ms, sample: 100"
"without-umce","1","2026-09-26T21:29:07.8361557+00:00",,"0","2024","500","0","0","0","True","0","39,2","38,7","44,8","47,3","100","91,60139761748428","85,94246929223954","1412280320","[23:29:07] [Server thread/INFO]: The game is running normally [23:29:07] [Server thread/INFO]: Target tick rate: 20,0 per second. Average time per tick: 39,2ms (Target: 50,0ms) [23:29:07] [Server thread/INFO]: Percentiles: P50: 38,7ms P95: 44,8ms P99: 47,3ms, sample: 100"
"without-umce","1","2026-09-26T21:29:07.9896740+00:00",,"0","2024","500","0","0","0","True","0","39,2","38,7","44,8","47,3","100","62,16292774061927","85,94246929223954","1412280320","[23:29:08] [Server thread/INFO]: The game is running normally [23:29:08] [Server thread/INFO]: Target tick rate: 20,0 per second. Average time per tick: 39,2ms (Target: 50,0ms) [23:29:08] [Server thread/INFO]: Percentiles: P50: 38,7ms P95: 44,8ms P99: 47,3ms, sample: 100"
"without-umce","1","2026-09-26T21:29:08.1153483+00:00",,"0","2024","500","0","0","0","True","0","39,2","38,7","44,8","47,3","100","113,94722086273339","85,94246929223954","1412280320","[23:29:08] [Server thread/INFO]: The game is running normally [23:29:08] [Server thread/INFO]: Target tick rate: 20,0 per second. Average time per tick: 39,2ms (Target: 50,0ms) [23:29:08] [Server thread/INFO]: Percentiles: P50: 38,7ms P95: 44,8ms P99: 47,3ms, sample: 100"
"without-umce","1","2026-09-26T21:29:08.2387580+00:00",,"0","2024","500","0","0","0","True","0","39,2","38,7","44,8","47,3","100","63,348258520898234","85,94246929223954","1412280320","[23:29:08] [Server thread/INFO]: The game is running normally [23:29:08] [Server thread/INFO]: Target tick rate: 20,0 per second. Average time per tick: 39,2ms (Target: 50,0ms) [23:29:08] [Server thread/INFO]: Percentiles: P50: 38,7ms P95: 44,8ms P99: 47,3ms, sample: 100"
"without-umce","1","2026-09-26T21:29:08.3620949+00:00",,"0","2024","500","0","0","0","True","0","39,2","38,7","44,8","47,3","100","62,78110869228056","85,94246929223954","1412280320","[23:29:08] [Server thread/INFO]: The game is running normally [23:29:08] [Server thread/INFO]: Target tick rate: 20,0 per second. Average time per tick: 39,2ms (Target: 50,0ms) [23:29:08] [Server thread/INFO]: Percentiles: P50: 38,7ms P95: 44,8ms P99: 47,3ms, sample: 100"
"without-umce","1","2026-09-26T21:29:08.4865343+00:00",,"0","2024","500","0","0","0","True","0","39,1","38,6","44,8","47,3","100","62,37290896070168","85,94246929223954","1412280320","[23:29:08] [Server thread/INFO]: The game is running normally [23:29:08] [Server thread/INFO]: Target tick rate: 20,0 per second. Average time per tick: 39,1ms (Target: 50,0ms) [23:29:08] [Server thread/INFO]: Percentiles: P50: 38,6ms P95: 44,8ms P99: 47,3ms, sample: 100"
"without-umce","1","2026-09-26T21:29:08.6117928+00:00",,"0","2024","500","0","0","0","True","0","39,1","38,6","44,8","47,3","100","75,27683809979581","85,94246929223954","1412280320","[23:29:08] [Server thread/INFO]: The game is running normally [23:29:08] [Server thread/INFO]: Target tick rate: 20,0 per second. Average time per tick: 39,1ms (Target: 50,0ms) [23:29:08] [Server thread/INFO]: Percentiles: P50: 38,6ms P95: 44,8ms P99: 47,3ms, sample: 100"
"without-umce","1","2026-09-26T21:29:08.7363160+00:00",,"0","2024","500","0","0","0","True","0","39,1","38,6","44,8","47,3","100","63,622504572676654","85,94246929223954","1412280320","[23:29:08] [Server thread/INFO]: The game is running normally [23:29:08] [Server thread/INFO]: Target tick rate: 20,0 per second. Average time per tick: 39,1ms (Target: 50,0ms) [23:29:08] [Server thread/INFO]: Percentiles: P50: 38,6ms P95: 44,8ms P99: 47,3ms, sample: 100"
"without-umce","1","2026-09-26T21:29:08.8591029+00:00",,"0","2024","500","0","0","0","True","0","39","38,6","44,8","47,3","100","88,7130983926606","85,94246929223954","1412280320","[23:29:08] [Server thread/INFO]: The game is running normally [23:29:08] [Server thread/INFO]: Target tick rate: 20,0 per second. Average time per tick: 39,0ms (Target: 50,0ms) [23:29:08] [Server thread/INFO]: Percentiles: P50: 38,6ms P95: 44,8ms P99: 47,3ms, sample: 100"
"without-umce","1","2026-09-26T21:29:08.9824215+00:00",,"0","2024","500","0","0","0","True","0","39","38,6","44,8","47,3","100","62,460025583626475","85,94246929223954","1412280320","[23:29:08] [Server thread/INFO]: The game is running normally [23:29:08] [Server thread/INFO]: Target tick rate: 20,0 per second. Average time per tick: 39,0ms (Target: 50,0ms) [23:29:08] [Server thread/INFO]: Percentiles: P50: 38,6ms P95: 44,8ms P99: 47,3ms, sample: 100"
"without-umce","1","2026-09-26T21:29:09.1075042+00:00",,"0","2024","500","0","0","0","True","0","39,1","38,7","44,8","47,3","100","87,23007525513053","85,94246929223954","1412280320","[23:29:09] [Server thread/INFO]: The game is running normally [23:29:09] [Server thread/INFO]: Target tick rate: 20,0 per second. Average time per tick: 39,1ms (Target: 50,0ms) [23:29:09] [Server thread/INFO]: Percentiles: P50: 38,7ms P95: 44,8ms P99: 47,3ms, sample: 100"
"without-umce","1","2026-09-26T21:29:09.2328888+00:00",,"0","2024","500","0","0","0","True","0","39","38,6","44,6","47,3","100","128,09308944955632","85,94246929223954","1412280320","[23:29:09] [Server thread/INFO]: The game is running normally [23:29:09] [Server thread/INFO]: Target tick rate: 20,0 per second. Average time per tick: 39,0ms (Target: 50,0ms) [23:29:09] [Server thread/INFO]: Percentiles: P50: 38,6ms P95: 44,6ms P99: 47,3ms, sample: 100"
"without-umce","1","2026-09-26T21:29:09.3548463+00:00",,"0","2024","500","0","0","0","True","0","39,2","38,7","46,1","47,3","100","87,47676617090501","85,94246929223954","1412280320","[23:29:09] [Server thread/INFO]: The game is running normally [23:29:09] [Server thread/INFO]: Target tick rate: 20,0 per second. Average time per tick: 39,2ms (Target: 50,0ms) [23:29:09] [Server thread/INFO]: Percentiles: P50: 38,7ms P95: 46,1ms P99: 47,3ms, sample: 100"
"without-umce","1","2026-09-26T21:29:09.4798892+00:00",,"0","2024","500","0","0","0","True","0","39,2","38,6","46,1","47,3","100","63,515640497816285","85,94246929223954","1412280320","[23:29:09] [Server thread/INFO]: The game is running normally [23:29:09] [Server thread/INFO]: Target tick rate: 20,0 per second. Average time per tick: 39,2ms (Target: 50,0ms) [23:29:09] [Server thread/INFO]: Percentiles: P50: 38,6ms P95: 46,1ms P99: 47,3ms, sample: 100"
"without-umce","1","2026-09-26T21:29:09.6028999+00:00",,"0","2024","500","0","0","0","True","0","39,1","38,6","46,1","47,3","100","102,5712656035968","85,94246929223954","1412280320","[23:29:09] [Server thread/INFO]: The game is running normally [23:29:09] [Server thread/INFO]: Target tick rate: 20,0 per second. Average time per tick: 39,1ms (Target: 50,0ms) [23:29:09] [Server thread/INFO]: Percentiles: P50: 38,6ms P95: 46,1ms P99: 47,3ms, sample: 100"
"without-umce","1","2026-09-26T21:29:09.7400263+00:00",,"0","2024","500","0","0","0","True","0","39,1","38,6","45,6","47,3","100","63,106223626647015","85,94246929223954","1412280320","[23:29:09] [Server thread/INFO]: The game is running normally [23:29:09] [Server thread/INFO]: Target tick rate: 20,0 per second. Average time per tick: 39,1ms (Target: 50,0ms) [23:29:09] [Server thread/INFO]: Percentiles: P50: 38,6ms P95: 45,6ms P99: 47,3ms, sample: 100"
"without-umce","1","2026-09-26T21:29:09.8638265+00:00",,"0","2024","500","0","0","0","True","0","39","38,6","45,6","47,3","100","87,57692757318028","85,94246929223954","1412280320","[23:29:09] [Server thread/INFO]: The game is running normally [23:29:09] [Server thread/INFO]: Target tick rate: 20,0 per second. Average time per tick: 39,0ms (Target: 50,0ms) [23:29:09] [Server thread/INFO]: Percentiles: P50: 38,6ms P95: 45,6ms P99: 47,3ms, sample: 100"
"without-umce","1","2026-09-26T21:29:09.9886966+00:00",,"0","2024","500","0","0","0","True","0","39","38,4","45,6","47,3","100","50,96199947162599","85,94246929223954","1412280320","[23:29:10] [Server thread/INFO]: The game is running normally [23:29:10] [Server thread/INFO]: Target tick rate: 20,0 per second. Average time per tick: 39,0ms (Target: 50,0ms) [23:29:10] [Server thread/INFO]: Percentiles: P50: 38,4ms P95: 45,6ms P99: 47,3ms, sample: 100"
"without-umce","1","2026-09-26T21:29:10.1113160+00:00",,"0","2024","500","0","0","0","True","0","39","38,4","45,6","47,3","100","87,70734015211961","85,94246929223954","1412280320","[23:29:10] [Server thread/INFO]: The game is running normally [23:29:10] [Server thread/INFO]: Target tick rate: 20,0 per second. Average time per tick: 39,0ms (Target: 50,0ms) [23:29:10] [Server thread/INFO]: Percentiles: P50: 38,4ms P95: 45,6ms P99: 47,3ms, sample: 100"
"without-umce","1","2026-09-26T21:29:10.2360145+00:00",,"0","2024","500","0","0","0","True","0","39","38,6","45,6","47,3","100","74,66353624028677","85,94246929223954","1412280320","[23:29:10] [Server thread/INFO]: The game is running normally [23:29:10] [Server thread/INFO]: Target tick rate: 20,0 per second. Average time per tick: 39,0ms (Target: 50,0ms) [23:29:10] [Server thread/INFO]: Percentiles: P50: 38,6ms P95: 45,6ms P99: 47,3ms, sample: 100"
"without-umce","1","2026-09-26T21:29:10.3615968+00:00",,"0","2024","500","0","0","0","True","0","39","38,3","45,6","47,3","100","100,55514484365284","85,94246929223954","1412280320","[23:29:10] [Server thread/INFO]: The game is running normally [23:29:10] [Server thread/INFO]: Target tick rate: 20,0 per second. Average time per tick: 39,0ms (Target: 50,0ms) [23:29:10] [Server thread/INFO]: Percentiles: P50: 38,3ms P95: 45,6ms P99: 47,3ms, sample: 100"
"without-umce","1","2026-09-26T21:29:10.4858930+00:00",,"0","2024","500","0","0","0","True","0","39","38,3","45,6","47,3","100","76,18259770062636","85,94246929223954","1412280320","[23:29:10] [Server thread/INFO]: The game is running normally [23:29:10] [Server thread/INFO]: Target tick rate: 20,0 per second. Average time per tick: 39,0ms (Target: 50,0ms) [23:29:10] [Server thread/INFO]: Percentiles: P50: 38,3ms P95: 45,6ms P99: 47,3ms, sample: 100"
"without-umce","1","2026-09-26T21:29:10.6089767+00:00",,"0","2024","500","0","0","0","True","0","39","38,4","45,6","47,3","100","126,68285504643686","85,94246929223954","1412280320","[23:29:10] [Server thread/INFO]: The game is running normally [23:29:10] [Server thread/INFO]: Target tick rate: 20,0 per second. Average time per tick: 39,0ms (Target: 50,0ms) [23:29:10] [Server thread/INFO]: Percentiles: P50: 38,4ms P95: 45,6ms P99: 47,3ms, sample: 100"
"without-umce","1","2026-09-26T21:29:10.7322926+00:00",,"0","2024","500","0","0","0","True","0","39","38,6","44,6","47,3","100","87,9691924850382","85,94246929223954","1412280320","[23:29:10] [Server thread/INFO]: The game is running normally [23:29:10] [Server thread/INFO]: Target tick rate: 20,0 per second. Average time per tick: 39,0ms (Target: 50,0ms) [23:29:10] [Server thread/INFO]: Percentiles: P50: 38,6ms P95: 44,6ms P99: 47,3ms, sample: 100"
"without-umce","1","2026-09-26T21:29:10.8566188+00:00",,"0","2024","500","0","0","0","True","0","39","38,4","45,6","47,3","100","99,63962341005053","85,94246929223954","1412280320","[23:29:10] [Server thread/INFO]: The game is running normally [23:29:10] [Server thread/INFO]: Target tick rate: 20,0 per second. Average time per tick: 39,0ms (Target: 50,0ms) [23:29:10] [Server thread/INFO]: Percentiles: P50: 38,4ms P95: 45,6ms P99: 47,3ms, sample: 100"
"without-umce","1","2026-09-26T21:29:10.9820756+00:00",,"0","2024","500","0","0","0","True","0","39","38,4","45,6","47,3","100","64,37495931502572","85,94246929223954","1412280320","[23:29:10] [Server thread/INFO]: The game is running normally [23:29:10] [Server thread/INFO]: Target tick rate: 20,0 per second. Average time per tick: 39,0ms (Target: 50,0ms) [23:29:10] [Server thread/INFO]: Percentiles: P50: 38,4ms P95: 45,6ms P99: 47,3ms, sample: 100"
"without-umce","1","2026-09-26T21:29:11.1034322+00:00",,"0","2024","500","0","0","0","True","0","39","38,6","45,6","47,3","100","87,42006309430657","85,94246929223954","1412280320","[23:29:11] [Server thread/INFO]: The game is running normally [23:29:11] [Server thread/INFO]: Target tick rate: 20,0 per second. Average time per tick: 39,0ms (Target: 50,0ms) [23:29:11] [Server thread/INFO]: Percentiles: P50: 38,6ms P95: 45,6ms P99: 47,3ms, sample: 100"
"without-umce","1","2026-09-26T21:29:11.2285694+00:00",,"0","2024","500","0","0","0","True","0","39","38,6","45,6","47,3","100","100,69179289389825","85,94246929223954","1412280320","[23:29:11] [Server thread/INFO]: The game is running normally [23:29:11] [Server thread/INFO]: Target tick rate: 20,0 per second. Average time per tick: 39,0ms (Target: 50,0ms) [23:29:11] [Server thread/INFO]: Percentiles: P50: 38,6ms P95: 45,6ms P99: 47,3ms, sample: 100"
"without-umce","1","2026-09-26T21:29:11.3527334+00:00",,"0","2024","500","0","0","0","True","0","39,4","38,6","46,2","61,1","100","146,14707738222432","85,94246929223954","1412280320","[23:29:11] [Server thread/INFO]: The game is running normally [23:29:11] [Server thread/INFO]: Target tick rate: 20,0 per second. Average time per tick: 39,4ms (Target: 50,0ms) [23:29:11] [Server thread/INFO]: Percentiles: P50: 38,6ms P95: 46,2ms P99: 61,1ms, sample: 100"
"without-umce","1","2026-09-26T21:29:11.4916965+00:00",,"0","2024","500","0","0","0","True","0","39,8","38,9","47,3","61,1","100","91,07010285093136","85,94246929223954","1412280320","[23:29:11] [Server thread/INFO]: The game is running normally [23:29:11] [Server thread/INFO]: Target tick rate: 20,0 per second. Average time per tick: 39,8ms (Target: 50,0ms) [23:29:11] [Server thread/INFO]: Percentiles: P50: 38,9ms P95: 47,3ms P99: 61,1ms, sample: 100"
"without-umce","1","2026-09-26T21:29:11.6289669+00:00",,"0","2024","500","0","0","0","True","0","39,8","38,9","47,3","61,1","100","87,64507012006273","85,94246929223954","1412280320","[23:29:11] [Server thread/INFO]: The game is running normally [23:29:11] [Server thread/INFO]: Target tick rate: 20,0 per second. Average time per tick: 39,8ms (Target: 50,0ms) [23:29:11] [Server thread/INFO]: Percentiles: P50: 38,9ms P95: 47,3ms P99: 61,1ms, sample: 100"
"without-umce","1","2026-09-26T21:29:11.7537419+00:00",,"0","2024","500","0","0","0","True","0","39,9","39","47,3","61,1","100","89,34369652141594","85,94246929223954","1412280320","[23:29:11] [Server thread/INFO]: The game is running normally [23:29:11] [Server thread/INFO]: Target tick rate: 20,0 per second. Average time per tick: 39,9ms (Target: 50,0ms) [23:29:11] [Server thread/INFO]: Percentiles: P50: 39,0ms P95: 47,3ms P99: 61,1ms, sample: 100"
"without-umce","1","2026-09-26T21:29:11.8761594+00:00",,"0","2024","500","0","0","0","True","0","40","39","50,2","61,1","100","114,47016897221458","85,94246929223954","1412280320","[23:29:11] [Server thread/INFO]: The game is running normally [23:29:11] [Server thread/INFO]: Target tick rate: 20,0 per second. Average time per tick: 40,0ms (Target: 50,0ms) [23:29:11] [Server thread/INFO]: Percentiles: P50: 39,0ms P95: 50,2ms P99: 61,1ms, sample: 100"
"without-umce","1","2026-09-26T21:29:11.9990121+00:00",,"0","2024","500","0","0","0","True","0","40,2","39","51","61,1","100","89,8512269056675","85,94246929223954","1412280320","[23:29:12] [Server thread/INFO]: The game is running normally [23:29:12] [Server thread/INFO]: Target tick rate: 20,0 per second. Average time per tick: 40,2ms (Target: 50,0ms) [23:29:12] [Server thread/INFO]: Percentiles: P50: 39,0ms P95: 51,0ms P99: 61,1ms, sample: 100"
"without-umce","1","2026-09-26T21:29:12.1207263+00:00",,"0","2024","500","0","0","0","True","0","40,4","39,3","51","61,1","100","127,213515163851","85,94246929223954","1412280320","[23:29:12] [Server thread/INFO]: The game is running normally [23:29:12] [Server thread/INFO]: Target tick rate: 20,0 per second. Average time per tick: 40,4ms (Target: 50,0ms) [23:29:12] [Server thread/INFO]: Percentiles: P50: 39,3ms P95: 51,0ms P99: 61,1ms, sample: 100"
"without-umce","1","2026-09-26T21:29:12.2435651+00:00",,"0","2024","500","0","0","0","True","0","40,4","39","51","61,1","100","76,1340934561224","85,94246929223954","1412280320","[23:29:12] [Server thread/INFO]: The game is running normally [23:29:12] [Server thread/INFO]: Target tick rate: 20,0 per second. Average time per tick: 40,4ms (Target: 50,0ms) [23:29:12] [Server thread/INFO]: Percentiles: P50: 39,0ms P95: 51,0ms P99: 61,1ms, sample: 100"
"without-umce","1","2026-09-26T21:29:12.3666810+00:00",,"0","2024","500","0","0","0","True","0","40,5","39,3","51","61,1","100","79,60977924708618","85,94246929223954","1412280320","[23:29:12] [Server thread/INFO]: The game is running normally [23:29:12] [Server thread/INFO]: Target tick rate: 20,0 per second. Average time per tick: 40,5ms (Target: 50,0ms) [23:29:12] [Server thread/INFO]: Percentiles: P50: 39,3ms P95: 51,0ms P99: 61,1ms, sample: 100"
"without-umce","1","2026-09-26T21:29:12.5040977+00:00",,"0","2024","500","0","0","0","True","0","40,5","39,3","51","61,1","100","63,67856284106238","85,94246929223954","1412280320","[23:29:12] [Server thread/INFO]: The game is running normally [23:29:12] [Server thread/INFO]: Target tick rate: 20,0 per second. Average time per tick: 40,5ms (Target: 50,0ms) [23:29:12] [Server thread/INFO]: Percentiles: P50: 39,3ms P95: 51,0ms P99: 61,1ms, sample: 100"
"without-umce","1","2026-09-26T21:29:12.6267582+00:00",,"0","2024","500","0","0","0","True","0","40,5","39,3","51","61,1","100","99,24667801519347","85,94246929223954","1412280320","[23:29:12] [Server thread/INFO]: The game is running normally [23:29:12] [Server thread/INFO]: Target tick rate: 20,0 per second. Average time per tick: 40,5ms (Target: 50,0ms) [23:29:12] [Server thread/INFO]: Percentiles: P50: 39,3ms P95: 51,0ms P99: 61,1ms, sample: 100"
"without-umce","1","2026-09-26T21:29:12.7527147+00:00",,"0","2024","500","0","0","0","True","0","40,4","39,2","51","61,1","100","74,97282984646364","85,94246929223954","1412280320","[23:29:12] [Server thread/INFO]: The game is running normally [23:29:12] [Server thread/INFO]: Target tick rate: 20,0 per second. Average time per tick: 40,4ms (Target: 50,0ms) [23:29:12] [Server thread/INFO]: Percentiles: P50: 39,2ms P95: 51,0ms P99: 61,1ms, sample: 100"
"without-umce","1","2026-09-26T21:29:12.8777759+00:00",,"0","2024","500","0","0","0","True","0","40,5","39,2","51","61,1","100","37,94391343202393","85,94246929223954","1412280320","[23:29:12] [Server thread/INFO]: The game is running normally [23:29:12] [Server thread/INFO]: Target tick rate: 20,0 per second. Average time per tick: 40,5ms (Target: 50,0ms) [23:29:12] [Server thread/INFO]: Percentiles: P50: 39,2ms P95: 51,0ms P99: 61,1ms, sample: 100"
"without-umce","1","2026-09-26T21:29:13.0012875+00:00",,"0","2024","500","0","0","0","True","0","40,4","39,2","51","61,1","100","62,65277252051402","85,94246929223954","1412280320","[23:29:13] [Server thread/INFO]: The game is running normally [23:29:13] [Server thread/INFO]: Target tick rate: 20,0 per second. Average time per tick: 40,4ms (Target: 50,0ms) [23:29:13] [Server thread/INFO]: Percentiles: P50: 39,2ms P95: 51,0ms P99: 61,1ms, sample: 100"
"without-umce","1","2026-09-26T21:29:13.1259795+00:00",,"0","2024","500","0","0","0","True","0","40,3","39,2","51","61,1","100","87,76871269077408","85,94246929223954","1412280320","[23:29:13] [Server thread/INFO]: The game is running normally [23:29:13] [Server thread/INFO]: Target tick rate: 20,0 per second. Average time per tick: 40,3ms (Target: 50,0ms) [23:29:13] [Server thread/INFO]: Percentiles: P50: 39,2ms P95: 51,0ms P99: 61,1ms, sample: 100"
"without-umce","1","2026-09-26T21:29:13.2505968+00:00",,"0","2024","500","0","0","0","True","0","40,2","39,1","51","61,1","100","62,030109514406476","85,94246929223954","1412280320","[23:29:13] [Server thread/INFO]: The game is running normally [23:29:13] [Server thread/INFO]: Target tick rate: 20,0 per second. Average time per tick: 40,2ms (Target: 50,0ms) [23:29:13] [Server thread/INFO]: Percentiles: P50: 39,1ms P95: 51,0ms P99: 61,1ms, sample: 100"
"without-umce","1","2026-09-26T21:29:13.3765545+00:00",,"0","2024","500","0","0","0","True","0","40,2","39,2","51","61,1","100","89,40219257089235","85,94246929223954","1412280320","[23:29:13] [Server thread/INFO]: The game is running normally [23:29:13] [Server thread/INFO]: Target tick rate: 20,0 per second. Average time per tick: 40,2ms (Target: 50,0ms) [23:29:13] [Server thread/INFO]: Percentiles: P50: 39,2ms P95: 51,0ms P99: 61,1ms, sample: 100"
"without-umce","1","2026-09-26T21:29:13.4988827+00:00",,"0","2024","500","0","0","0","True","0","40,2","39,1","51","61,1","100","63,10046401557218","85,94246929223954","1412280320","[23:29:13] [Server thread/INFO]: The game is running normally [23:29:13] [Server thread/INFO]: Target tick rate: 20,0 per second. Average time per tick: 40,2ms (Target: 50,0ms) [23:29:13] [Server thread/INFO]: Percentiles: P50: 39,1ms P95: 51,0ms P99: 61,1ms, sample: 100"
"without-umce","1","2026-09-26T21:29:13.6227162+00:00",,"0","2024","500","0","0","0","True","0","40,2","39,2","51","61,1","100","101,44695825498246","85,94246929223954","1412280320","[23:29:13] [Server thread/INFO]: The game is running normally [23:29:13] [Server thread/INFO]: Target tick rate: 20,0 per second. Average time per tick: 40,2ms (Target: 50,0ms) [23:29:13] [Server thread/INFO]: Percentiles: P50: 39,2ms P95: 51,0ms P99: 61,1ms, sample: 100"
"without-umce","1","2026-09-26T21:29:13.7459451+00:00",,"0","2024","500","0","0","0","True","0","40,3","39,3","51","61,1","100","62,864058334627494","85,94246929223954","1412280320","[23:29:13] [Server thread/INFO]: The game is running normally [23:29:13] [Server thread/INFO]: Target tick rate: 20,0 per second. Average time per tick: 40,3ms (Target: 50,0ms) [23:29:13] [Server thread/INFO]: Percentiles: P50: 39,3ms P95: 51,0ms P99: 61,1ms, sample: 100"
"without-umce","1","2026-09-26T21:29:13.8702039+00:00",,"0","2024","500","0","0","0","True","0","40,3","39,3","51","61,1","100","75,17181269509592","85,94246929223954","1412280320","[23:29:13] [Server thread/INFO]: The game is running normally [23:29:13] [Server thread/INFO]: Target tick rate: 20,0 per second. Average time per tick: 40,3ms (Target: 50,0ms) [23:29:13] [Server thread/INFO]: Percentiles: P50: 39,3ms P95: 51,0ms P99: 61,1ms, sample: 100"
"without-umce","1","2026-09-26T21:29:13.9949083+00:00",,"0","2024","500","0","0","0","True","0","40,1","39","51","61,1","100","62,83463211680124","85,94246929223954","1412280320","[23:29:14] [Server thread/INFO]: The game is running normally [23:29:14] [Server thread/INFO]: Target tick rate: 20,0 per second. Average time per tick: 40,1ms (Target: 50,0ms) [23:29:14] [Server thread/INFO]: Percentiles: P50: 39,0ms P95: 51,0ms P99: 61,1ms, sample: 100"
"without-umce","1","2026-09-26T21:29:14.1192571+00:00",,"0","2024","500","0","0","0","True","0","39,9","39","51","61,1","100","88,05233468501214","85,94246929223954","1412280320","[23:29:14] [Server thread/INFO]: The game is running normally [23:29:14] [Server thread/INFO]: Target tick rate: 20,0 per second. Average time per tick: 39,9ms (Target: 50,0ms) [23:29:14] [Server thread/INFO]: Percentiles: P50: 39,0ms P95: 51,0ms P99: 61,1ms, sample: 100"
"without-umce","1","2026-09-26T21:29:14.2434975+00:00",,"0","2024","500","0","0","0","True","0","40","39","51","61,1","100","90,23374872138778","85,94246929223954","1412280320","[23:29:14] [Server thread/INFO]: The game is running normally [23:29:14] [Server thread/INFO]: Target tick rate: 20,0 per second. Average time per tick: 40,0ms (Target: 50,0ms) [23:29:14] [Server thread/INFO]: Percentiles: P50: 39,0ms P95: 51,0ms P99: 61,1ms, sample: 100"
"without-umce","1","2026-09-26T21:29:14.3820080+00:00",,"0","2024","500","0","0","0","True","0","40,1","39,1","55,5","61,1","100","78,29960812612124","85,94246929223954","1412280320","[23:29:14] [Server thread/INFO]: The game is running normally [23:29:14] [Server thread/INFO]: Target tick rate: 20,0 per second. Average time per tick: 40,1ms (Target: 50,0ms) [23:29:14] [Server thread/INFO]: Percentiles: P50: 39,1ms P95: 55,5ms P99: 61,1ms, sample: 100"
"without-umce","1","2026-09-26T21:29:14.5216696+00:00",,"0","2024","500","0","0","0","True","0","40,1","39,2","55,5","61,1","100","63,56002873523475","85,94246929223954","1412280320","[23:29:14] [Server thread/INFO]: The game is running normally [23:29:14] [Server thread/INFO]: Target tick rate: 20,0 per second. Average time per tick: 40,1ms (Target: 50,0ms) [23:29:14] [Server thread/INFO]: Percentiles: P50: 39,2ms P95: 55,5ms P99: 61,1ms, sample: 100"
"without-umce","1","2026-09-26T21:29:14.6445950+00:00",,"0","2024","500","0","0","0","True","0","40,1","39,1","55,5","61,1","100","75,59685226802652","85,94246929223954","1412280320","[23:29:14] [Server thread/INFO]: The game is running normally [23:29:14] [Server thread/INFO]: Target tick rate: 20,0 per second. Average time per tick: 40,1ms (Target: 50,0ms) [23:29:14] [Server thread/INFO]: Percentiles: P50: 39,1ms P95: 55,5ms P99: 61,1ms, sample: 100"
"without-umce","1","2026-09-26T21:29:14.7685994+00:00",,"0","2024","500","0","0","0","True","0","40","39","55,5","61,1","100","74,69762401797524","85,94246929223954","1412280320","[23:29:14] [Server thread/INFO]: The game is running normally [23:29:14] [Server thread/INFO]: Target tick rate: 20,0 per second. Average time per tick: 40,0ms (Target: 50,0ms) [23:29:14] [Server thread/INFO]: Percentiles: P50: 39,0ms P95: 55,5ms P99: 61,1ms, sample: 100"
"without-umce","1","2026-09-26T21:29:14.8941043+00:00",,"0","2024","500","0","0","0","True","0","39,8","39","55,5","61,1","100","235,1572692211116","85,94246929223954","1412280320","[23:29:14] [Server thread/INFO]: The game is running normally [23:29:14] [Server thread/INFO]: Target tick rate: 20,0 per second. Average time per tick: 39,8ms (Target: 50,0ms) [23:29:14] [Server thread/INFO]: Percentiles: P50: 39,0ms P95: 55,5ms P99: 61,1ms, sample: 100"
"without-umce","1","2026-09-26T21:29:15.0203677+00:00",,"0","2024","500","0","0","0","True","0","39,8","39","55,5","61,1","100","63,22931217839043","85,94246929223954","1412280320","[23:29:15] [Server thread/INFO]: The game is running normally [23:29:15] [Server thread/INFO]: Target tick rate: 20,0 per second. Average time per tick: 39,8ms (Target: 50,0ms) [23:29:15] [Server thread/INFO]: Percentiles: P50: 39,0ms P95: 55,5ms P99: 61,1ms, sample: 100"
"without-umce","1","2026-09-26T21:29:15.1439305+00:00",,"0","2024","500","0","0","0","True","0","39,7","38,9","55,5","61,1","100","100,41346247307916","85,94246929223954","1412280320","[23:29:15] [Server thread/INFO]: The game is running normally [23:29:15] [Server thread/INFO]: Target tick rate: 20,0 per second. Average time per tick: 39,7ms (Target: 50,0ms) [23:29:15] [Server thread/INFO]: Percentiles: P50: 38,9ms P95: 55,5ms P99: 61,1ms, sample: 100"
"without-umce","1","2026-09-26T21:29:15.2683996+00:00",,"0","2024","500","0","0","0","True","0","39,7","38,9","55,5","61,1","100","88,01407259521412","85,94246929223954","1412280320","[23:29:15] [Server thread/INFO]: The game is running normally [23:29:15] [Server thread/INFO]: Target tick rate: 20,0 per second. Average time per tick: 39,7ms (Target: 50,0ms) [23:29:15] [Server thread/INFO]: Percentiles: P50: 38,9ms P95: 55,5ms P99: 61,1ms, sample: 100"
"without-umce","1","2026-09-26T21:29:15.3926933+00:00",,"0","2024","500","0","0","0","True","0","39,6","38,9","55,5","61,1","100","88,08665713652928","85,94246929223954","1412280320","[23:29:15] [Server thread/INFO]: The game is running normally [23:29:15] [Server thread/INFO]: Target tick rate: 20,0 per second. Average time per tick: 39,6ms (Target: 50,0ms) [23:29:15] [Server thread/INFO]: Percentiles: P50: 38,9ms P95: 55,5ms P99: 61,1ms, sample: 100"
"without-umce","1","2026-09-26T21:29:15.5168442+00:00",,"0","2024","500","0","0","0","True","0","39,7","38,9","55,5","61,1","100","75,00102001387219","85,94246929223954","1412280320","[23:29:15] [Server thread/INFO]: The game is running normally [23:29:15] [Server thread/INFO]: Target tick rate: 20,0 per second. Average time per tick: 39,7ms (Target: 50,0ms) [23:29:15] [Server thread/INFO]: Percentiles: P50: 38,9ms P95: 55,5ms P99: 61,1ms, sample: 100"
"without-umce","1","2026-09-26T21:29:15.6418322+00:00",,"0","2024","500","0","0","0","True","0","39,5","38,9","55,5","61,1","100","62,89498047739806","85,94246929223954","1412280320","[23:29:15] [Server thread/INFO]: The game is running normally [23:29:15] [Server thread/INFO]: Target tick rate: 20,0 per second. Average time per tick: 39,5ms (Target: 50,0ms) [23:29:15] [Server thread/INFO]: Percentiles: P50: 38,9ms P95: 55,5ms P99: 61,1ms, sample: 100"
"without-umce","1","2026-09-26T21:29:15.7660455+00:00",,"0","2024","500","0","0","0","True","0","39,4","38,3","55,5","61,1","100","74,73948804048608","85,94246929223954","1412280320","[23:29:15] [Server thread/INFO]: The game is running normally [23:29:15] [Server thread/INFO]: Target tick rate: 20,0 per second. Average time per tick: 39,4ms (Target: 50,0ms) [23:29:15] [Server thread/INFO]: Percentiles: P50: 38,3ms P95: 55,5ms P99: 61,1ms, sample: 100"
"without-umce","1","2026-09-26T21:29:15.8915247+00:00",,"0","2024","500","0","0","0","True","0","39,3","38","55,5","61,1","100","88,7759591050247","85,94246929223954","1412280320","[23:29:15] [Server thread/INFO]: The game is running normally [23:29:15] [Server thread/INFO]: Target tick rate: 20,0 per second. Average time per tick: 39,3ms (Target: 50,0ms) [23:29:15] [Server thread/INFO]: Percentiles: P50: 38,0ms P95: 55,5ms P99: 61,1ms, sample: 100"
"without-umce","1","2026-09-26T21:29:16.0146893+00:00",,"0","2024","500","0","0","0","True","0","39,3","37,7","55,5","61,1","100","87,99403370282113","85,94246929223954","1412280320","[23:29:16] [Server thread/INFO]: The game is running normally [23:29:16] [Server thread/INFO]: Target tick rate: 20,0 per second. Average time per tick: 39,3ms (Target: 50,0ms) [23:29:16] [Server thread/INFO]: Percentiles: P50: 37,7ms P95: 55,5ms P99: 61,1ms, sample: 100"
"without-umce","1","2026-09-26T21:29:16.1390159+00:00",,"0","2024","500","0","0","0","True","0","39,4","37,7","55,5","61,1","100","87,9591467460142","85,94246929223954","1412280320","[23:29:16] [Server thread/INFO]: The game is running normally [23:29:16] [Server thread/INFO]: Target tick rate: 20,0 per second. Average time per tick: 39,4ms (Target: 50,0ms) [23:29:16] [Server thread/INFO]: Percentiles: P50: 37,7ms P95: 55,5ms P99: 61,1ms, sample: 100"
"without-umce","1","2026-09-26T21:29:16.2633909+00:00",,"0","2024","500","0","0","0","True","0","39,6","37,9","55,5","61,1","100","62,655636601317674","85,94246929223954","1412280320","[23:29:16] [Server thread/INFO]: The game is running normally [23:29:16] [Server thread/INFO]: Target tick rate: 20,0 per second. Average time per tick: 39,6ms (Target: 50,0ms) [23:29:16] [Server thread/INFO]: Percentiles: P50: 37,9ms P95: 55,5ms P99: 61,1ms, sample: 100"
"without-umce","1","2026-09-26T21:29:16.3880416+00:00",,"0","2024","500","0","0","0","True","0","39,3","37,9","51","56,4","100","87,70206555904805","85,94246929223954","1412280320","[23:29:16] [Server thread/INFO]: The game is running normally [23:29:16] [Server thread/INFO]: Target tick rate: 20,0 per second. Average time per tick: 39,3ms (Target: 50,0ms) [23:29:16] [Server thread/INFO]: Percentiles: P50: 37,9ms P95: 51,0ms P99: 56,4ms, sample: 100"
"without-umce","1","2026-09-26T21:29:16.5127539+00:00",,"0","2024","500","0","0","0","True","0","39,2","38,3","50,4","56,4","100","87,68329315601333","85,94246929223954","1412280320","[23:29:16] [Server thread/INFO]: The game is running normally [23:29:16] [Server thread/INFO]: Target tick rate: 20,0 per second. Average time per tick: 39,2ms (Target: 50,0ms) [23:29:16] [Server thread/INFO]: Percentiles: P50: 38,3ms P95: 50,4ms P99: 56,4ms, sample: 100"
"without-umce","1","2026-09-26T21:29:16.6375097+00:00",,"0","2024","500","0","0","0","True","0","39,2","38,3","50,4","56,4","100","88,26436943934472","85,94246929223954","1412280320","[23:29:16] [Server thread/INFO]: The game is running normally [23:29:16] [Server thread/INFO]: Target tick rate: 20,0 per second. Average time per tick: 39,2ms (Target: 50,0ms) [23:29:16] [Server thread/INFO]: Percentiles: P50: 38,3ms P95: 50,4ms P99: 56,4ms, sample: 100"
"without-umce","1","2026-09-26T21:29:16.7614085+00:00",,"0","2024","500","0","0","0","True","0","39,3","38,3","50,4","56,4","100","87,22764041556644","85,94246929223954","1412280320","[23:29:16] [Server thread/INFO]: The game is running normally [23:29:16] [Server thread/INFO]: Target tick rate: 20,0 per second. Average time per tick: 39,3ms (Target: 50,0ms) [23:29:16] [Server thread/INFO]: Percentiles: P50: 38,3ms P95: 50,4ms P99: 56,4ms, sample: 100"
"without-umce","1","2026-09-26T21:29:16.8868161+00:00",,"0","2024","500","0","0","0","True","0","39,2","38,3","47,4","55,6","100","88,69367495501457","85,94246929223954","1412280320","[23:29:16] [Server thread/INFO]: The game is running normally [23:29:16] [Server thread/INFO]: Target tick rate: 20,0 per second. Average time per tick: 39,2ms (Target: 50,0ms) [23:29:16] [Server thread/INFO]: Percentiles: P50: 38,3ms P95: 47,4ms P99: 55,6ms, sample: 100"
"without-umce","1","2026-09-26T21:29:17.0101116+00:00",,"0","2024","500","0","0","0","True","0","39,2","38,3","47,4","55,6","100","88,40255472269685","85,94246929223954","1412280320","[23:29:17] [Server thread/INFO]: The game is running normally [23:29:17] [Server thread/INFO]: Target tick rate: 20,0 per second. Average time per tick: 39,2ms (Target: 50,0ms) [23:29:17] [Server thread/INFO]: Percentiles: P50: 38,3ms P95: 47,4ms P99: 55,6ms, sample: 100"
"without-umce","1","2026-09-26T21:29:17.1338319+00:00",,"0","2024","500","0","0","0","True","0","39,3","38,3","50,4","55,6","100","100,08134611812483","85,94246929223954","1412280320","[23:29:17] [Server thread/INFO]: The game is running normally [23:29:17] [Server thread/INFO]: Target tick rate: 20,0 per second. Average time per tick: 39,3ms (Target: 50,0ms) [23:29:17] [Server thread/INFO]: Percentiles: P50: 38,3ms P95: 50,4ms P99: 55,6ms, sample: 100"
"without-umce","1","2026-09-26T21:29:17.2587473+00:00",,"0","2024","500","0","0","0","True","0","39,4","38,3","50,4","55,6","100","88,2527607480768","85,94246929223954","1412280320","[23:29:17] [Server thread/INFO]: The game is running normally [23:29:17] [Server thread/INFO]: Target tick rate: 20,0 per second. Average time per tick: 39,4ms (Target: 50,0ms) [23:29:17] [Server thread/INFO]: Percentiles: P50: 38,3ms P95: 50,4ms P99: 55,6ms, sample: 100"
"without-umce","1","2026-09-26T21:29:17.3826715+00:00",,"0","2024","500","0","0","0","True","0","39,5","38,3","50,4","55,6","100","111,55256178227081","85,94246929223954","1412280320","[23:29:17] [Server thread/INFO]: The game is running normally [23:29:17] [Server thread/INFO]: Target tick rate: 20,0 per second. Average time per tick: 39,5ms (Target: 50,0ms) [23:29:17] [Server thread/INFO]: Percentiles: P50: 38,3ms P95: 50,4ms P99: 55,6ms, sample: 100"
"without-umce","1","2026-09-26T21:29:17.5227329+00:00",,"0","2024","500","0","0","0","True","0","39,7","38,3","50,7","55,6","100","100,1686037939059","85,94246929223954","1412280320","[23:29:17] [Server thread/INFO]: The game is running normally [23:29:17] [Server thread/INFO]: Target tick rate: 20,0 per second. Average time per tick: 39,7ms (Target: 50,0ms) [23:29:17] [Server thread/INFO]: Percentiles: P50: 38,3ms P95: 50,7ms P99: 55,6ms, sample: 100"
"without-umce","1","2026-09-26T21:29:17.6631502+00:00",,"0","2024","500","0","0","0","True","0","39,9","38,9","50,7","55,6","100","66,60315389910848","85,94246929223954","1412280320","[23:29:17] [Server thread/INFO]: The game is running normally [23:29:17] [Server thread/INFO]: Target tick rate: 20,0 per second. Average time per tick: 39,9ms (Target: 50,0ms) [23:29:17] [Server thread/INFO]: Percentiles: P50: 38,9ms P95: 50,7ms P99: 55,6ms, sample: 100"
"without-umce","1","2026-09-26T21:29:17.8038950+00:00",,"0","2024","500","0","0","0","True","0","40","38,9","50,7","55,6","100","100,54417186993928","85,94246929223954","1412280320","[23:29:17] [Server thread/INFO]: The game is running normally [23:29:17] [Server thread/INFO]: Target tick rate: 20,0 per second. Average time per tick: 40,0ms (Target: 50,0ms) [23:29:17] [Server thread/INFO]: Percentiles: P50: 38,9ms P95: 50,7ms P99: 55,6ms, sample: 100"
"without-umce","1","2026-09-26T21:29:17.9437640+00:00",,"0","2024","500","0","0","0","True","0","40,1","39,4","50,7","55,6","100","75,41314336460867","85,94246929223954","1412280320","[23:29:17] [Server thread/INFO]: The game is running normally [23:29:17] [Server thread/INFO]: Target tick rate: 20,0 per second. Average time per tick: 40,1ms (Target: 50,0ms) [23:29:17] [Server thread/INFO]: Percentiles: P50: 39,4ms P95: 50,7ms P99: 55,6ms, sample: 100"
"without-umce","1","2026-09-26T21:29:18.0680588+00:00",,"0","2024","500","0","0","0","True","0","40,3","40,3","50,7","55,6","100","100,14573206930726","85,94246929223954","1412280320","[23:29:18] [Server thread/INFO]: The game is running normally [23:29:18] [Server thread/INFO]: Target tick rate: 20,0 per second. Average time per tick: 40,3ms (Target: 50,0ms) [23:29:18] [Server thread/INFO]: Percentiles: P50: 40,3ms P95: 50,7ms P99: 55,6ms, sample: 100"
"without-umce","1","2026-09-26T21:29:18.1928777+00:00",,"0","2024","500","0","0","0","True","0","40,5","40,7","51,6","55,6","100","75,73003756209863","85,94246929223954","1412280320","[23:29:18] [Server thread/INFO]: The game is running normally [23:29:18] [Server thread/INFO]: Target tick rate: 20,0 per second. Average time per tick: 40,5ms (Target: 50,0ms) [23:29:18] [Server thread/INFO]: Percentiles: P50: 40,7ms P95: 51,6ms P99: 55,6ms, sample: 100"
"without-umce","1","2026-09-26T21:29:18.3166921+00:00",,"0","2024","500","0","0","0","True","0","40,8","41,1","51,6","55,6","100","99,7407538326382","85,94246929223954","1412280320","[23:29:18] [Server thread/INFO]: The game is running normally [23:29:18] [Server thread/INFO]: Target tick rate: 20,0 per second. Average time per tick: 40,8ms (Target: 50,0ms) [23:29:18] [Server thread/INFO]: Percentiles: P50: 41,1ms P95: 51,6ms P99: 55,6ms, sample: 100"
"without-umce","1","2026-09-26T21:29:18.4420386+00:00",,"0","2024","500","0","0","0","True","0","41,1","41,2","52,1","60,9","100","87,48600223964166","85,94246929223954","1412280320","[23:29:18] [Server thread/INFO]: The game is running normally [23:29:18] [Server thread/INFO]: Target tick rate: 20,0 per second. Average time per tick: 41,1ms (Target: 50,0ms) [23:29:18] [Server thread/INFO]: Percentiles: P50: 41,2ms P95: 52,1ms P99: 60,9ms, sample: 100"
"with-umce","1","2026-09-26T21:30:01.0053404+00:00","1eb50fb702881358824526c667271024104dd5c27a9cd35da157bce789abdbb9","0","2024","500","0","0","0","True","0","38,4","36,8","49,9","59,5","100","66,99601311192373","77,61502106164532","1374519296","[23:30:01] [Server thread/INFO]: The game is running normally [23:30:01] [Server thread/INFO]: Target tick rate: 20,0 per second. Average time per tick: 38,4ms (Target: 50,0ms) [23:30:01] [Server thread/INFO]: Percentiles: P50: 36,8ms P95: 49,9ms P99: 59,5ms, sample: 100"
"with-umce","1","2026-09-26T21:30:01.1572822+00:00","1eb50fb702881358824526c667271024104dd5c27a9cd35da157bce789abdbb9","0","2024","500","0","0","0","True","0","38,4","36,9","49,9","59,5","100","79,29195096984476","77,61502106164532","1374519296","[23:30:01] [Server thread/INFO]: The game is running normally [23:30:01] [Server thread/INFO]: Target tick rate: 20,0 per second. Average time per tick: 38,4ms (Target: 50,0ms) [23:30:01] [Server thread/INFO]: Percentiles: P50: 36,9ms P95: 49,9ms P99: 59,5ms, sample: 100"
"with-umce","1","2026-09-26T21:30:01.2832932+00:00","1eb50fb702881358824526c667271024104dd5c27a9cd35da157bce789abdbb9","0","2024","500","0","0","0","True","0","38,4","37","49,9","59,5","100","63,08156153207653","77,61502106164532","1374519296","[23:30:01] [Server thread/INFO]: The game is running normally [23:30:01] [Server thread/INFO]: Target tick rate: 20,0 per second. Average time per tick: 38,4ms (Target: 50,0ms) [23:30:01] [Server thread/INFO]: Percentiles: P50: 37,0ms P95: 49,9ms P99: 59,5ms, sample: 100"
"with-umce","1","2026-09-26T21:30:01.4071289+00:00","1eb50fb702881358824526c667271024104dd5c27a9cd35da157bce789abdbb9","0","2024","500","0","0","0","True","0","38,5","37","49,9","59,5","100","87,93665827030703","77,61502106164532","1374519296","[23:30:01] [Server thread/INFO]: The game is running normally [23:30:01] [Server thread/INFO]: Target tick rate: 20,0 per second. Average time per tick: 38,5ms (Target: 50,0ms) [23:30:01] [Server thread/INFO]: Percentiles: P50: 37,0ms P95: 49,9ms P99: 59,5ms, sample: 100"
"with-umce","1","2026-09-26T21:30:01.5315453+00:00","1eb50fb702881358824526c667271024104dd5c27a9cd35da157bce789abdbb9","0","2024","500","0","0","0","True","0","38,6","37","49,9","59,5","100","87,32507041893679","77,61502106164532","1374519296","[23:30:01] [Server thread/INFO]: The game is running normally [23:30:01] [Server thread/INFO]: Target tick rate: 20,0 per second. Average time per tick: 38,6ms (Target: 50,0ms) [23:30:01] [Server thread/INFO]: Percentiles: P50: 37,0ms P95: 49,9ms P99: 59,5ms, sample: 100"
"with-umce","1","2026-09-26T21:30:01.6567787+00:00","1eb50fb702881358824526c667271024104dd5c27a9cd35da157bce789abdbb9","0","2024","500","0","0","0","True","0","38,5","37","49,9","59,5","100","88,18928747087234","77,61502106164532","1374519296","[23:30:01] [Server thread/INFO]: The game is running normally [23:30:01] [Server thread/INFO]: Target tick rate: 20,0 per second. Average time per tick: 38,5ms (Target: 50,0ms) [23:30:01] [Server thread/INFO]: Percentiles: P50: 37,0ms P95: 49,9ms P99: 59,5ms, sample: 100"
"with-umce","1","2026-09-26T21:30:01.7807904+00:00","1eb50fb702881358824526c667271024104dd5c27a9cd35da157bce789abdbb9","0","2024","500","0","0","0","True","0","38,5","37","47,3","59,5","100","102,09915870293229","77,61502106164532","1374519296","[23:30:01] [Server thread/INFO]: The game is running normally [23:30:01] [Server thread/INFO]: Target tick rate: 20,0 per second. Average time per tick: 38,5ms (Target: 50,0ms) [23:30:01] [Server thread/INFO]: Percentiles: P50: 37,0ms P95: 47,3ms P99: 59,5ms, sample: 100"
"with-umce","1","2026-09-26T21:30:01.9032225+00:00","1eb50fb702881358824526c667271024104dd5c27a9cd35da157bce789abdbb9","0","2024","500","0","0","0","True","0","38,3","36,9","47,3","59,5","100","87,98037283568283","77,61502106164532","1374519296","[23:30:01] [Server thread/INFO]: The game is running normally [23:30:01] [Server thread/INFO]: Target tick rate: 20,0 per second. Average time per tick: 38,3ms (Target: 50,0ms) [23:30:01] [Server thread/INFO]: Percentiles: P50: 36,9ms P95: 47,3ms P99: 59,5ms, sample: 100"
"with-umce","1","2026-09-26T21:30:02.0275471+00:00","1eb50fb702881358824526c667271024104dd5c27a9cd35da157bce789abdbb9","0","2024","500","0","0","0","True","0","38,1","36,9","47,3","59,5","100","75,37130921773021","77,61502106164532","1374519296","[23:30:02] [Server thread/INFO]: The game is running normally [23:30:02] [Server thread/INFO]: Target tick rate: 20,0 per second. Average time per tick: 38,1ms (Target: 50,0ms) [23:30:02] [Server thread/INFO]: Percentiles: P50: 36,9ms P95: 47,3ms P99: 59,5ms, sample: 100"
"with-umce","1","2026-09-26T21:30:02.1519710+00:00","1eb50fb702881358824526c667271024104dd5c27a9cd35da157bce789abdbb9","0","2024","500","0","0","0","True","0","37,8","36,6","46,7","55,6","100","50,40464851830495","77,61502106164532","1374519296","[23:30:02] [Server thread/INFO]: The game is running normally [23:30:02] [Server thread/INFO]: Target tick rate: 20,0 per second. Average time per tick: 37,8ms (Target: 50,0ms) [23:30:02] [Server thread/INFO]: Percentiles: P50: 36,6ms P95: 46,7ms P99: 55,6ms, sample: 100"
"with-umce","1","2026-09-26T21:30:02.2759235+00:00","1eb50fb702881358824526c667271024104dd5c27a9cd35da157bce789abdbb9","0","2024","500","0","0","0","True","0","37,5","36,5","46,7","55,6","100","88,57229159091628","77,61502106164532","1374519296","[23:30:02] [Server thread/INFO]: The game is running normally [23:30:02] [Server thread/INFO]: Target tick rate: 20,0 per second. Average time per tick: 37,5ms (Target: 50,0ms) [23:30:02] [Server thread/INFO]: Percentiles: P50: 36,5ms P95: 46,7ms P99: 55,6ms, sample: 100"
"with-umce","1","2026-09-26T21:30:02.3993958+00:00","1eb50fb702881358824526c667271024104dd5c27a9cd35da157bce789abdbb9","0","2024","500","0","0","0","True","0","37,4","36,4","46,7","55,6","100","74,68483001732687","77,61502106164532","1374519296","[23:30:02] [Server thread/INFO]: The game is running normally [23:30:02] [Server thread/INFO]: Target tick rate: 20,0 per second. Average time per tick: 37,4ms (Target: 50,0ms) [23:30:02] [Server thread/INFO]: Percentiles: P50: 36,4ms P95: 46,7ms P99: 55,6ms, sample: 100"
"with-umce","1","2026-09-26T21:30:02.5249412+00:00","1eb50fb702881358824526c667271024104dd5c27a9cd35da157bce789abdbb9","0","2024","500","0","0","0","True","0","37,3","36,4","46,3","55,6","100","100,93693702423374","77,61502106164532","1374519296","[23:30:02] [Server thread/INFO]: The game is running normally [23:30:02] [Server thread/INFO]: Target tick rate: 20,0 per second. Average time per tick: 37,3ms (Target: 50,0ms) [23:30:02] [Server thread/INFO]: Percentiles: P50: 36,4ms P95: 46,3ms P99: 55,6ms, sample: 100"
"with-umce","1","2026-09-26T21:30:02.6487698+00:00","1eb50fb702881358824526c667271024104dd5c27a9cd35da157bce789abdbb9","0","2024","500","0","0","0","True","0","37,4","36,5","46,3","55,6","100","50,326842646885936","77,61502106164532","1374519296","[23:30:02] [Server thread/INFO]: The game is running normally [23:30:02] [Server thread/INFO]: Target tick rate: 20,0 per second. Average time per tick: 37,4ms (Target: 50,0ms) [23:30:02] [Server thread/INFO]: Percentiles: P50: 36,5ms P95: 46,3ms P99: 55,6ms, sample: 100"
"with-umce","1","2026-09-26T21:30:02.7729756+00:00","1eb50fb702881358824526c667271024104dd5c27a9cd35da157bce789abdbb9","0","2024","500","0","0","0","True","0","37,3","36,4","46,3","55,6","100","67,31137199602809","77,61502106164532","1374519296","[23:30:02] [Server thread/INFO]: The game is running normally [23:30:02] [Server thread/INFO]: Target tick rate: 20,0 per second. Average time per tick: 37,3ms (Target: 50,0ms) [23:30:02] [Server thread/INFO]: Percentiles: P50: 36,4ms P95: 46,3ms P99: 55,6ms, sample: 100"
"with-umce","1","2026-09-26T21:30:02.9122436+00:00","1eb50fb702881358824526c667271024104dd5c27a9cd35da157bce789abdbb9","0","2024","500","0","0","0","True","0","37,3","36,4","46,3","55,6","100","76,12315142539079","77,61502106164532","1374519296","[23:30:02] [Server thread/INFO]: The game is running normally [23:30:02] [Server thread/INFO]: Target tick rate: 20,0 per second. Average time per tick: 37,3ms (Target: 50,0ms) [23:30:02] [Server thread/INFO]: Percentiles: P50: 36,4ms P95: 46,3ms P99: 55,6ms, sample: 100"
"with-umce","1","2026-09-26T21:30:03.0354322+00:00","1eb50fb702881358824526c667271024104dd5c27a9cd35da157bce789abdbb9","0","2024","500","0","0","0","True","0","37,4","36,4","46,3","55,6","100","63,534494045852185","77,61502106164532","1374519296","[23:30:03] [Server thread/INFO]: The game is running normally [23:30:03] [Server thread/INFO]: Target tick rate: 20,0 per second. Average time per tick: 37,4ms (Target: 50,0ms) [23:30:03] [Server thread/INFO]: Percentiles: P50: 36,4ms P95: 46,3ms P99: 55,6ms, sample: 100"
"with-umce","1","2026-09-26T21:30:03.1583692+00:00","1eb50fb702881358824526c667271024104dd5c27a9cd35da157bce789abdbb9","0","2024","500","0","0","0","True","0","37,3","36,4","46,3","55,6","100","63,26991899020804","77,61502106164532","1374519296","[23:30:03] [Server thread/INFO]: The game is running normally [23:30:03] [Server thread/INFO]: Target tick rate: 20,0 per second. Average time per tick: 37,3ms (Target: 50,0ms) [23:30:03] [Server thread/INFO]: Percentiles: P50: 36,4ms P95: 46,3ms P99: 55,6ms, sample: 100"
"with-umce","1","2026-09-26T21:30:03.2818381+00:00","1eb50fb702881358824526c667271024104dd5c27a9cd35da157bce789abdbb9","0","2024","500","0","0","0","True","0","37,1","35,8","46,3","55,6","100","75,97891230615247","77,61502106164532","1374519296","[23:30:03] [Server thread/INFO]: The game is running normally [23:30:03] [Server thread/INFO]: Target tick rate: 20,0 per second. Average time per tick: 37,1ms (Target: 50,0ms) [23:30:03] [Server thread/INFO]: Percentiles: P50: 35,8ms P95: 46,3ms P99: 55,6ms, sample: 100"
"with-umce","1","2026-09-26T21:30:03.4052374+00:00","1eb50fb702881358824526c667271024104dd5c27a9cd35da157bce789abdbb9","0","2024","500","0","0","0","True","0","36,9","35,7","45,7","55,6","100","76,19194681598934","77,61502106164532","1374519296","[23:30:03] [Server thread/INFO]: The game is running normally [23:30:03] [Server thread/INFO]: Target tick rate: 20,0 per second. Average time per tick: 36,9ms (Target: 50,0ms) [23:30:03] [Server thread/INFO]: Percentiles: P50: 35,7ms P95: 45,7ms P99: 55,6ms, sample: 100"
"with-umce","1","2026-09-26T21:30:03.5282784+00:00","1eb50fb702881358824526c667271024104dd5c27a9cd35da157bce789abdbb9","0","2024","500","0","0","0","True","0","36,9","35,7","45,7","55,6","100","229,4453663049384","77,61502106164532","1374519296","[23:30:03] [Server thread/INFO]: The game is running normally [23:30:03] [Server thread/INFO]: Target tick rate: 20,0 per second. Average time per tick: 36,9ms (Target: 50,0ms) [23:30:03] [Server thread/INFO]: Percentiles: P50: 35,7ms P95: 45,7ms P99: 55,6ms, sample: 100"
"with-umce","1","2026-09-26T21:30:03.6508474+00:00","1eb50fb702881358824526c667271024104dd5c27a9cd35da157bce789abdbb9","0","2024","500","0","0","0","True","0","36,9","35,7","45,7","55,6","100","50,229528855056074","77,61502106164532","1374519296","[23:30:03] [Server thread/INFO]: The game is running normally [23:30:03] [Server thread/INFO]: Target tick rate: 20,0 per second. Average time per tick: 36,9ms (Target: 50,0ms) [23:30:03] [Server thread/INFO]: Percentiles: P50: 35,7ms P95: 45,7ms P99: 55,6ms, sample: 100"
"with-umce","1","2026-09-26T21:30:03.7752796+00:00","1eb50fb702881358824526c667271024104dd5c27a9cd35da157bce789abdbb9","0","2024","500","0","0","0","True","0","36,8","35,6","45,7","55,6","100","74,57427040511129","77,61502106164532","1374519296","[23:30:03] [Server thread/INFO]: The game is running normally [23:30:03] [Server thread/INFO]: Target tick rate: 20,0 per second. Average time per tick: 36,8ms (Target: 50,0ms) [23:30:03] [Server thread/INFO]: Percentiles: P50: 35,6ms P95: 45,7ms P99: 55,6ms, sample: 100"
"with-umce","1","2026-09-26T21:30:03.9009905+00:00","1eb50fb702881358824526c667271024104dd5c27a9cd35da157bce789abdbb9","0","2024","500","0","0","0","True","0","36,8","35,6","45,7","55,6","100","63,69242408678312","77,61502106164532","1374519296","[23:30:03] [Server thread/INFO]: The game is running normally [23:30:03] [Server thread/INFO]: Target tick rate: 20,0 per second. Average time per tick: 36,8ms (Target: 50,0ms) [23:30:03] [Server thread/INFO]: Percentiles: P50: 35,6ms P95: 45,7ms P99: 55,6ms, sample: 100"
"with-umce","1","2026-09-26T21:30:04.0236704+00:00","1eb50fb702881358824526c667271024104dd5c27a9cd35da157bce789abdbb9","0","2024","500","0","0","0","True","0","36,6","35,6","45,7","48,1","100","67,34062359931502","77,61502106164532","1374519296","[23:30:04] [Server thread/INFO]: The game is running normally [23:30:04] [Server thread/INFO]: Target tick rate: 20,0 per second. Average time per tick: 36,6ms (Target: 50,0ms) [23:30:04] [Server thread/INFO]: Percentiles: P50: 35,6ms P95: 45,7ms P99: 48,1ms, sample: 100"
"with-umce","1","2026-09-26T21:30:04.1629009+00:00","1eb50fb702881358824526c667271024104dd5c27a9cd35da157bce789abdbb9","0","2024","500","0","0","0","True","0","36,5","35,5","45,7","48,1","100","62,56000755925083","77,61502106164532","1374519296","[23:30:04] [Server thread/INFO]: The game is running normally [23:30:04] [Server thread/INFO]: Target tick rate: 20,0 per second. Average time per tick: 36,5ms (Target: 50,0ms) [23:30:04] [Server thread/INFO]: Percentiles: P50: 35,5ms P95: 45,7ms P99: 48,1ms, sample: 100"
"with-umce","1","2026-09-26T21:30:04.2877611+00:00","1eb50fb702881358824526c667271024104dd5c27a9cd35da157bce789abdbb9","0","2024","500","0","0","0","True","0","36,5","35,5","45,7","48,1","100","63,84623619797605","77,61502106164532","1374519296","[23:30:04] [Server thread/INFO]: The game is running normally [23:30:04] [Server thread/INFO]: Target tick rate: 20,0 per second. Average time per tick: 36,5ms (Target: 50,0ms) [23:30:04] [Server thread/INFO]: Percentiles: P50: 35,5ms P95: 45,7ms P99: 48,1ms, sample: 100"
"with-umce","1","2026-09-26T21:30:04.4101371+00:00","1eb50fb702881358824526c667271024104dd5c27a9cd35da157bce789abdbb9","0","2024","500","0","0","0","True","0","36,6","35,7","45,7","48,1","100","62,983816484708946","77,61502106164532","1374519296","[23:30:04] [Server thread/INFO]: The game is running normally [23:30:04] [Server thread/INFO]: Target tick rate: 20,0 per second. Average time per tick: 36,6ms (Target: 50,0ms) [23:30:04] [Server thread/INFO]: Percentiles: P50: 35,7ms P95: 45,7ms P99: 48,1ms, sample: 100"
"with-umce","1","2026-09-26T21:30:04.5341744+00:00","1eb50fb702881358824526c667271024104dd5c27a9cd35da157bce789abdbb9","0","2024","500","0","0","0","True","0","36,5","35,7","44,3","48,1","100","74,21715742349694","77,61502106164532","1374519296","[23:30:04] [Server thread/INFO]: The game is running normally [23:30:04] [Server thread/INFO]: Target tick rate: 20,0 per second. Average time per tick: 36,5ms (Target: 50,0ms) [23:30:04] [Server thread/INFO]: Percentiles: P50: 35,7ms P95: 44,3ms P99: 48,1ms, sample: 100"
"with-umce","1","2026-09-26T21:30:04.6605199+00:00","1eb50fb702881358824526c667271024104dd5c27a9cd35da157bce789abdbb9","0","2024","500","0","0","0","True","0","36,5","35,7","43,8","48,1","100","63,30867975167601","77,61502106164532","1374519296","[23:30:04] [Server thread/INFO]: The game is running normally [23:30:04] [Server thread/INFO]: Target tick rate: 20,0 per second. Average time per tick: 36,5ms (Target: 50,0ms) [23:30:04] [Server thread/INFO]: Percentiles: P50: 35,7ms P95: 43,8ms P99: 48,1ms, sample: 100"
"with-umce","1","2026-09-26T21:30:04.7838995+00:00","1eb50fb702881358824526c667271024104dd5c27a9cd35da157bce789abdbb9","0","2024","500","0","0","0","True","0","36,4","35,7","43,8","48,1","100","63,60023315336672","77,61502106164532","1374519296","[23:30:04] [Server thread/INFO]: The game is running normally [23:30:04] [Server thread/INFO]: Target tick rate: 20,0 per second. Average time per tick: 36,4ms (Target: 50,0ms) [23:30:04] [Server thread/INFO]: Percentiles: P50: 35,7ms P95: 43,8ms P99: 48,1ms, sample: 100"
"with-umce","1","2026-09-26T21:30:04.9067527+00:00","1eb50fb702881358824526c667271024104dd5c27a9cd35da157bce789abdbb9","0","2024","500","0","0","0","True","0","36,5","35,7","43,8","48,1","100","63,57042423137763","77,61502106164532","1374519296","[23:30:04] [Server thread/INFO]: The game is running normally [23:30:04] [Server thread/INFO]: Target tick rate: 20,0 per second. Average time per tick: 36,5ms (Target: 50,0ms) [23:30:04] [Server thread/INFO]: Percentiles: P50: 35,7ms P95: 43,8ms P99: 48,1ms, sample: 100"
"with-umce","1","2026-09-26T21:30:05.0296256+00:00","1eb50fb702881358824526c667271024104dd5c27a9cd35da157bce789abdbb9","0","2024","500","0","0","0","True","0","36,4","35,7","43,8","48,1","100","101,29109683671955","77,61502106164532","1374519296","[23:30:05] [Server thread/INFO]: The game is running normally [23:30:05] [Server thread/INFO]: Target tick rate: 20,0 per second. Average time per tick: 36,4ms (Target: 50,0ms) [23:30:05] [Server thread/INFO]: Percentiles: P50: 35,7ms P95: 43,8ms P99: 48,1ms, sample: 100"
"with-umce","1","2026-09-26T21:30:05.1530189+00:00","1eb50fb702881358824526c667271024104dd5c27a9cd35da157bce789abdbb9","0","2024","500","0","0","0","True","0","36,4","35,7","43,8","48,1","100","63,862832853084825","77,61502106164532","1374519296","[23:30:05] [Server thread/INFO]: The game is running normally [23:30:05] [Server thread/INFO]: Target tick rate: 20,0 per second. Average time per tick: 36,4ms (Target: 50,0ms) [23:30:05] [Server thread/INFO]: Percentiles: P50: 35,7ms P95: 43,8ms P99: 48,1ms, sample: 100"
"with-umce","1","2026-09-26T21:30:05.2753774+00:00","1eb50fb702881358824526c667271024104dd5c27a9cd35da157bce789abdbb9","0","2024","500","0","0","0","True","0","36,3","35,7","43,8","48,1","100","68,7116222685756","77,61502106164532","1374519296","[23:30:05] [Server thread/INFO]: The game is running normally [23:30:05] [Server thread/INFO]: Target tick rate: 20,0 per second. Average time per tick: 36,3ms (Target: 50,0ms) [23:30:05] [Server thread/INFO]: Percentiles: P50: 35,7ms P95: 43,8ms P99: 48,1ms, sample: 100"
"with-umce","1","2026-09-26T21:30:05.4118121+00:00","1eb50fb702881358824526c667271024104dd5c27a9cd35da157bce789abdbb9","0","2024","500","0","0","0","True","0","36,3","35,7","43","48,1","100","76,82681882883968","77,61502106164532","1374519296","[23:30:05] [Server thread/INFO]: The game is running normally [23:30:05] [Server thread/INFO]: Target tick rate: 20,0 per second. Average time per tick: 36,3ms (Target: 50,0ms) [23:30:05] [Server thread/INFO]: Percentiles: P50: 35,7ms P95: 43,0ms P99: 48,1ms, sample: 100"
"with-umce","1","2026-09-26T21:30:05.5338264+00:00","1eb50fb702881358824526c667271024104dd5c27a9cd35da157bce789abdbb9","0","2024","500","0","0","0","True","0","36,3","35,7","43","48,1","100","50,45172456102964","77,61502106164532","1374519296","[23:30:05] [Server thread/INFO]: The game is running normally [23:30:05] [Server thread/INFO]: Target tick rate: 20,0 per second. Average time per tick: 36,3ms (Target: 50,0ms) [23:30:05] [Server thread/INFO]: Percentiles: P50: 35,7ms P95: 43,0ms P99: 48,1ms, sample: 100"
"with-umce","1","2026-09-26T21:30:05.6577195+00:00","1eb50fb702881358824526c667271024104dd5c27a9cd35da157bce789abdbb9","0","2024","500","0","0","0","True","0","36,2","35,7","43","48,1","100","101,41082743122318","77,61502106164532","1374519296","[23:30:05] [Server thread/INFO]: The game is running normally [23:30:05] [Server thread/INFO]: Target tick rate: 20,0 per second. Average time per tick: 36,2ms (Target: 50,0ms) [23:30:05] [Server thread/INFO]: Percentiles: P50: 35,7ms P95: 43,0ms P99: 48,1ms, sample: 100"
"with-umce","1","2026-09-26T21:30:05.7809530+00:00","1eb50fb702881358824526c667271024104dd5c27a9cd35da157bce789abdbb9","0","2024","500","0","0","0","True","0","36,1","35,6","43","48,1","100","102,41494438868519","77,61502106164532","1374519296","[23:30:05] [Server thread/INFO]: The game is running normally [23:30:05] [Server thread/INFO]: Target tick rate: 20,0 per second. Average time per tick: 36,1ms (Target: 50,0ms) [23:30:05] [Server thread/INFO]: Percentiles: P50: 35,6ms P95: 43,0ms P99: 48,1ms, sample: 100"
"with-umce","1","2026-09-26T21:30:05.9030389+00:00","1eb50fb702881358824526c667271024104dd5c27a9cd35da157bce789abdbb9","0","2024","500","0","0","0","True","0","36,1","35,5","43","48,1","100","89,89738342107319","77,61502106164532","1374519296","[23:30:05] [Server thread/INFO]: The game is running normally [23:30:05] [Server thread/INFO]: Target tick rate: 20,0 per second. Average time per tick: 36,1ms (Target: 50,0ms) [23:30:05] [Server thread/INFO]: Percentiles: P50: 35,5ms P95: 43,0ms P99: 48,1ms, sample: 100"
"with-umce","1","2026-09-26T21:30:06.0247033+00:00","1eb50fb702881358824526c667271024104dd5c27a9cd35da157bce789abdbb9","0","2024","500","0","0","0","True","0","36,1","35,5","43","48,1","100","75,434381341517","77,61502106164532","1374519296","[23:30:06] [Server thread/INFO]: The game is running normally [23:30:06] [Server thread/INFO]: Target tick rate: 20,0 per second. Average time per tick: 36,1ms (Target: 50,0ms) [23:30:06] [Server thread/INFO]: Percentiles: P50: 35,5ms P95: 43,0ms P99: 48,1ms, sample: 100"
"with-umce","1","2026-09-26T21:30:06.1489715+00:00","1eb50fb702881358824526c667271024104dd5c27a9cd35da157bce789abdbb9","0","2024","500","0","0","0","True","0","36,1","35,6","43","48,1","100","63,00535333805386","77,61502106164532","1374519296","[23:30:06] [Server thread/INFO]: The game is running normally [23:30:06] [Server thread/INFO]: Target tick rate: 20,0 per second. Average time per tick: 36,1ms (Target: 50,0ms) [23:30:06] [Server thread/INFO]: Percentiles: P50: 35,6ms P95: 43,0ms P99: 48,1ms, sample: 100"
"with-umce","1","2026-09-26T21:30:06.2729791+00:00","1eb50fb702881358824526c667271024104dd5c27a9cd35da157bce789abdbb9","0","2024","500","0","0","0","True","0","36","35,6","42,9","48,1","100","68,01428045969674","77,61502106164532","1374519296","[23:30:06] [Server thread/INFO]: The game is running normally [23:30:06] [Server thread/INFO]: Target tick rate: 20,0 per second. Average time per tick: 36,0ms (Target: 50,0ms) [23:30:06] [Server thread/INFO]: Percentiles: P50: 35,6ms P95: 42,9ms P99: 48,1ms, sample: 100"
"with-umce","1","2026-09-26T21:30:06.4107822+00:00","1eb50fb702881358824526c667271024104dd5c27a9cd35da157bce789abdbb9","0","2024","500","0","0","0","True","0","36","35,6","42,9","48,1","100","51,13164557997602","77,61502106164532","1374519296","[23:30:06] [Server thread/INFO]: The game is running normally [23:30:06] [Server thread/INFO]: Target tick rate: 20,0 per second. Average time per tick: 36,0ms (Target: 50,0ms) [23:30:06] [Server thread/INFO]: Percentiles: P50: 35,6ms P95: 42,9ms P99: 48,1ms, sample: 100"
"with-umce","1","2026-09-26T21:30:06.5330277+00:00","1eb50fb702881358824526c667271024104dd5c27a9cd35da157bce789abdbb9","0","2024","500","0","0","0","True","0","36","35,5","42,9","48,1","100","89,55789718466818","77,61502106164532","1374519296","[23:30:06] [Server thread/INFO]: The game is running normally [23:30:06] [Server thread/INFO]: Target tick rate: 20,0 per second. Average time per tick: 36,0ms (Target: 50,0ms) [23:30:06] [Server thread/INFO]: Percentiles: P50: 35,5ms P95: 42,9ms P99: 48,1ms, sample: 100"
"with-umce","1","2026-09-26T21:30:06.6551481+00:00","1eb50fb702881358824526c667271024104dd5c27a9cd35da157bce789abdbb9","0","2024","500","0","0","0","True","0","36","35,5","42,9","48,1","100","76,19132759832745","77,61502106164532","1374519296","[23:30:06] [Server thread/INFO]: The game is running normally [23:30:06] [Server thread/INFO]: Target tick rate: 20,0 per second. Average time per tick: 36,0ms (Target: 50,0ms) [23:30:06] [Server thread/INFO]: Percentiles: P50: 35,5ms P95: 42,9ms P99: 48,1ms, sample: 100"
"with-umce","1","2026-09-26T21:30:06.7782470+00:00","1eb50fb702881358824526c667271024104dd5c27a9cd35da157bce789abdbb9","0","2024","500","0","0","0","True","0","35,8","35,5","42,7","48,1","100","77,04039957465481","77,61502106164532","1374519296","[23:30:06] [Server thread/INFO]: The game is running normally [23:30:06] [Server thread/INFO]: Target tick rate: 20,0 per second. Average time per tick: 35,8ms (Target: 50,0ms) [23:30:06] [Server thread/INFO]: Percentiles: P50: 35,5ms P95: 42,7ms P99: 48,1ms, sample: 100"
"with-umce","1","2026-09-26T21:30:06.8998941+00:00","1eb50fb702881358824526c667271024104dd5c27a9cd35da157bce789abdbb9","0","2024","500","0","0","0","True","0","35,8","35,5","42,7","48,1","100","50,92790645562142","77,61502106164532","1374519296","[23:30:06] [Server thread/INFO]: The game is running normally [23:30:06] [Server thread/INFO]: Target tick rate: 20,0 per second. Average time per tick: 35,8ms (Target: 50,0ms) [23:30:06] [Server thread/INFO]: Percentiles: P50: 35,5ms P95: 42,7ms P99: 48,1ms, sample: 100"
"with-umce","1","2026-09-26T21:30:07.0226487+00:00","1eb50fb702881358824526c667271024104dd5c27a9cd35da157bce789abdbb9","0","2024","500","0","0","0","True","0","35,7","35,5","42","48,1","100","79,73554408254734","77,61502106164532","1374519296","[23:30:07] [Server thread/INFO]: The game is running normally [23:30:07] [Server thread/INFO]: Target tick rate: 20,0 per second. Average time per tick: 35,7ms (Target: 50,0ms) [23:30:07] [Server thread/INFO]: Percentiles: P50: 35,5ms P95: 42,0ms P99: 48,1ms, sample: 100"
"with-umce","1","2026-09-26T21:30:07.1597824+00:00","1eb50fb702881358824526c667271024104dd5c27a9cd35da157bce789abdbb9","0","2024","500","0","0","0","True","0","35,7","35,4","42","48,1","100","61,62025987383326","77,61502106164532","1374519296","[23:30:07] [Server thread/INFO]: The game is running normally [23:30:07] [Server thread/INFO]: Target tick rate: 20,0 per second. Average time per tick: 35,7ms (Target: 50,0ms) [23:30:07] [Server thread/INFO]: Percentiles: P50: 35,4ms P95: 42,0ms P99: 48,1ms, sample: 100"
"with-umce","1","2026-09-26T21:30:07.2866356+00:00","1eb50fb702881358824526c667271024104dd5c27a9cd35da157bce789abdbb9","0","2024","500","0","0","0","True","0","35,8","35,5","42","48,1","100","77,91210517261582","77,61502106164532","1374519296","[23:30:07] [Server thread/INFO]: The game is running normally [23:30:07] [Server thread/INFO]: Target tick rate: 20,0 per second. Average time per tick: 35,8ms (Target: 50,0ms) [23:30:07] [Server thread/INFO]: Percentiles: P50: 35,5ms P95: 42,0ms P99: 48,1ms, sample: 100"
"with-umce","1","2026-09-26T21:30:07.4068912+00:00","1eb50fb702881358824526c667271024104dd5c27a9cd35da157bce789abdbb9","0","2024","500","0","0","0","True","0","35,8","35,5","42","45,7","100","152,49469115148537","77,61502106164532","1374519296","[23:30:07] [Server thread/INFO]: The game is running normally [23:30:07] [Server thread/INFO]: Target tick rate: 20,0 per second. Average time per tick: 35,8ms (Target: 50,0ms) [23:30:07] [Server thread/INFO]: Percentiles: P50: 35,5ms P95: 42,0ms P99: 45,7ms, sample: 100"
"with-umce","1","2026-09-26T21:30:07.5299032+00:00","1eb50fb702881358824526c667271024104dd5c27a9cd35da157bce789abdbb9","0","2024","500","0","0","0","True","0","35,8","35,4","42,7","49,7","100","88,943156073181","77,61502106164532","1374519296","[23:30:07] [Server thread/INFO]: The game is running normally [23:30:07] [Server thread/INFO]: Target tick rate: 20,0 per second. Average time per tick: 35,8ms (Target: 50,0ms) [23:30:07] [Server thread/INFO]: Percentiles: P50: 35,4ms P95: 42,7ms P99: 49,7ms, sample: 100"
"with-umce","1","2026-09-26T21:30:07.6528548+00:00","1eb50fb702881358824526c667271024104dd5c27a9cd35da157bce789abdbb9","0","2024","500","0","0","0","True","0","35,7","35,3","42,7","49,7","100","101,73453309546443","77,61502106164532","1374519296","[23:30:07] [Server thread/INFO]: The game is running normally [23:30:07] [Server thread/INFO]: Target tick rate: 20,0 per second. Average time per tick: 35,7ms (Target: 50,0ms) [23:30:07] [Server thread/INFO]: Percentiles: P50: 35,3ms P95: 42,7ms P99: 49,7ms, sample: 100"
"with-umce","1","2026-09-26T21:30:07.7757085+00:00","1eb50fb702881358824526c667271024104dd5c27a9cd35da157bce789abdbb9","0","2024","500","0","0","0","True","0","35,8","35,3","42,7","49,7","100","76,11839231459996","77,61502106164532","1374519296","[23:30:07] [Server thread/INFO]: The game is running normally [23:30:07] [Server thread/INFO]: Target tick rate: 20,0 per second. Average time per tick: 35,8ms (Target: 50,0ms) [23:30:07] [Server thread/INFO]: Percentiles: P50: 35,3ms P95: 42,7ms P99: 49,7ms, sample: 100"
"with-umce","1","2026-09-26T21:30:07.8988448+00:00","1eb50fb702881358824526c667271024104dd5c27a9cd35da157bce789abdbb9","0","2024","500","0","0","0","True","0","35,8","35,4","42,7","49,7","100","55,95529020114539","77,61502106164532","1374519296","[23:30:07] [Server thread/INFO]: The game is running normally [23:30:07] [Server thread/INFO]: Target tick rate: 20,0 per second. Average time per tick: 35,8ms (Target: 50,0ms) [23:30:07] [Server thread/INFO]: Percentiles: P50: 35,4ms P95: 42,7ms P99: 49,7ms, sample: 100"
"with-umce","1","2026-09-26T21:30:08.0384894+00:00","1eb50fb702881358824526c667271024104dd5c27a9cd35da157bce789abdbb9","0","2024","500","0","0","0","True","0","35,7","35,3","42,4","49,7","100","55,837951653089256","77,61502106164532","1374519296","[23:30:08] [Server thread/INFO]: The game is running normally [23:30:08] [Server thread/INFO]: Target tick rate: 20,0 per second. Average time per tick: 35,7ms (Target: 50,0ms) [23:30:08] [Server thread/INFO]: Percentiles: P50: 35,3ms P95: 42,4ms P99: 49,7ms, sample: 100"
"with-umce","1","2026-09-26T21:30:08.1783978+00:00","1eb50fb702881358824526c667271024104dd5c27a9cd35da157bce789abdbb9","0","2024","500","0","0","0","True","0","35,7","35,3","42,4","49,7","100","113,80963017636547","77,61502106164532","1374519296","[23:30:08] [Server thread/INFO]: The game is running normally [23:30:08] [Server thread/INFO]: Target tick rate: 20,0 per second. Average time per tick: 35,7ms (Target: 50,0ms) [23:30:08] [Server thread/INFO]: Percentiles: P50: 35,3ms P95: 42,4ms P99: 49,7ms, sample: 100"
"with-umce","1","2026-09-26T21:30:08.3019960+00:00","1eb50fb702881358824526c667271024104dd5c27a9cd35da157bce789abdbb9","0","2024","500","0","0","0","True","0","35,7","35,3","42,4","49,7","100","139,3826695947502","77,61502106164532","1374519296","[23:30:08] [Server thread/INFO]: The game is running normally [23:30:08] [Server thread/INFO]: Target tick rate: 20,0 per second. Average time per tick: 35,7ms (Target: 50,0ms) [23:30:08] [Server thread/INFO]: Percentiles: P50: 35,3ms P95: 42,4ms P99: 49,7ms, sample: 100"
"with-umce","1","2026-09-26T21:30:08.4253333+00:00","1eb50fb702881358824526c667271024104dd5c27a9cd35da157bce789abdbb9","0","2024","500","0","0","0","True","0","35,8","35,5","42,4","49,7","100","115,35328661508134","77,61502106164532","1374519296","[23:30:08] [Server thread/INFO]: The game is running normally [23:30:08] [Server thread/INFO]: Target tick rate: 20,0 per second. Average time per tick: 35,8ms (Target: 50,0ms) [23:30:08] [Server thread/INFO]: Percentiles: P50: 35,5ms P95: 42,4ms P99: 49,7ms, sample: 100"
"with-umce","1","2026-09-26T21:30:08.5471910+00:00","1eb50fb702881358824526c667271024104dd5c27a9cd35da157bce789abdbb9","0","2024","500","0","0","0","True","0","36","35,5","42,7","49,7","100","75,74160116532997","77,61502106164532","1374519296","[23:30:08] [Server thread/INFO]: The game is running normally [23:30:08] [Server thread/INFO]: Target tick rate: 20,0 per second. Average time per tick: 36,0ms (Target: 50,0ms) [23:30:08] [Server thread/INFO]: Percentiles: P50: 35,5ms P95: 42,7ms P99: 49,7ms, sample: 100"
"with-umce","1","2026-09-26T21:30:08.6709412+00:00","1eb50fb702881358824526c667271024104dd5c27a9cd35da157bce789abdbb9","0","2024","500","0","0","0","True","0","35,9","35,6","42,4","49,7","100","74,84767002197128","77,61502106164532","1374519296","[23:30:08] [Server thread/INFO]: The game is running normally [23:30:08] [Server thread/INFO]: Target tick rate: 20,0 per second. Average time per tick: 35,9ms (Target: 50,0ms) [23:30:08] [Server thread/INFO]: Percentiles: P50: 35,6ms P95: 42,4ms P99: 49,7ms, sample: 100"
"with-umce","1","2026-09-26T21:30:08.7962116+00:00","1eb50fb702881358824526c667271024104dd5c27a9cd35da157bce789abdbb9","0","2024","500","0","0","0","True","0","36","35,6","42,4","49,7","100","100,11429047400513","77,61502106164532","1374519296","[23:30:08] [Server thread/INFO]: The game is running normally [23:30:08] [Server thread/INFO]: Target tick rate: 20,0 per second. Average time per tick: 36,0ms (Target: 50,0ms) [23:30:08] [Server thread/INFO]: Percentiles: P50: 35,6ms P95: 42,4ms P99: 49,7ms, sample: 100"
"with-umce","1","2026-09-26T21:30:08.9211073+00:00","1eb50fb702881358824526c667271024104dd5c27a9cd35da157bce789abdbb9","0","2024","500","0","0","0","True","0","36","35,7","42,4","49,7","100","87,56003115736148","77,61502106164532","1374519296","[23:30:08] [Server thread/INFO]: The game is running normally [23:30:08] [Server thread/INFO]: Target tick rate: 20,0 per second. Average time per tick: 36,0ms (Target: 50,0ms) [23:30:08] [Server thread/INFO]: Percentiles: P50: 35,7ms P95: 42,4ms P99: 49,7ms, sample: 100"
"with-umce","1","2026-09-26T21:30:09.0459879+00:00","1eb50fb702881358824526c667271024104dd5c27a9cd35da157bce789abdbb9","0","2024","500","0","0","0","True","0","36","35,6","42,4","49,7","100","88,19419414092204","77,61502106164532","1374519296","[23:30:09] [Server thread/INFO]: The game is running normally [23:30:09] [Server thread/INFO]: Target tick rate: 20,0 per second. Average time per tick: 36,0ms (Target: 50,0ms) [23:30:09] [Server thread/INFO]: Percentiles: P50: 35,6ms P95: 42,4ms P99: 49,7ms, sample: 100"
"with-umce","1","2026-09-26T21:30:09.1699927+00:00","1eb50fb702881358824526c667271024104dd5c27a9cd35da157bce789abdbb9","0","2024","500","0","0","0","True","0","36","35,8","42,4","49,7","100","77,26688683265105","77,61502106164532","1374519296","[23:30:09] [Server thread/INFO]: The game is running normally [23:30:09] [Server thread/INFO]: Target tick rate: 20,0 per second. Average time per tick: 36,0ms (Target: 50,0ms) [23:30:09] [Server thread/INFO]: Percentiles: P50: 35,8ms P95: 42,4ms P99: 49,7ms, sample: 100"
"with-umce","1","2026-09-26T21:30:09.2913449+00:00","1eb50fb702881358824526c667271024104dd5c27a9cd35da157bce789abdbb9","0","2024","500","0","0","0","True","0","36,1","35,8","42,4","49,7","100","62,7187126949097","77,61502106164532","1374519296","[23:30:09] [Server thread/INFO]: The game is running normally [23:30:09] [Server thread/INFO]: Target tick rate: 20,0 per second. Average time per tick: 36,1ms (Target: 50,0ms) [23:30:09] [Server thread/INFO]: Percentiles: P50: 35,8ms P95: 42,4ms P99: 49,7ms, sample: 100"
"with-umce","1","2026-09-26T21:30:09.4158813+00:00","1eb50fb702881358824526c667271024104dd5c27a9cd35da157bce789abdbb9","0","2024","500","0","0","0","True","0","36","35,6","42,4","49,7","100","87,98886614027536","77,61502106164532","1374519296","[23:30:09] [Server thread/INFO]: The game is running normally [23:30:09] [Server thread/INFO]: Target tick rate: 20,0 per second. Average time per tick: 36,0ms (Target: 50,0ms) [23:30:09] [Server thread/INFO]: Percentiles: P50: 35,6ms P95: 42,4ms P99: 49,7ms, sample: 100"
"with-umce","1","2026-09-26T21:30:09.5402114+00:00","1eb50fb702881358824526c667271024104dd5c27a9cd35da157bce789abdbb9","0","2024","500","0","0","0","True","0","35,9","35,6","42,4","49,7","100","56,92677740883154","77,61502106164532","1374519296","[23:30:09] [Server thread/INFO]: The game is running normally [23:30:09] [Server thread/INFO]: Target tick rate: 20,0 per second. Average time per tick: 35,9ms (Target: 50,0ms) [23:30:09] [Server thread/INFO]: Percentiles: P50: 35,6ms P95: 42,4ms P99: 49,7ms, sample: 100"
"with-umce","1","2026-09-26T21:30:09.6774297+00:00","1eb50fb702881358824526c667271024104dd5c27a9cd35da157bce789abdbb9","0","2024","500","0","0","0","True","0","35,9","35,6","42,4","49,7","100","76,525677119598","77,61502106164532","1374519296","[23:30:09] [Server thread/INFO]: The game is running normally [23:30:09] [Server thread/INFO]: Target tick rate: 20,0 per second. Average time per tick: 35,9ms (Target: 50,0ms) [23:30:09] [Server thread/INFO]: Percentiles: P50: 35,6ms P95: 42,4ms P99: 49,7ms, sample: 100"
"with-umce","1","2026-09-26T21:30:09.7999302+00:00","1eb50fb702881358824526c667271024104dd5c27a9cd35da157bce789abdbb9","0","2024","500","0","0","0","True","0","35,7","35,4","42,4","49,7","100","76,0439927679121","77,61502106164532","1374519296","[23:30:09] [Server thread/INFO]: The game is running normally [23:30:09] [Server thread/INFO]: Target tick rate: 20,0 per second. Average time per tick: 35,7ms (Target: 50,0ms) [23:30:09] [Server thread/INFO]: Percentiles: P50: 35,4ms P95: 42,4ms P99: 49,7ms, sample: 100"
"with-umce","1","2026-09-26T21:30:09.9232339+00:00","1eb50fb702881358824526c667271024104dd5c27a9cd35da157bce789abdbb9","0","2024","500","0","0","0","True","0","35,7","35,3","42,4","49,7","100","87,45116726819744","77,61502106164532","1374519296","[23:30:09] [Server thread/INFO]: The game is running normally [23:30:09] [Server thread/INFO]: Target tick rate: 20,0 per second. Average time per tick: 35,7ms (Target: 50,0ms) [23:30:09] [Server thread/INFO]: Percentiles: P50: 35,3ms P95: 42,4ms P99: 49,7ms, sample: 100"
"with-umce","1","2026-09-26T21:30:10.0482808+00:00","1eb50fb702881358824526c667271024104dd5c27a9cd35da157bce789abdbb9","0","2024","500","0","0","0","True","0","35,7","35,3","42,4","49,7","100","102,37946251601213","77,61502106164532","1374519296","[23:30:10] [Server thread/INFO]: The game is running normally [23:30:10] [Server thread/INFO]: Target tick rate: 20,0 per second. Average time per tick: 35,7ms (Target: 50,0ms) [23:30:10] [Server thread/INFO]: Percentiles: P50: 35,3ms P95: 42,4ms P99: 49,7ms, sample: 100"
"with-umce","1","2026-09-26T21:30:10.1704315+00:00","1eb50fb702881358824526c667271024104dd5c27a9cd35da157bce789abdbb9","0","2024","500","0","0","0","True","0","35,6","35,2","41,7","49,7","100","112,8790025389247","77,61502106164532","1374519296","[23:30:10] [Server thread/INFO]: The game is running normally [23:30:10] [Server thread/INFO]: Target tick rate: 20,0 per second. Average time per tick: 35,6ms (Target: 50,0ms) [23:30:10] [Server thread/INFO]: Percentiles: P50: 35,2ms P95: 41,7ms P99: 49,7ms, sample: 100"
"with-umce","1","2026-09-26T21:30:10.2949812+00:00","1eb50fb702881358824526c667271024104dd5c27a9cd35da157bce789abdbb9","0","2024","500","0","0","0","True","0","35,7","35,3","41,7","49,7","100","102,2725785126131","77,61502106164532","1374519296","[23:30:10] [Server thread/INFO]: The game is running normally [23:30:10] [Server thread/INFO]: Target tick rate: 20,0 per second. Average time per tick: 35,7ms (Target: 50,0ms) [23:30:10] [Server thread/INFO]: Percentiles: P50: 35,3ms P95: 41,7ms P99: 49,7ms, sample: 100"
"with-umce","1","2026-09-26T21:30:10.4172104+00:00","1eb50fb702881358824526c667271024104dd5c27a9cd35da157bce789abdbb9","0","2024","500","0","0","0","True","0","35,7","35,3","41,7","49,7","100","75,9757104640637","77,61502106164532","1374519296","[23:30:10] [Server thread/INFO]: The game is running normally [23:30:10] [Server thread/INFO]: Target tick rate: 20,0 per second. Average time per tick: 35,7ms (Target: 50,0ms) [23:30:10] [Server thread/INFO]: Percentiles: P50: 35,3ms P95: 41,7ms P99: 49,7ms, sample: 100"
"with-umce","1","2026-09-26T21:30:10.5405818+00:00","1eb50fb702881358824526c667271024104dd5c27a9cd35da157bce789abdbb9","0","2024","500","0","0","0","True","0","35,8","35,3","41,7","49,7","100","63,55144596317148","77,61502106164532","1374519296","[23:30:10] [Server thread/INFO]: The game is running normally [23:30:10] [Server thread/INFO]: Target tick rate: 20,0 per second. Average time per tick: 35,8ms (Target: 50,0ms) [23:30:10] [Server thread/INFO]: Percentiles: P50: 35,3ms P95: 41,7ms P99: 49,7ms, sample: 100"
"with-umce","1","2026-09-26T21:30:10.6635611+00:00","1eb50fb702881358824526c667271024104dd5c27a9cd35da157bce789abdbb9","0","2024","500","0","0","0","True","0","35,8","35,3","41,7","49,7","100","78,65389123721941","77,61502106164532","1374519296","[23:30:10] [Server thread/INFO]: The game is running normally [23:30:10] [Server thread/INFO]: Target tick rate: 20,0 per second. Average time per tick: 35,8ms (Target: 50,0ms) [23:30:10] [Server thread/INFO]: Percentiles: P50: 35,3ms P95: 41,7ms P99: 49,7ms, sample: 100"
"with-umce","1","2026-09-26T21:30:10.8026083+00:00","1eb50fb702881358824526c667271024104dd5c27a9cd35da157bce789abdbb9","0","2024","500","0","0","0","True","0","35,9","35,4","41,7","49,7","100","63,88445275248975","77,61502106164532","1374519296","[23:30:10] [Server thread/INFO]: The game is running normally [23:30:10] [Server thread/INFO]: Target tick rate: 20,0 per second. Average time per tick: 35,9ms (Target: 50,0ms) [23:30:10] [Server thread/INFO]: Percentiles: P50: 35,4ms P95: 41,7ms P99: 49,7ms, sample: 100"
"with-umce","1","2026-09-26T21:30:10.9248917+00:00","1eb50fb702881358824526c667271024104dd5c27a9cd35da157bce789abdbb9","0","2024","500","0","0","0","True","0","36","35,5","42,1","49,7","100","216,13662845574498","77,61502106164532","1374519296","[23:30:10] [Server thread/INFO]: The game is running normally [23:30:10] [Server thread/INFO]: Target tick rate: 20,0 per second. Average time per tick: 36,0ms (Target: 50,0ms) [23:30:10] [Server thread/INFO]: Percentiles: P50: 35,5ms P95: 42,1ms P99: 49,7ms, sample: 100"
"with-umce","1","2026-09-26T21:30:11.0477757+00:00","1eb50fb702881358824526c667271024104dd5c27a9cd35da157bce789abdbb9","0","2024","500","0","0","0","True","0","36","35,5","42,1","49,7","100","88,72432470141983","77,61502106164532","1374519296","[23:30:11] [Server thread/INFO]: The game is running normally [23:30:11] [Server thread/INFO]: Target tick rate: 20,0 per second. Average time per tick: 36,0ms (Target: 50,0ms) [23:30:11] [Server thread/INFO]: Percentiles: P50: 35,5ms P95: 42,1ms P99: 49,7ms, sample: 100"
"with-umce","1","2026-09-26T21:30:11.1710437+00:00","1eb50fb702881358824526c667271024104dd5c27a9cd35da157bce789abdbb9","0","2024","500","0","0","0","True","0","35,9","35,4","42,1","49,7","100","76,84589999459006","77,61502106164532","1374519296","[23:30:11] [Server thread/INFO]: The game is running normally [23:30:11] [Server thread/INFO]: Target tick rate: 20,0 per second. Average time per tick: 35,9ms (Target: 50,0ms) [23:30:11] [Server thread/INFO]: Percentiles: P50: 35,4ms P95: 42,1ms P99: 49,7ms, sample: 100"
"with-umce","1","2026-09-26T21:30:11.2930418+00:00","1eb50fb702881358824526c667271024104dd5c27a9cd35da157bce789abdbb9","0","2024","500","0","0","0","True","0","35,9","35,3","42,1","49,7","100","63,525608239911726","77,61502106164532","1374519296","[23:30:11] [Server thread/INFO]: The game is running normally [23:30:11] [Server thread/INFO]: Target tick rate: 20,0 per second. Average time per tick: 35,9ms (Target: 50,0ms) [23:30:11] [Server thread/INFO]: Percentiles: P50: 35,3ms P95: 42,1ms P99: 49,7ms, sample: 100"
"with-umce","1","2026-09-26T21:30:11.4160259+00:00","1eb50fb702881358824526c667271024104dd5c27a9cd35da157bce789abdbb9","0","2024","500","0","0","0","True","0","35,8","35,3","42,1","49,7","100","63,253168123479895","77,61502106164532","1374519296","[23:30:11] [Server thread/INFO]: The game is running normally [23:30:11] [Server thread/INFO]: Target tick rate: 20,0 per second. Average time per tick: 35,8ms (Target: 50,0ms) [23:30:11] [Server thread/INFO]: Percentiles: P50: 35,3ms P95: 42,1ms P99: 49,7ms, sample: 100"
"with-umce","1","2026-09-26T21:30:11.5395457+00:00","1eb50fb702881358824526c667271024104dd5c27a9cd35da157bce789abdbb9","0","2024","500","0","0","0","True","0","35,8","35,3","42,1","49,7","100","62,9203583299306","77,61502106164532","1374519296","[23:30:11] [Server thread/INFO]: The game is running normally [23:30:11] [Server thread/INFO]: Target tick rate: 20,0 per second. Average time per tick: 35,8ms (Target: 50,0ms) [23:30:11] [Server thread/INFO]: Percentiles: P50: 35,3ms P95: 42,1ms P99: 49,7ms, sample: 100"
"with-umce","1","2026-09-26T21:30:11.6636992+00:00","1eb50fb702881358824526c667271024104dd5c27a9cd35da157bce789abdbb9","0","2024","500","0","0","0","True","0","35,8","35,2","42,1","49,7","100","67,597968383619","77,61502106164532","1374519296","[23:30:11] [Server thread/INFO]: The game is running normally [23:30:11] [Server thread/INFO]: Target tick rate: 20,0 per second. Average time per tick: 35,8ms (Target: 50,0ms) [23:30:11] [Server thread/INFO]: Percentiles: P50: 35,2ms P95: 42,1ms P99: 49,7ms, sample: 100"
"with-umce","1","2026-09-26T21:30:11.8023939+00:00","1eb50fb702881358824526c667271024104dd5c27a9cd35da157bce789abdbb9","0","2024","500","0","0","0","True","0","35,8","35,2","42,1","49,7","100","63,90394409008145","77,61502106164532","1374519296","[23:30:11] [Server thread/INFO]: The game is running normally [23:30:11] [Server thread/INFO]: Target tick rate: 20,0 per second. Average time per tick: 35,8ms (Target: 50,0ms) [23:30:11] [Server thread/INFO]: Percentiles: P50: 35,2ms P95: 42,1ms P99: 49,7ms, sample: 100"
"with-umce","1","2026-09-26T21:30:11.9246405+00:00","1eb50fb702881358824526c667271024104dd5c27a9cd35da157bce789abdbb9","0","2024","500","0","0","0","True","0","35,8","35,2","42,4","49,7","100","63,24072597520235","77,61502106164532","1374519296","[23:30:11] [Server thread/INFO]: The game is running normally [23:30:11] [Server thread/INFO]: Target tick rate: 20,0 per second. Average time per tick: 35,8ms (Target: 50,0ms) [23:30:11] [Server thread/INFO]: Percentiles: P50: 35,2ms P95: 42,4ms P99: 49,7ms, sample: 100"
"with-umce","1","2026-09-26T21:30:12.0481979+00:00","1eb50fb702881358824526c667271024104dd5c27a9cd35da157bce789abdbb9","0","2024","500","0","0","0","True","0","35,8","35,2","42,4","49,7","100","88,70158718058305","77,61502106164532","1374519296","[23:30:12] [Server thread/INFO]: The game is running normally [23:30:12] [Server thread/INFO]: Target tick rate: 20,0 per second. Average time per tick: 35,8ms (Target: 50,0ms) [23:30:12] [Server thread/INFO]: Percentiles: P50: 35,2ms P95: 42,4ms P99: 49,7ms, sample: 100"
"with-umce","1","2026-09-26T21:30:12.1714765+00:00","1eb50fb702881358824526c667271024104dd5c27a9cd35da157bce789abdbb9","0","2024","500","0","0","0","True","0","35,9","35,2","42,4","49,7","100","64,22096780690224","77,61502106164532","1374519296","[23:30:12] [Server thread/INFO]: The game is running normally [23:30:12] [Server thread/INFO]: Target tick rate: 20,0 per second. Average time per tick: 35,9ms (Target: 50,0ms) [23:30:12] [Server thread/INFO]: Percentiles: P50: 35,2ms P95: 42,4ms P99: 49,7ms, sample: 100"
"with-umce","1","2026-09-26T21:30:12.2931156+00:00","1eb50fb702881358824526c667271024104dd5c27a9cd35da157bce789abdbb9","0","2024","500","0","0","0","True","0","35,8","35,2","42,4","49,7","100","62,63629658136104","77,61502106164532","1374519296","[23:30:12] [Server thread/INFO]: The game is running normally [23:30:12] [Server thread/INFO]: Target tick rate: 20,0 per second. Average time per tick: 35,8ms (Target: 50,0ms) [23:30:12] [Server thread/INFO]: Percentiles: P50: 35,2ms P95: 42,4ms P99: 49,7ms, sample: 100"
"with-umce","1","2026-09-26T21:30:12.4178562+00:00","1eb50fb702881358824526c667271024104dd5c27a9cd35da157bce789abdbb9","0","2024","500","0","0","0","True","0","35,7","35,1","42,1","49,7","100","63,13411909216167","77,61502106164532","1374519296","[23:30:12] [Server thread/INFO]: The game is running normally [23:30:12] [Server thread/INFO]: Target tick rate: 20,0 per second. Average time per tick: 35,7ms (Target: 50,0ms) [23:30:12] [Server thread/INFO]: Percentiles: P50: 35,1ms P95: 42,1ms P99: 49,7ms, sample: 100"
"with-umce","1","2026-09-26T21:30:12.5416254+00:00","1eb50fb702881358824526c667271024104dd5c27a9cd35da157bce789abdbb9","0","2024","500","0","0","0","True","0","35,5","35","41,6","44,4","100","88,68705854116175","77,61502106164532","1374519296","[23:30:12] [Server thread/INFO]: The game is running normally [23:30:12] [Server thread/INFO]: Target tick rate: 20,0 per second. Average time per tick: 35,5ms (Target: 50,0ms) [23:30:12] [Server thread/INFO]: Percentiles: P50: 35,0ms P95: 41,6ms P99: 44,4ms, sample: 100"
"with-umce","1","2026-09-26T21:30:12.6649394+00:00","1eb50fb702881358824526c667271024104dd5c27a9cd35da157bce789abdbb9","0","2024","500","0","0","0","True","0","35,6","35","42,1","44,4","100","75,6719059876455","77,61502106164532","1374519296","[23:30:12] [Server thread/INFO]: The game is running normally [23:30:12] [Server thread/INFO]: Target tick rate: 20,0 per second. Average time per tick: 35,6ms (Target: 50,0ms) [23:30:12] [Server thread/INFO]: Percentiles: P50: 35,0ms P95: 42,1ms P99: 44,4ms, sample: 100"
"with-umce","1","2026-09-26T21:30:12.7888240+00:00","1eb50fb702881358824526c667271024104dd5c27a9cd35da157bce789abdbb9","0","2024","500","0","0","0","True","0","35,6","35","41,6","44,4","100","66,69194439563583","77,61502106164532","1374519296","[23:30:12] [Server thread/INFO]: The game is running normally [23:30:12] [Server thread/INFO]: Target tick rate: 20,0 per second. Average time per tick: 35,6ms (Target: 50,0ms) [23:30:12] [Server thread/INFO]: Percentiles: P50: 35,0ms P95: 41,6ms P99: 44,4ms, sample: 100"
"with-umce","1","2026-09-26T21:30:12.9293848+00:00","1eb50fb702881358824526c667271024104dd5c27a9cd35da157bce789abdbb9","0","2024","500","0","0","0","True","0","35,7","35","42,1","44,4","100","74,4994826755923","77,61502106164532","1374519296","[23:30:12] [Server thread/INFO]: The game is running normally [23:30:12] [Server thread/INFO]: Target tick rate: 20,0 per second. Average time per tick: 35,7ms (Target: 50,0ms) [23:30:12] [Server thread/INFO]: Percentiles: P50: 35,0ms P95: 42,1ms P99: 44,4ms, sample: 100"
"with-umce","1","2026-09-26T21:30:13.0552398+00:00","1eb50fb702881358824526c667271024104dd5c27a9cd35da157bce789abdbb9","0","2024","500","0","0","0","True","0","35,6","35","42,1","44,4","100","56,5838219157743","77,61502106164532","1374519296","[23:30:13] [Server thread/INFO]: The game is running normally [23:30:13] [Server thread/INFO]: Target tick rate: 20,0 per second. Average time per tick: 35,6ms (Target: 50,0ms) [23:30:13] [Server thread/INFO]: Percentiles: P50: 35,0ms P95: 42,1ms P99: 44,4ms, sample: 100"
"with-umce","1","2026-09-26T21:30:13.1933073+00:00","1eb50fb702881358824526c667271024104dd5c27a9cd35da157bce789abdbb9","0","2024","500","0","0","0","True","0","35,6","35","42,1","44,4","100","63,607637964457886","77,61502106164532","1374519296","[23:30:13] [Server thread/INFO]: The game is running normally [23:30:13] [Server thread/INFO]: Target tick rate: 20,0 per second. Average time per tick: 35,6ms (Target: 50,0ms) [23:30:13] [Server thread/INFO]: Percentiles: P50: 35,0ms P95: 42,1ms P99: 44,4ms, sample: 100"
"with-umce","1","2026-09-26T21:30:13.3161179+00:00","1eb50fb702881358824526c667271024104dd5c27a9cd35da157bce789abdbb9","0","2024","500","0","0","0","True","0","35,6","35,1","42,1","44,4","100","74,2104013298504","77,61502106164532","1374519296","[23:30:13] [Server thread/INFO]: The game is running normally [23:30:13] [Server thread/INFO]: Target tick rate: 20,0 per second. Average time per tick: 35,6ms (Target: 50,0ms) [23:30:13] [Server thread/INFO]: Percentiles: P50: 35,1ms P95: 42,1ms P99: 44,4ms, sample: 100"
"with-umce","1","2026-09-26T21:30:13.4424437+00:00","1eb50fb702881358824526c667271024104dd5c27a9cd35da157bce789abdbb9","0","2024","500","0","0","0","True","0","35,6","35,1","42,1","44,4","100","63,09068018415614","77,61502106164532","1374519296","[23:30:13] [Server thread/INFO]: The game is running normally [23:30:13] [Server thread/INFO]: Target tick rate: 20,0 per second. Average time per tick: 35,6ms (Target: 50,0ms) [23:30:13] [Server thread/INFO]: Percentiles: P50: 35,1ms P95: 42,1ms P99: 44,4ms, sample: 100"
"with-umce","1","2026-09-26T21:30:13.5663052+00:00","1eb50fb702881358824526c667271024104dd5c27a9cd35da157bce789abdbb9","0","2024","500","0","0","0","True","0","35,4","34,9","42,1","43,4","100","62,89108190371003","77,61502106164532","1374519296","[23:30:13] [Server thread/INFO]: The game is running normally [23:30:13] [Server thread/INFO]: Target tick rate: 20,0 per second. Average time per tick: 35,4ms (Target: 50,0ms) [23:30:13] [Server thread/INFO]: Percentiles: P50: 34,9ms P95: 42,1ms P99: 43,4ms, sample: 100"
"with-umce","1","2026-09-26T21:30:13.6905177+00:00","1eb50fb702881358824526c667271024104dd5c27a9cd35da157bce789abdbb9","0","2024","500","0","0","0","True","0","35,3","34,9","42,1","43,4","100","50,68559361345301","77,61502106164532","1374519296","[23:30:13] [Server thread/INFO]: The game is running normally [23:30:13] [Server thread/INFO]: Target tick rate: 20,0 per second. Average time per tick: 35,3ms (Target: 50,0ms) [23:30:13] [Server thread/INFO]: Percentiles: P50: 34,9ms P95: 42,1ms P99: 43,4ms, sample: 100"
"with-umce","1","2026-09-26T21:30:13.8138639+00:00","1eb50fb702881358824526c667271024104dd5c27a9cd35da157bce789abdbb9","0","2024","500","0","0","0","True","0","35,3","34,8","42,1","43,4","100","88,59934061839301","77,61502106164532","1374519296","[23:30:13] [Server thread/INFO]: The game is running normally [23:30:13] [Server thread/INFO]: Target tick rate: 20,0 per second. Average time per tick: 35,3ms (Target: 50,0ms) [23:30:13] [Server thread/INFO]: Percentiles: P50: 34,8ms P95: 42,1ms P99: 43,4ms, sample: 100"
"with-umce","1","2026-09-26T21:30:13.9372698+00:00","1eb50fb702881358824526c667271024104dd5c27a9cd35da157bce789abdbb9","0","2024","500","0","0","0","True","0","35,3","34,8","42,1","43,4","100","76,29406948904538","77,61502106164532","1374519296","[23:30:13] [Server thread/INFO]: The game is running normally [23:30:13] [Server thread/INFO]: Target tick rate: 20,0 per second. Average time per tick: 35,3ms (Target: 50,0ms) [23:30:13] [Server thread/INFO]: Percentiles: P50: 34,8ms P95: 42,1ms P99: 43,4ms, sample: 100"
"with-umce","1","2026-09-26T21:30:14.0601325+00:00","1eb50fb702881358824526c667271024104dd5c27a9cd35da157bce789abdbb9","0","2024","500","0","0","0","True","0","35,4","34,9","42,1","43,4","100","75,21964135275002","77,61502106164532","1374519296","[23:30:14] [Server thread/INFO]: The game is running normally [23:30:14] [Server thread/INFO]: Target tick rate: 20,0 per second. Average time per tick: 35,4ms (Target: 50,0ms) [23:30:14] [Server thread/INFO]: Percentiles: P50: 34,9ms P95: 42,1ms P99: 43,4ms, sample: 100"
"with-umce","1","2026-09-26T21:30:14.1847781+00:00","1eb50fb702881358824526c667271024104dd5c27a9cd35da157bce789abdbb9","0","2024","500","0","0","0","True","0","35,3","34,7","42,1","43,4","100","63,30965450959227","77,61502106164532","1374519296","[23:30:14] [Server thread/INFO]: The game is running normally [23:30:14] [Server thread/INFO]: Target tick rate: 20,0 per second. Average time per tick: 35,3ms (Target: 50,0ms) [23:30:14] [Server thread/INFO]: Percentiles: P50: 34,7ms P95: 42,1ms P99: 43,4ms, sample: 100"
"with-umce","1","2026-09-26T21:30:14.3081837+00:00","1eb50fb702881358824526c667271024104dd5c27a9cd35da157bce789abdbb9","0","2024","500","0","0","0","True","0","35,2","34,7","42,1","43,4","100","74,71381619843352","77,61502106164532","1374519296","[23:30:14] [Server thread/INFO]: The game is running normally [23:30:14] [Server thread/INFO]: Target tick rate: 20,0 per second. Average time per tick: 35,2ms (Target: 50,0ms) [23:30:14] [Server thread/INFO]: Percentiles: P50: 34,7ms P95: 42,1ms P99: 43,4ms, sample: 100"
"with-umce","1","2026-09-26T21:30:14.4336949+00:00","1eb50fb702881358824526c667271024104dd5c27a9cd35da157bce789abdbb9","0","2024","500","0","0","0","True","0","35,3","34,8","42,1","43,4","100","63,65666710394553","77,61502106164532","1374519296","[23:30:14] [Server thread/INFO]: The game is running normally [23:30:14] [Server thread/INFO]: Target tick rate: 20,0 per second. Average time per tick: 35,3ms (Target: 50,0ms) [23:30:14] [Server thread/INFO]: Percentiles: P50: 34,8ms P95: 42,1ms P99: 43,4ms, sample: 100"
"with-umce","1","2026-09-26T21:30:14.5563853+00:00","1eb50fb702881358824526c667271024104dd5c27a9cd35da157bce789abdbb9","0","2024","500","0","0","0","True","0","35,3","34,9","42,1","43,4","100","50,745306465114425","77,61502106164532","1374519296","[23:30:14] [Server thread/INFO]: The game is running normally [23:30:14] [Server thread/INFO]: Target tick rate: 20,0 per second. Average time per tick: 35,3ms (Target: 50,0ms) [23:30:14] [Server thread/INFO]: Percentiles: P50: 34,9ms P95: 42,1ms P99: 43,4ms, sample: 100"
"with-umce","1","2026-09-26T21:30:14.6795408+00:00","1eb50fb702881358824526c667271024104dd5c27a9cd35da157bce789abdbb9","0","2024","500","0","0","0","True","0","35,5","34,9","42,1","43,4","100","78,73434761169479","77,61502106164532","1374519296","[23:30:14] [Server thread/INFO]: The game is running normally [23:30:14] [Server thread/INFO]: Target tick rate: 20,0 per second. Average time per tick: 35,5ms (Target: 50,0ms) [23:30:14] [Server thread/INFO]: Percentiles: P50: 34,9ms P95: 42,1ms P99: 43,4ms, sample: 100"
"with-umce","1","2026-09-26T21:30:14.8184955+00:00","1eb50fb702881358824526c667271024104dd5c27a9cd35da157bce789abdbb9","0","2024","500","0","0","0","True","0","35,6","34,9","42,1","43,4","100","57,56892243504199","77,61502106164532","1374519296","[23:30:14] [Server thread/INFO]: The game is running normally [23:30:14] [Server thread/INFO]: Target tick rate: 20,0 per second. Average time per tick: 35,6ms (Target: 50,0ms) [23:30:14] [Server thread/INFO]: Percentiles: P50: 34,9ms P95: 42,1ms P99: 43,4ms, sample: 100"
"with-umce","1","2026-09-26T21:30:14.9541625+00:00","1eb50fb702881358824526c667271024104dd5c27a9cd35da157bce789abdbb9","0","2024","500","0","0","0","True","0","35,6","35","42,1","43,4","100","102,31619305183011","77,61502106164532","1374519296","[23:30:14] [Server thread/INFO]: The game is running normally [23:30:14] [Server thread/INFO]: Target tick rate: 20,0 per second. Average time per tick: 35,6ms (Target: 50,0ms) [23:30:14] [Server thread/INFO]: Percentiles: P50: 35,0ms P95: 42,1ms P99: 43,4ms, sample: 100"
"with-umce","1","2026-09-26T21:30:15.0763492+00:00","1eb50fb702881358824526c667271024104dd5c27a9cd35da157bce789abdbb9","0","2024","500","0","0","0","True","0","35,6","35","42,1","43,4","100","75,5908178321763","77,61502106164532","1374519296","[23:30:15] [Server thread/INFO]: The game is running normally [23:30:15] [Server thread/INFO]: Target tick rate: 20,0 per second. Average time per tick: 35,6ms (Target: 50,0ms) [23:30:15] [Server thread/INFO]: Percentiles: P50: 35,0ms P95: 42,1ms P99: 43,4ms, sample: 100"
"with-umce","1","2026-09-26T21:30:15.2003614+00:00","1eb50fb702881358824526c667271024104dd5c27a9cd35da157bce789abdbb9","0","2024","500","0","0","0","True","0","35,6","34,9","42,1","43,4","100","50,33539480264901","77,61502106164532","1374519296","[23:30:15] [Server thread/INFO]: The game is running normally [23:30:15] [Server thread/INFO]: Target tick rate: 20,0 per second. Average time per tick: 35,6ms (Target: 50,0ms) [23:30:15] [Server thread/INFO]: Percentiles: P50: 34,9ms P95: 42,1ms P99: 43,4ms, sample: 100"
"with-umce","1","2026-09-26T21:30:15.3245545+00:00","1eb50fb702881358824526c667271024104dd5c27a9cd35da157bce789abdbb9","0","2024","500","0","0","0","True","0","35,5","34,7","42,1","43,4","100","76,48303667432992","77,61502106164532","1374519296","[23:30:15] [Server thread/INFO]: The game is running normally [23:30:15] [Server thread/INFO]: Target tick rate: 20,0 per second. Average time per tick: 35,5ms (Target: 50,0ms) [23:30:15] [Server thread/INFO]: Percentiles: P50: 34,7ms P95: 42,1ms P99: 43,4ms, sample: 100"
"with-umce","1","2026-09-26T21:30:15.4471608+00:00","1eb50fb702881358824526c667271024104dd5c27a9cd35da157bce789abdbb9","0","2024","500","0","0","0","True","0","35,4","34,7","42,1","43,4","100","63,85333308268771","77,61502106164532","1374519296","[23:30:15] [Server thread/INFO]: The game is running normally [23:30:15] [Server thread/INFO]: Target tick rate: 20,0 per second. Average time per tick: 35,4ms (Target: 50,0ms) [23:30:15] [Server thread/INFO]: Percentiles: P50: 34,7ms P95: 42,1ms P99: 43,4ms, sample: 100"
"with-umce","1","2026-09-26T21:30:15.5694811+00:00","1eb50fb702881358824526c667271024104dd5c27a9cd35da157bce789abdbb9","0","2024","500","0","0","0","True","0","35,3","34,7","42,1","43,4","100","68,57832559160235","77,61502106164532","1374519296","[23:30:15] [Server thread/INFO]: The game is running normally [23:30:15] [Server thread/INFO]: Target tick rate: 20,0 per second. Average time per tick: 35,3ms (Target: 50,0ms) [23:30:15] [Server thread/INFO]: Percentiles: P50: 34,7ms P95: 42,1ms P99: 43,4ms, sample: 100"
"with-umce","1","2026-09-26T21:30:15.7061556+00:00","1eb50fb702881358824526c667271024104dd5c27a9cd35da157bce789abdbb9","0","2024","500","0","0","0","True","0","35,3","34,7","42,1","43,4","100","76,55867334231077","77,61502106164532","1374519296","[23:30:15] [Server thread/INFO]: The game is running normally [23:30:15] [Server thread/INFO]: Target tick rate: 20,0 per second. Average time per tick: 35,3ms (Target: 50,0ms) [23:30:15] [Server thread/INFO]: Percentiles: P50: 34,7ms P95: 42,1ms P99: 43,4ms, sample: 100"
"with-umce","1","2026-09-26T21:30:15.8286363+00:00","1eb50fb702881358824526c667271024104dd5c27a9cd35da157bce789abdbb9","0","2024","500","0","0","0","True","0","35,2","34,5","42,1","43,4","100","88,50993374803862","77,61502106164532","1374519296","[23:30:15] [Server thread/INFO]: The game is running normally [23:30:15] [Server thread/INFO]: Target tick rate: 20,0 per second. Average time per tick: 35,2ms (Target: 50,0ms) [23:30:15] [Server thread/INFO]: Percentiles: P50: 34,5ms P95: 42,1ms P99: 43,4ms, sample: 100"
"with-umce","1","2026-09-26T21:30:15.9522158+00:00","1eb50fb702881358824526c667271024104dd5c27a9cd35da157bce789abdbb9","0","2024","500","0","0","0","True","0","35","34,4","42,1","43,4","100","50,82966207627378","77,61502106164532","1374519296","[23:30:15] [Server thread/INFO]: The game is running normally [23:30:15] [Server thread/INFO]: Target tick rate: 20,0 per second. Average time per tick: 35,0ms (Target: 50,0ms) [23:30:15] [Server thread/INFO]: Percentiles: P50: 34,4ms P95: 42,1ms P99: 43,4ms, sample: 100"
"with-umce","1","2026-09-26T21:30:16.0751870+00:00","1eb50fb702881358824526c667271024104dd5c27a9cd35da157bce789abdbb9","0","2024","500","0","0","0","True","0","35","34,4","42,1","43,4","100","76,71661088516647","77,61502106164532","1374519296","[23:30:16] [Server thread/INFO]: The game is running normally [23:30:16] [Server thread/INFO]: Target tick rate: 20,0 per second. Average time per tick: 35,0ms (Target: 50,0ms) [23:30:16] [Server thread/INFO]: Percentiles: P50: 34,4ms P95: 42,1ms P99: 43,4ms, sample: 100"
"with-umce","1","2026-09-26T21:30:16.1973881+00:00","1eb50fb702881358824526c667271024104dd5c27a9cd35da157bce789abdbb9","0","2024","500","0","0","0","True","0","34,9","34,4","42,1","43,4","100","63,21565175033519","77,61502106164532","1374519296","[23:30:16] [Server thread/INFO]: The game is running normally [23:30:16] [Server thread/INFO]: Target tick rate: 20,0 per second. Average time per tick: 34,9ms (Target: 50,0ms) [23:30:16] [Server thread/INFO]: Percentiles: P50: 34,4ms P95: 42,1ms P99: 43,4ms, sample: 100"
"with-umce","1","2026-09-26T21:30:16.3209692+00:00","1eb50fb702881358824526c667271024104dd5c27a9cd35da157bce789abdbb9","0","2024","500","0","0","0","True","0","34,9","34,3","42,1","43,4","100","79,9074498217744","77,61502106164532","1374519296","[23:30:16] [Server thread/INFO]: The game is running normally [23:30:16] [Server thread/INFO]: Target tick rate: 20,0 per second. Average time per tick: 34,9ms (Target: 50,0ms) [23:30:16] [Server thread/INFO]: Percentiles: P50: 34,3ms P95: 42,1ms P99: 43,4ms, sample: 100"
"with-umce","1","2026-09-26T21:30:16.4578165+00:00","1eb50fb702881358824526c667271024104dd5c27a9cd35da157bce789abdbb9","0","2024","500","0","0","0","True","0","35","34,3","42,1","43,4","100","50,15640774190234","77,61502106164532","1374519296","[23:30:16] [Server thread/INFO]: The game is running normally [23:30:16] [Server thread/INFO]: Target tick rate: 20,0 per second. Average time per tick: 35,0ms (Target: 50,0ms) [23:30:16] [Server thread/INFO]: Percentiles: P50: 34,3ms P95: 42,1ms P99: 43,4ms, sample: 100"
"with-umce","1","2026-09-26T21:30:16.5824191+00:00","1eb50fb702881358824526c667271024104dd5c27a9cd35da157bce789abdbb9","0","2024","500","0","0","0","True","0","35","34,3","42,1","43,4","100","75,08048628129355","77,61502106164532","1374519296","[23:30:16] [Server thread/INFO]: The game is running normally [23:30:16] [Server thread/INFO]: Target tick rate: 20,0 per second. Average time per tick: 35,0ms (Target: 50,0ms) [23:30:16] [Server thread/INFO]: Percentiles: P50: 34,3ms P95: 42,1ms P99: 43,4ms, sample: 100"
"with-umce","1","2026-09-26T21:30:16.7072968+00:00","1eb50fb702881358824526c667271024104dd5c27a9cd35da157bce789abdbb9","0","2024","500","0","0","0","True","0","35","34,3","42,1","43,4","100","51,41248607749878","77,61502106164532","1374519296","[23:30:16] [Server thread/INFO]: The game is running normally [23:30:16] [Server thread/INFO]: Target tick rate: 20,0 per second. Average time per tick: 35,0ms (Target: 50,0ms) [23:30:16] [Server thread/INFO]: Percentiles: P50: 34,3ms P95: 42,1ms P99: 43,4ms, sample: 100"
"with-umce","1","2026-09-26T21:30:16.8288830+00:00","1eb50fb702881358824526c667271024104dd5c27a9cd35da157bce789abdbb9","0","2024","500","0","0","0","True","0","35","34,3","42,1","43,4","100","77,2122228390049","77,61502106164532","1374519296","[23:30:16] [Server thread/INFO]: The game is running normally [23:30:16] [Server thread/INFO]: Target tick rate: 20,0 per second. Average time per tick: 35,0ms (Target: 50,0ms) [23:30:16] [Server thread/INFO]: Percentiles: P50: 34,3ms P95: 42,1ms P99: 43,4ms, sample: 100"
"with-umce","1","2026-09-26T21:30:16.9502767+00:00","1eb50fb702881358824526c667271024104dd5c27a9cd35da157bce789abdbb9","0","2024","500","0","0","0","True","0","34,9","34,3","42","43,4","100","62,79776186767175","77,61502106164532","1374519296","[23:30:16] [Server thread/INFO]: The game is running normally [23:30:16] [Server thread/INFO]: Target tick rate: 20,0 per second. Average time per tick: 34,9ms (Target: 50,0ms) [23:30:16] [Server thread/INFO]: Percentiles: P50: 34,3ms P95: 42,0ms P99: 43,4ms, sample: 100"
"with-umce","1","2026-09-26T21:30:17.0747509+00:00","1eb50fb702881358824526c667271024104dd5c27a9cd35da157bce789abdbb9","0","2024","500","0","0","0","True","0","34,8","34,3","42","43,4","100","76,32922770290955","77,61502106164532","1374519296","[23:30:17] [Server thread/INFO]: The game is running normally [23:30:17] [Server thread/INFO]: Target tick rate: 20,0 per second. Average time per tick: 34,8ms (Target: 50,0ms) [23:30:17] [Server thread/INFO]: Percentiles: P50: 34,3ms P95: 42,0ms P99: 43,4ms, sample: 100"
"with-umce","1","2026-09-26T21:30:17.1975270+00:00","1eb50fb702881358824526c667271024104dd5c27a9cd35da157bce789abdbb9","0","2024","500","0","0","0","True","0","34,9","34,3","42","43,4","100","63,86826256252958","77,61502106164532","1374519296","[23:30:17] [Server thread/INFO]: The game is running normally [23:30:17] [Server thread/INFO]: Target tick rate: 20,0 per second. Average time per tick: 34,9ms (Target: 50,0ms) [23:30:17] [Server thread/INFO]: Percentiles: P50: 34,3ms P95: 42,0ms P99: 43,4ms, sample: 100"
"with-umce","1","2026-09-26T21:30:17.3198766+00:00","1eb50fb702881358824526c667271024104dd5c27a9cd35da157bce789abdbb9","0","2024","500","0","0","0","True","0","34,9","34,3","42","43,4","100","74,31711489465599","77,61502106164532","1374519296","[23:30:17] [Server thread/INFO]: The game is running normally [23:30:17] [Server thread/INFO]: Target tick rate: 20,0 per second. Average time per tick: 34,9ms (Target: 50,0ms) [23:30:17] [Server thread/INFO]: Percentiles: P50: 34,3ms P95: 42,0ms P99: 43,4ms, sample: 100"
"with-umce","1","2026-09-26T21:30:17.4459901+00:00","1eb50fb702881358824526c667271024104dd5c27a9cd35da157bce789abdbb9","0","2024","500","0","0","0","True","0","35","34,4","42","43,4","100","68,76706340066515","77,61502106164532","1374519296","[23:30:17] [Server thread/INFO]: The game is running normally [23:30:17] [Server thread/INFO]: Target tick rate: 20,0 per second. Average time per tick: 35,0ms (Target: 50,0ms) [23:30:17] [Server thread/INFO]: Percentiles: P50: 34,4ms P95: 42,0ms P99: 43,4ms, sample: 100"
"with-umce","1","2026-09-26T21:30:17.5823063+00:00","1eb50fb702881358824526c667271024104dd5c27a9cd35da157bce789abdbb9","0","2024","500","0","0","0","True","0","35","34,4","42","43,4","100","62,738859385452294","77,61502106164532","1374519296","[23:30:17] [Server thread/INFO]: The game is running normally [23:30:17] [Server thread/INFO]: Target tick rate: 20,0 per second. Average time per tick: 35,0ms (Target: 50,0ms) [23:30:17] [Server thread/INFO]: Percentiles: P50: 34,4ms P95: 42,0ms P99: 43,4ms, sample: 100"
"with-umce","1","2026-09-26T21:30:17.7068276+00:00","1eb50fb702881358824526c667271024104dd5c27a9cd35da157bce789abdbb9","0","2024","500","0","0","0","True","0","34,9","34,4","41,9","43,4","100","50,154274548511225","77,61502106164532","1374519296","[23:30:17] [Server thread/INFO]: The game is running normally [23:30:17] [Server thread/INFO]: Target tick rate: 20,0 per second. Average time per tick: 34,9ms (Target: 50,0ms) [23:30:17] [Server thread/INFO]: Percentiles: P50: 34,4ms P95: 41,9ms P99: 43,4ms, sample: 100"
"with-umce","1","2026-09-26T21:30:17.8314670+00:00","1eb50fb702881358824526c667271024104dd5c27a9cd35da157bce789abdbb9","0","2024","500","0","0","0","True","0","34,7","34,4","41,7","42,7","100","74,08718659144414","77,61502106164532","1374519296","[23:30:17] [Server thread/INFO]: The game is running normally [23:30:17] [Server thread/INFO]: Target tick rate: 20,0 per second. Average time per tick: 34,7ms (Target: 50,0ms) [23:30:17] [Server thread/INFO]: Percentiles: P50: 34,4ms P95: 41,7ms P99: 42,7ms, sample: 100"
"with-umce","1","2026-09-26T21:30:17.9580055+00:00","1eb50fb702881358824526c667271024104dd5c27a9cd35da157bce789abdbb9","0","2024","500","0","0","0","True","0","34,7","34,4","41,7","42,7","100","50,94903791912717","77,61502106164532","1374519296","[23:30:17] [Server thread/INFO]: The game is running normally [23:30:17] [Server thread/INFO]: Target tick rate: 20,0 per second. Average time per tick: 34,7ms (Target: 50,0ms) [23:30:17] [Server thread/INFO]: Percentiles: P50: 34,4ms P95: 41,7ms P99: 42,7ms, sample: 100"
"with-umce","1","2026-09-26T21:30:18.0806846+00:00","1eb50fb702881358824526c667271024104dd5c27a9cd35da157bce789abdbb9","0","2024","500","0","0","0","True","0","34,7","34,4","41,7","42,7","100","115,58311011238172","77,61502106164532","1374519296","[23:30:18] [Server thread/INFO]: The game is running normally [23:30:18] [Server thread/INFO]: Target tick rate: 20,0 per second. Average time per tick: 34,7ms (Target: 50,0ms) [23:30:18] [Server thread/INFO]: Percentiles: P50: 34,4ms P95: 41,7ms P99: 42,7ms, sample: 100"
"with-umce","1","2026-09-26T21:30:18.2023371+00:00","1eb50fb702881358824526c667271024104dd5c27a9cd35da157bce789abdbb9","0","2024","500","0","0","0","True","0","34,8","34,4","41,7","42,7","100","63,02593885455347","77,61502106164532","1374519296","[23:30:18] [Server thread/INFO]: The game is running normally [23:30:18] [Server thread/INFO]: Target tick rate: 20,0 per second. Average time per tick: 34,8ms (Target: 50,0ms) [23:30:18] [Server thread/INFO]: Percentiles: P50: 34,4ms P95: 41,7ms P99: 42,7ms, sample: 100"
"with-umce","1","2026-09-26T21:30:18.3263206+00:00","1eb50fb702881358824526c667271024104dd5c27a9cd35da157bce789abdbb9","0","2024","500","0","0","0","True","0","34,7","34,4","41,7","42,7","100","88,08984963314353","77,61502106164532","1374519296","[23:30:18] [Server thread/INFO]: The game is running normally [23:30:18] [Server thread/INFO]: Target tick rate: 20,0 per second. Average time per tick: 34,7ms (Target: 50,0ms) [23:30:18] [Server thread/INFO]: Percentiles: P50: 34,4ms P95: 41,7ms P99: 42,7ms, sample: 100"
"with-umce","1","2026-09-26T21:30:18.4504421+00:00","1eb50fb702881358824526c667271024104dd5c27a9cd35da157bce789abdbb9","0","2024","500","0","0","0","True","0","34,6","34,3","39,3","42,7","100","64,49943075382394","77,61502106164532","1374519296","[23:30:18] [Server thread/INFO]: The game is running normally [23:30:18] [Server thread/INFO]: Target tick rate: 20,0 per second. Average time per tick: 34,6ms (Target: 50,0ms) [23:30:18] [Server thread/INFO]: Percentiles: P50: 34,3ms P95: 39,3ms P99: 42,7ms, sample: 100"
"with-umce","1","2026-09-26T21:30:18.5715677+00:00","1eb50fb702881358824526c667271024104dd5c27a9cd35da157bce789abdbb9","0","2024","500","0","0","0","True","0","34,7","34,4","41,7","42,7","100","67,75606371599548","77,61502106164532","1374519296","[23:30:18] [Server thread/INFO]: The game is running normally [23:30:18] [Server thread/INFO]: Target tick rate: 20,0 per second. Average time per tick: 34,7ms (Target: 50,0ms) [23:30:18] [Server thread/INFO]: Percentiles: P50: 34,4ms P95: 41,7ms P99: 42,7ms, sample: 100"
"with-umce","1","2026-09-26T21:30:18.7099341+00:00","1eb50fb702881358824526c667271024104dd5c27a9cd35da157bce789abdbb9","0","2024","500","0","0","0","True","0","34,8","34,4","41,7","42,7","100","51,06321789778042","77,61502106164532","1374519296","[23:30:18] [Server thread/INFO]: The game is running normally [23:30:18] [Server thread/INFO]: Target tick rate: 20,0 per second. Average time per tick: 34,8ms (Target: 50,0ms) [23:30:18] [Server thread/INFO]: Percentiles: P50: 34,4ms P95: 41,7ms P99: 42,7ms, sample: 100"
"with-umce","1","2026-09-26T21:30:18.8323547+00:00","1eb50fb702881358824526c667271024104dd5c27a9cd35da157bce789abdbb9","0","2024","500","0","0","0","True","0","34,8","34,4","41,7","42,7","100","89,19062615692982","77,61502106164532","1374519296","[23:30:18] [Server thread/INFO]: The game is running normally [23:30:18] [Server thread/INFO]: Target tick rate: 20,0 per second. Average time per tick: 34,8ms (Target: 50,0ms) [23:30:18] [Server thread/INFO]: Percentiles: P50: 34,4ms P95: 41,7ms P99: 42,7ms, sample: 100"
"with-umce","1","2026-09-26T21:30:18.9549611+00:00","1eb50fb702881358824526c667271024104dd5c27a9cd35da157bce789abdbb9","0","2024","500","0","0","0","True","0","34,8","34,4","41,7","42,7","100","112,24148541080186","77,61502106164532","1374519296","[23:30:18] [Server thread/INFO]: The game is running normally [23:30:18] [Server thread/INFO]: Target tick rate: 20,0 per second. Average time per tick: 34,8ms (Target: 50,0ms) [23:30:18] [Server thread/INFO]: Percentiles: P50: 34,4ms P95: 41,7ms P99: 42,7ms, sample: 100"
"with-umce","1","2026-09-26T21:30:19.0802996+00:00","1eb50fb702881358824526c667271024104dd5c27a9cd35da157bce789abdbb9","0","2024","500","0","0","0","True","0","34,7","34,4","41,7","42,7","100","101,50602458557121","77,61502106164532","1374519296","[23:30:19] [Server thread/INFO]: The game is running normally [23:30:19] [Server thread/INFO]: Target tick rate: 20,0 per second. Average time per tick: 34,7ms (Target: 50,0ms) [23:30:19] [Server thread/INFO]: Percentiles: P50: 34,4ms P95: 41,7ms P99: 42,7ms, sample: 100"
"with-umce","1","2026-09-26T21:30:19.2034158+00:00","1eb50fb702881358824526c667271024104dd5c27a9cd35da157bce789abdbb9","0","2024","500","0","0","0","True","0","34,7","34,4","41,7","42,7","100","75,52693632938285","77,61502106164532","1374519296","[23:30:19] [Server thread/INFO]: The game is running normally [23:30:19] [Server thread/INFO]: Target tick rate: 20,0 per second. Average time per tick: 34,7ms (Target: 50,0ms) [23:30:19] [Server thread/INFO]: Percentiles: P50: 34,4ms P95: 41,7ms P99: 42,7ms, sample: 100"
"with-umce","1","2026-09-26T21:30:19.3275236+00:00","1eb50fb702881358824526c667271024104dd5c27a9cd35da157bce789abdbb9","0","2024","500","0","0","0","True","0","34,7","34,4","41,7","42,7","100","90,06779686139976","77,61502106164532","1374519296","[23:30:19] [Server thread/INFO]: The game is running normally [23:30:19] [Server thread/INFO]: Target tick rate: 20,0 per second. Average time per tick: 34,7ms (Target: 50,0ms) [23:30:19] [Server thread/INFO]: Percentiles: P50: 34,4ms P95: 41,7ms P99: 42,7ms, sample: 100"
"with-umce","1","2026-09-26T21:30:19.4489581+00:00","1eb50fb702881358824526c667271024104dd5c27a9cd35da157bce789abdbb9","0","2024","500","0","0","0","True","0","34,7","34,4","41,7","42,7","100","62,58275944108489","77,61502106164532","1374519296","[23:30:19] [Server thread/INFO]: The game is running normally [23:30:19] [Server thread/INFO]: Target tick rate: 20,0 per second. Average time per tick: 34,7ms (Target: 50,0ms) [23:30:19] [Server thread/INFO]: Percentiles: P50: 34,4ms P95: 41,7ms P99: 42,7ms, sample: 100"
"with-umce","1","2026-09-26T21:30:19.5738173+00:00","1eb50fb702881358824526c667271024104dd5c27a9cd35da157bce789abdbb9","0","2024","500","0","0","0","True","0","34,6","34,3","39,3","42","100","88,43271755863442","77,61502106164532","1374519296","[23:30:19] [Server thread/INFO]: The game is running normally [23:30:19] [Server thread/INFO]: Target tick rate: 20,0 per second. Average time per tick: 34,6ms (Target: 50,0ms) [23:30:19] [Server thread/INFO]: Percentiles: P50: 34,3ms P95: 39,3ms P99: 42,0ms, sample: 100"
"with-umce","1","2026-09-26T21:30:19.6975115+00:00","1eb50fb702881358824526c667271024104dd5c27a9cd35da157bce789abdbb9","0","2024","500","0","0","0","True","0","34,5","34,3","39,3","42","100","50,41395910096988","77,61502106164532","1374519296","[23:30:19] [Server thread/INFO]: The game is running normally [23:30:19] [Server thread/INFO]: Target tick rate: 20,0 per second. Average time per tick: 34,5ms (Target: 50,0ms) [23:30:19] [Server thread/INFO]: Percentiles: P50: 34,3ms P95: 39,3ms P99: 42,0ms, sample: 100"
"with-umce","1","2026-09-26T21:30:19.8214474+00:00","1eb50fb702881358824526c667271024104dd5c27a9cd35da157bce789abdbb9","0","2024","500","0","0","0","True","0","34,4","34,3","39","41,9","100","63,52405864459784","77,61502106164532","1374519296","[23:30:19] [Server thread/INFO]: The game is running normally [23:30:19] [Server thread/INFO]: Target tick rate: 20,0 per second. Average time per tick: 34,4ms (Target: 50,0ms) [23:30:19] [Server thread/INFO]: Percentiles: P50: 34,3ms P95: 39,0ms P99: 41,9ms, sample: 100"
"with-umce","1","2026-09-26T21:30:19.9444256+00:00","1eb50fb702881358824526c667271024104dd5c27a9cd35da157bce789abdbb9","0","2024","500","0","0","0","True","0","34,5","34,3","39","41,9","100","66,3581044303148","77,61502106164532","1374519296","[23:30:19] [Server thread/INFO]: The game is running normally [23:30:19] [Server thread/INFO]: Target tick rate: 20,0 per second. Average time per tick: 34,5ms (Target: 50,0ms) [23:30:19] [Server thread/INFO]: Percentiles: P50: 34,3ms P95: 39,0ms P99: 41,9ms, sample: 100"
"with-umce","1","2026-09-26T21:30:20.0857312+00:00","1eb50fb702881358824526c667271024104dd5c27a9cd35da157bce789abdbb9","0","2024","500","0","0","0","True","0","34,5","34,4","39","41,9","100","62,113011095669535","77,61502106164532","1374519296","[23:30:20] [Server thread/INFO]: The game is running normally [23:30:20] [Server thread/INFO]: Target tick rate: 20,0 per second. Average time per tick: 34,5ms (Target: 50,0ms) [23:30:20] [Server thread/INFO]: Percentiles: P50: 34,4ms P95: 39,0ms P99: 41,9ms, sample: 100"
"with-umce","1","2026-09-26T21:30:20.2115146+00:00","1eb50fb702881358824526c667271024104dd5c27a9cd35da157bce789abdbb9","0","2024","500","0","0","0","True","0","34,5","34,4","39","41,9","100","214,43456089219222","77,61502106164532","1374519296","[23:30:20] [Server thread/INFO]: The game is running normally [23:30:20] [Server thread/INFO]: Target tick rate: 20,0 per second. Average time per tick: 34,5ms (Target: 50,0ms) [23:30:20] [Server thread/INFO]: Percentiles: P50: 34,4ms P95: 39,0ms P99: 41,9ms, sample: 100"
"with-umce","1","2026-09-26T21:30:20.3499363+00:00","1eb50fb702881358824526c667271024104dd5c27a9cd35da157bce789abdbb9","0","2024","500","0","0","0","True","0","34,5","34,5","39","41,9","100","62,7318569432623","77,61502106164532","1374519296","[23:30:20] [Server thread/INFO]: The game is running normally [23:30:20] [Server thread/INFO]: Target tick rate: 20,0 per second. Average time per tick: 34,5ms (Target: 50,0ms) [23:30:20] [Server thread/INFO]: Percentiles: P50: 34,5ms P95: 39,0ms P99: 41,9ms, sample: 100"
"with-umce","1","2026-09-26T21:30:20.4744994+00:00","1eb50fb702881358824526c667271024104dd5c27a9cd35da157bce789abdbb9","0","2024","500","0","0","0","True","0","34,6","34,5","39,3","42,1","100","63,11412568860037","77,61502106164532","1374519296","[23:30:20] [Server thread/INFO]: The game is running normally [23:30:20] [Server thread/INFO]: Target tick rate: 20,0 per second. Average time per tick: 34,6ms (Target: 50,0ms) [23:30:20] [Server thread/INFO]: Percentiles: P50: 34,5ms P95: 39,3ms P99: 42,1ms, sample: 100"
"with-umce","1","2026-09-26T21:30:20.5982926+00:00","1eb50fb702881358824526c667271024104dd5c27a9cd35da157bce789abdbb9","0","2024","500","0","0","0","True","0","34,7","34,5","39,3","42,1","100","63,04786069025403","77,61502106164532","1374519296","[23:30:20] [Server thread/INFO]: The game is running normally [23:30:20] [Server thread/INFO]: Target tick rate: 20,0 per second. Average time per tick: 34,7ms (Target: 50,0ms) [23:30:20] [Server thread/INFO]: Percentiles: P50: 34,5ms P95: 39,3ms P99: 42,1ms, sample: 100"
"with-umce","1","2026-09-26T21:30:20.7221649+00:00","1eb50fb702881358824526c667271024104dd5c27a9cd35da157bce789abdbb9","0","2024","500","0","0","0","True","0","34,7","34,6","39,3","42,1","100","62,95011852751917","77,61502106164532","1374519296","[23:30:20] [Server thread/INFO]: The game is running normally [23:30:20] [Server thread/INFO]: Target tick rate: 20,0 per second. Average time per tick: 34,7ms (Target: 50,0ms) [23:30:20] [Server thread/INFO]: Percentiles: P50: 34,6ms P95: 39,3ms P99: 42,1ms, sample: 100"
"with-umce","1","2026-09-26T21:30:20.8462771+00:00","1eb50fb702881358824526c667271024104dd5c27a9cd35da157bce789abdbb9","0","2024","500","0","0","0","True","0","34,6","34,5","39,3","42,1","100","101,69919006765029","77,61502106164532","1374519296","[23:30:20] [Server thread/INFO]: The game is running normally [23:30:20] [Server thread/INFO]: Target tick rate: 20,0 per second. Average time per tick: 34,6ms (Target: 50,0ms) [23:30:20] [Server thread/INFO]: Percentiles: P50: 34,5ms P95: 39,3ms P99: 42,1ms, sample: 100"
"with-umce","1","2026-09-26T21:30:20.9692332+00:00","1eb50fb702881358824526c667271024104dd5c27a9cd35da157bce789abdbb9","0","2024","500","0","0","0","True","0","34,7","34,6","39,3","42,1","100","75,40440892595166","77,61502106164532","1374519296","[23:30:21] [Server thread/INFO]: The game is running normally [23:30:21] [Server thread/INFO]: Target tick rate: 20,0 per second. Average time per tick: 34,7ms (Target: 50,0ms) [23:30:21] [Server thread/INFO]: Percentiles: P50: 34,6ms P95: 39,3ms P99: 42,1ms, sample: 100"
"with-umce","1","2026-09-26T21:30:21.0935358+00:00","1eb50fb702881358824526c667271024104dd5c27a9cd35da157bce789abdbb9","0","2024","500","0","0","0","True","0","34,7","34,6","39,3","42,1","100","75,52523267813683","77,61502106164532","1374519296","[23:30:21] [Server thread/INFO]: The game is running normally [23:30:21] [Server thread/INFO]: Target tick rate: 20,0 per second. Average time per tick: 34,7ms (Target: 50,0ms) [23:30:21] [Server thread/INFO]: Percentiles: P50: 34,6ms P95: 39,3ms P99: 42,1ms, sample: 100"
"with-umce","1","2026-09-26T21:30:21.2176485+00:00","1eb50fb702881358824526c667271024104dd5c27a9cd35da157bce789abdbb9","0","2024","500","0","0","0","True","0","34,7","34,6","39,3","42,1","100","62,57218327062098","77,61502106164532","1374519296","[23:30:21] [Server thread/INFO]: The game is running normally [23:30:21] [Server thread/INFO]: Target tick rate: 20,0 per second. Average time per tick: 34,7ms (Target: 50,0ms) [23:30:21] [Server thread/INFO]: Percentiles: P50: 34,6ms P95: 39,3ms P99: 42,1ms, sample: 100"
"with-umce","1","2026-09-26T21:30:21.3425295+00:00","1eb50fb702881358824526c667271024104dd5c27a9cd35da157bce789abdbb9","0","2024","500","0","0","0","True","0","34,7","34,6","39,3","42,1","100","87,95242728595898","77,61502106164532","1374519296","[23:30:21] [Server thread/INFO]: The game is running normally [23:30:21] [Server thread/INFO]: Target tick rate: 20,0 per second. Average time per tick: 34,7ms (Target: 50,0ms) [23:30:21] [Server thread/INFO]: Percentiles: P50: 34,6ms P95: 39,3ms P99: 42,1ms, sample: 100"
"with-umce","1","2026-09-26T21:30:21.4668863+00:00","1eb50fb702881358824526c667271024104dd5c27a9cd35da157bce789abdbb9","0","2024","500","0","0","0","True","0","34,8","34,7","39,3","42,1","100","90,08315241204589","77,61502106164532","1374519296","[23:30:21] [Server thread/INFO]: The game is running normally [23:30:21] [Server thread/INFO]: Target tick rate: 20,0 per second. Average time per tick: 34,8ms (Target: 50,0ms) [23:30:21] [Server thread/INFO]: Percentiles: P50: 34,7ms P95: 39,3ms P99: 42,1ms, sample: 100"
"with-umce","1","2026-09-26T21:30:21.5882989+00:00","1eb50fb702881358824526c667271024104dd5c27a9cd35da157bce789abdbb9","0","2024","500","0","0","0","True","0","34,9","34,8","39,3","42,1","100","62,88941123436318","77,61502106164532","1374519296","[23:30:21] [Server thread/INFO]: The game is running normally [23:30:21] [Server thread/INFO]: Target tick rate: 20,0 per second. Average time per tick: 34,9ms (Target: 50,0ms) [23:30:21] [Server thread/INFO]: Percentiles: P50: 34,8ms P95: 39,3ms P99: 42,1ms, sample: 100"
"with-umce","1","2026-09-26T21:30:21.7125558+00:00","1eb50fb702881358824526c667271024104dd5c27a9cd35da157bce789abdbb9","0","2024","500","0","0","0","True","0","34,8","34,8","39","42,1","100","76,10207987999006","77,61502106164532","1374519296","[23:30:21] [Server thread/INFO]: The game is running normally [23:30:21] [Server thread/INFO]: Target tick rate: 20,0 per second. Average time per tick: 34,8ms (Target: 50,0ms) [23:30:21] [Server thread/INFO]: Percentiles: P50: 34,8ms P95: 39,0ms P99: 42,1ms, sample: 100"
"with-umce","1","2026-09-26T21:30:21.8356958+00:00","1eb50fb702881358824526c667271024104dd5c27a9cd35da157bce789abdbb9","0","2024","500","0","0","0","True","0","34,9","34,8","39","42,1","100","57,10703960761525","77,61502106164532","1374519296","[23:30:21] [Server thread/INFO]: The game is running normally [23:30:21] [Server thread/INFO]: Target tick rate: 20,0 per second. Average time per tick: 34,9ms (Target: 50,0ms) [23:30:21] [Server thread/INFO]: Percentiles: P50: 34,8ms P95: 39,0ms P99: 42,1ms, sample: 100"
"with-umce","1","2026-09-26T21:30:21.9725021+00:00","1eb50fb702881358824526c667271024104dd5c27a9cd35da157bce789abdbb9","0","2024","500","0","0","0","True","0","35","34,8","39","42,1","100","62,999967744016516","77,61502106164532","1374519296","[23:30:22] [Server thread/INFO]: The game is running normally [23:30:22] [Server thread/INFO]: Target tick rate: 20,0 per second. Average time per tick: 35,0ms (Target: 50,0ms) [23:30:22] [Server thread/INFO]: Percentiles: P50: 34,8ms P95: 39,0ms P99: 42,1ms, sample: 100"
"with-umce","1","2026-09-26T21:30:22.0965240+00:00","1eb50fb702881358824526c667271024104dd5c27a9cd35da157bce789abdbb9","0","2024","500","0","0","0","True","0","35","34,8","39","42,1","100","90,04896193614942","77,61502106164532","1374519296","[23:30:22] [Server thread/INFO]: The game is running normally [23:30:22] [Server thread/INFO]: Target tick rate: 20,0 per second. Average time per tick: 35,0ms (Target: 50,0ms) [23:30:22] [Server thread/INFO]: Percentiles: P50: 34,8ms P95: 39,0ms P99: 42,1ms, sample: 100"
"with-umce","1","2026-09-26T21:30:22.2179709+00:00","1eb50fb702881358824526c667271024104dd5c27a9cd35da157bce789abdbb9","0","2024","500","0","0","0","True","0","35","34,9","39,3","44","100","63,037381066112395","77,61502106164532","1374519296","[23:30:22] [Server thread/INFO]: The game is running normally [23:30:22] [Server thread/INFO]: Target tick rate: 20,0 per second. Average time per tick: 35,0ms (Target: 50,0ms) [23:30:22] [Server thread/INFO]: Percentiles: P50: 34,9ms P95: 39,3ms P99: 44,0ms, sample: 100"
"with-umce","1","2026-09-26T21:30:22.3419422+00:00","1eb50fb702881358824526c667271024104dd5c27a9cd35da157bce789abdbb9","0","2024","500","0","0","0","True","0","35","34,8","39,3","44","100","77,05559674319896","77,61502106164532","1374519296","[23:30:22] [Server thread/INFO]: The game is running normally [23:30:22] [Server thread/INFO]: Target tick rate: 20,0 per second. Average time per tick: 35,0ms (Target: 50,0ms) [23:30:22] [Server thread/INFO]: Percentiles: P50: 34,8ms P95: 39,3ms P99: 44,0ms, sample: 100"
"with-umce","1","2026-09-26T21:30:22.4635826+00:00","1eb50fb702881358824526c667271024104dd5c27a9cd35da157bce789abdbb9","0","2024","500","0","0","0","True","0","35","34,7","40,9","44,2","100","63,09124063423152","77,61502106164532","1374519296","[23:30:22] [Server thread/INFO]: The game is running normally [23:30:22] [Server thread/INFO]: Target tick rate: 20,0 per second. Average time per tick: 35,0ms (Target: 50,0ms) [23:30:22] [Server thread/INFO]: Percentiles: P50: 34,7ms P95: 40,9ms P99: 44,2ms, sample: 100"
"with-umce","1","2026-09-26T21:30:22.5873922+00:00","1eb50fb702881358824526c667271024104dd5c27a9cd35da157bce789abdbb9","0","2024","500","0","0","0","True","0","35","34,7","40,9","44,2","100","61,67917355828633","77,61502106164532","1374519296","[23:30:22] [Server thread/INFO]: The game is running normally [23:30:22] [Server thread/INFO]: Target tick rate: 20,0 per second. Average time per tick: 35,0ms (Target: 50,0ms) [23:30:22] [Server thread/INFO]: Percentiles: P50: 34,7ms P95: 40,9ms P99: 44,2ms, sample: 100"
"with-umce","1","2026-09-26T21:30:22.7141061+00:00","1eb50fb702881358824526c667271024104dd5c27a9cd35da157bce789abdbb9","0","2024","500","0","0","0","True","0","34,9","34,6","40,9","44,2","100","76,323075783319","77,61502106164532","1374519296","[23:30:22] [Server thread/INFO]: The game is running normally [23:30:22] [Server thread/INFO]: Target tick rate: 20,0 per second. Average time per tick: 34,9ms (Target: 50,0ms) [23:30:22] [Server thread/INFO]: Percentiles: P50: 34,6ms P95: 40,9ms P99: 44,2ms, sample: 100"
"with-umce","1","2026-09-26T21:30:22.8369048+00:00","1eb50fb702881358824526c667271024104dd5c27a9cd35da157bce789abdbb9","0","2024","500","0","0","0","True","0","35,1","34,7","40,9","44,2","100","90,85338952191492","77,61502106164532","1374519296","[23:30:22] [Server thread/INFO]: The game is running normally [23:30:22] [Server thread/INFO]: Target tick rate: 20,0 per second. Average time per tick: 35,1ms (Target: 50,0ms) [23:30:22] [Server thread/INFO]: Percentiles: P50: 34,7ms P95: 40,9ms P99: 44,2ms, sample: 100"
"with-umce","1","2026-09-26T21:30:22.9745236+00:00","1eb50fb702881358824526c667271024104dd5c27a9cd35da157bce789abdbb9","0","2024","500","0","0","0","True","0","35,3","34,8","41,8","47,6","100","63,67160853431828","77,61502106164532","1374519296","[23:30:23] [Server thread/INFO]: The game is running normally [23:30:23] [Server thread/INFO]: Target tick rate: 20,0 per second. Average time per tick: 35,3ms (Target: 50,0ms) [23:30:23] [Server thread/INFO]: Percentiles: P50: 34,8ms P95: 41,8ms P99: 47,6ms, sample: 100"
"with-umce","1","2026-09-26T21:30:23.0972153+00:00","1eb50fb702881358824526c667271024104dd5c27a9cd35da157bce789abdbb9","0","2024","500","0","0","0","True","0","35,4","34,8","42,1","47,6","100","75,9550281418443","77,61502106164532","1374519296","[23:30:23] [Server thread/INFO]: The game is running normally [23:30:23] [Server thread/INFO]: Target tick rate: 20,0 per second. Average time per tick: 35,4ms (Target: 50,0ms) [23:30:23] [Server thread/INFO]: Percentiles: P50: 34,8ms P95: 42,1ms P99: 47,6ms, sample: 100"
"with-umce","1","2026-09-26T21:30:23.2206087+00:00","1eb50fb702881358824526c667271024104dd5c27a9cd35da157bce789abdbb9","0","2024","500","0","0","0","True","0","35,4","34,8","42,1","47,6","100","88,78114747045768","77,61502106164532","1374519296","[23:30:23] [Server thread/INFO]: The game is running normally [23:30:23] [Server thread/INFO]: Target tick rate: 20,0 per second. Average time per tick: 35,4ms (Target: 50,0ms) [23:30:23] [Server thread/INFO]: Percentiles: P50: 34,8ms P95: 42,1ms P99: 47,6ms, sample: 100"
"with-umce","1","2026-09-26T21:30:23.3437927+00:00","1eb50fb702881358824526c667271024104dd5c27a9cd35da157bce789abdbb9","0","2024","500","0","0","0","True","0","35,4","34,8","42,1","47,6","100","115,39351547934773","77,61502106164532","1374519296","[23:30:23] [Server thread/INFO]: The game is running normally [23:30:23] [Server thread/INFO]: Target tick rate: 20,0 per second. Average time per tick: 35,4ms (Target: 50,0ms) [23:30:23] [Server thread/INFO]: Percentiles: P50: 34,8ms P95: 42,1ms P99: 47,6ms, sample: 100"
"with-umce","1","2026-09-26T21:30:23.4656624+00:00","1eb50fb702881358824526c667271024104dd5c27a9cd35da157bce789abdbb9","0","2024","500","0","0","0","True","0","35,5","34,8","42,1","47,6","100","88,40448395625322","77,61502106164532","1374519296","[23:30:23] [Server thread/INFO]: The game is running normally [23:30:23] [Server thread/INFO]: Target tick rate: 20,0 per second. Average time per tick: 35,5ms (Target: 50,0ms) [23:30:23] [Server thread/INFO]: Percentiles: P50: 34,8ms P95: 42,1ms P99: 47,6ms, sample: 100"
"with-umce","1","2026-09-26T21:30:23.5893928+00:00","1eb50fb702881358824526c667271024104dd5c27a9cd35da157bce789abdbb9","0","2024","500","0","0","0","True","0","35,4","34,8","42,1","47,6","100","76,73934325856125","77,61502106164532","1374519296","[23:30:23] [Server thread/INFO]: The game is running normally [23:30:23] [Server thread/INFO]: Target tick rate: 20,0 per second. Average time per tick: 35,4ms (Target: 50,0ms) [23:30:23] [Server thread/INFO]: Percentiles: P50: 34,8ms P95: 42,1ms P99: 47,6ms, sample: 100"
"with-umce","1","2026-09-26T21:30:23.7115650+00:00","1eb50fb702881358824526c667271024104dd5c27a9cd35da157bce789abdbb9","0","2024","500","0","0","0","True","0","35,4","34,8","42,1","47,6","100","67,51151476395815","77,61502106164532","1374519296","[23:30:23] [Server thread/INFO]: The game is running normally [23:30:23] [Server thread/INFO]: Target tick rate: 20,0 per second. Average time per tick: 35,4ms (Target: 50,0ms) [23:30:23] [Server thread/INFO]: Percentiles: P50: 34,8ms P95: 42,1ms P99: 47,6ms, sample: 100"
"with-umce","1","2026-09-26T21:30:23.8504171+00:00","1eb50fb702881358824526c667271024104dd5c27a9cd35da157bce789abdbb9","0","2024","500","0","0","0","True","0","35,3","34,8","42,1","47,6","100","113,14732034558995","77,61502106164532","1374519296","[23:30:23] [Server thread/INFO]: The game is running normally [23:30:23] [Server thread/INFO]: Target tick rate: 20,0 per second. Average time per tick: 35,3ms (Target: 50,0ms) [23:30:23] [Server thread/INFO]: Percentiles: P50: 34,8ms P95: 42,1ms P99: 47,6ms, sample: 100"
"with-umce","1","2026-09-26T21:30:23.9885152+00:00","1eb50fb702881358824526c667271024104dd5c27a9cd35da157bce789abdbb9","0","2024","500","0","0","0","True","0","35,5","34,8","42,8","51,4","100","51,566125098594426","77,61502106164532","1374519296","[23:30:24] [Server thread/INFO]: The game is running normally [23:30:24] [Server thread/INFO]: Target tick rate: 20,0 per second. Average time per tick: 35,5ms (Target: 50,0ms) [23:30:24] [Server thread/INFO]: Percentiles: P50: 34,8ms P95: 42,8ms P99: 51,4ms, sample: 100"
"with-umce","1","2026-09-26T21:30:24.1097417+00:00","1eb50fb702881358824526c667271024104dd5c27a9cd35da157bce789abdbb9","0","2024","500","0","0","0","True","0","35,6","34,8","42,8","51,4","100","88,71597666252727","77,61502106164532","1374519296","[23:30:24] [Server thread/INFO]: The game is running normally [23:30:24] [Server thread/INFO]: Target tick rate: 20,0 per second. Average time per tick: 35,6ms (Target: 50,0ms) [23:30:24] [Server thread/INFO]: Percentiles: P50: 34,8ms P95: 42,8ms P99: 51,4ms, sample: 100"
"with-umce","1","2026-09-26T21:30:24.2330073+00:00","1eb50fb702881358824526c667271024104dd5c27a9cd35da157bce789abdbb9","0","2024","500","0","0","0","True","0","35,6","34,8","42,8","51,4","100","62,903032308607706","77,61502106164532","1374519296","[23:30:24] [Server thread/INFO]: The game is running normally [23:30:24] [Server thread/INFO]: Target tick rate: 20,0 per second. Average time per tick: 35,6ms (Target: 50,0ms) [23:30:24] [Server thread/INFO]: Percentiles: P50: 34,8ms P95: 42,8ms P99: 51,4ms, sample: 100"
"with-umce","1","2026-09-26T21:30:24.3572007+00:00","1eb50fb702881358824526c667271024104dd5c27a9cd35da157bce789abdbb9","0","2024","500","0","0","0","True","0","35,7","34,9","42,8","51,4","100","50,76587428582569","77,61502106164532","1374519296","[23:30:24] [Server thread/INFO]: The game is running normally [23:30:24] [Server thread/INFO]: Target tick rate: 20,0 per second. Average time per tick: 35,7ms (Target: 50,0ms) [23:30:24] [Server thread/INFO]: Percentiles: P50: 34,9ms P95: 42,8ms P99: 51,4ms, sample: 100"
"with-umce","1","2026-09-26T21:30:24.4803611+00:00","1eb50fb702881358824526c667271024104dd5c27a9cd35da157bce789abdbb9","0","2024","500","0","0","0","True","0","35,6","34,8","42,8","51,4","100","88,80183489962855","77,61502106164532","1374519296","[23:30:24] [Server thread/INFO]: The game is running normally [23:30:24] [Server thread/INFO]: Target tick rate: 20,0 per second. Average time per tick: 35,6ms (Target: 50,0ms) [23:30:24] [Server thread/INFO]: Percentiles: P50: 34,8ms P95: 42,8ms P99: 51,4ms, sample: 100"
"with-umce","1","2026-09-26T21:30:24.6034912+00:00","1eb50fb702881358824526c667271024104dd5c27a9cd35da157bce789abdbb9","0","2024","500","0","0","0","True","0","35,6","34,8","42,8","51,4","100","75,16994420986968","77,61502106164532","1374519296","[23:30:24] [Server thread/INFO]: The game is running normally [23:30:24] [Server thread/INFO]: Target tick rate: 20,0 per second. Average time per tick: 35,6ms (Target: 50,0ms) [23:30:24] [Server thread/INFO]: Percentiles: P50: 34,8ms P95: 42,8ms P99: 51,4ms, sample: 100"
"with-umce","1","2026-09-26T21:30:24.7282472+00:00","1eb50fb702881358824526c667271024104dd5c27a9cd35da157bce789abdbb9","0","2024","500","0","0","0","True","0","35,7","34,9","42,8","51,4","100","75,39064416178873","77,61502106164532","1374519296","[23:30:24] [Server thread/INFO]: The game is running normally [23:30:24] [Server thread/INFO]: Target tick rate: 20,0 per second. Average time per tick: 35,7ms (Target: 50,0ms) [23:30:24] [Server thread/INFO]: Percentiles: P50: 34,9ms P95: 42,8ms P99: 51,4ms, sample: 100"
"with-umce","1","2026-09-26T21:30:24.8525948+00:00","1eb50fb702881358824526c667271024104dd5c27a9cd35da157bce789abdbb9","0","2024","500","0","0","0","True","0","35,8","35","42,8","51,4","100","57,18629519913274","77,61502106164532","1374519296","[23:30:24] [Server thread/INFO]: The game is running normally [23:30:24] [Server thread/INFO]: Target tick rate: 20,0 per second. Average time per tick: 35,8ms (Target: 50,0ms) [23:30:24] [Server thread/INFO]: Percentiles: P50: 35,0ms P95: 42,8ms P99: 51,4ms, sample: 100"
"with-umce","1","2026-09-26T21:30:24.9891808+00:00","1eb50fb702881358824526c667271024104dd5c27a9cd35da157bce789abdbb9","0","2024","500","0","0","0","True","0","35,9","35,1","42,8","51,4","100","63,04150127938944","77,61502106164532","1374519296","[23:30:25] [Server thread/INFO]: The game is running normally [23:30:25] [Server thread/INFO]: Target tick rate: 20,0 per second. Average time per tick: 35,9ms (Target: 50,0ms) [23:30:25] [Server thread/INFO]: Percentiles: P50: 35,1ms P95: 42,8ms P99: 51,4ms, sample: 100"
"with-umce","1","2026-09-26T21:30:25.1131139+00:00","1eb50fb702881358824526c667271024104dd5c27a9cd35da157bce789abdbb9","0","2024","500","0","0","0","True","0","35,9","35,1","42,8","51,4","100","62,63162662651829","77,61502106164532","1374519296","[23:30:25] [Server thread/INFO]: The game is running normally [23:30:25] [Server thread/INFO]: Target tick rate: 20,0 per second. Average time per tick: 35,9ms (Target: 50,0ms) [23:30:25] [Server thread/INFO]: Percentiles: P50: 35,1ms P95: 42,8ms P99: 51,4ms, sample: 100"
"with-umce","1","2026-09-26T21:30:25.2378497+00:00","1eb50fb702881358824526c667271024104dd5c27a9cd35da157bce789abdbb9","0","2024","500","0","0","0","True","0","35,9","35,3","42,8","51,4","100","63,57968477497471","77,61502106164532","1374519296","[23:30:25] [Server thread/INFO]: The game is running normally [23:30:25] [Server thread/INFO]: Target tick rate: 20,0 per second. Average time per tick: 35,9ms (Target: 50,0ms) [23:30:25] [Server thread/INFO]: Percentiles: P50: 35,3ms P95: 42,8ms P99: 51,4ms, sample: 100"
"with-umce","1","2026-09-26T21:30:25.3607297+00:00","1eb50fb702881358824526c667271024104dd5c27a9cd35da157bce789abdbb9","0","2024","500","0","0","0","True","0","35,9","35,3","42,8","51,4","100","86,82223093641794","77,61502106164532","1374519296","[23:30:25] [Server thread/INFO]: The game is running normally [23:30:25] [Server thread/INFO]: Target tick rate: 20,0 per second. Average time per tick: 35,9ms (Target: 50,0ms) [23:30:25] [Server thread/INFO]: Percentiles: P50: 35,3ms P95: 42,8ms P99: 51,4ms, sample: 100"
"with-umce","1","2026-09-26T21:30:25.4867076+00:00","1eb50fb702881358824526c667271024104dd5c27a9cd35da157bce789abdbb9","0","2024","500","0","0","0","True","0","35,8","35,1","42,8","51,4","100","99,97544603045493","77,61502106164532","1374519296","[23:30:25] [Server thread/INFO]: The game is running normally [23:30:25] [Server thread/INFO]: Target tick rate: 20,0 per second. Average time per tick: 35,8ms (Target: 50,0ms) [23:30:25] [Server thread/INFO]: Percentiles: P50: 35,1ms P95: 42,8ms P99: 51,4ms, sample: 100"
"with-umce","1","2026-09-26T21:30:25.6117139+00:00","1eb50fb702881358824526c667271024104dd5c27a9cd35da157bce789abdbb9","0","2024","500","0","0","0","True","0","35,7","35,1","42,8","51,4","100","62,76622923793562","77,61502106164532","1374519296","[23:30:25] [Server thread/INFO]: The game is running normally [23:30:25] [Server thread/INFO]: Target tick rate: 20,0 per second. Average time per tick: 35,7ms (Target: 50,0ms) [23:30:25] [Server thread/INFO]: Percentiles: P50: 35,1ms P95: 42,8ms P99: 51,4ms, sample: 100"
"with-umce","1","2026-09-26T21:30:25.7361958+00:00","1eb50fb702881358824526c667271024104dd5c27a9cd35da157bce789abdbb9","0","2024","500","0","0","0","True","0","35,8","35,1","42,8","51,4","100","75,73064930448972","77,61502106164532","1374519296","[23:30:25] [Server thread/INFO]: The game is running normally [23:30:25] [Server thread/INFO]: Target tick rate: 20,0 per second. Average time per tick: 35,8ms (Target: 50,0ms) [23:30:25] [Server thread/INFO]: Percentiles: P50: 35,1ms P95: 42,8ms P99: 51,4ms, sample: 100"
"with-umce","1","2026-09-26T21:30:25.8599828+00:00","1eb50fb702881358824526c667271024104dd5c27a9cd35da157bce789abdbb9","0","2024","500","0","0","0","True","0","35,8","35,1","42,8","51,4","100","226,02525053643325","77,61502106164532","1374519296","[23:30:25] [Server thread/INFO]: The game is running normally [23:30:25] [Server thread/INFO]: Target tick rate: 20,0 per second. Average time per tick: 35,8ms (Target: 50,0ms) [23:30:25] [Server thread/INFO]: Percentiles: P50: 35,1ms P95: 42,8ms P99: 51,4ms, sample: 100"
"with-umce","1","2026-09-26T21:30:25.9850649+00:00","1eb50fb702881358824526c667271024104dd5c27a9cd35da157bce789abdbb9","0","2024","500","0","0","0","True","0","35,9","35,1","42,8","51,4","100","75,01602342260307","77,61502106164532","1374519296","[23:30:26] [Server thread/INFO]: The game is running normally [23:30:26] [Server thread/INFO]: Target tick rate: 20,0 per second. Average time per tick: 35,9ms (Target: 50,0ms) [23:30:26] [Server thread/INFO]: Percentiles: P50: 35,1ms P95: 42,8ms P99: 51,4ms, sample: 100"
"with-umce","1","2026-09-26T21:30:26.1094126+00:00","1eb50fb702881358824526c667271024104dd5c27a9cd35da157bce789abdbb9","0","2024","500","0","0","0","True","0","36,1","35,2","44","51,4","100","75,01704387236781","77,61502106164532","1374519296","[23:30:26] [Server thread/INFO]: The game is running normally [23:30:26] [Server thread/INFO]: Target tick rate: 20,0 per second. Average time per tick: 36,1ms (Target: 50,0ms) [23:30:26] [Server thread/INFO]: Percentiles: P50: 35,2ms P95: 44,0ms P99: 51,4ms, sample: 100"
"with-umce","1","2026-09-26T21:30:26.2343795+00:00","1eb50fb702881358824526c667271024104dd5c27a9cd35da157bce789abdbb9","0","2024","500","0","0","0","True","0","36,1","35,4","44","51,4","100","87,1072508274691","77,61502106164532","1374519296","[23:30:26] [Server thread/INFO]: The game is running normally [23:30:26] [Server thread/INFO]: Target tick rate: 20,0 per second. Average time per tick: 36,1ms (Target: 50,0ms) [23:30:26] [Server thread/INFO]: Percentiles: P50: 35,4ms P95: 44,0ms P99: 51,4ms, sample: 100"
"with-umce","1","2026-09-26T21:30:26.3599478+00:00","1eb50fb702881358824526c667271024104dd5c27a9cd35da157bce789abdbb9","0","2024","500","0","0","0","True","0","36,2","35,4","44","51,4","100","88,50699721147326","77,61502106164532","1374519296","[23:30:26] [Server thread/INFO]: The game is running normally [23:30:26] [Server thread/INFO]: Target tick rate: 20,0 per second. Average time per tick: 36,2ms (Target: 50,0ms) [23:30:26] [Server thread/INFO]: Percentiles: P50: 35,4ms P95: 44,0ms P99: 51,4ms, sample: 100"
"with-umce","1","2026-09-26T21:30:26.4835023+00:00","1eb50fb702881358824526c667271024104dd5c27a9cd35da157bce789abdbb9","0","2024","500","0","0","0","True","0","36","35,1","44","51,4","100","64,28496196798794","77,61502106164532","1374519296","[23:30:26] [Server thread/INFO]: The game is running normally [23:30:26] [Server thread/INFO]: Target tick rate: 20,0 per second. Average time per tick: 36,0ms (Target: 50,0ms) [23:30:26] [Server thread/INFO]: Percentiles: P50: 35,1ms P95: 44,0ms P99: 51,4ms, sample: 100"
"with-umce","1","2026-09-26T21:30:26.6050461+00:00","1eb50fb702881358824526c667271024104dd5c27a9cd35da157bce789abdbb9","0","2024","500","0","0","0","True","0","36","35","44","51,4","100","50,51337755880565","77,61502106164532","1374519296","[23:30:26] [Server thread/INFO]: The game is running normally [23:30:26] [Server thread/INFO]: Target tick rate: 20,0 per second. Average time per tick: 36,0ms (Target: 50,0ms) [23:30:26] [Server thread/INFO]: Percentiles: P50: 35,0ms P95: 44,0ms P99: 51,4ms, sample: 100"
"with-umce","1","2026-09-26T21:30:26.7287553+00:00","1eb50fb702881358824526c667271024104dd5c27a9cd35da157bce789abdbb9","0","2024","500","0","0","0","True","0","36","35","44","51,4","100","74,96461670091716","77,61502106164532","1374519296","[23:30:26] [Server thread/INFO]: The game is running normally [23:30:26] [Server thread/INFO]: Target tick rate: 20,0 per second. Average time per tick: 36,0ms (Target: 50,0ms) [23:30:26] [Server thread/INFO]: Percentiles: P50: 35,0ms P95: 44,0ms P99: 51,4ms, sample: 100"
"with-umce","1","2026-09-26T21:30:26.8538405+00:00","1eb50fb702881358824526c667271024104dd5c27a9cd35da157bce789abdbb9","0","2024","500","0","0","0","True","0","35,9","34,9","44","51,4","100","57,34790967328025","77,61502106164532","1374519296","[23:30:26] [Server thread/INFO]: The game is running normally [23:30:26] [Server thread/INFO]: Target tick rate: 20,0 per second. Average time per tick: 35,9ms (Target: 50,0ms) [23:30:26] [Server thread/INFO]: Percentiles: P50: 34,9ms P95: 44,0ms P99: 51,4ms, sample: 100"
"with-umce","1","2026-09-26T21:30:26.9900651+00:00","1eb50fb702881358824526c667271024104dd5c27a9cd35da157bce789abdbb9","0","2024","500","0","0","0","True","0","35,9","34,8","44","51,4","100","62,513502916629996","77,61502106164532","1374519296","[23:30:27] [Server thread/INFO]: The game is running normally [23:30:27] [Server thread/INFO]: Target tick rate: 20,0 per second. Average time per tick: 35,9ms (Target: 50,0ms) [23:30:27] [Server thread/INFO]: Percentiles: P50: 34,8ms P95: 44,0ms P99: 51,4ms, sample: 100"
"with-umce","1","2026-09-26T21:30:27.1150556+00:00","1eb50fb702881358824526c667271024104dd5c27a9cd35da157bce789abdbb9","0","2024","500","0","0","0","True","0","35,8","34,7","44","51,4","100","50,90554862335107","77,61502106164532","1374519296","[23:30:27] [Server thread/INFO]: The game is running normally [23:30:27] [Server thread/INFO]: Target tick rate: 20,0 per second. Average time per tick: 35,8ms (Target: 50,0ms) [23:30:27] [Server thread/INFO]: Percentiles: P50: 34,7ms P95: 44,0ms P99: 51,4ms, sample: 100"
"with-umce","1","2026-09-26T21:30:27.2378004+00:00","1eb50fb702881358824526c667271024104dd5c27a9cd35da157bce789abdbb9","0","2024","500","0","0","0","True","0","35,8","34,8","42,8","51,4","100","88,35427986112121","77,61502106164532","1374519296","[23:30:27] [Server thread/INFO]: The game is running normally [23:30:27] [Server thread/INFO]: Target tick rate: 20,0 per second. Average time per tick: 35,8ms (Target: 50,0ms) [23:30:27] [Server thread/INFO]: Percentiles: P50: 34,8ms P95: 42,8ms P99: 51,4ms, sample: 100"
"with-umce","1","2026-09-26T21:30:27.3615905+00:00","1eb50fb702881358824526c667271024104dd5c27a9cd35da157bce789abdbb9","0","2024","500","0","0","0","True","0","35,9","34,9","42,8","51,4","100","102,51825850183917","77,61502106164532","1374519296","[23:30:27] [Server thread/INFO]: The game is running normally [23:30:27] [Server thread/INFO]: Target tick rate: 20,0 per second. Average time per tick: 35,9ms (Target: 50,0ms) [23:30:27] [Server thread/INFO]: Percentiles: P50: 34,9ms P95: 42,8ms P99: 51,4ms, sample: 100"
"with-umce","1","2026-09-26T21:30:27.4835145+00:00","1eb50fb702881358824526c667271024104dd5c27a9cd35da157bce789abdbb9","0","2024","500","0","0","0","True","0","35,8","34,9","42,1","51,4","100","74,83351040604863","77,61502106164532","1374519296","[23:30:27] [Server thread/INFO]: The game is running normally [23:30:27] [Server thread/INFO]: Target tick rate: 20,0 per second. Average time per tick: 35,8ms (Target: 50,0ms) [23:30:27] [Server thread/INFO]: Percentiles: P50: 34,9ms P95: 42,1ms P99: 51,4ms, sample: 100"
"with-umce","1","2026-09-26T21:30:27.6088479+00:00","1eb50fb702881358824526c667271024104dd5c27a9cd35da157bce789abdbb9","0","2024","500","0","0","0","True","0","36","35","42,8","51,4","100","64,93236644710869","77,61502106164532","1374519296","[23:30:27] [Server thread/INFO]: The game is running normally [23:30:27] [Server thread/INFO]: Target tick rate: 20,0 per second. Average time per tick: 36,0ms (Target: 50,0ms) [23:30:27] [Server thread/INFO]: Percentiles: P50: 35,0ms P95: 42,8ms P99: 51,4ms, sample: 100"
"with-umce","1","2026-09-26T21:30:27.7291421+00:00","1eb50fb702881358824526c667271024104dd5c27a9cd35da157bce789abdbb9","0","2024","500","0","0","0","True","0","35,9","35","42,8","51,4","100","225,7870031782782","77,61502106164532","1374519296","[23:30:27] [Server thread/INFO]: The game is running normally [23:30:27] [Server thread/INFO]: Target tick rate: 20,0 per second. Average time per tick: 35,9ms (Target: 50,0ms) [23:30:27] [Server thread/INFO]: Percentiles: P50: 35,0ms P95: 42,8ms P99: 51,4ms, sample: 100"
"with-umce","1","2026-09-26T21:30:27.8536863+00:00","1eb50fb702881358824526c667271024104dd5c27a9cd35da157bce789abdbb9","0","2024","500","0","0","0","True","0","35,9","35","42,8","51,4","100","50,90355852524654","77,61502106164532","1374519296","[23:30:27] [Server thread/INFO]: The game is running normally [23:30:27] [Server thread/INFO]: Target tick rate: 20,0 per second. Average time per tick: 35,9ms (Target: 50,0ms) [23:30:27] [Server thread/INFO]: Percentiles: P50: 35,0ms P95: 42,8ms P99: 51,4ms, sample: 100"
"with-umce","1","2026-09-26T21:30:27.9764882+00:00","1eb50fb702881358824526c667271024104dd5c27a9cd35da157bce789abdbb9","0","2024","500","0","0","0","True","0","35,7","34,9","42,1","51,4","100","73,49448027055377","77,61502106164532","1374519296","[23:30:28] [Server thread/INFO]: The game is running normally [23:30:28] [Server thread/INFO]: Target tick rate: 20,0 per second. Average time per tick: 35,7ms (Target: 50,0ms) [23:30:28] [Server thread/INFO]: Percentiles: P50: 34,9ms P95: 42,1ms P99: 51,4ms, sample: 100"
"with-umce","1","2026-09-26T21:30:28.1040301+00:00","1eb50fb702881358824526c667271024104dd5c27a9cd35da157bce789abdbb9","0","2024","500","0","0","0","True","0","35,6","34,9","40,7","51,4","100","51,02149106838186","77,61502106164532","1374519296","[23:30:28] [Server thread/INFO]: The game is running normally [23:30:28] [Server thread/INFO]: Target tick rate: 20,0 per second. Average time per tick: 35,6ms (Target: 50,0ms) [23:30:28] [Server thread/INFO]: Percentiles: P50: 34,9ms P95: 40,7ms P99: 51,4ms, sample: 100"
"with-umce","1","2026-09-26T21:30:28.2265291+00:00","1eb50fb702881358824526c667271024104dd5c27a9cd35da157bce789abdbb9","0","2024","500","0","0","0","True","0","35,5","34,9","40,7","51,4","100","68,47974241390544","77,61502106164532","1374519296","[23:30:28] [Server thread/INFO]: The game is running normally [23:30:28] [Server thread/INFO]: Target tick rate: 20,0 per second. Average time per tick: 35,5ms (Target: 50,0ms) [23:30:28] [Server thread/INFO]: Percentiles: P50: 34,9ms P95: 40,7ms P99: 51,4ms, sample: 100"
"with-umce","1","2026-09-26T21:30:28.3634148+00:00","1eb50fb702881358824526c667271024104dd5c27a9cd35da157bce789abdbb9","0","2024","500","0","0","0","True","0","35,5","34,8","40,7","51,4","100","62,89938594097079","77,61502106164532","1374519296","[23:30:28] [Server thread/INFO]: The game is running normally [23:30:28] [Server thread/INFO]: Target tick rate: 20,0 per second. Average time per tick: 35,5ms (Target: 50,0ms) [23:30:28] [Server thread/INFO]: Percentiles: P50: 34,8ms P95: 40,7ms P99: 51,4ms, sample: 100"
"with-umce","1","2026-09-26T21:30:28.4876318+00:00","1eb50fb702881358824526c667271024104dd5c27a9cd35da157bce789abdbb9","0","2024","500","0","0","0","True","0","35,5","34,8","40,7","51,4","100","62,97132779427458","77,61502106164532","1374519296","[23:30:28] [Server thread/INFO]: The game is running normally [23:30:28] [Server thread/INFO]: Target tick rate: 20,0 per second. Average time per tick: 35,5ms (Target: 50,0ms) [23:30:28] [Server thread/INFO]: Percentiles: P50: 34,8ms P95: 40,7ms P99: 51,4ms, sample: 100"
"with-umce","1","2026-09-26T21:30:28.6116849+00:00","1eb50fb702881358824526c667271024104dd5c27a9cd35da157bce789abdbb9","0","2024","500","0","0","0","True","0","35,4","34,5","40,7","51,4","100","87,50287009413908","77,61502106164532","1374519296","[23:30:28] [Server thread/INFO]: The game is running normally [23:30:28] [Server thread/INFO]: Target tick rate: 20,0 per second. Average time per tick: 35,4ms (Target: 50,0ms) [23:30:28] [Server thread/INFO]: Percentiles: P50: 34,5ms P95: 40,7ms P99: 51,4ms, sample: 100"
"with-umce","1","2026-09-26T21:30:28.7367128+00:00","1eb50fb702881358824526c667271024104dd5c27a9cd35da157bce789abdbb9","0","2024","500","0","0","0","True","0","35,4","34,5","40,7","51,4","100","89,11853518868278","77,61502106164532","1374519296","[23:30:28] [Server thread/INFO]: The game is running normally [23:30:28] [Server thread/INFO]: Target tick rate: 20,0 per second. Average time per tick: 35,4ms (Target: 50,0ms) [23:30:28] [Server thread/INFO]: Percentiles: P50: 34,5ms P95: 40,7ms P99: 51,4ms, sample: 100"
"with-umce","1","2026-09-26T21:30:28.8594308+00:00","1eb50fb702881358824526c667271024104dd5c27a9cd35da157bce789abdbb9","0","2024","500","0","0","0","True","0","35,5","34,5","40,7","51,4","100","114,1375543193303","77,61502106164532","1374519296","[23:30:28] [Server thread/INFO]: The game is running normally [23:30:28] [Server thread/INFO]: Target tick rate: 20,0 per second. Average time per tick: 35,5ms (Target: 50,0ms) [23:30:28] [Server thread/INFO]: Percentiles: P50: 34,5ms P95: 40,7ms P99: 51,4ms, sample: 100"
"with-umce","1","2026-09-26T21:30:28.9826234+00:00","1eb50fb702881358824526c667271024104dd5c27a9cd35da157bce789abdbb9","0","2024","500","0","0","0","True","0","35,4","34,8","40,6","47,9","100","49,641154025778455","77,61502106164532","1374519296","[23:30:28] [Server thread/INFO]: The game is running normally [23:30:29] [Server thread/INFO]: Target tick rate: 20,0 per second. Average time per tick: 35,4ms (Target: 50,0ms) [23:30:29] [Server thread/INFO]: Percentiles: P50: 34,8ms P95: 40,6ms P99: 47,9ms, sample: 100"
"with-umce","1","2026-09-26T21:30:29.1085467+00:00","1eb50fb702881358824526c667271024104dd5c27a9cd35da157bce789abdbb9","0","2024","500","0","0","0","True","0","35,3","34,7","40,4","47,9","100","50,62926095860227","77,61502106164532","1374519296","[23:30:29] [Server thread/INFO]: The game is running normally [23:30:29] [Server thread/INFO]: Target tick rate: 20,0 per second. Average time per tick: 35,3ms (Target: 50,0ms) [23:30:29] [Server thread/INFO]: Percentiles: P50: 34,7ms P95: 40,4ms P99: 47,9ms, sample: 100"
"with-umce","1","2026-09-26T21:30:29.2319799+00:00","1eb50fb702881358824526c667271024104dd5c27a9cd35da157bce789abdbb9","0","2024","500","0","0","0","True","0","35,3","34,7","40,4","47,9","100","88,73699369206743","77,61502106164532","1374519296","[23:30:29] [Server thread/INFO]: The game is running normally [23:30:29] [Server thread/INFO]: Target tick rate: 20,0 per second. Average time per tick: 35,3ms (Target: 50,0ms) [23:30:29] [Server thread/INFO]: Percentiles: P50: 34,7ms P95: 40,4ms P99: 47,9ms, sample: 100"
"with-umce","1","2026-09-26T21:30:29.3552474+00:00","1eb50fb702881358824526c667271024104dd5c27a9cd35da157bce789abdbb9","0","2024","500","0","0","0","True","0","35,3","34,7","40,4","47,9","100","73,94547832273514","77,61502106164532","1374519296","[23:30:29] [Server thread/INFO]: The game is running normally [23:30:29] [Server thread/INFO]: Target tick rate: 20,0 per second. Average time per tick: 35,3ms (Target: 50,0ms) [23:30:29] [Server thread/INFO]: Percentiles: P50: 34,7ms P95: 40,4ms P99: 47,9ms, sample: 100"
"with-umce","1","2026-09-26T21:30:29.4820110+00:00","1eb50fb702881358824526c667271024104dd5c27a9cd35da157bce789abdbb9","0","2024","500","0","0","0","True","0","35,4","34,9","40,7","47,9","100","87,97881590769605","77,61502106164532","1374519296","[23:30:29] [Server thread/INFO]: The game is running normally [23:30:29] [Server thread/INFO]: Target tick rate: 20,0 per second. Average time per tick: 35,4ms (Target: 50,0ms) [23:30:29] [Server thread/INFO]: Percentiles: P50: 34,9ms P95: 40,7ms P99: 47,9ms, sample: 100"
"with-umce","1","2026-09-26T21:30:29.6063709+00:00","1eb50fb702881358824526c667271024104dd5c27a9cd35da157bce789abdbb9","0","2024","500","0","0","0","True","0","35,4","34,9","40,7","47,9","100","100,68068195455837","77,61502106164532","1374519296","[23:30:29] [Server thread/INFO]: The game is running normally [23:30:29] [Server thread/INFO]: Target tick rate: 20,0 per second. Average time per tick: 35,4ms (Target: 50,0ms) [23:30:29] [Server thread/INFO]: Percentiles: P50: 34,9ms P95: 40,7ms P99: 47,9ms, sample: 100"
"with-umce","1","2026-09-26T21:30:29.7305114+00:00","1eb50fb702881358824526c667271024104dd5c27a9cd35da157bce789abdbb9","0","2024","500","0","0","0","True","0","35,6","34,8","42,2","47,9","100","88,10177033207623","77,61502106164532","1374519296","[23:30:29] [Server thread/INFO]: The game is running normally [23:30:29] [Server thread/INFO]: Target tick rate: 20,0 per second. Average time per tick: 35,6ms (Target: 50,0ms) [23:30:29] [Server thread/INFO]: Percentiles: P50: 34,8ms P95: 42,2ms P99: 47,9ms, sample: 100"
"with-umce","1","2026-09-26T21:30:29.8546688+00:00","1eb50fb702881358824526c667271024104dd5c27a9cd35da157bce789abdbb9","0","2024","500","0","0","0","True","0","35,6","34,8","42,2","47,9","100","75,43401716113833","77,61502106164532","1374519296","[23:30:29] [Server thread/INFO]: The game is running normally [23:30:29] [Server thread/INFO]: Target tick rate: 20,0 per second. Average time per tick: 35,6ms (Target: 50,0ms) [23:30:29] [Server thread/INFO]: Percentiles: P50: 34,8ms P95: 42,2ms P99: 47,9ms, sample: 100"
"with-umce","1","2026-09-26T21:30:29.9789141+00:00","1eb50fb702881358824526c667271024104dd5c27a9cd35da157bce789abdbb9","0","2024","500","0","0","0","True","0","35,6","34,7","42,2","47,9","100","62,653576446585866","77,61502106164532","1374519296","[23:30:29] [Server thread/INFO]: The game is running normally [23:30:29] [Server thread/INFO]: Target tick rate: 20,0 per second. Average time per tick: 35,6ms (Target: 50,0ms) [23:30:29] [Server thread/INFO]: Percentiles: P50: 34,7ms P95: 42,2ms P99: 47,9ms, sample: 100"
"with-umce","1","2026-09-26T21:30:30.1036185+00:00","1eb50fb702881358824526c667271024104dd5c27a9cd35da157bce789abdbb9","0","2024","500","0","0","0","True","0","35,6","34,6","42,2","47,9","100","62,24360613759801","77,61502106164532","1374519296","[23:30:30] [Server thread/INFO]: The game is running normally [23:30:30] [Server thread/INFO]: Target tick rate: 20,0 per second. Average time per tick: 35,6ms (Target: 50,0ms) [23:30:30] [Server thread/INFO]: Percentiles: P50: 34,6ms P95: 42,2ms P99: 47,9ms, sample: 100"
"with-umce","1","2026-09-26T21:30:30.2291533+00:00","1eb50fb702881358824526c667271024104dd5c27a9cd35da157bce789abdbb9","0","2024","500","0","0","0","True","0","35,6","34,5","42,2","47,9","100","68,68157026216213","77,61502106164532","1374519296","[23:30:30] [Server thread/INFO]: The game is running normally [23:30:30] [Server thread/INFO]: Target tick rate: 20,0 per second. Average time per tick: 35,6ms (Target: 50,0ms) [23:30:30] [Server thread/INFO]: Percentiles: P50: 34,5ms P95: 42,2ms P99: 47,9ms, sample: 100"
"with-umce","1","2026-09-26T21:30:30.3656396+00:00","1eb50fb702881358824526c667271024104dd5c27a9cd35da157bce789abdbb9","0","2024","500","0","0","0","True","0","35,7","34,6","42,2","47,9","100","99,648457955614","77,61502106164532","1374519296","[23:30:30] [Server thread/INFO]: The game is running normally [23:30:30] [Server thread/INFO]: Target tick rate: 20,0 per second. Average time per tick: 35,7ms (Target: 50,0ms) [23:30:30] [Server thread/INFO]: Percentiles: P50: 34,6ms P95: 42,2ms P99: 47,9ms, sample: 100"
"with-umce","1","2026-09-26T21:30:30.5067445+00:00","1eb50fb702881358824526c667271024104dd5c27a9cd35da157bce789abdbb9","0","2024","500","0","0","0","True","0","35,9","34,7","43,7","48,9","100","64,52377530777325","77,61502106164532","1374519296","[23:30:30] [Server thread/INFO]: The game is running normally [23:30:30] [Server thread/INFO]: Target tick rate: 20,0 per second. Average time per tick: 35,9ms (Target: 50,0ms) [23:30:30] [Server thread/INFO]: Percentiles: P50: 34,7ms P95: 43,7ms P99: 48,9ms, sample: 100"
"with-umce","1","2026-09-26T21:30:30.6278648+00:00","1eb50fb702881358824526c667271024104dd5c27a9cd35da157bce789abdbb9","0","2024","500","0","0","0","True","0","36","34,9","43,7","48,9","100","76,98624512420447","77,61502106164532","1374519296","[23:30:30] [Server thread/INFO]: The game is running normally [23:30:30] [Server thread/INFO]: Target tick rate: 20,0 per second. Average time per tick: 36,0ms (Target: 50,0ms) [23:30:30] [Server thread/INFO]: Percentiles: P50: 34,9ms P95: 43,7ms P99: 48,9ms, sample: 100"
"with-umce","1","2026-09-26T21:30:30.7496169+00:00","1eb50fb702881358824526c667271024104dd5c27a9cd35da157bce789abdbb9","0","2024","500","0","0","0","True","0","36","34,9","43,7","48,9","100","87,79189047745946","77,61502106164532","1374519296","[23:30:30] [Server thread/INFO]: The game is running normally [23:30:30] [Server thread/INFO]: Target tick rate: 20,0 per second. Average time per tick: 36,0ms (Target: 50,0ms) [23:30:30] [Server thread/INFO]: Percentiles: P50: 34,9ms P95: 43,7ms P99: 48,9ms, sample: 100"
"with-umce","1","2026-09-26T21:30:30.8741821+00:00","1eb50fb702881358824526c667271024104dd5c27a9cd35da157bce789abdbb9","0","2024","500","0","0","0","True","0","36,1","34,9","43,7","48,9","100","100,22152966918077","77,61502106164532","1374519296","[23:30:30] [Server thread/INFO]: The game is running normally [23:30:30] [Server thread/INFO]: Target tick rate: 20,0 per second. Average time per tick: 36,1ms (Target: 50,0ms) [23:30:30] [Server thread/INFO]: Percentiles: P50: 34,9ms P95: 43,7ms P99: 48,9ms, sample: 100"
"with-umce","1","2026-09-26T21:30:30.9989278+00:00","1eb50fb702881358824526c667271024104dd5c27a9cd35da157bce789abdbb9","0","2024","500","0","0","0","True","0","36","34,9","43,7","48,9","100","63,5295342197516","77,61502106164532","1374519296","[23:30:31] [Server thread/INFO]: The game is running normally [23:30:31] [Server thread/INFO]: Target tick rate: 20,0 per second. Average time per tick: 36,0ms (Target: 50,0ms) [23:30:31] [Server thread/INFO]: Percentiles: P50: 34,9ms P95: 43,7ms P99: 48,9ms, sample: 100"
"with-umce","2","2026-09-26T21:31:13.8524121+00:00","1eb50fb702881358824526c667271024104dd5c27a9cd35da157bce789abdbb9","0","2024","500","0","0","0","True","0","38,3","37,3","46,9","51,9","100","99,99488026213058","91,93453214486189","1380233216","[23:31:13] [Server thread/INFO]: The game is running normally [23:31:13] [Server thread/INFO]: Target tick rate: 20,0 per second. Average time per tick: 38,3ms (Target: 50,0ms) [23:31:13] [Server thread/INFO]: Percentiles: P50: 37,3ms P95: 46,9ms P99: 51,9ms, sample: 100"
"with-umce","2","2026-09-26T21:31:13.9836400+00:00","1eb50fb702881358824526c667271024104dd5c27a9cd35da157bce789abdbb9","0","2024","500","0","0","0","True","0","38,6","37,6","47","51,9","100","102,23673994026832","91,93453214486189","1380233216","[23:31:14] [Server thread/INFO]: The game is running normally [23:31:14] [Server thread/INFO]: Target tick rate: 20,0 per second. Average time per tick: 38,6ms (Target: 50,0ms) [23:31:14] [Server thread/INFO]: Percentiles: P50: 37,6ms P95: 47,0ms P99: 51,9ms, sample: 100"
"with-umce","2","2026-09-26T21:31:14.1150928+00:00","1eb50fb702881358824526c667271024104dd5c27a9cd35da157bce789abdbb9","0","2024","500","0","0","0","True","0","38,9","37,6","49,6","51,9","100","79,1924577646259","91,93453214486189","1380233216","[23:31:14] [Server thread/INFO]: The game is running normally [23:31:14] [Server thread/INFO]: Target tick rate: 20,0 per second. Average time per tick: 38,9ms (Target: 50,0ms) [23:31:14] [Server thread/INFO]: Percentiles: P50: 37,6ms P95: 49,6ms P99: 51,9ms, sample: 100"
"with-umce","2","2026-09-26T21:31:14.2531985+00:00","1eb50fb702881358824526c667271024104dd5c27a9cd35da157bce789abdbb9","0","2024","500","0","0","0","True","0","39","37,6","49,6","51,9","100","75,89421601072476","91,93453214486189","1380233216","[23:31:14] [Server thread/INFO]: The game is running normally [23:31:14] [Server thread/INFO]: Target tick rate: 20,0 per second. Average time per tick: 39,0ms (Target: 50,0ms) [23:31:14] [Server thread/INFO]: Percentiles: P50: 37,6ms P95: 49,6ms P99: 51,9ms, sample: 100"
"with-umce","2","2026-09-26T21:31:14.3767255+00:00","1eb50fb702881358824526c667271024104dd5c27a9cd35da157bce789abdbb9","0","2024","500","0","0","0","True","0","39","37,6","49,6","51,9","100","99,86913149009538","91,93453214486189","1380233216","[23:31:14] [Server thread/INFO]: The game is running normally [23:31:14] [Server thread/INFO]: Target tick rate: 20,0 per second. Average time per tick: 39,0ms (Target: 50,0ms) [23:31:14] [Server thread/INFO]: Percentiles: P50: 37,6ms P95: 49,6ms P99: 51,9ms, sample: 100"
"with-umce","2","2026-09-26T21:31:14.5018476+00:00","1eb50fb702881358824526c667271024104dd5c27a9cd35da157bce789abdbb9","0","2024","500","0","0","0","True","0","39,5","37,7","51,3","61,8","100","101,55369021737364","91,93453214486189","1380233216","[23:31:14] [Server thread/INFO]: The game is running normally [23:31:14] [Server thread/INFO]: Target tick rate: 20,0 per second. Average time per tick: 39,5ms (Target: 50,0ms) [23:31:14] [Server thread/INFO]: Percentiles: P50: 37,7ms P95: 51,3ms P99: 61,8ms, sample: 100"
"with-umce","2","2026-09-26T21:31:14.6249657+00:00","1eb50fb702881358824526c667271024104dd5c27a9cd35da157bce789abdbb9","0","2024","500","0","0","0","True","0","39,7","37,8","51,3","61,8","100","63,09704952139121","91,93453214486189","1380233216","[23:31:14] [Server thread/INFO]: The game is running normally [23:31:14] [Server thread/INFO]: Target tick rate: 20,0 per second. Average time per tick: 39,7ms (Target: 50,0ms) [23:31:14] [Server thread/INFO]: Percentiles: P50: 37,8ms P95: 51,3ms P99: 61,8ms, sample: 100"
"with-umce","2","2026-09-26T21:31:14.7487671+00:00","1eb50fb702881358824526c667271024104dd5c27a9cd35da157bce789abdbb9","0","2024","500","0","0","0","True","0","39,7","37,8","51,3","61,8","100","102,28262079168384","91,93453214486189","1380233216","[23:31:14] [Server thread/INFO]: The game is running normally [23:31:14] [Server thread/INFO]: Target tick rate: 20,0 per second. Average time per tick: 39,7ms (Target: 50,0ms) [23:31:14] [Server thread/INFO]: Percentiles: P50: 37,8ms P95: 51,3ms P99: 61,8ms, sample: 100"
"with-umce","2","2026-09-26T21:31:14.8709902+00:00","1eb50fb702881358824526c667271024104dd5c27a9cd35da157bce789abdbb9","0","2024","500","0","0","0","True","0","39,8","38,1","51,3","61,8","100","75,21270151989827","91,93453214486189","1380233216","[23:31:14] [Server thread/INFO]: The game is running normally [23:31:14] [Server thread/INFO]: Target tick rate: 20,0 per second. Average time per tick: 39,8ms (Target: 50,0ms) [23:31:14] [Server thread/INFO]: Percentiles: P50: 38,1ms P95: 51,3ms P99: 61,8ms, sample: 100"
"with-umce","2","2026-09-26T21:31:14.9956277+00:00","1eb50fb702881358824526c667271024104dd5c27a9cd35da157bce789abdbb9","0","2024","500","0","0","0","True","0","39,8","38,3","51,3","61,8","100","100,91126912470372","91,93453214486189","1380233216","[23:31:15] [Server thread/INFO]: The game is running normally [23:31:15] [Server thread/INFO]: Target tick rate: 20,0 per second. Average time per tick: 39,8ms (Target: 50,0ms) [23:31:15] [Server thread/INFO]: Percentiles: P50: 38,3ms P95: 51,3ms P99: 61,8ms, sample: 100"
"with-umce","2","2026-09-26T21:31:15.1194952+00:00","1eb50fb702881358824526c667271024104dd5c27a9cd35da157bce789abdbb9","0","2024","500","0","0","0","True","0","39,9","38,5","51,3","61,8","100","62,321511191946264","91,93453214486189","1380233216","[23:31:15] [Server thread/INFO]: The game is running normally [23:31:15] [Server thread/INFO]: Target tick rate: 20,0 per second. Average time per tick: 39,9ms (Target: 50,0ms) [23:31:15] [Server thread/INFO]: Percentiles: P50: 38,5ms P95: 51,3ms P99: 61,8ms, sample: 100"
"with-umce","2","2026-09-26T21:31:15.2448495+00:00","1eb50fb702881358824526c667271024104dd5c27a9cd35da157bce789abdbb9","0","2024","500","0","0","0","True","0","39,8","38,4","51,3","61,8","100","114,22034108935138","91,93453214486189","1380233216","[23:31:15] [Server thread/INFO]: The game is running normally [23:31:15] [Server thread/INFO]: Target tick rate: 20,0 per second. Average time per tick: 39,8ms (Target: 50,0ms) [23:31:15] [Server thread/INFO]: Percentiles: P50: 38,4ms P95: 51,3ms P99: 61,8ms, sample: 100"
"with-umce","2","2026-09-26T21:31:15.3679642+00:00","1eb50fb702881358824526c667271024104dd5c27a9cd35da157bce789abdbb9","0","2024","500","0","0","0","True","0","39,8","38,4","51,3","61,8","100","62,1264955089999","91,93453214486189","1380233216","[23:31:15] [Server thread/INFO]: The game is running normally [23:31:15] [Server thread/INFO]: Target tick rate: 20,0 per second. Average time per tick: 39,8ms (Target: 50,0ms) [23:31:15] [Server thread/INFO]: Percentiles: P50: 38,4ms P95: 51,3ms P99: 61,8ms, sample: 100"
"with-umce","2","2026-09-26T21:31:15.4936977+00:00","1eb50fb702881358824526c667271024104dd5c27a9cd35da157bce789abdbb9","0","2024","500","0","0","0","True","0","39,8","38,4","51,3","61,8","100","101,25105807355688","91,93453214486189","1380233216","[23:31:15] [Server thread/INFO]: The game is running normally [23:31:15] [Server thread/INFO]: Target tick rate: 20,0 per second. Average time per tick: 39,8ms (Target: 50,0ms) [23:31:15] [Server thread/INFO]: Percentiles: P50: 38,4ms P95: 51,3ms P99: 61,8ms, sample: 100"
"with-umce","2","2026-09-26T21:31:15.6171977+00:00","1eb50fb702881358824526c667271024104dd5c27a9cd35da157bce789abdbb9","0","2024","500","0","0","0","True","0","39,8","38,4","51,3","61,8","100","89,78717566178535","91,93453214486189","1380233216","[23:31:15] [Server thread/INFO]: The game is running normally [23:31:15] [Server thread/INFO]: Target tick rate: 20,0 per second. Average time per tick: 39,8ms (Target: 50,0ms) [23:31:15] [Server thread/INFO]: Percentiles: P50: 38,4ms P95: 51,3ms P99: 61,8ms, sample: 100"
"with-umce","2","2026-09-26T21:31:15.7564248+00:00","1eb50fb702881358824526c667271024104dd5c27a9cd35da157bce789abdbb9","0","2024","500","0","0","0","True","0","39,8","38,4","51,3","61,8","100","89,73571140831123","91,93453214486189","1380233216","[23:31:15] [Server thread/INFO]: The game is running normally [23:31:15] [Server thread/INFO]: Target tick rate: 20,0 per second. Average time per tick: 39,8ms (Target: 50,0ms) [23:31:15] [Server thread/INFO]: Percentiles: P50: 38,4ms P95: 51,3ms P99: 61,8ms, sample: 100"
"with-umce","2","2026-09-26T21:31:15.8783032+00:00","1eb50fb702881358824526c667271024104dd5c27a9cd35da157bce789abdbb9","0","2024","500","0","0","0","True","0","39,8","38,4","51,3","61,8","100","90,13192429495203","91,93453214486189","1380233216","[23:31:15] [Server thread/INFO]: The game is running normally [23:31:15] [Server thread/INFO]: Target tick rate: 20,0 per second. Average time per tick: 39,8ms (Target: 50,0ms) [23:31:15] [Server thread/INFO]: Percentiles: P50: 38,4ms P95: 51,3ms P99: 61,8ms, sample: 100"
"with-umce","2","2026-09-26T21:31:15.9996062+00:00","1eb50fb702881358824526c667271024104dd5c27a9cd35da157bce789abdbb9","0","2024","500","0","0","0","True","0","39,8","38,3","51,3","61,8","100","89,31451365950653","91,93453214486189","1380233216","[23:31:16] [Server thread/INFO]: The game is running normally [23:31:16] [Server thread/INFO]: Target tick rate: 20,0 per second. Average time per tick: 39,8ms (Target: 50,0ms) [23:31:16] [Server thread/INFO]: Percentiles: P50: 38,3ms P95: 51,3ms P99: 61,8ms, sample: 100"
"with-umce","2","2026-09-26T21:31:16.1221006+00:00","1eb50fb702881358824526c667271024104dd5c27a9cd35da157bce789abdbb9","0","2024","500","0","0","0","True","0","39,8","38,3","51,3","61,8","100","76,13137310950574","91,93453214486189","1380233216","[23:31:16] [Server thread/INFO]: The game is running normally [23:31:16] [Server thread/INFO]: Target tick rate: 20,0 per second. Average time per tick: 39,8ms (Target: 50,0ms) [23:31:16] [Server thread/INFO]: Percentiles: P50: 38,3ms P95: 51,3ms P99: 61,8ms, sample: 100"
"with-umce","2","2026-09-26T21:31:16.2452209+00:00","1eb50fb702881358824526c667271024104dd5c27a9cd35da157bce789abdbb9","0","2024","500","0","0","0","True","0","40","38,5","51,3","61,8","100","112,82113407603403","91,93453214486189","1380233216","[23:31:16] [Server thread/INFO]: The game is running normally [23:31:16] [Server thread/INFO]: Target tick rate: 20,0 per second. Average time per tick: 40,0ms (Target: 50,0ms) [23:31:16] [Server thread/INFO]: Percentiles: P50: 38,5ms P95: 51,3ms P99: 61,8ms, sample: 100"
"with-umce","2","2026-09-26T21:31:16.3699183+00:00","1eb50fb702881358824526c667271024104dd5c27a9cd35da157bce789abdbb9","0","2024","500","0","0","0","True","0","40","38,5","51,3","61,8","100","75,98630220258961","91,93453214486189","1380233216","[23:31:16] [Server thread/INFO]: The game is running normally [23:31:16] [Server thread/INFO]: Target tick rate: 20,0 per second. Average time per tick: 40,0ms (Target: 50,0ms) [23:31:16] [Server thread/INFO]: Percentiles: P50: 38,5ms P95: 51,3ms P99: 61,8ms, sample: 100"
"with-umce","2","2026-09-26T21:31:16.4932342+00:00","1eb50fb702881358824526c667271024104dd5c27a9cd35da157bce789abdbb9","0","2024","500","0","0","0","True","0","40,1","38,7","51,3","61,8","100","88,47141614931952","91,93453214486189","1380233216","[23:31:16] [Server thread/INFO]: The game is running normally [23:31:16] [Server thread/INFO]: Target tick rate: 20,0 per second. Average time per tick: 40,1ms (Target: 50,0ms) [23:31:16] [Server thread/INFO]: Percentiles: P50: 38,7ms P95: 51,3ms P99: 61,8ms, sample: 100"
"with-umce","2","2026-09-26T21:31:16.6168854+00:00","1eb50fb702881358824526c667271024104dd5c27a9cd35da157bce789abdbb9","0","2024","500","0","0","0","True","0","40","38,7","51,3","61,8","100","67,71255784458108","91,93453214486189","1380233216","[23:31:16] [Server thread/INFO]: The game is running normally [23:31:16] [Server thread/INFO]: Target tick rate: 20,0 per second. Average time per tick: 40,0ms (Target: 50,0ms) [23:31:16] [Server thread/INFO]: Percentiles: P50: 38,7ms P95: 51,3ms P99: 61,8ms, sample: 100"
"with-umce","2","2026-09-26T21:31:16.7553391+00:00","1eb50fb702881358824526c667271024104dd5c27a9cd35da157bce789abdbb9","0","2024","500","0","0","0","True","0","40","38,7","51,3","61,8","100","240,03010937692025","91,93453214486189","1380233216","[23:31:16] [Server thread/INFO]: The game is running normally [23:31:16] [Server thread/INFO]: Target tick rate: 20,0 per second. Average time per tick: 40,0ms (Target: 50,0ms) [23:31:16] [Server thread/INFO]: Percentiles: P50: 38,7ms P95: 51,3ms P99: 61,8ms, sample: 100"
"with-umce","2","2026-09-26T21:31:16.8790514+00:00","1eb50fb702881358824526c667271024104dd5c27a9cd35da157bce789abdbb9","0","2024","500","0","0","0","True","0","40,2","39,1","51,3","61,8","100","99,61778647684564","91,93453214486189","1380233216","[23:31:16] [Server thread/INFO]: The game is running normally [23:31:16] [Server thread/INFO]: Target tick rate: 20,0 per second. Average time per tick: 40,2ms (Target: 50,0ms) [23:31:16] [Server thread/INFO]: Percentiles: P50: 39,1ms P95: 51,3ms P99: 61,8ms, sample: 100"
"with-umce","2","2026-09-26T21:31:17.0045212+00:00","1eb50fb702881358824526c667271024104dd5c27a9cd35da157bce789abdbb9","0","2024","500","0","0","0","True","0","40,4","39,2","51,3","61,8","100","101,65320642675968","91,93453214486189","1380233216","[23:31:17] [Server thread/INFO]: The game is running normally [23:31:17] [Server thread/INFO]: Target tick rate: 20,0 per second. Average time per tick: 40,4ms (Target: 50,0ms) [23:31:17] [Server thread/INFO]: Percentiles: P50: 39,2ms P95: 51,3ms P99: 61,8ms, sample: 100"
"with-umce","2","2026-09-26T21:31:17.1274622+00:00","1eb50fb702881358824526c667271024104dd5c27a9cd35da157bce789abdbb9","0","2024","500","0","0","0","True","0","40,5","39,4","51,3","61,8","100","76,72408219583915","91,93453214486189","1380233216","[23:31:17] [Server thread/INFO]: The game is running normally [23:31:17] [Server thread/INFO]: Target tick rate: 20,0 per second. Average time per tick: 40,5ms (Target: 50,0ms) [23:31:17] [Server thread/INFO]: Percentiles: P50: 39,4ms P95: 51,3ms P99: 61,8ms, sample: 100"
"with-umce","2","2026-09-26T21:31:17.2496663+00:00","1eb50fb702881358824526c667271024104dd5c27a9cd35da157bce789abdbb9","0","2024","500","0","0","0","True","0","40,7","39,4","51,6","61,8","100","102,27634413616991","91,93453214486189","1380233216","[23:31:17] [Server thread/INFO]: The game is running normally [23:31:17] [Server thread/INFO]: Target tick rate: 20,0 per second. Average time per tick: 40,7ms (Target: 50,0ms) [23:31:17] [Server thread/INFO]: Percentiles: P50: 39,4ms P95: 51,6ms P99: 61,8ms, sample: 100"
"with-umce","2","2026-09-26T21:31:17.3718630+00:00","1eb50fb702881358824526c667271024104dd5c27a9cd35da157bce789abdbb9","0","2024","500","0","0","0","True","0","40,7","39,2","51,6","61,8","100","128,05288317725223","91,93453214486189","1380233216","[23:31:17] [Server thread/INFO]: The game is running normally [23:31:17] [Server thread/INFO]: Target tick rate: 20,0 per second. Average time per tick: 40,7ms (Target: 50,0ms) [23:31:17] [Server thread/INFO]: Percentiles: P50: 39,2ms P95: 51,6ms P99: 61,8ms, sample: 100"
"with-umce","2","2026-09-26T21:31:17.4938966+00:00","1eb50fb702881358824526c667271024104dd5c27a9cd35da157bce789abdbb9","0","2024","500","0","0","0","True","0","40,8","39,4","51,6","61,8","100","190,5051037079304","91,93453214486189","1380233216","[23:31:17] [Server thread/INFO]: The game is running normally [23:31:17] [Server thread/INFO]: Target tick rate: 20,0 per second. Average time per tick: 40,8ms (Target: 50,0ms) [23:31:17] [Server thread/INFO]: Percentiles: P50: 39,4ms P95: 51,6ms P99: 61,8ms, sample: 100"
"with-umce","2","2026-09-26T21:31:17.6169225+00:00","1eb50fb702881358824526c667271024104dd5c27a9cd35da157bce789abdbb9","0","2024","500","0","0","0","True","0","40,8","39,4","51,3","61,8","100","79,36312138149518","91,93453214486189","1380233216","[23:31:17] [Server thread/INFO]: The game is running normally [23:31:17] [Server thread/INFO]: Target tick rate: 20,0 per second. Average time per tick: 40,8ms (Target: 50,0ms) [23:31:17] [Server thread/INFO]: Percentiles: P50: 39,4ms P95: 51,3ms P99: 61,8ms, sample: 100"
"with-umce","2","2026-09-26T21:31:17.7547370+00:00","1eb50fb702881358824526c667271024104dd5c27a9cd35da157bce789abdbb9","0","2024","500","0","0","0","True","0","40,7","39,1","51,3","61,8","100","101,52003924358637","91,93453214486189","1380233216","[23:31:17] [Server thread/INFO]: The game is running normally [23:31:17] [Server thread/INFO]: Target tick rate: 20,0 per second. Average time per tick: 40,7ms (Target: 50,0ms) [23:31:17] [Server thread/INFO]: Percentiles: P50: 39,1ms P95: 51,3ms P99: 61,8ms, sample: 100"
"with-umce","2","2026-09-26T21:31:17.8778422+00:00","1eb50fb702881358824526c667271024104dd5c27a9cd35da157bce789abdbb9","0","2024","500","0","0","0","True","0","41","39,4","51,3","61,8","100","89,68905879584187","91,93453214486189","1380233216","[23:31:17] [Server thread/INFO]: The game is running normally [23:31:17] [Server thread/INFO]: Target tick rate: 20,0 per second. Average time per tick: 41,0ms (Target: 50,0ms) [23:31:17] [Server thread/INFO]: Percentiles: P50: 39,4ms P95: 51,3ms P99: 61,8ms, sample: 100"
"with-umce","2","2026-09-26T21:31:17.9998204+00:00","1eb50fb702881358824526c667271024104dd5c27a9cd35da157bce789abdbb9","0","2024","500","0","0","0","True","0","41,2","39,7","51,3","61,8","100","89,07984893686509","91,93453214486189","1380233216","[23:31:18] [Server thread/INFO]: The game is running normally [23:31:18] [Server thread/INFO]: Target tick rate: 20,0 per second. Average time per tick: 41,2ms (Target: 50,0ms) [23:31:18] [Server thread/INFO]: Percentiles: P50: 39,7ms P95: 51,3ms P99: 61,8ms, sample: 100"
"with-umce","2","2026-09-26T21:31:18.1225765+00:00","1eb50fb702881358824526c667271024104dd5c27a9cd35da157bce789abdbb9","0","2024","500","0","0","0","True","0","41,2","39,7","51,3","61,8","100","62,590380509455656","91,93453214486189","1380233216","[23:31:18] [Server thread/INFO]: The game is running normally [23:31:18] [Server thread/INFO]: Target tick rate: 20,0 per second. Average time per tick: 41,2ms (Target: 50,0ms) [23:31:18] [Server thread/INFO]: Percentiles: P50: 39,7ms P95: 51,3ms P99: 61,8ms, sample: 100"
"with-umce","2","2026-09-26T21:31:18.2474142+00:00","1eb50fb702881358824526c667271024104dd5c27a9cd35da157bce789abdbb9","0","2024","500","0","0","0","True","0","41,1","39,4","51,3","61,8","100","113,57698237769829","91,93453214486189","1380233216","[23:31:18] [Server thread/INFO]: The game is running normally [23:31:18] [Server thread/INFO]: Target tick rate: 20,0 per second. Average time per tick: 41,1ms (Target: 50,0ms) [23:31:18] [Server thread/INFO]: Percentiles: P50: 39,4ms P95: 51,3ms P99: 61,8ms, sample: 100"
"with-umce","2","2026-09-26T21:31:18.3712891+00:00","1eb50fb702881358824526c667271024104dd5c27a9cd35da157bce789abdbb9","0","2024","500","0","0","0","True","0","41,1","39,6","51,3","61,8","100","63,5862567411606","91,93453214486189","1380233216","[23:31:18] [Server thread/INFO]: The game is running normally [23:31:18] [Server thread/INFO]: Target tick rate: 20,0 per second. Average time per tick: 41,1ms (Target: 50,0ms) [23:31:18] [Server thread/INFO]: Percentiles: P50: 39,6ms P95: 51,3ms P99: 61,8ms, sample: 100"
"with-umce","2","2026-09-26T21:31:18.4940811+00:00","1eb50fb702881358824526c667271024104dd5c27a9cd35da157bce789abdbb9","0","2024","500","0","0","0","True","0","41,1","39,4","51,3","61,8","100","100,9103730212485","91,93453214486189","1380233216","[23:31:18] [Server thread/INFO]: The game is running normally [23:31:18] [Server thread/INFO]: Target tick rate: 20,0 per second. Average time per tick: 41,1ms (Target: 50,0ms) [23:31:18] [Server thread/INFO]: Percentiles: P50: 39,4ms P95: 51,3ms P99: 61,8ms, sample: 100"
"with-umce","2","2026-09-26T21:31:18.6179680+00:00","1eb50fb702881358824526c667271024104dd5c27a9cd35da157bce789abdbb9","0","2024","500","0","0","0","True","0","41,2","39,7","51,3","61,8","100","86,44359017321122","91,93453214486189","1380233216","[23:31:18] [Server thread/INFO]: The game is running normally [23:31:18] [Server thread/INFO]: Target tick rate: 20,0 per second. Average time per tick: 41,2ms (Target: 50,0ms) [23:31:18] [Server thread/INFO]: Percentiles: P50: 39,7ms P95: 51,3ms P99: 61,8ms, sample: 100"
"with-umce","2","2026-09-26T21:31:18.7444987+00:00","1eb50fb702881358824526c667271024104dd5c27a9cd35da157bce789abdbb9","0","2024","500","0","0","0","True","0","41,3","39,7","51,3","61,8","100","140,5531517843197","91,93453214486189","1380233216","[23:31:18] [Server thread/INFO]: The game is running normally [23:31:18] [Server thread/INFO]: Target tick rate: 20,0 per second. Average time per tick: 41,3ms (Target: 50,0ms) [23:31:18] [Server thread/INFO]: Percentiles: P50: 39,7ms P95: 51,3ms P99: 61,8ms, sample: 100"
"with-umce","2","2026-09-26T21:31:18.8667861+00:00","1eb50fb702881358824526c667271024104dd5c27a9cd35da157bce789abdbb9","0","2024","500","0","0","0","True","0","41,6","39,7","52,1","61,8","100","146,93468034608946","91,93453214486189","1380233216","[23:31:18] [Server thread/INFO]: The game is running normally [23:31:18] [Server thread/INFO]: Target tick rate: 20,0 per second. Average time per tick: 41,6ms (Target: 50,0ms) [23:31:18] [Server thread/INFO]: Percentiles: P50: 39,7ms P95: 52,1ms P99: 61,8ms, sample: 100"
"with-umce","2","2026-09-26T21:31:19.0050171+00:00","1eb50fb702881358824526c667271024104dd5c27a9cd35da157bce789abdbb9","0","2024","500","0","0","0","True","0","41,6","39,7","53,1","61,8","100","87,42090156826103","91,93453214486189","1380233216","[23:31:19] [Server thread/INFO]: The game is running normally [23:31:19] [Server thread/INFO]: Target tick rate: 20,0 per second. Average time per tick: 41,6ms (Target: 50,0ms) [23:31:19] [Server thread/INFO]: Percentiles: P50: 39,7ms P95: 53,1ms P99: 61,8ms, sample: 100"
"with-umce","2","2026-09-26T21:31:19.1310916+00:00","1eb50fb702881358824526c667271024104dd5c27a9cd35da157bce789abdbb9","0","2024","500","0","0","0","True","0","41,2","39,4","53,1","61,8","100","75,08391378204281","91,93453214486189","1380233216","[23:31:19] [Server thread/INFO]: The game is running normally [23:31:19] [Server thread/INFO]: Target tick rate: 20,0 per second. Average time per tick: 41,2ms (Target: 50,0ms) [23:31:19] [Server thread/INFO]: Percentiles: P50: 39,4ms P95: 53,1ms P99: 61,8ms, sample: 100"
"with-umce","2","2026-09-26T21:31:19.2549895+00:00","1eb50fb702881358824526c667271024104dd5c27a9cd35da157bce789abdbb9","0","2024","500","0","0","0","True","0","41,2","39,6","53,1","61,8","100","76,78686096950477","91,93453214486189","1380233216","[23:31:19] [Server thread/INFO]: The game is running normally [23:31:19] [Server thread/INFO]: Target tick rate: 20,0 per second. Average time per tick: 41,2ms (Target: 50,0ms) [23:31:19] [Server thread/INFO]: Percentiles: P50: 39,6ms P95: 53,1ms P99: 61,8ms, sample: 100"
"with-umce","2","2026-09-26T21:31:19.3771167+00:00","1eb50fb702881358824526c667271024104dd5c27a9cd35da157bce789abdbb9","0","2024","500","0","0","0","True","0","41,1","39,4","52,1","61,8","100","63,17996808855627","91,93453214486189","1380233216","[23:31:19] [Server thread/INFO]: The game is running normally [23:31:19] [Server thread/INFO]: Target tick rate: 20,0 per second. Average time per tick: 41,1ms (Target: 50,0ms) [23:31:19] [Server thread/INFO]: Percentiles: P50: 39,4ms P95: 52,1ms P99: 61,8ms, sample: 100"
"with-umce","2","2026-09-26T21:31:19.5007159+00:00","1eb50fb702881358824526c667271024104dd5c27a9cd35da157bce789abdbb9","0","2024","500","0","0","0","True","0","40,8","39,4","50,9","55","100","99,10716338648385","91,93453214486189","1380233216","[23:31:19] [Server thread/INFO]: The game is running normally [23:31:19] [Server thread/INFO]: Target tick rate: 20,0 per second. Average time per tick: 40,8ms (Target: 50,0ms) [23:31:19] [Server thread/INFO]: Percentiles: P50: 39,4ms P95: 50,9ms P99: 55,0ms, sample: 100"
"with-umce","2","2026-09-26T21:31:19.6268828+00:00","1eb50fb702881358824526c667271024104dd5c27a9cd35da157bce789abdbb9","0","2024","500","0","0","0","True","0","40,7","39,1","50,9","55","100","62,51825533055653","91,93453214486189","1380233216","[23:31:19] [Server thread/INFO]: The game is running normally [23:31:19] [Server thread/INFO]: Target tick rate: 20,0 per second. Average time per tick: 40,7ms (Target: 50,0ms) [23:31:19] [Server thread/INFO]: Percentiles: P50: 39,1ms P95: 50,9ms P99: 55,0ms, sample: 100"
"with-umce","2","2026-09-26T21:31:19.7518224+00:00","1eb50fb702881358824526c667271024104dd5c27a9cd35da157bce789abdbb9","0","2024","500","0","0","0","True","0","40,7","39,1","50,9","55","100","102,83436181406395","91,93453214486189","1380233216","[23:31:19] [Server thread/INFO]: The game is running normally [23:31:19] [Server thread/INFO]: Target tick rate: 20,0 per second. Average time per tick: 40,7ms (Target: 50,0ms) [23:31:19] [Server thread/INFO]: Percentiles: P50: 39,1ms P95: 50,9ms P99: 55,0ms, sample: 100"
"with-umce","2","2026-09-26T21:31:19.8734192+00:00","1eb50fb702881358824526c667271024104dd5c27a9cd35da157bce789abdbb9","0","2024","500","0","0","0","True","0","40,6","38,6","50,9","55","100","151,48748592176298","91,93453214486189","1380233216","[23:31:19] [Server thread/INFO]: The game is running normally [23:31:19] [Server thread/INFO]: Target tick rate: 20,0 per second. Average time per tick: 40,6ms (Target: 50,0ms) [23:31:19] [Server thread/INFO]: Percentiles: P50: 38,6ms P95: 50,9ms P99: 55,0ms, sample: 100"
"with-umce","2","2026-09-26T21:31:19.9971592+00:00","1eb50fb702881358824526c667271024104dd5c27a9cd35da157bce789abdbb9","0","2024","500","0","0","0","True","0","40,7","38,6","50,9","55","100","174,91366261613268","91,93453214486189","1380233216","[23:31:20] [Server thread/INFO]: The game is running normally [23:31:20] [Server thread/INFO]: Target tick rate: 20,0 per second. Average time per tick: 40,7ms (Target: 50,0ms) [23:31:20] [Server thread/INFO]: Percentiles: P50: 38,6ms P95: 50,9ms P99: 55,0ms, sample: 100"
"with-umce","2","2026-09-26T21:31:20.1222189+00:00","1eb50fb702881358824526c667271024104dd5c27a9cd35da157bce789abdbb9","0","2024","500","0","0","0","True","0","40,9","39","50,9","55","100","74,87911515649137","91,93453214486189","1380233216","[23:31:20] [Server thread/INFO]: The game is running normally [23:31:20] [Server thread/INFO]: Target tick rate: 20,0 per second. Average time per tick: 40,9ms (Target: 50,0ms) [23:31:20] [Server thread/INFO]: Percentiles: P50: 39,0ms P95: 50,9ms P99: 55,0ms, sample: 100"
"with-umce","2","2026-09-26T21:31:20.2474494+00:00","1eb50fb702881358824526c667271024104dd5c27a9cd35da157bce789abdbb9","0","2024","500","0","0","0","True","0","41","39","50,9","55","100","89,40197334165981","91,93453214486189","1380233216","[23:31:20] [Server thread/INFO]: The game is running normally [23:31:20] [Server thread/INFO]: Target tick rate: 20,0 per second. Average time per tick: 41,0ms (Target: 50,0ms) [23:31:20] [Server thread/INFO]: Percentiles: P50: 39,0ms P95: 50,9ms P99: 55,0ms, sample: 100"
"with-umce","2","2026-09-26T21:31:20.3698034+00:00","1eb50fb702881358824526c667271024104dd5c27a9cd35da157bce789abdbb9","0","2024","500","0","0","0","True","0","41","39,4","50,9","55","100","89,55093124780984","91,93453214486189","1380233216","[23:31:20] [Server thread/INFO]: The game is running normally [23:31:20] [Server thread/INFO]: Target tick rate: 20,0 per second. Average time per tick: 41,0ms (Target: 50,0ms) [23:31:20] [Server thread/INFO]: Percentiles: P50: 39,4ms P95: 50,9ms P99: 55,0ms, sample: 100"
"with-umce","2","2026-09-26T21:31:20.4918840+00:00","1eb50fb702881358824526c667271024104dd5c27a9cd35da157bce789abdbb9","0","2024","500","0","0","0","True","0","41,5","39,7","52,1","55","100","90,56304129529784","91,93453214486189","1380233216","[23:31:20] [Server thread/INFO]: The game is running normally [23:31:20] [Server thread/INFO]: Target tick rate: 20,0 per second. Average time per tick: 41,5ms (Target: 50,0ms) [23:31:20] [Server thread/INFO]: Percentiles: P50: 39,7ms P95: 52,1ms P99: 55,0ms, sample: 100"
"with-umce","2","2026-09-26T21:31:20.6299275+00:00","1eb50fb702881358824526c667271024104dd5c27a9cd35da157bce789abdbb9","0","2024","500","0","0","0","True","0","41,7","39,9","52,1","55","100","88,20308442658116","91,93453214486189","1380233216","[23:31:20] [Server thread/INFO]: The game is running normally [23:31:20] [Server thread/INFO]: Target tick rate: 20,0 per second. Average time per tick: 41,7ms (Target: 50,0ms) [23:31:20] [Server thread/INFO]: Percentiles: P50: 39,9ms P95: 52,1ms P99: 55,0ms, sample: 100"
"with-umce","2","2026-09-26T21:31:20.7539518+00:00","1eb50fb702881358824526c667271024104dd5c27a9cd35da157bce789abdbb9","0","2024","500","0","0","0","True","0","41,9","40","52,1","55","100","101,60627325259564","91,93453214486189","1380233216","[23:31:20] [Server thread/INFO]: The game is running normally [23:31:20] [Server thread/INFO]: Target tick rate: 20,0 per second. Average time per tick: 41,9ms (Target: 50,0ms) [23:31:20] [Server thread/INFO]: Percentiles: P50: 40,0ms P95: 52,1ms P99: 55,0ms, sample: 100"
"with-umce","2","2026-09-26T21:31:20.8769629+00:00","1eb50fb702881358824526c667271024104dd5c27a9cd35da157bce789abdbb9","0","2024","500","0","0","0","True","0","42,2","40,1","53,1","55,2","100","100,55652000431185","91,93453214486189","1380233216","[23:31:20] [Server thread/INFO]: The game is running normally [23:31:20] [Server thread/INFO]: Target tick rate: 20,0 per second. Average time per tick: 42,2ms (Target: 50,0ms) [23:31:20] [Server thread/INFO]: Percentiles: P50: 40,1ms P95: 53,1ms P99: 55,2ms, sample: 100"
"with-umce","2","2026-09-26T21:31:21.0012666+00:00","1eb50fb702881358824526c667271024104dd5c27a9cd35da157bce789abdbb9","0","2024","500","0","0","0","True","0","42,6","40,3","54,9","57,9","100","102,21036036920017","91,93453214486189","1380233216","[23:31:21] [Server thread/INFO]: The game is running normally [23:31:21] [Server thread/INFO]: Target tick rate: 20,0 per second. Average time per tick: 42,6ms (Target: 50,0ms) [23:31:21] [Server thread/INFO]: Percentiles: P50: 40,3ms P95: 54,9ms P99: 57,9ms, sample: 100"
"with-umce","2","2026-09-26T21:31:21.1235545+00:00","1eb50fb702881358824526c667271024104dd5c27a9cd35da157bce789abdbb9","0","2024","500","0","0","0","True","0","42,8","40,8","54,9","57,9","100","125,99129954481865","91,93453214486189","1380233216","[23:31:21] [Server thread/INFO]: The game is running normally [23:31:21] [Server thread/INFO]: Target tick rate: 20,0 per second. Average time per tick: 42,8ms (Target: 50,0ms) [23:31:21] [Server thread/INFO]: Percentiles: P50: 40,8ms P95: 54,9ms P99: 57,9ms, sample: 100"
"with-umce","2","2026-09-26T21:31:21.2476063+00:00","1eb50fb702881358824526c667271024104dd5c27a9cd35da157bce789abdbb9","0","2024","500","0","0","0","True","0","42,9","40,9","54,9","57,9","100","87,94259750472176","91,93453214486189","1380233216","[23:31:21] [Server thread/INFO]: The game is running normally [23:31:21] [Server thread/INFO]: Target tick rate: 20,0 per second. Average time per tick: 42,9ms (Target: 50,0ms) [23:31:21] [Server thread/INFO]: Percentiles: P50: 40,9ms P95: 54,9ms P99: 57,9ms, sample: 100"
"with-umce","2","2026-09-26T21:31:21.3719444+00:00","1eb50fb702881358824526c667271024104dd5c27a9cd35da157bce789abdbb9","0","2024","500","0","0","0","True","0","42,8","40,8","54,9","57,9","100","101,3344531465969","91,93453214486189","1380233216","[23:31:21] [Server thread/INFO]: The game is running normally [23:31:21] [Server thread/INFO]: Target tick rate: 20,0 per second. Average time per tick: 42,8ms (Target: 50,0ms) [23:31:21] [Server thread/INFO]: Percentiles: P50: 40,8ms P95: 54,9ms P99: 57,9ms, sample: 100"
"with-umce","2","2026-09-26T21:31:21.4952852+00:00","1eb50fb702881358824526c667271024104dd5c27a9cd35da157bce789abdbb9","0","2024","500","0","0","0","True","0","43,3","41,1","55","57,9","100","102,93555740016073","91,93453214486189","1380233216","[23:31:21] [Server thread/INFO]: The game is running normally [23:31:21] [Server thread/INFO]: Target tick rate: 20,0 per second. Average time per tick: 43,3ms (Target: 50,0ms) [23:31:21] [Server thread/INFO]: Percentiles: P50: 41,1ms P95: 55,0ms P99: 57,9ms, sample: 100"
"with-umce","2","2026-09-26T21:31:21.6167218+00:00","1eb50fb702881358824526c667271024104dd5c27a9cd35da157bce789abdbb9","0","2024","500","0","0","0","True","0","43,5","42","55","57,9","100","100,71461720925437","91,93453214486189","1380233216","[23:31:21] [Server thread/INFO]: The game is running normally [23:31:21] [Server thread/INFO]: Target tick rate: 20,0 per second. Average time per tick: 43,5ms (Target: 50,0ms) [23:31:21] [Server thread/INFO]: Percentiles: P50: 42,0ms P95: 55,0ms P99: 57,9ms, sample: 100"
"with-umce","2","2026-09-26T21:31:21.7563704+00:00","1eb50fb702881358824526c667271024104dd5c27a9cd35da157bce789abdbb9","0","2024","500","0","0","0","True","0","43,7","43,2","55","57,9","100","101,04088275781793","91,93453214486189","1380233216","[23:31:21] [Server thread/INFO]: The game is running normally [23:31:21] [Server thread/INFO]: Target tick rate: 20,0 per second. Average time per tick: 43,7ms (Target: 50,0ms) [23:31:21] [Server thread/INFO]: Percentiles: P50: 43,2ms P95: 55,0ms P99: 57,9ms, sample: 100"
"with-umce","2","2026-09-26T21:31:21.8800930+00:00","1eb50fb702881358824526c667271024104dd5c27a9cd35da157bce789abdbb9","0","2024","500","0","0","0","True","0","43,8","43,2","55","57,9","100","113,37032128242089","91,93453214486189","1380233216","[23:31:21] [Server thread/INFO]: The game is running normally [23:31:21] [Server thread/INFO]: Target tick rate: 20,0 per second. Average time per tick: 43,8ms (Target: 50,0ms) [23:31:21] [Server thread/INFO]: Percentiles: P50: 43,2ms P95: 55,0ms P99: 57,9ms, sample: 100"
"with-umce","2","2026-09-26T21:31:22.0041148+00:00","1eb50fb702881358824526c667271024104dd5c27a9cd35da157bce789abdbb9","0","2024","500","0","0","0","True","0","44","43,3","55,2","57,9","100","89,51289435800739","91,93453214486189","1380233216","[23:31:22] [Server thread/INFO]: The game is running normally [23:31:22] [Server thread/INFO]: Target tick rate: 20,0 per second. Average time per tick: 44,0ms (Target: 50,0ms) [23:31:22] [Server thread/INFO]: Percentiles: P50: 43,3ms P95: 55,2ms P99: 57,9ms, sample: 100"
"with-umce","2","2026-09-26T21:31:22.1263222+00:00","1eb50fb702881358824526c667271024104dd5c27a9cd35da157bce789abdbb9","0","2024","500","0","0","0","True","0","43,9","43,2","55,2","57,9","100","76,30903572239627","91,93453214486189","1380233216","[23:31:22] [Server thread/INFO]: The game is running normally [23:31:22] [Server thread/INFO]: Target tick rate: 20,0 per second. Average time per tick: 43,9ms (Target: 50,0ms) [23:31:22] [Server thread/INFO]: Percentiles: P50: 43,2ms P95: 55,2ms P99: 57,9ms, sample: 100"
"with-umce","2","2026-09-26T21:31:22.2491893+00:00","1eb50fb702881358824526c667271024104dd5c27a9cd35da157bce789abdbb9","0","2024","500","0","0","0","True","0","43,8","43,2","55,2","57,9","100","102,2517470733505","91,93453214486189","1380233216","[23:31:22] [Server thread/INFO]: The game is running normally [23:31:22] [Server thread/INFO]: Target tick rate: 20,0 per second. Average time per tick: 43,8ms (Target: 50,0ms) [23:31:22] [Server thread/INFO]: Percentiles: P50: 43,2ms P95: 55,2ms P99: 57,9ms, sample: 100"
"with-umce","2","2026-09-26T21:31:22.3714223+00:00","1eb50fb702881358824526c667271024104dd5c27a9cd35da157bce789abdbb9","0","2024","500","0","0","0","True","0","43,9","43,2","55,2","57,9","100","225,96151142340887","91,93453214486189","1380233216","[23:31:22] [Server thread/INFO]: The game is running normally [23:31:22] [Server thread/INFO]: Target tick rate: 20,0 per second. Average time per tick: 43,9ms (Target: 50,0ms) [23:31:22] [Server thread/INFO]: Percentiles: P50: 43,2ms P95: 55,2ms P99: 57,9ms, sample: 100"
"with-umce","2","2026-09-26T21:31:22.4958837+00:00","1eb50fb702881358824526c667271024104dd5c27a9cd35da157bce789abdbb9","0","2024","500","0","0","0","True","0","44,1","43,2","56,4","57,9","100","100,08455142904727","91,93453214486189","1380233216","[23:31:22] [Server thread/INFO]: The game is running normally [23:31:22] [Server thread/INFO]: Target tick rate: 20,0 per second. Average time per tick: 44,1ms (Target: 50,0ms) [23:31:22] [Server thread/INFO]: Percentiles: P50: 43,2ms P95: 56,4ms P99: 57,9ms, sample: 100"
"with-umce","2","2026-09-26T21:31:22.6207624+00:00","1eb50fb702881358824526c667271024104dd5c27a9cd35da157bce789abdbb9","0","2024","500","0","0","0","True","0","44","43,2","56,4","57,9","100","102,14788398615364","91,93453214486189","1380233216","[23:31:22] [Server thread/INFO]: The game is running normally [23:31:22] [Server thread/INFO]: Target tick rate: 20,0 per second. Average time per tick: 44,0ms (Target: 50,0ms) [23:31:22] [Server thread/INFO]: Percentiles: P50: 43,2ms P95: 56,4ms P99: 57,9ms, sample: 100"
"with-umce","2","2026-09-26T21:31:22.7431202+00:00","1eb50fb702881358824526c667271024104dd5c27a9cd35da157bce789abdbb9","0","2024","500","0","0","0","True","0","44,2","43,7","56,4","57,9","100","102,19513329515625","91,93453214486189","1380233216","[23:31:22] [Server thread/INFO]: The game is running normally [23:31:22] [Server thread/INFO]: Target tick rate: 20,0 per second. Average time per tick: 44,2ms (Target: 50,0ms) [23:31:22] [Server thread/INFO]: Percentiles: P50: 43,7ms P95: 56,4ms P99: 57,9ms, sample: 100"
"with-umce","2","2026-09-26T21:31:22.8807364+00:00","1eb50fb702881358824526c667271024104dd5c27a9cd35da157bce789abdbb9","0","2024","500","0","0","0","True","0","44","43,5","56,4","57,9","100","88,86958697884843","91,93453214486189","1380233216","[23:31:22] [Server thread/INFO]: The game is running normally [23:31:22] [Server thread/INFO]: Target tick rate: 20,0 per second. Average time per tick: 44,0ms (Target: 50,0ms) [23:31:22] [Server thread/INFO]: Percentiles: P50: 43,5ms P95: 56,4ms P99: 57,9ms, sample: 100"
"with-umce","2","2026-09-26T21:31:23.0038303+00:00","1eb50fb702881358824526c667271024104dd5c27a9cd35da157bce789abdbb9","0","2024","500","0","0","0","True","0","43,9","43,2","56,4","57,9","100","87,74252032618158","91,93453214486189","1380233216","[23:31:23] [Server thread/INFO]: The game is running normally [23:31:23] [Server thread/INFO]: Target tick rate: 20,0 per second. Average time per tick: 43,9ms (Target: 50,0ms) [23:31:23] [Server thread/INFO]: Percentiles: P50: 43,2ms P95: 56,4ms P99: 57,9ms, sample: 100"
"with-umce","2","2026-09-26T21:31:23.1285002+00:00","1eb50fb702881358824526c667271024104dd5c27a9cd35da157bce789abdbb9","0","2024","500","0","0","0","True","0","43,9","43,2","56,4","57,9","100","73,82441993692441","91,93453214486189","1380233216","[23:31:23] [Server thread/INFO]: The game is running normally [23:31:23] [Server thread/INFO]: Target tick rate: 20,0 per second. Average time per tick: 43,9ms (Target: 50,0ms) [23:31:23] [Server thread/INFO]: Percentiles: P50: 43,2ms P95: 56,4ms P99: 57,9ms, sample: 100"
"with-umce","2","2026-09-26T21:31:23.2554715+00:00","1eb50fb702881358824526c667271024104dd5c27a9cd35da157bce789abdbb9","0","2024","500","0","0","0","True","0","43,9","43,2","56,4","57,9","100","87,93029569501311","91,93453214486189","1380233216","[23:31:23] [Server thread/INFO]: The game is running normally [23:31:23] [Server thread/INFO]: Target tick rate: 20,0 per second. Average time per tick: 43,9ms (Target: 50,0ms) [23:31:23] [Server thread/INFO]: Percentiles: P50: 43,2ms P95: 56,4ms P99: 57,9ms, sample: 100"
"with-umce","2","2026-09-26T21:31:23.3798603+00:00","1eb50fb702881358824526c667271024104dd5c27a9cd35da157bce789abdbb9","0","2024","500","0","0","0","True","0","44,1","43,2","56,4","57,9","100","101,08762194199834","91,93453214486189","1380233216","[23:31:23] [Server thread/INFO]: The game is running normally [23:31:23] [Server thread/INFO]: Target tick rate: 20,0 per second. Average time per tick: 44,1ms (Target: 50,0ms) [23:31:23] [Server thread/INFO]: Percentiles: P50: 43,2ms P95: 56,4ms P99: 57,9ms, sample: 100"
"with-umce","2","2026-09-26T21:31:23.5035168+00:00","1eb50fb702881358824526c667271024104dd5c27a9cd35da157bce789abdbb9","0","2024","500","0","0","0","True","0","44,4","43,7","56,4","57,9","100","88,4669794724254","91,93453214486189","1380233216","[23:31:23] [Server thread/INFO]: The game is running normally [23:31:23] [Server thread/INFO]: Target tick rate: 20,0 per second. Average time per tick: 44,4ms (Target: 50,0ms) [23:31:23] [Server thread/INFO]: Percentiles: P50: 43,7ms P95: 56,4ms P99: 57,9ms, sample: 100"
"with-umce","2","2026-09-26T21:31:23.6271274+00:00","1eb50fb702881358824526c667271024104dd5c27a9cd35da157bce789abdbb9","0","2024","500","0","0","0","True","0","44,6","44,9","56,4","57,9","100","101,44448835863629","91,93453214486189","1380233216","[23:31:23] [Server thread/INFO]: The game is running normally [23:31:23] [Server thread/INFO]: Target tick rate: 20,0 per second. Average time per tick: 44,6ms (Target: 50,0ms) [23:31:23] [Server thread/INFO]: Percentiles: P50: 44,9ms P95: 56,4ms P99: 57,9ms, sample: 100"
"with-umce","2","2026-09-26T21:31:23.7503737+00:00","1eb50fb702881358824526c667271024104dd5c27a9cd35da157bce789abdbb9","0","2024","500","0","0","0","True","0","44,7","44,9","56,4","57,9","100","101,26319763254745","91,93453214486189","1380233216","[23:31:23] [Server thread/INFO]: The game is running normally [23:31:23] [Server thread/INFO]: Target tick rate: 20,0 per second. Average time per tick: 44,7ms (Target: 50,0ms) [23:31:23] [Server thread/INFO]: Percentiles: P50: 44,9ms P95: 56,4ms P99: 57,9ms, sample: 100"
"with-umce","2","2026-09-26T21:31:23.8738300+00:00","1eb50fb702881358824526c667271024104dd5c27a9cd35da157bce789abdbb9","0","2024","500","0","0","0","True","0","44,3","43,7","56,4","57,9","100","63,526951283671316","91,93453214486189","1380233216","[23:31:23] [Server thread/INFO]: The game is running normally [23:31:23] [Server thread/INFO]: Target tick rate: 20,0 per second. Average time per tick: 44,3ms (Target: 50,0ms) [23:31:23] [Server thread/INFO]: Percentiles: P50: 43,7ms P95: 56,4ms P99: 57,9ms, sample: 100"
"with-umce","2","2026-09-26T21:31:23.9967798+00:00","1eb50fb702881358824526c667271024104dd5c27a9cd35da157bce789abdbb9","0","2024","500","0","0","0","True","0","44,2","43,5","56,4","57,9","100","99,9075255943099","91,93453214486189","1380233216","[23:31:24] [Server thread/INFO]: The game is running normally [23:31:24] [Server thread/INFO]: Target tick rate: 20,0 per second. Average time per tick: 44,2ms (Target: 50,0ms) [23:31:24] [Server thread/INFO]: Percentiles: P50: 43,5ms P95: 56,4ms P99: 57,9ms, sample: 100"
"with-umce","2","2026-09-26T21:31:24.1219063+00:00","1eb50fb702881358824526c667271024104dd5c27a9cd35da157bce789abdbb9","0","2024","500","0","0","0","True","0","44,2","43,5","56,4","57,9","100","88,17620568616607","91,93453214486189","1380233216","[23:31:24] [Server thread/INFO]: The game is running normally [23:31:24] [Server thread/INFO]: Target tick rate: 20,0 per second. Average time per tick: 44,2ms (Target: 50,0ms) [23:31:24] [Server thread/INFO]: Percentiles: P50: 43,5ms P95: 56,4ms P99: 57,9ms, sample: 100"
"with-umce","2","2026-09-26T21:31:24.2459398+00:00","1eb50fb702881358824526c667271024104dd5c27a9cd35da157bce789abdbb9","0","2024","500","0","0","0","True","0","44,5","44,9","56,4","57,9","100","100,74235023037761","91,93453214486189","1380233216","[23:31:24] [Server thread/INFO]: The game is running normally [23:31:24] [Server thread/INFO]: Target tick rate: 20,0 per second. Average time per tick: 44,5ms (Target: 50,0ms) [23:31:24] [Server thread/INFO]: Percentiles: P50: 44,9ms P95: 56,4ms P99: 57,9ms, sample: 100"
"with-umce","2","2026-09-26T21:31:24.3700390+00:00","1eb50fb702881358824526c667271024104dd5c27a9cd35da157bce789abdbb9","0","2024","500","0","0","0","True","0","44,7","44,9","56,4","57,9","100","80,21353117015315","91,93453214486189","1380233216","[23:31:24] [Server thread/INFO]: The game is running normally [23:31:24] [Server thread/INFO]: Target tick rate: 20,0 per second. Average time per tick: 44,7ms (Target: 50,0ms) [23:31:24] [Server thread/INFO]: Percentiles: P50: 44,9ms P95: 56,4ms P99: 57,9ms, sample: 100"
"with-umce","2","2026-09-26T21:31:24.5063823+00:00","1eb50fb702881358824526c667271024104dd5c27a9cd35da157bce789abdbb9","0","2024","500","0","0","0","True","0","44,7","44,9","56,4","57,9","100","78,1218100260906","91,93453214486189","1380233216","[23:31:24] [Server thread/INFO]: The game is running normally [23:31:24] [Server thread/INFO]: Target tick rate: 20,0 per second. Average time per tick: 44,7ms (Target: 50,0ms) [23:31:24] [Server thread/INFO]: Percentiles: P50: 44,9ms P95: 56,4ms P99: 57,9ms, sample: 100"
"with-umce","2","2026-09-26T21:31:24.6263906+00:00","1eb50fb702881358824526c667271024104dd5c27a9cd35da157bce789abdbb9","0","2024","500","0","0","0","True","0","44,6","44,9","56,4","57,9","100","77,54169261728646","91,93453214486189","1380233216","[23:31:24] [Server thread/INFO]: The game is running normally [23:31:24] [Server thread/INFO]: Target tick rate: 20,0 per second. Average time per tick: 44,6ms (Target: 50,0ms) [23:31:24] [Server thread/INFO]: Percentiles: P50: 44,9ms P95: 56,4ms P99: 57,9ms, sample: 100"
"with-umce","2","2026-09-26T21:31:24.7473097+00:00","1eb50fb702881358824526c667271024104dd5c27a9cd35da157bce789abdbb9","0","2024","500","0","0","0","True","0","44,6","44,9","56,4","57,9","100","88,3899810411067","91,93453214486189","1380233216","[23:31:24] [Server thread/INFO]: The game is running normally [23:31:24] [Server thread/INFO]: Target tick rate: 20,0 per second. Average time per tick: 44,6ms (Target: 50,0ms) [23:31:24] [Server thread/INFO]: Percentiles: P50: 44,9ms P95: 56,4ms P99: 57,9ms, sample: 100"
"with-umce","2","2026-09-26T21:31:24.8710473+00:00","1eb50fb702881358824526c667271024104dd5c27a9cd35da157bce789abdbb9","0","2024","500","0","0","0","True","0","44,6","44,9","56,4","57,9","100","62,910275653703195","91,93453214486189","1380233216","[23:31:24] [Server thread/INFO]: The game is running normally [23:31:24] [Server thread/INFO]: Target tick rate: 20,0 per second. Average time per tick: 44,6ms (Target: 50,0ms) [23:31:24] [Server thread/INFO]: Percentiles: P50: 44,9ms P95: 56,4ms P99: 57,9ms, sample: 100"
"with-umce","2","2026-09-26T21:31:24.9951966+00:00","1eb50fb702881358824526c667271024104dd5c27a9cd35da157bce789abdbb9","0","2024","500","0","0","0","True","0","44,4","44,2","56,4","57,9","100","88,57645190470753","91,93453214486189","1380233216","[23:31:25] [Server thread/INFO]: The game is running normally [23:31:25] [Server thread/INFO]: Target tick rate: 20,0 per second. Average time per tick: 44,4ms (Target: 50,0ms) [23:31:25] [Server thread/INFO]: Percentiles: P50: 44,2ms P95: 56,4ms P99: 57,9ms, sample: 100"
"with-umce","2","2026-09-26T21:31:25.1186915+00:00","1eb50fb702881358824526c667271024104dd5c27a9cd35da157bce789abdbb9","0","2024","500","0","0","0","True","0","44,1","43,5","56,4","57,9","100","62,81588854029142","91,93453214486189","1380233216","[23:31:25] [Server thread/INFO]: The game is running normally [23:31:25] [Server thread/INFO]: Target tick rate: 20,0 per second. Average time per tick: 44,1ms (Target: 50,0ms) [23:31:25] [Server thread/INFO]: Percentiles: P50: 43,5ms P95: 56,4ms P99: 57,9ms, sample: 100"
"with-umce","2","2026-09-26T21:31:25.2430582+00:00","1eb50fb702881358824526c667271024104dd5c27a9cd35da157bce789abdbb9","0","2024","500","0","0","0","True","0","44,1","43,5","56,4","57,9","100","87,96204704069537","91,93453214486189","1380233216","[23:31:25] [Server thread/INFO]: The game is running normally [23:31:25] [Server thread/INFO]: Target tick rate: 20,0 per second. Average time per tick: 44,1ms (Target: 50,0ms) [23:31:25] [Server thread/INFO]: Percentiles: P50: 43,5ms P95: 56,4ms P99: 57,9ms, sample: 100"
"with-umce","2","2026-09-26T21:31:25.3674083+00:00","1eb50fb702881358824526c667271024104dd5c27a9cd35da157bce789abdbb9","0","2024","500","0","0","0","True","0","43,9","43,4","56,4","57,9","100","79,53492701329714","91,93453214486189","1380233216","[23:31:25] [Server thread/INFO]: The game is running normally [23:31:25] [Server thread/INFO]: Target tick rate: 20,0 per second. Average time per tick: 43,9ms (Target: 50,0ms) [23:31:25] [Server thread/INFO]: Percentiles: P50: 43,4ms P95: 56,4ms P99: 57,9ms, sample: 100"
"with-umce","2","2026-09-26T21:31:25.5049171+00:00","1eb50fb702881358824526c667271024104dd5c27a9cd35da157bce789abdbb9","0","2024","500","0","0","0","True","0","43,6","43","56,4","57,9","100","101,71507897565593","91,93453214486189","1380233216","[23:31:25] [Server thread/INFO]: The game is running normally [23:31:25] [Server thread/INFO]: Target tick rate: 20,0 per second. Average time per tick: 43,6ms (Target: 50,0ms) [23:31:25] [Server thread/INFO]: Percentiles: P50: 43,0ms P95: 56,4ms P99: 57,9ms, sample: 100"
"with-umce","2","2026-09-26T21:31:25.6277886+00:00","1eb50fb702881358824526c667271024104dd5c27a9cd35da157bce789abdbb9","0","2024","500","0","0","0","True","0","43,6","43","56,4","57,9","100","89,3487324937752","91,93453214486189","1380233216","[23:31:25] [Server thread/INFO]: The game is running normally [23:31:25] [Server thread/INFO]: Target tick rate: 20,0 per second. Average time per tick: 43,6ms (Target: 50,0ms) [23:31:25] [Server thread/INFO]: Percentiles: P50: 43,0ms P95: 56,4ms P99: 57,9ms, sample: 100"
"with-umce","2","2026-09-26T21:31:25.7502117+00:00","1eb50fb702881358824526c667271024104dd5c27a9cd35da157bce789abdbb9","0","2024","500","0","0","0","True","0","43,5","42,9","56,4","57,9","100","112,58574530362324","91,93453214486189","1380233216","[23:31:25] [Server thread/INFO]: The game is running normally [23:31:25] [Server thread/INFO]: Target tick rate: 20,0 per second. Average time per tick: 43,5ms (Target: 50,0ms) [23:31:25] [Server thread/INFO]: Percentiles: P50: 42,9ms P95: 56,4ms P99: 57,9ms, sample: 100"
"with-umce","2","2026-09-26T21:31:25.8751122+00:00","1eb50fb702881358824526c667271024104dd5c27a9cd35da157bce789abdbb9","0","2024","500","0","0","0","True","0","43,2","41,8","56,4","57,9","100","75,0070806684151","91,93453214486189","1380233216","[23:31:25] [Server thread/INFO]: The game is running normally [23:31:25] [Server thread/INFO]: Target tick rate: 20,0 per second. Average time per tick: 43,2ms (Target: 50,0ms) [23:31:25] [Server thread/INFO]: Percentiles: P50: 41,8ms P95: 56,4ms P99: 57,9ms, sample: 100"
"with-umce","2","2026-09-26T21:31:26.0001533+00:00","1eb50fb702881358824526c667271024104dd5c27a9cd35da157bce789abdbb9","0","2024","500","0","0","0","True","0","42,9","41,6","53,9","57,5","100","101,75664531947923","91,93453214486189","1380233216","[23:31:26] [Server thread/INFO]: The game is running normally [23:31:26] [Server thread/INFO]: Target tick rate: 20,0 per second. Average time per tick: 42,9ms (Target: 50,0ms) [23:31:26] [Server thread/INFO]: Percentiles: P50: 41,6ms P95: 53,9ms P99: 57,5ms, sample: 100"
"with-umce","2","2026-09-26T21:31:26.1229974+00:00","1eb50fb702881358824526c667271024104dd5c27a9cd35da157bce789abdbb9","0","2024","500","0","0","0","True","0","42,6","40,8","53,9","57,5","100","216,7305809399478","91,93453214486189","1380233216","[23:31:26] [Server thread/INFO]: The game is running normally [23:31:26] [Server thread/INFO]: Target tick rate: 20,0 per second. Average time per tick: 42,6ms (Target: 50,0ms) [23:31:26] [Server thread/INFO]: Percentiles: P50: 40,8ms P95: 53,9ms P99: 57,5ms, sample: 100"
"with-umce","2","2026-09-26T21:31:26.2455609+00:00","1eb50fb702881358824526c667271024104dd5c27a9cd35da157bce789abdbb9","0","2024","500","0","0","0","True","0","42,6","40,8","53,9","57,5","100","89,76104481445827","91,93453214486189","1380233216","[23:31:26] [Server thread/INFO]: The game is running normally [23:31:26] [Server thread/INFO]: Target tick rate: 20,0 per second. Average time per tick: 42,6ms (Target: 50,0ms) [23:31:26] [Server thread/INFO]: Percentiles: P50: 40,8ms P95: 53,9ms P99: 57,5ms, sample: 100"
"with-umce","2","2026-09-26T21:31:26.3673794+00:00","1eb50fb702881358824526c667271024104dd5c27a9cd35da157bce789abdbb9","0","2024","500","0","0","0","True","0","42,3","40,7","53,7","57","100","61,32421047123159","91,93453214486189","1380233216","[23:31:26] [Server thread/INFO]: The game is running normally [23:31:26] [Server thread/INFO]: Target tick rate: 20,0 per second. Average time per tick: 42,3ms (Target: 50,0ms) [23:31:26] [Server thread/INFO]: Percentiles: P50: 40,7ms P95: 53,7ms P99: 57,0ms, sample: 100"
"with-umce","2","2026-09-26T21:31:26.5202534+00:00","1eb50fb702881358824526c667271024104dd5c27a9cd35da157bce789abdbb9","0","2024","500","0","0","0","True","0","41,9","40,5","53,2","57","100","89,4122051849678","91,93453214486189","1380233216","[23:31:26] [Server thread/INFO]: The game is running normally [23:31:26] [Server thread/INFO]: Target tick rate: 20,0 per second. Average time per tick: 41,9ms (Target: 50,0ms) [23:31:26] [Server thread/INFO]: Percentiles: P50: 40,5ms P95: 53,2ms P99: 57,0ms, sample: 100"
"with-umce","2","2026-09-26T21:31:26.6425814+00:00","1eb50fb702881358824526c667271024104dd5c27a9cd35da157bce789abdbb9","0","2024","500","0","0","0","True","0","41,7","40,5","53,2","57","100","77,32928169139554","91,93453214486189","1380233216","[23:31:26] [Server thread/INFO]: The game is running normally [23:31:26] [Server thread/INFO]: Target tick rate: 20,0 per second. Average time per tick: 41,7ms (Target: 50,0ms) [23:31:26] [Server thread/INFO]: Percentiles: P50: 40,5ms P95: 53,2ms P99: 57,0ms, sample: 100"
"with-umce","2","2026-09-26T21:31:26.7637832+00:00","1eb50fb702881358824526c667271024104dd5c27a9cd35da157bce789abdbb9","0","2024","500","0","0","0","True","0","41,6","40,4","53,2","57","100","76,7896912603912","91,93453214486189","1380233216","[23:31:26] [Server thread/INFO]: The game is running normally [23:31:26] [Server thread/INFO]: Target tick rate: 20,0 per second. Average time per tick: 41,6ms (Target: 50,0ms) [23:31:26] [Server thread/INFO]: Percentiles: P50: 40,4ms P95: 53,2ms P99: 57,0ms, sample: 100"
"with-umce","2","2026-09-26T21:31:26.8858743+00:00","1eb50fb702881358824526c667271024104dd5c27a9cd35da157bce789abdbb9","0","2024","500","0","0","0","True","0","41,2","39,7","52,6","57","100","75,3731271285371","91,93453214486189","1380233216","[23:31:26] [Server thread/INFO]: The game is running normally [23:31:26] [Server thread/INFO]: Target tick rate: 20,0 per second. Average time per tick: 41,2ms (Target: 50,0ms) [23:31:26] [Server thread/INFO]: Percentiles: P50: 39,7ms P95: 52,6ms P99: 57,0ms, sample: 100"
"with-umce","2","2026-09-26T21:31:27.0102594+00:00","1eb50fb702881358824526c667271024104dd5c27a9cd35da157bce789abdbb9","0","2024","500","0","0","0","True","0","40,9","39,6","52,6","57","100","76,24492717084557","91,93453214486189","1380233216","[23:31:27] [Server thread/INFO]: The game is running normally [23:31:27] [Server thread/INFO]: Target tick rate: 20,0 per second. Average time per tick: 40,9ms (Target: 50,0ms) [23:31:27] [Server thread/INFO]: Percentiles: P50: 39,6ms P95: 52,6ms P99: 57,0ms, sample: 100"
"with-umce","2","2026-09-26T21:31:27.1332398+00:00","1eb50fb702881358824526c667271024104dd5c27a9cd35da157bce789abdbb9","0","2024","500","0","0","0","True","0","40,6","39,2","52,5","57","100","90,81682101893567","91,93453214486189","1380233216","[23:31:27] [Server thread/INFO]: The game is running normally [23:31:27] [Server thread/INFO]: Target tick rate: 20,0 per second. Average time per tick: 40,6ms (Target: 50,0ms) [23:31:27] [Server thread/INFO]: Percentiles: P50: 39,2ms P95: 52,5ms P99: 57,0ms, sample: 100"
"with-umce","2","2026-09-26T21:31:27.2708593+00:00","1eb50fb702881358824526c667271024104dd5c27a9cd35da157bce789abdbb9","0","2024","500","0","0","0","True","0","40,5","38,8","52,5","57","100","75,37439971828064","91,93453214486189","1380233216","[23:31:27] [Server thread/INFO]: The game is running normally [23:31:27] [Server thread/INFO]: Target tick rate: 20,0 per second. Average time per tick: 40,5ms (Target: 50,0ms) [23:31:27] [Server thread/INFO]: Percentiles: P50: 38,8ms P95: 52,5ms P99: 57,0ms, sample: 100"
"with-umce","2","2026-09-26T21:31:27.3952674+00:00","1eb50fb702881358824526c667271024104dd5c27a9cd35da157bce789abdbb9","0","2024","500","0","0","0","True","0","40,3","38,6","52,5","57","100","62,47880718860163","91,93453214486189","1380233216","[23:31:27] [Server thread/INFO]: The game is running normally [23:31:27] [Server thread/INFO]: Target tick rate: 20,0 per second. Average time per tick: 40,3ms (Target: 50,0ms) [23:31:27] [Server thread/INFO]: Percentiles: P50: 38,6ms P95: 52,5ms P99: 57,0ms, sample: 100"
"with-umce","2","2026-09-26T21:31:27.5202768+00:00","1eb50fb702881358824526c667271024104dd5c27a9cd35da157bce789abdbb9","0","2024","500","0","0","0","True","0","39,9","38,5","51,3","53,9","100","87,34766567106965","91,93453214486189","1380233216","[23:31:27] [Server thread/INFO]: The game is running normally [23:31:27] [Server thread/INFO]: Target tick rate: 20,0 per second. Average time per tick: 39,9ms (Target: 50,0ms) [23:31:27] [Server thread/INFO]: Percentiles: P50: 38,5ms P95: 51,3ms P99: 53,9ms, sample: 100"
"with-umce","2","2026-09-26T21:31:27.6455252+00:00","1eb50fb702881358824526c667271024104dd5c27a9cd35da157bce789abdbb9","0","2024","500","0","0","0","True","0","39,8","38,5","51,3","53,9","100","63,798998651748526","91,93453214486189","1380233216","[23:31:27] [Server thread/INFO]: The game is running normally [23:31:27] [Server thread/INFO]: Target tick rate: 20,0 per second. Average time per tick: 39,8ms (Target: 50,0ms) [23:31:27] [Server thread/INFO]: Percentiles: P50: 38,5ms P95: 51,3ms P99: 53,9ms, sample: 100"
"with-umce","2","2026-09-26T21:31:27.7679875+00:00","1eb50fb702881358824526c667271024104dd5c27a9cd35da157bce789abdbb9","0","2024","500","0","0","0","True","0","39,4","38","51,3","53,9","100","76,144605713079","91,93453214486189","1380233216","[23:31:27] [Server thread/INFO]: The game is running normally [23:31:27] [Server thread/INFO]: Target tick rate: 20,0 per second. Average time per tick: 39,4ms (Target: 50,0ms) [23:31:27] [Server thread/INFO]: Percentiles: P50: 38,0ms P95: 51,3ms P99: 53,9ms, sample: 100"
"with-umce","2","2026-09-26T21:31:27.8910949+00:00","1eb50fb702881358824526c667271024104dd5c27a9cd35da157bce789abdbb9","0","2024","500","0","0","0","True","0","39,3","37,9","51,3","53,9","100","74,75540033011984","91,93453214486189","1380233216","[23:31:27] [Server thread/INFO]: The game is running normally [23:31:27] [Server thread/INFO]: Target tick rate: 20,0 per second. Average time per tick: 39,3ms (Target: 50,0ms) [23:31:27] [Server thread/INFO]: Percentiles: P50: 37,9ms P95: 51,3ms P99: 53,9ms, sample: 100"
"with-umce","2","2026-09-26T21:31:28.0164763+00:00","1eb50fb702881358824526c667271024104dd5c27a9cd35da157bce789abdbb9","0","2024","500","0","0","0","True","0","39,1","37,8","51,3","53,9","100","91,47606191685317","91,93453214486189","1380233216","[23:31:28] [Server thread/INFO]: The game is running normally [23:31:28] [Server thread/INFO]: Target tick rate: 20,0 per second. Average time per tick: 39,1ms (Target: 50,0ms) [23:31:28] [Server thread/INFO]: Percentiles: P50: 37,8ms P95: 51,3ms P99: 53,9ms, sample: 100"
"with-umce","2","2026-09-26T21:31:28.1360439+00:00","1eb50fb702881358824526c667271024104dd5c27a9cd35da157bce789abdbb9","0","2024","500","0","0","0","True","0","39,2","37,8","51,3","53,9","100","102,61756894874459","91,93453214486189","1380233216","[23:31:28] [Server thread/INFO]: The game is running normally [23:31:28] [Server thread/INFO]: Target tick rate: 20,0 per second. Average time per tick: 39,2ms (Target: 50,0ms) [23:31:28] [Server thread/INFO]: Percentiles: P50: 37,8ms P95: 51,3ms P99: 53,9ms, sample: 100"
"with-umce","2","2026-09-26T21:31:28.2578771+00:00","1eb50fb702881358824526c667271024104dd5c27a9cd35da157bce789abdbb9","0","2024","500","0","0","0","True","0","39,3","37,8","51,3","53,9","100","74,80090989821491","91,93453214486189","1380233216","[23:31:28] [Server thread/INFO]: The game is running normally [23:31:28] [Server thread/INFO]: Target tick rate: 20,0 per second. Average time per tick: 39,3ms (Target: 50,0ms) [23:31:28] [Server thread/INFO]: Percentiles: P50: 37,8ms P95: 51,3ms P99: 53,9ms, sample: 100"
"with-umce","2","2026-09-26T21:31:28.3831861+00:00","1eb50fb702881358824526c667271024104dd5c27a9cd35da157bce789abdbb9","0","2024","500","0","0","0","True","0","39,2","37,6","51,3","53,9","100","78,34105343379133","91,93453214486189","1380233216","[23:31:28] [Server thread/INFO]: The game is running normally [23:31:28] [Server thread/INFO]: Target tick rate: 20,0 per second. Average time per tick: 39,2ms (Target: 50,0ms) [23:31:28] [Server thread/INFO]: Percentiles: P50: 37,6ms P95: 51,3ms P99: 53,9ms, sample: 100"
"with-umce","2","2026-09-26T21:31:28.5228438+00:00","1eb50fb702881358824526c667271024104dd5c27a9cd35da157bce789abdbb9","0","2024","500","0","0","0","True","0","38,9","37,5","49,4","53,7","100","90,93051744556536","91,93453214486189","1380233216","[23:31:28] [Server thread/INFO]: The game is running normally [23:31:28] [Server thread/INFO]: Target tick rate: 20,0 per second. Average time per tick: 38,9ms (Target: 50,0ms) [23:31:28] [Server thread/INFO]: Percentiles: P50: 37,5ms P95: 49,4ms P99: 53,7ms, sample: 100"
"with-umce","2","2026-09-26T21:31:28.6602916+00:00","1eb50fb702881358824526c667271024104dd5c27a9cd35da157bce789abdbb9","0","2024","500","0","0","0","True","0","38,7","37,5","48,9","53,7","100","63,0466395838478","91,93453214486189","1380233216","[23:31:28] [Server thread/INFO]: The game is running normally [23:31:28] [Server thread/INFO]: Target tick rate: 20,0 per second. Average time per tick: 38,7ms (Target: 50,0ms) [23:31:28] [Server thread/INFO]: Percentiles: P50: 37,5ms P95: 48,9ms P99: 53,7ms, sample: 100"
"with-umce","2","2026-09-26T21:31:28.7841921+00:00","1eb50fb702881358824526c667271024104dd5c27a9cd35da157bce789abdbb9","0","2024","500","0","0","0","True","0","38,3","37,3","46,5","53,7","100","115,87034386610209","91,93453214486189","1380233216","[23:31:28] [Server thread/INFO]: The game is running normally [23:31:28] [Server thread/INFO]: Target tick rate: 20,0 per second. Average time per tick: 38,3ms (Target: 50,0ms) [23:31:28] [Server thread/INFO]: Percentiles: P50: 37,3ms P95: 46,5ms P99: 53,7ms, sample: 100"
"with-umce","2","2026-09-26T21:31:28.9055784+00:00","1eb50fb702881358824526c667271024104dd5c27a9cd35da157bce789abdbb9","0","2024","500","0","0","0","True","0","38,4","37,3","46,5","53,7","100","62,618323584244784","91,93453214486189","1380233216","[23:31:28] [Server thread/INFO]: The game is running normally [23:31:28] [Server thread/INFO]: Target tick rate: 20,0 per second. Average time per tick: 38,4ms (Target: 50,0ms) [23:31:28] [Server thread/INFO]: Percentiles: P50: 37,3ms P95: 46,5ms P99: 53,7ms, sample: 100"
"with-umce","2","2026-09-26T21:31:29.0303360+00:00","1eb50fb702881358824526c667271024104dd5c27a9cd35da157bce789abdbb9","0","2024","500","0","0","0","True","0","38,3","37,3","46,5","53,7","100","90,32933145145505","91,93453214486189","1380233216","[23:31:29] [Server thread/INFO]: The game is running normally [23:31:29] [Server thread/INFO]: Target tick rate: 20,0 per second. Average time per tick: 38,3ms (Target: 50,0ms) [23:31:29] [Server thread/INFO]: Percentiles: P50: 37,3ms P95: 46,5ms P99: 53,7ms, sample: 100"
"with-umce","2","2026-09-26T21:31:29.1514214+00:00","1eb50fb702881358824526c667271024104dd5c27a9cd35da157bce789abdbb9","0","2024","500","0","0","0","True","0","38,2","37,2","46,5","53,7","100","76,8061110628655","91,93453214486189","1380233216","[23:31:29] [Server thread/INFO]: The game is running normally [23:31:29] [Server thread/INFO]: Target tick rate: 20,0 per second. Average time per tick: 38,2ms (Target: 50,0ms) [23:31:29] [Server thread/INFO]: Percentiles: P50: 37,2ms P95: 46,5ms P99: 53,7ms, sample: 100"
"with-umce","2","2026-09-26T21:31:29.2735457+00:00","1eb50fb702881358824526c667271024104dd5c27a9cd35da157bce789abdbb9","0","2024","500","0","0","0","True","0","37,8","37","44,6","53,6","100","90,38028408330894","91,93453214486189","1380233216","[23:31:29] [Server thread/INFO]: The game is running normally [23:31:29] [Server thread/INFO]: Target tick rate: 20,0 per second. Average time per tick: 37,8ms (Target: 50,0ms) [23:31:29] [Server thread/INFO]: Percentiles: P50: 37,0ms P95: 44,6ms P99: 53,6ms, sample: 100"
"with-umce","2","2026-09-26T21:31:29.4117624+00:00","1eb50fb702881358824526c667271024104dd5c27a9cd35da157bce789abdbb9","0","2024","500","0","0","0","True","0","37,7","36,8","44,6","53,6","100","76,0266640716232","91,93453214486189","1380233216","[23:31:29] [Server thread/INFO]: The game is running normally [23:31:29] [Server thread/INFO]: Target tick rate: 20,0 per second. Average time per tick: 37,7ms (Target: 50,0ms) [23:31:29] [Server thread/INFO]: Percentiles: P50: 36,8ms P95: 44,6ms P99: 53,6ms, sample: 100"
"with-umce","2","2026-09-26T21:31:29.5350881+00:00","1eb50fb702881358824526c667271024104dd5c27a9cd35da157bce789abdbb9","0","2024","500","0","0","0","True","0","37,7","37","45","53,6","100","88,09687394032046","91,93453214486189","1380233216","[23:31:29] [Server thread/INFO]: The game is running normally [23:31:29] [Server thread/INFO]: Target tick rate: 20,0 per second. Average time per tick: 37,7ms (Target: 50,0ms) [23:31:29] [Server thread/INFO]: Percentiles: P50: 37,0ms P95: 45,0ms P99: 53,6ms, sample: 100"
"with-umce","2","2026-09-26T21:31:29.6592468+00:00","1eb50fb702881358824526c667271024104dd5c27a9cd35da157bce789abdbb9","0","2024","500","0","0","0","True","0","37,8","37,2","45","53,6","100","62,09163573013008","91,93453214486189","1380233216","[23:31:29] [Server thread/INFO]: The game is running normally [23:31:29] [Server thread/INFO]: Target tick rate: 20,0 per second. Average time per tick: 37,8ms (Target: 50,0ms) [23:31:29] [Server thread/INFO]: Percentiles: P50: 37,2ms P95: 45,0ms P99: 53,6ms, sample: 100"
"with-umce","2","2026-09-26T21:31:29.7850696+00:00","1eb50fb702881358824526c667271024104dd5c27a9cd35da157bce789abdbb9","0","2024","500","0","0","0","True","0","37,7","37","45","53,6","100","76,88648684113406","91,93453214486189","1380233216","[23:31:29] [Server thread/INFO]: The game is running normally [23:31:29] [Server thread/INFO]: Target tick rate: 20,0 per second. Average time per tick: 37,7ms (Target: 50,0ms) [23:31:29] [Server thread/INFO]: Percentiles: P50: 37,0ms P95: 45,0ms P99: 53,6ms, sample: 100"
"with-umce","2","2026-09-26T21:31:29.9070508+00:00","1eb50fb702881358824526c667271024104dd5c27a9cd35da157bce789abdbb9","0","2024","500","0","0","0","True","0","37,7","37","45","53,6","100","88,76969063914987","91,93453214486189","1380233216","[23:31:29] [Server thread/INFO]: The game is running normally [23:31:29] [Server thread/INFO]: Target tick rate: 20,0 per second. Average time per tick: 37,7ms (Target: 50,0ms) [23:31:29] [Server thread/INFO]: Percentiles: P50: 37,0ms P95: 45,0ms P99: 53,6ms, sample: 100"
"with-umce","2","2026-09-26T21:31:30.0302033+00:00","1eb50fb702881358824526c667271024104dd5c27a9cd35da157bce789abdbb9","0","2024","500","0","0","0","True","0","37,9","37,3","46,4","53,6","100","89,52886738104223","91,93453214486189","1380233216","[23:31:30] [Server thread/INFO]: The game is running normally [23:31:30] [Server thread/INFO]: Target tick rate: 20,0 per second. Average time per tick: 37,9ms (Target: 50,0ms) [23:31:30] [Server thread/INFO]: Percentiles: P50: 37,3ms P95: 46,4ms P99: 53,6ms, sample: 100"
"with-umce","2","2026-09-26T21:31:30.1523623+00:00","1eb50fb702881358824526c667271024104dd5c27a9cd35da157bce789abdbb9","0","2024","500","0","0","0","True","0","37,9","37,3","46,4","53,6","100","63,17506345808774","91,93453214486189","1380233216","[23:31:30] [Server thread/INFO]: The game is running normally [23:31:30] [Server thread/INFO]: Target tick rate: 20,0 per second. Average time per tick: 37,9ms (Target: 50,0ms) [23:31:30] [Server thread/INFO]: Percentiles: P50: 37,3ms P95: 46,4ms P99: 53,6ms, sample: 100"
"with-umce","2","2026-09-26T21:31:30.2760495+00:00","1eb50fb702881358824526c667271024104dd5c27a9cd35da157bce789abdbb9","0","2024","500","0","0","0","True","0","37,8","37,3","46,4","53,6","100","80,80113354294224","91,93453214486189","1380233216","[23:31:30] [Server thread/INFO]: The game is running normally [23:31:30] [Server thread/INFO]: Target tick rate: 20,0 per second. Average time per tick: 37,8ms (Target: 50,0ms) [23:31:30] [Server thread/INFO]: Percentiles: P50: 37,3ms P95: 46,4ms P99: 53,6ms, sample: 100"
"with-umce","2","2026-09-26T21:31:30.4114018+00:00","1eb50fb702881358824526c667271024104dd5c27a9cd35da157bce789abdbb9","0","2024","500","0","0","0","True","0","37,9","37,3","46,4","53,6","100","75,72410417375109","91,93453214486189","1380233216","[23:31:30] [Server thread/INFO]: The game is running normally [23:31:30] [Server thread/INFO]: Target tick rate: 20,0 per second. Average time per tick: 37,9ms (Target: 50,0ms) [23:31:30] [Server thread/INFO]: Percentiles: P50: 37,3ms P95: 46,4ms P99: 53,6ms, sample: 100"
"with-umce","2","2026-09-26T21:31:30.5352332+00:00","1eb50fb702881358824526c667271024104dd5c27a9cd35da157bce789abdbb9","0","2024","500","0","0","0","True","0","37,8","37,2","46,4","53,6","100","77,10578996629552","91,93453214486189","1380233216","[23:31:30] [Server thread/INFO]: The game is running normally [23:31:30] [Server thread/INFO]: Target tick rate: 20,0 per second. Average time per tick: 37,8ms (Target: 50,0ms) [23:31:30] [Server thread/INFO]: Percentiles: P50: 37,2ms P95: 46,4ms P99: 53,6ms, sample: 100"
"with-umce","2","2026-09-26T21:31:30.6568313+00:00","1eb50fb702881358824526c667271024104dd5c27a9cd35da157bce789abdbb9","0","2024","500","0","0","0","True","0","37,6","37","46,4","53,6","100","62,40898273957261","91,93453214486189","1380233216","[23:31:30] [Server thread/INFO]: The game is running normally [23:31:30] [Server thread/INFO]: Target tick rate: 20,0 per second. Average time per tick: 37,6ms (Target: 50,0ms) [23:31:30] [Server thread/INFO]: Percentiles: P50: 37,0ms P95: 46,4ms P99: 53,6ms, sample: 100"
"with-umce","2","2026-09-26T21:31:30.7819863+00:00","1eb50fb702881358824526c667271024104dd5c27a9cd35da157bce789abdbb9","0","2024","500","0","0","0","True","0","37,5","36,9","46,4","53,6","100","87,95652957108577","91,93453214486189","1380233216","[23:31:30] [Server thread/INFO]: The game is running normally [23:31:30] [Server thread/INFO]: Target tick rate: 20,0 per second. Average time per tick: 37,5ms (Target: 50,0ms) [23:31:30] [Server thread/INFO]: Percentiles: P50: 36,9ms P95: 46,4ms P99: 53,6ms, sample: 100"
"with-umce","2","2026-09-26T21:31:30.9063360+00:00","1eb50fb702881358824526c667271024104dd5c27a9cd35da157bce789abdbb9","0","2024","500","0","0","0","True","0","37,5","36,9","46,4","53,6","100","62,956256582706196","91,93453214486189","1380233216","[23:31:30] [Server thread/INFO]: The game is running normally [23:31:30] [Server thread/INFO]: Target tick rate: 20,0 per second. Average time per tick: 37,5ms (Target: 50,0ms) [23:31:30] [Server thread/INFO]: Percentiles: P50: 36,9ms P95: 46,4ms P99: 53,6ms, sample: 100"
"with-umce","2","2026-09-26T21:31:31.0304536+00:00","1eb50fb702881358824526c667271024104dd5c27a9cd35da157bce789abdbb9","0","2024","500","0","0","0","True","0","37,5","36,8","46,4","53,6","100","90,38837871966257","91,93453214486189","1380233216","[23:31:31] [Server thread/INFO]: The game is running normally [23:31:31] [Server thread/INFO]: Target tick rate: 20,0 per second. Average time per tick: 37,5ms (Target: 50,0ms) [23:31:31] [Server thread/INFO]: Percentiles: P50: 36,8ms P95: 46,4ms P99: 53,6ms, sample: 100"
"with-umce","2","2026-09-26T21:31:31.1514498+00:00","1eb50fb702881358824526c667271024104dd5c27a9cd35da157bce789abdbb9","0","2024","500","0","0","0","True","0","37,4","36,8","46,4","53,6","100","89,81116458496362","91,93453214486189","1380233216","[23:31:31] [Server thread/INFO]: The game is running normally [23:31:31] [Server thread/INFO]: Target tick rate: 20,0 per second. Average time per tick: 37,4ms (Target: 50,0ms) [23:31:31] [Server thread/INFO]: Percentiles: P50: 36,8ms P95: 46,4ms P99: 53,6ms, sample: 100"
"with-umce","2","2026-09-26T21:31:31.2732174+00:00","1eb50fb702881358824526c667271024104dd5c27a9cd35da157bce789abdbb9","0","2024","500","0","0","0","True","0","37,3","36,8","46,4","53,6","100","100,36992338964488","91,93453214486189","1380233216","[23:31:31] [Server thread/INFO]: The game is running normally [23:31:31] [Server thread/INFO]: Target tick rate: 20,0 per second. Average time per tick: 37,3ms (Target: 50,0ms) [23:31:31] [Server thread/INFO]: Percentiles: P50: 36,8ms P95: 46,4ms P99: 53,6ms, sample: 100"
"with-umce","2","2026-09-26T21:31:31.3977531+00:00","1eb50fb702881358824526c667271024104dd5c27a9cd35da157bce789abdbb9","0","2024","500","0","0","0","True","0","37,3","36,8","46,4","53,6","100","66,84125007040612","91,93453214486189","1380233216","[23:31:31] [Server thread/INFO]: The game is running normally [23:31:31] [Server thread/INFO]: Target tick rate: 20,0 per second. Average time per tick: 37,3ms (Target: 50,0ms) [23:31:31] [Server thread/INFO]: Percentiles: P50: 36,8ms P95: 46,4ms P99: 53,6ms, sample: 100"
"with-umce","2","2026-09-26T21:31:31.5380605+00:00","1eb50fb702881358824526c667271024104dd5c27a9cd35da157bce789abdbb9","0","2024","500","0","0","0","True","0","37,4","36,8","46,4","53,6","100","67,07505537716571","91,93453214486189","1380233216","[23:31:31] [Server thread/INFO]: The game is running normally [23:31:31] [Server thread/INFO]: Target tick rate: 20,0 per second. Average time per tick: 37,4ms (Target: 50,0ms) [23:31:31] [Server thread/INFO]: Percentiles: P50: 36,8ms P95: 46,4ms P99: 53,6ms, sample: 100"
"with-umce","2","2026-09-26T21:31:31.6777700+00:00","1eb50fb702881358824526c667271024104dd5c27a9cd35da157bce789abdbb9","0","2024","500","0","0","0","True","0","37,4","36,9","46,4","53,6","100","87,34613105553257","91,93453214486189","1380233216","[23:31:31] [Server thread/INFO]: The game is running normally [23:31:31] [Server thread/INFO]: Target tick rate: 20,0 per second. Average time per tick: 37,4ms (Target: 50,0ms) [23:31:31] [Server thread/INFO]: Percentiles: P50: 36,9ms P95: 46,4ms P99: 53,6ms, sample: 100"
"with-umce","2","2026-09-26T21:31:31.8030116+00:00","1eb50fb702881358824526c667271024104dd5c27a9cd35da157bce789abdbb9","0","2024","500","0","0","0","True","0","37,5","36,8","46,4","53,6","100","228,9388470761762","91,93453214486189","1380233216","[23:31:31] [Server thread/INFO]: The game is running normally [23:31:31] [Server thread/INFO]: Target tick rate: 20,0 per second. Average time per tick: 37,5ms (Target: 50,0ms) [23:31:31] [Server thread/INFO]: Percentiles: P50: 36,8ms P95: 46,4ms P99: 53,6ms, sample: 100"
"with-umce","2","2026-09-26T21:31:31.9258438+00:00","1eb50fb702881358824526c667271024104dd5c27a9cd35da157bce789abdbb9","0","2024","500","0","0","0","True","0","37,6","36,9","46,4","53,6","100","63,749281928088365","91,93453214486189","1380233216","[23:31:31] [Server thread/INFO]: The game is running normally [23:31:31] [Server thread/INFO]: Target tick rate: 20,0 per second. Average time per tick: 37,6ms (Target: 50,0ms) [23:31:31] [Server thread/INFO]: Percentiles: P50: 36,9ms P95: 46,4ms P99: 53,6ms, sample: 100"
"with-umce","2","2026-09-26T21:31:32.0484112+00:00","1eb50fb702881358824526c667271024104dd5c27a9cd35da157bce789abdbb9","0","2024","500","0","0","0","True","0","37,6","36,9","46,4","53,6","100","100,14918222183763","91,93453214486189","1380233216","[23:31:32] [Server thread/INFO]: The game is running normally [23:31:32] [Server thread/INFO]: Target tick rate: 20,0 per second. Average time per tick: 37,6ms (Target: 50,0ms) [23:31:32] [Server thread/INFO]: Percentiles: P50: 36,9ms P95: 46,4ms P99: 53,6ms, sample: 100"
"with-umce","2","2026-09-26T21:31:32.1732150+00:00","1eb50fb702881358824526c667271024104dd5c27a9cd35da157bce789abdbb9","0","2024","500","0","0","0","True","0","37,6","36,9","46,4","53,6","100","63,8105669482091","91,93453214486189","1380233216","[23:31:32] [Server thread/INFO]: The game is running normally [23:31:32] [Server thread/INFO]: Target tick rate: 20,0 per second. Average time per tick: 37,6ms (Target: 50,0ms) [23:31:32] [Server thread/INFO]: Percentiles: P50: 36,9ms P95: 46,4ms P99: 53,6ms, sample: 100"
"with-umce","2","2026-09-26T21:31:32.2956896+00:00","1eb50fb702881358824526c667271024104dd5c27a9cd35da157bce789abdbb9","0","2024","500","0","0","0","True","0","37,5","36,8","46,4","53,6","100","89,23603348992643","91,93453214486189","1380233216","[23:31:32] [Server thread/INFO]: The game is running normally [23:31:32] [Server thread/INFO]: Target tick rate: 20,0 per second. Average time per tick: 37,5ms (Target: 50,0ms) [23:31:32] [Server thread/INFO]: Percentiles: P50: 36,8ms P95: 46,4ms P99: 53,6ms, sample: 100"
"with-umce","2","2026-09-26T21:31:32.4182127+00:00","1eb50fb702881358824526c667271024104dd5c27a9cd35da157bce789abdbb9","0","2024","500","0","0","0","True","0","37,7","36,9","46,4","53,6","100","76,00348926952337","91,93453214486189","1380233216","[23:31:32] [Server thread/INFO]: The game is running normally [23:31:32] [Server thread/INFO]: Target tick rate: 20,0 per second. Average time per tick: 37,7ms (Target: 50,0ms) [23:31:32] [Server thread/INFO]: Percentiles: P50: 36,9ms P95: 46,4ms P99: 53,6ms, sample: 100"
"with-umce","2","2026-09-26T21:31:32.5415606+00:00","1eb50fb702881358824526c667271024104dd5c27a9cd35da157bce789abdbb9","0","2024","500","0","0","0","True","0","37,7","36,9","46,4","53,6","100","89,58731271644295","91,93453214486189","1380233216","[23:31:32] [Server thread/INFO]: The game is running normally [23:31:32] [Server thread/INFO]: Target tick rate: 20,0 per second. Average time per tick: 37,7ms (Target: 50,0ms) [23:31:32] [Server thread/INFO]: Percentiles: P50: 36,9ms P95: 46,4ms P99: 53,6ms, sample: 100"
"with-umce","2","2026-09-26T21:31:32.6636660+00:00","1eb50fb702881358824526c667271024104dd5c27a9cd35da157bce789abdbb9","0","2024","500","0","0","0","True","0","37,7","36,9","46,4","53,6","100","79,19446467800164","91,93453214486189","1380233216","[23:31:32] [Server thread/INFO]: The game is running normally [23:31:32] [Server thread/INFO]: Target tick rate: 20,0 per second. Average time per tick: 37,7ms (Target: 50,0ms) [23:31:32] [Server thread/INFO]: Percentiles: P50: 36,9ms P95: 46,4ms P99: 53,6ms, sample: 100"
"with-umce","2","2026-09-26T21:31:32.8017779+00:00","1eb50fb702881358824526c667271024104dd5c27a9cd35da157bce789abdbb9","0","2024","500","0","0","0","True","0","37,8","36,9","46,4","53,6","100","75,99923798097385","91,93453214486189","1380233216","[23:31:32] [Server thread/INFO]: The game is running normally [23:31:32] [Server thread/INFO]: Target tick rate: 20,0 per second. Average time per tick: 37,8ms (Target: 50,0ms) [23:31:32] [Server thread/INFO]: Percentiles: P50: 36,9ms P95: 46,4ms P99: 53,6ms, sample: 100"
"with-umce","2","2026-09-26T21:31:32.9251263+00:00","1eb50fb702881358824526c667271024104dd5c27a9cd35da157bce789abdbb9","0","2024","500","0","0","0","True","0","37,7","36,9","46,4","53,6","100","112,51395173001453","91,93453214486189","1380233216","[23:31:32] [Server thread/INFO]: The game is running normally [23:31:32] [Server thread/INFO]: Target tick rate: 20,0 per second. Average time per tick: 37,7ms (Target: 50,0ms) [23:31:32] [Server thread/INFO]: Percentiles: P50: 36,9ms P95: 46,4ms P99: 53,6ms, sample: 100"
"with-umce","2","2026-09-26T21:31:33.0501092+00:00","1eb50fb702881358824526c667271024104dd5c27a9cd35da157bce789abdbb9","0","2024","500","0","0","0","True","0","37,8","37","46,4","53,6","100","75,54142046878387","91,93453214486189","1380233216","[23:31:33] [Server thread/INFO]: The game is running normally [23:31:33] [Server thread/INFO]: Target tick rate: 20,0 per second. Average time per tick: 37,8ms (Target: 50,0ms) [23:31:33] [Server thread/INFO]: Percentiles: P50: 37,0ms P95: 46,4ms P99: 53,6ms, sample: 100"
"with-umce","2","2026-09-26T21:31:33.1741993+00:00","1eb50fb702881358824526c667271024104dd5c27a9cd35da157bce789abdbb9","0","2024","500","0","0","0","True","0","37,6","36,9","45,9","53,6","100","63,477502760509644","91,93453214486189","1380233216","[23:31:33] [Server thread/INFO]: The game is running normally [23:31:33] [Server thread/INFO]: Target tick rate: 20,0 per second. Average time per tick: 37,6ms (Target: 50,0ms) [23:31:33] [Server thread/INFO]: Percentiles: P50: 36,9ms P95: 45,9ms P99: 53,6ms, sample: 100"
"with-umce","2","2026-09-26T21:31:33.2972834+00:00","1eb50fb702881358824526c667271024104dd5c27a9cd35da157bce789abdbb9","0","2024","500","0","0","0","True","0","37,4","36,9","45","53,6","100","76,60565451871221","91,93453214486189","1380233216","[23:31:33] [Server thread/INFO]: The game is running normally [23:31:33] [Server thread/INFO]: Target tick rate: 20,0 per second. Average time per tick: 37,4ms (Target: 50,0ms) [23:31:33] [Server thread/INFO]: Percentiles: P50: 36,9ms P95: 45,0ms P99: 53,6ms, sample: 100"
"with-umce","2","2026-09-26T21:31:33.4196728+00:00","1eb50fb702881358824526c667271024104dd5c27a9cd35da157bce789abdbb9","0","2024","500","0","0","0","True","0","37,4","36,9","45","53,6","100","64,07564575948402","91,93453214486189","1380233216","[23:31:33] [Server thread/INFO]: The game is running normally [23:31:33] [Server thread/INFO]: Target tick rate: 20,0 per second. Average time per tick: 37,4ms (Target: 50,0ms) [23:31:33] [Server thread/INFO]: Percentiles: P50: 36,9ms P95: 45,0ms P99: 53,6ms, sample: 100"
"with-umce","2","2026-09-26T21:31:33.5415795+00:00","1eb50fb702881358824526c667271024104dd5c27a9cd35da157bce789abdbb9","0","2024","500","0","0","0","True","0","37,2","36,8","45","51,1","100","87,88444170178028","91,93453214486189","1380233216","[23:31:33] [Server thread/INFO]: The game is running normally [23:31:33] [Server thread/INFO]: Target tick rate: 20,0 per second. Average time per tick: 37,2ms (Target: 50,0ms) [23:31:33] [Server thread/INFO]: Percentiles: P50: 36,8ms P95: 45,0ms P99: 51,1ms, sample: 100"
"with-umce","2","2026-09-26T21:31:33.6660248+00:00","1eb50fb702881358824526c667271024104dd5c27a9cd35da157bce789abdbb9","0","2024","500","0","0","0","True","0","37,2","36,8","45","51,1","100","90,95982995605549","91,93453214486189","1380233216","[23:31:33] [Server thread/INFO]: The game is running normally [23:31:33] [Server thread/INFO]: Target tick rate: 20,0 per second. Average time per tick: 37,2ms (Target: 50,0ms) [23:31:33] [Server thread/INFO]: Percentiles: P50: 36,8ms P95: 45,0ms P99: 51,1ms, sample: 100"
"with-umce","2","2026-09-26T21:31:33.8034787+00:00","1eb50fb702881358824526c667271024104dd5c27a9cd35da157bce789abdbb9","0","2024","500","0","0","0","True","0","37,3","36,8","45","51,1","100","79,15743917090046","91,93453214486189","1380233216","[23:31:33] [Server thread/INFO]: The game is running normally [23:31:33] [Server thread/INFO]: Target tick rate: 20,0 per second. Average time per tick: 37,3ms (Target: 50,0ms) [23:31:33] [Server thread/INFO]: Percentiles: P50: 36,8ms P95: 45,0ms P99: 51,1ms, sample: 100"
"with-umce","2","2026-09-26T21:31:33.9416341+00:00","1eb50fb702881358824526c667271024104dd5c27a9cd35da157bce789abdbb9","0","2024","500","0","0","0","True","0","37,3","36,8","45","51,1","100","64,14719739355054","91,93453214486189","1380233216","[23:31:33] [Server thread/INFO]: The game is running normally [23:31:33] [Server thread/INFO]: Target tick rate: 20,0 per second. Average time per tick: 37,3ms (Target: 50,0ms) [23:31:33] [Server thread/INFO]: Percentiles: P50: 36,8ms P95: 45,0ms P99: 51,1ms, sample: 100"
"with-umce","2","2026-09-26T21:31:34.0634134+00:00","1eb50fb702881358824526c667271024104dd5c27a9cd35da157bce789abdbb9","0","2024","500","0","0","0","True","0","37,3","36,8","45","51,1","100","76,01267121094064","91,93453214486189","1380233216","[23:31:34] [Server thread/INFO]: The game is running normally [23:31:34] [Server thread/INFO]: Target tick rate: 20,0 per second. Average time per tick: 37,3ms (Target: 50,0ms) [23:31:34] [Server thread/INFO]: Percentiles: P50: 36,8ms P95: 45,0ms P99: 51,1ms, sample: 100"
"with-umce","2","2026-09-26T21:31:34.1867471+00:00","1eb50fb702881358824526c667271024104dd5c27a9cd35da157bce789abdbb9","0","2024","500","0","0","0","True","0","37,2","36,8","45","51,1","100","87,15361666592297","91,93453214486189","1380233216","[23:31:34] [Server thread/INFO]: The game is running normally [23:31:34] [Server thread/INFO]: Target tick rate: 20,0 per second. Average time per tick: 37,2ms (Target: 50,0ms) [23:31:34] [Server thread/INFO]: Percentiles: P50: 36,8ms P95: 45,0ms P99: 51,1ms, sample: 100"
"with-umce","2","2026-09-26T21:31:34.3122662+00:00","1eb50fb702881358824526c667271024104dd5c27a9cd35da157bce789abdbb9","0","2024","500","0","0","0","True","0","37,3","36,8","45","51,1","100","89,18618977842685","91,93453214486189","1380233216","[23:31:34] [Server thread/INFO]: The game is running normally [23:31:34] [Server thread/INFO]: Target tick rate: 20,0 per second. Average time per tick: 37,3ms (Target: 50,0ms) [23:31:34] [Server thread/INFO]: Percentiles: P50: 36,8ms P95: 45,0ms P99: 51,1ms, sample: 100"
"with-umce","2","2026-09-26T21:31:34.4349315+00:00","1eb50fb702881358824526c667271024104dd5c27a9cd35da157bce789abdbb9","0","2024","500","0","0","0","True","0","37,6","36,8","46,3","56,2","100","102,7501699487811","91,93453214486189","1380233216","[23:31:34] [Server thread/INFO]: The game is running normally [23:31:34] [Server thread/INFO]: Target tick rate: 20,0 per second. Average time per tick: 37,6ms (Target: 50,0ms) [23:31:34] [Server thread/INFO]: Percentiles: P50: 36,8ms P95: 46,3ms P99: 56,2ms, sample: 100"
"with-umce","2","2026-09-26T21:31:34.5565487+00:00","1eb50fb702881358824526c667271024104dd5c27a9cd35da157bce789abdbb9","0","2024","500","0","0","0","True","0","37,9","36,8","49","56,2","100","100,48659629389356","91,93453214486189","1380233216","[23:31:34] [Server thread/INFO]: The game is running normally [23:31:34] [Server thread/INFO]: Target tick rate: 20,0 per second. Average time per tick: 37,9ms (Target: 50,0ms) [23:31:34] [Server thread/INFO]: Percentiles: P50: 36,8ms P95: 49,0ms P99: 56,2ms, sample: 100"
"with-umce","2","2026-09-26T21:31:34.6809961+00:00","1eb50fb702881358824526c667271024104dd5c27a9cd35da157bce789abdbb9","0","2024","500","0","0","0","True","0","38,2","36,9","49,4","56,2","100","100,59633507432058","91,93453214486189","1380233216","[23:31:34] [Server thread/INFO]: The game is running normally [23:31:34] [Server thread/INFO]: Target tick rate: 20,0 per second. Average time per tick: 38,2ms (Target: 50,0ms) [23:31:34] [Server thread/INFO]: Percentiles: P50: 36,9ms P95: 49,4ms P99: 56,2ms, sample: 100"
"with-umce","2","2026-09-26T21:31:34.8052292+00:00","1eb50fb702881358824526c667271024104dd5c27a9cd35da157bce789abdbb9","0","2024","500","0","0","0","True","0","38,5","36,9","51,1","56,2","100","101,89309213743991","91,93453214486189","1380233216","[23:31:34] [Server thread/INFO]: The game is running normally [23:31:34] [Server thread/INFO]: Target tick rate: 20,0 per second. Average time per tick: 38,5ms (Target: 50,0ms) [23:31:34] [Server thread/INFO]: Percentiles: P50: 36,9ms P95: 51,1ms P99: 56,2ms, sample: 100"
"with-umce","2","2026-09-26T21:31:34.9432418+00:00","1eb50fb702881358824526c667271024104dd5c27a9cd35da157bce789abdbb9","0","2024","500","0","0","0","True","0","38,8","37,1","53,7","56,2","100","100,86648343933729","91,93453214486189","1380233216","[23:31:34] [Server thread/INFO]: The game is running normally [23:31:34] [Server thread/INFO]: Target tick rate: 20,0 per second. Average time per tick: 38,8ms (Target: 50,0ms) [23:31:34] [Server thread/INFO]: Percentiles: P50: 37,1ms P95: 53,7ms P99: 56,2ms, sample: 100"
"with-umce","2","2026-09-26T21:31:35.0671559+00:00","1eb50fb702881358824526c667271024104dd5c27a9cd35da157bce789abdbb9","0","2024","500","0","0","0","True","0","38,8","37,2","53,7","56,2","100","100,34663742431856","91,93453214486189","1380233216","[23:31:35] [Server thread/INFO]: The game is running normally [23:31:35] [Server thread/INFO]: Target tick rate: 20,0 per second. Average time per tick: 38,8ms (Target: 50,0ms) [23:31:35] [Server thread/INFO]: Percentiles: P50: 37,2ms P95: 53,7ms P99: 56,2ms, sample: 100"
"with-umce","2","2026-09-26T21:31:35.1917013+00:00","1eb50fb702881358824526c667271024104dd5c27a9cd35da157bce789abdbb9","0","2024","500","0","0","0","True","0","39,2","37,4","54,8","56,2","100","99,64478626591925","91,93453214486189","1380233216","[23:31:35] [Server thread/INFO]: The game is running normally [23:31:35] [Server thread/INFO]: Target tick rate: 20,0 per second. Average time per tick: 39,2ms (Target: 50,0ms) [23:31:35] [Server thread/INFO]: Percentiles: P50: 37,4ms P95: 54,8ms P99: 56,2ms, sample: 100"
"with-umce","2","2026-09-26T21:31:35.3171491+00:00","1eb50fb702881358824526c667271024104dd5c27a9cd35da157bce789abdbb9","0","2024","500","0","0","0","True","0","39,4","37,4","54,8","56,2","100","63,00540414992908","91,93453214486189","1380233216","[23:31:35] [Server thread/INFO]: The game is running normally [23:31:35] [Server thread/INFO]: Target tick rate: 20,0 per second. Average time per tick: 39,4ms (Target: 50,0ms) [23:31:35] [Server thread/INFO]: Percentiles: P50: 37,4ms P95: 54,8ms P99: 56,2ms, sample: 100"
"with-umce","2","2026-09-26T21:31:35.4411379+00:00","1eb50fb702881358824526c667271024104dd5c27a9cd35da157bce789abdbb9","0","2024","500","0","0","0","True","0","39,6","37,5","54,8","56,2","100","87,49923000677595","91,93453214486189","1380233216","[23:31:35] [Server thread/INFO]: The game is running normally [23:31:35] [Server thread/INFO]: Target tick rate: 20,0 per second. Average time per tick: 39,6ms (Target: 50,0ms) [23:31:35] [Server thread/INFO]: Percentiles: P50: 37,5ms P95: 54,8ms P99: 56,2ms, sample: 100"
"with-umce","2","2026-09-26T21:31:35.5661872+00:00","1eb50fb702881358824526c667271024104dd5c27a9cd35da157bce789abdbb9","0","2024","500","0","0","0","True","0","39,6","37,5","54,8","56,2","100","50,68337406925052","91,93453214486189","1380233216","[23:31:35] [Server thread/INFO]: The game is running normally [23:31:35] [Server thread/INFO]: Target tick rate: 20,0 per second. Average time per tick: 39,6ms (Target: 50,0ms) [23:31:35] [Server thread/INFO]: Percentiles: P50: 37,5ms P95: 54,8ms P99: 56,2ms, sample: 100"
"with-umce","2","2026-09-26T21:31:35.6894631+00:00","1eb50fb702881358824526c667271024104dd5c27a9cd35da157bce789abdbb9","0","2024","500","0","0","0","True","0","39,8","37,9","54,8","56,2","100","102,22532260267307","91,93453214486189","1380233216","[23:31:35] [Server thread/INFO]: The game is running normally [23:31:35] [Server thread/INFO]: Target tick rate: 20,0 per second. Average time per tick: 39,8ms (Target: 50,0ms) [23:31:35] [Server thread/INFO]: Percentiles: P50: 37,9ms P95: 54,8ms P99: 56,2ms, sample: 100"
"with-umce","2","2026-09-26T21:31:35.8117511+00:00","1eb50fb702881358824526c667271024104dd5c27a9cd35da157bce789abdbb9","0","2024","500","0","0","0","True","0","39,8","38,1","54,8","56,2","100","74,99526029954906","91,93453214486189","1380233216","[23:31:35] [Server thread/INFO]: The game is running normally [23:31:35] [Server thread/INFO]: Target tick rate: 20,0 per second. Average time per tick: 39,8ms (Target: 50,0ms) [23:31:35] [Server thread/INFO]: Percentiles: P50: 38,1ms P95: 54,8ms P99: 56,2ms, sample: 100"
"with-umce","2","2026-09-26T21:31:35.9367855+00:00","1eb50fb702881358824526c667271024104dd5c27a9cd35da157bce789abdbb9","0","2024","500","0","0","0","True","0","39,9","38,4","54,8","56,2","100","101,38467128656336","91,93453214486189","1380233216","[23:31:35] [Server thread/INFO]: The game is running normally [23:31:35] [Server thread/INFO]: Target tick rate: 20,0 per second. Average time per tick: 39,9ms (Target: 50,0ms) [23:31:35] [Server thread/INFO]: Percentiles: P50: 38,4ms P95: 54,8ms P99: 56,2ms, sample: 100"
"with-umce","2","2026-09-26T21:31:36.0600688+00:00","1eb50fb702881358824526c667271024104dd5c27a9cd35da157bce789abdbb9","0","2024","500","0","0","0","True","0","39,9","38,5","54,8","56,2","100","101,39906372160522","91,93453214486189","1380233216","[23:31:36] [Server thread/INFO]: The game is running normally [23:31:36] [Server thread/INFO]: Target tick rate: 20,0 per second. Average time per tick: 39,9ms (Target: 50,0ms) [23:31:36] [Server thread/INFO]: Percentiles: P50: 38,5ms P95: 54,8ms P99: 56,2ms, sample: 100"
"with-umce","2","2026-09-26T21:31:36.1833136+00:00","1eb50fb702881358824526c667271024104dd5c27a9cd35da157bce789abdbb9","0","2024","500","0","0","0","True","0","40","38,7","54,8","56,2","100","115,41615062823318","91,93453214486189","1380233216","[23:31:36] [Server thread/INFO]: The game is running normally [23:31:36] [Server thread/INFO]: Target tick rate: 20,0 per second. Average time per tick: 40,0ms (Target: 50,0ms) [23:31:36] [Server thread/INFO]: Percentiles: P50: 38,7ms P95: 54,8ms P99: 56,2ms, sample: 100"
"with-umce","2","2026-09-26T21:31:36.3052113+00:00","1eb50fb702881358824526c667271024104dd5c27a9cd35da157bce789abdbb9","0","2024","500","0","0","0","True","0","40,2","38,8","55,3","56,2","100","90,05685829805506","91,93453214486189","1380233216","[23:31:36] [Server thread/INFO]: The game is running normally [23:31:36] [Server thread/INFO]: Target tick rate: 20,0 per second. Average time per tick: 40,2ms (Target: 50,0ms) [23:31:36] [Server thread/INFO]: Percentiles: P50: 38,8ms P95: 55,3ms P99: 56,2ms, sample: 100"
"with-umce","2","2026-09-26T21:31:36.4439756+00:00","1eb50fb702881358824526c667271024104dd5c27a9cd35da157bce789abdbb9","0","2024","500","0","0","0","True","0","40,4","39","55,3","56,2","100","78,98634610426704","91,93453214486189","1380233216","[23:31:36] [Server thread/INFO]: The game is running normally [23:31:36] [Server thread/INFO]: Target tick rate: 20,0 per second. Average time per tick: 40,4ms (Target: 50,0ms) [23:31:36] [Server thread/INFO]: Percentiles: P50: 39,0ms P95: 55,3ms P99: 56,2ms, sample: 100"
"with-umce","2","2026-09-26T21:31:36.5824372+00:00","1eb50fb702881358824526c667271024104dd5c27a9cd35da157bce789abdbb9","0","2024","500","0","0","0","True","0","40,4","38,9","55,3","56,2","100","63,35334420510509","91,93453214486189","1380233216","[23:31:36] [Server thread/INFO]: The game is running normally [23:31:36] [Server thread/INFO]: Target tick rate: 20,0 per second. Average time per tick: 40,4ms (Target: 50,0ms) [23:31:36] [Server thread/INFO]: Percentiles: P50: 38,9ms P95: 55,3ms P99: 56,2ms, sample: 100"
"with-umce","2","2026-09-26T21:31:36.7057638+00:00","1eb50fb702881358824526c667271024104dd5c27a9cd35da157bce789abdbb9","0","2024","500","0","0","0","True","0","40,5","39","55,3","56,2","100","77,08461465092797","91,93453214486189","1380233216","[23:31:36] [Server thread/INFO]: The game is running normally [23:31:36] [Server thread/INFO]: Target tick rate: 20,0 per second. Average time per tick: 40,5ms (Target: 50,0ms) [23:31:36] [Server thread/INFO]: Percentiles: P50: 39,0ms P95: 55,3ms P99: 56,2ms, sample: 100"
"with-umce","2","2026-09-26T21:31:36.8273794+00:00","1eb50fb702881358824526c667271024104dd5c27a9cd35da157bce789abdbb9","0","2024","500","0","0","0","True","0","40,4","39","55,3","56,2","100","88,47041428015618","91,93453214486189","1380233216","[23:31:36] [Server thread/INFO]: The game is running normally [23:31:36] [Server thread/INFO]: Target tick rate: 20,0 per second. Average time per tick: 40,4ms (Target: 50,0ms) [23:31:36] [Server thread/INFO]: Percentiles: P50: 39,0ms P95: 55,3ms P99: 56,2ms, sample: 100"
"with-umce","2","2026-09-26T21:31:36.9510343+00:00","1eb50fb702881358824526c667271024104dd5c27a9cd35da157bce789abdbb9","0","2024","500","0","0","0","True","0","40,5","39","55,3","56,2","100","113,43149947367783","91,93453214486189","1380233216","[23:31:36] [Server thread/INFO]: The game is running normally [23:31:36] [Server thread/INFO]: Target tick rate: 20,0 per second. Average time per tick: 40,5ms (Target: 50,0ms) [23:31:36] [Server thread/INFO]: Percentiles: P50: 39,0ms P95: 55,3ms P99: 56,2ms, sample: 100"
"with-umce","2","2026-09-26T21:31:37.0749593+00:00","1eb50fb702881358824526c667271024104dd5c27a9cd35da157bce789abdbb9","0","2024","500","0","0","0","True","0","40,9","39,1","55,3","56,2","100","75,62319563055226","91,93453214486189","1380233216","[23:31:37] [Server thread/INFO]: The game is running normally [23:31:37] [Server thread/INFO]: Target tick rate: 20,0 per second. Average time per tick: 40,9ms (Target: 50,0ms) [23:31:37] [Server thread/INFO]: Percentiles: P50: 39,1ms P95: 55,3ms P99: 56,2ms, sample: 100"
"with-umce","2","2026-09-26T21:31:37.1990109+00:00","1eb50fb702881358824526c667271024104dd5c27a9cd35da157bce789abdbb9","0","2024","500","0","0","0","True","0","40,9","39,4","55,3","56,2","100","101,78299377169505","91,93453214486189","1380233216","[23:31:37] [Server thread/INFO]: The game is running normally [23:31:37] [Server thread/INFO]: Target tick rate: 20,0 per second. Average time per tick: 40,9ms (Target: 50,0ms) [23:31:37] [Server thread/INFO]: Percentiles: P50: 39,4ms P95: 55,3ms P99: 56,2ms, sample: 100"
"with-umce","2","2026-09-26T21:31:37.3217809+00:00","1eb50fb702881358824526c667271024104dd5c27a9cd35da157bce789abdbb9","0","2024","500","0","0","0","True","0","41,1","40,2","55,3","56,2","100","237,43296702024432","91,93453214486189","1380233216","[23:31:37] [Server thread/INFO]: The game is running normally [23:31:37] [Server thread/INFO]: Target tick rate: 20,0 per second. Average time per tick: 41,1ms (Target: 50,0ms) [23:31:37] [Server thread/INFO]: Percentiles: P50: 40,2ms P95: 55,3ms P99: 56,2ms, sample: 100"
"with-umce","2","2026-09-26T21:31:37.4599584+00:00","1eb50fb702881358824526c667271024104dd5c27a9cd35da157bce789abdbb9","0","2024","500","0","0","0","True","0","41,4","40,2","55,3","56,2","100","114,14163058776548","91,93453214486189","1380233216","[23:31:37] [Server thread/INFO]: The game is running normally [23:31:37] [Server thread/INFO]: Target tick rate: 20,0 per second. Average time per tick: 41,4ms (Target: 50,0ms) [23:31:37] [Server thread/INFO]: Percentiles: P50: 40,2ms P95: 55,3ms P99: 56,2ms, sample: 100"
"with-umce","2","2026-09-26T21:31:37.5831458+00:00","1eb50fb702881358824526c667271024104dd5c27a9cd35da157bce789abdbb9","0","2024","500","0","0","0","True","0","41,6","40,4","55,3","56,2","100","100,62143800109477","91,93453214486189","1380233216","[23:31:37] [Server thread/INFO]: The game is running normally [23:31:37] [Server thread/INFO]: Target tick rate: 20,0 per second. Average time per tick: 41,6ms (Target: 50,0ms) [23:31:37] [Server thread/INFO]: Percentiles: P50: 40,4ms P95: 55,3ms P99: 56,2ms, sample: 100"
"with-umce","2","2026-09-26T21:31:37.7074115+00:00","1eb50fb702881358824526c667271024104dd5c27a9cd35da157bce789abdbb9","0","2024","500","0","0","0","True","0","41,8","40,6","55,3","56,2","100","77,48856062209056","91,93453214486189","1380233216","[23:31:37] [Server thread/INFO]: The game is running normally [23:31:37] [Server thread/INFO]: Target tick rate: 20,0 per second. Average time per tick: 41,8ms (Target: 50,0ms) [23:31:37] [Server thread/INFO]: Percentiles: P50: 40,6ms P95: 55,3ms P99: 56,2ms, sample: 100"
"with-umce","2","2026-09-26T21:31:37.8283584+00:00","1eb50fb702881358824526c667271024104dd5c27a9cd35da157bce789abdbb9","0","2024","500","0","0","0","True","0","42","40,7","55,3","56,2","100","62,969043813558436","91,93453214486189","1380233216","[23:31:37] [Server thread/INFO]: The game is running normally [23:31:37] [Server thread/INFO]: Target tick rate: 20,0 per second. Average time per tick: 42,0ms (Target: 50,0ms) [23:31:37] [Server thread/INFO]: Percentiles: P50: 40,7ms P95: 55,3ms P99: 56,2ms, sample: 100"
"with-umce","2","2026-09-26T21:31:37.9524471+00:00","1eb50fb702881358824526c667271024104dd5c27a9cd35da157bce789abdbb9","0","2024","500","0","0","0","True","0","42,1","40,7","55,3","56,2","100","100,2949473812588","91,93453214486189","1380233216","[23:31:37] [Server thread/INFO]: The game is running normally [23:31:37] [Server thread/INFO]: Target tick rate: 20,0 per second. Average time per tick: 42,1ms (Target: 50,0ms) [23:31:37] [Server thread/INFO]: Percentiles: P50: 40,7ms P95: 55,3ms P99: 56,2ms, sample: 100"
"with-umce","2","2026-09-26T21:31:38.0770977+00:00","1eb50fb702881358824526c667271024104dd5c27a9cd35da157bce789abdbb9","0","2024","500","0","0","0","True","0","42,5","40,7","55,5","59,5","100","100,93473640691717","91,93453214486189","1380233216","[23:31:38] [Server thread/INFO]: The game is running normally [23:31:38] [Server thread/INFO]: Target tick rate: 20,0 per second. Average time per tick: 42,5ms (Target: 50,0ms) [23:31:38] [Server thread/INFO]: Percentiles: P50: 40,7ms P95: 55,5ms P99: 59,5ms, sample: 100"
"with-umce","2","2026-09-26T21:31:38.2009022+00:00","1eb50fb702881358824526c667271024104dd5c27a9cd35da157bce789abdbb9","0","2024","500","0","0","0","True","0","42,9","41,3","55,5","59,5","100","86,6670945544935","91,93453214486189","1380233216","[23:31:38] [Server thread/INFO]: The game is running normally [23:31:38] [Server thread/INFO]: Target tick rate: 20,0 per second. Average time per tick: 42,9ms (Target: 50,0ms) [23:31:38] [Server thread/INFO]: Percentiles: P50: 41,3ms P95: 55,5ms P99: 59,5ms, sample: 100"
"with-umce","2","2026-09-26T21:31:38.3271459+00:00","1eb50fb702881358824526c667271024104dd5c27a9cd35da157bce789abdbb9","0","2024","500","0","0","0","True","0","42,9","41,6","55,5","59,5","100","89,8920637738476","91,93453214486189","1380233216","[23:31:38] [Server thread/INFO]: The game is running normally [23:31:38] [Server thread/INFO]: Target tick rate: 20,0 per second. Average time per tick: 42,9ms (Target: 50,0ms) [23:31:38] [Server thread/INFO]: Percentiles: P50: 41,6ms P95: 55,5ms P99: 59,5ms, sample: 100"
"with-umce","2","2026-09-26T21:31:38.4488364+00:00","1eb50fb702881358824526c667271024104dd5c27a9cd35da157bce789abdbb9","0","2024","500","0","0","0","True","0","43,1","41,6","55,5","59,5","100","89,51736329931333","91,93453214486189","1380233216","[23:31:38] [Server thread/INFO]: The game is running normally [23:31:38] [Server thread/INFO]: Target tick rate: 20,0 per second. Average time per tick: 43,1ms (Target: 50,0ms) [23:31:38] [Server thread/INFO]: Percentiles: P50: 41,6ms P95: 55,5ms P99: 59,5ms, sample: 100"
"with-umce","2","2026-09-26T21:31:38.5709868+00:00","1eb50fb702881358824526c667271024104dd5c27a9cd35da157bce789abdbb9","0","2024","500","0","0","0","True","0","43,2","41,9","55,5","59,5","100","75,61575420968026","91,93453214486189","1380233216","[23:31:38] [Server thread/INFO]: The game is running normally [23:31:38] [Server thread/INFO]: Target tick rate: 20,0 per second. Average time per tick: 43,2ms (Target: 50,0ms) [23:31:38] [Server thread/INFO]: Percentiles: P50: 41,9ms P95: 55,5ms P99: 59,5ms, sample: 100"
"with-umce","2","2026-09-26T21:31:38.6949503+00:00","1eb50fb702881358824526c667271024104dd5c27a9cd35da157bce789abdbb9","0","2024","500","0","0","0","True","0","43,3","41,9","55,5","59,5","100","79,2912036966556","91,93453214486189","1380233216","[23:31:38] [Server thread/INFO]: The game is running normally [23:31:38] [Server thread/INFO]: Target tick rate: 20,0 per second. Average time per tick: 43,3ms (Target: 50,0ms) [23:31:38] [Server thread/INFO]: Percentiles: P50: 41,9ms P95: 55,5ms P99: 59,5ms, sample: 100"
"with-umce","2","2026-09-26T21:31:38.8328838+00:00","1eb50fb702881358824526c667271024104dd5c27a9cd35da157bce789abdbb9","0","2024","500","0","0","0","True","0","43,2","41,6","55,5","59,5","100","51,10860701651666","91,93453214486189","1380233216","[23:31:38] [Server thread/INFO]: The game is running normally [23:31:38] [Server thread/INFO]: Target tick rate: 20,0 per second. Average time per tick: 43,2ms (Target: 50,0ms) [23:31:38] [Server thread/INFO]: Percentiles: P50: 41,6ms P95: 55,5ms P99: 59,5ms, sample: 100"
"with-umce","2","2026-09-26T21:31:38.9551746+00:00","1eb50fb702881358824526c667271024104dd5c27a9cd35da157bce789abdbb9","0","2024","500","0","0","0","True","0","43,3","41,6","55,5","59,5","100","75,09919101148797","91,93453214486189","1380233216","[23:31:38] [Server thread/INFO]: The game is running normally [23:31:38] [Server thread/INFO]: Target tick rate: 20,0 per second. Average time per tick: 43,3ms (Target: 50,0ms) [23:31:38] [Server thread/INFO]: Percentiles: P50: 41,6ms P95: 55,5ms P99: 59,5ms, sample: 100"
"with-umce","2","2026-09-26T21:31:39.0800055+00:00","1eb50fb702881358824526c667271024104dd5c27a9cd35da157bce789abdbb9","0","2024","500","0","0","0","True","0","43,3","41,6","55,5","59,5","100","76,0381334280667","91,93453214486189","1380233216","[23:31:39] [Server thread/INFO]: The game is running normally [23:31:39] [Server thread/INFO]: Target tick rate: 20,0 per second. Average time per tick: 43,3ms (Target: 50,0ms) [23:31:39] [Server thread/INFO]: Percentiles: P50: 41,6ms P95: 55,5ms P99: 59,5ms, sample: 100"
"with-umce","2","2026-09-26T21:31:39.2033412+00:00","1eb50fb702881358824526c667271024104dd5c27a9cd35da157bce789abdbb9","0","2024","500","0","0","0","True","0","43,3","41,6","55,5","59,5","100","227,36367274182402","91,93453214486189","1380233216","[23:31:39] [Server thread/INFO]: The game is running normally [23:31:39] [Server thread/INFO]: Target tick rate: 20,0 per second. Average time per tick: 43,3ms (Target: 50,0ms) [23:31:39] [Server thread/INFO]: Percentiles: P50: 41,6ms P95: 55,5ms P99: 59,5ms, sample: 100"
"with-umce","2","2026-09-26T21:31:39.3270068+00:00","1eb50fb702881358824526c667271024104dd5c27a9cd35da157bce789abdbb9","0","2024","500","0","0","0","True","0","43,3","41,6","55,5","59,5","100","76,41732745578798","91,93453214486189","1380233216","[23:31:39] [Server thread/INFO]: The game is running normally [23:31:39] [Server thread/INFO]: Target tick rate: 20,0 per second. Average time per tick: 43,3ms (Target: 50,0ms) [23:31:39] [Server thread/INFO]: Percentiles: P50: 41,6ms P95: 55,5ms P99: 59,5ms, sample: 100"
"with-umce","2","2026-09-26T21:31:39.4496969+00:00","1eb50fb702881358824526c667271024104dd5c27a9cd35da157bce789abdbb9","0","2024","500","0","0","0","True","0","43","41,3","55,3","59,5","100","114,20911658791482","91,93453214486189","1380233216","[23:31:39] [Server thread/INFO]: The game is running normally [23:31:39] [Server thread/INFO]: Target tick rate: 20,0 per second. Average time per tick: 43,0ms (Target: 50,0ms) [23:31:39] [Server thread/INFO]: Percentiles: P50: 41,3ms P95: 55,3ms P99: 59,5ms, sample: 100"
"with-umce","2","2026-09-26T21:31:39.5728368+00:00","1eb50fb702881358824526c667271024104dd5c27a9cd35da157bce789abdbb9","0","2024","500","0","0","0","True","0","42,6","40,7","54,8","59,5","100","76,21430731559796","91,93453214486189","1380233216","[23:31:39] [Server thread/INFO]: The game is running normally [23:31:39] [Server thread/INFO]: Target tick rate: 20,0 per second. Average time per tick: 42,6ms (Target: 50,0ms) [23:31:39] [Server thread/INFO]: Percentiles: P50: 40,7ms P95: 54,8ms P99: 59,5ms, sample: 100"
"with-umce","2","2026-09-26T21:31:39.6958207+00:00","1eb50fb702881358824526c667271024104dd5c27a9cd35da157bce789abdbb9","0","2024","500","0","0","0","True","0","42,5","40,7","54,8","59,5","100","90,25075269127746","91,93453214486189","1380233216","[23:31:39] [Server thread/INFO]: The game is running normally [23:31:39] [Server thread/INFO]: Target tick rate: 20,0 per second. Average time per tick: 42,5ms (Target: 50,0ms) [23:31:39] [Server thread/INFO]: Percentiles: P50: 40,7ms P95: 54,8ms P99: 59,5ms, sample: 100"
"with-umce","2","2026-09-26T21:31:39.8343218+00:00","1eb50fb702881358824526c667271024104dd5c27a9cd35da157bce789abdbb9","0","2024","500","0","0","0","True","0","42,1","40,6","54,6","59,5","100","75,53983789755105","91,93453214486189","1380233216","[23:31:39] [Server thread/INFO]: The game is running normally [23:31:39] [Server thread/INFO]: Target tick rate: 20,0 per second. Average time per tick: 42,1ms (Target: 50,0ms) [23:31:39] [Server thread/INFO]: Percentiles: P50: 40,6ms P95: 54,6ms P99: 59,5ms, sample: 100"
"with-umce","2","2026-09-26T21:31:39.9584286+00:00","1eb50fb702881358824526c667271024104dd5c27a9cd35da157bce789abdbb9","0","2024","500","0","0","0","True","0","41,9","40,5","54,4","59,5","100","64,12976827913872","91,93453214486189","1380233216","[23:31:39] [Server thread/INFO]: The game is running normally [23:31:39] [Server thread/INFO]: Target tick rate: 20,0 per second. Average time per tick: 41,9ms (Target: 50,0ms) [23:31:39] [Server thread/INFO]: Percentiles: P50: 40,5ms P95: 54,4ms P99: 59,5ms, sample: 100"
"with-umce","2","2026-09-26T21:31:40.0802913+00:00","1eb50fb702881358824526c667271024104dd5c27a9cd35da157bce789abdbb9","0","2024","500","0","0","0","True","0","41,7","40,3","54,4","59,5","100","76,02863704780194","91,93453214486189","1380233216","[23:31:40] [Server thread/INFO]: The game is running normally [23:31:40] [Server thread/INFO]: Target tick rate: 20,0 per second. Average time per tick: 41,7ms (Target: 50,0ms) [23:31:40] [Server thread/INFO]: Percentiles: P50: 40,3ms P95: 54,4ms P99: 59,5ms, sample: 100"
"with-umce","2","2026-09-26T21:31:40.2035826+00:00","1eb50fb702881358824526c667271024104dd5c27a9cd35da157bce789abdbb9","0","2024","500","0","0","0","True","0","41,6","40,3","53,2","59,5","100","100,77142541584337","91,93453214486189","1380233216","[23:31:40] [Server thread/INFO]: The game is running normally [23:31:40] [Server thread/INFO]: Target tick rate: 20,0 per second. Average time per tick: 41,6ms (Target: 50,0ms) [23:31:40] [Server thread/INFO]: Percentiles: P50: 40,3ms P95: 53,2ms P99: 59,5ms, sample: 100"
"with-umce","2","2026-09-26T21:31:40.3276642+00:00","1eb50fb702881358824526c667271024104dd5c27a9cd35da157bce789abdbb9","0","2024","500","0","0","0","True","0","41,5","40,3","53,2","59,5","100","89,98176917938272","91,93453214486189","1380233216","[23:31:40] [Server thread/INFO]: The game is running normally [23:31:40] [Server thread/INFO]: Target tick rate: 20,0 per second. Average time per tick: 41,5ms (Target: 50,0ms) [23:31:40] [Server thread/INFO]: Percentiles: P50: 40,3ms P95: 53,2ms P99: 59,5ms, sample: 100"
"with-umce","2","2026-09-26T21:31:40.4491690+00:00","1eb50fb702881358824526c667271024104dd5c27a9cd35da157bce789abdbb9","0","2024","500","0","0","0","True","0","41,5","40,3","53,2","59,5","100","139,06948255229216","91,93453214486189","1380233216","[23:31:40] [Server thread/INFO]: The game is running normally [23:31:40] [Server thread/INFO]: Target tick rate: 20,0 per second. Average time per tick: 41,5ms (Target: 50,0ms) [23:31:40] [Server thread/INFO]: Percentiles: P50: 40,3ms P95: 53,2ms P99: 59,5ms, sample: 100"
"with-umce","2","2026-09-26T21:31:40.5727829+00:00","1eb50fb702881358824526c667271024104dd5c27a9cd35da157bce789abdbb9","0","2024","500","0","0","0","True","0","41,6","40,4","53,2","59,5","100","87,94903258074424","91,93453214486189","1380233216","[23:31:40] [Server thread/INFO]: The game is running normally [23:31:40] [Server thread/INFO]: Target tick rate: 20,0 per second. Average time per tick: 41,6ms (Target: 50,0ms) [23:31:40] [Server thread/INFO]: Percentiles: P50: 40,4ms P95: 53,2ms P99: 59,5ms, sample: 100"
"with-umce","2","2026-09-26T21:31:40.6971209+00:00","1eb50fb702881358824526c667271024104dd5c27a9cd35da157bce789abdbb9","0","2024","500","0","0","0","True","0","41,6","40,4","53,2","59,5","100","100,75509901405091","91,93453214486189","1380233216","[23:31:40] [Server thread/INFO]: The game is running normally [23:31:40] [Server thread/INFO]: Target tick rate: 20,0 per second. Average time per tick: 41,6ms (Target: 50,0ms) [23:31:40] [Server thread/INFO]: Percentiles: P50: 40,4ms P95: 53,2ms P99: 59,5ms, sample: 100"
"with-umce","2","2026-09-26T21:31:40.8211755+00:00","1eb50fb702881358824526c667271024104dd5c27a9cd35da157bce789abdbb9","0","2024","500","0","0","0","True","0","41,7","40,4","53,2","59,5","100","79,46431425657002","91,93453214486189","1380233216","[23:31:40] [Server thread/INFO]: The game is running normally [23:31:40] [Server thread/INFO]: Target tick rate: 20,0 per second. Average time per tick: 41,7ms (Target: 50,0ms) [23:31:40] [Server thread/INFO]: Percentiles: P50: 40,4ms P95: 53,2ms P99: 59,5ms, sample: 100"
"with-umce","2","2026-09-26T21:31:40.9588180+00:00","1eb50fb702881358824526c667271024104dd5c27a9cd35da157bce789abdbb9","0","2024","500","0","0","0","True","0","41,8","40,5","53,2","59,5","100","77,05838354115123","91,93453214486189","1380233216","[23:31:40] [Server thread/INFO]: The game is running normally [23:31:40] [Server thread/INFO]: Target tick rate: 20,0 per second. Average time per tick: 41,8ms (Target: 50,0ms) [23:31:40] [Server thread/INFO]: Percentiles: P50: 40,5ms P95: 53,2ms P99: 59,5ms, sample: 100"
"with-umce","2","2026-09-26T21:31:41.0804850+00:00","1eb50fb702881358824526c667271024104dd5c27a9cd35da157bce789abdbb9","0","2024","500","0","0","0","True","0","41,7","40,5","53,2","59,5","100","76,47685993762751","91,93453214486189","1380233216","[23:31:41] [Server thread/INFO]: The game is running normally [23:31:41] [Server thread/INFO]: Target tick rate: 20,0 per second. Average time per tick: 41,7ms (Target: 50,0ms) [23:31:41] [Server thread/INFO]: Percentiles: P50: 40,5ms P95: 53,2ms P99: 59,5ms, sample: 100"
"with-umce","2","2026-09-26T21:31:41.2030588+00:00","1eb50fb702881358824526c667271024104dd5c27a9cd35da157bce789abdbb9","0","2024","500","0","0","0","True","0","41,5","40,4","52,7","59,5","100","89,36114238467408","91,93453214486189","1380233216","[23:31:41] [Server thread/INFO]: The game is running normally [23:31:41] [Server thread/INFO]: Target tick rate: 20,0 per second. Average time per tick: 41,5ms (Target: 50,0ms) [23:31:41] [Server thread/INFO]: Percentiles: P50: 40,4ms P95: 52,7ms P99: 59,5ms, sample: 100"
"with-umce","2","2026-09-26T21:31:41.3254833+00:00","1eb50fb702881358824526c667271024104dd5c27a9cd35da157bce789abdbb9","0","2024","500","0","0","0","True","0","41,6","40,4","52,7","59,5","100","75,79922705001536","91,93453214486189","1380233216","[23:31:41] [Server thread/INFO]: The game is running normally [23:31:41] [Server thread/INFO]: Target tick rate: 20,0 per second. Average time per tick: 41,6ms (Target: 50,0ms) [23:31:41] [Server thread/INFO]: Percentiles: P50: 40,4ms P95: 52,7ms P99: 59,5ms, sample: 100"
"with-umce","2","2026-09-26T21:31:41.4491416+00:00","1eb50fb702881358824526c667271024104dd5c27a9cd35da157bce789abdbb9","0","2024","500","0","0","0","True","0","41,5","40,3","52,7","59,5","100","87,64942473929554","91,93453214486189","1380233216","[23:31:41] [Server thread/INFO]: The game is running normally [23:31:41] [Server thread/INFO]: Target tick rate: 20,0 per second. Average time per tick: 41,5ms (Target: 50,0ms) [23:31:41] [Server thread/INFO]: Percentiles: P50: 40,3ms P95: 52,7ms P99: 59,5ms, sample: 100"
"with-umce","2","2026-09-26T21:31:41.5739398+00:00","1eb50fb702881358824526c667271024104dd5c27a9cd35da157bce789abdbb9","0","2024","500","0","0","0","True","0","41,5","40,3","52,7","59,5","100","74,46563460606687","91,93453214486189","1380233216","[23:31:41] [Server thread/INFO]: The game is running normally [23:31:41] [Server thread/INFO]: Target tick rate: 20,0 per second. Average time per tick: 41,5ms (Target: 50,0ms) [23:31:41] [Server thread/INFO]: Percentiles: P50: 40,3ms P95: 52,7ms P99: 59,5ms, sample: 100"
"with-umce","2","2026-09-26T21:31:41.6998448+00:00","1eb50fb702881358824526c667271024104dd5c27a9cd35da157bce789abdbb9","0","2024","500","0","0","0","True","0","41,5","40,2","52,7","59,5","100","88,78085921202371","91,93453214486189","1380233216","[23:31:41] [Server thread/INFO]: The game is running normally [23:31:41] [Server thread/INFO]: Target tick rate: 20,0 per second. Average time per tick: 41,5ms (Target: 50,0ms) [23:31:41] [Server thread/INFO]: Percentiles: P50: 40,2ms P95: 52,7ms P99: 59,5ms, sample: 100"
"with-umce","2","2026-09-26T21:31:41.8230777+00:00","1eb50fb702881358824526c667271024104dd5c27a9cd35da157bce789abdbb9","0","2024","500","0","0","0","True","0","41,5","40,2","52,7","59,5","100","101,67693739303587","91,93453214486189","1380233216","[23:31:41] [Server thread/INFO]: The game is running normally [23:31:41] [Server thread/INFO]: Target tick rate: 20,0 per second. Average time per tick: 41,5ms (Target: 50,0ms) [23:31:41] [Server thread/INFO]: Percentiles: P50: 40,2ms P95: 52,7ms P99: 59,5ms, sample: 100"
"with-umce","2","2026-09-26T21:31:41.9460014+00:00","1eb50fb702881358824526c667271024104dd5c27a9cd35da157bce789abdbb9","0","2024","500","0","0","0","True","0","41,7","40,3","53","59,5","100","91,47945700721664","91,93453214486189","1380233216","[23:31:41] [Server thread/INFO]: The game is running normally [23:31:41] [Server thread/INFO]: Target tick rate: 20,0 per second. Average time per tick: 41,7ms (Target: 50,0ms) [23:31:41] [Server thread/INFO]: Percentiles: P50: 40,3ms P95: 53,0ms P99: 59,5ms, sample: 100"
"with-umce","2","2026-09-26T21:31:42.0826382+00:00","1eb50fb702881358824526c667271024104dd5c27a9cd35da157bce789abdbb9","0","2024","500","0","0","0","True","0","41,7","40,3","53","59,5","100","101,31211344363116","91,93453214486189","1380233216","[23:31:42] [Server thread/INFO]: The game is running normally [23:31:42] [Server thread/INFO]: Target tick rate: 20,0 per second. Average time per tick: 41,7ms (Target: 50,0ms) [23:31:42] [Server thread/INFO]: Percentiles: P50: 40,3ms P95: 53,0ms P99: 59,5ms, sample: 100"
"with-umce","2","2026-09-26T21:31:42.2060354+00:00","1eb50fb702881358824526c667271024104dd5c27a9cd35da157bce789abdbb9","0","2024","500","0","0","0","True","0","42","40,5","53,2","59,5","100","99,9584972319493","91,93453214486189","1380233216","[23:31:42] [Server thread/INFO]: The game is running normally [23:31:42] [Server thread/INFO]: Target tick rate: 20,0 per second. Average time per tick: 42,0ms (Target: 50,0ms) [23:31:42] [Server thread/INFO]: Percentiles: P50: 40,5ms P95: 53,2ms P99: 59,5ms, sample: 100"
"with-umce","2","2026-09-26T21:31:42.3310714+00:00","1eb50fb702881358824526c667271024104dd5c27a9cd35da157bce789abdbb9","0","2024","500","0","0","0","True","0","41,9","40,5","53","59,5","100","90,78096948680428","91,93453214486189","1380233216","[23:31:42] [Server thread/INFO]: The game is running normally [23:31:42] [Server thread/INFO]: Target tick rate: 20,0 per second. Average time per tick: 41,9ms (Target: 50,0ms) [23:31:42] [Server thread/INFO]: Percentiles: P50: 40,5ms P95: 53,0ms P99: 59,5ms, sample: 100"
"with-umce","2","2026-09-26T21:31:42.4515282+00:00","1eb50fb702881358824526c667271024104dd5c27a9cd35da157bce789abdbb9","0","2024","500","0","0","0","True","0","41,8","40,5","53","59,5","100","102,38331987333954","91,93453214486189","1380233216","[23:31:42] [Server thread/INFO]: The game is running normally [23:31:42] [Server thread/INFO]: Target tick rate: 20,0 per second. Average time per tick: 41,8ms (Target: 50,0ms) [23:31:42] [Server thread/INFO]: Percentiles: P50: 40,5ms P95: 53,0ms P99: 59,5ms, sample: 100"
"with-umce","2","2026-09-26T21:31:42.5736499+00:00","1eb50fb702881358824526c667271024104dd5c27a9cd35da157bce789abdbb9","0","2024","500","0","0","0","True","0","41,8","40,5","53","59,5","100","88,60213973661166","91,93453214486189","1380233216","[23:31:42] [Server thread/INFO]: The game is running normally [23:31:42] [Server thread/INFO]: Target tick rate: 20,0 per second. Average time per tick: 41,8ms (Target: 50,0ms) [23:31:42] [Server thread/INFO]: Percentiles: P50: 40,5ms P95: 53,0ms P99: 59,5ms, sample: 100"
"with-umce","2","2026-09-26T21:31:42.6970638+00:00","1eb50fb702881358824526c667271024104dd5c27a9cd35da157bce789abdbb9","0","2024","500","0","0","0","True","0","41,8","40,5","53","59,5","100","101,80663797378546","91,93453214486189","1380233216","[23:31:42] [Server thread/INFO]: The game is running normally [23:31:42] [Server thread/INFO]: Target tick rate: 20,0 per second. Average time per tick: 41,8ms (Target: 50,0ms) [23:31:42] [Server thread/INFO]: Percentiles: P50: 40,5ms P95: 53,0ms P99: 59,5ms, sample: 100"
"with-umce","2","2026-09-26T21:31:42.8352309+00:00","1eb50fb702881358824526c667271024104dd5c27a9cd35da157bce789abdbb9","0","2024","500","0","0","0","True","0","41,7","40,5","52,7","59,5","100","89,67657604788872","91,93453214486189","1380233216","[23:31:42] [Server thread/INFO]: The game is running normally [23:31:42] [Server thread/INFO]: Target tick rate: 20,0 per second. Average time per tick: 41,7ms (Target: 50,0ms) [23:31:42] [Server thread/INFO]: Percentiles: P50: 40,5ms P95: 52,7ms P99: 59,5ms, sample: 100"
"with-umce","2","2026-09-26T21:31:42.9746168+00:00","1eb50fb702881358824526c667271024104dd5c27a9cd35da157bce789abdbb9","0","2024","500","0","0","0","True","0","41,8","40,7","52,7","59,5","100","101,47458354830911","91,93453214486189","1380233216","[23:31:42] [Server thread/INFO]: The game is running normally [23:31:42] [Server thread/INFO]: Target tick rate: 20,0 per second. Average time per tick: 41,8ms (Target: 50,0ms) [23:31:42] [Server thread/INFO]: Percentiles: P50: 40,7ms P95: 52,7ms P99: 59,5ms, sample: 100"
"with-umce","2","2026-09-26T21:31:43.1131862+00:00","1eb50fb702881358824526c667271024104dd5c27a9cd35da157bce789abdbb9","0","2024","500","0","0","0","True","0","41,7","40,7","51,8","58,6","100","50,898252357607056","91,93453214486189","1380233216","[23:31:43] [Server thread/INFO]: The game is running normally [23:31:43] [Server thread/INFO]: Target tick rate: 20,0 per second. Average time per tick: 41,7ms (Target: 50,0ms) [23:31:43] [Server thread/INFO]: Percentiles: P50: 40,7ms P95: 51,8ms P99: 58,6ms, sample: 100"
"with-umce","2","2026-09-26T21:31:43.2359745+00:00","1eb50fb702881358824526c667271024104dd5c27a9cd35da157bce789abdbb9","0","2024","500","0","0","0","True","0","41,6","40,7","51,7","58,6","100","102,05622889987467","91,93453214486189","1380233216","[23:31:43] [Server thread/INFO]: The game is running normally [23:31:43] [Server thread/INFO]: Target tick rate: 20,0 per second. Average time per tick: 41,6ms (Target: 50,0ms) [23:31:43] [Server thread/INFO]: Percentiles: P50: 40,7ms P95: 51,7ms P99: 58,6ms, sample: 100"
"with-umce","2","2026-09-26T21:31:43.3584361+00:00","1eb50fb702881358824526c667271024104dd5c27a9cd35da157bce789abdbb9","0","2024","500","0","0","0","True","0","41,8","40,9","51,7","58,6","100","76,47754619243791","91,93453214486189","1380233216","[23:31:43] [Server thread/INFO]: The game is running normally [23:31:43] [Server thread/INFO]: Target tick rate: 20,0 per second. Average time per tick: 41,8ms (Target: 50,0ms) [23:31:43] [Server thread/INFO]: Percentiles: P50: 40,9ms P95: 51,7ms P99: 58,6ms, sample: 100"
"with-umce","2","2026-09-26T21:31:43.4810442+00:00","1eb50fb702881358824526c667271024104dd5c27a9cd35da157bce789abdbb9","0","2024","500","0","0","0","True","0","41,7","41","51,6","58,6","100","102,47615174996474","91,93453214486189","1380233216","[23:31:43] [Server thread/INFO]: The game is running normally [23:31:43] [Server thread/INFO]: Target tick rate: 20,0 per second. Average time per tick: 41,7ms (Target: 50,0ms) [23:31:43] [Server thread/INFO]: Percentiles: P50: 41,0ms P95: 51,6ms P99: 58,6ms, sample: 100"
"with-umce","2","2026-09-26T21:31:43.6030113+00:00","1eb50fb702881358824526c667271024104dd5c27a9cd35da157bce789abdbb9","0","2024","500","0","0","0","True","0","41,9","41,4","51,6","58,6","100","75,537585891271","91,93453214486189","1380233216","[23:31:43] [Server thread/INFO]: The game is running normally [23:31:43] [Server thread/INFO]: Target tick rate: 20,0 per second. Average time per tick: 41,9ms (Target: 50,0ms) [23:31:43] [Server thread/INFO]: Percentiles: P50: 41,4ms P95: 51,6ms P99: 58,6ms, sample: 100"
"with-umce","2","2026-09-26T21:31:43.7271091+00:00","1eb50fb702881358824526c667271024104dd5c27a9cd35da157bce789abdbb9","0","2024","500","0","0","0","True","0","42","41,8","51,6","58,6","100","100,57832986688257","91,93453214486189","1380233216","[23:31:43] [Server thread/INFO]: The game is running normally [23:31:43] [Server thread/INFO]: Target tick rate: 20,0 per second. Average time per tick: 42,0ms (Target: 50,0ms) [23:31:43] [Server thread/INFO]: Percentiles: P50: 41,8ms P95: 51,6ms P99: 58,6ms, sample: 100"
"without-umce","2","2026-09-26T21:32:27.4037713+00:00",,"0","2024","500","0","0","0","True","0","42","40,7","53,3","55,7","100","76,6695562570536","92,13988061132143","1375162368","[23:32:27] [Server thread/INFO]: The game is running normally [23:32:27] [Server thread/INFO]: Target tick rate: 20,0 per second. Average time per tick: 42,0ms (Target: 50,0ms) [23:32:27] [Server thread/INFO]: Percentiles: P50: 40,7ms P95: 53,3ms P99: 55,7ms, sample: 100"
"without-umce","2","2026-09-26T21:32:27.5372555+00:00",,"0","2024","500","0","0","0","True","0","41,7","40,6","50,7","55,2","100","87,51407226281987","92,13988061132143","1375162368","[23:32:27] [Server thread/INFO]: The game is running normally [23:32:27] [Server thread/INFO]: Target tick rate: 20,0 per second. Average time per tick: 41,7ms (Target: 50,0ms) [23:32:27] [Server thread/INFO]: Percentiles: P50: 40,6ms P95: 50,7ms P99: 55,2ms, sample: 100"
"without-umce","2","2026-09-26T21:32:27.6511575+00:00",,"0","2024","500","0","0","0","True","0","41,5","40,4","50,7","55,2","100","62,59123298119339","92,13988061132143","1375162368","[23:32:27] [Server thread/INFO]: The game is running normally [23:32:27] [Server thread/INFO]: Target tick rate: 20,0 per second. Average time per tick: 41,5ms (Target: 50,0ms) [23:32:27] [Server thread/INFO]: Percentiles: P50: 40,4ms P95: 50,7ms P99: 55,2ms, sample: 100"
"without-umce","2","2026-09-26T21:32:27.7759390+00:00",,"0","2024","500","0","0","0","True","0","41,3","40,3","50,7","55,2","100","100,81799689964497","92,13988061132143","1375162368","[23:32:27] [Server thread/INFO]: The game is running normally [23:32:27] [Server thread/INFO]: Target tick rate: 20,0 per second. Average time per tick: 41,3ms (Target: 50,0ms) [23:32:27] [Server thread/INFO]: Percentiles: P50: 40,3ms P95: 50,7ms P99: 55,2ms, sample: 100"
"without-umce","2","2026-09-26T21:32:27.8999552+00:00",,"0","2024","500","0","0","0","True","0","41,1","40","49,7","55,2","100","242,035355301787","92,13988061132143","1375162368","[23:32:27] [Server thread/INFO]: The game is running normally [23:32:27] [Server thread/INFO]: Target tick rate: 20,0 per second. Average time per tick: 41,1ms (Target: 50,0ms) [23:32:27] [Server thread/INFO]: Percentiles: P50: 40,0ms P95: 49,7ms P99: 55,2ms, sample: 100"
"without-umce","2","2026-09-26T21:32:28.0225918+00:00",,"0","2024","500","0","0","0","True","0","40,8","40","49","53,4","100","79,74821801467587","92,13988061132143","1375162368","[23:32:28] [Server thread/INFO]: The game is running normally [23:32:28] [Server thread/INFO]: Target tick rate: 20,0 per second. Average time per tick: 40,8ms (Target: 50,0ms) [23:32:28] [Server thread/INFO]: Percentiles: P50: 40,0ms P95: 49,0ms P99: 53,4ms, sample: 100"
"without-umce","2","2026-09-26T21:32:28.1597741+00:00",,"0","2024","500","0","0","0","True","0","40,8","40","49","53,4","100","76,69953906645003","92,13988061132143","1375162368","[23:32:28] [Server thread/INFO]: The game is running normally [23:32:28] [Server thread/INFO]: Target tick rate: 20,0 per second. Average time per tick: 40,8ms (Target: 50,0ms) [23:32:28] [Server thread/INFO]: Percentiles: P50: 40,0ms P95: 49,0ms P99: 53,4ms, sample: 100"
"without-umce","2","2026-09-26T21:32:28.2819584+00:00",,"0","2024","500","0","0","0","True","0","40,6","39,8","49","53,4","100","90,19547369219656","92,13988061132143","1375162368","[23:32:28] [Server thread/INFO]: The game is running normally [23:32:28] [Server thread/INFO]: Target tick rate: 20,0 per second. Average time per tick: 40,6ms (Target: 50,0ms) [23:32:28] [Server thread/INFO]: Percentiles: P50: 39,8ms P95: 49,0ms P99: 53,4ms, sample: 100"
"without-umce","2","2026-09-26T21:32:28.4032424+00:00",,"0","2024","500","0","0","0","True","0","40,4","39,8","49","53,4","100","75,87781526928732","92,13988061132143","1375162368","[23:32:28] [Server thread/INFO]: The game is running normally [23:32:28] [Server thread/INFO]: Target tick rate: 20,0 per second. Average time per tick: 40,4ms (Target: 50,0ms) [23:32:28] [Server thread/INFO]: Percentiles: P50: 39,8ms P95: 49,0ms P99: 53,4ms, sample: 100"
"without-umce","2","2026-09-26T21:32:28.5267779+00:00",,"0","2024","500","0","0","0","True","0","40,4","39,8","49","53,4","100","101,60784249971549","92,13988061132143","1375162368","[23:32:28] [Server thread/INFO]: The game is running normally [23:32:28] [Server thread/INFO]: Target tick rate: 20,0 per second. Average time per tick: 40,4ms (Target: 50,0ms) [23:32:28] [Server thread/INFO]: Percentiles: P50: 39,8ms P95: 49,0ms P99: 53,4ms, sample: 100"
"without-umce","2","2026-09-26T21:32:28.6498134+00:00",,"0","2024","500","0","0","0","True","0","40,3","39,3","47,5","53,4","100","80,39335596230204","92,13988061132143","1375162368","[23:32:28] [Server thread/INFO]: The game is running normally [23:32:28] [Server thread/INFO]: Target tick rate: 20,0 per second. Average time per tick: 40,3ms (Target: 50,0ms) [23:32:28] [Server thread/INFO]: Percentiles: P50: 39,3ms P95: 47,5ms P99: 53,4ms, sample: 100"
"without-umce","2","2026-09-26T21:32:28.7858571+00:00",,"0","2024","500","0","0","0","True","0","40,2","39,3","46,9","53,4","100","102,05822871004113","92,13988061132143","1375162368","[23:32:28] [Server thread/INFO]: The game is running normally [23:32:28] [Server thread/INFO]: Target tick rate: 20,0 per second. Average time per tick: 40,2ms (Target: 50,0ms) [23:32:28] [Server thread/INFO]: Percentiles: P50: 39,3ms P95: 46,9ms P99: 53,4ms, sample: 100"
"without-umce","2","2026-09-26T21:32:28.9083358+00:00",,"0","2024","500","0","0","0","True","0","40,1","39,3","46,9","53,4","100","25,138381763934103","92,13988061132143","1375162368","[23:32:28] [Server thread/INFO]: The game is running normally [23:32:28] [Server thread/INFO]: Target tick rate: 20,0 per second. Average time per tick: 40,1ms (Target: 50,0ms) [23:32:28] [Server thread/INFO]: Percentiles: P50: 39,3ms P95: 46,9ms P99: 53,4ms, sample: 100"
"without-umce","2","2026-09-26T21:32:29.0326434+00:00",,"0","2024","500","0","0","0","True","0","40","39,2","46,9","53,4","100","86,76527167941869","92,13988061132143","1375162368","[23:32:29] [Server thread/INFO]: The game is running normally [23:32:29] [Server thread/INFO]: Target tick rate: 20,0 per second. Average time per tick: 40,0ms (Target: 50,0ms) [23:32:29] [Server thread/INFO]: Percentiles: P50: 39,2ms P95: 46,9ms P99: 53,4ms, sample: 100"
"without-umce","2","2026-09-26T21:32:29.1587280+00:00",,"0","2024","500","0","0","0","True","0","40,1","39,2","46,9","53,4","100","102,42316828454304","92,13988061132143","1375162368","[23:32:29] [Server thread/INFO]: The game is running normally [23:32:29] [Server thread/INFO]: Target tick rate: 20,0 per second. Average time per tick: 40,1ms (Target: 50,0ms) [23:32:29] [Server thread/INFO]: Percentiles: P50: 39,2ms P95: 46,9ms P99: 53,4ms, sample: 100"
"without-umce","2","2026-09-26T21:32:29.2807452+00:00",,"0","2024","500","0","0","0","True","0","40,2","39,3","47,5","53,4","100","87,42194968332274","92,13988061132143","1375162368","[23:32:29] [Server thread/INFO]: The game is running normally [23:32:29] [Server thread/INFO]: Target tick rate: 20,0 per second. Average time per tick: 40,2ms (Target: 50,0ms) [23:32:29] [Server thread/INFO]: Percentiles: P50: 39,3ms P95: 47,5ms P99: 53,4ms, sample: 100"
"without-umce","2","2026-09-26T21:32:29.4058852+00:00",,"0","2024","500","0","0","0","True","0","40,3","39,3","47,5","53,4","100","76,47168223018343","92,13988061132143","1375162368","[23:32:29] [Server thread/INFO]: The game is running normally [23:32:29] [Server thread/INFO]: Target tick rate: 20,0 per second. Average time per tick: 40,3ms (Target: 50,0ms) [23:32:29] [Server thread/INFO]: Percentiles: P50: 39,3ms P95: 47,5ms P99: 53,4ms, sample: 100"
"without-umce","2","2026-09-26T21:32:29.5284332+00:00",,"0","2024","500","0","0","0","True","0","40,4","39,8","47,5","53,4","100","75,81780113010981","92,13988061132143","1375162368","[23:32:29] [Server thread/INFO]: The game is running normally [23:32:29] [Server thread/INFO]: Target tick rate: 20,0 per second. Average time per tick: 40,4ms (Target: 50,0ms) [23:32:29] [Server thread/INFO]: Percentiles: P50: 39,8ms P95: 47,5ms P99: 53,4ms, sample: 100"
"without-umce","2","2026-09-26T21:32:29.6520922+00:00",,"0","2024","500","0","0","0","True","0","40,5","40","47,5","53,4","100","88,39591022935657","92,13988061132143","1375162368","[23:32:29] [Server thread/INFO]: The game is running normally [23:32:29] [Server thread/INFO]: Target tick rate: 20,0 per second. Average time per tick: 40,5ms (Target: 50,0ms) [23:32:29] [Server thread/INFO]: Percentiles: P50: 40,0ms P95: 47,5ms P99: 53,4ms, sample: 100"
"without-umce","2","2026-09-26T21:32:29.7758459+00:00",,"0","2024","500","0","0","0","True","0","40,7","40","48,8","53,4","100","101,41691601705752","92,13988061132143","1375162368","[23:32:29] [Server thread/INFO]: The game is running normally [23:32:29] [Server thread/INFO]: Target tick rate: 20,0 per second. Average time per tick: 40,7ms (Target: 50,0ms) [23:32:29] [Server thread/INFO]: Percentiles: P50: 40,0ms P95: 48,8ms P99: 53,4ms, sample: 100"
"without-umce","2","2026-09-26T21:32:29.8990712+00:00",,"0","2024","500","0","0","0","True","0","40,9","40,5","49","56,3","100","207,09185600691558","92,13988061132143","1375162368","[23:32:29] [Server thread/INFO]: The game is running normally [23:32:29] [Server thread/INFO]: Target tick rate: 20,0 per second. Average time per tick: 40,9ms (Target: 50,0ms) [23:32:29] [Server thread/INFO]: Percentiles: P50: 40,5ms P95: 49,0ms P99: 56,3ms, sample: 100"
"without-umce","2","2026-09-26T21:32:30.0348831+00:00",,"0","2024","500","0","0","0","True","0","41,1","40,6","49,7","56,3","100","65,13456279597145","92,13988061132143","1375162368","[23:32:30] [Server thread/INFO]: The game is running normally [23:32:30] [Server thread/INFO]: Target tick rate: 20,0 per second. Average time per tick: 41,1ms (Target: 50,0ms) [23:32:30] [Server thread/INFO]: Percentiles: P50: 40,6ms P95: 49,7ms P99: 56,3ms, sample: 100"
"without-umce","2","2026-09-26T21:32:30.1548442+00:00",,"0","2024","500","0","0","0","True","0","41,1","40,5","49,7","56,3","100","87,74723661388327","92,13988061132143","1375162368","[23:32:30] [Server thread/INFO]: The game is running normally [23:32:30] [Server thread/INFO]: Target tick rate: 20,0 per second. Average time per tick: 41,1ms (Target: 50,0ms) [23:32:30] [Server thread/INFO]: Percentiles: P50: 40,5ms P95: 49,7ms P99: 56,3ms, sample: 100"
"without-umce","2","2026-09-26T21:32:30.2794923+00:00",,"0","2024","500","0","0","0","True","0","41,2","40,6","50,7","56,3","100","87,0044228076874","92,13988061132143","1375162368","[23:32:30] [Server thread/INFO]: The game is running normally [23:32:30] [Server thread/INFO]: Target tick rate: 20,0 per second. Average time per tick: 41,2ms (Target: 50,0ms) [23:32:30] [Server thread/INFO]: Percentiles: P50: 40,6ms P95: 50,7ms P99: 56,3ms, sample: 100"
"without-umce","2","2026-09-26T21:32:30.4052031+00:00",,"0","2024","500","0","0","0","True","0","41,3","40,6","51,4","56,3","100","88,9929456563306","92,13988061132143","1375162368","[23:32:30] [Server thread/INFO]: The game is running normally [23:32:30] [Server thread/INFO]: Target tick rate: 20,0 per second. Average time per tick: 41,3ms (Target: 50,0ms) [23:32:30] [Server thread/INFO]: Percentiles: P50: 40,6ms P95: 51,4ms P99: 56,3ms, sample: 100"
"without-umce","2","2026-09-26T21:32:30.5280999+00:00",,"0","2024","500","0","0","0","True","0","41,3","40,7","51,4","56,3","100","89,81536834360342","92,13988061132143","1375162368","[23:32:30] [Server thread/INFO]: The game is running normally [23:32:30] [Server thread/INFO]: Target tick rate: 20,0 per second. Average time per tick: 41,3ms (Target: 50,0ms) [23:32:30] [Server thread/INFO]: Percentiles: P50: 40,7ms P95: 51,4ms P99: 56,3ms, sample: 100"
"without-umce","2","2026-09-26T21:32:30.6499543+00:00",,"0","2024","500","0","0","0","True","0","41,3","40,6","51,4","56,3","100","88,65305712215358","92,13988061132143","1375162368","[23:32:30] [Server thread/INFO]: The game is running normally [23:32:30] [Server thread/INFO]: Target tick rate: 20,0 per second. Average time per tick: 41,3ms (Target: 50,0ms) [23:32:30] [Server thread/INFO]: Percentiles: P50: 40,6ms P95: 51,4ms P99: 56,3ms, sample: 100"
"without-umce","2","2026-09-26T21:32:30.7732538+00:00",,"0","2024","500","0","0","0","True","0","41,1","40,5","49,7","56,3","100","150,88818823120417","92,13988061132143","1375162368","[23:32:30] [Server thread/INFO]: The game is running normally [23:32:30] [Server thread/INFO]: Target tick rate: 20,0 per second. Average time per tick: 41,1ms (Target: 50,0ms) [23:32:30] [Server thread/INFO]: Percentiles: P50: 40,5ms P95: 49,7ms P99: 56,3ms, sample: 100"
"without-umce","2","2026-09-26T21:32:30.8975087+00:00",,"0","2024","500","0","0","0","True","0","41,2","40,7","49,7","56,3","100","78,67222149494125","92,13988061132143","1375162368","[23:32:30] [Server thread/INFO]: The game is running normally [23:32:30] [Server thread/INFO]: Target tick rate: 20,0 per second. Average time per tick: 41,2ms (Target: 50,0ms) [23:32:30] [Server thread/INFO]: Percentiles: P50: 40,7ms P95: 49,7ms P99: 56,3ms, sample: 100"
"without-umce","2","2026-09-26T21:32:31.0365279+00:00",,"0","2024","500","0","0","0","True","0","41,3","40,7","49,7","56,3","100","88,50470541588108","92,13988061132143","1375162368","[23:32:31] [Server thread/INFO]: The game is running normally [23:32:31] [Server thread/INFO]: Target tick rate: 20,0 per second. Average time per tick: 41,3ms (Target: 50,0ms) [23:32:31] [Server thread/INFO]: Percentiles: P50: 40,7ms P95: 49,7ms P99: 56,3ms, sample: 100"
"without-umce","2","2026-09-26T21:32:31.1601515+00:00",,"0","2024","500","0","0","0","True","0","41,5","40,9","49,7","56,3","100","63,91717152709884","92,13988061132143","1375162368","[23:32:31] [Server thread/INFO]: The game is running normally [23:32:31] [Server thread/INFO]: Target tick rate: 20,0 per second. Average time per tick: 41,5ms (Target: 50,0ms) [23:32:31] [Server thread/INFO]: Percentiles: P50: 40,9ms P95: 49,7ms P99: 56,3ms, sample: 100"
"without-umce","2","2026-09-26T21:32:31.2823588+00:00",,"0","2024","500","0","0","0","True","0","41,4","40,8","49,7","56,3","100","87,27371670732126","92,13988061132143","1375162368","[23:32:31] [Server thread/INFO]: The game is running normally [23:32:31] [Server thread/INFO]: Target tick rate: 20,0 per second. Average time per tick: 41,4ms (Target: 50,0ms) [23:32:31] [Server thread/INFO]: Percentiles: P50: 40,8ms P95: 49,7ms P99: 56,3ms, sample: 100"
"without-umce","2","2026-09-26T21:32:31.4076938+00:00",,"0","2024","500","0","0","0","True","0","41,4","40,8","49,7","56,3","100","63,017042228072896","92,13988061132143","1375162368","[23:32:31] [Server thread/INFO]: The game is running normally [23:32:31] [Server thread/INFO]: Target tick rate: 20,0 per second. Average time per tick: 41,4ms (Target: 50,0ms) [23:32:31] [Server thread/INFO]: Percentiles: P50: 40,8ms P95: 49,7ms P99: 56,3ms, sample: 100"
"without-umce","2","2026-09-26T21:32:31.5316334+00:00",,"0","2024","500","0","0","0","True","0","41,4","40,7","49,7","56,3","100","89,52718188485514","92,13988061132143","1375162368","[23:32:31] [Server thread/INFO]: The game is running normally [23:32:31] [Server thread/INFO]: Target tick rate: 20,0 per second. Average time per tick: 41,4ms (Target: 50,0ms) [23:32:31] [Server thread/INFO]: Percentiles: P50: 40,7ms P95: 49,7ms P99: 56,3ms, sample: 100"
"without-umce","2","2026-09-26T21:32:31.6538142+00:00",,"0","2024","500","0","0","0","True","0","41,3","40,8","49,7","56,3","100","63,60965775765066","92,13988061132143","1375162368","[23:32:31] [Server thread/INFO]: The game is running normally [23:32:31] [Server thread/INFO]: Target tick rate: 20,0 per second. Average time per tick: 41,3ms (Target: 50,0ms) [23:32:31] [Server thread/INFO]: Percentiles: P50: 40,8ms P95: 49,7ms P99: 56,3ms, sample: 100"
"without-umce","2","2026-09-26T21:32:31.7766227+00:00",,"0","2024","500","0","0","0","True","0","41,3","40,7","49,7","56,3","100","86,80679565263631","92,13988061132143","1375162368","[23:32:31] [Server thread/INFO]: The game is running normally [23:32:31] [Server thread/INFO]: Target tick rate: 20,0 per second. Average time per tick: 41,3ms (Target: 50,0ms) [23:32:31] [Server thread/INFO]: Percentiles: P50: 40,7ms P95: 49,7ms P99: 56,3ms, sample: 100"
"without-umce","2","2026-09-26T21:32:31.9026303+00:00",,"0","2024","500","0","0","0","True","0","41,3","40,7","49,7","56,3","100","76,71579477972543","92,13988061132143","1375162368","[23:32:31] [Server thread/INFO]: The game is running normally [23:32:31] [Server thread/INFO]: Target tick rate: 20,0 per second. Average time per tick: 41,3ms (Target: 50,0ms) [23:32:31] [Server thread/INFO]: Percentiles: P50: 40,7ms P95: 49,7ms P99: 56,3ms, sample: 100"
"without-umce","2","2026-09-26T21:32:32.0248283+00:00",,"0","2024","500","0","0","0","True","0","41,4","40,9","49,7","56,3","100","87,86848527986966","92,13988061132143","1375162368","[23:32:32] [Server thread/INFO]: The game is running normally [23:32:32] [Server thread/INFO]: Target tick rate: 20,0 per second. Average time per tick: 41,4ms (Target: 50,0ms) [23:32:32] [Server thread/INFO]: Percentiles: P50: 40,9ms P95: 49,7ms P99: 56,3ms, sample: 100"
"without-umce","2","2026-09-26T21:32:32.1493351+00:00",,"0","2024","500","0","0","0","True","0","41,4","40,9","49,7","56,3","100","75,43595949712578","92,13988061132143","1375162368","[23:32:32] [Server thread/INFO]: The game is running normally [23:32:32] [Server thread/INFO]: Target tick rate: 20,0 per second. Average time per tick: 41,4ms (Target: 50,0ms) [23:32:32] [Server thread/INFO]: Percentiles: P50: 40,9ms P95: 49,7ms P99: 56,3ms, sample: 100"
"without-umce","2","2026-09-26T21:32:32.2735816+00:00",,"0","2024","500","0","0","0","True","0","41,5","40,9","49,7","56,3","100","80,43488892263579","92,13988061132143","1375162368","[23:32:32] [Server thread/INFO]: The game is running normally [23:32:32] [Server thread/INFO]: Target tick rate: 20,0 per second. Average time per tick: 41,5ms (Target: 50,0ms) [23:32:32] [Server thread/INFO]: Percentiles: P50: 40,9ms P95: 49,7ms P99: 56,3ms, sample: 100"
"without-umce","2","2026-09-26T21:32:32.4289981+00:00",,"0","2024","500","0","0","0","True","0","41,5","40,9","49,7","56,3","100","124,2063440445271","92,13988061132143","1375162368","[23:32:32] [Server thread/INFO]: The game is running normally [23:32:32] [Server thread/INFO]: Target tick rate: 20,0 per second. Average time per tick: 41,5ms (Target: 50,0ms) [23:32:32] [Server thread/INFO]: Percentiles: P50: 40,9ms P95: 49,7ms P99: 56,3ms, sample: 100"
"without-umce","2","2026-09-26T21:32:32.5673696+00:00",,"0","2024","500","0","0","0","True","0","41,5","40,9","49,7","56,3","100","88,80342109344109","92,13988061132143","1375162368","[23:32:32] [Server thread/INFO]: The game is running normally [23:32:32] [Server thread/INFO]: Target tick rate: 20,0 per second. Average time per tick: 41,5ms (Target: 50,0ms) [23:32:32] [Server thread/INFO]: Percentiles: P50: 40,9ms P95: 49,7ms P99: 56,3ms, sample: 100"
"without-umce","2","2026-09-26T21:32:32.6905848+00:00",,"0","2024","500","0","0","0","True","0","41,6","40,9","49,7","56,3","100","75,23823434523074","92,13988061132143","1375162368","[23:32:32] [Server thread/INFO]: The game is running normally [23:32:32] [Server thread/INFO]: Target tick rate: 20,0 per second. Average time per tick: 41,6ms (Target: 50,0ms) [23:32:32] [Server thread/INFO]: Percentiles: P50: 40,9ms P95: 49,7ms P99: 56,3ms, sample: 100"
"without-umce","2","2026-09-26T21:32:32.8151378+00:00",,"0","2024","500","0","0","0","True","0","41,6","40,9","49,7","56,3","100","64,35634592699499","92,13988061132143","1375162368","[23:32:32] [Server thread/INFO]: The game is running normally [23:32:32] [Server thread/INFO]: Target tick rate: 20,0 per second. Average time per tick: 41,6ms (Target: 50,0ms) [23:32:32] [Server thread/INFO]: Percentiles: P50: 40,9ms P95: 49,7ms P99: 56,3ms, sample: 100"
"without-umce","2","2026-09-26T21:32:32.9365455+00:00",,"0","2024","500","0","0","0","True","0","41,6","40,9","49,7","56,3","100","87,7675858156347","92,13988061132143","1375162368","[23:32:32] [Server thread/INFO]: The game is running normally [23:32:32] [Server thread/INFO]: Target tick rate: 20,0 per second. Average time per tick: 41,6ms (Target: 50,0ms) [23:32:32] [Server thread/INFO]: Percentiles: P50: 40,9ms P95: 49,7ms P99: 56,3ms, sample: 100"
"without-umce","2","2026-09-26T21:32:33.0611757+00:00",,"0","2024","500","0","0","0","True","0","41,5","40,9","49,7","56,3","100","75,38221799813776","92,13988061132143","1375162368","[23:32:33] [Server thread/INFO]: The game is running normally [23:32:33] [Server thread/INFO]: Target tick rate: 20,0 per second. Average time per tick: 41,5ms (Target: 50,0ms) [23:32:33] [Server thread/INFO]: Percentiles: P50: 40,9ms P95: 49,7ms P99: 56,3ms, sample: 100"
"without-umce","2","2026-09-26T21:32:33.1855191+00:00",,"0","2024","500","0","0","0","True","0","41,5","40,9","49,7","56,3","100","87,97471154348867","92,13988061132143","1375162368","[23:32:33] [Server thread/INFO]: The game is running normally [23:32:33] [Server thread/INFO]: Target tick rate: 20,0 per second. Average time per tick: 41,5ms (Target: 50,0ms) [23:32:33] [Server thread/INFO]: Percentiles: P50: 40,9ms P95: 49,7ms P99: 56,3ms, sample: 100"
"without-umce","2","2026-09-26T21:32:33.3098682+00:00",,"0","2024","500","0","0","0","True","0","41,6","40,9","49,7","56,3","100","76,30102402078319","92,13988061132143","1375162368","[23:32:33] [Server thread/INFO]: The game is running normally [23:32:33] [Server thread/INFO]: Target tick rate: 20,0 per second. Average time per tick: 41,6ms (Target: 50,0ms) [23:32:33] [Server thread/INFO]: Percentiles: P50: 40,9ms P95: 49,7ms P99: 56,3ms, sample: 100"
"without-umce","2","2026-09-26T21:32:33.4327109+00:00",,"0","2024","500","0","0","0","True","0","41,7","40,9","49,7","56,3","100","137,4313942479914","92,13988061132143","1375162368","[23:32:33] [Server thread/INFO]: The game is running normally [23:32:33] [Server thread/INFO]: Target tick rate: 20,0 per second. Average time per tick: 41,7ms (Target: 50,0ms) [23:32:33] [Server thread/INFO]: Percentiles: P50: 40,9ms P95: 49,7ms P99: 56,3ms, sample: 100"
"without-umce","2","2026-09-26T21:32:33.5577728+00:00",,"0","2024","500","0","0","0","True","0","41,6","40,9","49,7","56,3","100","101,93089737515709","92,13988061132143","1375162368","[23:32:33] [Server thread/INFO]: The game is running normally [23:32:33] [Server thread/INFO]: Target tick rate: 20,0 per second. Average time per tick: 41,6ms (Target: 50,0ms) [23:32:33] [Server thread/INFO]: Percentiles: P50: 40,9ms P95: 49,7ms P99: 56,3ms, sample: 100"
"without-umce","2","2026-09-26T21:32:33.6804200+00:00",,"0","2024","500","0","0","0","True","0","41,7","40,9","51,4","56,3","100","113,33698913125474","92,13988061132143","1375162368","[23:32:33] [Server thread/INFO]: The game is running normally [23:32:33] [Server thread/INFO]: Target tick rate: 20,0 per second. Average time per tick: 41,7ms (Target: 50,0ms) [23:32:33] [Server thread/INFO]: Percentiles: P50: 40,9ms P95: 51,4ms P99: 56,3ms, sample: 100"
"without-umce","2","2026-09-26T21:32:33.8182851+00:00",,"0","2024","500","0","0","0","True","0","41,7","40,9","51,4","56,3","100","74,67525226295885","92,13988061132143","1375162368","[23:32:33] [Server thread/INFO]: The game is running normally [23:32:33] [Server thread/INFO]: Target tick rate: 20,0 per second. Average time per tick: 41,7ms (Target: 50,0ms) [23:32:33] [Server thread/INFO]: Percentiles: P50: 40,9ms P95: 51,4ms P99: 56,3ms, sample: 100"
"without-umce","2","2026-09-26T21:32:33.9438351+00:00",,"0","2024","500","0","0","0","True","0","41,8","41,1","51,4","56,3","100","112,81434589339736","92,13988061132143","1375162368","[23:32:33] [Server thread/INFO]: The game is running normally [23:32:33] [Server thread/INFO]: Target tick rate: 20,0 per second. Average time per tick: 41,8ms (Target: 50,0ms) [23:32:33] [Server thread/INFO]: Percentiles: P50: 41,1ms P95: 51,4ms P99: 56,3ms, sample: 100"
"without-umce","2","2026-09-26T21:32:34.0684699+00:00",,"0","2024","500","0","0","0","True","0","41,8","41,2","51,4","56,3","100","176,87530270944663","92,13988061132143","1375162368","[23:32:34] [Server thread/INFO]: The game is running normally [23:32:34] [Server thread/INFO]: Target tick rate: 20,0 per second. Average time per tick: 41,8ms (Target: 50,0ms) [23:32:34] [Server thread/INFO]: Percentiles: P50: 41,2ms P95: 51,4ms P99: 56,3ms, sample: 100"
"without-umce","2","2026-09-26T21:32:34.1921918+00:00",,"0","2024","500","0","0","0","True","0","41,8","41,3","51,4","56,3","100","165,89771798245508","92,13988061132143","1375162368","[23:32:34] [Server thread/INFO]: The game is running normally [23:32:34] [Server thread/INFO]: Target tick rate: 20,0 per second. Average time per tick: 41,8ms (Target: 50,0ms) [23:32:34] [Server thread/INFO]: Percentiles: P50: 41,3ms P95: 51,4ms P99: 56,3ms, sample: 100"
"without-umce","2","2026-09-26T21:32:34.3145812+00:00",,"0","2024","500","0","0","0","True","0","41,9","41,3","51,4","56,3","100","76,86700736857381","92,13988061132143","1375162368","[23:32:34] [Server thread/INFO]: The game is running normally [23:32:34] [Server thread/INFO]: Target tick rate: 20,0 per second. Average time per tick: 41,9ms (Target: 50,0ms) [23:32:34] [Server thread/INFO]: Percentiles: P50: 41,3ms P95: 51,4ms P99: 56,3ms, sample: 100"
"without-umce","2","2026-09-26T21:32:34.4365744+00:00",,"0","2024","500","0","0","0","True","0","41,8","41,3","51,4","56,3","100","101,33806784786319","92,13988061132143","1375162368","[23:32:34] [Server thread/INFO]: The game is running normally [23:32:34] [Server thread/INFO]: Target tick rate: 20,0 per second. Average time per tick: 41,8ms (Target: 50,0ms) [23:32:34] [Server thread/INFO]: Percentiles: P50: 41,3ms P95: 51,4ms P99: 56,3ms, sample: 100"
"without-umce","2","2026-09-26T21:32:34.5599083+00:00",,"0","2024","500","0","0","0","True","0","41,8","41,3","51,4","56,3","100","76,19820147861086","92,13988061132143","1375162368","[23:32:34] [Server thread/INFO]: The game is running normally [23:32:34] [Server thread/INFO]: Target tick rate: 20,0 per second. Average time per tick: 41,8ms (Target: 50,0ms) [23:32:34] [Server thread/INFO]: Percentiles: P50: 41,3ms P95: 51,4ms P99: 56,3ms, sample: 100"
"without-umce","2","2026-09-26T21:32:34.6829642+00:00",,"0","2024","500","0","0","0","True","0","41,5","41,1","49,7","56,3","100","101,43098838412321","92,13988061132143","1375162368","[23:32:34] [Server thread/INFO]: The game is running normally [23:32:34] [Server thread/INFO]: Target tick rate: 20,0 per second. Average time per tick: 41,5ms (Target: 50,0ms) [23:32:34] [Server thread/INFO]: Percentiles: P50: 41,1ms P95: 49,7ms P99: 56,3ms, sample: 100"
"without-umce","2","2026-09-26T21:32:34.8061873+00:00",,"0","2024","500","0","0","0","True","0","41,4","41,1","47,6","52,7","100","75,4021649871756","92,13988061132143","1375162368","[23:32:34] [Server thread/INFO]: The game is running normally [23:32:34] [Server thread/INFO]: Target tick rate: 20,0 per second. Average time per tick: 41,4ms (Target: 50,0ms) [23:32:34] [Server thread/INFO]: Percentiles: P50: 41,1ms P95: 47,6ms P99: 52,7ms, sample: 100"
"without-umce","2","2026-09-26T21:32:34.9305122+00:00",,"0","2024","500","0","0","0","True","0","41,3","40,9","47,6","52,7","100","88,12256832067187","92,13988061132143","1375162368","[23:32:34] [Server thread/INFO]: The game is running normally [23:32:34] [Server thread/INFO]: Target tick rate: 20,0 per second. Average time per tick: 41,3ms (Target: 50,0ms) [23:32:34] [Server thread/INFO]: Percentiles: P50: 40,9ms P95: 47,6ms P99: 52,7ms, sample: 100"
"without-umce","2","2026-09-26T21:32:35.0546244+00:00",,"0","2024","500","0","0","0","True","0","41,2","40,9","47,6","52,7","100","74,73263651958753","92,13988061132143","1375162368","[23:32:35] [Server thread/INFO]: The game is running normally [23:32:35] [Server thread/INFO]: Target tick rate: 20,0 per second. Average time per tick: 41,2ms (Target: 50,0ms) [23:32:35] [Server thread/INFO]: Percentiles: P50: 40,9ms P95: 47,6ms P99: 52,7ms, sample: 100"
"without-umce","2","2026-09-26T21:32:35.1800921+00:00",,"0","2024","500","0","0","0","True","0","41,3","40,9","47,6","52,7","100","79,46662365478899","92,13988061132143","1375162368","[23:32:35] [Server thread/INFO]: The game is running normally [23:32:35] [Server thread/INFO]: Target tick rate: 20,0 per second. Average time per tick: 41,3ms (Target: 50,0ms) [23:32:35] [Server thread/INFO]: Percentiles: P50: 40,9ms P95: 47,6ms P99: 52,7ms, sample: 100"
"without-umce","2","2026-09-26T21:32:35.3177029+00:00",,"0","2024","500","0","0","0","True","0","41","40,6","46,2","52,3","100","75,4720322786838","92,13988061132143","1375162368","[23:32:35] [Server thread/INFO]: The game is running normally [23:32:35] [Server thread/INFO]: Target tick rate: 20,0 per second. Average time per tick: 41,0ms (Target: 50,0ms) [23:32:35] [Server thread/INFO]: Percentiles: P50: 40,6ms P95: 46,2ms P99: 52,3ms, sample: 100"
"without-umce","2","2026-09-26T21:32:35.4419351+00:00",,"0","2024","500","0","0","0","True","0","41","40,5","46,2","52,3","100","125,1399565273802","92,13988061132143","1375162368","[23:32:35] [Server thread/INFO]: The game is running normally [23:32:35] [Server thread/INFO]: Target tick rate: 20,0 per second. Average time per tick: 41,0ms (Target: 50,0ms) [23:32:35] [Server thread/INFO]: Percentiles: P50: 40,5ms P95: 46,2ms P99: 52,3ms, sample: 100"
"without-umce","2","2026-09-26T21:32:35.5667770+00:00",,"0","2024","500","0","0","0","True","0","41","40,5","47,5","52,3","100","75,71493066127604","92,13988061132143","1375162368","[23:32:35] [Server thread/INFO]: The game is running normally [23:32:35] [Server thread/INFO]: Target tick rate: 20,0 per second. Average time per tick: 41,0ms (Target: 50,0ms) [23:32:35] [Server thread/INFO]: Percentiles: P50: 40,5ms P95: 47,5ms P99: 52,3ms, sample: 100"
"without-umce","2","2026-09-26T21:32:35.6906555+00:00",,"0","2024","500","0","0","0","True","0","40,9","40,3","47,5","52,3","100","76,42405527639829","92,13988061132143","1375162368","[23:32:35] [Server thread/INFO]: The game is running normally [23:32:35] [Server thread/INFO]: Target tick rate: 20,0 per second. Average time per tick: 40,9ms (Target: 50,0ms) [23:32:35] [Server thread/INFO]: Percentiles: P50: 40,3ms P95: 47,5ms P99: 52,3ms, sample: 100"
"without-umce","2","2026-09-26T21:32:35.8132935+00:00",,"0","2024","500","0","0","0","True","0","41","40,5","47,5","52,3","100","101,7117683770789","92,13988061132143","1375162368","[23:32:35] [Server thread/INFO]: The game is running normally [23:32:35] [Server thread/INFO]: Target tick rate: 20,0 per second. Average time per tick: 41,0ms (Target: 50,0ms) [23:32:35] [Server thread/INFO]: Percentiles: P50: 40,5ms P95: 47,5ms P99: 52,3ms, sample: 100"
"without-umce","2","2026-09-26T21:32:35.9362067+00:00",,"0","2024","500","0","0","0","True","0","41,2","40,5","47,6","55,8","100","103,47219577932773","92,13988061132143","1375162368","[23:32:35] [Server thread/INFO]: The game is running normally [23:32:35] [Server thread/INFO]: Target tick rate: 20,0 per second. Average time per tick: 41,2ms (Target: 50,0ms) [23:32:35] [Server thread/INFO]: Percentiles: P50: 40,5ms P95: 47,6ms P99: 55,8ms, sample: 100"
"without-umce","2","2026-09-26T21:32:36.0569814+00:00",,"0","2024","500","0","0","0","True","0","41,4","40,6","50,7","55,8","100","101,02765328925834","92,13988061132143","1375162368","[23:32:36] [Server thread/INFO]: The game is running normally [23:32:36] [Server thread/INFO]: Target tick rate: 20,0 per second. Average time per tick: 41,4ms (Target: 50,0ms) [23:32:36] [Server thread/INFO]: Percentiles: P50: 40,6ms P95: 50,7ms P99: 55,8ms, sample: 100"
"without-umce","2","2026-09-26T21:32:36.1806900+00:00",,"0","2024","500","0","0","0","True","0","41,3","40,5","50,7","55,8","100","90,50363462596657","92,13988061132143","1375162368","[23:32:36] [Server thread/INFO]: The game is running normally [23:32:36] [Server thread/INFO]: Target tick rate: 20,0 per second. Average time per tick: 41,3ms (Target: 50,0ms) [23:32:36] [Server thread/INFO]: Percentiles: P50: 40,5ms P95: 50,7ms P99: 55,8ms, sample: 100"
"without-umce","2","2026-09-26T21:32:36.3188260+00:00",,"0","2024","500","0","0","0","True","0","41,2","40,5","50,7","55,8","100","74,2990332011669","92,13988061132143","1375162368","[23:32:36] [Server thread/INFO]: The game is running normally [23:32:36] [Server thread/INFO]: Target tick rate: 20,0 per second. Average time per tick: 41,2ms (Target: 50,0ms) [23:32:36] [Server thread/INFO]: Percentiles: P50: 40,5ms P95: 50,7ms P99: 55,8ms, sample: 100"
"without-umce","2","2026-09-26T21:32:36.4449973+00:00",,"0","2024","500","0","0","0","True","0","41,2","40,6","50,7","55,8","100","79,11655650025246","92,13988061132143","1375162368","[23:32:36] [Server thread/INFO]: The game is running normally [23:32:36] [Server thread/INFO]: Target tick rate: 20,0 per second. Average time per tick: 41,2ms (Target: 50,0ms) [23:32:36] [Server thread/INFO]: Percentiles: P50: 40,6ms P95: 50,7ms P99: 55,8ms, sample: 100"
"without-umce","2","2026-09-26T21:32:36.5832519+00:00",,"0","2024","500","0","0","0","True","0","41,2","40,6","50,7","55,8","100","64,773497959583","92,13988061132143","1375162368","[23:32:36] [Server thread/INFO]: The game is running normally [23:32:36] [Server thread/INFO]: Target tick rate: 20,0 per second. Average time per tick: 41,2ms (Target: 50,0ms) [23:32:36] [Server thread/INFO]: Percentiles: P50: 40,6ms P95: 50,7ms P99: 55,8ms, sample: 100"
"without-umce","2","2026-09-26T21:32:36.7038613+00:00",,"0","2024","500","0","0","0","True","0","41,3","40,6","50,7","55,8","100","75,16494194861203","92,13988061132143","1375162368","[23:32:36] [Server thread/INFO]: The game is running normally [23:32:36] [Server thread/INFO]: Target tick rate: 20,0 per second. Average time per tick: 41,3ms (Target: 50,0ms) [23:32:36] [Server thread/INFO]: Percentiles: P50: 40,6ms P95: 50,7ms P99: 55,8ms, sample: 100"
"without-umce","2","2026-09-26T21:32:36.8285923+00:00",,"0","2024","500","0","0","0","True","0","41,2","40,5","50,7","55,8","100","74,77877447359731","92,13988061132143","1375162368","[23:32:36] [Server thread/INFO]: The game is running normally [23:32:36] [Server thread/INFO]: Target tick rate: 20,0 per second. Average time per tick: 41,2ms (Target: 50,0ms) [23:32:36] [Server thread/INFO]: Percentiles: P50: 40,5ms P95: 50,7ms P99: 55,8ms, sample: 100"
"without-umce","2","2026-09-26T21:32:36.9539599+00:00",,"0","2024","500","0","0","0","True","0","41,2","40,6","50,7","55,8","100","77,44240969388979","92,13988061132143","1375162368","[23:32:36] [Server thread/INFO]: The game is running normally [23:32:36] [Server thread/INFO]: Target tick rate: 20,0 per second. Average time per tick: 41,2ms (Target: 50,0ms) [23:32:36] [Server thread/INFO]: Percentiles: P50: 40,6ms P95: 50,7ms P99: 55,8ms, sample: 100"
"without-umce","2","2026-09-26T21:32:37.0750036+00:00",,"0","2024","500","0","0","0","True","0","41,2","40,5","50,7","55,8","100","76,14522417153997","92,13988061132143","1375162368","[23:32:37] [Server thread/INFO]: The game is running normally [23:32:37] [Server thread/INFO]: Target tick rate: 20,0 per second. Average time per tick: 41,2ms (Target: 50,0ms) [23:32:37] [Server thread/INFO]: Percentiles: P50: 40,5ms P95: 50,7ms P99: 55,8ms, sample: 100"
"without-umce","2","2026-09-26T21:32:37.1981194+00:00",,"0","2024","500","0","0","0","True","0","41,1","40,3","50,7","55,8","100","75,20739190391423","92,13988061132143","1375162368","[23:32:37] [Server thread/INFO]: The game is running normally [23:32:37] [Server thread/INFO]: Target tick rate: 20,0 per second. Average time per tick: 41,1ms (Target: 50,0ms) [23:32:37] [Server thread/INFO]: Percentiles: P50: 40,3ms P95: 50,7ms P99: 55,8ms, sample: 100"
"without-umce","2","2026-09-26T21:32:37.3227938+00:00",,"0","2024","500","0","0","0","True","0","41,1","40,3","50,7","55,8","100","228,6113274169399","92,13988061132143","1375162368","[23:32:37] [Server thread/INFO]: The game is running normally [23:32:37] [Server thread/INFO]: Target tick rate: 20,0 per second. Average time per tick: 41,1ms (Target: 50,0ms) [23:32:37] [Server thread/INFO]: Percentiles: P50: 40,3ms P95: 50,7ms P99: 55,8ms, sample: 100"
"without-umce","2","2026-09-26T21:32:37.4458350+00:00",,"0","2024","500","0","0","0","True","0","41,2","40,3","51,8","55,8","100","113,66198924848511","92,13988061132143","1375162368","[23:32:37] [Server thread/INFO]: The game is running normally [23:32:37] [Server thread/INFO]: Target tick rate: 20,0 per second. Average time per tick: 41,2ms (Target: 50,0ms) [23:32:37] [Server thread/INFO]: Percentiles: P50: 40,3ms P95: 51,8ms P99: 55,8ms, sample: 100"
"without-umce","2","2026-09-26T21:32:37.5832662+00:00",,"0","2024","500","0","0","0","True","0","41,1","40,3","51,8","55,8","100","75,38609743663145","92,13988061132143","1375162368","[23:32:37] [Server thread/INFO]: The game is running normally [23:32:37] [Server thread/INFO]: Target tick rate: 20,0 per second. Average time per tick: 41,1ms (Target: 50,0ms) [23:32:37] [Server thread/INFO]: Percentiles: P50: 40,3ms P95: 51,8ms P99: 55,8ms, sample: 100"
"without-umce","2","2026-09-26T21:32:37.7076485+00:00",,"0","2024","500","0","0","0","True","0","41,1","40","51,8","55,8","100","62,26141426055356","92,13988061132143","1375162368","[23:32:37] [Server thread/INFO]: The game is running normally [23:32:37] [Server thread/INFO]: Target tick rate: 20,0 per second. Average time per tick: 41,1ms (Target: 50,0ms) [23:32:37] [Server thread/INFO]: Percentiles: P50: 40,0ms P95: 51,8ms P99: 55,8ms, sample: 100"
"without-umce","2","2026-09-26T21:32:37.8331084+00:00",,"0","2024","500","0","0","0","True","0","41,1","40,3","51,8","55,8","100","75,68186331572939","92,13988061132143","1375162368","[23:32:37] [Server thread/INFO]: The game is running normally [23:32:37] [Server thread/INFO]: Target tick rate: 20,0 per second. Average time per tick: 41,1ms (Target: 50,0ms) [23:32:37] [Server thread/INFO]: Percentiles: P50: 40,3ms P95: 51,8ms P99: 55,8ms, sample: 100"
"without-umce","2","2026-09-26T21:32:37.9569940+00:00",,"0","2024","500","0","0","0","True","0","41,1","40","51,8","55,8","100","113,67494422349405","92,13988061132143","1375162368","[23:32:37] [Server thread/INFO]: The game is running normally [23:32:37] [Server thread/INFO]: Target tick rate: 20,0 per second. Average time per tick: 41,1ms (Target: 50,0ms) [23:32:37] [Server thread/INFO]: Percentiles: P50: 40,0ms P95: 51,8ms P99: 55,8ms, sample: 100"
"without-umce","2","2026-09-26T21:32:38.0807309+00:00",,"0","2024","500","0","0","0","True","0","41,1","40,3","51,8","55,8","100","76,43078428175446","92,13988061132143","1375162368","[23:32:38] [Server thread/INFO]: The game is running normally [23:32:38] [Server thread/INFO]: Target tick rate: 20,0 per second. Average time per tick: 41,1ms (Target: 50,0ms) [23:32:38] [Server thread/INFO]: Percentiles: P50: 40,3ms P95: 51,8ms P99: 55,8ms, sample: 100"
"without-umce","2","2026-09-26T21:32:38.2033697+00:00",,"0","2024","500","0","0","0","True","0","41,1","40,3","51,8","55,8","100","62,40758684539933","92,13988061132143","1375162368","[23:32:38] [Server thread/INFO]: The game is running normally [23:32:38] [Server thread/INFO]: Target tick rate: 20,0 per second. Average time per tick: 41,1ms (Target: 50,0ms) [23:32:38] [Server thread/INFO]: Percentiles: P50: 40,3ms P95: 51,8ms P99: 55,8ms, sample: 100"
"without-umce","2","2026-09-26T21:32:38.3285583+00:00",,"0","2024","500","0","0","0","True","0","41","40","51,8","55,8","100","101,66800597319869","92,13988061132143","1375162368","[23:32:38] [Server thread/INFO]: The game is running normally [23:32:38] [Server thread/INFO]: Target tick rate: 20,0 per second. Average time per tick: 41,0ms (Target: 50,0ms) [23:32:38] [Server thread/INFO]: Percentiles: P50: 40,0ms P95: 51,8ms P99: 55,8ms, sample: 100"
"without-umce","2","2026-09-26T21:32:38.4515149+00:00",,"0","2024","500","0","0","0","True","0","41,3","40","52,6","60,5","100","101,68570494225064","92,13988061132143","1375162368","[23:32:38] [Server thread/INFO]: The game is running normally [23:32:38] [Server thread/INFO]: Target tick rate: 20,0 per second. Average time per tick: 41,3ms (Target: 50,0ms) [23:32:38] [Server thread/INFO]: Percentiles: P50: 40,0ms P95: 52,6ms P99: 60,5ms, sample: 100"
"without-umce","2","2026-09-26T21:32:38.5744193+00:00",,"0","2024","500","0","0","0","True","0","41,2","40","52,6","60,5","100","75,11591888602491","92,13988061132143","1375162368","[23:32:38] [Server thread/INFO]: The game is running normally [23:32:38] [Server thread/INFO]: Target tick rate: 20,0 per second. Average time per tick: 41,2ms (Target: 50,0ms) [23:32:38] [Server thread/INFO]: Percentiles: P50: 40,0ms P95: 52,6ms P99: 60,5ms, sample: 100"
"without-umce","2","2026-09-26T21:32:38.6992235+00:00",,"0","2024","500","0","0","0","True","0","41,2","40","52,6","60,5","100","99,92685354320638","92,13988061132143","1375162368","[23:32:38] [Server thread/INFO]: The game is running normally [23:32:38] [Server thread/INFO]: Target tick rate: 20,0 per second. Average time per tick: 41,2ms (Target: 50,0ms) [23:32:38] [Server thread/INFO]: Percentiles: P50: 40,0ms P95: 52,6ms P99: 60,5ms, sample: 100"
"without-umce","2","2026-09-26T21:32:38.8243147+00:00",,"0","2024","500","0","0","0","True","0","41,1","39,9","52,6","60,5","100","88,9234148867756","92,13988061132143","1375162368","[23:32:38] [Server thread/INFO]: The game is running normally [23:32:38] [Server thread/INFO]: Target tick rate: 20,0 per second. Average time per tick: 41,1ms (Target: 50,0ms) [23:32:38] [Server thread/INFO]: Percentiles: P50: 39,9ms P95: 52,6ms P99: 60,5ms, sample: 100"
"without-umce","2","2026-09-26T21:32:38.9473139+00:00",,"0","2024","500","0","0","0","True","0","41,1","40","52,6","60,5","100","88,72115801897314","92,13988061132143","1375162368","[23:32:38] [Server thread/INFO]: The game is running normally [23:32:38] [Server thread/INFO]: Target tick rate: 20,0 per second. Average time per tick: 41,1ms (Target: 50,0ms) [23:32:38] [Server thread/INFO]: Percentiles: P50: 40,0ms P95: 52,6ms P99: 60,5ms, sample: 100"
"without-umce","2","2026-09-26T21:32:39.0706136+00:00",,"0","2024","500","0","0","0","True","0","41","39,8","52,6","60,5","100","78,82553377948886","92,13988061132143","1375162368","[23:32:39] [Server thread/INFO]: The game is running normally [23:32:39] [Server thread/INFO]: Target tick rate: 20,0 per second. Average time per tick: 41,0ms (Target: 50,0ms) [23:32:39] [Server thread/INFO]: Percentiles: P50: 39,8ms P95: 52,6ms P99: 60,5ms, sample: 100"
"without-umce","2","2026-09-26T21:32:39.2093869+00:00",,"0","2024","500","0","0","0","True","0","41","39,8","52,6","60,5","100","202,48832047367512","92,13988061132143","1375162368","[23:32:39] [Server thread/INFO]: The game is running normally [23:32:39] [Server thread/INFO]: Target tick rate: 20,0 per second. Average time per tick: 41,0ms (Target: 50,0ms) [23:32:39] [Server thread/INFO]: Percentiles: P50: 39,8ms P95: 52,6ms P99: 60,5ms, sample: 100"
"without-umce","2","2026-09-26T21:32:39.3482555+00:00",,"0","2024","500","0","0","0","True","0","40,9","39,7","52,6","60,5","100","63,117134090281134","92,13988061132143","1375162368","[23:32:39] [Server thread/INFO]: The game is running normally [23:32:39] [Server thread/INFO]: Target tick rate: 20,0 per second. Average time per tick: 40,9ms (Target: 50,0ms) [23:32:39] [Server thread/INFO]: Percentiles: P50: 39,7ms P95: 52,6ms P99: 60,5ms, sample: 100"
"without-umce","2","2026-09-26T21:32:39.4720519+00:00",,"0","2024","500","0","0","0","True","0","40,9","39,8","52,6","60,5","100","89,29810667602851","92,13988061132143","1375162368","[23:32:39] [Server thread/INFO]: The game is running normally [23:32:39] [Server thread/INFO]: Target tick rate: 20,0 per second. Average time per tick: 40,9ms (Target: 50,0ms) [23:32:39] [Server thread/INFO]: Percentiles: P50: 39,8ms P95: 52,6ms P99: 60,5ms, sample: 100"
"without-umce","2","2026-09-26T21:32:39.5945396+00:00",,"0","2024","500","0","0","0","True","0","40,9","39,7","52,6","60,5","100","74,0680462153006","92,13988061132143","1375162368","[23:32:39] [Server thread/INFO]: The game is running normally [23:32:39] [Server thread/INFO]: Target tick rate: 20,0 per second. Average time per tick: 40,9ms (Target: 50,0ms) [23:32:39] [Server thread/INFO]: Percentiles: P50: 39,7ms P95: 52,6ms P99: 60,5ms, sample: 100"
"without-umce","2","2026-09-26T21:32:39.7210781+00:00",,"0","2024","500","0","0","0","True","0","40,8","39,7","52,6","60,5","100","86,94556551780606","92,13988061132143","1375162368","[23:32:39] [Server thread/INFO]: The game is running normally [23:32:39] [Server thread/INFO]: Target tick rate: 20,0 per second. Average time per tick: 40,8ms (Target: 50,0ms) [23:32:39] [Server thread/INFO]: Percentiles: P50: 39,7ms P95: 52,6ms P99: 60,5ms, sample: 100"
"without-umce","2","2026-09-26T21:32:39.8468705+00:00",,"0","2024","500","0","0","0","True","0","40,7","39,5","52,6","60,5","100","62,67237409771836","92,13988061132143","1375162368","[23:32:39] [Server thread/INFO]: The game is running normally [23:32:39] [Server thread/INFO]: Target tick rate: 20,0 per second. Average time per tick: 40,7ms (Target: 50,0ms) [23:32:39] [Server thread/INFO]: Percentiles: P50: 39,5ms P95: 52,6ms P99: 60,5ms, sample: 100"
"without-umce","2","2026-09-26T21:32:39.9715893+00:00",,"0","2024","500","0","0","0","True","0","40,7","39,5","52,6","60,5","100","77,48318098418103","92,13988061132143","1375162368","[23:32:40] [Server thread/INFO]: The game is running normally [23:32:40] [Server thread/INFO]: Target tick rate: 20,0 per second. Average time per tick: 40,7ms (Target: 50,0ms) [23:32:40] [Server thread/INFO]: Percentiles: P50: 39,5ms P95: 52,6ms P99: 60,5ms, sample: 100"
"without-umce","2","2026-09-26T21:32:40.0925279+00:00",,"0","2024","500","0","0","0","True","0","40,7","39,5","52,6","60,5","100","75,80627554671486","92,13988061132143","1375162368","[23:32:40] [Server thread/INFO]: The game is running normally [23:32:40] [Server thread/INFO]: Target tick rate: 20,0 per second. Average time per tick: 40,7ms (Target: 50,0ms) [23:32:40] [Server thread/INFO]: Percentiles: P50: 39,5ms P95: 52,6ms P99: 60,5ms, sample: 100"
"without-umce","2","2026-09-26T21:32:40.2162354+00:00",,"0","2024","500","0","0","0","True","0","40,6","39,5","52,6","60,5","100","89,35800308657862","92,13988061132143","1375162368","[23:32:40] [Server thread/INFO]: The game is running normally [23:32:40] [Server thread/INFO]: Target tick rate: 20,0 per second. Average time per tick: 40,6ms (Target: 50,0ms) [23:32:40] [Server thread/INFO]: Percentiles: P50: 39,5ms P95: 52,6ms P99: 60,5ms, sample: 100"
"without-umce","2","2026-09-26T21:32:40.3386058+00:00",,"0","2024","500","0","0","0","True","0","40,6","39,5","52,6","60,5","100","75,53977703075093","92,13988061132143","1375162368","[23:32:40] [Server thread/INFO]: The game is running normally [23:32:40] [Server thread/INFO]: Target tick rate: 20,0 per second. Average time per tick: 40,6ms (Target: 50,0ms) [23:32:40] [Server thread/INFO]: Percentiles: P50: 39,5ms P95: 52,6ms P99: 60,5ms, sample: 100"
"without-umce","2","2026-09-26T21:32:40.4628257+00:00",,"0","2024","500","0","0","0","True","0","40,6","39,4","52,6","60,5","100","88,77214027905498","92,13988061132143","1375162368","[23:32:40] [Server thread/INFO]: The game is running normally [23:32:40] [Server thread/INFO]: Target tick rate: 20,0 per second. Average time per tick: 40,6ms (Target: 50,0ms) [23:32:40] [Server thread/INFO]: Percentiles: P50: 39,4ms P95: 52,6ms P99: 60,5ms, sample: 100"
"without-umce","2","2026-09-26T21:32:40.5859312+00:00",,"0","2024","500","0","0","0","True","0","40,4","39,4","52,6","60,5","100","90,36381919428726","92,13988061132143","1375162368","[23:32:40] [Server thread/INFO]: The game is running normally [23:32:40] [Server thread/INFO]: Target tick rate: 20,0 per second. Average time per tick: 40,4ms (Target: 50,0ms) [23:32:40] [Server thread/INFO]: Percentiles: P50: 39,4ms P95: 52,6ms P99: 60,5ms, sample: 100"
"without-umce","2","2026-09-26T21:32:40.7242493+00:00",,"0","2024","500","0","0","0","True","0","40,5","39,4","52,6","60,5","100","102,914963424022","92,13988061132143","1375162368","[23:32:40] [Server thread/INFO]: The game is running normally [23:32:40] [Server thread/INFO]: Target tick rate: 20,0 per second. Average time per tick: 40,5ms (Target: 50,0ms) [23:32:40] [Server thread/INFO]: Percentiles: P50: 39,4ms P95: 52,6ms P99: 60,5ms, sample: 100"
"without-umce","2","2026-09-26T21:32:40.8458523+00:00",,"0","2024","500","0","0","0","True","0","40,6","39,4","52,6","60,5","100","89,625706660286","92,13988061132143","1375162368","[23:32:40] [Server thread/INFO]: The game is running normally [23:32:40] [Server thread/INFO]: Target tick rate: 20,0 per second. Average time per tick: 40,6ms (Target: 50,0ms) [23:32:40] [Server thread/INFO]: Percentiles: P50: 39,4ms P95: 52,6ms P99: 60,5ms, sample: 100"
"without-umce","2","2026-09-26T21:32:40.9678517+00:00",,"0","2024","500","0","0","0","True","0","40,7","39,4","53,2","61,9","100","101,8176486639488","92,13988061132143","1375162368","[23:32:40] [Server thread/INFO]: The game is running normally [23:32:40] [Server thread/INFO]: Target tick rate: 20,0 per second. Average time per tick: 40,7ms (Target: 50,0ms) [23:32:40] [Server thread/INFO]: Percentiles: P50: 39,4ms P95: 53,2ms P99: 61,9ms, sample: 100"
"without-umce","2","2026-09-26T21:32:41.0905362+00:00",,"0","2024","500","0","0","0","True","0","40,7","39,4","53,2","61,9","100","99,99040092151154","92,13988061132143","1375162368","[23:32:41] [Server thread/INFO]: The game is running normally [23:32:41] [Server thread/INFO]: Target tick rate: 20,0 per second. Average time per tick: 40,7ms (Target: 50,0ms) [23:32:41] [Server thread/INFO]: Percentiles: P50: 39,4ms P95: 53,2ms P99: 61,9ms, sample: 100"
"without-umce","2","2026-09-26T21:32:41.2155622+00:00",,"0","2024","500","0","0","0","True","0","40,9","39,5","53,2","61,9","100","101,73436749709039","92,13988061132143","1375162368","[23:32:41] [Server thread/INFO]: The game is running normally [23:32:41] [Server thread/INFO]: Target tick rate: 20,0 per second. Average time per tick: 40,9ms (Target: 50,0ms) [23:32:41] [Server thread/INFO]: Percentiles: P50: 39,5ms P95: 53,2ms P99: 61,9ms, sample: 100"
"without-umce","2","2026-09-26T21:32:41.3383869+00:00",,"0","2024","500","0","0","0","True","0","41","39,5","53,2","61,9","100","89,66244293369775","92,13988061132143","1375162368","[23:32:41] [Server thread/INFO]: The game is running normally [23:32:41] [Server thread/INFO]: Target tick rate: 20,0 per second. Average time per tick: 41,0ms (Target: 50,0ms) [23:32:41] [Server thread/INFO]: Percentiles: P50: 39,5ms P95: 53,2ms P99: 61,9ms, sample: 100"
"without-umce","2","2026-09-26T21:32:41.4603737+00:00",,"0","2024","500","0","0","0","True","0","41","39,5","53,2","61,9","100","86,82533243683284","92,13988061132143","1375162368","[23:32:41] [Server thread/INFO]: The game is running normally [23:32:41] [Server thread/INFO]: Target tick rate: 20,0 per second. Average time per tick: 41,0ms (Target: 50,0ms) [23:32:41] [Server thread/INFO]: Percentiles: P50: 39,5ms P95: 53,2ms P99: 61,9ms, sample: 100"
"without-umce","2","2026-09-26T21:32:41.5863694+00:00",,"0","2024","500","0","0","0","True","0","41","39,5","53,2","61,9","100","79,30891211013552","92,13988061132143","1375162368","[23:32:41] [Server thread/INFO]: The game is running normally [23:32:41] [Server thread/INFO]: Target tick rate: 20,0 per second. Average time per tick: 41,0ms (Target: 50,0ms) [23:32:41] [Server thread/INFO]: Percentiles: P50: 39,5ms P95: 53,2ms P99: 61,9ms, sample: 100"
"without-umce","2","2026-09-26T21:32:41.7242507+00:00",,"0","2024","500","0","0","0","True","0","41,1","39,5","53,2","61,9","100","101,63494030370146","92,13988061132143","1375162368","[23:32:41] [Server thread/INFO]: The game is running normally [23:32:41] [Server thread/INFO]: Target tick rate: 20,0 per second. Average time per tick: 41,1ms (Target: 50,0ms) [23:32:41] [Server thread/INFO]: Percentiles: P50: 39,5ms P95: 53,2ms P99: 61,9ms, sample: 100"
"without-umce","2","2026-09-26T21:32:41.8472590+00:00",,"0","2024","500","0","0","0","True","0","41,1","39,5","53,2","61,9","100","62,71876304550271","92,13988061132143","1375162368","[23:32:41] [Server thread/INFO]: The game is running normally [23:32:41] [Server thread/INFO]: Target tick rate: 20,0 per second. Average time per tick: 41,1ms (Target: 50,0ms) [23:32:41] [Server thread/INFO]: Percentiles: P50: 39,5ms P95: 53,2ms P99: 61,9ms, sample: 100"
"without-umce","2","2026-09-26T21:32:41.9718032+00:00",,"0","2024","500","0","0","0","True","0","41","39,5","53,2","61,9","100","88,18146637212378","92,13988061132143","1375162368","[23:32:42] [Server thread/INFO]: The game is running normally [23:32:42] [Server thread/INFO]: Target tick rate: 20,0 per second. Average time per tick: 41,0ms (Target: 50,0ms) [23:32:42] [Server thread/INFO]: Percentiles: P50: 39,5ms P95: 53,2ms P99: 61,9ms, sample: 100"
"without-umce","2","2026-09-26T21:32:42.0958543+00:00",,"0","2024","500","0","0","0","True","0","41","39,5","53,2","61,9","100","62,86906656838303","92,13988061132143","1375162368","[23:32:42] [Server thread/INFO]: The game is running normally [23:32:42] [Server thread/INFO]: Target tick rate: 20,0 per second. Average time per tick: 41,0ms (Target: 50,0ms) [23:32:42] [Server thread/INFO]: Percentiles: P50: 39,5ms P95: 53,2ms P99: 61,9ms, sample: 100"
"without-umce","2","2026-09-26T21:32:42.2201483+00:00",,"0","2024","500","0","0","0","True","0","41","39,5","53,2","61,9","100","88,82664368882128","92,13988061132143","1375162368","[23:32:42] [Server thread/INFO]: The game is running normally [23:32:42] [Server thread/INFO]: Target tick rate: 20,0 per second. Average time per tick: 41,0ms (Target: 50,0ms) [23:32:42] [Server thread/INFO]: Percentiles: P50: 39,5ms P95: 53,2ms P99: 61,9ms, sample: 100"
"without-umce","2","2026-09-26T21:32:42.3432566+00:00",,"0","2024","500","0","0","0","True","0","41,1","39,6","53,2","61,9","100","76,89897402414176","92,13988061132143","1375162368","[23:32:42] [Server thread/INFO]: The game is running normally [23:32:42] [Server thread/INFO]: Target tick rate: 20,0 per second. Average time per tick: 41,1ms (Target: 50,0ms) [23:32:42] [Server thread/INFO]: Percentiles: P50: 39,6ms P95: 53,2ms P99: 61,9ms, sample: 100"
"without-umce","2","2026-09-26T21:32:42.4651927+00:00",,"0","2024","500","0","0","0","True","0","41","39,6","53,2","61,9","100","113,28264715264822","92,13988061132143","1375162368","[23:32:42] [Server thread/INFO]: The game is running normally [23:32:42] [Server thread/INFO]: Target tick rate: 20,0 per second. Average time per tick: 41,0ms (Target: 50,0ms) [23:32:42] [Server thread/INFO]: Percentiles: P50: 39,6ms P95: 53,2ms P99: 61,9ms, sample: 100"
"without-umce","2","2026-09-26T21:32:42.5892889+00:00",,"0","2024","500","0","0","0","True","0","41,3","39,6","53,2","61,9","100","88,0108147689188","92,13988061132143","1375162368","[23:32:42] [Server thread/INFO]: The game is running normally [23:32:42] [Server thread/INFO]: Target tick rate: 20,0 per second. Average time per tick: 41,3ms (Target: 50,0ms) [23:32:42] [Server thread/INFO]: Percentiles: P50: 39,6ms P95: 53,2ms P99: 61,9ms, sample: 100"
"without-umce","2","2026-09-26T21:32:42.7135596+00:00",,"0","2024","500","0","0","0","True","0","41,6","39,7","53,2","61,9","100","99,72420274488874","92,13988061132143","1375162368","[23:32:42] [Server thread/INFO]: The game is running normally [23:32:42] [Server thread/INFO]: Target tick rate: 20,0 per second. Average time per tick: 41,6ms (Target: 50,0ms) [23:32:42] [Server thread/INFO]: Percentiles: P50: 39,7ms P95: 53,2ms P99: 61,9ms, sample: 100"
"without-umce","2","2026-09-26T21:32:42.8389224+00:00",,"0","2024","500","0","0","0","True","0","41,9","39,8","53,2","61,9","100","89,51648412806237","92,13988061132143","1375162368","[23:32:42] [Server thread/INFO]: The game is running normally [23:32:42] [Server thread/INFO]: Target tick rate: 20,0 per second. Average time per tick: 41,9ms (Target: 50,0ms) [23:32:42] [Server thread/INFO]: Percentiles: P50: 39,8ms P95: 53,2ms P99: 61,9ms, sample: 100"
"without-umce","2","2026-09-26T21:32:42.9610883+00:00",,"0","2024","500","0","0","0","True","0","42","40,1","53,2","61,9","100","100,63196876383688","92,13988061132143","1375162368","[23:32:42] [Server thread/INFO]: The game is running normally [23:32:42] [Server thread/INFO]: Target tick rate: 20,0 per second. Average time per tick: 42,0ms (Target: 50,0ms) [23:32:42] [Server thread/INFO]: Percentiles: P50: 40,1ms P95: 53,2ms P99: 61,9ms, sample: 100"
"without-umce","2","2026-09-26T21:32:43.0853022+00:00",,"0","2024","500","0","0","0","True","0","42","39,9","53,2","61,9","100","91,792097508175","92,13988061132143","1375162368","[23:32:43] [Server thread/INFO]: The game is running normally [23:32:43] [Server thread/INFO]: Target tick rate: 20,0 per second. Average time per tick: 42,0ms (Target: 50,0ms) [23:32:43] [Server thread/INFO]: Percentiles: P50: 39,9ms P95: 53,2ms P99: 61,9ms, sample: 100"
"without-umce","2","2026-09-26T21:32:43.2215092+00:00",,"0","2024","500","0","0","0","True","0","42,1","40,2","53,2","61,9","100","74,6357179876459","92,13988061132143","1375162368","[23:32:43] [Server thread/INFO]: The game is running normally [23:32:43] [Server thread/INFO]: Target tick rate: 20,0 per second. Average time per tick: 42,1ms (Target: 50,0ms) [23:32:43] [Server thread/INFO]: Percentiles: P50: 40,2ms P95: 53,2ms P99: 61,9ms, sample: 100"
"without-umce","2","2026-09-26T21:32:43.3471151+00:00",,"0","2024","500","0","0","0","True","0","42,2","40,2","53,2","61,9","100","75,52529352150074","92,13988061132143","1375162368","[23:32:43] [Server thread/INFO]: The game is running normally [23:32:43] [Server thread/INFO]: Target tick rate: 20,0 per second. Average time per tick: 42,2ms (Target: 50,0ms) [23:32:43] [Server thread/INFO]: Percentiles: P50: 40,2ms P95: 53,2ms P99: 61,9ms, sample: 100"
"without-umce","2","2026-09-26T21:32:43.4712236+00:00",,"0","2024","500","0","0","0","True","0","41,8","40,2","52,8","61,9","100","87,46585333085963","92,13988061132143","1375162368","[23:32:43] [Server thread/INFO]: The game is running normally [23:32:43] [Server thread/INFO]: Target tick rate: 20,0 per second. Average time per tick: 41,8ms (Target: 50,0ms) [23:32:43] [Server thread/INFO]: Percentiles: P50: 40,2ms P95: 52,8ms P99: 61,9ms, sample: 100"
"without-umce","2","2026-09-26T21:32:43.5962949+00:00",,"0","2024","500","0","0","0","True","0","41,8","39,9","52,8","61,9","100","63,19739590327179","92,13988061132143","1375162368","[23:32:43] [Server thread/INFO]: The game is running normally [23:32:43] [Server thread/INFO]: Target tick rate: 20,0 per second. Average time per tick: 41,8ms (Target: 50,0ms) [23:32:43] [Server thread/INFO]: Percentiles: P50: 39,9ms P95: 52,8ms P99: 61,9ms, sample: 100"
"without-umce","2","2026-09-26T21:32:43.7199094+00:00",,"0","2024","500","0","0","0","True","0","41,8","39,9","52,8","61,9","100","100,96115014942251","92,13988061132143","1375162368","[23:32:43] [Server thread/INFO]: The game is running normally [23:32:43] [Server thread/INFO]: Target tick rate: 20,0 per second. Average time per tick: 41,8ms (Target: 50,0ms) [23:32:43] [Server thread/INFO]: Percentiles: P50: 39,9ms P95: 52,8ms P99: 61,9ms, sample: 100"
"without-umce","2","2026-09-26T21:32:43.8437049+00:00",,"0","2024","500","0","0","0","True","0","41,9","40,2","52,8","61,9","100","75,10869730674231","92,13988061132143","1375162368","[23:32:43] [Server thread/INFO]: The game is running normally [23:32:43] [Server thread/INFO]: Target tick rate: 20,0 per second. Average time per tick: 41,9ms (Target: 50,0ms) [23:32:43] [Server thread/INFO]: Percentiles: P50: 40,2ms P95: 52,8ms P99: 61,9ms, sample: 100"
"without-umce","2","2026-09-26T21:32:43.9685513+00:00",,"0","2024","500","0","0","0","True","0","41,9","40,2","52,8","61,9","100","88,85550855409441","92,13988061132143","1375162368","[23:32:43] [Server thread/INFO]: The game is running normally [23:32:43] [Server thread/INFO]: Target tick rate: 20,0 per second. Average time per tick: 41,9ms (Target: 50,0ms) [23:32:43] [Server thread/INFO]: Percentiles: P50: 40,2ms P95: 52,8ms P99: 61,9ms, sample: 100"
"without-umce","2","2026-09-26T21:32:44.0916219+00:00",,"0","2024","500","0","0","0","True","0","41,9","40,2","52,8","61,9","100","75,20570263785505","92,13988061132143","1375162368","[23:32:44] [Server thread/INFO]: The game is running normally [23:32:44] [Server thread/INFO]: Target tick rate: 20,0 per second. Average time per tick: 41,9ms (Target: 50,0ms) [23:32:44] [Server thread/INFO]: Percentiles: P50: 40,2ms P95: 52,8ms P99: 61,9ms, sample: 100"
"without-umce","2","2026-09-26T21:32:44.2162988+00:00",,"0","2024","500","0","0","0","True","0","41,9","40,2","52,8","61,9","100","88,85348740291107","92,13988061132143","1375162368","[23:32:44] [Server thread/INFO]: The game is running normally [23:32:44] [Server thread/INFO]: Target tick rate: 20,0 per second. Average time per tick: 41,9ms (Target: 50,0ms) [23:32:44] [Server thread/INFO]: Percentiles: P50: 40,2ms P95: 52,8ms P99: 61,9ms, sample: 100"
"without-umce","2","2026-09-26T21:32:44.3393946+00:00",,"0","2024","500","0","0","0","True","0","42","40,2","52,8","61,9","100","76,63596323435645","92,13988061132143","1375162368","[23:32:44] [Server thread/INFO]: The game is running normally [23:32:44] [Server thread/INFO]: Target tick rate: 20,0 per second. Average time per tick: 42,0ms (Target: 50,0ms) [23:32:44] [Server thread/INFO]: Percentiles: P50: 40,2ms P95: 52,8ms P99: 61,9ms, sample: 100"
"without-umce","2","2026-09-26T21:32:44.4617068+00:00",,"0","2024","500","0","0","0","True","0","41,9","40,2","52,8","61,9","100","87,67183680012826","92,13988061132143","1375162368","[23:32:44] [Server thread/INFO]: The game is running normally [23:32:44] [Server thread/INFO]: Target tick rate: 20,0 per second. Average time per tick: 41,9ms (Target: 50,0ms) [23:32:44] [Server thread/INFO]: Percentiles: P50: 40,2ms P95: 52,8ms P99: 61,9ms, sample: 100"
"without-umce","2","2026-09-26T21:32:44.5864649+00:00",,"0","2024","500","0","0","0","True","0","42","40,3","52,8","61,9","100","70,93304763393293","92,13988061132143","1375162368","[23:32:44] [Server thread/INFO]: The game is running normally [23:32:44] [Server thread/INFO]: Target tick rate: 20,0 per second. Average time per tick: 42,0ms (Target: 50,0ms) [23:32:44] [Server thread/INFO]: Percentiles: P50: 40,3ms P95: 52,8ms P99: 61,9ms, sample: 100"
"without-umce","2","2026-09-26T21:32:44.7406613+00:00",,"0","2024","500","0","0","0","True","0","42","40,3","52,8","61,9","100","113,29213863332419","92,13988061132143","1375162368","[23:32:44] [Server thread/INFO]: The game is running normally [23:32:44] [Server thread/INFO]: Target tick rate: 20,0 per second. Average time per tick: 42,0ms (Target: 50,0ms) [23:32:44] [Server thread/INFO]: Percentiles: P50: 40,3ms P95: 52,8ms P99: 61,9ms, sample: 100"
"without-umce","2","2026-09-26T21:32:44.8648005+00:00",,"0","2024","500","0","0","0","True","0","42,1","40,4","52,8","61,9","100","63,85949195227356","92,13988061132143","1375162368","[23:32:44] [Server thread/INFO]: The game is running normally [23:32:44] [Server thread/INFO]: Target tick rate: 20,0 per second. Average time per tick: 42,1ms (Target: 50,0ms) [23:32:44] [Server thread/INFO]: Percentiles: P50: 40,4ms P95: 52,8ms P99: 61,9ms, sample: 100"
"without-umce","2","2026-09-26T21:32:44.9871675+00:00",,"0","2024","500","0","0","0","True","0","42,1","40,4","52,8","61,9","100","75,4105349522802","92,13988061132143","1375162368","[23:32:45] [Server thread/INFO]: The game is running normally [23:32:45] [Server thread/INFO]: Target tick rate: 20,0 per second. Average time per tick: 42,1ms (Target: 50,0ms) [23:32:45] [Server thread/INFO]: Percentiles: P50: 40,4ms P95: 52,8ms P99: 61,9ms, sample: 100"
"without-umce","2","2026-09-26T21:32:45.1114359+00:00",,"0","2024","500","0","0","0","True","0","42,1","40,4","52,8","61,9","100","63,45399270796869","92,13988061132143","1375162368","[23:32:45] [Server thread/INFO]: The game is running normally [23:32:45] [Server thread/INFO]: Target tick rate: 20,0 per second. Average time per tick: 42,1ms (Target: 50,0ms) [23:32:45] [Server thread/INFO]: Percentiles: P50: 40,4ms P95: 52,8ms P99: 61,9ms, sample: 100"
"without-umce","2","2026-09-26T21:32:45.2345657+00:00",,"0","2024","500","0","0","0","True","0","42,1","40,4","52,8","61,9","100","112,6855254490994","92,13988061132143","1375162368","[23:32:45] [Server thread/INFO]: The game is running normally [23:32:45] [Server thread/INFO]: Target tick rate: 20,0 per second. Average time per tick: 42,1ms (Target: 50,0ms) [23:32:45] [Server thread/INFO]: Percentiles: P50: 40,4ms P95: 52,8ms P99: 61,9ms, sample: 100"
"without-umce","2","2026-09-26T21:32:45.3593539+00:00",,"0","2024","500","0","0","0","True","0","42,1","40,4","52,8","61,9","100","87,26800673090655","92,13988061132143","1375162368","[23:32:45] [Server thread/INFO]: The game is running normally [23:32:45] [Server thread/INFO]: Target tick rate: 20,0 per second. Average time per tick: 42,1ms (Target: 50,0ms) [23:32:45] [Server thread/INFO]: Percentiles: P50: 40,4ms P95: 52,8ms P99: 61,9ms, sample: 100"
"without-umce","2","2026-09-26T21:32:45.4847504+00:00",,"0","2024","500","0","0","0","True","0","42,3","40,5","52,8","61,9","100","115,10599983629368","92,13988061132143","1375162368","[23:32:45] [Server thread/INFO]: The game is running normally [23:32:45] [Server thread/INFO]: Target tick rate: 20,0 per second. Average time per tick: 42,3ms (Target: 50,0ms) [23:32:45] [Server thread/INFO]: Percentiles: P50: 40,5ms P95: 52,8ms P99: 61,9ms, sample: 100"
"without-umce","2","2026-09-26T21:32:45.6068535+00:00",,"0","2024","500","0","0","0","True","0","42,5","40,6","52,8","61,9","100","75,74258025683804","92,13988061132143","1375162368","[23:32:45] [Server thread/INFO]: The game is running normally [23:32:45] [Server thread/INFO]: Target tick rate: 20,0 per second. Average time per tick: 42,5ms (Target: 50,0ms) [23:32:45] [Server thread/INFO]: Percentiles: P50: 40,6ms P95: 52,8ms P99: 61,9ms, sample: 100"
"without-umce","2","2026-09-26T21:32:45.7306288+00:00",,"0","2024","500","0","0","0","True","0","42,3","40,5","52,8","61,9","100","111,63576059577179","92,13988061132143","1375162368","[23:32:45] [Server thread/INFO]: The game is running normally [23:32:45] [Server thread/INFO]: Target tick rate: 20,0 per second. Average time per tick: 42,3ms (Target: 50,0ms) [23:32:45] [Server thread/INFO]: Percentiles: P50: 40,5ms P95: 52,8ms P99: 61,9ms, sample: 100"
"without-umce","2","2026-09-26T21:32:45.8566401+00:00",,"0","2024","500","0","0","0","True","0","42,2","40,4","52,8","61,9","100","76,04726205521477","92,13988061132143","1375162368","[23:32:45] [Server thread/INFO]: The game is running normally [23:32:45] [Server thread/INFO]: Target tick rate: 20,0 per second. Average time per tick: 42,2ms (Target: 50,0ms) [23:32:45] [Server thread/INFO]: Percentiles: P50: 40,4ms P95: 52,8ms P99: 61,9ms, sample: 100"
"without-umce","2","2026-09-26T21:32:45.9798884+00:00",,"0","2024","500","0","0","0","True","0","41,7","40,4","52","53,2","100","99,01601841539517","92,13988061132143","1375162368","[23:32:46] [Server thread/INFO]: The game is running normally [23:32:46] [Server thread/INFO]: Target tick rate: 20,0 per second. Average time per tick: 41,7ms (Target: 50,0ms) [23:32:46] [Server thread/INFO]: Percentiles: P50: 40,4ms P95: 52,0ms P99: 53,2ms, sample: 100"
"without-umce","2","2026-09-26T21:32:46.1061389+00:00",,"0","2024","500","0","0","0","True","0","41,8","40,4","52","53,2","100","75,95268977842878","92,13988061132143","1375162368","[23:32:46] [Server thread/INFO]: The game is running normally [23:32:46] [Server thread/INFO]: Target tick rate: 20,0 per second. Average time per tick: 41,8ms (Target: 50,0ms) [23:32:46] [Server thread/INFO]: Percentiles: P50: 40,4ms P95: 52,0ms P99: 53,2ms, sample: 100"
"without-umce","2","2026-09-26T21:32:46.2295620+00:00",,"0","2024","500","0","0","0","True","0","41,7","40,4","51,5","53","100","101,09759638442644","92,13988061132143","1375162368","[23:32:46] [Server thread/INFO]: The game is running normally [23:32:46] [Server thread/INFO]: Target tick rate: 20,0 per second. Average time per tick: 41,7ms (Target: 50,0ms) [23:32:46] [Server thread/INFO]: Percentiles: P50: 40,4ms P95: 51,5ms P99: 53,0ms, sample: 100"
"without-umce","2","2026-09-26T21:32:46.3532275+00:00",,"0","2024","500","0","0","0","True","0","41,8","40,4","51,5","53","100","49,676427621047544","92,13988061132143","1375162368","[23:32:46] [Server thread/INFO]: The game is running normally [23:32:46] [Server thread/INFO]: Target tick rate: 20,0 per second. Average time per tick: 41,8ms (Target: 50,0ms) [23:32:46] [Server thread/INFO]: Percentiles: P50: 40,4ms P95: 51,5ms P99: 53,0ms, sample: 100"
"without-umce","2","2026-09-26T21:32:46.4790328+00:00",,"0","2024","500","0","0","0","True","0","41,8","40,5","51,5","53","100","101,5139382697802","92,13988061132143","1375162368","[23:32:46] [Server thread/INFO]: The game is running normally [23:32:46] [Server thread/INFO]: Target tick rate: 20,0 per second. Average time per tick: 41,8ms (Target: 50,0ms) [23:32:46] [Server thread/INFO]: Percentiles: P50: 40,5ms P95: 51,5ms P99: 53,0ms, sample: 100"
"without-umce","2","2026-09-26T21:32:46.6021800+00:00",,"0","2024","500","0","0","0","True","0","41,8","40,5","51,5","53","100","79,39198262558631","92,13988061132143","1375162368","[23:32:46] [Server thread/INFO]: The game is running normally [23:32:46] [Server thread/INFO]: Target tick rate: 20,0 per second. Average time per tick: 41,8ms (Target: 50,0ms) [23:32:46] [Server thread/INFO]: Percentiles: P50: 40,5ms P95: 51,5ms P99: 53,0ms, sample: 100"
"without-umce","2","2026-09-26T21:32:46.7399056+00:00",,"0","2024","500","0","0","0","True","0","41,9","40,5","51,5","53","100","88,8755806876512","92,13988061132143","1375162368","[23:32:46] [Server thread/INFO]: The game is running normally [23:32:46] [Server thread/INFO]: Target tick rate: 20,0 per second. Average time per tick: 41,9ms (Target: 50,0ms) [23:32:46] [Server thread/INFO]: Percentiles: P50: 40,5ms P95: 51,5ms P99: 53,0ms, sample: 100"
"without-umce","2","2026-09-26T21:32:46.8629947+00:00",,"0","2024","500","0","0","0","True","0","41,8","40,5","51,5","53","100","75,34586767095676","92,13988061132143","1375162368","[23:32:46] [Server thread/INFO]: The game is running normally [23:32:46] [Server thread/INFO]: Target tick rate: 20,0 per second. Average time per tick: 41,8ms (Target: 50,0ms) [23:32:46] [Server thread/INFO]: Percentiles: P50: 40,5ms P95: 51,5ms P99: 53,0ms, sample: 100"
"without-umce","2","2026-09-26T21:32:46.9873965+00:00",,"0","2024","500","0","0","0","True","0","41,9","40,6","51,5","53","100","62,942003928386704","92,13988061132143","1375162368","[23:32:47] [Server thread/INFO]: The game is running normally [23:32:47] [Server thread/INFO]: Target tick rate: 20,0 per second. Average time per tick: 41,9ms (Target: 50,0ms) [23:32:47] [Server thread/INFO]: Percentiles: P50: 40,6ms P95: 51,5ms P99: 53,0ms, sample: 100"
"without-umce","2","2026-09-26T21:32:47.1115284+00:00",,"0","2024","500","0","0","0","True","0","41,8","40,7","51,5","53","100","63,552066326800386","92,13988061132143","1375162368","[23:32:47] [Server thread/INFO]: The game is running normally [23:32:47] [Server thread/INFO]: Target tick rate: 20,0 per second. Average time per tick: 41,8ms (Target: 50,0ms) [23:32:47] [Server thread/INFO]: Percentiles: P50: 40,7ms P95: 51,5ms P99: 53,0ms, sample: 100"
"without-umce","2","2026-09-26T21:32:47.2344493+00:00",,"0","2024","500","0","0","0","True","0","41,8","40,7","51,5","53","100","89,19571762694946","92,13988061132143","1375162368","[23:32:47] [Server thread/INFO]: The game is running normally [23:32:47] [Server thread/INFO]: Target tick rate: 20,0 per second. Average time per tick: 41,8ms (Target: 50,0ms) [23:32:47] [Server thread/INFO]: Percentiles: P50: 40,7ms P95: 51,5ms P99: 53,0ms, sample: 100"
"without-umce","2","2026-09-26T21:32:47.3571003+00:00",,"0","2024","500","0","0","0","True","0","41,8","40,7","51,5","53","100","63,22347891390763","92,13988061132143","1375162368","[23:32:47] [Server thread/INFO]: The game is running normally [23:32:47] [Server thread/INFO]: Target tick rate: 20,0 per second. Average time per tick: 41,8ms (Target: 50,0ms) [23:32:47] [Server thread/INFO]: Percentiles: P50: 40,7ms P95: 51,5ms P99: 53,0ms, sample: 100"
"without-umce","2","2026-09-26T21:32:47.4806468+00:00",,"0","2024","500","0","0","0","True","0","41,6","40,5","51,3","53","100","86,26727514508677","92,13988061132143","1375162368","[23:32:47] [Server thread/INFO]: The game is running normally [23:32:47] [Server thread/INFO]: Target tick rate: 20,0 per second. Average time per tick: 41,6ms (Target: 50,0ms) [23:32:47] [Server thread/INFO]: Percentiles: P50: 40,5ms P95: 51,3ms P99: 53,0ms, sample: 100"
"without-umce","2","2026-09-26T21:32:47.6074328+00:00",,"0","2024","500","0","0","0","True","0","41,3","40,4","50,8","53","100","64,00163188800923","92,13988061132143","1375162368","[23:32:47] [Server thread/INFO]: The game is running normally [23:32:47] [Server thread/INFO]: Target tick rate: 20,0 per second. Average time per tick: 41,3ms (Target: 50,0ms) [23:32:47] [Server thread/INFO]: Percentiles: P50: 40,4ms P95: 50,8ms P99: 53,0ms, sample: 100"
"without-umce","2","2026-09-26T21:32:47.7295008+00:00",,"0","2024","500","0","0","0","True","0","41","40,3","49,6","52,8","100","88,21887799298928","92,13988061132143","1375162368","[23:32:47] [Server thread/INFO]: The game is running normally [23:32:47] [Server thread/INFO]: Target tick rate: 20,0 per second. Average time per tick: 41,0ms (Target: 50,0ms) [23:32:47] [Server thread/INFO]: Percentiles: P50: 40,3ms P95: 49,6ms P99: 52,8ms, sample: 100"
"without-umce","2","2026-09-26T21:32:47.8534770+00:00",,"0","2024","500","0","0","0","True","0","40,8","40,2","47,9","52","100","63,35411483455351","92,13988061132143","1375162368","[23:32:47] [Server thread/INFO]: The game is running normally [23:32:47] [Server thread/INFO]: Target tick rate: 20,0 per second. Average time per tick: 40,8ms (Target: 50,0ms) [23:32:47] [Server thread/INFO]: Percentiles: P50: 40,2ms P95: 47,9ms P99: 52,0ms, sample: 100"
"without-umce","2","2026-09-26T21:32:47.9768549+00:00",,"0","2024","500","0","0","0","True","0","40,7","40,2","47,9","52","100","157,81052060518442","92,13988061132143","1375162368","[23:32:48] [Server thread/INFO]: The game is running normally [23:32:48] [Server thread/INFO]: Target tick rate: 20,0 per second. Average time per tick: 40,7ms (Target: 50,0ms) [23:32:48] [Server thread/INFO]: Percentiles: P50: 40,2ms P95: 47,9ms P99: 52,0ms, sample: 100"
"without-umce","2","2026-09-26T21:32:48.1154618+00:00",,"0","2024","500","0","0","0","True","0","40,9","40,2","49,6","52","100","139,8689321296942","92,13988061132143","1375162368","[23:32:48] [Server thread/INFO]: The game is running normally [23:32:48] [Server thread/INFO]: Target tick rate: 20,0 per second. Average time per tick: 40,9ms (Target: 50,0ms) [23:32:48] [Server thread/INFO]: Percentiles: P50: 40,2ms P95: 49,6ms P99: 52,0ms, sample: 100"
"without-umce","2","2026-09-26T21:32:48.2383193+00:00",,"0","2024","500","0","0","0","True","0","40,9","40,2","49,8","52","100","112,84539719172442","92,13988061132143","1375162368","[23:32:48] [Server thread/INFO]: The game is running normally [23:32:48] [Server thread/INFO]: Target tick rate: 20,0 per second. Average time per tick: 40,9ms (Target: 50,0ms) [23:32:48] [Server thread/INFO]: Percentiles: P50: 40,2ms P95: 49,8ms P99: 52,0ms, sample: 100"
"without-umce","2","2026-09-26T21:32:48.3629465+00:00",,"0","2024","500","0","0","0","True","0","41","40,3","49,8","52","100","64,46106015650527","92,13988061132143","1375162368","[23:32:48] [Server thread/INFO]: The game is running normally [23:32:48] [Server thread/INFO]: Target tick rate: 20,0 per second. Average time per tick: 41,0ms (Target: 50,0ms) [23:32:48] [Server thread/INFO]: Percentiles: P50: 40,3ms P95: 49,8ms P99: 52,0ms, sample: 100"
"without-umce","2","2026-09-26T21:32:48.4841322+00:00",,"0","2024","500","0","0","0","True","0","41,1","40,3","49,8","52","100","100,18490125375392","92,13988061132143","1375162368","[23:32:48] [Server thread/INFO]: The game is running normally [23:32:48] [Server thread/INFO]: Target tick rate: 20,0 per second. Average time per tick: 41,1ms (Target: 50,0ms) [23:32:48] [Server thread/INFO]: Percentiles: P50: 40,3ms P95: 49,8ms P99: 52,0ms, sample: 100"
"without-umce","2","2026-09-26T21:32:48.6088980+00:00",,"0","2024","500","0","0","0","True","0","41,2","40,5","49,8","52","100","61,51444024418379","92,13988061132143","1375162368","[23:32:48] [Server thread/INFO]: The game is running normally [23:32:48] [Server thread/INFO]: Target tick rate: 20,0 per second. Average time per tick: 41,2ms (Target: 50,0ms) [23:32:48] [Server thread/INFO]: Percentiles: P50: 40,5ms P95: 49,8ms P99: 52,0ms, sample: 100"
"without-umce","2","2026-09-26T21:32:48.7359084+00:00",,"0","2024","500","0","0","0","True","0","41,2","40,5","49,8","52","100","127,99812569784577","92,13988061132143","1375162368","[23:32:48] [Server thread/INFO]: The game is running normally [23:32:48] [Server thread/INFO]: Target tick rate: 20,0 per second. Average time per tick: 41,2ms (Target: 50,0ms) [23:32:48] [Server thread/INFO]: Percentiles: P50: 40,5ms P95: 49,8ms P99: 52,0ms, sample: 100"
"without-umce","2","2026-09-26T21:32:48.8579491+00:00",,"0","2024","500","0","0","0","True","0","41,1","40,3","49,8","52","100","62,72666909142879","92,13988061132143","1375162368","[23:32:48] [Server thread/INFO]: The game is running normally [23:32:48] [Server thread/INFO]: Target tick rate: 20,0 per second. Average time per tick: 41,1ms (Target: 50,0ms) [23:32:48] [Server thread/INFO]: Percentiles: P50: 40,3ms P95: 49,8ms P99: 52,0ms, sample: 100"
"without-umce","2","2026-09-26T21:32:48.9825244+00:00",,"0","2024","500","0","0","0","True","0","41","40,3","49,8","52","100","114,1227339789941","92,13988061132143","1375162368","[23:32:49] [Server thread/INFO]: The game is running normally [23:32:49] [Server thread/INFO]: Target tick rate: 20,0 per second. Average time per tick: 41,0ms (Target: 50,0ms) [23:32:49] [Server thread/INFO]: Percentiles: P50: 40,3ms P95: 49,8ms P99: 52,0ms, sample: 100"
"without-umce","2","2026-09-26T21:32:49.1057248+00:00",,"0","2024","500","0","0","0","True","0","41","40,3","49,8","52","100","62,1910349384259","92,13988061132143","1375162368","[23:32:49] [Server thread/INFO]: The game is running normally [23:32:49] [Server thread/INFO]: Target tick rate: 20,0 per second. Average time per tick: 41,0ms (Target: 50,0ms) [23:32:49] [Server thread/INFO]: Percentiles: P50: 40,3ms P95: 49,8ms P99: 52,0ms, sample: 100"
"without-umce","2","2026-09-26T21:32:49.2313607+00:00",,"0","2024","500","0","0","0","True","0","41","40,3","49,8","52","100","87,5753147707028","92,13988061132143","1375162368","[23:32:49] [Server thread/INFO]: The game is running normally [23:32:49] [Server thread/INFO]: Target tick rate: 20,0 per second. Average time per tick: 41,0ms (Target: 50,0ms) [23:32:49] [Server thread/INFO]: Percentiles: P50: 40,3ms P95: 49,8ms P99: 52,0ms, sample: 100"
"without-umce","2","2026-09-26T21:32:49.3562605+00:00",,"0","2024","500","0","0","0","True","0","40,9","40,2","49,8","52","100","63,64297695167044","92,13988061132143","1375162368","[23:32:49] [Server thread/INFO]: The game is running normally [23:32:49] [Server thread/INFO]: Target tick rate: 20,0 per second. Average time per tick: 40,9ms (Target: 50,0ms) [23:32:49] [Server thread/INFO]: Percentiles: P50: 40,2ms P95: 49,8ms P99: 52,0ms, sample: 100"
"without-umce","2","2026-09-26T21:32:49.4790149+00:00",,"0","2024","500","0","0","0","True","0","40,9","40,2","49,8","52","100","88,14223961472875","92,13988061132143","1375162368","[23:32:49] [Server thread/INFO]: The game is running normally [23:32:49] [Server thread/INFO]: Target tick rate: 20,0 per second. Average time per tick: 40,9ms (Target: 50,0ms) [23:32:49] [Server thread/INFO]: Percentiles: P50: 40,2ms P95: 49,8ms P99: 52,0ms, sample: 100"
"without-umce","2","2026-09-26T21:32:49.6031007+00:00",,"0","2024","500","0","0","0","True","0","40,9","40,2","49,8","52","100","68,1097456872909","92,13988061132143","1375162368","[23:32:49] [Server thread/INFO]: The game is running normally [23:32:49] [Server thread/INFO]: Target tick rate: 20,0 per second. Average time per tick: 40,9ms (Target: 50,0ms) [23:32:49] [Server thread/INFO]: Percentiles: P50: 40,2ms P95: 49,8ms P99: 52,0ms, sample: 100"
"without-umce","2","2026-09-26T21:32:49.7407347+00:00",,"0","2024","500","0","0","0","True","0","40,9","40,2","49,8","52","100","76,64542396160779","92,13988061132143","1375162368","[23:32:49] [Server thread/INFO]: The game is running normally [23:32:49] [Server thread/INFO]: Target tick rate: 20,0 per second. Average time per tick: 40,9ms (Target: 50,0ms) [23:32:49] [Server thread/INFO]: Percentiles: P50: 40,2ms P95: 49,8ms P99: 52,0ms, sample: 100"
"without-umce","2","2026-09-26T21:32:49.8630473+00:00",,"0","2024","500","0","0","0","True","0","40,8","40,2","49,8","52","100","50,275388467871615","92,13988061132143","1375162368","[23:32:49] [Server thread/INFO]: The game is running normally [23:32:49] [Server thread/INFO]: Target tick rate: 20,0 per second. Average time per tick: 40,8ms (Target: 50,0ms) [23:32:49] [Server thread/INFO]: Percentiles: P50: 40,2ms P95: 49,8ms P99: 52,0ms, sample: 100"
"without-umce","2","2026-09-26T21:32:49.9873935+00:00",,"0","2024","500","0","0","0","True","0","40,8","40,2","49,8","52","100","87,03737892354557","92,13988061132143","1375162368","[23:32:50] [Server thread/INFO]: The game is running normally [23:32:50] [Server thread/INFO]: Target tick rate: 20,0 per second. Average time per tick: 40,8ms (Target: 50,0ms) [23:32:50] [Server thread/INFO]: Percentiles: P50: 40,2ms P95: 49,8ms P99: 52,0ms, sample: 100"
"without-umce","2","2026-09-26T21:32:50.1130579+00:00",,"0","2024","500","0","0","0","True","0","40,7","40,2","49,8","52","100","63,6667829307012","92,13988061132143","1375162368","[23:32:50] [Server thread/INFO]: The game is running normally [23:32:50] [Server thread/INFO]: Target tick rate: 20,0 per second. Average time per tick: 40,7ms (Target: 50,0ms) [23:32:50] [Server thread/INFO]: Percentiles: P50: 40,2ms P95: 49,8ms P99: 52,0ms, sample: 100"
"without-umce","2","2026-09-26T21:32:50.2357646+00:00",,"0","2024","500","0","0","0","True","0","40,9","40,3","49,8","52","100","75,0460482552094","92,13988061132143","1375162368","[23:32:50] [Server thread/INFO]: The game is running normally [23:32:50] [Server thread/INFO]: Target tick rate: 20,0 per second. Average time per tick: 40,9ms (Target: 50,0ms) [23:32:50] [Server thread/INFO]: Percentiles: P50: 40,3ms P95: 49,8ms P99: 52,0ms, sample: 100"
"without-umce","2","2026-09-26T21:32:50.3606578+00:00",,"0","2024","500","0","0","0","True","0","41","40,3","49,8","52","100","76,4212518738491","92,13988061132143","1375162368","[23:32:50] [Server thread/INFO]: The game is running normally [23:32:50] [Server thread/INFO]: Target tick rate: 20,0 per second. Average time per tick: 41,0ms (Target: 50,0ms) [23:32:50] [Server thread/INFO]: Percentiles: P50: 40,3ms P95: 49,8ms P99: 52,0ms, sample: 100"
"without-umce","2","2026-09-26T21:32:50.4833525+00:00",,"0","2024","500","0","0","0","True","0","40,9","40,3","49,8","50,8","100","101,73362231107863","92,13988061132143","1375162368","[23:32:50] [Server thread/INFO]: The game is running normally [23:32:50] [Server thread/INFO]: Target tick rate: 20,0 per second. Average time per tick: 40,9ms (Target: 50,0ms) [23:32:50] [Server thread/INFO]: Percentiles: P50: 40,3ms P95: 49,8ms P99: 50,8ms, sample: 100"
"without-umce","2","2026-09-26T21:32:50.6062219+00:00",,"0","2024","500","0","0","0","True","0","40,8","40,3","49,8","50,8","100","63,31883922890824","92,13988061132143","1375162368","[23:32:50] [Server thread/INFO]: The game is running normally [23:32:50] [Server thread/INFO]: Target tick rate: 20,0 per second. Average time per tick: 40,8ms (Target: 50,0ms) [23:32:50] [Server thread/INFO]: Percentiles: P50: 40,3ms P95: 49,8ms P99: 50,8ms, sample: 100"
"without-umce","2","2026-09-26T21:32:50.7296045+00:00",,"0","2024","500","0","0","0","True","0","40,9","40,3","49,8","50,8","100","101,87723060196403","92,13988061132143","1375162368","[23:32:50] [Server thread/INFO]: The game is running normally [23:32:50] [Server thread/INFO]: Target tick rate: 20,0 per second. Average time per tick: 40,9ms (Target: 50,0ms) [23:32:50] [Server thread/INFO]: Percentiles: P50: 40,3ms P95: 49,8ms P99: 50,8ms, sample: 100"
"without-umce","2","2026-09-26T21:32:50.8522897+00:00",,"0","2024","500","0","0","0","True","0","40,9","40,3","49,8","50,8","100","68,00313068279496","92,13988061132143","1375162368","[23:32:50] [Server thread/INFO]: The game is running normally [23:32:50] [Server thread/INFO]: Target tick rate: 20,0 per second. Average time per tick: 40,9ms (Target: 50,0ms) [23:32:50] [Server thread/INFO]: Percentiles: P50: 40,3ms P95: 49,8ms P99: 50,8ms, sample: 100"
"without-umce","2","2026-09-26T21:32:50.9901740+00:00",,"0","2024","500","0","0","0","True","0","40,8","40,3","49,8","50,8","100","112,71289211061853","92,13988061132143","1375162368","[23:32:51] [Server thread/INFO]: The game is running normally [23:32:51] [Server thread/INFO]: Target tick rate: 20,0 per second. Average time per tick: 40,8ms (Target: 50,0ms) [23:32:51] [Server thread/INFO]: Percentiles: P50: 40,3ms P95: 49,8ms P99: 50,8ms, sample: 100"
"without-umce","2","2026-09-26T21:32:51.1149319+00:00",,"0","2024","500","0","0","0","True","0","40,8","40,3","48,7","50,8","100","89,18917155797072","92,13988061132143","1375162368","[23:32:51] [Server thread/INFO]: The game is running normally [23:32:51] [Server thread/INFO]: Target tick rate: 20,0 per second. Average time per tick: 40,8ms (Target: 50,0ms) [23:32:51] [Server thread/INFO]: Percentiles: P50: 40,3ms P95: 48,7ms P99: 50,8ms, sample: 100"
"without-umce","2","2026-09-26T21:32:51.2375479+00:00",,"0","2024","500","0","0","0","True","0","40,7","40,3","48,3","50,5","100","77,13446491307461","92,13988061132143","1375162368","[23:32:51] [Server thread/INFO]: The game is running normally [23:32:51] [Server thread/INFO]: Target tick rate: 20,0 per second. Average time per tick: 40,7ms (Target: 50,0ms) [23:32:51] [Server thread/INFO]: Percentiles: P50: 40,3ms P95: 48,3ms P99: 50,5ms, sample: 100"
"without-umce","2","2026-09-26T21:32:51.3590795+00:00",,"0","2024","500","0","0","0","True","0","40,8","40,3","48,3","50,5","100","76,02925362385834","92,13988061132143","1375162368","[23:32:51] [Server thread/INFO]: The game is running normally [23:32:51] [Server thread/INFO]: Target tick rate: 20,0 per second. Average time per tick: 40,8ms (Target: 50,0ms) [23:32:51] [Server thread/INFO]: Percentiles: P50: 40,3ms P95: 48,3ms P99: 50,5ms, sample: 100"
"without-umce","2","2026-09-26T21:32:51.4824928+00:00",,"0","2024","500","0","0","0","True","0","41","40,3","48,3","50,5","100","112,56168380272389","92,13988061132143","1375162368","[23:32:51] [Server thread/INFO]: The game is running normally [23:32:51] [Server thread/INFO]: Target tick rate: 20,0 per second. Average time per tick: 41,0ms (Target: 50,0ms) [23:32:51] [Server thread/INFO]: Percentiles: P50: 40,3ms P95: 48,3ms P99: 50,5ms, sample: 100"
"without-umce","2","2026-09-26T21:32:51.6073507+00:00",,"0","2024","500","0","0","0","True","0","41,1","40,5","48,3","50,5","100","87,64113728748777","92,13988061132143","1375162368","[23:32:51] [Server thread/INFO]: The game is running normally [23:32:51] [Server thread/INFO]: Target tick rate: 20,0 per second. Average time per tick: 41,1ms (Target: 50,0ms) [23:32:51] [Server thread/INFO]: Percentiles: P50: 40,5ms P95: 48,3ms P99: 50,5ms, sample: 100"
"without-umce","2","2026-09-26T21:32:51.7321403+00:00",,"0","2024","500","0","0","0","True","0","41,3","41,1","49,2","50,6","100","102,94861299392686","92,13988061132143","1375162368","[23:32:51] [Server thread/INFO]: The game is running normally [23:32:51] [Server thread/INFO]: Target tick rate: 20,0 per second. Average time per tick: 41,3ms (Target: 50,0ms) [23:32:51] [Server thread/INFO]: Percentiles: P50: 41,1ms P95: 49,2ms P99: 50,6ms, sample: 100"
"without-umce","2","2026-09-26T21:32:51.8535744+00:00",,"0","2024","500","0","0","0","True","0","41,6","41,1","49,8","54,7","100","62,777476445890834","92,13988061132143","1375162368","[23:32:51] [Server thread/INFO]: The game is running normally [23:32:51] [Server thread/INFO]: Target tick rate: 20,0 per second. Average time per tick: 41,6ms (Target: 50,0ms) [23:32:51] [Server thread/INFO]: Percentiles: P50: 41,1ms P95: 49,8ms P99: 54,7ms, sample: 100"
"without-umce","2","2026-09-26T21:32:51.9780244+00:00",,"0","2024","500","0","0","0","True","0","41,6","41,2","49,8","54,7","100","99,73804799075707","92,13988061132143","1375162368","[23:32:52] [Server thread/INFO]: The game is running normally [23:32:52] [Server thread/INFO]: Target tick rate: 20,0 per second. Average time per tick: 41,6ms (Target: 50,0ms) [23:32:52] [Server thread/INFO]: Percentiles: P50: 41,2ms P95: 49,8ms P99: 54,7ms, sample: 100"
"without-umce","2","2026-09-26T21:32:52.1033244+00:00",,"0","2024","500","0","0","0","True","0","41,9","41,4","50,5","54,7","100","101,38894746916964","92,13988061132143","1375162368","[23:32:52] [Server thread/INFO]: The game is running normally [23:32:52] [Server thread/INFO]: Target tick rate: 20,0 per second. Average time per tick: 41,9ms (Target: 50,0ms) [23:32:52] [Server thread/INFO]: Percentiles: P50: 41,4ms P95: 50,5ms P99: 54,7ms, sample: 100"
"without-umce","2","2026-09-26T21:32:52.2266483+00:00",,"0","2024","500","0","0","0","True","0","42,1","41,5","50,6","54,7","100","90,19989017261373","92,13988061132143","1375162368","[23:32:52] [Server thread/INFO]: The game is running normally [23:32:52] [Server thread/INFO]: Target tick rate: 20,0 per second. Average time per tick: 42,1ms (Target: 50,0ms) [23:32:52] [Server thread/INFO]: Percentiles: P50: 41,5ms P95: 50,6ms P99: 54,7ms, sample: 100"
"without-umce","2","2026-09-26T21:32:52.3652437+00:00",,"0","2024","500","0","0","0","True","0","42,5","41,9","50,7","59,4","100","251,7059623302898","92,13988061132143","1375162368","[23:32:52] [Server thread/INFO]: The game is running normally [23:32:52] [Server thread/INFO]: Target tick rate: 20,0 per second. Average time per tick: 42,5ms (Target: 50,0ms) [23:32:52] [Server thread/INFO]: Percentiles: P50: 41,9ms P95: 50,7ms P99: 59,4ms, sample: 100"
"without-umce","2","2026-09-26T21:32:52.4893604+00:00",,"0","2024","500","0","0","0","True","0","43,1","42,2","54,1","70,5","100","76,42555050852542","92,13988061132143","1375162368","[23:32:52] [Server thread/INFO]: The game is running normally [23:32:52] [Server thread/INFO]: Target tick rate: 20,0 per second. Average time per tick: 43,1ms (Target: 50,0ms) [23:32:52] [Server thread/INFO]: Percentiles: P50: 42,2ms P95: 54,1ms P99: 70,5ms, sample: 100"
"without-umce","2","2026-09-26T21:32:52.6120305+00:00",,"0","2024","500","0","0","0","True","0","43,4","42,5","54,7","70,5","100","76,07231535727617","92,13988061132143","1375162368","[23:32:52] [Server thread/INFO]: The game is running normally [23:32:52] [Server thread/INFO]: Target tick rate: 20,0 per second. Average time per tick: 43,4ms (Target: 50,0ms) [23:32:52] [Server thread/INFO]: Percentiles: P50: 42,5ms P95: 54,7ms P99: 70,5ms, sample: 100"
"without-umce","2","2026-09-26T21:32:52.7352476+00:00",,"0","2024","500","0","0","0","True","0","43,7","42,9","57,2","70,5","100","100,29068251419915","92,13988061132143","1375162368","[23:32:52] [Server thread/INFO]: The game is running normally [23:32:52] [Server thread/INFO]: Target tick rate: 20,0 per second. Average time per tick: 43,7ms (Target: 50,0ms) [23:32:52] [Server thread/INFO]: Percentiles: P50: 42,9ms P95: 57,2ms P99: 70,5ms, sample: 100"
"without-umce","2","2026-09-26T21:32:52.8599607+00:00",,"0","2024","500","0","0","0","True","0","44","43,1","57,2","70,5","100","88,98469178550276","92,13988061132143","1375162368","[23:32:52] [Server thread/INFO]: The game is running normally [23:32:52] [Server thread/INFO]: Target tick rate: 20,0 per second. Average time per tick: 44,0ms (Target: 50,0ms) [23:32:52] [Server thread/INFO]: Percentiles: P50: 43,1ms P95: 57,2ms P99: 70,5ms, sample: 100"
"without-umce","2","2026-09-26T21:32:52.9828487+00:00",,"0","2024","500","0","0","0","True","0","44,5","43,1","59,4","70,5","100","75,05223635650412","92,13988061132143","1375162368","[23:32:52] [Server thread/INFO]: The game is running normally [23:32:52] [Server thread/INFO]: Target tick rate: 20,0 per second. Average time per tick: 44,5ms (Target: 50,0ms) [23:32:52] [Server thread/INFO]: Percentiles: P50: 43,1ms P95: 59,4ms P99: 70,5ms, sample: 100"
"without-umce","2","2026-09-26T21:32:53.1077325+00:00",,"0","2024","500","0","0","0","True","0","44,9","43,5","59,4","70,5","100","87,6598213863516","92,13988061132143","1375162368","[23:32:53] [Server thread/INFO]: The game is running normally [23:32:53] [Server thread/INFO]: Target tick rate: 20,0 per second. Average time per tick: 44,9ms (Target: 50,0ms) [23:32:53] [Server thread/INFO]: Percentiles: P50: 43,5ms P95: 59,4ms P99: 70,5ms, sample: 100"
"without-umce","2","2026-09-26T21:32:53.2325597+00:00",,"0","2024","500","0","0","0","True","0","45,3","43,6","62,6","70,5","100","76,27693694602603","92,13988061132143","1375162368","[23:32:53] [Server thread/INFO]: The game is running normally [23:32:53] [Server thread/INFO]: Target tick rate: 20,0 per second. Average time per tick: 45,3ms (Target: 50,0ms) [23:32:53] [Server thread/INFO]: Percentiles: P50: 43,6ms P95: 62,6ms P99: 70,5ms, sample: 100"
"without-umce","2","2026-09-26T21:32:53.3553944+00:00",,"0","2024","500","0","0","0","True","0","45,9","43,6","65,1","94,7","100","101,14250574489434","92,13988061132143","1375162368","[23:32:53] [Server thread/INFO]: The game is running normally [23:32:53] [Server thread/INFO]: Target tick rate: 20,0 per second. Average time per tick: 45,9ms (Target: 50,0ms) [23:32:53] [Server thread/INFO]: Percentiles: P50: 43,6ms P95: 65,1ms P99: 94,7ms, sample: 100"
"without-umce","2","2026-09-26T21:32:53.4789926+00:00",,"0","2024","500","0","0","0","True","0","46","43,6","65,1","94,7","100","138,4467542844991","92,13988061132143","1375162368","[23:32:53] [Server thread/INFO]: The game is running normally [23:32:53] [Server thread/INFO]: Target tick rate: 20,0 per second. Average time per tick: 46,0ms (Target: 50,0ms) [23:32:53] [Server thread/INFO]: Percentiles: P50: 43,6ms P95: 65,1ms P99: 94,7ms, sample: 100"
"without-umce","2","2026-09-26T21:32:53.6031211+00:00",,"0","2024","500","0","0","0","True","0","46,3","44,5","65,1","94,7","100","87,92061220880694","92,13988061132143","1375162368","[23:32:53] [Server thread/INFO]: The game is running normally [23:32:53] [Server thread/INFO]: Target tick rate: 20,0 per second. Average time per tick: 46,3ms (Target: 50,0ms) [23:32:53] [Server thread/INFO]: Percentiles: P50: 44,5ms P95: 65,1ms P99: 94,7ms, sample: 100"
"without-umce","2","2026-09-26T21:32:53.7275364+00:00",,"0","2024","500","0","0","0","True","0","46,3","44,4","65,1","94,7","100","100,56477175819403","92,13988061132143","1375162368","[23:32:53] [Server thread/INFO]: The game is running normally [23:32:53] [Server thread/INFO]: Target tick rate: 20,0 per second. Average time per tick: 46,3ms (Target: 50,0ms) [23:32:53] [Server thread/INFO]: Percentiles: P50: 44,4ms P95: 65,1ms P99: 94,7ms, sample: 100"
"without-umce","2","2026-09-26T21:32:53.8518215+00:00",,"0","2024","500","0","0","0","True","0","46,2","44,5","65,1","94,7","100","101,27930618003624","92,13988061132143","1375162368","[23:32:53] [Server thread/INFO]: The game is running normally [23:32:53] [Server thread/INFO]: Target tick rate: 20,0 per second. Average time per tick: 46,2ms (Target: 50,0ms) [23:32:53] [Server thread/INFO]: Percentiles: P50: 44,5ms P95: 65,1ms P99: 94,7ms, sample: 100"
"without-umce","2","2026-09-26T21:32:53.9906943+00:00",,"0","2024","500","0","0","0","True","0","46,3","44,5","65,1","94,7","100","113,54074168809105","92,13988061132143","1375162368","[23:32:54] [Server thread/INFO]: The game is running normally [23:32:54] [Server thread/INFO]: Target tick rate: 20,0 per second. Average time per tick: 46,3ms (Target: 50,0ms) [23:32:54] [Server thread/INFO]: Percentiles: P50: 44,5ms P95: 65,1ms P99: 94,7ms, sample: 100"
"without-umce","2","2026-09-26T21:32:54.1282900+00:00",,"0","2024","500","0","0","0","True","0","46,7","45,4","65,1","94,7","100","77,26357551927303","92,13988061132143","1375162368","[23:32:54] [Server thread/INFO]: The game is running normally [23:32:54] [Server thread/INFO]: Target tick rate: 20,0 per second. Average time per tick: 46,7ms (Target: 50,0ms) [23:32:54] [Server thread/INFO]: Percentiles: P50: 45,4ms P95: 65,1ms P99: 94,7ms, sample: 100"
"without-umce","2","2026-09-26T21:32:54.2497339+00:00",,"0","2024","500","0","0","0","True","0","47,1","45,5","65,1","94,7","100","100,43000109267841","92,13988061132143","1375162368","[23:32:54] [Server thread/INFO]: The game is running normally [23:32:54] [Server thread/INFO]: Target tick rate: 20,0 per second. Average time per tick: 47,1ms (Target: 50,0ms) [23:32:54] [Server thread/INFO]: Percentiles: P50: 45,5ms P95: 65,1ms P99: 94,7ms, sample: 100"
"without-umce","2","2026-09-26T21:32:54.3741158+00:00",,"0","2024","500","0","0","0","True","0","47,5","45,8","65,1","94,7","100","254,44008119284766","92,13988061132143","1375162368","[23:32:54] [Server thread/INFO]: The game is running normally [23:32:54] [Server thread/INFO]: Target tick rate: 20,0 per second. Average time per tick: 47,5ms (Target: 50,0ms) [23:32:54] [Server thread/INFO]: Percentiles: P50: 45,8ms P95: 65,1ms P99: 94,7ms, sample: 100"
"without-umce","2","2026-09-26T21:32:54.4969595+00:00",,"0","2024","500","0","0","0","True","0","47,7","46,5","65,1","94,7","100","101,93147921331732","92,13988061132143","1375162368","[23:32:54] [Server thread/INFO]: The game is running normally [23:32:54] [Server thread/INFO]: Target tick rate: 20,0 per second. Average time per tick: 47,7ms (Target: 50,0ms) [23:32:54] [Server thread/INFO]: Percentiles: P50: 46,5ms P95: 65,1ms P99: 94,7ms, sample: 100"
"without-umce","2","2026-09-26T21:32:54.6195544+00:00",,"0","2024","500","0","0","0","True","0","48,1","46,5","65,5","94,7","100","150,34868867878384","92,13988061132143","1375162368","[23:32:54] [Server thread/INFO]: The game is running normally [23:32:54] [Server thread/INFO]: Target tick rate: 20,0 per second. Average time per tick: 48,1ms (Target: 50,0ms) [23:32:54] [Server thread/INFO]: Percentiles: P50: 46,5ms P95: 65,5ms P99: 94,7ms, sample: 100"
"without-umce","2","2026-09-26T21:32:54.7442976+00:00",,"0","2024","500","0","0","0","True","0","48,3","46,7","65,5","94,7","100","101,18515245949176","92,13988061132143","1375162368","[23:32:54] [Server thread/INFO]: The game is running normally [23:32:54] [Server thread/INFO]: Target tick rate: 20,0 per second. Average time per tick: 48,3ms (Target: 50,0ms) [23:32:54] [Server thread/INFO]: Percentiles: P50: 46,7ms P95: 65,5ms P99: 94,7ms, sample: 100"
"without-umce","2","2026-09-26T21:32:54.8833629+00:00",,"0","2024","500","0","0","0","True","0","48,5","47,6","65,5","94,7","100","124,99509110187672","92,13988061132143","1375162368","[23:32:54] [Server thread/INFO]: The game is running normally [23:32:54] [Server thread/INFO]: Target tick rate: 20,0 per second. Average time per tick: 48,5ms (Target: 50,0ms) [23:32:54] [Server thread/INFO]: Percentiles: P50: 47,6ms P95: 65,5ms P99: 94,7ms, sample: 100"
"without-umce","2","2026-09-26T21:32:55.0208148+00:00",,"0","2024","500","0","0","0","True","0","49,1","48,1","67","94,7","100","101,49275544711618","92,13988061132143","1375162368","[23:32:55] [Server thread/INFO]: The game is running normally [23:32:55] [Server thread/INFO]: Target tick rate: 20,0 per second. Average time per tick: 49,1ms (Target: 50,0ms) [23:32:55] [Server thread/INFO]: Percentiles: P50: 48,1ms P95: 67,0ms P99: 94,7ms, sample: 100"
"without-umce","2","2026-09-26T21:32:55.1439267+00:00",,"0","2024","500","0","0","0","True","0","49,5","48,2","67","94,7","100","75,93091299329782","92,13988061132143","1375162368","[23:32:55] [Server thread/INFO]: The game is running normally [23:32:55] [Server thread/INFO]: Target tick rate: 20,0 per second. Average time per tick: 49,5ms (Target: 50,0ms) [23:32:55] [Server thread/INFO]: Percentiles: P50: 48,2ms P95: 67,0ms P99: 94,7ms, sample: 100"
"without-umce","2","2026-09-26T21:32:55.2673983+00:00",,"0","2024","500","0","0","0","True","0","49,8","48,3","67","94,7","100","100,5008964679965","92,13988061132143","1375162368","[23:32:55] [Server thread/INFO]: The game is running normally [23:32:55] [Server thread/INFO]: Target tick rate: 20,0 per second. Average time per tick: 49,8ms (Target: 50,0ms) [23:32:55] [Server thread/INFO]: Percentiles: P50: 48,3ms P95: 67,0ms P99: 94,7ms, sample: 100"
"without-umce","2","2026-09-26T21:32:55.3917785+00:00",,"0","2024","500","0","0","0","True","0","49,9","48,3","67","94,7","100","88,21652994280745","92,13988061132143","1375162368","[23:32:55] [Server thread/INFO]: The game is running normally [23:32:55] [Server thread/INFO]: Target tick rate: 20,0 per second. Average time per tick: 49,9ms (Target: 50,0ms) [23:32:55] [Server thread/INFO]: Percentiles: P50: 48,3ms P95: 67,0ms P99: 94,7ms, sample: 100"
"without-umce","2","2026-09-26T21:32:55.5157718+00:00",,"0","2024","500","0","0","0","True","0","50,1","48,3","67","94,7","100","127,88226156403483","92,13988061132143","1375162368","[23:32:55] [Server thread/INFO]: The game is running, but can't keep up with the target tick rate [23:32:55] [Server thread/INFO]: Target tick rate: 20,0 per second. Average time per tick: 50,1ms (Target: 50,0ms) [23:32:55] [Server thread/INFO]: Percentiles: P50: 48,3ms P95: 67,0ms P99: 94,7ms, sample: 100"
"without-umce","2","2026-09-26T21:32:55.6380998+00:00",,"0","2024","500","0","0","0","True","0","50,6","48,7","69,4","94,7","100","87,15979787692677","92,13988061132143","1375162368","[23:32:55] [Server thread/INFO]: The game is running, but can't keep up with the target tick rate [23:32:55] [Server thread/INFO]: Target tick rate: 20,0 per second. Average time per tick: 50,6ms (Target: 50,0ms) [23:32:55] [Server thread/INFO]: Percentiles: P50: 48,7ms P95: 69,4ms P99: 94,7ms, sample: 100"
"without-umce","2","2026-09-26T21:32:55.7634496+00:00",,"0","2024","500","0","0","0","True","0","50,9","48,9","70,5","94,7","100","87,63123653984208","92,13988061132143","1375162368","[23:32:55] [Server thread/INFO]: The game is running, but can't keep up with the target tick rate [23:32:55] [Server thread/INFO]: Target tick rate: 20,0 per second. Average time per tick: 50,9ms (Target: 50,0ms) [23:32:55] [Server thread/INFO]: Percentiles: P50: 48,9ms P95: 70,5ms P99: 94,7ms, sample: 100"
"without-umce","2","2026-09-26T21:32:55.8882770+00:00",,"0","2024","500","0","0","0","True","0","51,6","49,7","73,7","94,7","100","126,91860313994594","92,13988061132143","1375162368","[23:32:55] [Server thread/INFO]: The game is running, but can't keep up with the target tick rate [23:32:55] [Server thread/INFO]: Target tick rate: 20,0 per second. Average time per tick: 51,6ms (Target: 50,0ms) [23:32:55] [Server thread/INFO]: Percentiles: P50: 49,7ms P95: 73,7ms P99: 94,7ms, sample: 100"
"without-umce","2","2026-09-26T21:32:56.0113740+00:00",,"0","2024","500","0","0","0","True","0","52,2","50,5","73,7","94,7","100","101,19105924372232","92,13988061132143","1375162368","[23:32:56] [Server thread/INFO]: The game is running, but can't keep up with the target tick rate [23:32:56] [Server thread/INFO]: Target tick rate: 20,0 per second. Average time per tick: 52,2ms (Target: 50,0ms) [23:32:56] [Server thread/INFO]: Percentiles: P50: 50,5ms P95: 73,7ms P99: 94,7ms, sample: 100"
"without-umce","2","2026-09-26T21:32:56.1349045+00:00",,"0","2024","500","0","0","0","True","0","52,7","50,7","73,7","94,7","100","98,97286401603554","92,13988061132143","1375162368","[23:32:56] [Server thread/INFO]: The game is running, but can't keep up with the target tick rate [23:32:56] [Server thread/INFO]: Target tick rate: 20,0 per second. Average time per tick: 52,7ms (Target: 50,0ms) [23:32:56] [Server thread/INFO]: Percentiles: P50: 50,7ms P95: 73,7ms P99: 94,7ms, sample: 100"
"without-umce","2","2026-09-26T21:32:56.2770296+00:00",,"0","2024","500","0","0","0","True","0","53,2","50,9","73,7","94,7","100","75,05091454042423","92,13988061132143","1375162368","[23:32:56] [Server thread/INFO]: The game is running, but can't keep up with the target tick rate [23:32:56] [Server thread/INFO]: Target tick rate: 20,0 per second. Average time per tick: 53,2ms (Target: 50,0ms) [23:32:56] [Server thread/INFO]: Percentiles: P50: 50,9ms P95: 73,7ms P99: 94,7ms, sample: 100"
"without-umce","2","2026-09-26T21:32:56.4019607+00:00",,"0","2024","500","0","0","0","True","0","53,5","51,8","77,4","94,7","100","91,53324780466659","92,13988061132143","1375162368","[23:32:56] [Server thread/INFO]: The game is running, but can't keep up with the target tick rate [23:32:56] [Server thread/INFO]: Target tick rate: 20,0 per second. Average time per tick: 53,5ms (Target: 50,0ms) [23:32:56] [Server thread/INFO]: Percentiles: P50: 51,8ms P95: 77,4ms P99: 94,7ms, sample: 100"
"without-umce","2","2026-09-26T21:32:56.5384809+00:00",,"0","2024","500","0","0","0","True","0","54,3","53","78","94,7","100","101,95359398653234","92,13988061132143","1375162368","[23:32:56] [Server thread/INFO]: The game is running, but can't keep up with the target tick rate [23:32:56] [Server thread/INFO]: Target tick rate: 20,0 per second. Average time per tick: 54,3ms (Target: 50,0ms) [23:32:56] [Server thread/INFO]: Percentiles: P50: 53,0ms P95: 78,0ms P99: 94,7ms, sample: 100"
"without-umce","2","2026-09-26T21:32:56.6763945+00:00",,"0","2024","500","0","0","0","True","0","54,8","53,4","78","94,7","100","199,55714278872327","92,13988061132143","1375162368","[23:32:56] [Server thread/INFO]: The game is running, but can't keep up with the target tick rate [23:32:56] [Server thread/INFO]: Target tick rate: 20,0 per second. Average time per tick: 54,8ms (Target: 50,0ms) [23:32:56] [Server thread/INFO]: Percentiles: P50: 53,4ms P95: 78,0ms P99: 94,7ms, sample: 100"
"without-umce","2","2026-09-26T21:32:56.8016821+00:00",,"0","2024","500","0","0","0","True","0","55,4","53,8","78","94,7","100","87,23313638915829","92,13988061132143","1375162368","[23:32:56] [Server thread/INFO]: The game is running, but can't keep up with the target tick rate [23:32:56] [Server thread/INFO]: Target tick rate: 20,0 per second. Average time per tick: 55,4ms (Target: 50,0ms) [23:32:56] [Server thread/INFO]: Percentiles: P50: 53,8ms P95: 78,0ms P99: 94,7ms, sample: 100"
"without-umce","2","2026-09-26T21:32:56.9270648+00:00",,"0","2024","500","0","0","0","True","0","55,8","54,1","78","94,7","100","83,58769466857623","92,13988061132143","1375162368","[23:32:56] [Server thread/INFO]: The game is running, but can't keep up with the target tick rate [23:32:56] [Server thread/INFO]: Target tick rate: 20,0 per second. Average time per tick: 55,8ms (Target: 50,0ms) [23:32:56] [Server thread/INFO]: Percentiles: P50: 54,1ms P95: 78,0ms P99: 94,7ms, sample: 100"
"without-umce","2","2026-09-26T21:32:57.0579106+00:00",,"0","2024","500","0","0","0","True","0","56,3","54,7","78,5","94,7","100","84,0276417330245","92,13988061132143","1375162368","[23:32:57] [Server thread/INFO]: The game is running, but can't keep up with the target tick rate [23:32:57] [Server thread/INFO]: Target tick rate: 20,0 per second. Average time per tick: 56,3ms (Target: 50,0ms) [23:32:57] [Server thread/INFO]: Percentiles: P50: 54,7ms P95: 78,5ms P99: 94,7ms, sample: 100"
"without-umce","2","2026-09-26T21:32:57.1880997+00:00",,"0","2024","500","0","0","0","True","0","56,7","55","79,3","94,7","100","73,86507785182232","92,13988061132143","1375162368","[23:32:57] [Server thread/INFO]: The game is running, but can't keep up with the target tick rate [23:32:57] [Server thread/INFO]: Target tick rate: 20,0 per second. Average time per tick: 56,7ms (Target: 50,0ms) [23:32:57] [Server thread/INFO]: Percentiles: P50: 55,0ms P95: 79,3ms P99: 94,7ms, sample: 100"
"without-umce","2","2026-09-26T21:32:57.3159386+00:00",,"0","2024","500","0","0","0","True","0","57,3","55,8","79,4","94,7","100","77,34293403204596","92,13988061132143","1375162368","[23:32:57] [Server thread/INFO]: The game is running, but can't keep up with the target tick rate [23:32:57] [Server thread/INFO]: Target tick rate: 20,0 per second. Average time per tick: 57,3ms (Target: 50,0ms) [23:32:57] [Server thread/INFO]: Percentiles: P50: 55,8ms P95: 79,4ms P99: 94,7ms, sample: 100"
