"condition","repeat","time_utc","artifact_sha256","umce_tick_profiler_enabled","players_observed","pigs_in_seed_world","villagers_in_seed_world","tnt_in_seed_world","hopper_rows","redstone_clock_pairs","idle_clients","save_all_interval_seconds","tick_mean_ms","tick_p50_ms","tick_p95_ms","tick_p99_ms","tick_sample_count","sample_cpu_percent_one_core","process_cpu_percent_one_core","working_set_bytes","response"
"without-umce","1","2026-09-27T16:02:36.9519416+00:00",,"False","10","0","0","0","0","0","False","15","6","5,8","9,8","10,5","100","25,108266846642724","38,27321185848543","1447641088","[18:02:36] [Server thread/INFO]: The game is running normally [18:02:36] [Server thread/INFO]: Target tick rate: 20,0 per second. Average time per tick: 6,0ms (Target: 50,0ms) [18:02:37] [Server thread/INFO]: Percentiles: P50: 5,8ms P95: 9,8ms P99: 10,5ms, sample: 100"
"without-umce","1","2026-09-27T16:02:37.0959915+00:00",,"False","10","0","0","0","0","0","False","15","6","5,8","9,8","10,5","100","33,601692880168656","38,27321185848543","1447641088","[18:02:37] [Server thread/INFO]: The game is running normally [18:02:37] [Server thread/INFO]: Target tick rate: 20,0 per second. Average time per tick: 6,0ms (Target: 50,0ms) [18:02:37] [Server thread/INFO]: Percentiles: P50: 5,8ms P95: 9,8ms P99: 10,5ms, sample: 100"
"without-umce","1","2026-09-27T16:02:37.2134662+00:00",,"False","10","0","0","0","0","0","False","15","6,1","5,9","9,8","10,5","100","24,96620574390505","38,27321185848543","1447641088","[18:02:37] [Server thread/INFO]: The game is running normally [18:02:37] [Server thread/INFO]: Target tick rate: 20,0 per second. Average time per tick: 6,1ms (Target: 50,0ms) [18:02:37] [Server thread/INFO]: Percentiles: P50: 5,9ms P95: 9,8ms P99: 10,5ms, sample: 100"
"without-umce","1","2026-09-27T16:02:37.3386454+00:00",,"False","10","0","0","0","0","0","False","15","6,1","5,8","9,8","10,5","100","12,609409322812176","38,27321185848543","1447641088","[18:02:37] [Server thread/INFO]: The game is running normally [18:02:37] [Server thread/INFO]: Target tick rate: 20,0 per second. Average time per tick: 6,1ms (Target: 50,0ms) [18:02:37] [Server thread/INFO]: Percentiles: P50: 5,8ms P95: 9,8ms P99: 10,5ms, sample: 100"
"without-umce","1","2026-09-27T16:02:37.4625699+00:00",,"False","10","0","0","0","0","0","False","15","6,1","5,9","9,8","10,5","100","12,539484328252804","38,27321185848543","1447641088","[18:02:37] [Server thread/INFO]: The game is running normally [18:02:37] [Server thread/INFO]: Target tick rate: 20,0 per second. Average time per tick: 6,1ms (Target: 50,0ms) [18:02:37] [Server thread/INFO]: Percentiles: P50: 5,9ms P95: 9,8ms P99: 10,5ms, sample: 100"
"without-umce","1","2026-09-27T16:02:37.5871383+00:00",,"False","10","0","0","0","0","0","False","15","6,1","5,8","9,8","10,5","100","25,042472032567236","38,27321185848543","1447641088","[18:02:37] [Server thread/INFO]: The game is running normally [18:02:37] [Server thread/INFO]: Target tick rate: 20,0 per second. Average time per tick: 6,1ms (Target: 50,0ms) [18:02:37] [Server thread/INFO]: Percentiles: P50: 5,8ms P95: 9,8ms P99: 10,5ms, sample: 100"
"without-umce","1","2026-09-27T16:02:37.7119820+00:00",,"False","10","0","0","0","0","0","False","15","6,1","5,9","9,8","10,5","100","62,29119989794209","38,27321185848543","1447641088","[18:02:37] [Server thread/INFO]: The game is running normally [18:02:37] [Server thread/INFO]: Target tick rate: 20,0 per second. Average time per tick: 6,1ms (Target: 50,0ms) [18:02:37] [Server thread/INFO]: Percentiles: P50: 5,9ms P95: 9,8ms P99: 10,5ms, sample: 100"
"without-umce","1","2026-09-27T16:02:37.8373676+00:00",,"False","10","0","0","0","0","0","False","15","6,2","5,9","9,8","10,5","100","24,784159709918264","38,27321185848543","1447641088","[18:02:37] [Server thread/INFO]: The game is running normally [18:02:37] [Server thread/INFO]: Target tick rate: 20,0 per second. Average time per tick: 6,2ms (Target: 50,0ms) [18:02:37] [Server thread/INFO]: Percentiles: P50: 5,9ms P95: 9,8ms P99: 10,5ms, sample: 100"
"without-umce","1","2026-09-27T16:02:37.9634308+00:00",,"False","10","0","0","0","0","0","False","15","6,2","5,9","9,8","10,5","100","37,09932726553225","38,27321185848543","1447641088","[18:02:38] [Server thread/INFO]: The game is running normally [18:02:38] [Server thread/INFO]: Target tick rate: 20,0 per second. Average time per tick: 6,2ms (Target: 50,0ms) [18:02:38] [Server thread/INFO]: Percentiles: P50: 5,9ms P95: 9,8ms P99: 10,5ms, sample: 100"
"without-umce","1","2026-09-27T16:02:38.0898398+00:00",,"False","10","0","0","0","0","0","False","15","6,2","6","9,8","10,5","100","24,91099798639421","38,27321185848543","1447641088","[18:02:38] [Server thread/INFO]: The game is running normally [18:02:38] [Server thread/INFO]: Target tick rate: 20,0 per second. Average time per tick: 6,2ms (Target: 50,0ms) [18:02:38] [Server thread/INFO]: Percentiles: P50: 6,0ms P95: 9,8ms P99: 10,5ms, sample: 100"
"without-umce","1","2026-09-27T16:02:38.2152491+00:00",,"False","10","0","0","0","0","0","False","15","6,3","6","9,8","10,5","100","75,35828342270491","38,27321185848543","1447641088","[18:02:38] [Server thread/INFO]: The game is running normally [18:02:38] [Server thread/INFO]: Target tick rate: 20,0 per second. Average time per tick: 6,3ms (Target: 50,0ms) [18:02:38] [Server thread/INFO]: Percentiles: P50: 6,0ms P95: 9,8ms P99: 10,5ms, sample: 100"
"without-umce","1","2026-09-27T16:02:38.3396705+00:00",,"False","10","0","0","0","0","0","False","15","6,4","6","9,9","10,5","100","37,84331454959391","38,27321185848543","1447641088","[18:02:38] [Server thread/INFO]: The game is running normally [18:02:38] [Server thread/INFO]: Target tick rate: 20,0 per second. Average time per tick: 6,4ms (Target: 50,0ms) [18:02:38] [Server thread/INFO]: Percentiles: P50: 6,0ms P95: 9,9ms P99: 10,5ms, sample: 100"
"without-umce","1","2026-09-27T16:02:38.4634922+00:00",,"False","10","0","0","0","0","0","False","15","6,4","6,1","9,9","10,5","100","25,333695436286767","38,27321185848543","1447641088","[18:02:38] [Server thread/INFO]: The game is running normally [18:02:38] [Server thread/INFO]: Target tick rate: 20,0 per second. Average time per tick: 6,4ms (Target: 50,0ms) [18:02:38] [Server thread/INFO]: Percentiles: P50: 6,1ms P95: 9,9ms P99: 10,5ms, sample: 100"
"without-umce","1","2026-09-27T16:02:38.5868756+00:00",,"False","10","0","0","0","0","0","False","15","6,4","6,1","9,9","10,5","100","37,329003301675684","38,27321185848543","1447641088","[18:02:38] [Server thread/INFO]: The game is running normally [18:02:38] [Server thread/INFO]: Target tick rate: 20,0 per second. Average time per tick: 6,4ms (Target: 50,0ms) [18:02:38] [Server thread/INFO]: Percentiles: P50: 6,1ms P95: 9,9ms P99: 10,5ms, sample: 100"
"without-umce","1","2026-09-27T16:02:38.7124262+00:00",,"False","10","0","0","0","0","0","False","15","6,4","6,1","9,9","10,5","100","25,353015386237978","38,27321185848543","1447641088","[18:02:38] [Server thread/INFO]: The game is running normally [18:02:38] [Server thread/INFO]: Target tick rate: 20,0 per second. Average time per tick: 6,4ms (Target: 50,0ms) [18:02:38] [Server thread/INFO]: Percentiles: P50: 6,1ms P95: 9,9ms P99: 10,5ms, sample: 100"
"without-umce","1","2026-09-27T16:02:38.8356686+00:00",,"False","10","0","0","0","0","0","False","15","6,4","6,1","9,9","10,5","100","12,513805229929659","38,27321185848543","1447641088","[18:02:38] [Server thread/INFO]: The game is running normally [18:02:38] [Server thread/INFO]: Target tick rate: 20,0 per second. Average time per tick: 6,4ms (Target: 50,0ms) [18:02:38] [Server thread/INFO]: Percentiles: P50: 6,1ms P95: 9,9ms P99: 10,5ms, sample: 100"
"without-umce","1","2026-09-27T16:02:38.9606378+00:00",,"False","10","0","0","0","0","0","False","15","6,4","6,1","9,9","10,5","100","25,064425599561112","38,27321185848543","1447641088","[18:02:38] [Server thread/INFO]: The game is running normally [18:02:38] [Server thread/INFO]: Target tick rate: 20,0 per second. Average time per tick: 6,4ms (Target: 50,0ms) [18:02:38] [Server thread/INFO]: Percentiles: P50: 6,1ms P95: 9,9ms P99: 10,5ms, sample: 100"
"without-umce","1","2026-09-27T16:02:39.0852169+00:00",,"False","10","0","0","0","0","0","False","15","6,5","6,3","9,9","10,5","100","25,186237111698745","38,27321185848543","1447641088","[18:02:39] [Server thread/INFO]: The game is running normally [18:02:39] [Server thread/INFO]: Target tick rate: 20,0 per second. Average time per tick: 6,5ms (Target: 50,0ms) [18:02:39] [Server thread/INFO]: Percentiles: P50: 6,3ms P95: 9,9ms P99: 10,5ms, sample: 100"
"without-umce","1","2026-09-27T16:02:39.2093581+00:00",,"False","10","0","0","0","0","0","False","15","6,6","6,3","9,9","10,5","100","33,430445061743804","38,27321185848543","1447641088","[18:02:39] [Server thread/INFO]: The game is running normally [18:02:39] [Server thread/INFO]: Target tick rate: 20,0 per second. Average time per tick: 6,6ms (Target: 50,0ms) [18:02:39] [Server thread/INFO]: Percentiles: P50: 6,3ms P95: 9,9ms P99: 10,5ms, sample: 100"
"without-umce","1","2026-09-27T16:02:39.3495072+00:00",,"False","10","0","0","0","0","0","False","15","6,6","6,3","10","10,6","100","24,846350170545346","38,27321185848543","1447641088","[18:02:39] [Server thread/INFO]: The game is running normally [18:02:39] [Server thread/INFO]: Target tick rate: 20,0 per second. Average time per tick: 6,6ms (Target: 50,0ms) [18:02:39] [Server thread/INFO]: Percentiles: P50: 6,3ms P95: 10,0ms P99: 10,6ms, sample: 100"
"without-umce","1","2026-09-27T16:02:39.4752464+00:00",,"False","10","0","0","0","0","0","False","15","6,7","6,4","10","10,6","100","62,13197985691154","38,27321185848543","1447641088","[18:02:39] [Server thread/INFO]: The game is running normally [18:02:39] [Server thread/INFO]: Target tick rate: 20,0 per second. Average time per tick: 6,7ms (Target: 50,0ms) [18:02:39] [Server thread/INFO]: Percentiles: P50: 6,4ms P95: 10,0ms P99: 10,6ms, sample: 100"
"without-umce","1","2026-09-27T16:02:39.6010211+00:00",,"False","10","0","0","0","0","0","False","15","6,7","6,5","10","10,6","100","0","38,27321185848543","1447641088","[18:02:39] [Server thread/INFO]: The game is running normally [18:02:39] [Server thread/INFO]: Target tick rate: 20,0 per second. Average time per tick: 6,7ms (Target: 50,0ms) [18:02:39] [Server thread/INFO]: Percentiles: P50: 6,5ms P95: 10,0ms P99: 10,6ms, sample: 100"
"without-umce","1","2026-09-27T16:02:39.7394461+00:00",,"False","10","0","0","0","0","0","False","15","6,8","6,5","10","10,6","100","33,43166104895893","38,27321185848543","1447641088","[18:02:39] [Server thread/INFO]: The game is running normally [18:02:39] [Server thread/INFO]: Target tick rate: 20,0 per second. Average time per tick: 6,8ms (Target: 50,0ms) [18:02:39] [Server thread/INFO]: Percentiles: P50: 6,5ms P95: 10,0ms P99: 10,6ms, sample: 100"
"without-umce","1","2026-09-27T16:02:39.8795506+00:00",,"False","10","0","0","0","0","0","False","15","6,8","6,5","10","10,6","100","12,54443741509925","38,27321185848543","1447641088","[18:02:39] [Server thread/INFO]: The game is running normally [18:02:39] [Server thread/INFO]: Target tick rate: 20,0 per second. Average time per tick: 6,8ms (Target: 50,0ms) [18:02:39] [Server thread/INFO]: Percentiles: P50: 6,5ms P95: 10,0ms P99: 10,6ms, sample: 100"
"without-umce","1","2026-09-27T16:02:40.0041192+00:00",,"False","10","0","0","0","0","0","False","15","6,9","6,5","10","10,6","100","25,37259143064067","38,27321185848543","1447641088","[18:02:40] [Server thread/INFO]: The game is running normally [18:02:40] [Server thread/INFO]: Target tick rate: 20,0 per second. Average time per tick: 6,9ms (Target: 50,0ms) [18:02:40] [Server thread/INFO]: Percentiles: P50: 6,5ms P95: 10,0ms P99: 10,6ms, sample: 100"
"without-umce","1","2026-09-27T16:02:40.1273026+00:00",,"False","10","0","0","0","0","0","False","15","6,8","6,5","9,9","10,6","100","25,003080379502755","38,27321185848543","1447641088","[18:02:40] [Server thread/INFO]: The game is running normally [18:02:40] [Server thread/INFO]: Target tick rate: 20,0 per second. Average time per tick: 6,8ms (Target: 50,0ms) [18:02:40] [Server thread/INFO]: Percentiles: P50: 6,5ms P95: 9,9ms P99: 10,6ms, sample: 100"
"without-umce","1","2026-09-27T16:02:40.2522943+00:00",,"False","10","0","0","0","0","0","False","15","6,9","6,5","9,9","10,6","100","25,63200317590772","38,27321185848543","1447641088","[18:02:40] [Server thread/INFO]: The game is running normally [18:02:40] [Server thread/INFO]: Target tick rate: 20,0 per second. Average time per tick: 6,9ms (Target: 50,0ms) [18:02:40] [Server thread/INFO]: Percentiles: P50: 6,5ms P95: 9,9ms P99: 10,6ms, sample: 100"
"without-umce","1","2026-09-27T16:02:40.3742095+00:00",,"False","10","0","0","0","0","0","False","15","6,9","6,5","9,9","10,6","100","12,455131633802392","38,27321185848543","1447641088","[18:02:40] [Server thread/INFO]: The game is running normally [18:02:40] [Server thread/INFO]: Target tick rate: 20,0 per second. Average time per tick: 6,9ms (Target: 50,0ms) [18:02:40] [Server thread/INFO]: Percentiles: P50: 6,5ms P95: 9,9ms P99: 10,6ms, sample: 100"
"without-umce","1","2026-09-27T16:02:40.4996414+00:00",,"False","10","0","0","0","0","0","False","15","6,9","6,6","9,9","10,6","100","62,8245768940655","38,27321185848543","1447641088","[18:02:40] [Server thread/INFO]: The game is running normally [18:02:40] [Server thread/INFO]: Target tick rate: 20,0 per second. Average time per tick: 6,9ms (Target: 50,0ms) [18:02:40] [Server thread/INFO]: Percentiles: P50: 6,6ms P95: 9,9ms P99: 10,6ms, sample: 100"
"without-umce","1","2026-09-27T16:02:40.6240138+00:00",,"False","10","0","0","0","0","0","False","15","7","6,6","10","10,6","100","12,443585759600277","38,27321185848543","1447641088","[18:02:40] [Server thread/INFO]: The game is running normally [18:02:40] [Server thread/INFO]: Target tick rate: 20,0 per second. Average time per tick: 7,0ms (Target: 50,0ms) [18:02:40] [Server thread/INFO]: Percentiles: P50: 6,6ms P95: 10,0ms P99: 10,6ms, sample: 100"
"without-umce","1","2026-09-27T16:02:40.7495585+00:00",,"False","10","0","0","0","0","0","False","15","7","6,6","10","10,7","100","50,43112560658558","38,27321185848543","1447641088","[18:02:40] [Server thread/INFO]: The game is running normally [18:02:40] [Server thread/INFO]: Target tick rate: 20,0 per second. Average time per tick: 7,0ms (Target: 50,0ms) [18:02:40] [Server thread/INFO]: Percentiles: P50: 6,6ms P95: 10,0ms P99: 10,7ms, sample: 100"
"without-umce","1","2026-09-27T16:02:40.8735424+00:00",,"False","10","0","0","0","0","0","False","15","7,1","6,7","10","10,7","100","0","38,27321185848543","1447641088","[18:02:40] [Server thread/INFO]: The game is running normally [18:02:40] [Server thread/INFO]: Target tick rate: 20,0 per second. Average time per tick: 7,1ms (Target: 50,0ms) [18:02:40] [Server thread/INFO]: Percentiles: P50: 6,7ms P95: 10,0ms P99: 10,7ms, sample: 100"
"without-umce","1","2026-09-27T16:02:40.9963730+00:00",,"False","10","0","0","0","0","0","False","15","7,1","6,7","10","10,7","100","75,41678331129152","38,27321185848543","1447641088","[18:02:40] [Server thread/INFO]: The game is running normally [18:02:40] [Server thread/INFO]: Target tick rate: 20,0 per second. Average time per tick: 7,1ms (Target: 50,0ms) [18:02:40] [Server thread/INFO]: Percentiles: P50: 6,7ms P95: 10,0ms P99: 10,7ms, sample: 100"
"without-umce","1","2026-09-27T16:02:41.1206524+00:00",,"False","10","0","0","0","0","0","False","15","7","6,6","10","10,7","100","0","38,27321185848543","1447641088","[18:02:41] [Server thread/INFO]: The game is running normally [18:02:41] [Server thread/INFO]: Target tick rate: 20,0 per second. Average time per tick: 7,0ms (Target: 50,0ms) [18:02:41] [Server thread/INFO]: Percentiles: P50: 6,6ms P95: 10,0ms P99: 10,7ms, sample: 100"
"without-umce","1","2026-09-27T16:02:41.2460390+00:00",,"False","10","0","0","0","0","0","False","15","7,1","6,6","10","10,7","100","62,460025583626475","38,27321185848543","1447641088","[18:02:41] [Server thread/INFO]: The game is running normally [18:02:41] [Server thread/INFO]: Target tick rate: 20,0 per second. Average time per tick: 7,1ms (Target: 50,0ms) [18:02:41] [Server thread/INFO]: Percentiles: P50: 6,6ms P95: 10,0ms P99: 10,7ms, sample: 100"
"without-umce","1","2026-09-27T16:02:41.3711336+00:00",,"False","10","0","0","0","0","0","False","15","7,1","6,7","10","10,7","100","0","38,27321185848543","1447641088","[18:02:41] [Server thread/INFO]: The game is running normally [18:02:41] [Server thread/INFO]: Target tick rate: 20,0 per second. Average time per tick: 7,1ms (Target: 50,0ms) [18:02:41] [Server thread/INFO]: Percentiles: P50: 6,7ms P95: 10,0ms P99: 10,7ms, sample: 100"
"without-umce","1","2026-09-27T16:02:41.4965267+00:00",,"False","10","0","0","0","0","0","False","15","7,1","6,7","10","10,7","100","24,901985783954355","38,27321185848543","1447641088","[18:02:41] [Server thread/INFO]: The game is running normally [18:02:41] [Server thread/INFO]: Target tick rate: 20,0 per second. Average time per tick: 7,1ms (Target: 50,0ms) [18:02:41] [Server thread/INFO]: Percentiles: P50: 6,7ms P95: 10,0ms P99: 10,7ms, sample: 100"
"without-umce","1","2026-09-27T16:02:41.6219991+00:00",,"False","10","0","0","0","0","0","False","15","7,1","6,7","10","10,7","100","151,15311689819293","38,27321185848543","1447641088","[18:02:41] [Server thread/INFO]: The game is running normally [18:02:41] [Server thread/INFO]: Target tick rate: 20,0 per second. Average time per tick: 7,1ms (Target: 50,0ms) [18:02:41] [Server thread/INFO]: Percentiles: P50: 6,7ms P95: 10,0ms P99: 10,7ms, sample: 100"
"without-umce","1","2026-09-27T16:02:41.7460618+00:00",,"False","10","0","0","0","0","0","False","15","7,1","6,7","10","10,7","100","214,78757357358816","38,27321185848543","1447641088","[18:02:41] [Server thread/INFO]: The game is running normally [18:02:41] [Server thread/INFO]: Target tick rate: 20,0 per second. Average time per tick: 7,1ms (Target: 50,0ms) [18:02:41] [Server thread/INFO]: Percentiles: P50: 6,7ms P95: 10,0ms P99: 10,7ms, sample: 100"
"without-umce","1","2026-09-27T16:02:41.8697647+00:00",,"False","10","0","0","0","0","0","False","15","7,2","6,7","10","10,7","100","165,49506346048244","38,27321185848543","1447641088","[18:02:41] [Server thread/INFO]: The game is running normally [18:02:41] [Server thread/INFO]: Target tick rate: 20,0 per second. Average time per tick: 7,2ms (Target: 50,0ms) [18:02:41] [Server thread/INFO]: Percentiles: P50: 6,7ms P95: 10,0ms P99: 10,7ms, sample: 100"
"without-umce","1","2026-09-27T16:02:41.9924701+00:00",,"False","10","0","0","0","0","0","False","15","7,2","6,7","10,2","10,7","100","24,88826166044925","38,27321185848543","1447641088","[18:02:41] [Server thread/INFO]: The game is running normally [18:02:41] [Server thread/INFO]: Target tick rate: 20,0 per second. Average time per tick: 7,2ms (Target: 50,0ms) [18:02:41] [Server thread/INFO]: Percentiles: P50: 6,7ms P95: 10,2ms P99: 10,7ms, sample: 100"
"without-umce","1","2026-09-27T16:02:42.1180326+00:00",,"False","10","0","0","0","0","0","False","15","7,2","6,7","10,2","10,7","100","0","38,27321185848543","1447641088","[18:02:42] [Server thread/INFO]: The game is running normally [18:02:42] [Server thread/INFO]: Target tick rate: 20,0 per second. Average time per tick: 7,2ms (Target: 50,0ms) [18:02:42] [Server thread/INFO]: Percentiles: P50: 6,7ms P95: 10,2ms P99: 10,7ms, sample: 100"
"without-umce","1","2026-09-27T16:02:42.2427787+00:00",,"False","10","0","0","0","0","0","False","15","7,2","6,7","10,2","10,7","100","24,988345435688792","38,27321185848543","1447641088","[18:02:42] [Server thread/INFO]: The game is running normally [18:02:42] [Server thread/INFO]: Target tick rate: 20,0 per second. Average time per tick: 7,2ms (Target: 50,0ms) [18:02:42] [Server thread/INFO]: Percentiles: P50: 6,7ms P95: 10,2ms P99: 10,7ms, sample: 100"
"without-umce","1","2026-09-27T16:02:42.3678761+00:00",,"False","10","0","0","0","0","0","False","15","7,2","6,7","10,2","10,7","100","0","38,27321185848543","1447641088","[18:02:42] [Server thread/INFO]: The game is running normally [18:02:42] [Server thread/INFO]: Target tick rate: 20,0 per second. Average time per tick: 7,2ms (Target: 50,0ms) [18:02:42] [Server thread/INFO]: Percentiles: P50: 6,7ms P95: 10,2ms P99: 10,7ms, sample: 100"
"without-umce","1","2026-09-27T16:02:42.4922936+00:00",,"False","10","0","0","0","0","0","False","15","7,2","6,7","10,2","10,7","100","87,22249291653674","38,27321185848543","1447641088","[18:02:42] [Server thread/INFO]: The game is running normally [18:02:42] [Server thread/INFO]: Target tick rate: 20,0 per second. Average time per tick: 7,2ms (Target: 50,0ms) [18:02:42] [Server thread/INFO]: Percentiles: P50: 6,7ms P95: 10,2ms P99: 10,7ms, sample: 100"
"without-umce","1","2026-09-27T16:02:42.6177280+00:00",,"False","10","0","0","0","0","0","False","15","7,2","6,7","10,2","10,7","100","0","38,27321185848543","1447641088","[18:02:42] [Server thread/INFO]: The game is running normally [18:02:42] [Server thread/INFO]: Target tick rate: 20,0 per second. Average time per tick: 7,2ms (Target: 50,0ms) [18:02:42] [Server thread/INFO]: Percentiles: P50: 6,7ms P95: 10,2ms P99: 10,7ms, sample: 100"
"without-umce","1","2026-09-27T16:02:42.7536180+00:00",,"False","10","0","0","0","0","0","False","15","7,2","6,7","10,2","10,7","100","38,10768031334879","38,27321185848543","1447641088","[18:02:42] [Server thread/INFO]: The game is running normally [18:02:42] [Server thread/INFO]: Target tick rate: 20,0 per second. Average time per tick: 7,2ms (Target: 50,0ms) [18:02:42] [Server thread/INFO]: Percentiles: P50: 6,7ms P95: 10,2ms P99: 10,7ms, sample: 100"
"without-umce","1","2026-09-27T16:02:42.8765855+00:00",,"False","10","0","0","0","0","0","False","15","7,3","6,8","10,2","10,7","100","0","38,27321185848543","1447641088","[18:02:42] [Server thread/INFO]: The game is running normally [18:02:42] [Server thread/INFO]: Target tick rate: 20,0 per second. Average time per tick: 7,3ms (Target: 50,0ms) [18:02:42] [Server thread/INFO]: Percentiles: P50: 6,8ms P95: 10,2ms P99: 10,7ms, sample: 100"
"without-umce","1","2026-09-27T16:02:42.9995614+00:00",,"False","10","0","0","0","0","0","False","15","7,3","6,8","10,2","10,7","100","86,26203626515156","38,27321185848543","1447641088","[18:02:43] [Server thread/INFO]: The game is running normally [18:02:43] [Server thread/INFO]: Target tick rate: 20,0 per second. Average time per tick: 7,3ms (Target: 50,0ms) [18:02:43] [Server thread/INFO]: Percentiles: P50: 6,8ms P95: 10,2ms P99: 10,7ms, sample: 100"
"without-umce","1","2026-09-27T16:02:43.1263745+00:00",,"False","10","0","0","0","0","0","False","15","7,2","6,8","10,2","10,7","100","25,363468651158566","38,27321185848543","1447641088","[18:02:43] [Server thread/INFO]: The game is running normally [18:02:43] [Server thread/INFO]: Target tick rate: 20,0 per second. Average time per tick: 7,2ms (Target: 50,0ms) [18:02:43] [Server thread/INFO]: Percentiles: P50: 6,8ms P95: 10,2ms P99: 10,7ms, sample: 100"
"without-umce","1","2026-09-27T16:02:43.2495153+00:00",,"False","10","0","0","0","0","0","False","15","7,2","6,7","10,2","10,7","100","12,41499206632347","38,27321185848543","1447641088","[18:02:43] [Server thread/INFO]: The game is running normally [18:02:43] [Server thread/INFO]: Target tick rate: 20,0 per second. Average time per tick: 7,2ms (Target: 50,0ms) [18:02:43] [Server thread/INFO]: Percentiles: P50: 6,7ms P95: 10,2ms P99: 10,7ms, sample: 100"
"without-umce","1","2026-09-27T16:02:43.3754213+00:00",,"False","10","0","0","0","0","0","False","15","7,2","6,8","10,2","10,7","100","12,67782423383344","38,27321185848543","1447641088","[18:02:43] [Server thread/INFO]: The game is running normally [18:02:43] [Server thread/INFO]: Target tick rate: 20,0 per second. Average time per tick: 7,2ms (Target: 50,0ms) [18:02:43] [Server thread/INFO]: Percentiles: P50: 6,8ms P95: 10,2ms P99: 10,7ms, sample: 100"
"without-umce","1","2026-09-27T16:02:43.4986298+00:00",,"False","10","0","0","0","0","0","False","15","7,2","6,8","10,2","10,7","100","50,37076915761538","38,27321185848543","1447641088","[18:02:43] [Server thread/INFO]: The game is running normally [18:02:43] [Server thread/INFO]: Target tick rate: 20,0 per second. Average time per tick: 7,2ms (Target: 50,0ms) [18:02:43] [Server thread/INFO]: Percentiles: P50: 6,8ms P95: 10,2ms P99: 10,7ms, sample: 100"
"without-umce","1","2026-09-27T16:02:43.6227473+00:00",,"False","10","0","0","0","0","0","False","15","7,2","6,8","10,2","10,7","100","49,48621432835726","38,27321185848543","1447641088","[18:02:43] [Server thread/INFO]: The game is running normally [18:02:43] [Server thread/INFO]: Target tick rate: 20,0 per second. Average time per tick: 7,2ms (Target: 50,0ms) [18:02:43] [Server thread/INFO]: Percentiles: P50: 6,8ms P95: 10,2ms P99: 10,7ms, sample: 100"
"without-umce","1","2026-09-27T16:02:43.7490327+00:00",,"False","10","0","0","0","0","0","False","15","7,2","6,8","10,2","10,7","100","49,8840296079674","38,27321185848543","1447641088","[18:02:43] [Server thread/INFO]: The game is running normally [18:02:43] [Server thread/INFO]: Target tick rate: 20,0 per second. Average time per tick: 7,2ms (Target: 50,0ms) [18:02:43] [Server thread/INFO]: Percentiles: P50: 6,8ms P95: 10,2ms P99: 10,7ms, sample: 100"
"without-umce","1","2026-09-27T16:02:43.8743211+00:00",,"False","10","0","0","0","0","0","False","15","7,3","6,9","10,2","10,7","100","12,694190650901227","38,27321185848543","1447641088","[18:02:43] [Server thread/INFO]: The game is running normally [18:02:43] [Server thread/INFO]: Target tick rate: 20,0 per second. Average time per tick: 7,3ms (Target: 50,0ms) [18:02:43] [Server thread/INFO]: Percentiles: P50: 6,9ms P95: 10,2ms P99: 10,7ms, sample: 100"
"without-umce","1","2026-09-27T16:02:43.9974775+00:00",,"False","10","0","0","0","0","0","False","15","7,3","6,9","10,2","10,7","100","25,597213712570728","38,27321185848543","1447641088","[18:02:43] [Server thread/INFO]: The game is running normally [18:02:43] [Server thread/INFO]: Target tick rate: 20,0 per second. Average time per tick: 7,3ms (Target: 50,0ms) [18:02:43] [Server thread/INFO]: Percentiles: P50: 6,9ms P95: 10,2ms P99: 10,7ms, sample: 100"
"without-umce","1","2026-09-27T16:02:44.1195088+00:00",,"False","10","0","0","0","0","0","False","15","7,3","6,8","10,2","10,7","100","12,546935576604964","38,27321185848543","1447641088","[18:02:44] [Server thread/INFO]: The game is running normally [18:02:44] [Server thread/INFO]: Target tick rate: 20,0 per second. Average time per tick: 7,3ms (Target: 50,0ms) [18:02:44] [Server thread/INFO]: Percentiles: P50: 6,8ms P95: 10,2ms P99: 10,7ms, sample: 100"
"without-umce","1","2026-09-27T16:02:44.2440076+00:00",,"False","10","0","0","0","0","0","False","15","7,2","6,7","10,2","10,7","100","50,82850462539392","38,27321185848543","1447641088","[18:02:44] [Server thread/INFO]: The game is running normally [18:02:44] [Server thread/INFO]: Target tick rate: 20,0 per second. Average time per tick: 7,2ms (Target: 50,0ms) [18:02:44] [Server thread/INFO]: Percentiles: P50: 6,7ms P95: 10,2ms P99: 10,7ms, sample: 100"
"without-umce","1","2026-09-27T16:02:44.3669656+00:00",,"False","10","0","0","0","0","0","False","15","7,1","6,7","10,2","10,7","100","0","38,27321185848543","1447641088","[18:02:44] [Server thread/INFO]: The game is running normally [18:02:44] [Server thread/INFO]: Target tick rate: 20,0 per second. Average time per tick: 7,1ms (Target: 50,0ms) [18:02:44] [Server thread/INFO]: Percentiles: P50: 6,7ms P95: 10,2ms P99: 10,7ms, sample: 100"
"without-umce","1","2026-09-27T16:02:44.4906110+00:00",,"False","10","0","0","0","0","0","False","15","7,1","6,7","10,2","10,7","100","132,27905165444056","38,27321185848543","1447641088","[18:02:44] [Server thread/INFO]: The game is running normally [18:02:44] [Server thread/INFO]: Target tick rate: 20,0 per second. Average time per tick: 7,1ms (Target: 50,0ms) [18:02:44] [Server thread/INFO]: Percentiles: P50: 6,7ms P95: 10,2ms P99: 10,7ms, sample: 100"
"without-umce","1","2026-09-27T16:02:44.6323595+00:00",,"False","10","0","0","0","0","0","False","15","7,1","6,7","10,2","10,7","100","100,8689976221815","38,27321185848543","1447641088","[18:02:44] [Server thread/INFO]: The game is running normally [18:02:44] [Server thread/INFO]: Target tick rate: 20,0 per second. Average time per tick: 7,1ms (Target: 50,0ms) [18:02:44] [Server thread/INFO]: Percentiles: P50: 6,7ms P95: 10,2ms P99: 10,7ms, sample: 100"
"without-umce","1","2026-09-27T16:02:44.7717748+00:00",,"False","10","0","0","0","0","0","False","15","7,1","6,7","10,2","10,7","100","111,59303430923377","38,27321185848543","1447641088","[18:02:44] [Server thread/INFO]: The game is running normally [18:02:44] [Server thread/INFO]: Target tick rate: 20,0 per second. Average time per tick: 7,1ms (Target: 50,0ms) [18:02:44] [Server thread/INFO]: Percentiles: P50: 6,7ms P95: 10,2ms P99: 10,7ms, sample: 100"
"without-umce","1","2026-09-27T16:02:44.9118093+00:00",,"False","10","0","0","0","0","0","False","15","7,1","6,7","10,2","10,7","100","44,893394350040616","38,27321185848543","1447641088","[18:02:44] [Server thread/INFO]: The game is running normally [18:02:44] [Server thread/INFO]: Target tick rate: 20,0 per second. Average time per tick: 7,1ms (Target: 50,0ms) [18:02:44] [Server thread/INFO]: Percentiles: P50: 6,7ms P95: 10,2ms P99: 10,7ms, sample: 100"
"without-umce","1","2026-09-27T16:02:45.0509872+00:00",,"False","10","0","0","0","0","0","False","15","7,1","6,7","10,2","10,7","100","24,92085137602973","38,27321185848543","1447641088","[18:02:45] [Server thread/INFO]: The game is running normally [18:02:45] [Server thread/INFO]: Target tick rate: 20,0 per second. Average time per tick: 7,1ms (Target: 50,0ms) [18:02:45] [Server thread/INFO]: Percentiles: P50: 6,7ms P95: 10,2ms P99: 10,7ms, sample: 100"
"without-umce","1","2026-09-27T16:02:45.1763796+00:00",,"False","10","0","0","0","0","0","False","15","7,2","6,8","10,2","14,7","100","38,07456034543678","38,27321185848543","1447641088","[18:02:45] [Server thread/INFO]: The game is running normally [18:02:45] [Server thread/INFO]: Target tick rate: 20,0 per second. Average time per tick: 7,2ms (Target: 50,0ms) [18:02:45] [Server thread/INFO]: Percentiles: P50: 6,8ms P95: 10,2ms P99: 14,7ms, sample: 100"
"without-umce","1","2026-09-27T16:02:45.2994962+00:00",,"False","10","0","0","0","0","0","False","15","7,2","6,8","10,2","14,7","100","24,611783570669683","38,27321185848543","1447641088","[18:02:45] [Server thread/INFO]: The game is running normally [18:02:45] [Server thread/INFO]: Target tick rate: 20,0 per second. Average time per tick: 7,2ms (Target: 50,0ms) [18:02:45] [Server thread/INFO]: Percentiles: P50: 6,8ms P95: 10,2ms P99: 14,7ms, sample: 100"
"without-umce","1","2026-09-27T16:02:45.4264958+00:00",,"False","10","0","0","0","0","0","False","15","7,2","6,8","10,2","14,7","100","38,07536444723506","38,27321185848543","1447641088","[18:02:45] [Server thread/INFO]: The game is running normally [18:02:45] [Server thread/INFO]: Target tick rate: 20,0 per second. Average time per tick: 7,2ms (Target: 50,0ms) [18:02:45] [Server thread/INFO]: Percentiles: P50: 6,8ms P95: 10,2ms P99: 14,7ms, sample: 100"
"without-umce","1","2026-09-27T16:02:45.5495693+00:00",,"False","10","0","0","0","0","0","False","15","7,1","6,7","10,2","14,7","100","50,68370287834776","38,27321185848543","1447641088","[18:02:45] [Server thread/INFO]: The game is running normally [18:02:45] [Server thread/INFO]: Target tick rate: 20,0 per second. Average time per tick: 7,1ms (Target: 50,0ms) [18:02:45] [Server thread/INFO]: Percentiles: P50: 6,7ms P95: 10,2ms P99: 14,7ms, sample: 100"
"without-umce","1","2026-09-27T16:02:45.6729188+00:00",,"False","10","0","0","0","0","0","False","15","7,1","6,7","10,2","14,7","100","50,485427482328085","38,27321185848543","1447641088","[18:02:45] [Server thread/INFO]: The game is running normally [18:02:45] [Server thread/INFO]: Target tick rate: 20,0 per second. Average time per tick: 7,1ms (Target: 50,0ms) [18:02:45] [Server thread/INFO]: Percentiles: P50: 6,7ms P95: 10,2ms P99: 14,7ms, sample: 100"
"without-umce","1","2026-09-27T16:02:45.7966806+00:00",,"False","10","0","0","0","0","0","False","15","7","6,7","10","14,7","100","25,24752675227935","38,27321185848543","1447641088","[18:02:45] [Server thread/INFO]: The game is running normally [18:02:45] [Server thread/INFO]: Target tick rate: 20,0 per second. Average time per tick: 7,0ms (Target: 50,0ms) [18:02:45] [Server thread/INFO]: Percentiles: P50: 6,7ms P95: 10,0ms P99: 14,7ms, sample: 100"
"without-umce","1","2026-09-27T16:02:45.9204922+00:00",,"False","10","0","0","0","0","0","False","15","7","6,7","10","14,7","100","12,814204289170458","38,27321185848543","1447641088","[18:02:45] [Server thread/INFO]: The game is running normally [18:02:45] [Server thread/INFO]: Target tick rate: 20,0 per second. Average time per tick: 7,0ms (Target: 50,0ms) [18:02:45] [Server thread/INFO]: Percentiles: P50: 6,7ms P95: 10,0ms P99: 14,7ms, sample: 100"
"without-umce","1","2026-09-27T16:02:46.0424693+00:00",,"False","10","0","0","0","0","0","False","15","7","6,7","10","14,7","100","49,83892060859303","38,27321185848543","1447641088","[18:02:46] [Server thread/INFO]: The game is running normally [18:02:46] [Server thread/INFO]: Target tick rate: 20,0 per second. Average time per tick: 7,0ms (Target: 50,0ms) [18:02:46] [Server thread/INFO]: Percentiles: P50: 6,7ms P95: 10,0ms P99: 14,7ms, sample: 100"
"without-umce","1","2026-09-27T16:02:46.1678069+00:00",,"False","10","0","0","0","0","0","False","15","7,1","6,7","10,2","14,7","100","25,017992940522827","38,27321185848543","1447641088","[18:02:46] [Server thread/INFO]: The game is running normally [18:02:46] [Server thread/INFO]: Target tick rate: 20,0 per second. Average time per tick: 7,1ms (Target: 50,0ms) [18:02:46] [Server thread/INFO]: Percentiles: P50: 6,7ms P95: 10,2ms P99: 14,7ms, sample: 100"
"without-umce","1","2026-09-27T16:02:46.2927514+00:00",,"False","10","0","0","0","0","0","False","15","7","6,7","10,2","14,7","100","12,645882905194322","38,27321185848543","1447641088","[18:02:46] [Server thread/INFO]: The game is running normally [18:02:46] [Server thread/INFO]: Target tick rate: 20,0 per second. Average time per tick: 7,0ms (Target: 50,0ms) [18:02:46] [Server thread/INFO]: Percentiles: P50: 6,7ms P95: 10,2ms P99: 14,7ms, sample: 100"
"without-umce","1","2026-09-27T16:02:46.4162630+00:00",,"False","10","0","0","0","0","0","False","15","7","6,7","10","14,7","100","0","38,27321185848543","1447641088","[18:02:46] [Server thread/INFO]: The game is running normally [18:02:46] [Server thread/INFO]: Target tick rate: 20,0 per second. Average time per tick: 7,0ms (Target: 50,0ms) [18:02:46] [Server thread/INFO]: Percentiles: P50: 6,7ms P95: 10,0ms P99: 14,7ms, sample: 100"
"without-umce","1","2026-09-27T16:02:46.5418319+00:00",,"False","10","0","0","0","0","0","False","15","6,9","6,6","10","14,7","100","37,489383006732496","38,27321185848543","1447641088","[18:02:46] [Server thread/INFO]: The game is running normally [18:02:46] [Server thread/INFO]: Target tick rate: 20,0 per second. Average time per tick: 6,9ms (Target: 50,0ms) [18:02:46] [Server thread/INFO]: Percentiles: P50: 6,6ms P95: 10,0ms P99: 14,7ms, sample: 100"
"without-umce","1","2026-09-27T16:02:46.6668104+00:00",,"False","10","0","0","0","0","0","False","15","6,9","6,6","10","14,7","100","12,48998802559868","38,27321185848543","1447641088","[18:02:46] [Server thread/INFO]: The game is running normally [18:02:46] [Server thread/INFO]: Target tick rate: 20,0 per second. Average time per tick: 6,9ms (Target: 50,0ms) [18:02:46] [Server thread/INFO]: Percentiles: P50: 6,6ms P95: 10,0ms P99: 14,7ms, sample: 100"
"without-umce","1","2026-09-27T16:02:46.7919504+00:00",,"False","10","0","0","0","0","0","False","15","6,9","6,6","10","14,7","100","25,122073177986472","38,27321185848543","1447641088","[18:02:46] [Server thread/INFO]: The game is running normally [18:02:46] [Server thread/INFO]: Target tick rate: 20,0 per second. Average time per tick: 6,9ms (Target: 50,0ms) [18:02:46] [Server thread/INFO]: Percentiles: P50: 6,6ms P95: 10,0ms P99: 14,7ms, sample: 100"
"without-umce","1","2026-09-27T16:02:46.9163061+00:00",,"False","10","0","0","0","0","0","False","15","6,9","6,6","9,9","14,7","100","0","38,27321185848543","1447641088","[18:02:46] [Server thread/INFO]: The game is running normally [18:02:46] [Server thread/INFO]: Target tick rate: 20,0 per second. Average time per tick: 6,9ms (Target: 50,0ms) [18:02:46] [Server thread/INFO]: Percentiles: P50: 6,6ms P95: 9,9ms P99: 14,7ms, sample: 100"
"without-umce","1","2026-09-27T16:02:47.0422212+00:00",,"False","10","0","0","0","0","0","False","15","6,9","6,6","9,9","14,7","100","62,439159283194456","38,27321185848543","1447641088","[18:02:47] [Server thread/INFO]: The game is running normally [18:02:47] [Server thread/INFO]: Target tick rate: 20,0 per second. Average time per tick: 6,9ms (Target: 50,0ms) [18:02:47] [Server thread/INFO]: Percentiles: P50: 6,6ms P95: 9,9ms P99: 14,7ms, sample: 100"
"without-umce","1","2026-09-27T16:02:47.1673055+00:00",,"False","10","0","0","0","0","0","False","15","6,9","6,6","9,5","14,7","100","37,816844651225836","38,27321185848543","1447641088","[18:02:47] [Server thread/INFO]: The game is running normally [18:02:47] [Server thread/INFO]: Target tick rate: 20,0 per second. Average time per tick: 6,9ms (Target: 50,0ms) [18:02:47] [Server thread/INFO]: Percentiles: P50: 6,6ms P95: 9,5ms P99: 14,7ms, sample: 100"
"without-umce","1","2026-09-27T16:02:47.2912999+00:00",,"False","10","0","0","0","0","0","False","15","6,9","6,6","9,9","14,7","100","37,84982320599913","38,27321185848543","1447641088","[18:02:47] [Server thread/INFO]: The game is running normally [18:02:47] [Server thread/INFO]: Target tick rate: 20,0 per second. Average time per tick: 6,9ms (Target: 50,0ms) [18:02:47] [Server thread/INFO]: Percentiles: P50: 6,6ms P95: 9,9ms P99: 14,7ms, sample: 100"
"without-umce","1","2026-09-27T16:02:47.4151359+00:00",,"False","10","0","0","0","0","0","False","15","7","6,7","9,9","14,7","100","25,34020748967336","38,27321185848543","1447641088","[18:02:47] [Server thread/INFO]: The game is running normally [18:02:47] [Server thread/INFO]: Target tick rate: 20,0 per second. Average time per tick: 7,0ms (Target: 50,0ms) [18:02:47] [Server thread/INFO]: Percentiles: P50: 6,7ms P95: 9,9ms P99: 14,7ms, sample: 100"
"without-umce","1","2026-09-27T16:02:47.5384556+00:00",,"False","10","0","0","0","0","0","False","15","7","6,7","9,9","14,7","100","61,66524984588621","38,27321185848543","1447641088","[18:02:47] [Server thread/INFO]: The game is running normally [18:02:47] [Server thread/INFO]: Target tick rate: 20,0 per second. Average time per tick: 7,0ms (Target: 50,0ms) [18:02:47] [Server thread/INFO]: Percentiles: P50: 6,7ms P95: 9,9ms P99: 14,7ms, sample: 100"
"without-umce","1","2026-09-27T16:02:47.6651603+00:00",,"False","10","0","0","0","0","0","False","15","7","6,7","9,9","14,7","100","38,10309580032759","38,27321185848543","1447641088","[18:02:47] [Server thread/INFO]: The game is running normally [18:02:47] [Server thread/INFO]: Target tick rate: 20,0 per second. Average time per tick: 7,0ms (Target: 50,0ms) [18:02:47] [Server thread/INFO]: Percentiles: P50: 6,7ms P95: 9,9ms P99: 14,7ms, sample: 100"
"without-umce","1","2026-09-27T16:02:47.7881642+00:00",,"False","10","0","0","0","0","0","False","15","7","6,7","10","14,7","100","22,843133098347543","38,27321185848543","1447641088","[18:02:47] [Server thread/INFO]: The game is running normally [18:02:47] [Server thread/INFO]: Target tick rate: 20,0 per second. Average time per tick: 7,0ms (Target: 50,0ms) [18:02:47] [Server thread/INFO]: Percentiles: P50: 6,7ms P95: 10,0ms P99: 14,7ms, sample: 100"
"without-umce","1","2026-09-27T16:02:47.9249541+00:00",,"False","10","0","0","0","0","0","False","15","7","6,6","10,1","14,7","100","25,089720841730028","38,27321185848543","1447641088","[18:02:47] [Server thread/INFO]: The game is running normally [18:02:47] [Server thread/INFO]: Target tick rate: 20,0 per second. Average time per tick: 7,0ms (Target: 50,0ms) [18:02:47] [Server thread/INFO]: Percentiles: P50: 6,6ms P95: 10,1ms P99: 14,7ms, sample: 100"
"without-umce","1","2026-09-27T16:02:48.0494879+00:00",,"False","10","0","0","0","0","0","False","15","7","6,6","10,1","14,7","100","12,683937386402658","38,27321185848543","1447641088","[18:02:48] [Server thread/INFO]: The game is running normally [18:02:48] [Server thread/INFO]: Target tick rate: 20,0 per second. Average time per tick: 7,0ms (Target: 50,0ms) [18:02:48] [Server thread/INFO]: Percentiles: P50: 6,6ms P95: 10,1ms P99: 14,7ms, sample: 100"
"without-umce","1","2026-09-27T16:02:48.1726679+00:00",,"False","10","0","0","0","0","0","False","15","7","6,6","10,1","14,7","100","12,355226399145375","38,27321185848543","1447641088","[18:02:48] [Server thread/INFO]: The game is running normally [18:02:48] [Server thread/INFO]: Target tick rate: 20,0 per second. Average time per tick: 7,0ms (Target: 50,0ms) [18:02:48] [Server thread/INFO]: Percentiles: P50: 6,6ms P95: 10,1ms P99: 14,7ms, sample: 100"
"without-umce","1","2026-09-27T16:02:48.2991698+00:00",,"False","10","0","0","0","0","0","False","15","7","6,6","10,1","14,7","100","12,410958817062864","38,27321185848543","1447641088","[18:02:48] [Server thread/INFO]: The game is running normally [18:02:48] [Server thread/INFO]: Target tick rate: 20,0 per second. Average time per tick: 7,0ms (Target: 50,0ms) [18:02:48] [Server thread/INFO]: Percentiles: P50: 6,6ms P95: 10,1ms P99: 14,7ms, sample: 100"
"without-umce","1","2026-09-27T16:02:48.4251168+00:00",,"False","10","0","0","0","0","0","False","15","7","6,6","10,1","14,7","100","12,432872435148148","38,27321185848543","1447641088","[18:02:48] [Server thread/INFO]: The game is running normally [18:02:48] [Server thread/INFO]: Target tick rate: 20,0 per second. Average time per tick: 7,0ms (Target: 50,0ms) [18:02:48] [Server thread/INFO]: Percentiles: P50: 6,6ms P95: 10,1ms P99: 14,7ms, sample: 100"
"without-umce","1","2026-09-27T16:02:48.5507322+00:00",,"False","10","0","0","0","0","0","False","15","7,1","6,6","10,1","14,7","100","49,824418748330885","38,27321185848543","1447641088","[18:02:48] [Server thread/INFO]: The game is running normally [18:02:48] [Server thread/INFO]: Target tick rate: 20,0 per second. Average time per tick: 7,1ms (Target: 50,0ms) [18:02:48] [Server thread/INFO]: Percentiles: P50: 6,6ms P95: 10,1ms P99: 14,7ms, sample: 100"
"without-umce","1","2026-09-27T16:02:48.6761508+00:00",,"False","10","0","0","0","0","0","False","15","7,1","6,6","10,1","14,7","100","38,325312611909915","38,27321185848543","1447641088","[18:02:48] [Server thread/INFO]: The game is running normally [18:02:48] [Server thread/INFO]: Target tick rate: 20,0 per second. Average time per tick: 7,1ms (Target: 50,0ms) [18:02:48] [Server thread/INFO]: Percentiles: P50: 6,6ms P95: 10,1ms P99: 14,7ms, sample: 100"
"without-umce","1","2026-09-27T16:02:48.7984697+00:00",,"False","10","0","0","0","0","0","False","15","7,1","6,6","10,1","14,7","100","12,544588485312195","38,27321185848543","1447641088","[18:02:48] [Server thread/INFO]: The game is running normally [18:02:48] [Server thread/INFO]: Target tick rate: 20,0 per second. Average time per tick: 7,1ms (Target: 50,0ms) [18:02:48] [Server thread/INFO]: Percentiles: P50: 6,6ms P95: 10,1ms P99: 14,7ms, sample: 100"
"without-umce","1","2026-09-27T16:02:48.9230784+00:00",,"False","10","0","0","0","0","0","False","15","7","6,6","10,1","14,7","100","38,23512378391914","38,27321185848543","1447641088","[18:02:48] [Server thread/INFO]: The game is running normally [18:02:48] [Server thread/INFO]: Target tick rate: 20,0 per second. Average time per tick: 7,0ms (Target: 50,0ms) [18:02:48] [Server thread/INFO]: Percentiles: P50: 6,6ms P95: 10,1ms P99: 14,7ms, sample: 100"
"without-umce","1","2026-09-27T16:02:49.0456234+00:00",,"False","10","0","0","0","0","0","False","15","7,1","6,7","10,4","14,7","100","24,896490351713716","38,27321185848543","1447641088","[18:02:49] [Server thread/INFO]: The game is running normally [18:02:49] [Server thread/INFO]: Target tick rate: 20,0 per second. Average time per tick: 7,1ms (Target: 50,0ms) [18:02:49] [Server thread/INFO]: Percentiles: P50: 6,7ms P95: 10,4ms P99: 14,7ms, sample: 100"
"without-umce","1","2026-09-27T16:02:49.1711539+00:00",,"False","10","0","0","0","0","0","False","15","7,1","6,7","10,4","14,7","100","50,19132934747257","38,27321185848543","1447641088","[18:02:49] [Server thread/INFO]: The game is running normally [18:02:49] [Server thread/INFO]: Target tick rate: 20,0 per second. Average time per tick: 7,1ms (Target: 50,0ms) [18:02:49] [Server thread/INFO]: Percentiles: P50: 6,7ms P95: 10,4ms P99: 14,7ms, sample: 100"
"without-umce","1","2026-09-27T16:02:49.2956729+00:00",,"False","10","0","0","0","0","0","False","15","7,2","6,7","10,4","14,7","100","50,4675312091213","38,27321185848543","1447641088","[18:02:49] [Server thread/INFO]: The game is running normally [18:02:49] [Server thread/INFO]: Target tick rate: 20,0 per second. Average time per tick: 7,2ms (Target: 50,0ms) [18:02:49] [Server thread/INFO]: Percentiles: P50: 6,7ms P95: 10,4ms P99: 14,7ms, sample: 100"
"without-umce","1","2026-09-27T16:02:49.4194983+00:00",,"False","10","0","0","0","0","0","False","15","7,2","6,7","10,7","14,7","100","25,074340404431055","38,27321185848543","1447641088","[18:02:49] [Server thread/INFO]: The game is running normally [18:02:49] [Server thread/INFO]: Target tick rate: 20,0 per second. Average time per tick: 7,2ms (Target: 50,0ms) [18:02:49] [Server thread/INFO]: Percentiles: P50: 6,7ms P95: 10,7ms P99: 14,7ms, sample: 100"
"without-umce","1","2026-09-27T16:02:49.5441205+00:00",,"False","10","0","0","0","0","0","False","15","7,2","6,7","10,7","14,7","100","37,34170106086279","38,27321185848543","1447641088","[18:02:49] [Server thread/INFO]: The game is running normally [18:02:49] [Server thread/INFO]: Target tick rate: 20,0 per second. Average time per tick: 7,2ms (Target: 50,0ms) [18:02:49] [Server thread/INFO]: Percentiles: P50: 6,7ms P95: 10,7ms P99: 14,7ms, sample: 100"
"without-umce","1","2026-09-27T16:02:49.6696538+00:00",,"False","10","0","0","0","0","0","False","15","7,2","6,6","10,7","14,7","100","74,30992828200202","38,27321185848543","1447641088","[18:02:49] [Server thread/INFO]: The game is running normally [18:02:49] [Server thread/INFO]: Target tick rate: 20,0 per second. Average time per tick: 7,2ms (Target: 50,0ms) [18:02:49] [Server thread/INFO]: Percentiles: P50: 6,6ms P95: 10,7ms P99: 14,7ms, sample: 100"
"without-umce","1","2026-09-27T16:02:49.7958387+00:00",,"False","10","0","0","0","0","0","False","15","7,1","6,6","10,7","14,7","100","416,87957001070447","38,27321185848543","1447641088","[18:02:49] [Server thread/INFO]: The game is running normally [18:02:49] [Server thread/INFO]: Target tick rate: 20,0 per second. Average time per tick: 7,1ms (Target: 50,0ms) [18:02:49] [Server thread/INFO]: Percentiles: P50: 6,6ms P95: 10,7ms P99: 14,7ms, sample: 100"
"without-umce","1","2026-09-27T16:02:49.9195008+00:00",,"False","10","0","0","0","0","0","False","15","7,1","6,6","10,7","14,7","100","189,36807821800497","38,27321185848543","1447641088","[18:02:49] [Server thread/INFO]: The game is running normally [18:02:49] [Server thread/INFO]: Target tick rate: 20,0 per second. Average time per tick: 7,1ms (Target: 50,0ms) [18:02:49] [Server thread/INFO]: Percentiles: P50: 6,6ms P95: 10,7ms P99: 14,7ms, sample: 100"
"without-umce","1","2026-09-27T16:02:50.0432628+00:00",,"False","10","0","0","0","0","0","False","15","7,1","6,6","10,7","14,7","100","127,20305515280242","38,27321185848543","1447641088","[18:02:50] [Server thread/INFO]: The game is running normally [18:02:50] [Server thread/INFO]: Target tick rate: 20,0 per second. Average time per tick: 7,1ms (Target: 50,0ms) [18:02:50] [Server thread/INFO]: Percentiles: P50: 6,6ms P95: 10,7ms P99: 14,7ms, sample: 100"
"without-umce","1","2026-09-27T16:02:50.1661033+00:00",,"False","10","0","0","0","0","0","False","15","7,1","6,6","10,4","12,4","100","75,53734243917532","38,27321185848543","1447641088","[18:02:50] [Server thread/INFO]: The game is running normally [18:02:50] [Server thread/INFO]: Target tick rate: 20,0 per second. Average time per tick: 7,1ms (Target: 50,0ms) [18:02:50] [Server thread/INFO]: Percentiles: P50: 6,6ms P95: 10,4ms P99: 12,4ms, sample: 100"
"without-umce","1","2026-09-27T16:02:50.2902527+00:00",,"False","10","0","0","0","0","0","False","15","7,1","6,6","10,4","12,4","100","24,97372763852427","38,27321185848543","1447641088","[18:02:50] [Server thread/INFO]: The game is running normally [18:02:50] [Server thread/INFO]: Target tick rate: 20,0 per second. Average time per tick: 7,1ms (Target: 50,0ms) [18:02:50] [Server thread/INFO]: Percentiles: P50: 6,6ms P95: 10,4ms P99: 12,4ms, sample: 100"
"without-umce","1","2026-09-27T16:02:50.4153441+00:00",,"False","10","0","0","0","0","0","False","15","7","6,6","10,4","12,4","100","0","38,27321185848543","1447641088","[18:02:50] [Server thread/INFO]: The game is running normally [18:02:50] [Server thread/INFO]: Target tick rate: 20,0 per second. Average time per tick: 7,0ms (Target: 50,0ms) [18:02:50] [Server thread/INFO]: Percentiles: P50: 6,6ms P95: 10,4ms P99: 12,4ms, sample: 100"
"without-umce","1","2026-09-27T16:02:50.5382326+00:00",,"False","10","0","0","0","0","0","False","15","7","6,6","10,4","12,4","100","37,573855169721604","38,27321185848543","1447641088","[18:02:50] [Server thread/INFO]: The game is running normally [18:02:50] [Server thread/INFO]: Target tick rate: 20,0 per second. Average time per tick: 7,0ms (Target: 50,0ms) [18:02:50] [Server thread/INFO]: Percentiles: P50: 6,6ms P95: 10,4ms P99: 12,4ms, sample: 100"
"without-umce","1","2026-09-27T16:02:50.6629948+00:00",,"False","10","0","0","0","0","0","False","15","7,1","6,6","10,7","16,3","100","0","38,27321185848543","1447641088","[18:02:50] [Server thread/INFO]: The game is running normally [18:02:50] [Server thread/INFO]: Target tick rate: 20,0 per second. Average time per tick: 7,1ms (Target: 50,0ms) [18:02:50] [Server thread/INFO]: Percentiles: P50: 6,6ms P95: 10,7ms P99: 16,3ms, sample: 100"
"without-umce","1","2026-09-27T16:02:50.7885819+00:00",,"False","10","0","0","0","0","0","False","15","7,1","6,6","10,7","16,3","100","33,99079076175628","38,27321185848543","1447641088","[18:02:50] [Server thread/INFO]: The game is running normally [18:02:50] [Server thread/INFO]: Target tick rate: 20,0 per second. Average time per tick: 7,1ms (Target: 50,0ms) [18:02:50] [Server thread/INFO]: Percentiles: P50: 6,6ms P95: 10,7ms P99: 16,3ms, sample: 100"
"without-umce","1","2026-09-27T16:02:50.9264878+00:00",,"False","10","0","0","0","0","0","False","15","7,1","6,6","10,7","16,3","100","62,646693497493736","38,27321185848543","1447641088","[18:02:50] [Server thread/INFO]: The game is running normally [18:02:50] [Server thread/INFO]: Target tick rate: 20,0 per second. Average time per tick: 7,1ms (Target: 50,0ms) [18:02:50] [Server thread/INFO]: Percentiles: P50: 6,6ms P95: 10,7ms P99: 16,3ms, sample: 100"
"without-umce","1","2026-09-27T16:02:51.0511993+00:00",,"False","10","0","0","0","0","0","False","15","7","6,6","10,7","16,3","100","12,510258411897757","38,27321185848543","1447641088","[18:02:51] [Server thread/INFO]: The game is running normally [18:02:51] [Server thread/INFO]: Target tick rate: 20,0 per second. Average time per tick: 7,0ms (Target: 50,0ms) [18:02:51] [Server thread/INFO]: Percentiles: P50: 6,6ms P95: 10,7ms P99: 16,3ms, sample: 100"
"without-umce","1","2026-09-27T16:02:51.1760804+00:00",,"False","10","0","0","0","0","0","False","15","7","6,6","10,4","16,3","100","25,5885782412745","38,27321185848543","1447641088","[18:02:51] [Server thread/INFO]: The game is running normally [18:02:51] [Server thread/INFO]: Target tick rate: 20,0 per second. Average time per tick: 7,0ms (Target: 50,0ms) [18:02:51] [Server thread/INFO]: Percentiles: P50: 6,6ms P95: 10,4ms P99: 16,3ms, sample: 100"
"without-umce","1","2026-09-27T16:02:51.2982029+00:00",,"False","10","0","0","0","0","0","False","15","7,1","6,6","10,4","16,3","100","12,619073578284695","38,27321185848543","1447641088","[18:02:51] [Server thread/INFO]: The game is running normally [18:02:51] [Server thread/INFO]: Target tick rate: 20,0 per second. Average time per tick: 7,1ms (Target: 50,0ms) [18:02:51] [Server thread/INFO]: Percentiles: P50: 6,6ms P95: 10,4ms P99: 16,3ms, sample: 100"
"without-umce","1","2026-09-27T16:02:51.4220658+00:00",,"False","10","0","0","0","0","0","False","15","7,1","6,6","10,4","16,3","100","37,06776026114682","38,27321185848543","1447641088","[18:02:51] [Server thread/INFO]: The game is running normally [18:02:51] [Server thread/INFO]: Target tick rate: 20,0 per second. Average time per tick: 7,1ms (Target: 50,0ms) [18:02:51] [Server thread/INFO]: Percentiles: P50: 6,6ms P95: 10,4ms P99: 16,3ms, sample: 100"
"without-umce","1","2026-09-27T16:02:51.5485015+00:00",,"False","10","0","0","0","0","0","False","15","7,1","6,6","10,4","16,3","100","25,339221222347813","38,27321185848543","1447641088","[18:02:51] [Server thread/INFO]: The game is running normally [18:02:51] [Server thread/INFO]: Target tick rate: 20,0 per second. Average time per tick: 7,1ms (Target: 50,0ms) [18:02:51] [Server thread/INFO]: Percentiles: P50: 6,6ms P95: 10,4ms P99: 16,3ms, sample: 100"
"without-umce","1","2026-09-27T16:02:51.6718111+00:00",,"False","10","0","0","0","0","0","False","15","7,1","6,6","10,4","16,3","100","0","38,27321185848543","1447641088","[18:02:51] [Server thread/INFO]: The game is running normally [18:02:51] [Server thread/INFO]: Target tick rate: 20,0 per second. Average time per tick: 7,1ms (Target: 50,0ms) [18:02:51] [Server thread/INFO]: Percentiles: P50: 6,6ms P95: 10,4ms P99: 16,3ms, sample: 100"
"without-umce","1","2026-09-27T16:02:51.7963945+00:00",,"False","10","0","0","0","0","0","False","15","7,1","6,6","10,4","16,3","100","50,208949564507655","38,27321185848543","1447641088","[18:02:51] [Server thread/INFO]: The game is running normally [18:02:51] [Server thread/INFO]: Target tick rate: 20,0 per second. Average time per tick: 7,1ms (Target: 50,0ms) [18:02:51] [Server thread/INFO]: Percentiles: P50: 6,6ms P95: 10,4ms P99: 16,3ms, sample: 100"
"without-umce","1","2026-09-27T16:02:51.9208496+00:00",,"False","10","0","0","0","0","0","False","15","7,1","6,6","10,4","16,3","100","38,21305561782869","38,27321185848543","1447641088","[18:02:51] [Server thread/INFO]: The game is running normally [18:02:51] [Server thread/INFO]: Target tick rate: 20,0 per second. Average time per tick: 7,1ms (Target: 50,0ms) [18:02:51] [Server thread/INFO]: Percentiles: P50: 6,6ms P95: 10,4ms P99: 16,3ms, sample: 100"
"without-umce","1","2026-09-27T16:02:52.0435879+00:00",,"False","10","0","0","0","0","0","False","15","7,1","6,6","10,4","16,3","100","118,409432481859","38,27321185848543","1447641088","[18:02:52] [Server thread/INFO]: Saving the game (this may take a moment!) [18:02:52] [Server thread/INFO]: ThreadedAnvilChunkStorage (world): All chunks are saved [18:02:52] [Server thread/INFO]: ThreadedAnvilChunkStorage (DIM1): All chunks are saved [18:02:52] [Server thread/INFO]: ThreadedAnvilChunkStorage (DIM-1): All chunks are saved [18:02:52] [Server thread/INFO]: ThreadedAnvilChunkStorage: All dimensions are saved [18:02:52] [Server thread/INFO]: Saved the game [18:02:52] [Server thread/INFO]: The game is running normally [18:02:52] [Server thread/INFO]: Target tick rate: 20,0 per second. Average time per tick: 7,1ms (Target: 50,0ms) [18:02:52] [Server thread/INFO]: Percentiles: P50: 6,6ms P95: 10,4ms P99: 16,3ms, sample: 100"
"without-umce","1","2026-09-27T16:02:52.4130302+00:00",,"False","10","0","0","0","0","0","False","15","10,5","6,6","10,9","352","100","156,41658366159962","38,27321185848543","1447641088","[18:02:52] [Server thread/INFO]: The game is running normally [18:02:52] [Server thread/INFO]: Target tick rate: 20,0 per second. Average time per tick: 10,5ms (Target: 50,0ms) [18:02:52] [Server thread/INFO]: Percentiles: P50: 6,6ms P95: 10,9ms P99: 352,0ms, sample: 100"
"without-umce","1","2026-09-27T16:02:52.5528679+00:00",,"False","10","0","0","0","0","0","False","15","10,3","6,5","10,9","352","100","22,26246484311552","38,27321185848543","1447641088","[18:02:52] [Server thread/INFO]: The game is running normally [18:02:52] [Server thread/INFO]: Target tick rate: 20,0 per second. Average time per tick: 10,3ms (Target: 50,0ms) [18:02:52] [Server thread/INFO]: Percentiles: P50: 6,5ms P95: 10,9ms P99: 352,0ms, sample: 100"
"without-umce","1","2026-09-27T16:02:52.6932229+00:00",,"False","10","0","0","0","0","0","False","15","10,3","6,5","10,9","352","100","55,99816505212758","38,27321185848543","1447641088","[18:02:52] [Server thread/INFO]: The game is running normally [18:02:52] [Server thread/INFO]: Target tick rate: 20,0 per second. Average time per tick: 10,3ms (Target: 50,0ms) [18:02:52] [Server thread/INFO]: Percentiles: P50: 6,5ms P95: 10,9ms P99: 352,0ms, sample: 100"
"without-umce","1","2026-09-27T16:02:52.8327393+00:00",,"False","10","0","0","0","0","0","False","15","10,2","6,4","9,8","352","100","12,497350561680925","38,27321185848543","1447641088","[18:02:52] [Server thread/INFO]: The game is running normally [18:02:52] [Server thread/INFO]: Target tick rate: 20,0 per second. Average time per tick: 10,2ms (Target: 50,0ms) [18:02:52] [Server thread/INFO]: Percentiles: P50: 6,4ms P95: 9,8ms P99: 352,0ms, sample: 100"
"without-umce","1","2026-09-27T16:02:52.9578420+00:00",,"False","10","0","0","0","0","0","False","15","10,2","6,4","9,8","352","100","25,480625755245747","38,27321185848543","1447641088","[18:02:52] [Server thread/INFO]: The game is running normally [18:02:52] [Server thread/INFO]: Target tick rate: 20,0 per second. Average time per tick: 10,2ms (Target: 50,0ms) [18:02:53] [Server thread/INFO]: Percentiles: P50: 6,4ms P95: 9,8ms P99: 352,0ms, sample: 100"
"without-umce","1","2026-09-27T16:02:53.0804514+00:00",,"False","10","0","0","0","0","0","False","15","10,2","6,4","9,8","352","100","126,19083769718075","38,27321185848543","1447641088","[18:02:53] [Server thread/INFO]: The game is running normally [18:02:53] [Server thread/INFO]: Target tick rate: 20,0 per second. Average time per tick: 10,2ms (Target: 50,0ms) [18:02:53] [Server thread/INFO]: Percentiles: P50: 6,4ms P95: 9,8ms P99: 352,0ms, sample: 100 [18:02:53] [Server thread/INFO]: stress006 drowned"
"without-umce","1","2026-09-27T16:02:53.2042667+00:00",,"False","10","0","0","0","0","0","False","15","10,2","6,4","9,8","352","100","237,29592550406647","38,27321185848543","1447641088","[18:02:53] [Server thread/INFO]: The game is running normally [18:02:53] [Server thread/INFO]: Target tick rate: 20,0 per second. Average time per tick: 10,2ms (Target: 50,0ms) [18:02:53] [Server thread/INFO]: Percentiles: P50: 6,4ms P95: 9,8ms P99: 352,0ms, sample: 100"
"without-umce","1","2026-09-27T16:02:53.3293534+00:00",,"False","10","0","0","0","0","0","False","15","10,3","6,4","10,9","352","100","100,36919805813704","38,27321185848543","1447641088","[18:02:53] [Server thread/INFO]: The game is running normally [18:02:53] [Server thread/INFO]: Target tick rate: 20,0 per second. Average time per tick: 10,3ms (Target: 50,0ms) [18:02:53] [Server thread/INFO]: Percentiles: P50: 6,4ms P95: 10,9ms P99: 352,0ms, sample: 100"
"without-umce","1","2026-09-27T16:02:53.4538772+00:00",,"False","10","0","0","0","0","0","False","15","10,3","6,4","10,9","352","100","76,14312145376103","38,27321185848543","1447641088","[18:02:53] [Server thread/INFO]: The game is running normally [18:02:53] [Server thread/INFO]: Target tick rate: 20,0 per second. Average time per tick: 10,3ms (Target: 50,0ms) [18:02:53] [Server thread/INFO]: Percentiles: P50: 6,4ms P95: 10,9ms P99: 352,0ms, sample: 100"
"without-umce","1","2026-09-27T16:02:53.5769956+00:00",,"False","10","0","0","0","0","0","False","15","10,3","6,3","10,9","352","100","25,44867023572391","38,27321185848543","1447641088","[18:02:53] [Server thread/INFO]: The game is running normally [18:02:53] [Server thread/INFO]: Target tick rate: 20,0 per second. Average time per tick: 10,3ms (Target: 50,0ms) [18:02:53] [Server thread/INFO]: Percentiles: P50: 6,3ms P95: 10,9ms P99: 352,0ms, sample: 100"
"without-umce","1","2026-09-27T16:02:53.6997990+00:00",,"False","10","0","0","0","0","0","False","15","10,2","6,3","10,9","352","100","62,16342236594185","38,27321185848543","1447641088","[18:02:53] [Server thread/INFO]: The game is running normally [18:02:53] [Server thread/INFO]: Target tick rate: 20,0 per second. Average time per tick: 10,2ms (Target: 50,0ms) [18:02:53] [Server thread/INFO]: Percentiles: P50: 6,3ms P95: 10,9ms P99: 352,0ms, sample: 100"
"without-umce","1","2026-09-27T16:02:53.8255238+00:00",,"False","10","0","0","0","0","0","False","15","10,2","6,3","10,9","352","100","37,7841671644101","38,27321185848543","1447641088","[18:02:53] [Server thread/INFO]: The game is running normally [18:02:53] [Server thread/INFO]: Target tick rate: 20,0 per second. Average time per tick: 10,2ms (Target: 50,0ms) [18:02:53] [Server thread/INFO]: Percentiles: P50: 6,3ms P95: 10,9ms P99: 352,0ms, sample: 100"
"without-umce","1","2026-09-27T16:02:53.9495257+00:00",,"False","10","0","0","0","0","0","False","15","10,2","6,3","9,7","352","100","62,515003600864205","38,27321185848543","1447641088","[18:02:53] [Server thread/INFO]: The game is running normally [18:02:53] [Server thread/INFO]: Target tick rate: 20,0 per second. Average time per tick: 10,2ms (Target: 50,0ms) [18:02:53] [Server thread/INFO]: Percentiles: P50: 6,3ms P95: 9,7ms P99: 352,0ms, sample: 100"
"without-umce","1","2026-09-27T16:02:54.0745264+00:00",,"False","10","0","0","0","0","0","False","15","10,2","6,3","9,7","352","100","37,332243829129425","38,27321185848543","1447641088","[18:02:54] [Server thread/INFO]: The game is running normally [18:02:54] [Server thread/INFO]: Target tick rate: 20,0 per second. Average time per tick: 10,2ms (Target: 50,0ms) [18:02:54] [Server thread/INFO]: Percentiles: P50: 6,3ms P95: 9,7ms P99: 352,0ms, sample: 100"
"without-umce","1","2026-09-27T16:02:54.2000750+00:00",,"False","10","0","0","0","0","0","False","15","10,1","6,2","9,2","352","100","86,55365693651889","38,27321185848543","1447641088","[18:02:54] [Server thread/INFO]: The game is running normally [18:02:54] [Server thread/INFO]: Target tick rate: 20,0 per second. Average time per tick: 10,1ms (Target: 50,0ms) [18:02:54] [Server thread/INFO]: Percentiles: P50: 6,2ms P95: 9,2ms P99: 352,0ms, sample: 100"
"without-umce","1","2026-09-27T16:02:54.3264449+00:00",,"False","10","0","0","0","0","0","False","15","10,1","6,2","9,2","352","100","25,29502088761645","38,27321185848543","1447641088","[18:02:54] [Server thread/INFO]: The game is running normally [18:02:54] [Server thread/INFO]: Target tick rate: 20,0 per second. Average time per tick: 10,1ms (Target: 50,0ms) [18:02:54] [Server thread/INFO]: Percentiles: P50: 6,2ms P95: 9,2ms P99: 352,0ms, sample: 100"
"without-umce","1","2026-09-27T16:02:54.4499790+00:00",,"False","10","0","0","0","0","0","False","15","10","6,2","9","352","100","50,23958252112675","38,27321185848543","1447641088","[18:02:54] [Server thread/INFO]: The game is running normally [18:02:54] [Server thread/INFO]: Target tick rate: 20,0 per second. Average time per tick: 10,0ms (Target: 50,0ms) [18:02:54] [Server thread/INFO]: Percentiles: P50: 6,2ms P95: 9,0ms P99: 352,0ms, sample: 100"
"without-umce","1","2026-09-27T16:02:54.5744222+00:00",,"False","10","0","0","0","0","0","False","15","10","6,2","9","352","100","37,93743378653223","38,27321185848543","1447641088","[18:02:54] [Server thread/INFO]: The game is running normally [18:02:54] [Server thread/INFO]: Target tick rate: 20,0 per second. Average time per tick: 10,0ms (Target: 50,0ms) [18:02:54] [Server thread/INFO]: Percentiles: P50: 6,2ms P95: 9,0ms P99: 352,0ms, sample: 100"
"without-umce","1","2026-09-27T16:02:54.6979476+00:00",,"False","10","0","0","0","0","0","False","15","10","6,2","9","352","100","12,635922086702239","38,27321185848543","1447641088","[18:02:54] [Server thread/INFO]: The game is running normally [18:02:54] [Server thread/INFO]: Target tick rate: 20,0 per second. Average time per tick: 10,0ms (Target: 50,0ms) [18:02:54] [Server thread/INFO]: Percentiles: P50: 6,2ms P95: 9,0ms P99: 352,0ms, sample: 100"
"without-umce","1","2026-09-27T16:02:54.8216235+00:00",,"False","10","0","0","0","0","0","False","15","10","6,2","9","352","100","0","38,27321185848543","1447641088","[18:02:54] [Server thread/INFO]: The game is running normally [18:02:54] [Server thread/INFO]: Target tick rate: 20,0 per second. Average time per tick: 10,0ms (Target: 50,0ms) [18:02:54] [Server thread/INFO]: Percentiles: P50: 6,2ms P95: 9,0ms P99: 352,0ms, sample: 100"
"without-umce","1","2026-09-27T16:02:54.9439312+00:00",,"False","10","0","0","0","0","0","False","15","10","6,2","9","352","100","33,5198526914207","38,27321185848543","1447641088","[18:02:54] [Server thread/INFO]: The game is running normally [18:02:54] [Server thread/INFO]: Target tick rate: 20,0 per second. Average time per tick: 10,0ms (Target: 50,0ms) [18:02:54] [Server thread/INFO]: Percentiles: P50: 6,2ms P95: 9,0ms P99: 352,0ms, sample: 100"
"without-umce","1","2026-09-27T16:02:55.0837752+00:00",,"False","10","0","0","0","0","0","False","15","10","6,2","8,9","352","100","113,27160618130708","38,27321185848543","1447641088","[18:02:55] [Server thread/INFO]: The game is running normally [18:02:55] [Server thread/INFO]: Target tick rate: 20,0 per second. Average time per tick: 10,0ms (Target: 50,0ms) [18:02:55] [Server thread/INFO]: Percentiles: P50: 6,2ms P95: 8,9ms P99: 352,0ms, sample: 100"
"without-umce","1","2026-09-27T16:02:55.2079599+00:00",,"False","10","0","0","0","0","0","False","15","9,9","6,1","9","352","100","25,184897443068028","38,27321185848543","1447641088","[18:02:55] [Server thread/INFO]: The game is running normally [18:02:55] [Server thread/INFO]: Target tick rate: 20,0 per second. Average time per tick: 9,9ms (Target: 50,0ms) [18:02:55] [Server thread/INFO]: Percentiles: P50: 6,1ms P95: 9,0ms P99: 352,0ms, sample: 100"
"without-umce","1","2026-09-27T16:02:55.3320267+00:00",,"False","10","0","0","0","0","0","False","15","9,9","6,1","9","352","100","25,34339283556477","38,27321185848543","1447641088","[18:02:55] [Server thread/INFO]: The game is running normally [18:02:55] [Server thread/INFO]: Target tick rate: 20,0 per second. Average time per tick: 9,9ms (Target: 50,0ms) [18:02:55] [Server thread/INFO]: Percentiles: P50: 6,1ms P95: 9,0ms P99: 352,0ms, sample: 100"
"without-umce","1","2026-09-27T16:02:55.4553096+00:00",,"False","10","0","0","0","0","0","False","15","9,9","6,1","9","352","100","12,810285614028757","38,27321185848543","1447641088","[18:02:55] [Server thread/INFO]: The game is running normally [18:02:55] [Server thread/INFO]: Target tick rate: 20,0 per second. Average time per tick: 9,9ms (Target: 50,0ms) [18:02:55] [Server thread/INFO]: Percentiles: P50: 6,1ms P95: 9,0ms P99: 352,0ms, sample: 100"
"without-umce","1","2026-09-27T16:02:55.5773211+00:00",,"False","10","0","0","0","0","0","False","15","9,9","6","9","352","100","12,600298375065522","38,27321185848543","1447641088","[18:02:55] [Server thread/INFO]: The game is running normally [18:02:55] [Server thread/INFO]: Target tick rate: 20,0 per second. Average time per tick: 9,9ms (Target: 50,0ms) [18:02:55] [Server thread/INFO]: Percentiles: P50: 6,0ms P95: 9,0ms P99: 352,0ms, sample: 100"
"without-umce","1","2026-09-27T16:02:55.7013506+00:00",,"False","10","0","0","0","0","0","False","15","9,8","6","8,9","352","100","99,52031209569873","38,27321185848543","1447641088","[18:02:55] [Server thread/INFO]: The game is running normally [18:02:55] [Server thread/INFO]: Target tick rate: 20,0 per second. Average time per tick: 9,8ms (Target: 50,0ms) [18:02:55] [Server thread/INFO]: Percentiles: P50: 6,0ms P95: 8,9ms P99: 352,0ms, sample: 100"
"without-umce","1","2026-09-27T16:02:55.8269066+00:00",,"False","10","0","0","0","0","0","False","15","9,8","6","8,9","352","100","113,74887161119362","38,27321185848543","1447641088","[18:02:55] [Server thread/INFO]: The game is running normally [18:02:55] [Server thread/INFO]: Target tick rate: 20,0 per second. Average time per tick: 9,8ms (Target: 50,0ms) [18:02:55] [Server thread/INFO]: Percentiles: P50: 6,0ms P95: 8,9ms P99: 352,0ms, sample: 100"
"without-umce","1","2026-09-27T16:02:55.9505387+00:00",,"False","10","0","0","0","0","0","False","15","9,8","5,9","9","352","100","136,19535743208655","38,27321185848543","1447641088","[18:02:55] [Server thread/INFO]: The game is running normally [18:02:55] [Server thread/INFO]: Target tick rate: 20,0 per second. Average time per tick: 9,8ms (Target: 50,0ms) [18:02:55] [Server thread/INFO]: Percentiles: P50: 5,9ms P95: 9,0ms P99: 352,0ms, sample: 100"
"without-umce","1","2026-09-27T16:02:56.0767841+00:00",,"False","10","0","0","0","0","0","False","15","9,9","6","9,2","352","100","12,632591682297392","38,27321185848543","1447641088","[18:02:56] [Server thread/INFO]: The game is running normally [18:02:56] [Server thread/INFO]: Target tick rate: 20,0 per second. Average time per tick: 9,9ms (Target: 50,0ms) [18:02:56] [Server thread/INFO]: Percentiles: P50: 6,0ms P95: 9,2ms P99: 352,0ms, sample: 100"
"without-umce","1","2026-09-27T16:02:56.2004429+00:00",,"False","10","0","0","0","0","0","False","15","9,8","6","9,2","352","100","37,30173382437667","38,27321185848543","1447641088","[18:02:56] [Server thread/INFO]: The game is running normally [18:02:56] [Server thread/INFO]: Target tick rate: 20,0 per second. Average time per tick: 9,8ms (Target: 50,0ms) [18:02:56] [Server thread/INFO]: Percentiles: P50: 6,0ms P95: 9,2ms P99: 352,0ms, sample: 100"
"without-umce","1","2026-09-27T16:02:56.3261026+00:00",,"False","10","0","0","0","0","0","False","15","9,8","5,9","9,2","352","100","12,70874882469491","38,27321185848543","1447641088","[18:02:56] [Server thread/INFO]: The game is running normally [18:02:56] [Server thread/INFO]: Target tick rate: 20,0 per second. Average time per tick: 9,8ms (Target: 50,0ms) [18:02:56] [Server thread/INFO]: Percentiles: P50: 5,9ms P95: 9,2ms P99: 352,0ms, sample: 100"
"without-umce","1","2026-09-27T16:02:56.4490261+00:00",,"False","10","0","0","0","0","0","False","15","9,8","5,9","9,2","352","100","12,399268343973558","38,27321185848543","1447641088","[18:02:56] [Server thread/INFO]: The game is running normally [18:02:56] [Server thread/INFO]: Target tick rate: 20,0 per second. Average time per tick: 9,8ms (Target: 50,0ms) [18:02:56] [Server thread/INFO]: Percentiles: P50: 5,9ms P95: 9,2ms P99: 352,0ms, sample: 100"
"without-umce","1","2026-09-27T16:02:56.5751115+00:00",,"False","10","0","0","0","0","0","False","15","9,8","5,9","9,2","352","100","12,784637161769638","38,27321185848543","1447641088","[18:02:56] [Server thread/INFO]: The game is running normally [18:02:56] [Server thread/INFO]: Target tick rate: 20,0 per second. Average time per tick: 9,8ms (Target: 50,0ms) [18:02:56] [Server thread/INFO]: Percentiles: P50: 5,9ms P95: 9,2ms P99: 352,0ms, sample: 100"
"without-umce","1","2026-09-27T16:02:56.6975282+00:00",,"False","10","0","0","0","0","0","False","15","9,8","5,9","9,2","352","100","37,08547341238572","38,27321185848543","1447641088","[18:02:56] [Server thread/INFO]: The game is running normally [18:02:56] [Server thread/INFO]: Target tick rate: 20,0 per second. Average time per tick: 9,8ms (Target: 50,0ms) [18:02:56] [Server thread/INFO]: Percentiles: P50: 5,9ms P95: 9,2ms P99: 352,0ms, sample: 100"
"without-umce","1","2026-09-27T16:02:56.8236889+00:00",,"False","10","0","0","0","0","0","False","15","9,8","6","9,2","352","100","12,471166662675893","38,27321185848543","1447641088","[18:02:56] [Server thread/INFO]: The game is running normally [18:02:56] [Server thread/INFO]: Target tick rate: 20,0 per second. Average time per tick: 9,8ms (Target: 50,0ms) [18:02:56] [Server thread/INFO]: Percentiles: P50: 6,0ms P95: 9,2ms P99: 352,0ms, sample: 100"
"without-umce","1","2026-09-27T16:02:56.9489697+00:00",,"False","10","0","0","0","0","0","False","15","9,8","5,9","9,2","352","100","12,641810776567219","38,27321185848543","1447641088","[18:02:56] [Server thread/INFO]: The game is running normally [18:02:56] [Server thread/INFO]: Target tick rate: 20,0 per second. Average time per tick: 9,8ms (Target: 50,0ms) [18:02:56] [Server thread/INFO]: Percentiles: P50: 5,9ms P95: 9,2ms P99: 352,0ms, sample: 100"
"without-umce","1","2026-09-27T16:02:57.0725581+00:00",,"False","10","0","0","0","0","0","False","15","6,3","5,9","8,9","19,7","100","12,45972021648415","38,27321185848543","1447641088","[18:02:57] [Server thread/INFO]: The game is running normally [18:02:57] [Server thread/INFO]: Target tick rate: 20,0 per second. Average time per tick: 6,3ms (Target: 50,0ms) [18:02:57] [Server thread/INFO]: Percentiles: P50: 5,9ms P95: 8,9ms P99: 19,7ms, sample: 100"
"without-umce","1","2026-09-27T16:02:57.1979568+00:00",,"False","10","0","0","0","0","0","False","15","6,3","5,9","8,9","19,7","100","37,814617618586645","38,27321185848543","1447641088","[18:02:57] [Server thread/INFO]: The game is running normally [18:02:57] [Server thread/INFO]: Target tick rate: 20,0 per second. Average time per tick: 6,3ms (Target: 50,0ms) [18:02:57] [Server thread/INFO]: Percentiles: P50: 5,9ms P95: 8,9ms P99: 19,7ms, sample: 100"
"without-umce","1","2026-09-27T16:02:57.3219376+00:00",,"False","10","0","0","0","0","0","False","15","6,3","5,9","8,9","19,7","100","37,61383450875731","38,27321185848543","1447641088","[18:02:57] [Server thread/INFO]: The game is running normally [18:02:57] [Server thread/INFO]: Target tick rate: 20,0 per second. Average time per tick: 6,3ms (Target: 50,0ms) [18:02:57] [Server thread/INFO]: Percentiles: P50: 5,9ms P95: 8,9ms P99: 19,7ms, sample: 100"
"without-umce","1","2026-09-27T16:02:57.4465343+00:00",,"False","10","0","0","0","0","0","False","15","6,3","5,9","8,9","19,7","100","24,782744548192724","38,27321185848543","1447641088","[18:02:57] [Server thread/INFO]: The game is running normally [18:02:57] [Server thread/INFO]: Target tick rate: 20,0 per second. Average time per tick: 6,3ms (Target: 50,0ms) [18:02:57] [Server thread/INFO]: Percentiles: P50: 5,9ms P95: 8,9ms P99: 19,7ms, sample: 100"
"without-umce","1","2026-09-27T16:02:57.5726115+00:00",,"False","10","0","0","0","0","0","False","15","6,3","5,9","8,9","19,7","100","12,455806797482532","38,27321185848543","1447641088","[18:02:57] [Server thread/INFO]: The game is running normally [18:02:57] [Server thread/INFO]: Target tick rate: 20,0 per second. Average time per tick: 6,3ms (Target: 50,0ms) [18:02:57] [Server thread/INFO]: Percentiles: P50: 5,9ms P95: 8,9ms P99: 19,7ms, sample: 100"
"without-umce","1","2026-09-27T16:02:57.6980617+00:00",,"False","10","0","0","0","0","0","False","15","6,3","5,9","8,9","19,7","100","25,503583559533116","38,27321185848543","1447641088","[18:02:57] [Server thread/INFO]: The game is running normally [18:02:57] [Server thread/INFO]: Target tick rate: 20,0 per second. Average time per tick: 6,3ms (Target: 50,0ms) [18:02:57] [Server thread/INFO]: Percentiles: P50: 5,9ms P95: 8,9ms P99: 19,7ms, sample: 100"
"without-umce","1","2026-09-27T16:02:57.8205970+00:00",,"False","10","0","0","0","0","0","False","15","6,2","5,9","8,9","19,7","100","12,519199444267729","38,27321185848543","1447641088","[18:02:57] [Server thread/INFO]: The game is running normally [18:02:57] [Server thread/INFO]: Target tick rate: 20,0 per second. Average time per tick: 6,2ms (Target: 50,0ms) [18:02:57] [Server thread/INFO]: Percentiles: P50: 5,9ms P95: 8,9ms P99: 19,7ms, sample: 100"
"without-umce","1","2026-09-27T16:02:57.9454207+00:00",,"False","10","0","0","0","0","0","False","15","6,2","5,9","8,9","19,7","100","0","38,27321185848543","1447641088","[18:02:57] [Server thread/INFO]: The game is running normally [18:02:57] [Server thread/INFO]: Target tick rate: 20,0 per second. Average time per tick: 6,2ms (Target: 50,0ms) [18:02:57] [Server thread/INFO]: Percentiles: P50: 5,9ms P95: 8,9ms P99: 19,7ms, sample: 100"
"without-umce","1","2026-09-27T16:02:58.0835045+00:00",,"False","10","0","0","0","0","0","False","15","6,2","5,9","8,9","19,7","100","112,1694321965395","38,27321185848543","1447641088","[18:02:58] [Server thread/INFO]: The game is running normally [18:02:58] [Server thread/INFO]: Target tick rate: 20,0 per second. Average time per tick: 6,2ms (Target: 50,0ms) [18:02:58] [Server thread/INFO]: Percentiles: P50: 5,9ms P95: 8,9ms P99: 19,7ms, sample: 100"
"without-umce","1","2026-09-27T16:02:58.2228009+00:00",,"False","10","0","0","0","0","0","False","15","6,1","5,9","8,4","11,7","100","38,45368207849227","38,27321185848543","1447641088","[18:02:58] [Server thread/INFO]: The game is running normally [18:02:58] [Server thread/INFO]: Target tick rate: 20,0 per second. Average time per tick: 6,1ms (Target: 50,0ms) [18:02:58] [Server thread/INFO]: Percentiles: P50: 5,9ms P95: 8,4ms P99: 11,7ms, sample: 100"
"without-umce","1","2026-09-27T16:02:58.3446886+00:00",,"False","10","0","0","0","0","0","False","15","6","5,9","7,9","11,7","100","12,69205619433264","38,27321185848543","1447641088","[18:02:58] [Server thread/INFO]: The game is running normally [18:02:58] [Server thread/INFO]: Target tick rate: 20,0 per second. Average time per tick: 6,0ms (Target: 50,0ms) [18:02:58] [Server thread/INFO]: Percentiles: P50: 5,9ms P95: 7,9ms P99: 11,7ms, sample: 100"
"without-umce","1","2026-09-27T16:02:58.4678286+00:00",,"False","10","0","0","0","0","0","False","15","6","5,9","7,9","11,7","100","37,25480378341905","38,27321185848543","1447641088","[18:02:58] [Server thread/INFO]: The game is running normally [18:02:58] [Server thread/INFO]: Target tick rate: 20,0 per second. Average time per tick: 6,0ms (Target: 50,0ms) [18:02:58] [Server thread/INFO]: Percentiles: P50: 5,9ms P95: 7,9ms P99: 11,7ms, sample: 100"
"without-umce","1","2026-09-27T16:02:58.5936240+00:00",,"False","10","0","0","0","0","0","False","15","6","5,8","7,9","11,7","100","50,396682366241166","38,27321185848543","1447641088","[18:02:58] [Server thread/INFO]: The game is running normally [18:02:58] [Server thread/INFO]: Target tick rate: 20,0 per second. Average time per tick: 6,0ms (Target: 50,0ms) [18:02:58] [Server thread/INFO]: Percentiles: P50: 5,8ms P95: 7,9ms P99: 11,7ms, sample: 100"
"without-umce","1","2026-09-27T16:02:58.7176322+00:00",,"False","10","0","0","0","0","0","False","15","6","5,7","7,9","11,7","100","12,439791409577644","38,27321185848543","1447641088","[18:02:58] [Server thread/INFO]: The game is running normally [18:02:58] [Server thread/INFO]: Target tick rate: 20,0 per second. Average time per tick: 6,0ms (Target: 50,0ms) [18:02:58] [Server thread/INFO]: Percentiles: P50: 5,7ms P95: 7,9ms P99: 11,7ms, sample: 100"
"without-umce","1","2026-09-27T16:02:58.8432420+00:00",,"False","10","0","0","0","0","0","False","15","5,9","5,7","7,9","11,7","100","25,252606877113138","38,27321185848543","1447641088","[18:02:58] [Server thread/INFO]: The game is running normally [18:02:58] [Server thread/INFO]: Target tick rate: 20,0 per second. Average time per tick: 5,9ms (Target: 50,0ms) [18:02:58] [Server thread/INFO]: Percentiles: P50: 5,7ms P95: 7,9ms P99: 11,7ms, sample: 100"
"without-umce","1","2026-09-27T16:02:58.9670034+00:00",,"False","10","0","0","0","0","0","False","15","5,9","5,6","7,9","11,7","100","24,81121641652991","38,27321185848543","1447641088","[18:02:59] [Server thread/INFO]: The game is running normally [18:02:59] [Server thread/INFO]: Target tick rate: 20,0 per second. Average time per tick: 5,9ms (Target: 50,0ms) [18:02:59] [Server thread/INFO]: Percentiles: P50: 5,6ms P95: 7,9ms P99: 11,7ms, sample: 100"
"without-umce","1","2026-09-27T16:02:59.0929718+00:00",,"False","10","0","0","0","0","0","False","15","5,9","5,6","7,9","11,7","100","25,296106099558997","38,27321185848543","1447641088","[18:02:59] [Server thread/INFO]: The game is running normally [18:02:59] [Server thread/INFO]: Target tick rate: 20,0 per second. Average time per tick: 5,9ms (Target: 50,0ms) [18:02:59] [Server thread/INFO]: Percentiles: P50: 5,6ms P95: 7,9ms P99: 11,7ms, sample: 100"
"without-umce","1","2026-09-27T16:02:59.2164790+00:00",,"False","10","0","0","0","0","0","False","15","5,9","5,6","7,9","11,7","100","25,111737185781855","38,27321185848543","1447641088","[18:02:59] [Server thread/INFO]: The game is running normally [18:02:59] [Server thread/INFO]: Target tick rate: 20,0 per second. Average time per tick: 5,9ms (Target: 50,0ms) [18:02:59] [Server thread/INFO]: Percentiles: P50: 5,6ms P95: 7,9ms P99: 11,7ms, sample: 100"
"without-umce","1","2026-09-27T16:02:59.3409209+00:00",,"False","10","0","0","0","0","0","False","15","5,9","5,6","7,9","11,7","100","12,541698639637064","38,27321185848543","1447641088","[18:02:59] [Server thread/INFO]: The game is running normally [18:02:59] [Server thread/INFO]: Target tick rate: 20,0 per second. Average time per tick: 5,9ms (Target: 50,0ms) [18:02:59] [Server thread/INFO]: Percentiles: P50: 5,6ms P95: 7,9ms P99: 11,7ms, sample: 100"
"without-umce","1","2026-09-27T16:02:59.4655366+00:00",,"False","10","0","0","0","0","0","False","15","5,9","5,6","7,8","11,7","100","12,704222924353568","38,27321185848543","1447641088","[18:02:59] [Server thread/INFO]: The game is running normally [18:02:59] [Server thread/INFO]: Target tick rate: 20,0 per second. Average time per tick: 5,9ms (Target: 50,0ms) [18:02:59] [Server thread/INFO]: Percentiles: P50: 5,6ms P95: 7,8ms P99: 11,7ms, sample: 100"
"without-umce","1","2026-09-27T16:02:59.5884939+00:00",,"False","10","0","0","0","0","0","False","15","5,9","5,6","7,8","11,7","100","37,6082214179523","38,27321185848543","1447641088","[18:02:59] [Server thread/INFO]: The game is running normally [18:02:59] [Server thread/INFO]: Target tick rate: 20,0 per second. Average time per tick: 5,9ms (Target: 50,0ms) [18:02:59] [Server thread/INFO]: Percentiles: P50: 5,6ms P95: 7,8ms P99: 11,7ms, sample: 100"
"without-umce","1","2026-09-27T16:02:59.7131580+00:00",,"False","10","0","0","0","0","0","False","15","5,8","5,6","7,7","11,7","100","0","38,27321185848543","1447641088","[18:02:59] [Server thread/INFO]: The game is running normally [18:02:59] [Server thread/INFO]: Target tick rate: 20,0 per second. Average time per tick: 5,8ms (Target: 50,0ms) [18:02:59] [Server thread/INFO]: Percentiles: P50: 5,6ms P95: 7,7ms P99: 11,7ms, sample: 100"
"without-umce","1","2026-09-27T16:02:59.8379740+00:00",,"False","10","0","0","0","0","0","False","15","5,8","5,6","7,7","11,7","100","12,480291124256574","38,27321185848543","1447641088","[18:02:59] [Server thread/INFO]: The game is running normally [18:02:59] [Server thread/INFO]: Target tick rate: 20,0 per second. Average time per tick: 5,8ms (Target: 50,0ms) [18:02:59] [Server thread/INFO]: Percentiles: P50: 5,6ms P95: 7,7ms P99: 11,7ms, sample: 100"
"without-umce","1","2026-09-27T16:02:59.9631856+00:00",,"False","10","0","0","0","0","0","False","15","5,8","5,6","7,7","11,7","100","12,58954692939943","38,27321185848543","1447641088","[18:02:59] [Server thread/INFO]: The game is running normally [18:02:59] [Server thread/INFO]: Target tick rate: 20,0 per second. Average time per tick: 5,8ms (Target: 50,0ms) [18:02:59] [Server thread/INFO]: Percentiles: P50: 5,6ms P95: 7,7ms P99: 11,7ms, sample: 100"
"without-umce","1","2026-09-27T16:03:00.0872761+00:00",,"False","10","0","0","0","0","0","False","15","5,8","5,5","7,7","11,7","100","12,63378674814819","38,27321185848543","1447641088","[18:03:00] [Server thread/INFO]: The game is running normally [18:03:00] [Server thread/INFO]: Target tick rate: 20,0 per second. Average time per tick: 5,8ms (Target: 50,0ms) [18:03:00] [Server thread/INFO]: Percentiles: P50: 5,5ms P95: 7,7ms P99: 11,7ms, sample: 100"
"without-umce","1","2026-09-27T16:03:00.2109492+00:00",,"False","10","0","0","0","0","0","False","15","5,7","5,5","7,7","10,3","100","24,8597710037222","38,27321185848543","1447641088","[18:03:00] [Server thread/INFO]: The game is running normally [18:03:00] [Server thread/INFO]: Target tick rate: 20,0 per second. Average time per tick: 5,7ms (Target: 50,0ms) [18:03:00] [Server thread/INFO]: Percentiles: P50: 5,5ms P95: 7,7ms P99: 10,3ms, sample: 100"
"without-umce","1","2026-09-27T16:03:00.3367102+00:00",,"False","10","0","0","0","0","0","False","15","5,7","5,5","7,7","10,3","100","24,931448489234004","38,27321185848543","1447641088","[18:03:00] [Server thread/INFO]: The game is running normally [18:03:00] [Server thread/INFO]: Target tick rate: 20,0 per second. Average time per tick: 5,7ms (Target: 50,0ms) [18:03:00] [Server thread/INFO]: Percentiles: P50: 5,5ms P95: 7,7ms P99: 10,3ms, sample: 100"
"without-umce","1","2026-09-27T16:03:00.4620237+00:00",,"False","10","0","0","0","0","0","False","15","5,7","5,5","7,7","10,3","100","24,922182975876126","38,27321185848543","1447641088","[18:03:00] [Server thread/INFO]: The game is running normally [18:03:00] [Server thread/INFO]: Target tick rate: 20,0 per second. Average time per tick: 5,7ms (Target: 50,0ms) [18:03:00] [Server thread/INFO]: Percentiles: P50: 5,5ms P95: 7,7ms P99: 10,3ms, sample: 100"
"without-umce","1","2026-09-27T16:03:00.5874123+00:00",,"False","10","0","0","0","0","0","False","15","5,7","5,5","7,7","10,3","100","12,600328858502943","38,27321185848543","1447641088","[18:03:00] [Server thread/INFO]: The game is running normally [18:03:00] [Server thread/INFO]: Target tick rate: 20,0 per second. Average time per tick: 5,7ms (Target: 50,0ms) [18:03:00] [Server thread/INFO]: Percentiles: P50: 5,5ms P95: 7,7ms P99: 10,3ms, sample: 100"
"without-umce","1","2026-09-27T16:03:00.7113965+00:00",,"False","10","0","0","0","0","0","False","15","5,7","5,5","7,7","10,3","100","49,708390696816195","38,27321185848543","1447641088","[18:03:00] [Server thread/INFO]: The game is running normally [18:03:00] [Server thread/INFO]: Target tick rate: 20,0 per second. Average time per tick: 5,7ms (Target: 50,0ms) [18:03:00] [Server thread/INFO]: Percentiles: P50: 5,5ms P95: 7,7ms P99: 10,3ms, sample: 100"
"without-umce","1","2026-09-27T16:03:00.8371686+00:00",,"False","10","0","0","0","0","0","False","15","5,7","5,5","7,7","10,3","100","12,63280616464771","38,27321185848543","1447641088","[18:03:00] [Server thread/INFO]: The game is running normally [18:03:00] [Server thread/INFO]: Target tick rate: 20,0 per second. Average time per tick: 5,7ms (Target: 50,0ms) [18:03:00] [Server thread/INFO]: Percentiles: P50: 5,5ms P95: 7,7ms P99: 10,3ms, sample: 100"
"without-umce","1","2026-09-27T16:03:00.9608360+00:00",,"False","10","0","0","0","0","0","False","15","5,7","5,5","7,6","8,6","100","24,993381752511933","38,27321185848543","1447641088","[18:03:00] [Server thread/INFO]: The game is running normally [18:03:01] [Server thread/INFO]: Target tick rate: 20,0 per second. Average time per tick: 5,7ms (Target: 50,0ms) [18:03:01] [Server thread/INFO]: Percentiles: P50: 5,5ms P95: 7,6ms P99: 8,6ms, sample: 100"
"without-umce","1","2026-09-27T16:03:01.0858751+00:00",,"False","10","0","0","0","0","0","False","15","5,7","5,5","7,6","8,6","100","55,47779787405528","38,27321185848543","1447641088","[18:03:01] [Server thread/INFO]: The game is running normally [18:03:01] [Server thread/INFO]: Target tick rate: 20,0 per second. Average time per tick: 5,7ms (Target: 50,0ms) [18:03:01] [Server thread/INFO]: Percentiles: P50: 5,5ms P95: 7,6ms P99: 8,6ms, sample: 100"
"without-umce","1","2026-09-27T16:03:01.2267006+00:00",,"False","10","0","0","0","0","0","False","15","5,6","5,5","7,7","9,3","100","37,95282271841799","38,27321185848543","1447641088","[18:03:01] [Server thread/INFO]: The game is running normally [18:03:01] [Server thread/INFO]: Target tick rate: 20,0 per second. Average time per tick: 5,6ms (Target: 50,0ms) [18:03:01] [Server thread/INFO]: Percentiles: P50: 5,5ms P95: 7,7ms P99: 9,3ms, sample: 100"
"without-umce","1","2026-09-27T16:03:01.3502216+00:00",,"False","10","0","0","0","0","0","False","15","5,7","5,5","7,8","16,9","100","0","38,27321185848543","1447641088","[18:03:01] [Server thread/INFO]: The game is running normally [18:03:01] [Server thread/INFO]: Target tick rate: 20,0 per second. Average time per tick: 5,7ms (Target: 50,0ms) [18:03:01] [Server thread/INFO]: Percentiles: P50: 5,5ms P95: 7,8ms P99: 16,9ms, sample: 100"
"without-umce","1","2026-09-27T16:03:01.4899646+00:00",,"False","10","0","0","0","0","0","False","15","5,8","5,5","7,9","16,9","100","33,24937349313839","38,27321185848543","1447641088","[18:03:01] [Server thread/INFO]: The game is running normally [18:03:01] [Server thread/INFO]: Target tick rate: 20,0 per second. Average time per tick: 5,8ms (Target: 50,0ms) [18:03:01] [Server thread/INFO]: Percentiles: P50: 5,5ms P95: 7,9ms P99: 16,9ms, sample: 100"
"without-umce","1","2026-09-27T16:03:01.6309932+00:00",,"False","10","0","0","0","0","0","False","15","5,8","5,5","7,9","16,9","100","0","38,27321185848543","1447641088","[18:03:01] [Server thread/INFO]: The game is running normally [18:03:01] [Server thread/INFO]: Target tick rate: 20,0 per second. Average time per tick: 5,8ms (Target: 50,0ms) [18:03:01] [Server thread/INFO]: Percentiles: P50: 5,5ms P95: 7,9ms P99: 16,9ms, sample: 100"
"without-umce","1","2026-09-27T16:03:01.7860998+00:00",,"False","10","0","0","0","0","0","False","15","5,7","5,4","7,9","16,9","100","38,20473991435618","38,27321185848543","1447641088","[18:03:01] [Server thread/INFO]: The game is running normally [18:03:01] [Server thread/INFO]: Target tick rate: 20,0 per second. Average time per tick: 5,7ms (Target: 50,0ms) [18:03:01] [Server thread/INFO]: Percentiles: P50: 5,4ms P95: 7,9ms P99: 16,9ms, sample: 100"
"without-umce","1","2026-09-27T16:03:01.9087769+00:00",,"False","10","0","0","0","0","0","False","15","5,8","5,5","7,9","16,9","100","12,730161316604205","38,27321185848543","1447641088","[18:03:01] [Server thread/INFO]: The game is running normally [18:03:01] [Server thread/INFO]: Target tick rate: 20,0 per second. Average time per tick: 5,8ms (Target: 50,0ms) [18:03:01] [Server thread/INFO]: Percentiles: P50: 5,5ms P95: 7,9ms P99: 16,9ms, sample: 100"
"without-umce","1","2026-09-27T16:03:02.0314878+00:00",,"False","10","0","0","0","0","0","False","15","5,8","5,5","8,5","16,9","100","37,85621181065352","38,27321185848543","1447641088","[18:03:02] [Server thread/INFO]: The game is running normally [18:03:02] [Server thread/INFO]: Target tick rate: 20,0 per second. Average time per tick: 5,8ms (Target: 50,0ms) [18:03:02] [Server thread/INFO]: Percentiles: P50: 5,5ms P95: 8,5ms P99: 16,9ms, sample: 100"
"without-umce","1","2026-09-27T16:03:02.1553032+00:00",,"False","10","0","0","0","0","0","False","15","5,8","5,5","8,5","16,9","100","25,303725680083172","38,27321185848543","1447641088","[18:03:02] [Server thread/INFO]: The game is running normally [18:03:02] [Server thread/INFO]: Target tick rate: 20,0 per second. Average time per tick: 5,8ms (Target: 50,0ms) [18:03:02] [Server thread/INFO]: Percentiles: P50: 5,5ms P95: 8,5ms P99: 16,9ms, sample: 100"
"without-umce","1","2026-09-27T16:03:02.2787943+00:00",,"False","10","0","0","0","0","0","False","15","5,8","5,5","8,6","16,9","100","25,090707927298773","38,27321185848543","1447641088","[18:03:02] [Server thread/INFO]: The game is running normally [18:03:02] [Server thread/INFO]: Target tick rate: 20,0 per second. Average time per tick: 5,8ms (Target: 50,0ms) [18:03:02] [Server thread/INFO]: Percentiles: P50: 5,5ms P95: 8,6ms P99: 16,9ms, sample: 100"
"without-umce","1","2026-09-27T16:03:02.4033617+00:00",,"False","10","0","0","0","0","0","False","15","5,8","5,4","8,6","16,9","100","62,3326493031509","38,27321185848543","1447641088","[18:03:02] [Server thread/INFO]: The game is running normally [18:03:02] [Server thread/INFO]: Target tick rate: 20,0 per second. Average time per tick: 5,8ms (Target: 50,0ms) [18:03:02] [Server thread/INFO]: Percentiles: P50: 5,4ms P95: 8,6ms P99: 16,9ms, sample: 100"
"without-umce","1","2026-09-27T16:03:02.5286929+00:00",,"False","10","0","0","0","0","0","False","15","5,8","5,4","8,6","16,9","100","88,05524112845961","38,27321185848543","1447641088","[18:03:02] [Server thread/INFO]: The game is running normally [18:03:02] [Server thread/INFO]: Target tick rate: 20,0 per second. Average time per tick: 5,8ms (Target: 50,0ms) [18:03:02] [Server thread/INFO]: Percentiles: P50: 5,4ms P95: 8,6ms P99: 16,9ms, sample: 100"
"without-umce","1","2026-09-27T16:03:02.6529417+00:00",,"False","10","0","0","0","0","0","False","15","5,8","5,4","8,6","16,9","100","25,1898305631237","38,27321185848543","1447641088","[18:03:02] [Server thread/INFO]: The game is running normally [18:03:02] [Server thread/INFO]: Target tick rate: 20,0 per second. Average time per tick: 5,8ms (Target: 50,0ms) [18:03:02] [Server thread/INFO]: Percentiles: P50: 5,4ms P95: 8,6ms P99: 16,9ms, sample: 100"
"without-umce","1","2026-09-27T16:03:02.7769479+00:00",,"False","10","0","0","0","0","0","False","15","5,8","5,4","8,6","16,9","100","25,14934688152123","38,27321185848543","1447641088","[18:03:02] [Server thread/INFO]: The game is running normally [18:03:02] [Server thread/INFO]: Target tick rate: 20,0 per second. Average time per tick: 5,8ms (Target: 50,0ms) [18:03:02] [Server thread/INFO]: Percentiles: P50: 5,4ms P95: 8,6ms P99: 16,9ms, sample: 100"
"without-umce","1","2026-09-27T16:03:02.9012121+00:00",,"False","10","0","0","0","0","0","False","15","5,8","5,4","8,6","16,9","100","0","38,27321185848543","1447641088","[18:03:02] [Server thread/INFO]: The game is running normally [18:03:02] [Server thread/INFO]: Target tick rate: 20,0 per second. Average time per tick: 5,8ms (Target: 50,0ms) [18:03:02] [Server thread/INFO]: Percentiles: P50: 5,4ms P95: 8,6ms P99: 16,9ms, sample: 100"
"without-umce","1","2026-09-27T16:03:03.0270905+00:00",,"False","10","0","0","0","0","0","False","15","5,8","5,4","8,6","16,9","100","25,166177301960303","38,27321185848543","1447641088","[18:03:03] [Server thread/INFO]: The game is running normally [18:03:03] [Server thread/INFO]: Target tick rate: 20,0 per second. Average time per tick: 5,8ms (Target: 50,0ms) [18:03:03] [Server thread/INFO]: Percentiles: P50: 5,4ms P95: 8,6ms P99: 16,9ms, sample: 100"
"without-umce","1","2026-09-27T16:03:03.1512619+00:00",,"False","10","0","0","0","0","0","False","15","5,8","5,4","8,6","16,9","100","0","38,27321185848543","1447641088","[18:03:03] [Server thread/INFO]: The game is running normally [18:03:03] [Server thread/INFO]: Target tick rate: 20,0 per second. Average time per tick: 5,8ms (Target: 50,0ms) [18:03:03] [Server thread/INFO]: Percentiles: P50: 5,4ms P95: 8,6ms P99: 16,9ms, sample: 100"
"without-umce","1","2026-09-27T16:03:03.2758244+00:00",,"False","10","0","0","0","0","0","False","15","5,8","5,4","8,6","16,9","100","37,73537819502932","38,27321185848543","1447641088","[18:03:03] [Server thread/INFO]: The game is running normally [18:03:03] [Server thread/INFO]: Target tick rate: 20,0 per second. Average time per tick: 5,8ms (Target: 50,0ms) [18:03:03] [Server thread/INFO]: Percentiles: P50: 5,4ms P95: 8,6ms P99: 16,9ms, sample: 100"
"without-umce","1","2026-09-27T16:03:03.4000986+00:00",,"False","10","0","0","0","0","0","False","15","5,8","5,4","8,6","16,9","100","0","38,27321185848543","1447641088","[18:03:03] [Server thread/INFO]: The game is running normally [18:03:03] [Server thread/INFO]: Target tick rate: 20,0 per second. Average time per tick: 5,8ms (Target: 50,0ms) [18:03:03] [Server thread/INFO]: Percentiles: P50: 5,4ms P95: 8,6ms P99: 16,9ms, sample: 100"
"without-umce","1","2026-09-27T16:03:03.5239595+00:00",,"False","10","0","0","0","0","0","False","15","5,8","5,4","8,6","16,9","100","24,797690521648185","38,27321185848543","1447641088","[18:03:03] [Server thread/INFO]: The game is running normally [18:03:03] [Server thread/INFO]: Target tick rate: 20,0 per second. Average time per tick: 5,8ms (Target: 50,0ms) [18:03:03] [Server thread/INFO]: Percentiles: P50: 5,4ms P95: 8,6ms P99: 16,9ms, sample: 100"
"without-umce","1","2026-09-27T16:03:03.6499631+00:00",,"False","10","0","0","0","0","0","False","15","5,8","5,5","8,6","16,9","100","0","38,27321185848543","1447641088","[18:03:03] [Server thread/INFO]: The game is running normally [18:03:03] [Server thread/INFO]: Target tick rate: 20,0 per second. Average time per tick: 5,8ms (Target: 50,0ms) [18:03:03] [Server thread/INFO]: Percentiles: P50: 5,5ms P95: 8,6ms P99: 16,9ms, sample: 100"
"without-umce","1","2026-09-27T16:03:03.7731187+00:00",,"False","10","0","0","0","0","0","False","15","5,9","5,5","8,6","16,9","100","20,32343197405885","38,27321185848543","1447641088","[18:03:03] [Server thread/INFO]: The game is running normally [18:03:03] [Server thread/INFO]: Target tick rate: 20,0 per second. Average time per tick: 5,9ms (Target: 50,0ms) [18:03:03] [Server thread/INFO]: Percentiles: P50: 5,5ms P95: 8,6ms P99: 16,9ms, sample: 100"
"without-umce","1","2026-09-27T16:03:03.9269030+00:00",,"False","10","0","0","0","0","0","False","15","5,9","5,5","8,6","16,9","100","24,668962261618884","38,27321185848543","1447641088","[18:03:03] [Server thread/INFO]: The game is running normally [18:03:03] [Server thread/INFO]: Target tick rate: 20,0 per second. Average time per tick: 5,9ms (Target: 50,0ms) [18:03:03] [Server thread/INFO]: Percentiles: P50: 5,5ms P95: 8,6ms P99: 16,9ms, sample: 100"
"without-umce","1","2026-09-27T16:03:04.0535805+00:00",,"False","10","0","0","0","0","0","False","15","5,8","5,5","8,6","16,9","100","33,594179445593916","38,27321185848543","1447641088","[18:03:04] [Server thread/INFO]: The game is running normally [18:03:04] [Server thread/INFO]: Target tick rate: 20,0 per second. Average time per tick: 5,8ms (Target: 50,0ms) [18:03:04] [Server thread/INFO]: Percentiles: P50: 5,5ms P95: 8,6ms P99: 16,9ms, sample: 100"
"without-umce","1","2026-09-27T16:03:04.1931021+00:00",,"False","10","0","0","0","0","0","False","15","5,8","5,5","8,6","16,9","100","11,118883457734366","38,27321185848543","1447641088","[18:03:04] [Server thread/INFO]: The game is running normally [18:03:04] [Server thread/INFO]: Target tick rate: 20,0 per second. Average time per tick: 5,8ms (Target: 50,0ms) [18:03:04] [Server thread/INFO]: Percentiles: P50: 5,5ms P95: 8,6ms P99: 16,9ms, sample: 100"
"without-umce","1","2026-09-27T16:03:04.3336276+00:00",,"False","10","0","0","0","0","0","False","15","5,8","5,4","8,6","16,9","100","11,142941294349798","38,27321185848543","1447641088","[18:03:04] [Server thread/INFO]: The game is running normally [18:03:04] [Server thread/INFO]: Target tick rate: 20,0 per second. Average time per tick: 5,8ms (Target: 50,0ms) [18:03:04] [Server thread/INFO]: Percentiles: P50: 5,4ms P95: 8,6ms P99: 16,9ms, sample: 100"
"without-umce","1","2026-09-27T16:03:04.4738755+00:00",,"False","10","0","0","0","0","0","False","15","5,8","5,4","8,6","16,9","100","55,94114669147052","38,27321185848543","1447641088","[18:03:04] [Server thread/INFO]: The game is running normally [18:03:04] [Server thread/INFO]: Target tick rate: 20,0 per second. Average time per tick: 5,8ms (Target: 50,0ms) [18:03:04] [Server thread/INFO]: Percentiles: P50: 5,4ms P95: 8,6ms P99: 16,9ms, sample: 100"
"without-umce","1","2026-09-27T16:03:04.6135077+00:00",,"False","10","0","0","0","0","0","False","15","5,8","5,5","8,6","16,9","100","0","38,27321185848543","1447641088","[18:03:04] [Server thread/INFO]: The game is running normally [18:03:04] [Server thread/INFO]: Target tick rate: 20,0 per second. Average time per tick: 5,8ms (Target: 50,0ms) [18:03:04] [Server thread/INFO]: Percentiles: P50: 5,5ms P95: 8,6ms P99: 16,9ms, sample: 100"
"without-umce","1","2026-09-27T16:03:04.7399626+00:00",,"False","10","0","0","0","0","0","False","15","5,8","5,5","8,6","16,9","100","24,911653312691868","38,27321185848543","1447641088","[18:03:04] [Server thread/INFO]: The game is running normally [18:03:04] [Server thread/INFO]: Target tick rate: 20,0 per second. Average time per tick: 5,8ms (Target: 50,0ms) [18:03:04] [Server thread/INFO]: Percentiles: P50: 5,5ms P95: 8,6ms P99: 16,9ms, sample: 100"
"without-umce","1","2026-09-27T16:03:04.8658237+00:00",,"False","10","0","0","0","0","0","False","15","5,7","5,5","8,6","16,9","100","0","38,27321185848543","1447641088","[18:03:04] [Server thread/INFO]: The game is running normally [18:03:04] [Server thread/INFO]: Target tick rate: 20,0 per second. Average time per tick: 5,7ms (Target: 50,0ms) [18:03:04] [Server thread/INFO]: Percentiles: P50: 5,5ms P95: 8,6ms P99: 16,9ms, sample: 100"
"without-umce","1","2026-09-27T16:03:05.0045695+00:00",,"False","10","0","0","0","0","0","False","15","5,7","5,5","8,6","16,9","100","37,86446822534993","38,27321185848543","1447641088","[18:03:05] [Server thread/INFO]: The game is running normally [18:03:05] [Server thread/INFO]: Target tick rate: 20,0 per second. Average time per tick: 5,7ms (Target: 50,0ms) [18:03:05] [Server thread/INFO]: Percentiles: P50: 5,5ms P95: 8,6ms P99: 16,9ms, sample: 100"
"without-umce","1","2026-09-27T16:03:05.1283688+00:00",,"False","10","0","0","0","0","0","False","15","5,8","5,5","8,6","16,9","100","12,74848323645846","38,27321185848543","1447641088","[18:03:05] [Server thread/INFO]: The game is running normally [18:03:05] [Server thread/INFO]: Target tick rate: 20,0 per second. Average time per tick: 5,8ms (Target: 50,0ms) [18:03:05] [Server thread/INFO]: Percentiles: P50: 5,5ms P95: 8,6ms P99: 16,9ms, sample: 100"
"without-umce","1","2026-09-27T16:03:05.2509098+00:00",,"False","10","0","0","0","0","0","False","15","5,8","5,4","9,2","16,9","100","50,168526112918514","38,27321185848543","1447641088","[18:03:05] [Server thread/INFO]: The game is running normally [18:03:05] [Server thread/INFO]: Target tick rate: 20,0 per second. Average time per tick: 5,8ms (Target: 50,0ms) [18:03:05] [Server thread/INFO]: Percentiles: P50: 5,4ms P95: 9,2ms P99: 16,9ms, sample: 100"
"without-umce","1","2026-09-27T16:03:05.3755328+00:00",,"False","10","0","0","0","0","0","False","15","5,8","5,4","9,2","16,9","100","0","38,27321185848543","1447641088","[18:03:05] [Server thread/INFO]: The game is running normally [18:03:05] [Server thread/INFO]: Target tick rate: 20,0 per second. Average time per tick: 5,8ms (Target: 50,0ms) [18:03:05] [Server thread/INFO]: Percentiles: P50: 5,4ms P95: 9,2ms P99: 16,9ms, sample: 100"
"without-umce","1","2026-09-27T16:03:05.5000326+00:00",,"False","10","0","0","0","0","0","False","15","5,7","5,4","9,2","16,9","100","24,784533182326133","38,27321185848543","1447641088","[18:03:05] [Server thread/INFO]: The game is running normally [18:03:05] [Server thread/INFO]: Target tick rate: 20,0 per second. Average time per tick: 5,7ms (Target: 50,0ms) [18:03:05] [Server thread/INFO]: Percentiles: P50: 5,4ms P95: 9,2ms P99: 16,9ms, sample: 100"
"without-umce","1","2026-09-27T16:03:05.6261637+00:00",,"False","10","0","0","0","0","0","False","15","5,7","5,4","9,2","16,9","100","0","38,27321185848543","1447641088","[18:03:05] [Server thread/INFO]: The game is running normally [18:03:05] [Server thread/INFO]: Target tick rate: 20,0 per second. Average time per tick: 5,7ms (Target: 50,0ms) [18:03:05] [Server thread/INFO]: Percentiles: P50: 5,4ms P95: 9,2ms P99: 16,9ms, sample: 100"
"without-umce","1","2026-09-27T16:03:05.7501435+00:00",,"False","10","0","0","0","0","0","False","15","5,7","5,4","9,2","16,9","100","25,66465291534032","38,27321185848543","1447641088","[18:03:05] [Server thread/INFO]: The game is running normally [18:03:05] [Server thread/INFO]: Target tick rate: 20,0 per second. Average time per tick: 5,7ms (Target: 50,0ms) [18:03:05] [Server thread/INFO]: Percentiles: P50: 5,4ms P95: 9,2ms P99: 16,9ms, sample: 100"
"without-umce","1","2026-09-27T16:03:05.8718856+00:00",,"False","10","0","0","0","0","0","False","15","5,7","5,4","9,2","16,9","100","12,740458314035784","38,27321185848543","1447641088","[18:03:05] [Server thread/INFO]: The game is running normally [18:03:05] [Server thread/INFO]: Target tick rate: 20,0 per second. Average time per tick: 5,7ms (Target: 50,0ms) [18:03:05] [Server thread/INFO]: Percentiles: P50: 5,4ms P95: 9,2ms P99: 16,9ms, sample: 100"
"without-umce","1","2026-09-27T16:03:05.9945349+00:00",,"False","10","0","0","0","0","0","False","15","5,7","5,4","9,2","16,9","100","49,586173629358825","38,27321185848543","1447641088","[18:03:05] [Server thread/INFO]: The game is running normally [18:03:05] [Server thread/INFO]: Target tick rate: 20,0 per second. Average time per tick: 5,7ms (Target: 50,0ms) [18:03:05] [Server thread/INFO]: Percentiles: P50: 5,4ms P95: 9,2ms P99: 16,9ms, sample: 100"
"without-umce","1","2026-09-27T16:03:06.1206519+00:00",,"False","10","0","0","0","0","0","False","15","5,7","5,2","9,2","16,9","100","0","38,27321185848543","1447641088","[18:03:06] [Server thread/INFO]: The game is running normally [18:03:06] [Server thread/INFO]: Target tick rate: 20,0 per second. Average time per tick: 5,7ms (Target: 50,0ms) [18:03:06] [Server thread/INFO]: Percentiles: P50: 5,2ms P95: 9,2ms P99: 16,9ms, sample: 100"
"without-umce","1","2026-09-27T16:03:06.2438191+00:00",,"False","10","0","0","0","0","0","False","15","5,7","5,2","9,2","16,9","100","36,87652127942451","38,27321185848543","1447641088","[18:03:06] [Server thread/INFO]: The game is running normally [18:03:06] [Server thread/INFO]: Target tick rate: 20,0 per second. Average time per tick: 5,7ms (Target: 50,0ms) [18:03:06] [Server thread/INFO]: Percentiles: P50: 5,2ms P95: 9,2ms P99: 16,9ms, sample: 100"
"without-umce","1","2026-09-27T16:03:06.3710096+00:00",,"False","10","0","0","0","0","0","False","15","5,5","5,2","8","9,6","100","0","38,27321185848543","1447641088","[18:03:06] [Server thread/INFO]: The game is running normally [18:03:06] [Server thread/INFO]: Target tick rate: 20,0 per second. Average time per tick: 5,5ms (Target: 50,0ms) [18:03:06] [Server thread/INFO]: Percentiles: P50: 5,2ms P95: 8,0ms P99: 9,6ms, sample: 100"
"without-umce","1","2026-09-27T16:03:06.4939459+00:00",,"False","10","0","0","0","0","0","False","15","5,5","5,1","8","9,6","100","24,703850243283515","38,27321185848543","1447641088","[18:03:06] [Server thread/INFO]: The game is running normally [18:03:06] [Server thread/INFO]: Target tick rate: 20,0 per second. Average time per tick: 5,5ms (Target: 50,0ms) [18:03:06] [Server thread/INFO]: Percentiles: P50: 5,1ms P95: 8,0ms P99: 9,6ms, sample: 100"
"without-umce","1","2026-09-27T16:03:06.6204749+00:00",,"False","10","0","0","0","0","0","False","15","5,5","5,1","8","9,6","100","0","38,27321185848543","1447641088","[18:03:06] [Server thread/INFO]: The game is running normally [18:03:06] [Server thread/INFO]: Target tick rate: 20,0 per second. Average time per tick: 5,5ms (Target: 50,0ms) [18:03:06] [Server thread/INFO]: Percentiles: P50: 5,1ms P95: 8,0ms P99: 9,6ms, sample: 100"
"without-umce","1","2026-09-27T16:03:06.7470756+00:00",,"False","10","0","0","0","0","0","False","15","5,5","5,1","8","9,6","100","25,352028121686487","38,27321185848543","1447641088","[18:03:06] [Server thread/INFO]: The game is running normally [18:03:06] [Server thread/INFO]: Target tick rate: 20,0 per second. Average time per tick: 5,5ms (Target: 50,0ms) [18:03:06] [Server thread/INFO]: Percentiles: P50: 5,1ms P95: 8,0ms P99: 9,6ms, sample: 100"
"without-umce","1","2026-09-27T16:03:06.8703713+00:00",,"False","10","0","0","0","0","0","False","15","5,4","5,1","8","9,6","100","0","38,27321185848543","1447641088","[18:03:06] [Server thread/INFO]: The game is running normally [18:03:06] [Server thread/INFO]: Target tick rate: 20,0 per second. Average time per tick: 5,4ms (Target: 50,0ms) [18:03:06] [Server thread/INFO]: Percentiles: P50: 5,1ms P95: 8,0ms P99: 9,6ms, sample: 100"
"with-umce","1","2026-09-27T16:03:52.7390142+00:00","646522184381b84f3179ea440c481a63331a8f518bdbf22902283a96953672c7","True","10","0","0","0","0","0","False","15","6,1","5,7","9,5","10,4","100","37,42792878034057","38,87932238558812","1461641216","[18:03:52] [Server thread/INFO]: The game is running normally [18:03:52] [Server thread/INFO]: Target tick rate: 20,0 per second. Average time per tick: 6,1ms (Target: 50,0ms) [18:03:52] [Server thread/INFO]: Percentiles: P50: 5,7ms P95: 9,5ms P99: 10,4ms, sample: 100"
"with-umce","1","2026-09-27T16:03:52.8703894+00:00","646522184381b84f3179ea440c481a63331a8f518bdbf22902283a96953672c7","True","10","0","0","0","0","0","False","15","6,1","5,7","9,5","10,4","100","11,217378069792552","38,87932238558812","1461641216","[18:03:52] [Server thread/INFO]: The game is running normally [18:03:52] [Server thread/INFO]: Target tick rate: 20,0 per second. Average time per tick: 6,1ms (Target: 50,0ms) [18:03:52] [Server thread/INFO]: Percentiles: P50: 5,7ms P95: 9,5ms P99: 10,4ms, sample: 100"
"with-umce","1","2026-09-27T16:03:53.0036098+00:00","646522184381b84f3179ea440c481a63331a8f518bdbf22902283a96953672c7","True","10","0","0","0","0","0","False","15","6,2","5,8","9,6","15,1","100","25,106592549327424","38,87932238558812","1461641216","[18:03:53] [Server thread/INFO]: The game is running normally [18:03:53] [Server thread/INFO]: Target tick rate: 20,0 per second. Average time per tick: 6,2ms (Target: 50,0ms) [18:03:53] [Server thread/INFO]: Percentiles: P50: 5,8ms P95: 9,6ms P99: 15,1ms, sample: 100"
"with-umce","1","2026-09-27T16:03:53.1281407+00:00","646522184381b84f3179ea440c481a63331a8f518bdbf22902283a96953672c7","True","10","0","0","0","0","0","False","15","6,3","5,8","9,6","15,1","100","12,545646078692716","38,87932238558812","1461641216","[18:03:53] [Server thread/INFO]: The game is running normally [18:03:53] [Server thread/INFO]: Target tick rate: 20,0 per second. Average time per tick: 6,3ms (Target: 50,0ms) [18:03:53] [Server thread/INFO]: Percentiles: P50: 5,8ms P95: 9,6ms P99: 15,1ms, sample: 100"
"with-umce","1","2026-09-27T16:03:53.2526396+00:00","646522184381b84f3179ea440c481a63331a8f518bdbf22902283a96953672c7","True","10","0","0","0","0","0","False","15","6,4","5,9","9,8","15,1","100","37,84997601825519","38,87932238558812","1461641216","[18:03:53] [Server thread/INFO]: The game is running normally [18:03:53] [Server thread/INFO]: Target tick rate: 20,0 per second. Average time per tick: 6,4ms (Target: 50,0ms) [18:03:53] [Server thread/INFO]: Percentiles: P50: 5,9ms P95: 9,8ms P99: 15,1ms, sample: 100"
"with-umce","1","2026-09-27T16:03:53.3764951+00:00","646522184381b84f3179ea440c481a63331a8f518bdbf22902283a96953672c7","True","10","0","0","0","0","0","False","15","6,3","5,9","9,8","15,1","100","25,139959180751077","38,87932238558812","1461641216","[18:03:53] [Server thread/INFO]: The game is running normally [18:03:53] [Server thread/INFO]: Target tick rate: 20,0 per second. Average time per tick: 6,3ms (Target: 50,0ms) [18:03:53] [Server thread/INFO]: Percentiles: P50: 5,9ms P95: 9,8ms P99: 15,1ms, sample: 100"
"with-umce","1","2026-09-27T16:03:53.5007761+00:00","646522184381b84f3179ea440c481a63331a8f518bdbf22902283a96953672c7","True","10","0","0","0","0","0","False","15","6,4","6","9,8","15,1","100","37,8422452661874","38,87932238558812","1461641216","[18:03:53] [Server thread/INFO]: The game is running normally [18:03:53] [Server thread/INFO]: Target tick rate: 20,0 per second. Average time per tick: 6,4ms (Target: 50,0ms) [18:03:53] [Server thread/INFO]: Percentiles: P50: 6,0ms P95: 9,8ms P99: 15,1ms, sample: 100"
"with-umce","1","2026-09-27T16:03:53.6246760+00:00","646522184381b84f3179ea440c481a63331a8f518bdbf22902283a96953672c7","True","10","0","0","0","0","0","False","15","6,4","6,1","9,8","15,1","100","37,15997139772228","38,87932238558812","1461641216","[18:03:53] [Server thread/INFO]: The game is running normally [18:03:53] [Server thread/INFO]: Target tick rate: 20,0 per second. Average time per tick: 6,4ms (Target: 50,0ms) [18:03:53] [Server thread/INFO]: Percentiles: P50: 6,1ms P95: 9,8ms P99: 15,1ms, sample: 100"
"with-umce","1","2026-09-27T16:03:53.7508208+00:00","646522184381b84f3179ea440c481a63331a8f518bdbf22902283a96953672c7","True","10","0","0","0","0","0","False","15","6,4","6,1","9,9","15,1","100","50,622945720862646","38,87932238558812","1461641216","[18:03:53] [Server thread/INFO]: The game is running normally [18:03:53] [Server thread/INFO]: Target tick rate: 20,0 per second. Average time per tick: 6,4ms (Target: 50,0ms) [18:03:53] [Server thread/INFO]: Percentiles: P50: 6,1ms P95: 9,9ms P99: 15,1ms, sample: 100"
"with-umce","1","2026-09-27T16:03:53.8742948+00:00","646522184381b84f3179ea440c481a63331a8f518bdbf22902283a96953672c7","True","10","0","0","0","0","0","False","15","6,5","6,1","9,9","15,1","100","62,92892354286819","38,87932238558812","1461641216","[18:03:53] [Server thread/INFO]: The game is running normally [18:03:53] [Server thread/INFO]: Target tick rate: 20,0 per second. Average time per tick: 6,5ms (Target: 50,0ms) [18:03:53] [Server thread/INFO]: Percentiles: P50: 6,1ms P95: 9,9ms P99: 15,1ms, sample: 100"
"with-umce","1","2026-09-27T16:03:53.9984160+00:00","646522184381b84f3179ea440c481a63331a8f518bdbf22902283a96953672c7","True","10","0","0","0","0","0","False","15","6,6","6,3","9,9","15,1","100","37,87266704371011","38,87932238558812","1461641216","[18:03:53] [Server thread/INFO]: The game is running normally [18:03:53] [Server thread/INFO]: Target tick rate: 20,0 per second. Average time per tick: 6,6ms (Target: 50,0ms) [18:03:53] [Server thread/INFO]: Percentiles: P50: 6,3ms P95: 9,9ms P99: 15,1ms, sample: 100"
"with-umce","1","2026-09-27T16:03:54.1221745+00:00","646522184381b84f3179ea440c481a63331a8f518bdbf22902283a96953672c7","True","10","0","0","0","0","0","False","15","6,6","6,3","9,9","15,1","100","0","38,87932238558812","1461641216","[18:03:54] [Server thread/INFO]: The game is running normally [18:03:54] [Server thread/INFO]: Target tick rate: 20,0 per second. Average time per tick: 6,6ms (Target: 50,0ms) [18:03:54] [Server thread/INFO]: Percentiles: P50: 6,3ms P95: 9,9ms P99: 15,1ms, sample: 100"
"with-umce","1","2026-09-27T16:03:54.2467954+00:00","646522184381b84f3179ea440c481a63331a8f518bdbf22902283a96953672c7","True","10","0","0","0","0","0","False","15","6,6","6,4","9,9","15,1","100","89,16030758370064","38,87932238558812","1461641216","[18:03:54] [Server thread/INFO]: The game is running normally [18:03:54] [Server thread/INFO]: Target tick rate: 20,0 per second. Average time per tick: 6,6ms (Target: 50,0ms) [18:03:54] [Server thread/INFO]: Percentiles: P50: 6,4ms P95: 9,9ms P99: 15,1ms, sample: 100"
"with-umce","1","2026-09-27T16:03:54.3694511+00:00","646522184381b84f3179ea440c481a63331a8f518bdbf22902283a96953672c7","True","10","0","0","0","0","0","False","15","6,8","6,4","10,4","15,1","100","0","38,87932238558812","1461641216","[18:03:54] [Server thread/INFO]: The game is running normally [18:03:54] [Server thread/INFO]: Target tick rate: 20,0 per second. Average time per tick: 6,8ms (Target: 50,0ms) [18:03:54] [Server thread/INFO]: Percentiles: P50: 6,4ms P95: 10,4ms P99: 15,1ms, sample: 100"
"with-umce","1","2026-09-27T16:03:54.4952234+00:00","646522184381b84f3179ea440c481a63331a8f518bdbf22902283a96953672c7","True","10","0","0","0","0","0","False","15","6,8","6,4","10,4","15,1","100","49,98400511836213","38,87932238558812","1461641216","[18:03:54] [Server thread/INFO]: The game is running normally [18:03:54] [Server thread/INFO]: Target tick rate: 20,0 per second. Average time per tick: 6,8ms (Target: 50,0ms) [18:03:54] [Server thread/INFO]: Percentiles: P50: 6,4ms P95: 10,4ms P99: 15,1ms, sample: 100"
"with-umce","1","2026-09-27T16:03:54.6202903+00:00","646522184381b84f3179ea440c481a63331a8f518bdbf22902283a96953672c7","True","10","0","0","0","0","0","False","15","6,9","6,4","10,4","15,1","100","0","38,87932238558812","1461641216","[18:03:54] [Server thread/INFO]: The game is running normally [18:03:54] [Server thread/INFO]: Target tick rate: 20,0 per second. Average time per tick: 6,9ms (Target: 50,0ms) [18:03:54] [Server thread/INFO]: Percentiles: P50: 6,4ms P95: 10,4ms P99: 15,1ms, sample: 100"
"with-umce","1","2026-09-27T16:03:54.7444294+00:00","646522184381b84f3179ea440c481a63331a8f518bdbf22902283a96953672c7","True","10","0","0","0","0","0","False","15","6,9","6,5","10,4","15,1","100","37,84239801726017","38,87932238558812","1461641216","[18:03:54] [Server thread/INFO]: The game is running normally [18:03:54] [Server thread/INFO]: Target tick rate: 20,0 per second. Average time per tick: 6,9ms (Target: 50,0ms) [18:03:54] [Server thread/INFO]: Percentiles: P50: 6,5ms P95: 10,4ms P99: 15,1ms, sample: 100"
"with-umce","1","2026-09-27T16:03:54.8682674+00:00","646522184381b84f3179ea440c481a63331a8f518bdbf22902283a96953672c7","True","10","0","0","0","0","0","False","15","7","6,7","10,4","15,1","100","0","38,87932238558812","1461641216","[18:03:54] [Server thread/INFO]: The game is running normally [18:03:54] [Server thread/INFO]: Target tick rate: 20,0 per second. Average time per tick: 7,0ms (Target: 50,0ms) [18:03:54] [Server thread/INFO]: Percentiles: P50: 6,7ms P95: 10,4ms P99: 15,1ms, sample: 100"
"with-umce","1","2026-09-27T16:03:54.9941064+00:00","646522184381b84f3179ea440c481a63331a8f518bdbf22902283a96953672c7","True","10","0","0","0","0","0","False","15","7,1","6,7","10,4","15,1","100","63,558477460231714","38,87932238558812","1461641216","[18:03:54] [Server thread/INFO]: The game is running normally [18:03:54] [Server thread/INFO]: Target tick rate: 20,0 per second. Average time per tick: 7,1ms (Target: 50,0ms) [18:03:54] [Server thread/INFO]: Percentiles: P50: 6,7ms P95: 10,4ms P99: 15,1ms, sample: 100"
"with-umce","1","2026-09-27T16:03:55.1170334+00:00","646522184381b84f3179ea440c481a63331a8f518bdbf22902283a96953672c7","True","10","0","0","0","0","0","False","15","7,1","6,7","10,4","15,1","100","12,454903286181395","38,87932238558812","1461641216","[18:03:55] [Server thread/INFO]: The game is running normally [18:03:55] [Server thread/INFO]: Target tick rate: 20,0 per second. Average time per tick: 7,1ms (Target: 50,0ms) [18:03:55] [Server thread/INFO]: Percentiles: P50: 6,7ms P95: 10,4ms P99: 15,1ms, sample: 100"
"with-umce","1","2026-09-27T16:03:55.2425181+00:00","646522184381b84f3179ea440c481a63331a8f518bdbf22902283a96953672c7","True","10","0","0","0","0","0","False","15","7,1","6,8","10,4","15,1","100","37,453557588590144","38,87932238558812","1461641216","[18:03:55] [Server thread/INFO]: The game is running normally [18:03:55] [Server thread/INFO]: Target tick rate: 20,0 per second. Average time per tick: 7,1ms (Target: 50,0ms) [18:03:55] [Server thread/INFO]: Percentiles: P50: 6,8ms P95: 10,4ms P99: 15,1ms, sample: 100"
"with-umce","1","2026-09-27T16:03:55.3676499+00:00","646522184381b84f3179ea440c481a63331a8f518bdbf22902283a96953672c7","True","10","0","0","0","0","0","False","15","7,1","6,8","10,4","15,1","100","0","38,87932238558812","1461641216","[18:03:55] [Server thread/INFO]: The game is running normally [18:03:55] [Server thread/INFO]: Target tick rate: 20,0 per second. Average time per tick: 7,1ms (Target: 50,0ms) [18:03:55] [Server thread/INFO]: Percentiles: P50: 6,8ms P95: 10,4ms P99: 15,1ms, sample: 100"
"with-umce","1","2026-09-27T16:03:55.4913803+00:00","646522184381b84f3179ea440c481a63331a8f518bdbf22902283a96953672c7","True","10","0","0","0","0","0","False","15","7,1","6,9","10,4","15,1","100","50,05013021041875","38,87932238558812","1461641216","[18:03:55] [Server thread/INFO]: The game is running normally [18:03:55] [Server thread/INFO]: Target tick rate: 20,0 per second. Average time per tick: 7,1ms (Target: 50,0ms) [18:03:55] [Server thread/INFO]: Percentiles: P50: 6,9ms P95: 10,4ms P99: 15,1ms, sample: 100"
"with-umce","1","2026-09-27T16:03:55.6162360+00:00","646522184381b84f3179ea440c481a63331a8f518bdbf22902283a96953672c7","True","10","0","0","0","0","0","False","15","7,2","6,9","10,4","15,1","100","24,925940046932553","38,87932238558812","1461641216","[18:03:55] [Server thread/INFO]: The game is running normally [18:03:55] [Server thread/INFO]: Target tick rate: 20,0 per second. Average time per tick: 7,2ms (Target: 50,0ms) [18:03:55] [Server thread/INFO]: Percentiles: P50: 6,9ms P95: 10,4ms P99: 15,1ms, sample: 100"
"with-umce","1","2026-09-27T16:03:55.7416132+00:00","646522184381b84f3179ea440c481a63331a8f518bdbf22902283a96953672c7","True","10","0","0","0","0","0","False","15","7,2","6,9","10,4","15,1","100","63,172458182864965","38,87932238558812","1461641216","[18:03:55] [Server thread/INFO]: The game is running normally [18:03:55] [Server thread/INFO]: Target tick rate: 20,0 per second. Average time per tick: 7,2ms (Target: 50,0ms) [18:03:55] [Server thread/INFO]: Percentiles: P50: 6,9ms P95: 10,4ms P99: 15,1ms, sample: 100"
"with-umce","1","2026-09-27T16:03:55.8652668+00:00","646522184381b84f3179ea440c481a63331a8f518bdbf22902283a96953672c7","True","10","0","0","0","0","0","False","15","7,3","7","10,4","15,1","100","0","38,87932238558812","1461641216","[18:03:55] [Server thread/INFO]: The game is running normally [18:03:55] [Server thread/INFO]: Target tick rate: 20,0 per second. Average time per tick: 7,3ms (Target: 50,0ms) [18:03:55] [Server thread/INFO]: Percentiles: P50: 7,0ms P95: 10,4ms P99: 15,1ms, sample: 100"
"with-umce","1","2026-09-27T16:03:55.9915255+00:00","646522184381b84f3179ea440c481a63331a8f518bdbf22902283a96953672c7","True","10","0","0","0","0","0","False","15","7,3","7","10,4","15,1","100","37,593502559566154","38,87932238558812","1461641216","[18:03:56] [Server thread/INFO]: The game is running normally [18:03:56] [Server thread/INFO]: Target tick rate: 20,0 per second. Average time per tick: 7,3ms (Target: 50,0ms) [18:03:56] [Server thread/INFO]: Percentiles: P50: 7,0ms P95: 10,4ms P99: 15,1ms, sample: 100"
"with-umce","1","2026-09-27T16:03:56.1161429+00:00","646522184381b84f3179ea440c481a63331a8f518bdbf22902283a96953672c7","True","10","0","0","0","0","0","False","15","7,4","7","10,4","15,1","100","0","38,87932238558812","1461641216","[18:03:56] [Server thread/INFO]: The game is running normally [18:03:56] [Server thread/INFO]: Target tick rate: 20,0 per second. Average time per tick: 7,4ms (Target: 50,0ms) [18:03:56] [Server thread/INFO]: Percentiles: P50: 7,0ms P95: 10,4ms P99: 15,1ms, sample: 100"
"with-umce","1","2026-09-27T16:03:56.2417238+00:00","646522184381b84f3179ea440c481a63331a8f518bdbf22902283a96953672c7","True","10","0","0","0","0","0","False","15","7,4","7","10,3","15,1","100","44,87447353267651","38,87932238558812","1461641216","[18:03:56] [Server thread/INFO]: The game is running normally [18:03:56] [Server thread/INFO]: Target tick rate: 20,0 per second. Average time per tick: 7,4ms (Target: 50,0ms) [18:03:56] [Server thread/INFO]: Percentiles: P50: 7,0ms P95: 10,3ms P99: 15,1ms, sample: 100"
"with-umce","1","2026-09-27T16:03:56.3810141+00:00","646522184381b84f3179ea440c481a63331a8f518bdbf22902283a96953672c7","True","10","0","0","0","0","0","False","15","7,5","7,1","10,8","15,1","100","25,600422058798234","38,87932238558812","1461641216","[18:03:56] [Server thread/INFO]: The game is running normally [18:03:56] [Server thread/INFO]: Target tick rate: 20,0 per second. Average time per tick: 7,5ms (Target: 50,0ms) [18:03:56] [Server thread/INFO]: Percentiles: P50: 7,1ms P95: 10,8ms P99: 15,1ms, sample: 100"
"with-umce","1","2026-09-27T16:03:56.5030750+00:00","646522184381b84f3179ea440c481a63331a8f518bdbf22902283a96953672c7","True","10","0","0","0","0","0","False","15","7,5","7,1","10,8","15,1","100","25,487109639428763","38,87932238558812","1461641216","[18:03:56] [Server thread/INFO]: The game is running normally [18:03:56] [Server thread/INFO]: Target tick rate: 20,0 per second. Average time per tick: 7,5ms (Target: 50,0ms) [18:03:56] [Server thread/INFO]: Percentiles: P50: 7,1ms P95: 10,8ms P99: 15,1ms, sample: 100"
"with-umce","1","2026-09-27T16:03:56.6256519+00:00","646522184381b84f3179ea440c481a63331a8f518bdbf22902283a96953672c7","True","10","0","0","0","0","0","False","15","7,6","7,2","10,8","15,1","100","49,467218272319805","38,87932238558812","1461641216","[18:03:56] [Server thread/INFO]: The game is running normally [18:03:56] [Server thread/INFO]: Target tick rate: 20,0 per second. Average time per tick: 7,6ms (Target: 50,0ms) [18:03:56] [Server thread/INFO]: Percentiles: P50: 7,2ms P95: 10,8ms P99: 15,1ms, sample: 100"
"with-umce","1","2026-09-27T16:03:56.7520234+00:00","646522184381b84f3179ea440c481a63331a8f518bdbf22902283a96953672c7","True","10","0","0","0","0","0","False","15","7,6","7,2","10,8","15,1","100","50,35956731059766","38,87932238558812","1461641216","[18:03:56] [Server thread/INFO]: The game is running normally [18:03:56] [Server thread/INFO]: Target tick rate: 20,0 per second. Average time per tick: 7,6ms (Target: 50,0ms) [18:03:56] [Server thread/INFO]: Percentiles: P50: 7,2ms P95: 10,8ms P99: 15,1ms, sample: 100"
"with-umce","1","2026-09-27T16:03:56.8761328+00:00","646522184381b84f3179ea440c481a63331a8f518bdbf22902283a96953672c7","True","10","0","0","0","0","0","False","15","7,6","7,3","10,8","15,1","100","75,81449023145457","38,87932238558812","1461641216","[18:03:56] [Server thread/INFO]: The game is running normally [18:03:56] [Server thread/INFO]: Target tick rate: 20,0 per second. Average time per tick: 7,6ms (Target: 50,0ms) [18:03:56] [Server thread/INFO]: Percentiles: P50: 7,3ms P95: 10,8ms P99: 15,1ms, sample: 100"
"with-umce","1","2026-09-27T16:03:56.9997659+00:00","646522184381b84f3179ea440c481a63331a8f518bdbf22902283a96953672c7","True","10","0","0","0","0","0","False","15","7,7","7,3","10,8","15,1","100","74,52157151090002","38,87932238558812","1461641216","[18:03:57] [Server thread/INFO]: The game is running normally [18:03:57] [Server thread/INFO]: Target tick rate: 20,0 per second. Average time per tick: 7,7ms (Target: 50,0ms) [18:03:57] [Server thread/INFO]: Percentiles: P50: 7,3ms P95: 10,8ms P99: 15,1ms, sample: 100"
"with-umce","1","2026-09-27T16:03:57.1258307+00:00","646522184381b84f3179ea440c481a63331a8f518bdbf22902283a96953672c7","True","10","0","0","0","0","0","False","15","7,7","7,3","10,8","15,1","100","50,47372620466651","38,87932238558812","1461641216","[18:03:57] [Server thread/INFO]: The game is running normally [18:03:57] [Server thread/INFO]: Target tick rate: 20,0 per second. Average time per tick: 7,7ms (Target: 50,0ms) [18:03:57] [Server thread/INFO]: Percentiles: P50: 7,3ms P95: 10,8ms P99: 15,1ms, sample: 100"
"with-umce","1","2026-09-27T16:03:57.2494221+00:00","646522184381b84f3179ea440c481a63331a8f518bdbf22902283a96953672c7","True","10","0","0","0","0","0","False","15","7,7","7,3","10,8","15,1","100","101,20760919288956","38,87932238558812","1461641216","[18:03:57] [Server thread/INFO]: The game is running normally [18:03:57] [Server thread/INFO]: Target tick rate: 20,0 per second. Average time per tick: 7,7ms (Target: 50,0ms) [18:03:57] [Server thread/INFO]: Percentiles: P50: 7,3ms P95: 10,8ms P99: 15,1ms, sample: 100"
"with-umce","1","2026-09-27T16:03:57.3728940+00:00","646522184381b84f3179ea440c481a63331a8f518bdbf22902283a96953672c7","True","10","0","0","0","0","0","False","15","7,8","7,4","10,8","15,1","100","0","38,87932238558812","1461641216","[18:03:57] [Server thread/INFO]: The game is running normally [18:03:57] [Server thread/INFO]: Target tick rate: 20,0 per second. Average time per tick: 7,8ms (Target: 50,0ms) [18:03:57] [Server thread/INFO]: Percentiles: P50: 7,4ms P95: 10,8ms P99: 15,1ms, sample: 100"
"with-umce","1","2026-09-27T16:03:57.4958387+00:00","646522184381b84f3179ea440c481a63331a8f518bdbf22902283a96953672c7","True","10","0","0","0","0","0","False","15","7,8","7,4","10,8","15,1","100","76,49089941875076","38,87932238558812","1461641216","[18:03:57] [Server thread/INFO]: The game is running normally [18:03:57] [Server thread/INFO]: Target tick rate: 20,0 per second. Average time per tick: 7,8ms (Target: 50,0ms) [18:03:57] [Server thread/INFO]: Percentiles: P50: 7,4ms P95: 10,8ms P99: 15,1ms, sample: 100"
"with-umce","1","2026-09-27T16:03:57.6184060+00:00","646522184381b84f3179ea440c481a63331a8f518bdbf22902283a96953672c7","True","10","0","0","0","0","0","False","15","7,8","7,5","11","15,1","100","0","38,87932238558812","1461641216","[18:03:57] [Server thread/INFO]: The game is running normally [18:03:57] [Server thread/INFO]: Target tick rate: 20,0 per second. Average time per tick: 7,8ms (Target: 50,0ms) [18:03:57] [Server thread/INFO]: Percentiles: P50: 7,5ms P95: 11,0ms P99: 15,1ms, sample: 100"
"with-umce","1","2026-09-27T16:03:57.7422488+00:00","646522184381b84f3179ea440c481a63331a8f518bdbf22902283a96953672c7","True","10","0","0","0","0","0","False","15","7,8","7,5","11","15,1","100","50,36317895608814","38,87932238558812","1461641216","[18:03:57] [Server thread/INFO]: The game is running normally [18:03:57] [Server thread/INFO]: Target tick rate: 20,0 per second. Average time per tick: 7,8ms (Target: 50,0ms) [18:03:57] [Server thread/INFO]: Percentiles: P50: 7,5ms P95: 11,0ms P99: 15,1ms, sample: 100"
"with-umce","1","2026-09-27T16:03:57.8663122+00:00","646522184381b84f3179ea440c481a63331a8f518bdbf22902283a96953672c7","True","10","0","0","0","0","0","False","15","7,9","7,6","11","15,1","100","62,567272331210525","38,87932238558812","1461641216","[18:03:57] [Server thread/INFO]: The game is running normally [18:03:57] [Server thread/INFO]: Target tick rate: 20,0 per second. Average time per tick: 7,9ms (Target: 50,0ms) [18:03:57] [Server thread/INFO]: Percentiles: P50: 7,6ms P95: 11,0ms P99: 15,1ms, sample: 100"
"with-umce","1","2026-09-27T16:03:57.9912293+00:00","646522184381b84f3179ea440c481a63331a8f518bdbf22902283a96953672c7","True","10","0","0","0","0","0","False","15","7,9","7,6","10,8","11,3","100","99,54680983002183","38,87932238558812","1461641216","[18:03:58] [Server thread/INFO]: The game is running normally [18:03:58] [Server thread/INFO]: Target tick rate: 20,0 per second. Average time per tick: 7,9ms (Target: 50,0ms) [18:03:58] [Server thread/INFO]: Percentiles: P50: 7,6ms P95: 10,8ms P99: 11,3ms, sample: 100"
"with-umce","1","2026-09-27T16:03:58.1324755+00:00","646522184381b84f3179ea440c481a63331a8f518bdbf22902283a96953672c7","True","10","0","0","0","0","0","False","15","7,9","7,6","10,8","11,3","100","55,61503645498901","38,87932238558812","1461641216","[18:03:58] [Server thread/INFO]: The game is running normally [18:03:58] [Server thread/INFO]: Target tick rate: 20,0 per second. Average time per tick: 7,9ms (Target: 50,0ms) [18:03:58] [Server thread/INFO]: Percentiles: P50: 7,6ms P95: 10,8ms P99: 11,3ms, sample: 100"
"with-umce","1","2026-09-27T16:03:58.2729255+00:00","646522184381b84f3179ea440c481a63331a8f518bdbf22902283a96953672c7","True","10","0","0","0","0","0","False","15","7,9","7,6","11","11,4","100","45,2598130516266","38,87932238558812","1461641216","[18:03:58] [Server thread/INFO]: The game is running normally [18:03:58] [Server thread/INFO]: Target tick rate: 20,0 per second. Average time per tick: 7,9ms (Target: 50,0ms) [18:03:58] [Server thread/INFO]: Percentiles: P50: 7,6ms P95: 11,0ms P99: 11,4ms, sample: 100"
"with-umce","1","2026-09-27T16:03:58.4110851+00:00","646522184381b84f3179ea440c481a63331a8f518bdbf22902283a96953672c7","True","10","0","0","0","0","0","False","15","8,1","7,8","11,1","14,6","100","44,79541753629504","38,87932238558812","1461641216","[18:03:58] [Server thread/INFO]: The game is running normally [18:03:58] [Server thread/INFO]: Target tick rate: 20,0 per second. Average time per tick: 8,1ms (Target: 50,0ms) [18:03:58] [Server thread/INFO]: Percentiles: P50: 7,8ms P95: 11,1ms P99: 14,6ms, sample: 100"
"with-umce","1","2026-09-27T16:03:58.5505354+00:00","646522184381b84f3179ea440c481a63331a8f518bdbf22902283a96953672c7","True","10","0","0","0","0","0","False","15","8,1","7,8","11,1","14,6","100","12,687356734367755","38,87932238558812","1461641216","[18:03:58] [Server thread/INFO]: The game is running normally [18:03:58] [Server thread/INFO]: Target tick rate: 20,0 per second. Average time per tick: 8,1ms (Target: 50,0ms) [18:03:58] [Server thread/INFO]: Percentiles: P50: 7,8ms P95: 11,1ms P99: 14,6ms, sample: 100"
"with-umce","1","2026-09-27T16:03:58.6736940+00:00","646522184381b84f3179ea440c481a63331a8f518bdbf22902283a96953672c7","True","10","0","0","0","0","0","False","15","8,1","7,9","11,1","14,6","100","25,146533882238582","38,87932238558812","1461641216","[18:03:58] [Server thread/INFO]: The game is running normally [18:03:58] [Server thread/INFO]: Target tick rate: 20,0 per second. Average time per tick: 8,1ms (Target: 50,0ms) [18:03:58] [Server thread/INFO]: Percentiles: P50: 7,9ms P95: 11,1ms P99: 14,6ms, sample: 100"
"with-umce","1","2026-09-27T16:03:58.7980325+00:00","646522184381b84f3179ea440c481a63331a8f518bdbf22902283a96953672c7","True","10","0","0","0","0","0","False","15","8,1","7,8","11,1","14,6","100","50,25040783230996","38,87932238558812","1461641216","[18:03:58] [Server thread/INFO]: The game is running normally [18:03:58] [Server thread/INFO]: Target tick rate: 20,0 per second. Average time per tick: 8,1ms (Target: 50,0ms) [18:03:58] [Server thread/INFO]: Percentiles: P50: 7,8ms P95: 11,1ms P99: 14,6ms, sample: 100"
"with-umce","1","2026-09-27T16:03:58.9223639+00:00","646522184381b84f3179ea440c481a63331a8f518bdbf22902283a96953672c7","True","10","0","0","0","0","0","False","15","8,1","7,8","11,1","14,6","100","25,134398656496014","38,87932238558812","1461641216","[18:03:58] [Server thread/INFO]: The game is running normally [18:03:58] [Server thread/INFO]: Target tick rate: 20,0 per second. Average time per tick: 8,1ms (Target: 50,0ms) [18:03:58] [Server thread/INFO]: Percentiles: P50: 7,8ms P95: 11,1ms P99: 14,6ms, sample: 100"
"with-umce","1","2026-09-27T16:03:59.0467788+00:00","646522184381b84f3179ea440c481a63331a8f518bdbf22902283a96953672c7","True","10","0","0","0","0","0","False","15","8,1","7,8","11,1","14,6","100","24,989264611922717","38,87932238558812","1461641216","[18:03:59] [Server thread/INFO]: The game is running normally [18:03:59] [Server thread/INFO]: Target tick rate: 20,0 per second. Average time per tick: 8,1ms (Target: 50,0ms) [18:03:59] [Server thread/INFO]: Percentiles: P50: 7,8ms P95: 11,1ms P99: 14,6ms, sample: 100"
"with-umce","1","2026-09-27T16:03:59.1717353+00:00","646522184381b84f3179ea440c481a63331a8f518bdbf22902283a96953672c7","True","10","0","0","0","0","0","False","15","8,1","7,6","11,1","14,6","100","25,01771254047866","38,87932238558812","1461641216","[18:03:59] [Server thread/INFO]: The game is running normally [18:03:59] [Server thread/INFO]: Target tick rate: 20,0 per second. Average time per tick: 8,1ms (Target: 50,0ms) [18:03:59] [Server thread/INFO]: Percentiles: P50: 7,6ms P95: 11,1ms P99: 14,6ms, sample: 100"
"with-umce","1","2026-09-27T16:03:59.2966485+00:00","646522184381b84f3179ea440c481a63331a8f518bdbf22902283a96953672c7","True","10","0","0","0","0","0","False","15","8,1","7,5","11,1","14,6","100","24,95687452082801","38,87932238558812","1461641216","[18:03:59] [Server thread/INFO]: The game is running normally [18:03:59] [Server thread/INFO]: Target tick rate: 20,0 per second. Average time per tick: 8,1ms (Target: 50,0ms) [18:03:59] [Server thread/INFO]: Percentiles: P50: 7,5ms P95: 11,1ms P99: 14,6ms, sample: 100"
"with-umce","1","2026-09-27T16:03:59.4218441+00:00","646522184381b84f3179ea440c481a63331a8f518bdbf22902283a96953672c7","True","10","0","0","0","0","0","False","15","8","7,5","10,7","14,6","100","50,66229809047719","38,87932238558812","1461641216","[18:03:59] [Server thread/INFO]: The game is running normally [18:03:59] [Server thread/INFO]: Target tick rate: 20,0 per second. Average time per tick: 8,0ms (Target: 50,0ms) [18:03:59] [Server thread/INFO]: Percentiles: P50: 7,5ms P95: 10,7ms P99: 14,6ms, sample: 100"
"with-umce","1","2026-09-27T16:03:59.5452438+00:00","646522184381b84f3179ea440c481a63331a8f518bdbf22902283a96953672c7","True","10","0","0","0","0","0","False","15","8","7,5","10,7","14,6","100","25,092601737451893","38,87932238558812","1461641216","[18:03:59] [Server thread/INFO]: The game is running normally [18:03:59] [Server thread/INFO]: Target tick rate: 20,0 per second. Average time per tick: 8,0ms (Target: 50,0ms) [18:03:59] [Server thread/INFO]: Percentiles: P50: 7,5ms P95: 10,7ms P99: 14,6ms, sample: 100"
"with-umce","1","2026-09-27T16:03:59.6698300+00:00","646522184381b84f3179ea440c481a63331a8f518bdbf22902283a96953672c7","True","10","0","0","0","0","0","False","15","8","7,6","10,7","14,6","100","50,23300075068197","38,87932238558812","1461641216","[18:03:59] [Server thread/INFO]: The game is running normally [18:03:59] [Server thread/INFO]: Target tick rate: 20,0 per second. Average time per tick: 8,0ms (Target: 50,0ms) [18:03:59] [Server thread/INFO]: Percentiles: P50: 7,6ms P95: 10,7ms P99: 14,6ms, sample: 100"
"with-umce","1","2026-09-27T16:03:59.7942016+00:00","646522184381b84f3179ea440c481a63331a8f518bdbf22902283a96953672c7","True","10","0","0","0","0","0","False","15","8","7,6","10,7","14,6","100","24,980315511377036","38,87932238558812","1461641216","[18:03:59] [Server thread/INFO]: The game is running normally [18:03:59] [Server thread/INFO]: Target tick rate: 20,0 per second. Average time per tick: 8,0ms (Target: 50,0ms) [18:03:59] [Server thread/INFO]: Percentiles: P50: 7,6ms P95: 10,7ms P99: 14,6ms, sample: 100"
"with-umce","1","2026-09-27T16:03:59.9192867+00:00","646522184381b84f3179ea440c481a63331a8f518bdbf22902283a96953672c7","True","10","0","0","0","0","0","False","15","8","7,6","10,7","14,6","100","38,21828982631163","38,87932238558812","1461641216","[18:03:59] [Server thread/INFO]: The game is running normally [18:03:59] [Server thread/INFO]: Target tick rate: 20,0 per second. Average time per tick: 8,0ms (Target: 50,0ms) [18:03:59] [Server thread/INFO]: Percentiles: P50: 7,6ms P95: 10,7ms P99: 14,6ms, sample: 100"
"with-umce","1","2026-09-27T16:04:00.0419476+00:00","646522184381b84f3179ea440c481a63331a8f518bdbf22902283a96953672c7","True","10","0","0","0","0","0","False","15","8","7,6","10,7","14,6","100","37,65477619205984","38,87932238558812","1461641216","[18:04:00] [Server thread/INFO]: The game is running normally [18:04:00] [Server thread/INFO]: Target tick rate: 20,0 per second. Average time per tick: 8,0ms (Target: 50,0ms) [18:04:00] [Server thread/INFO]: Percentiles: P50: 7,6ms P95: 10,7ms P99: 14,6ms, sample: 100"
"with-umce","1","2026-09-27T16:04:00.1664367+00:00","646522184381b84f3179ea440c481a63331a8f518bdbf22902283a96953672c7","True","10","0","0","0","0","0","False","15","8,1","7,6","10,7","14,6","100","12,697790950071067","38,87932238558812","1461641216","[18:04:00] [Server thread/INFO]: The game is running normally [18:04:00] [Server thread/INFO]: Target tick rate: 20,0 per second. Average time per tick: 8,1ms (Target: 50,0ms) [18:04:00] [Server thread/INFO]: Percentiles: P50: 7,6ms P95: 10,7ms P99: 14,6ms, sample: 100"
"with-umce","1","2026-09-27T16:04:00.2894648+00:00","646522184381b84f3179ea440c481a63331a8f518bdbf22902283a96953672c7","True","10","0","0","0","0","0","False","15","8,1","7,6","10,7","14,6","100","38,18516403531853","38,87932238558812","1461641216","[18:04:00] [Server thread/INFO]: The game is running normally [18:04:00] [Server thread/INFO]: Target tick rate: 20,0 per second. Average time per tick: 8,1ms (Target: 50,0ms) [18:04:00] [Server thread/INFO]: Percentiles: P50: 7,6ms P95: 10,7ms P99: 14,6ms, sample: 100"
"with-umce","1","2026-09-27T16:04:00.4122275+00:00","646522184381b84f3179ea440c481a63331a8f518bdbf22902283a96953672c7","True","10","0","0","0","0","0","False","15","8,2","7,8","11","14,6","100","424,7868017399267","38,87932238558812","1461641216","[18:04:00] [Server thread/INFO]: The game is running normally [18:04:00] [Server thread/INFO]: Target tick rate: 20,0 per second. Average time per tick: 8,2ms (Target: 50,0ms) [18:04:00] [Server thread/INFO]: Percentiles: P50: 7,8ms P95: 11,0ms P99: 14,6ms, sample: 100"
"with-umce","1","2026-09-27T16:04:00.5520392+00:00","646522184381b84f3179ea440c481a63331a8f518bdbf22902283a96953672c7","True","10","0","0","0","0","0","False","15","8,2","7,8","11","14,6","100","213,18849561271537","38,87932238558812","1461641216","[18:04:00] [Server thread/INFO]: The game is running normally [18:04:00] [Server thread/INFO]: Target tick rate: 20,0 per second. Average time per tick: 8,2ms (Target: 50,0ms) [18:04:00] [Server thread/INFO]: Percentiles: P50: 7,8ms P95: 11,0ms P99: 14,6ms, sample: 100"
"with-umce","1","2026-09-27T16:04:00.6912693+00:00","646522184381b84f3179ea440c481a63331a8f518bdbf22902283a96953672c7","True","10","0","0","0","0","0","False","15","8,2","7,8","11","14,6","100","62,19083691154533","38,87932238558812","1461641216","[18:04:00] [Server thread/INFO]: The game is running normally [18:04:00] [Server thread/INFO]: Target tick rate: 20,0 per second. Average time per tick: 8,2ms (Target: 50,0ms) [18:04:00] [Server thread/INFO]: Percentiles: P50: 7,8ms P95: 11,0ms P99: 14,6ms, sample: 100"
"with-umce","1","2026-09-27T16:04:00.8168696+00:00","646522184381b84f3179ea440c481a63331a8f518bdbf22902283a96953672c7","True","10","0","0","0","0","0","False","15","8,2","7,8","11,1","14,6","100","0","38,87932238558812","1461641216","[18:04:00] [Server thread/INFO]: The game is running normally [18:04:00] [Server thread/INFO]: Target tick rate: 20,0 per second. Average time per tick: 8,2ms (Target: 50,0ms) [18:04:00] [Server thread/INFO]: Percentiles: P50: 7,8ms P95: 11,1ms P99: 14,6ms, sample: 100"
"with-umce","1","2026-09-27T16:04:00.9397372+00:00","646522184381b84f3179ea440c481a63331a8f518bdbf22902283a96953672c7","True","10","0","0","0","0","0","False","15","8,2","7,8","11,1","14,6","100","123,02224958038231","38,87932238558812","1461641216","[18:04:00] [Server thread/INFO]: The game is running normally [18:04:00] [Server thread/INFO]: Target tick rate: 20,0 per second. Average time per tick: 8,2ms (Target: 50,0ms) [18:04:00] [Server thread/INFO]: Percentiles: P50: 7,8ms P95: 11,1ms P99: 14,6ms, sample: 100"
"with-umce","1","2026-09-27T16:04:01.0794707+00:00","646522184381b84f3179ea440c481a63331a8f518bdbf22902283a96953672c7","True","10","0","0","0","0","0","False","15","8,3","7,9","11,3","16,8","100","37,37102511811237","38,87932238558812","1461641216","[18:04:01] [Server thread/INFO]: The game is running normally [18:04:01] [Server thread/INFO]: Target tick rate: 20,0 per second. Average time per tick: 8,3ms (Target: 50,0ms) [18:04:01] [Server thread/INFO]: Percentiles: P50: 7,9ms P95: 11,3ms P99: 16,8ms, sample: 100"
"with-umce","1","2026-09-27T16:04:01.2048926+00:00","646522184381b84f3179ea440c481a63331a8f518bdbf22902283a96953672c7","True","10","0","0","0","0","0","False","15","8,3","7,8","11,3","16,8","100","50,34107082304027","38,87932238558812","1461641216","[18:04:01] [Server thread/INFO]: The game is running normally [18:04:01] [Server thread/INFO]: Target tick rate: 20,0 per second. Average time per tick: 8,3ms (Target: 50,0ms) [18:04:01] [Server thread/INFO]: Percentiles: P50: 7,8ms P95: 11,3ms P99: 16,8ms, sample: 100"
"with-umce","1","2026-09-27T16:04:01.3290340+00:00","646522184381b84f3179ea440c481a63331a8f518bdbf22902283a96953672c7","True","10","0","0","0","0","0","False","15","8,3","7,7","11,4","16,8","100","0","38,87932238558812","1461641216","[18:04:01] [Server thread/INFO]: The game is running normally [18:04:01] [Server thread/INFO]: Target tick rate: 20,0 per second. Average time per tick: 8,3ms (Target: 50,0ms) [18:04:01] [Server thread/INFO]: Percentiles: P50: 7,7ms P95: 11,4ms P99: 16,8ms, sample: 100"
"with-umce","1","2026-09-27T16:04:01.4541540+00:00","646522184381b84f3179ea440c481a63331a8f518bdbf22902283a96953672c7","True","10","0","0","0","0","0","False","15","8,2","7,6","11,4","16,8","100","12,677536217185464","38,87932238558812","1461641216","[18:04:01] [Server thread/INFO]: The game is running normally [18:04:01] [Server thread/INFO]: Target tick rate: 20,0 per second. Average time per tick: 8,2ms (Target: 50,0ms) [18:04:01] [Server thread/INFO]: Percentiles: P50: 7,6ms P95: 11,4ms P99: 16,8ms, sample: 100"
"with-umce","1","2026-09-27T16:04:01.5773924+00:00","646522184381b84f3179ea440c481a63331a8f518bdbf22902283a96953672c7","True","10","0","0","0","0","0","False","15","8,2","7,6","11,4","16,8","100","75,9266698198169","38,87932238558812","1461641216","[18:04:01] [Server thread/INFO]: The game is running normally [18:04:01] [Server thread/INFO]: Target tick rate: 20,0 per second. Average time per tick: 8,2ms (Target: 50,0ms) [18:04:01] [Server thread/INFO]: Percentiles: P50: 7,6ms P95: 11,4ms P99: 16,8ms, sample: 100"
"with-umce","1","2026-09-27T16:04:01.7008644+00:00","646522184381b84f3179ea440c481a63331a8f518bdbf22902283a96953672c7","True","10","0","0","0","0","0","False","15","8,2","7,6","11,4","16,8","100","12,545233092438094","38,87932238558812","1461641216","[18:04:01] [Server thread/INFO]: The game is running normally [18:04:01] [Server thread/INFO]: Target tick rate: 20,0 per second. Average time per tick: 8,2ms (Target: 50,0ms) [18:04:01] [Server thread/INFO]: Percentiles: P50: 7,6ms P95: 11,4ms P99: 16,8ms, sample: 100"
"with-umce","1","2026-09-27T16:04:01.8254540+00:00","646522184381b84f3179ea440c481a63331a8f518bdbf22902283a96953672c7","True","10","0","0","0","0","0","False","15","8,1","7,6","11,4","16,8","100","62,18717364171273","38,87932238558812","1461641216","[18:04:01] [Server thread/INFO]: The game is running normally [18:04:01] [Server thread/INFO]: Target tick rate: 20,0 per second. Average time per tick: 8,1ms (Target: 50,0ms) [18:04:01] [Server thread/INFO]: Percentiles: P50: 7,6ms P95: 11,4ms P99: 16,8ms, sample: 100"
"with-umce","1","2026-09-27T16:04:01.9510670+00:00","646522184381b84f3179ea440c481a63331a8f518bdbf22902283a96953672c7","True","10","0","0","0","0","0","False","15","8,1","7,6","11,4","16,8","100","62,53747245349414","38,87932238558812","1461641216","[18:04:01] [Server thread/INFO]: The game is running normally [18:04:01] [Server thread/INFO]: Target tick rate: 20,0 per second. Average time per tick: 8,1ms (Target: 50,0ms) [18:04:01] [Server thread/INFO]: Percentiles: P50: 7,6ms P95: 11,4ms P99: 16,8ms, sample: 100"
"with-umce","1","2026-09-27T16:04:02.0760643+00:00","646522184381b84f3179ea440c481a63331a8f518bdbf22902283a96953672c7","True","10","0","0","0","0","0","False","15","8,1","7,6","11,4","16,8","100","25,33332576711337","38,87932238558812","1461641216","[18:04:02] [Server thread/INFO]: The game is running normally [18:04:02] [Server thread/INFO]: Target tick rate: 20,0 per second. Average time per tick: 8,1ms (Target: 50,0ms) [18:04:02] [Server thread/INFO]: Percentiles: P50: 7,6ms P95: 11,4ms P99: 16,8ms, sample: 100"
"with-umce","1","2026-09-27T16:04:02.1993435+00:00","646522184381b84f3179ea440c481a63331a8f518bdbf22902283a96953672c7","True","10","0","0","0","0","0","False","15","8,1","7,6","11,4","16,8","100","75,78562409360393","38,87932238558812","1461641216","[18:04:02] [Server thread/INFO]: The game is running normally [18:04:02] [Server thread/INFO]: Target tick rate: 20,0 per second. Average time per tick: 8,1ms (Target: 50,0ms) [18:04:02] [Server thread/INFO]: Percentiles: P50: 7,6ms P95: 11,4ms P99: 16,8ms, sample: 100"
"with-umce","1","2026-09-27T16:04:02.3230338+00:00","646522184381b84f3179ea440c481a63331a8f518bdbf22902283a96953672c7","True","10","0","0","0","0","0","False","15","8,1","7,6","11,4","16,8","100","25,196553272770227","38,87932238558812","1461641216","[18:04:02] [Server thread/INFO]: The game is running normally [18:04:02] [Server thread/INFO]: Target tick rate: 20,0 per second. Average time per tick: 8,1ms (Target: 50,0ms) [18:04:02] [Server thread/INFO]: Percentiles: P50: 7,6ms P95: 11,4ms P99: 16,8ms, sample: 100"
"with-umce","1","2026-09-27T16:04:02.4470788+00:00","646522184381b84f3179ea440c481a63331a8f518bdbf22902283a96953672c7","True","10","0","0","0","0","0","False","15","8,1","7,6","11,4","16,8","100","38,00667458016307","38,87932238558812","1461641216","[18:04:02] [Server thread/INFO]: The game is running normally [18:04:02] [Server thread/INFO]: Target tick rate: 20,0 per second. Average time per tick: 8,1ms (Target: 50,0ms) [18:04:02] [Server thread/INFO]: Percentiles: P50: 7,6ms P95: 11,4ms P99: 16,8ms, sample: 100"
"with-umce","1","2026-09-27T16:04:02.5704454+00:00","646522184381b84f3179ea440c481a63331a8f518bdbf22902283a96953672c7","True","10","0","0","0","0","0","False","15","8,1","7,6","11,6","16,8","100","11,314699260724707","38,87932238558812","1461641216","[18:04:02] [Server thread/INFO]: The game is running normally [18:04:02] [Server thread/INFO]: Target tick rate: 20,0 per second. Average time per tick: 8,1ms (Target: 50,0ms) [18:04:02] [Server thread/INFO]: Percentiles: P50: 7,6ms P95: 11,6ms P99: 16,8ms, sample: 100"
"with-umce","1","2026-09-27T16:04:02.7085053+00:00","646522184381b84f3179ea440c481a63331a8f518bdbf22902283a96953672c7","True","10","0","0","0","0","0","False","15","8","7,5","11,6","16,8","100","45,0623879749035","38,87932238558812","1461641216","[18:04:02] [Server thread/INFO]: The game is running normally [18:04:02] [Server thread/INFO]: Target tick rate: 20,0 per second. Average time per tick: 8,0ms (Target: 50,0ms) [18:04:02] [Server thread/INFO]: Percentiles: P50: 7,5ms P95: 11,6ms P99: 16,8ms, sample: 100"
"with-umce","1","2026-09-27T16:04:02.8471788+00:00","646522184381b84f3179ea440c481a63331a8f518bdbf22902283a96953672c7","True","10","0","0","0","0","0","False","15","8","7,5","11,6","16,8","100","0","38,87932238558812","1461641216","[18:04:02] [Server thread/INFO]: The game is running normally [18:04:02] [Server thread/INFO]: Target tick rate: 20,0 per second. Average time per tick: 8,0ms (Target: 50,0ms) [18:04:02] [Server thread/INFO]: Percentiles: P50: 7,5ms P95: 11,6ms P99: 16,8ms, sample: 100"
"with-umce","1","2026-09-27T16:04:02.9698056+00:00","646522184381b84f3179ea440c481a63331a8f518bdbf22902283a96953672c7","True","10","0","0","0","0","0","False","15","7,9","7,5","11,6","16,8","100","25,196146964892296","38,87932238558812","1461641216","[18:04:02] [Server thread/INFO]: The game is running normally [18:04:02] [Server thread/INFO]: Target tick rate: 20,0 per second. Average time per tick: 7,9ms (Target: 50,0ms) [18:04:02] [Server thread/INFO]: Percentiles: P50: 7,5ms P95: 11,6ms P99: 16,8ms, sample: 100"
"with-umce","1","2026-09-27T16:04:03.0938300+00:00","646522184381b84f3179ea440c481a63331a8f518bdbf22902283a96953672c7","True","10","0","0","0","0","0","False","15","7,9","7,5","11,6","16,8","100","49,95320383864396","38,87932238558812","1461641216","[18:04:03] [Server thread/INFO]: The game is running normally [18:04:03] [Server thread/INFO]: Target tick rate: 20,0 per second. Average time per tick: 7,9ms (Target: 50,0ms) [18:04:03] [Server thread/INFO]: Percentiles: P50: 7,5ms P95: 11,6ms P99: 16,8ms, sample: 100"
"with-umce","1","2026-09-27T16:04:03.2189505+00:00","646522184381b84f3179ea440c481a63331a8f518bdbf22902283a96953672c7","True","10","0","0","0","0","0","False","15","7,9","7,5","11,6","16,8","100","50,6705127612673","38,87932238558812","1461641216","[18:04:03] [Server thread/INFO]: The game is running normally [18:04:03] [Server thread/INFO]: Target tick rate: 20,0 per second. Average time per tick: 7,9ms (Target: 50,0ms) [18:04:03] [Server thread/INFO]: Percentiles: P50: 7,5ms P95: 11,6ms P99: 16,8ms, sample: 100"
"with-umce","1","2026-09-27T16:04:03.3422730+00:00","646522184381b84f3179ea440c481a63331a8f518bdbf22902283a96953672c7","True","10","0","0","0","0","0","False","15","7,8","7,5","11","16,8","100","12,695851280188702","38,87932238558812","1461641216","[18:04:03] [Server thread/INFO]: The game is running normally [18:04:03] [Server thread/INFO]: Target tick rate: 20,0 per second. Average time per tick: 7,8ms (Target: 50,0ms) [18:04:03] [Server thread/INFO]: Percentiles: P50: 7,5ms P95: 11,0ms P99: 16,8ms, sample: 100"
"with-umce","1","2026-09-27T16:04:03.4653923+00:00","646522184381b84f3179ea440c481a63331a8f518bdbf22902283a96953672c7","True","10","0","0","0","0","0","False","15","7,8","7,5","11","16,8","100","25,18282732638959","38,87932238558812","1461641216","[18:04:03] [Server thread/INFO]: The game is running normally [18:04:03] [Server thread/INFO]: Target tick rate: 20,0 per second. Average time per tick: 7,8ms (Target: 50,0ms) [18:04:03] [Server thread/INFO]: Percentiles: P50: 7,5ms P95: 11,0ms P99: 16,8ms, sample: 100"
"with-umce","1","2026-09-27T16:04:03.5894584+00:00","646522184381b84f3179ea440c481a63331a8f518bdbf22902283a96953672c7","True","10","0","0","0","0","0","False","15","7,8","7,5","11","16,8","100","12,800567566925464","38,87932238558812","1461641216","[18:04:03] [Server thread/INFO]: The game is running normally [18:04:03] [Server thread/INFO]: Target tick rate: 20,0 per second. Average time per tick: 7,8ms (Target: 50,0ms) [18:04:03] [Server thread/INFO]: Percentiles: P50: 7,5ms P95: 11,0ms P99: 16,8ms, sample: 100"
"with-umce","1","2026-09-27T16:04:03.7115134+00:00","646522184381b84f3179ea440c481a63331a8f518bdbf22902283a96953672c7","True","10","0","0","0","0","0","False","15","7,8","7,5","11","16,8","100","62,45752888036136","38,87932238558812","1461641216","[18:04:03] [Server thread/INFO]: The game is running normally [18:04:03] [Server thread/INFO]: Target tick rate: 20,0 per second. Average time per tick: 7,8ms (Target: 50,0ms) [18:04:03] [Server thread/INFO]: Percentiles: P50: 7,5ms P95: 11,0ms P99: 16,8ms, sample: 100"
"with-umce","1","2026-09-27T16:04:03.8366112+00:00","646522184381b84f3179ea440c481a63331a8f518bdbf22902283a96953672c7","True","10","0","0","0","0","0","False","15","7,9","7,5","11,6","16,8","100","12,483152737066055","38,87932238558812","1461641216","[18:04:03] [Server thread/INFO]: The game is running normally [18:04:03] [Server thread/INFO]: Target tick rate: 20,0 per second. Average time per tick: 7,9ms (Target: 50,0ms) [18:04:03] [Server thread/INFO]: Percentiles: P50: 7,5ms P95: 11,6ms P99: 16,8ms, sample: 100"
"with-umce","1","2026-09-27T16:04:03.9617778+00:00","646522184381b84f3179ea440c481a63331a8f518bdbf22902283a96953672c7","True","10","0","0","0","0","0","False","15","8","7,5","11,6","16,8","100","25,451012298743574","38,87932238558812","1461641216","[18:04:04] [Server thread/INFO]: The game is running normally [18:04:04] [Server thread/INFO]: Target tick rate: 20,0 per second. Average time per tick: 8,0ms (Target: 50,0ms) [18:04:04] [Server thread/INFO]: Percentiles: P50: 7,5ms P95: 11,6ms P99: 16,8ms, sample: 100"
"with-umce","1","2026-09-27T16:04:04.0845296+00:00","646522184381b84f3179ea440c481a63331a8f518bdbf22902283a96953672c7","True","10","0","0","0","0","0","False","15","8","7,6","11,6","16,8","100","11,131684442927764","38,87932238558812","1461641216","[18:04:04] [Server thread/INFO]: The game is running normally [18:04:04] [Server thread/INFO]: Target tick rate: 20,0 per second. Average time per tick: 8,0ms (Target: 50,0ms) [18:04:04] [Server thread/INFO]: Percentiles: P50: 7,6ms P95: 11,6ms P99: 16,8ms, sample: 100"
"with-umce","1","2026-09-27T16:04:04.2249267+00:00","646522184381b84f3179ea440c481a63331a8f518bdbf22902283a96953672c7","True","10","0","0","0","0","0","False","15","8","7,6","11,6","16,8","100","67,3741128176824","38,87932238558812","1461641216","[18:04:04] [Server thread/INFO]: The game is running normally [18:04:04] [Server thread/INFO]: Target tick rate: 20,0 per second. Average time per tick: 8,0ms (Target: 50,0ms) [18:04:04] [Server thread/INFO]: Percentiles: P50: 7,6ms P95: 11,6ms P99: 16,8ms, sample: 100"
"with-umce","1","2026-09-27T16:04:04.3640570+00:00","646522184381b84f3179ea440c481a63331a8f518bdbf22902283a96953672c7","True","10","0","0","0","0","0","False","15","8","7,6","11,6","16,8","100","25,57119921968974","38,87932238558812","1461641216","[18:04:04] [Server thread/INFO]: The game is running normally [18:04:04] [Server thread/INFO]: Target tick rate: 20,0 per second. Average time per tick: 8,0ms (Target: 50,0ms) [18:04:04] [Server thread/INFO]: Percentiles: P50: 7,6ms P95: 11,6ms P99: 16,8ms, sample: 100"
"with-umce","1","2026-09-27T16:04:04.4862596+00:00","646522184381b84f3179ea440c481a63331a8f518bdbf22902283a96953672c7","True","10","0","0","0","0","0","False","15","8,1","7,6","12,3","16,8","100","24,861986142525613","38,87932238558812","1461641216","[18:04:04] [Server thread/INFO]: The game is running normally [18:04:04] [Server thread/INFO]: Target tick rate: 20,0 per second. Average time per tick: 8,1ms (Target: 50,0ms) [18:04:04] [Server thread/INFO]: Percentiles: P50: 7,6ms P95: 12,3ms P99: 16,8ms, sample: 100"
"with-umce","1","2026-09-27T16:04:04.6119607+00:00","646522184381b84f3179ea440c481a63331a8f518bdbf22902283a96953672c7","True","10","0","0","0","0","0","False","15","8,1","7,6","12,3","16,8","100","0","38,87932238558812","1461641216","[18:04:04] [Server thread/INFO]: The game is running normally [18:04:04] [Server thread/INFO]: Target tick rate: 20,0 per second. Average time per tick: 8,1ms (Target: 50,0ms) [18:04:04] [Server thread/INFO]: Percentiles: P50: 7,6ms P95: 12,3ms P99: 16,8ms, sample: 100"
"with-umce","1","2026-09-27T16:04:04.7350923+00:00","646522184381b84f3179ea440c481a63331a8f518bdbf22902283a96953672c7","True","10","0","0","0","0","0","False","15","8","7,6","12,3","16,8","100","62,6097423564023","38,87932238558812","1461641216","[18:04:04] [Server thread/INFO]: The game is running normally [18:04:04] [Server thread/INFO]: Target tick rate: 20,0 per second. Average time per tick: 8,0ms (Target: 50,0ms) [18:04:04] [Server thread/INFO]: Percentiles: P50: 7,6ms P95: 12,3ms P99: 16,8ms, sample: 100"
"with-umce","1","2026-09-27T16:04:04.8599278+00:00","646522184381b84f3179ea440c481a63331a8f518bdbf22902283a96953672c7","True","10","0","0","0","0","0","False","15","8","7,6","12,3","16,8","100","12,747994383539627","38,87932238558812","1461641216","[18:04:04] [Server thread/INFO]: The game is running normally [18:04:04] [Server thread/INFO]: Target tick rate: 20,0 per second. Average time per tick: 8,0ms (Target: 50,0ms) [18:04:04] [Server thread/INFO]: Percentiles: P50: 7,6ms P95: 12,3ms P99: 16,8ms, sample: 100"
"with-umce","1","2026-09-27T16:04:04.9824974+00:00","646522184381b84f3179ea440c481a63331a8f518bdbf22902283a96953672c7","True","10","0","0","0","0","0","False","15","8","7,6","12,3","16,8","100","37,92672112471843","38,87932238558812","1461641216","[18:04:05] [Server thread/INFO]: The game is running normally [18:04:05] [Server thread/INFO]: Target tick rate: 20,0 per second. Average time per tick: 8,0ms (Target: 50,0ms) [18:04:05] [Server thread/INFO]: Percentiles: P50: 7,6ms P95: 12,3ms P99: 16,8ms, sample: 100"
"with-umce","1","2026-09-27T16:04:05.1060385+00:00","646522184381b84f3179ea440c481a63331a8f518bdbf22902283a96953672c7","True","10","0","0","0","0","0","False","15","8","7,5","12,3","16,8","100","0","38,87932238558812","1461641216","[18:04:05] [Server thread/INFO]: The game is running normally [18:04:05] [Server thread/INFO]: Target tick rate: 20,0 per second. Average time per tick: 8,0ms (Target: 50,0ms) [18:04:05] [Server thread/INFO]: Percentiles: P50: 7,5ms P95: 12,3ms P99: 16,8ms, sample: 100"
"with-umce","1","2026-09-27T16:04:05.2298049+00:00","646522184381b84f3179ea440c481a63331a8f518bdbf22902283a96953672c7","True","10","0","0","0","0","0","False","15","8","7,5","12,3","16,8","100","25,612717677364998","38,87932238558812","1461641216","[18:04:05] [Server thread/INFO]: The game is running normally [18:04:05] [Server thread/INFO]: Target tick rate: 20,0 per second. Average time per tick: 8,0ms (Target: 50,0ms) [18:04:05] [Server thread/INFO]: Percentiles: P50: 7,5ms P95: 12,3ms P99: 16,8ms, sample: 100"
"with-umce","1","2026-09-27T16:04:05.3518328+00:00","646522184381b84f3179ea440c481a63331a8f518bdbf22902283a96953672c7","True","10","0","0","0","0","0","False","15","7,9","7,5","12,3","16,8","100","0","38,87932238558812","1461641216","[18:04:05] [Server thread/INFO]: The game is running normally [18:04:05] [Server thread/INFO]: Target tick rate: 20,0 per second. Average time per tick: 7,9ms (Target: 50,0ms) [18:04:05] [Server thread/INFO]: Percentiles: P50: 7,5ms P95: 12,3ms P99: 16,8ms, sample: 100"
"with-umce","1","2026-09-27T16:04:05.4751319+00:00","646522184381b84f3179ea440c481a63331a8f518bdbf22902283a96953672c7","True","10","0","0","0","0","0","False","15","7,9","7,5","12,3","16,8","100","44,674512225805714","38,87932238558812","1461641216","[18:04:05] [Server thread/INFO]: The game is running normally [18:04:05] [Server thread/INFO]: Target tick rate: 20,0 per second. Average time per tick: 7,9ms (Target: 50,0ms) [18:04:05] [Server thread/INFO]: Percentiles: P50: 7,5ms P95: 12,3ms P99: 16,8ms, sample: 100"
"with-umce","1","2026-09-27T16:04:05.6150310+00:00","646522184381b84f3179ea440c481a63331a8f518bdbf22902283a96953672c7","True","10","0","0","0","0","0","False","15","7,9","7,4","12,3","16,8","100","0","38,87932238558812","1461641216","[18:04:05] [Server thread/INFO]: The game is running normally [18:04:05] [Server thread/INFO]: Target tick rate: 20,0 per second. Average time per tick: 7,9ms (Target: 50,0ms) [18:04:05] [Server thread/INFO]: Percentiles: P50: 7,4ms P95: 12,3ms P99: 16,8ms, sample: 100"
"with-umce","1","2026-09-27T16:04:05.7395098+00:00","646522184381b84f3179ea440c481a63331a8f518bdbf22902283a96953672c7","True","10","0","0","0","0","0","False","15","7,8","7,3","11,6","16,8","100","98,23661349315252","38,87932238558812","1461641216","[18:04:05] [Server thread/INFO]: The game is running normally [18:04:05] [Server thread/INFO]: Target tick rate: 20,0 per second. Average time per tick: 7,8ms (Target: 50,0ms) [18:04:05] [Server thread/INFO]: Percentiles: P50: 7,3ms P95: 11,6ms P99: 16,8ms, sample: 100"
"with-umce","1","2026-09-27T16:04:05.8667567+00:00","646522184381b84f3179ea440c481a63331a8f518bdbf22902283a96953672c7","True","10","0","0","0","0","0","False","15","7,7","7,3","11,6","16,8","100","0","38,87932238558812","1461641216","[18:04:05] [Server thread/INFO]: The game is running normally [18:04:05] [Server thread/INFO]: Target tick rate: 20,0 per second. Average time per tick: 7,7ms (Target: 50,0ms) [18:04:05] [Server thread/INFO]: Percentiles: P50: 7,3ms P95: 11,6ms P99: 16,8ms, sample: 100"
"with-umce","1","2026-09-27T16:04:05.9914890+00:00","646522184381b84f3179ea440c481a63331a8f518bdbf22902283a96953672c7","True","10","0","0","0","0","0","False","15","7,7","7,2","11,6","16,8","100","30,36010484680048","38,87932238558812","1461641216","[18:04:05] [Server thread/INFO]: The game is running normally [18:04:05] [Server thread/INFO]: Target tick rate: 20,0 per second. Average time per tick: 7,7ms (Target: 50,0ms) [18:04:05] [Server thread/INFO]: Percentiles: P50: 7,2ms P95: 11,6ms P99: 16,8ms, sample: 100"
"with-umce","1","2026-09-27T16:04:06.1458760+00:00","646522184381b84f3179ea440c481a63331a8f518bdbf22902283a96953672c7","True","10","0","0","0","0","0","False","15","7,6","7,2","11,5","16,2","100","0","38,87932238558812","1461641216","[18:04:06] [Server thread/INFO]: The game is running normally [18:04:06] [Server thread/INFO]: Target tick rate: 20,0 per second. Average time per tick: 7,6ms (Target: 50,0ms) [18:04:06] [Server thread/INFO]: Percentiles: P50: 7,2ms P95: 11,5ms P99: 16,2ms, sample: 100"
"with-umce","1","2026-09-27T16:04:06.2709813+00:00","646522184381b84f3179ea440c481a63331a8f518bdbf22902283a96953672c7","True","10","0","0","0","0","0","False","15","7,5","7,2","10,6","16,2","100","37,66412519193638","38,87932238558812","1461641216","[18:04:06] [Server thread/INFO]: The game is running normally [18:04:06] [Server thread/INFO]: Target tick rate: 20,0 per second. Average time per tick: 7,5ms (Target: 50,0ms) [18:04:06] [Server thread/INFO]: Percentiles: P50: 7,2ms P95: 10,6ms P99: 16,2ms, sample: 100"
"with-umce","1","2026-09-27T16:04:06.3953954+00:00","646522184381b84f3179ea440c481a63331a8f518bdbf22902283a96953672c7","True","10","0","0","0","0","0","False","15","7,6","7,2","10,6","16,2","100","0","38,87932238558812","1461641216","[18:04:06] [Server thread/INFO]: The game is running normally [18:04:06] [Server thread/INFO]: Target tick rate: 20,0 per second. Average time per tick: 7,6ms (Target: 50,0ms) [18:04:06] [Server thread/INFO]: Percentiles: P50: 7,2ms P95: 10,6ms P99: 16,2ms, sample: 100"
"with-umce","1","2026-09-27T16:04:06.5201033+00:00","646522184381b84f3179ea440c481a63331a8f518bdbf22902283a96953672c7","True","10","0","0","0","0","0","False","15","7,6","7,2","10,6","16,2","100","37,38100877287419","38,87932238558812","1461641216","[18:04:06] [Server thread/INFO]: The game is running normally [18:04:06] [Server thread/INFO]: Target tick rate: 20,0 per second. Average time per tick: 7,6ms (Target: 50,0ms) [18:04:06] [Server thread/INFO]: Percentiles: P50: 7,2ms P95: 10,6ms P99: 16,2ms, sample: 100"
"with-umce","1","2026-09-27T16:04:06.6455115+00:00","646522184381b84f3179ea440c481a63331a8f518bdbf22902283a96953672c7","True","10","0","0","0","0","0","False","15","7,6","7,2","10,6","16,2","100","12,620877718436093","38,87932238558812","1461641216","[18:04:06] [Server thread/INFO]: The game is running normally [18:04:06] [Server thread/INFO]: Target tick rate: 20,0 per second. Average time per tick: 7,6ms (Target: 50,0ms) [18:04:06] [Server thread/INFO]: Percentiles: P50: 7,2ms P95: 10,6ms P99: 16,2ms, sample: 100"
"with-umce","1","2026-09-27T16:04:06.7693037+00:00","646522184381b84f3179ea440c481a63331a8f518bdbf22902283a96953672c7","True","10","0","0","0","0","0","False","15","7,6","7,2","10,6","16,2","100","12,712357387689883","38,87932238558812","1461641216","[18:04:06] [Server thread/INFO]: The game is running normally [18:04:06] [Server thread/INFO]: Target tick rate: 20,0 per second. Average time per tick: 7,6ms (Target: 50,0ms) [18:04:06] [Server thread/INFO]: Percentiles: P50: 7,2ms P95: 10,6ms P99: 16,2ms, sample: 100"
"with-umce","1","2026-09-27T16:04:06.8922179+00:00","646522184381b84f3179ea440c481a63331a8f518bdbf22902283a96953672c7","True","10","0","0","0","0","0","False","15","7,6","7,2","10,6","16,2","100","12,740281713109242","38,87932238558812","1461641216","[18:04:06] [Server thread/INFO]: The game is running normally [18:04:06] [Server thread/INFO]: Target tick rate: 20,0 per second. Average time per tick: 7,6ms (Target: 50,0ms) [18:04:06] [Server thread/INFO]: Percentiles: P50: 7,2ms P95: 10,6ms P99: 16,2ms, sample: 100"
"with-umce","1","2026-09-27T16:04:07.0148745+00:00","646522184381b84f3179ea440c481a63331a8f518bdbf22902283a96953672c7","True","10","0","0","0","0","0","False","15","7,6","7,2","10,6","16,2","100","63,034634556454016","38,87932238558812","1461641216","[18:04:07] [Server thread/INFO]: The game is running normally [18:04:07] [Server thread/INFO]: Target tick rate: 20,0 per second. Average time per tick: 7,6ms (Target: 50,0ms) [18:04:07] [Server thread/INFO]: Percentiles: P50: 7,2ms P95: 10,6ms P99: 16,2ms, sample: 100"
"with-umce","1","2026-09-27T16:04:07.1388031+00:00","646522184381b84f3179ea440c481a63331a8f518bdbf22902283a96953672c7","True","10","0","0","0","0","0","False","15","7,5","7,2","10,6","16,2","100","0","38,87932238558812","1461641216","[18:04:07] [Server thread/INFO]: The game is running normally [18:04:07] [Server thread/INFO]: Target tick rate: 20,0 per second. Average time per tick: 7,5ms (Target: 50,0ms) [18:04:07] [Server thread/INFO]: Percentiles: P50: 7,2ms P95: 10,6ms P99: 16,2ms, sample: 100"
"with-umce","1","2026-09-27T16:04:07.2616107+00:00","646522184381b84f3179ea440c481a63331a8f518bdbf22902283a96953672c7","True","10","0","0","0","0","0","False","15","7,5","7,2","10,6","16,2","100","24,966704403008148","38,87932238558812","1461641216","[18:04:07] [Server thread/INFO]: The game is running normally [18:04:07] [Server thread/INFO]: Target tick rate: 20,0 per second. Average time per tick: 7,5ms (Target: 50,0ms) [18:04:07] [Server thread/INFO]: Percentiles: P50: 7,2ms P95: 10,6ms P99: 16,2ms, sample: 100"
"with-umce","1","2026-09-27T16:04:07.3867831+00:00","646522184381b84f3179ea440c481a63331a8f518bdbf22902283a96953672c7","True","10","0","0","0","0","0","False","15","7,5","7,2","10,6","16,2","100","87,4498387724801","38,87932238558812","1461641216","[18:04:07] [Server thread/INFO]: The game is running normally [18:04:07] [Server thread/INFO]: Target tick rate: 20,0 per second. Average time per tick: 7,5ms (Target: 50,0ms) [18:04:07] [Server thread/INFO]: Percentiles: P50: 7,2ms P95: 10,6ms P99: 16,2ms, sample: 100"
"with-umce","1","2026-09-27T16:04:07.5118658+00:00","646522184381b84f3179ea440c481a63331a8f518bdbf22902283a96953672c7","True","10","0","0","0","0","0","False","15","7,5","7,1","10,6","16,2","100","75,266322355021","38,87932238558812","1461641216","[18:04:07] [Server thread/INFO]: The game is running normally [18:04:07] [Server thread/INFO]: Target tick rate: 20,0 per second. Average time per tick: 7,5ms (Target: 50,0ms) [18:04:07] [Server thread/INFO]: Percentiles: P50: 7,1ms P95: 10,6ms P99: 16,2ms, sample: 100"
"with-umce","1","2026-09-27T16:04:07.6364442+00:00","646522184381b84f3179ea440c481a63331a8f518bdbf22902283a96953672c7","True","10","0","0","0","0","0","False","15","7,5","7,1","10,6","16,2","100","0","38,87932238558812","1461641216","[18:04:07] [Server thread/INFO]: The game is running normally [18:04:07] [Server thread/INFO]: Target tick rate: 20,0 per second. Average time per tick: 7,5ms (Target: 50,0ms) [18:04:07] [Server thread/INFO]: Percentiles: P50: 7,1ms P95: 10,6ms P99: 16,2ms, sample: 100"
"with-umce","1","2026-09-27T16:04:07.7606035+00:00","646522184381b84f3179ea440c481a63331a8f518bdbf22902283a96953672c7","True","10","0","0","0","0","0","False","15","7,4","7,1","10,6","16,2","100","125,74731630077551","38,87932238558812","1461641216","[18:04:07] [Server thread/INFO]: Saving the game (this may take a moment!) [18:04:08] [Server thread/INFO]: ThreadedAnvilChunkStorage (world): All chunks are saved [18:04:08] [Server thread/INFO]: ThreadedAnvilChunkStorage (DIM1): All chunks are saved [18:04:08] [Server thread/INFO]: ThreadedAnvilChunkStorage (DIM-1): All chunks are saved [18:04:08] [Server thread/INFO]: ThreadedAnvilChunkStorage: All dimensions are saved [18:04:08] [Server thread/INFO]: Saved the game [18:04:08] [Server thread/INFO]: The game is running normally [18:04:08] [Server thread/INFO]: Target tick rate: 20,0 per second. Average time per tick: 7,4ms (Target: 50,0ms) [18:04:08] [Server thread/INFO]: Percentiles: P50: 7,1ms P95: 10,6ms P99: 16,2ms, sample: 100"
"with-umce","1","2026-09-27T16:04:08.2575286+00:00","646522184381b84f3179ea440c481a63331a8f518bdbf22902283a96953672c7","True","10","0","0","0","0","0","False","15","10,7","7","10,6","347","100","224,40004404224868","38,87932238558812","1461641216","[18:04:08] [Server thread/INFO]: The game is running normally [18:04:08] [Server thread/INFO]: Target tick rate: 20,0 per second. Average time per tick: 10,7ms (Target: 50,0ms) [18:04:08] [Server thread/INFO]: Percentiles: P50: 7,0ms P95: 10,6ms P99: 347,0ms, sample: 100"
"with-umce","1","2026-09-27T16:04:08.3830011+00:00","646522184381b84f3179ea440c481a63331a8f518bdbf22902283a96953672c7","True","10","0","0","0","0","0","False","15","10,8","7","13","347","100","176,36236398934489","38,87932238558812","1461641216","[18:04:08] [Server thread/INFO]: The game is running normally [18:04:08] [Server thread/INFO]: Target tick rate: 20,0 per second. Average time per tick: 10,8ms (Target: 50,0ms) [18:04:08] [Server thread/INFO]: Percentiles: P50: 7,0ms P95: 13,0ms P99: 347,0ms, sample: 100"
"with-umce","1","2026-09-27T16:04:08.5068802+00:00","646522184381b84f3179ea440c481a63331a8f518bdbf22902283a96953672c7","True","10","0","0","0","0","0","False","15","10,9","7","13","347","100","24,909151343221005","38,87932238558812","1461641216","[18:04:08] [Server thread/INFO]: The game is running normally [18:04:08] [Server thread/INFO]: Target tick rate: 20,0 per second. Average time per tick: 10,9ms (Target: 50,0ms) [18:04:08] [Server thread/INFO]: Percentiles: P50: 7,0ms P95: 13,0ms P99: 347,0ms, sample: 100"
"with-umce","1","2026-09-27T16:04:08.6323746+00:00","646522184381b84f3179ea440c481a63331a8f518bdbf22902283a96953672c7","True","10","0","0","0","0","0","False","15","10,8","7","13","347","100","49,86978003038466","38,87932238558812","1461641216","[18:04:08] [Server thread/INFO]: The game is running normally [18:04:08] [Server thread/INFO]: Target tick rate: 20,0 per second. Average time per tick: 10,8ms (Target: 50,0ms) [18:04:08] [Server thread/INFO]: Percentiles: P50: 7,0ms P95: 13,0ms P99: 347,0ms, sample: 100"
"with-umce","1","2026-09-27T16:04:08.7576408+00:00","646522184381b84f3179ea440c481a63331a8f518bdbf22902283a96953672c7","True","10","0","0","0","0","0","False","15","10,7","6,9","11,5","347","100","37,20533375664735","38,87932238558812","1461641216","[18:04:08] [Server thread/INFO]: The game is running normally [18:04:08] [Server thread/INFO]: Target tick rate: 20,0 per second. Average time per tick: 10,7ms (Target: 50,0ms) [18:04:08] [Server thread/INFO]: Percentiles: P50: 6,9ms P95: 11,5ms P99: 347,0ms, sample: 100"
"with-umce","1","2026-09-27T16:04:08.8836439+00:00","646522184381b84f3179ea440c481a63331a8f518bdbf22902283a96953672c7","True","10","0","0","0","0","0","False","15","10,6","6,9","11,5","347","100","49,923836195500144","38,87932238558812","1461641216","[18:04:08] [Server thread/INFO]: The game is running normally [18:04:08] [Server thread/INFO]: Target tick rate: 20,0 per second. Average time per tick: 10,6ms (Target: 50,0ms) [18:04:08] [Server thread/INFO]: Percentiles: P50: 6,9ms P95: 11,5ms P99: 347,0ms, sample: 100"
"with-umce","1","2026-09-27T16:04:09.0088217+00:00","646522184381b84f3179ea440c481a63331a8f518bdbf22902283a96953672c7","True","10","0","0","0","0","0","False","15","10,5","6,9","10,6","347","100","24,400337310262977","38,87932238558812","1461641216","[18:04:09] [Server thread/INFO]: The game is running normally [18:04:09] [Server thread/INFO]: Target tick rate: 20,0 per second. Average time per tick: 10,5ms (Target: 50,0ms) [18:04:09] [Server thread/INFO]: Percentiles: P50: 6,9ms P95: 10,6ms P99: 347,0ms, sample: 100"
"with-umce","1","2026-09-27T16:04:09.1368908+00:00","646522184381b84f3179ea440c481a63331a8f518bdbf22902283a96953672c7","True","10","0","0","0","0","0","False","15","10,5","6,9","10,6","347","100","87,16472958412761","38,87932238558812","1461641216","[18:04:09] [Server thread/INFO]: The game is running normally [18:04:09] [Server thread/INFO]: Target tick rate: 20,0 per second. Average time per tick: 10,5ms (Target: 50,0ms) [18:04:09] [Server thread/INFO]: Percentiles: P50: 6,9ms P95: 10,6ms P99: 347,0ms, sample: 100"
"with-umce","1","2026-09-27T16:04:09.2624012+00:00","646522184381b84f3179ea440c481a63331a8f518bdbf22902283a96953672c7","True","10","0","0","0","0","0","False","15","10,5","6,8","10,6","347","100","37,54472327436442","38,87932238558812","1461641216","[18:04:09] [Server thread/INFO]: The game is running normally [18:04:09] [Server thread/INFO]: Target tick rate: 20,0 per second. Average time per tick: 10,5ms (Target: 50,0ms) [18:04:09] [Server thread/INFO]: Percentiles: P50: 6,8ms P95: 10,6ms P99: 347,0ms, sample: 100"
"with-umce","1","2026-09-27T16:04:09.3872554+00:00","646522184381b84f3179ea440c481a63331a8f518bdbf22902283a96953672c7","True","10","0","0","0","0","0","False","15","10,5","6,7","10,6","347","100","25,077680623499354","38,87932238558812","1461641216","[18:04:09] [Server thread/INFO]: The game is running normally [18:04:09] [Server thread/INFO]: Target tick rate: 20,0 per second. Average time per tick: 10,5ms (Target: 50,0ms) [18:04:09] [Server thread/INFO]: Percentiles: P50: 6,7ms P95: 10,6ms P99: 347,0ms, sample: 100"
"with-umce","1","2026-09-27T16:04:09.5118568+00:00","646522184381b84f3179ea440c481a63331a8f518bdbf22902283a96953672c7","True","10","0","0","0","0","0","False","15","10,4","6,7","10,5","347","100","25,398388970028275","38,87932238558812","1461641216","[18:04:09] [Server thread/INFO]: The game is running normally [18:04:09] [Server thread/INFO]: Target tick rate: 20,0 per second. Average time per tick: 10,4ms (Target: 50,0ms) [18:04:09] [Server thread/INFO]: Percentiles: P50: 6,7ms P95: 10,5ms P99: 347,0ms, sample: 100"
"with-umce","1","2026-09-27T16:04:09.6348837+00:00","646522184381b84f3179ea440c481a63331a8f518bdbf22902283a96953672c7","True","10","0","0","0","0","0","False","15","10,4","6,7","10,5","347","100","61,34701957529409","38,87932238558812","1461641216","[18:04:09] [Server thread/INFO]: The game is running normally [18:04:09] [Server thread/INFO]: Target tick rate: 20,0 per second. Average time per tick: 10,4ms (Target: 50,0ms) [18:04:09] [Server thread/INFO]: Percentiles: P50: 6,7ms P95: 10,5ms P99: 347,0ms, sample: 100"
"with-umce","1","2026-09-27T16:04:09.7622351+00:00","646522184381b84f3179ea440c481a63331a8f518bdbf22902283a96953672c7","True","10","0","0","0","0","0","False","15","10,4","6,7","10,5","347","100","187,94701317613814","38,87932238558812","1461641216","[18:04:09] [Server thread/INFO]: The game is running normally [18:04:09] [Server thread/INFO]: Target tick rate: 20,0 per second. Average time per tick: 10,4ms (Target: 50,0ms) [18:04:09] [Server thread/INFO]: Percentiles: P50: 6,7ms P95: 10,5ms P99: 347,0ms, sample: 100"
"with-umce","1","2026-09-27T16:04:09.8869369+00:00","646522184381b84f3179ea440c481a63331a8f518bdbf22902283a96953672c7","True","10","0","0","0","0","0","False","15","10,5","6,7","10,5","347","100","126,45166511552624","38,87932238558812","1461641216","[18:04:09] [Server thread/INFO]: The game is running normally [18:04:09] [Server thread/INFO]: Target tick rate: 20,0 per second. Average time per tick: 10,5ms (Target: 50,0ms) [18:04:09] [Server thread/INFO]: Percentiles: P50: 6,7ms P95: 10,5ms P99: 347,0ms, sample: 100"
"with-umce","1","2026-09-27T16:04:10.0106330+00:00","646522184381b84f3179ea440c481a63331a8f518bdbf22902283a96953672c7","True","10","0","0","0","0","0","False","15","10,5","6,8","10,5","347","100","25,624625880462144","38,87932238558812","1461641216","[18:04:10] [Server thread/INFO]: The game is running normally [18:04:10] [Server thread/INFO]: Target tick rate: 20,0 per second. Average time per tick: 10,5ms (Target: 50,0ms) [18:04:10] [Server thread/INFO]: Percentiles: P50: 6,8ms P95: 10,5ms P99: 347,0ms, sample: 100"
"with-umce","1","2026-09-27T16:04:10.1324878+00:00","646522184381b84f3179ea440c481a63331a8f518bdbf22902283a96953672c7","True","10","0","0","0","0","0","False","15","10,5","6,8","10,5","347","100","11,279804853961721","38,87932238558812","1461641216","[18:04:10] [Server thread/INFO]: The game is running normally [18:04:10] [Server thread/INFO]: Target tick rate: 20,0 per second. Average time per tick: 10,5ms (Target: 50,0ms) [18:04:10] [Server thread/INFO]: Percentiles: P50: 6,8ms P95: 10,5ms P99: 347,0ms, sample: 100"
"with-umce","1","2026-09-27T16:04:10.2709980+00:00","646522184381b84f3179ea440c481a63331a8f518bdbf22902283a96953672c7","True","10","0","0","0","0","0","False","15","10,5","6,8","10,5","347","100","33,38449321449047","38,87932238558812","1461641216","[18:04:10] [Server thread/INFO]: The game is running normally [18:04:10] [Server thread/INFO]: Target tick rate: 20,0 per second. Average time per tick: 10,5ms (Target: 50,0ms) [18:04:10] [Server thread/INFO]: Percentiles: P50: 6,8ms P95: 10,5ms P99: 347,0ms, sample: 100"
"with-umce","1","2026-09-27T16:04:10.4114276+00:00","646522184381b84f3179ea440c481a63331a8f518bdbf22902283a96953672c7","True","10","0","0","0","0","0","False","15","10,4","6,7","10,5","347","100","25,520870763943787","38,87932238558812","1461641216","[18:04:10] [Server thread/INFO]: The game is running normally [18:04:10] [Server thread/INFO]: Target tick rate: 20,0 per second. Average time per tick: 10,4ms (Target: 50,0ms) [18:04:10] [Server thread/INFO]: Percentiles: P50: 6,7ms P95: 10,5ms P99: 347,0ms, sample: 100"
"with-umce","1","2026-09-27T16:04:10.5338404+00:00","646522184381b84f3179ea440c481a63331a8f518bdbf22902283a96953672c7","True","10","0","0","0","0","0","False","15","10,4","6,8","10,5","347","100","37,41296248407704","38,87932238558812","1461641216","[18:04:10] [Server thread/INFO]: The game is running normally [18:04:10] [Server thread/INFO]: Target tick rate: 20,0 per second. Average time per tick: 10,4ms (Target: 50,0ms) [18:04:10] [Server thread/INFO]: Percentiles: P50: 6,8ms P95: 10,5ms P99: 347,0ms, sample: 100"
"with-umce","1","2026-09-27T16:04:10.6591391+00:00","646522184381b84f3179ea440c481a63331a8f518bdbf22902283a96953672c7","True","10","0","0","0","0","0","False","15","10,4","6,8","10,5","347","100","12,624140750483958","38,87932238558812","1461641216","[18:04:10] [Server thread/INFO]: The game is running normally [18:04:10] [Server thread/INFO]: Target tick rate: 20,0 per second. Average time per tick: 10,4ms (Target: 50,0ms) [18:04:10] [Server thread/INFO]: Percentiles: P50: 6,8ms P95: 10,5ms P99: 347,0ms, sample: 100"
"with-umce","1","2026-09-27T16:04:10.7831478+00:00","646522184381b84f3179ea440c481a63331a8f518bdbf22902283a96953672c7","True","10","0","0","0","0","0","False","15","10,4","6,7","10,5","347","100","62,21579823366861","38,87932238558812","1461641216","[18:04:10] [Server thread/INFO]: The game is running normally [18:04:10] [Server thread/INFO]: Target tick rate: 20,0 per second. Average time per tick: 10,4ms (Target: 50,0ms) [18:04:10] [Server thread/INFO]: Percentiles: P50: 6,7ms P95: 10,5ms P99: 347,0ms, sample: 100"
"with-umce","1","2026-09-27T16:04:10.9084532+00:00","646522184381b84f3179ea440c481a63331a8f518bdbf22902283a96953672c7","True","10","0","0","0","0","0","False","15","10,4","6,8","10,5","347","100","0","38,87932238558812","1461641216","[18:04:10] [Server thread/INFO]: The game is running normally [18:04:10] [Server thread/INFO]: Target tick rate: 20,0 per second. Average time per tick: 10,4ms (Target: 50,0ms) [18:04:10] [Server thread/INFO]: Percentiles: P50: 6,8ms P95: 10,5ms P99: 347,0ms, sample: 100"
"with-umce","1","2026-09-27T16:04:11.0317042+00:00","646522184381b84f3179ea440c481a63331a8f518bdbf22902283a96953672c7","True","10","0","0","0","0","0","False","15","10,4","6,8","10,5","347","100","25,654455419534493","38,87932238558812","1461641216","[18:04:11] [Server thread/INFO]: The game is running normally [18:04:11] [Server thread/INFO]: Target tick rate: 20,0 per second. Average time per tick: 10,4ms (Target: 50,0ms) [18:04:11] [Server thread/INFO]: Percentiles: P50: 6,8ms P95: 10,5ms P99: 347,0ms, sample: 100"
"with-umce","1","2026-09-27T16:04:11.1535125+00:00","646522184381b84f3179ea440c481a63331a8f518bdbf22902283a96953672c7","True","10","0","0","0","0","0","False","15","10,4","6,7","10,5","347","100","49,84770529079556","38,87932238558812","1461641216","[18:04:11] [Server thread/INFO]: The game is running normally [18:04:11] [Server thread/INFO]: Target tick rate: 20,0 per second. Average time per tick: 10,4ms (Target: 50,0ms) [18:04:11] [Server thread/INFO]: Percentiles: P50: 6,7ms P95: 10,5ms P99: 347,0ms, sample: 100"
"with-umce","1","2026-09-27T16:04:11.2788976+00:00","646522184381b84f3179ea440c481a63331a8f518bdbf22902283a96953672c7","True","10","0","0","0","0","0","False","15","10,5","6,8","10,6","347","100","36,851994528215855","38,87932238558812","1461641216","[18:04:11] [Server thread/INFO]: The game is running normally [18:04:11] [Server thread/INFO]: Target tick rate: 20,0 per second. Average time per tick: 10,5ms (Target: 50,0ms) [18:04:11] [Server thread/INFO]: Percentiles: P50: 6,8ms P95: 10,6ms P99: 347,0ms, sample: 100"
"with-umce","1","2026-09-27T16:04:11.4061210+00:00","646522184381b84f3179ea440c481a63331a8f518bdbf22902283a96953672c7","True","10","0","0","0","0","0","False","15","10,4","6,8","10,6","347","100","0","38,87932238558812","1461641216","[18:04:11] [Server thread/INFO]: The game is running normally [18:04:11] [Server thread/INFO]: Target tick rate: 20,0 per second. Average time per tick: 10,4ms (Target: 50,0ms) [18:04:11] [Server thread/INFO]: Percentiles: P50: 6,8ms P95: 10,6ms P99: 347,0ms, sample: 100"
"with-umce","1","2026-09-27T16:04:11.5305255+00:00","646522184381b84f3179ea440c481a63331a8f518bdbf22902283a96953672c7","True","10","0","0","0","0","0","False","15","10,4","6,7","10,6","347","100","12,684740561538243","38,87932238558812","1461641216","[18:04:11] [Server thread/INFO]: The game is running normally [18:04:11] [Server thread/INFO]: Target tick rate: 20,0 per second. Average time per tick: 10,4ms (Target: 50,0ms) [18:04:11] [Server thread/INFO]: Percentiles: P50: 6,7ms P95: 10,6ms P99: 347,0ms, sample: 100"
"with-umce","1","2026-09-27T16:04:11.6536508+00:00","646522184381b84f3179ea440c481a63331a8f518bdbf22902283a96953672c7","True","10","0","0","0","0","0","False","15","10,4","6,7","10,6","347","100","0","38,87932238558812","1461641216","[18:04:11] [Server thread/INFO]: The game is running normally [18:04:11] [Server thread/INFO]: Target tick rate: 20,0 per second. Average time per tick: 10,4ms (Target: 50,0ms) [18:04:11] [Server thread/INFO]: Percentiles: P50: 6,7ms P95: 10,6ms P99: 347,0ms, sample: 100"
"with-umce","1","2026-09-27T16:04:11.7784086+00:00","646522184381b84f3179ea440c481a63331a8f518bdbf22902283a96953672c7","True","10","0","0","0","0","0","False","15","10,3","6,6","10,6","347","100","38,386041975290446","38,87932238558812","1461641216","[18:04:11] [Server thread/INFO]: The game is running normally [18:04:11] [Server thread/INFO]: Target tick rate: 20,0 per second. Average time per tick: 10,3ms (Target: 50,0ms) [18:04:11] [Server thread/INFO]: Percentiles: P50: 6,6ms P95: 10,6ms P99: 347,0ms, sample: 100"
"with-umce","1","2026-09-27T16:04:11.9005352+00:00","646522184381b84f3179ea440c481a63331a8f518bdbf22902283a96953672c7","True","10","0","0","0","0","0","False","15","10,3","6,6","10,6","347","100","0","38,87932238558812","1461641216","[18:04:11] [Server thread/INFO]: The game is running normally [18:04:11] [Server thread/INFO]: Target tick rate: 20,0 per second. Average time per tick: 10,3ms (Target: 50,0ms) [18:04:11] [Server thread/INFO]: Percentiles: P50: 6,6ms P95: 10,6ms P99: 347,0ms, sample: 100"
"with-umce","1","2026-09-27T16:04:12.0256000+00:00","646522184381b84f3179ea440c481a63331a8f518bdbf22902283a96953672c7","True","10","0","0","0","0","0","False","15","10,3","6,6","10,6","347","100","37,545505152244516","38,87932238558812","1461641216","[18:04:12] [Server thread/INFO]: The game is running normally [18:04:12] [Server thread/INFO]: Target tick rate: 20,0 per second. Average time per tick: 10,3ms (Target: 50,0ms) [18:04:12] [Server thread/INFO]: Percentiles: P50: 6,6ms P95: 10,6ms P99: 347,0ms, sample: 100"
"with-umce","1","2026-09-27T16:04:12.1504719+00:00","646522184381b84f3179ea440c481a63331a8f518bdbf22902283a96953672c7","True","10","0","0","0","0","0","False","15","10,2","6,5","10,6","347","100","12,563874739173961","38,87932238558812","1461641216","[18:04:12] [Server thread/INFO]: The game is running normally [18:04:12] [Server thread/INFO]: Target tick rate: 20,0 per second. Average time per tick: 10,2ms (Target: 50,0ms) [18:04:12] [Server thread/INFO]: Percentiles: P50: 6,5ms P95: 10,6ms P99: 347,0ms, sample: 100"
"with-umce","1","2026-09-27T16:04:12.2748471+00:00","646522184381b84f3179ea440c481a63331a8f518bdbf22902283a96953672c7","True","10","0","0","0","0","0","False","15","10,2","6,5","10,6","347","100","24,950498211548286","38,87932238558812","1461641216","[18:04:12] [Server thread/INFO]: The game is running normally [18:04:12] [Server thread/INFO]: Target tick rate: 20,0 per second. Average time per tick: 10,2ms (Target: 50,0ms) [18:04:12] [Server thread/INFO]: Percentiles: P50: 6,5ms P95: 10,6ms P99: 347,0ms, sample: 100"
"with-umce","1","2026-09-27T16:04:12.4001033+00:00","646522184381b84f3179ea440c481a63331a8f518bdbf22902283a96953672c7","True","10","0","0","0","0","0","False","15","10,2","6,5","10,6","347","100","0","38,87932238558812","1461641216","[18:04:12] [Server thread/INFO]: The game is running normally [18:04:12] [Server thread/INFO]: Target tick rate: 20,0 per second. Average time per tick: 10,2ms (Target: 50,0ms) [18:04:12] [Server thread/INFO]: Percentiles: P50: 6,5ms P95: 10,6ms P99: 347,0ms, sample: 100"
"with-umce","1","2026-09-27T16:04:12.5233576+00:00","646522184381b84f3179ea440c481a63331a8f518bdbf22902283a96953672c7","True","10","0","0","0","0","0","False","15","10,2","6,5","10,5","347","100","33,75578169028791","38,87932238558812","1461641216","[18:04:12] [Server thread/INFO]: The game is running normally [18:04:12] [Server thread/INFO]: Target tick rate: 20,0 per second. Average time per tick: 10,2ms (Target: 50,0ms) [18:04:12] [Server thread/INFO]: Percentiles: P50: 6,5ms P95: 10,5ms P99: 347,0ms, sample: 100"
"with-umce","1","2026-09-27T16:04:12.6622179+00:00","646522184381b84f3179ea440c481a63331a8f518bdbf22902283a96953672c7","True","10","0","0","0","0","0","False","15","10,2","6,5","10,5","347","100","0","38,87932238558812","1461641216","[18:04:12] [Server thread/INFO]: The game is running normally [18:04:12] [Server thread/INFO]: Target tick rate: 20,0 per second. Average time per tick: 10,2ms (Target: 50,0ms) [18:04:12] [Server thread/INFO]: Percentiles: P50: 6,5ms P95: 10,5ms P99: 347,0ms, sample: 100"
"with-umce","1","2026-09-27T16:04:12.7851885+00:00","646522184381b84f3179ea440c481a63331a8f518bdbf22902283a96953672c7","True","10","0","0","0","0","0","False","15","10,2","6,5","10,5","347","100","24,829175274114096","38,87932238558812","1461641216","[18:04:12] [Server thread/INFO]: The game is running normally [18:04:12] [Server thread/INFO]: Target tick rate: 20,0 per second. Average time per tick: 10,2ms (Target: 50,0ms) [18:04:12] [Server thread/INFO]: Percentiles: P50: 6,5ms P95: 10,5ms P99: 347,0ms, sample: 100"
"with-umce","1","2026-09-27T16:04:12.9111062+00:00","646522184381b84f3179ea440c481a63331a8f518bdbf22902283a96953672c7","True","10","0","0","0","0","0","False","15","6,8","6,6","10,4","16,1","100","12,522640934810136","38,87932238558812","1461641216","[18:04:12] [Server thread/INFO]: The game is running normally [18:04:12] [Server thread/INFO]: Target tick rate: 20,0 per second. Average time per tick: 6,8ms (Target: 50,0ms) [18:04:12] [Server thread/INFO]: Percentiles: P50: 6,6ms P95: 10,4ms P99: 16,1ms, sample: 100"
"with-umce","1","2026-09-27T16:04:13.0358197+00:00","646522184381b84f3179ea440c481a63331a8f518bdbf22902283a96953672c7","True","10","0","0","0","0","0","False","15","6,9","6,6","10,4","16,1","100","12,50576265543162","38,87932238558812","1461641216","[18:04:13] [Server thread/INFO]: The game is running normally [18:04:13] [Server thread/INFO]: Target tick rate: 20,0 per second. Average time per tick: 6,9ms (Target: 50,0ms) [18:04:13] [Server thread/INFO]: Percentiles: P50: 6,6ms P95: 10,4ms P99: 16,1ms, sample: 100"
"with-umce","1","2026-09-27T16:04:13.1608302+00:00","646522184381b84f3179ea440c481a63331a8f518bdbf22902283a96953672c7","True","10","0","0","0","0","0","False","15","6,9","6,7","10,4","16,1","100","0","38,87932238558812","1461641216","[18:04:13] [Server thread/INFO]: The game is running normally [18:04:13] [Server thread/INFO]: Target tick rate: 20,0 per second. Average time per tick: 6,9ms (Target: 50,0ms) [18:04:13] [Server thread/INFO]: Percentiles: P50: 6,7ms P95: 10,4ms P99: 16,1ms, sample: 100"
"with-umce","1","2026-09-27T16:04:13.2833953+00:00","646522184381b84f3179ea440c481a63331a8f518bdbf22902283a96953672c7","True","10","0","0","0","0","0","False","15","6,8","6,6","9,7","16,1","100","37,97348377448733","38,87932238558812","1461641216","[18:04:13] [Server thread/INFO]: The game is running normally [18:04:13] [Server thread/INFO]: Target tick rate: 20,0 per second. Average time per tick: 6,8ms (Target: 50,0ms) [18:04:13] [Server thread/INFO]: Percentiles: P50: 6,6ms P95: 9,7ms P99: 16,1ms, sample: 100"
"with-umce","1","2026-09-27T16:04:13.4068262+00:00","646522184381b84f3179ea440c481a63331a8f518bdbf22902283a96953672c7","True","10","0","0","0","0","0","False","15","6,7","6,6","9","12,8","100","12,60215813470316","38,87932238558812","1461641216","[18:04:13] [Server thread/INFO]: The game is running normally [18:04:13] [Server thread/INFO]: Target tick rate: 20,0 per second. Average time per tick: 6,7ms (Target: 50,0ms) [18:04:13] [Server thread/INFO]: Percentiles: P50: 6,6ms P95: 9,0ms P99: 12,8ms, sample: 100"
"with-umce","1","2026-09-27T16:04:13.5307972+00:00","646522184381b84f3179ea440c481a63331a8f518bdbf22902283a96953672c7","True","10","0","0","0","0","0","False","15","6,6","6,5","8,8","12,8","100","50,941853745530366","38,87932238558812","1461641216","[18:04:13] [Server thread/INFO]: The game is running normally [18:04:13] [Server thread/INFO]: Target tick rate: 20,0 per second. Average time per tick: 6,6ms (Target: 50,0ms) [18:04:13] [Server thread/INFO]: Percentiles: P50: 6,5ms P95: 8,8ms P99: 12,8ms, sample: 100"
"with-umce","1","2026-09-27T16:04:13.6535028+00:00","646522184381b84f3179ea440c481a63331a8f518bdbf22902283a96953672c7","True","10","0","0","0","0","0","False","15","6,6","6,5","8,8","12,8","100","0","38,87932238558812","1461641216","[18:04:13] [Server thread/INFO]: The game is running normally [18:04:13] [Server thread/INFO]: Target tick rate: 20,0 per second. Average time per tick: 6,6ms (Target: 50,0ms) [18:04:13] [Server thread/INFO]: Percentiles: P50: 6,5ms P95: 8,8ms P99: 12,8ms, sample: 100"
"with-umce","1","2026-09-27T16:04:13.7779164+00:00","646522184381b84f3179ea440c481a63331a8f518bdbf22902283a96953672c7","True","10","0","0","0","0","0","False","15","6,5","6,5","8,8","12,8","100","37,955619253519245","38,87932238558812","1461641216","[18:04:13] [Server thread/INFO]: The game is running normally [18:04:13] [Server thread/INFO]: Target tick rate: 20,0 per second. Average time per tick: 6,5ms (Target: 50,0ms) [18:04:13] [Server thread/INFO]: Percentiles: P50: 6,5ms P95: 8,8ms P99: 12,8ms, sample: 100"
"with-umce","1","2026-09-27T16:04:13.9014646+00:00","646522184381b84f3179ea440c481a63331a8f518bdbf22902283a96953672c7","True","10","0","0","0","0","0","False","15","6,5","6,5","8,8","12,8","100","12,575948669203052","38,87932238558812","1461641216","[18:04:13] [Server thread/INFO]: The game is running normally [18:04:13] [Server thread/INFO]: Target tick rate: 20,0 per second. Average time per tick: 6,5ms (Target: 50,0ms) [18:04:13] [Server thread/INFO]: Percentiles: P50: 6,5ms P95: 8,8ms P99: 12,8ms, sample: 100"
"with-umce","1","2026-09-27T16:04:14.0256599+00:00","646522184381b84f3179ea440c481a63331a8f518bdbf22902283a96953672c7","True","10","0","0","0","0","0","False","15","6,6","6,5","8,9","12,8","100","12,656853858497588","38,87932238558812","1461641216","[18:04:14] [Server thread/INFO]: The game is running normally [18:04:14] [Server thread/INFO]: Target tick rate: 20,0 per second. Average time per tick: 6,6ms (Target: 50,0ms) [18:04:14] [Server thread/INFO]: Percentiles: P50: 6,5ms P95: 8,9ms P99: 12,8ms, sample: 100"
"with-umce","1","2026-09-27T16:04:14.1491458+00:00","646522184381b84f3179ea440c481a63331a8f518bdbf22902283a96953672c7","True","10","0","0","0","0","0","False","15","6,6","6,5","8,9","12,8","100","46,329983341961835","38,87932238558812","1461641216","[18:04:14] [Server thread/INFO]: The game is running normally [18:04:14] [Server thread/INFO]: Target tick rate: 20,0 per second. Average time per tick: 6,6ms (Target: 50,0ms) [18:04:14] [Server thread/INFO]: Percentiles: P50: 6,5ms P95: 8,9ms P99: 12,8ms, sample: 100"
"with-umce","1","2026-09-27T16:04:14.3177692+00:00","646522184381b84f3179ea440c481a63331a8f518bdbf22902283a96953672c7","True","10","0","0","0","0","0","False","15","6,7","6,5","9,8","12,8","100","94,68886375636025","38,87932238558812","1461641216","[18:04:14] [Server thread/INFO]: The game is running normally [18:04:14] [Server thread/INFO]: Target tick rate: 20,0 per second. Average time per tick: 6,7ms (Target: 50,0ms) [18:04:14] [Server thread/INFO]: Percentiles: P50: 6,5ms P95: 9,8ms P99: 12,8ms, sample: 100"
"with-umce","1","2026-09-27T16:04:14.4498277+00:00","646522184381b84f3179ea440c481a63331a8f518bdbf22902283a96953672c7","True","10","0","0","0","0","0","False","15","6,9","6,6","10,7","17,6","100","167,80157209041917","38,87932238558812","1461641216","[18:04:14] [Server thread/INFO]: The game is running normally [18:04:14] [Server thread/INFO]: Target tick rate: 20,0 per second. Average time per tick: 6,9ms (Target: 50,0ms) [18:04:14] [Server thread/INFO]: Percentiles: P50: 6,6ms P95: 10,7ms P99: 17,6ms, sample: 100"
"with-umce","1","2026-09-27T16:04:14.5894625+00:00","646522184381b84f3179ea440c481a63331a8f518bdbf22902283a96953672c7","True","10","0","0","0","0","0","False","15","7","6,8","11,3","17,6","100","12,840604745230074","38,87932238558812","1461641216","[18:04:14] [Server thread/INFO]: The game is running normally [18:04:14] [Server thread/INFO]: Target tick rate: 20,0 per second. Average time per tick: 7,0ms (Target: 50,0ms) [18:04:14] [Server thread/INFO]: Percentiles: P50: 6,8ms P95: 11,3ms P99: 17,6ms, sample: 100"
"with-umce","1","2026-09-27T16:04:14.7111299+00:00","646522184381b84f3179ea440c481a63331a8f518bdbf22902283a96953672c7","True","10","0","0","0","0","0","False","15","7","6,8","11,3","17,6","100","22,629595165594324","38,87932238558812","1461641216","[18:04:14] [Server thread/INFO]: The game is running normally [18:04:14] [Server thread/INFO]: Target tick rate: 20,0 per second. Average time per tick: 7,0ms (Target: 50,0ms) [18:04:14] [Server thread/INFO]: Percentiles: P50: 6,8ms P95: 11,3ms P99: 17,6ms, sample: 100"
"with-umce","1","2026-09-27T16:04:14.8491989+00:00","646522184381b84f3179ea440c481a63331a8f518bdbf22902283a96953672c7","True","10","0","0","0","0","0","False","15","7","6,8","11,3","17,6","100","11,216790224845496","38,87932238558812","1461641216","[18:04:14] [Server thread/INFO]: The game is running normally [18:04:14] [Server thread/INFO]: Target tick rate: 20,0 per second. Average time per tick: 7,0ms (Target: 50,0ms) [18:04:14] [Server thread/INFO]: Percentiles: P50: 6,8ms P95: 11,3ms P99: 17,6ms, sample: 100"
"with-umce","1","2026-09-27T16:04:14.9885249+00:00","646522184381b84f3179ea440c481a63331a8f518bdbf22902283a96953672c7","True","10","0","0","0","0","0","False","15","7","6,8","11,3","17,6","100","49,68128462288725","38,87932238558812","1461641216","[18:04:15] [Server thread/INFO]: The game is running normally [18:04:15] [Server thread/INFO]: Target tick rate: 20,0 per second. Average time per tick: 7,0ms (Target: 50,0ms) [18:04:15] [Server thread/INFO]: Percentiles: P50: 6,8ms P95: 11,3ms P99: 17,6ms, sample: 100"
"with-umce","1","2026-09-27T16:04:15.1143164+00:00","646522184381b84f3179ea440c481a63331a8f518bdbf22902283a96953672c7","True","10","0","0","0","0","0","False","15","7","6,8","11,3","17,6","100","0","38,87932238558812","1461641216","[18:04:15] [Server thread/INFO]: The game is running normally [18:04:15] [Server thread/INFO]: Target tick rate: 20,0 per second. Average time per tick: 7,0ms (Target: 50,0ms) [18:04:15] [Server thread/INFO]: Percentiles: P50: 6,8ms P95: 11,3ms P99: 17,6ms, sample: 100"
"with-umce","1","2026-09-27T16:04:15.2381876+00:00","646522184381b84f3179ea440c481a63331a8f518bdbf22902283a96953672c7","True","10","0","0","0","0","0","False","15","7","6,7","11,3","17,6","100","37,630321328825985","38,87932238558812","1461641216","[18:04:15] [Server thread/INFO]: The game is running normally [18:04:15] [Server thread/INFO]: Target tick rate: 20,0 per second. Average time per tick: 7,0ms (Target: 50,0ms) [18:04:15] [Server thread/INFO]: Percentiles: P50: 6,7ms P95: 11,3ms P99: 17,6ms, sample: 100"
"with-umce","1","2026-09-27T16:04:15.3627201+00:00","646522184381b84f3179ea440c481a63331a8f518bdbf22902283a96953672c7","True","10","0","0","0","0","0","False","15","7","6,8","11,3","17,6","100","0","38,87932238558812","1461641216","[18:04:15] [Server thread/INFO]: The game is running normally [18:04:15] [Server thread/INFO]: Target tick rate: 20,0 per second. Average time per tick: 7,0ms (Target: 50,0ms) [18:04:15] [Server thread/INFO]: Percentiles: P50: 6,8ms P95: 11,3ms P99: 17,6ms, sample: 100"
"with-umce","1","2026-09-27T16:04:15.4895270+00:00","646522184381b84f3179ea440c481a63331a8f518bdbf22902283a96953672c7","True","10","0","0","0","0","0","False","15","7","6,9","11,3","17,6","100","38,10656505999904","38,87932238558812","1461641216","[18:04:15] [Server thread/INFO]: The game is running normally [18:04:15] [Server thread/INFO]: Target tick rate: 20,0 per second. Average time per tick: 7,0ms (Target: 50,0ms) [18:04:15] [Server thread/INFO]: Percentiles: P50: 6,9ms P95: 11,3ms P99: 17,6ms, sample: 100"
"with-umce","1","2026-09-27T16:04:15.6125027+00:00","646522184381b84f3179ea440c481a63331a8f518bdbf22902283a96953672c7","True","10","0","0","0","0","0","False","15","7,1","6,9","11,4","17,6","100","0","38,87932238558812","1461641216","[18:04:15] [Server thread/INFO]: The game is running normally [18:04:15] [Server thread/INFO]: Target tick rate: 20,0 per second. Average time per tick: 7,1ms (Target: 50,0ms) [18:04:15] [Server thread/INFO]: Percentiles: P50: 6,9ms P95: 11,4ms P99: 17,6ms, sample: 100"
"with-umce","1","2026-09-27T16:04:15.7375677+00:00","646522184381b84f3179ea440c481a63331a8f518bdbf22902283a96953672c7","True","10","0","0","0","0","0","False","15","7,1","6,9","11,4","17,6","100","63,64188821511081","38,87932238558812","1461641216","[18:04:15] [Server thread/INFO]: The game is running normally [18:04:15] [Server thread/INFO]: Target tick rate: 20,0 per second. Average time per tick: 7,1ms (Target: 50,0ms) [18:04:15] [Server thread/INFO]: Percentiles: P50: 6,9ms P95: 11,4ms P99: 17,6ms, sample: 100"
"with-umce","1","2026-09-27T16:04:15.8603306+00:00","646522184381b84f3179ea440c481a63331a8f518bdbf22902283a96953672c7","True","10","0","0","0","0","0","False","15","7,1","6,9","11,4","17,6","100","0","38,87932238558812","1461641216","[18:04:15] [Server thread/INFO]: The game is running normally [18:04:15] [Server thread/INFO]: Target tick rate: 20,0 per second. Average time per tick: 7,1ms (Target: 50,0ms) [18:04:15] [Server thread/INFO]: Percentiles: P50: 6,9ms P95: 11,4ms P99: 17,6ms, sample: 100"
"with-umce","1","2026-09-27T16:04:15.9836557+00:00","646522184381b84f3179ea440c481a63331a8f518bdbf22902283a96953672c7","True","10","0","0","0","0","0","False","15","7,1","6,9","11,4","17,6","100","37,62089851948221","38,87932238558812","1461641216","[18:04:16] [Server thread/INFO]: The game is running normally [18:04:16] [Server thread/INFO]: Target tick rate: 20,0 per second. Average time per tick: 7,1ms (Target: 50,0ms) [18:04:16] [Server thread/INFO]: Percentiles: P50: 6,9ms P95: 11,4ms P99: 17,6ms, sample: 100"
"with-umce","1","2026-09-27T16:04:16.1082148+00:00","646522184381b84f3179ea440c481a63331a8f518bdbf22902283a96953672c7","True","10","0","0","0","0","0","False","15","7,2","6,9","11,4","17,6","100","0","38,87932238558812","1461641216","[18:04:16] [Server thread/INFO]: The game is running normally [18:04:16] [Server thread/INFO]: Target tick rate: 20,0 per second. Average time per tick: 7,2ms (Target: 50,0ms) [18:04:16] [Server thread/INFO]: Percentiles: P50: 6,9ms P95: 11,4ms P99: 17,6ms, sample: 100"
"with-umce","1","2026-09-27T16:04:16.2339595+00:00","646522184381b84f3179ea440c481a63331a8f518bdbf22902283a96953672c7","True","10","0","0","0","0","0","False","15","7,1","6,9","11,3","17,6","100","63,06292489276275","38,87932238558812","1461641216","[18:04:16] [Server thread/INFO]: The game is running normally [18:04:16] [Server thread/INFO]: Target tick rate: 20,0 per second. Average time per tick: 7,1ms (Target: 50,0ms) [18:04:16] [Server thread/INFO]: Percentiles: P50: 6,9ms P95: 11,3ms P99: 17,6ms, sample: 100"
"with-umce","1","2026-09-27T16:04:16.3578272+00:00","646522184381b84f3179ea440c481a63331a8f518bdbf22902283a96953672c7","True","10","0","0","0","0","0","False","15","7,1","6,9","11,3","17,6","100","32,492671386277735","38,87932238558812","1461641216","[18:04:16] [Server thread/INFO]: The game is running normally [18:04:16] [Server thread/INFO]: Target tick rate: 20,0 per second. Average time per tick: 7,1ms (Target: 50,0ms) [18:04:16] [Server thread/INFO]: Percentiles: P50: 6,9ms P95: 11,3ms P99: 17,6ms, sample: 100"
"with-umce","1","2026-09-27T16:04:16.5021481+00:00","646522184381b84f3179ea440c481a63331a8f518bdbf22902283a96953672c7","True","10","0","0","0","0","0","False","15","7,2","6,9","11,4","17,6","100","25,082370504737554","38,87932238558812","1461641216","[18:04:16] [Server thread/INFO]: The game is running normally [18:04:16] [Server thread/INFO]: Target tick rate: 20,0 per second. Average time per tick: 7,2ms (Target: 50,0ms) [18:04:16] [Server thread/INFO]: Percentiles: P50: 6,9ms P95: 11,4ms P99: 17,6ms, sample: 100"
"with-umce","1","2026-09-27T16:04:16.6267236+00:00","646522184381b84f3179ea440c481a63331a8f518bdbf22902283a96953672c7","True","10","0","0","0","0","0","False","15","7,4","6,9","11,4","17,6","100","65,65930698790118","38,87932238558812","1461641216","[18:04:16] [Server thread/INFO]: The game is running normally [18:04:16] [Server thread/INFO]: Target tick rate: 20,0 per second. Average time per tick: 7,4ms (Target: 50,0ms) [18:04:16] [Server thread/INFO]: Percentiles: P50: 6,9ms P95: 11,4ms P99: 17,6ms, sample: 100"
"with-umce","1","2026-09-27T16:04:16.7695234+00:00","646522184381b84f3179ea440c481a63331a8f518bdbf22902283a96953672c7","True","10","0","0","0","0","0","False","15","7,5","7","11,5","17,6","100","13,130671399590913","38,87932238558812","1461641216","[18:04:16] [Server thread/INFO]: The game is running normally [18:04:16] [Server thread/INFO]: Target tick rate: 20,0 per second. Average time per tick: 7,5ms (Target: 50,0ms) [18:04:16] [Server thread/INFO]: Percentiles: P50: 7,0ms P95: 11,5ms P99: 17,6ms, sample: 100"
"with-umce","1","2026-09-27T16:04:16.8885110+00:00","646522184381b84f3179ea440c481a63331a8f518bdbf22902283a96953672c7","True","10","0","0","0","0","0","False","15","7,6","7,1","11,5","17,6","100","35,740808798300606","38,87932238558812","1461641216","[18:04:16] [Server thread/INFO]: The game is running normally [18:04:16] [Server thread/INFO]: Target tick rate: 20,0 per second. Average time per tick: 7,6ms (Target: 50,0ms) [18:04:16] [Server thread/INFO]: Percentiles: P50: 7,1ms P95: 11,5ms P99: 17,6ms, sample: 100"
"with-umce","1","2026-09-27T16:04:17.0196459+00:00","646522184381b84f3179ea440c481a63331a8f518bdbf22902283a96953672c7","True","10","0","0","0","0","0","False","15","7,8","7,2","11,6","17,6","100","35,954364994139915","38,87932238558812","1461641216","[18:04:17] [Server thread/INFO]: The game is running normally [18:04:17] [Server thread/INFO]: Target tick rate: 20,0 per second. Average time per tick: 7,8ms (Target: 50,0ms) [18:04:17] [Server thread/INFO]: Percentiles: P50: 7,2ms P95: 11,6ms P99: 17,6ms, sample: 100"
"with-umce","1","2026-09-27T16:04:17.1502724+00:00","646522184381b84f3179ea440c481a63331a8f518bdbf22902283a96953672c7","True","10","0","0","0","0","0","False","15","7,9","7,2","12,1","17,6","100","36,1503205521224","38,87932238558812","1461641216","[18:04:17] [Server thread/INFO]: The game is running normally [18:04:17] [Server thread/INFO]: Target tick rate: 20,0 per second. Average time per tick: 7,9ms (Target: 50,0ms) [18:04:17] [Server thread/INFO]: Percentiles: P50: 7,2ms P95: 12,1ms P99: 17,6ms, sample: 100"
"with-umce","1","2026-09-27T16:04:17.2815696+00:00","646522184381b84f3179ea440c481a63331a8f518bdbf22902283a96953672c7","True","10","0","0","0","0","0","False","15","8","7,3","12,2","17,6","100","38,18920827966477","38,87932238558812","1461641216","[18:04:17] [Server thread/INFO]: The game is running normally [18:04:17] [Server thread/INFO]: Target tick rate: 20,0 per second. Average time per tick: 8,0ms (Target: 50,0ms) [18:04:17] [Server thread/INFO]: Percentiles: P50: 7,3ms P95: 12,2ms P99: 17,6ms, sample: 100"
"with-umce","1","2026-09-27T16:04:17.4026371+00:00","646522184381b84f3179ea440c481a63331a8f518bdbf22902283a96953672c7","True","10","0","0","0","0","0","False","15","8","7,5","12,2","17,6","100","25,058054500667144","38,87932238558812","1461641216","[18:04:17] [Server thread/INFO]: The game is running normally [18:04:17] [Server thread/INFO]: Target tick rate: 20,0 per second. Average time per tick: 8,0ms (Target: 50,0ms) [18:04:17] [Server thread/INFO]: Percentiles: P50: 7,5ms P95: 12,2ms P99: 17,6ms, sample: 100"
"with-umce","1","2026-09-27T16:04:17.5271686+00:00","646522184381b84f3179ea440c481a63331a8f518bdbf22902283a96953672c7","True","10","0","0","0","0","0","False","15","8,1","7,8","12,2","17,6","100","25,76709677791731","38,87932238558812","1461641216","[18:04:17] [Server thread/INFO]: The game is running normally [18:04:17] [Server thread/INFO]: Target tick rate: 20,0 per second. Average time per tick: 8,1ms (Target: 50,0ms) [18:04:17] [Server thread/INFO]: Percentiles: P50: 7,8ms P95: 12,2ms P99: 17,6ms, sample: 100"
"with-umce","1","2026-09-27T16:04:17.6484330+00:00","646522184381b84f3179ea440c481a63331a8f518bdbf22902283a96953672c7","True","10","0","0","0","0","0","False","15","8,2","7,8","12,2","17,6","100","24,995240906131475","38,87932238558812","1461641216","[18:04:17] [Server thread/INFO]: The game is running normally [18:04:17] [Server thread/INFO]: Target tick rate: 20,0 per second. Average time per tick: 8,2ms (Target: 50,0ms) [18:04:17] [Server thread/INFO]: Percentiles: P50: 7,8ms P95: 12,2ms P99: 17,6ms, sample: 100"
"with-umce","1","2026-09-27T16:04:17.7734246+00:00","646522184381b84f3179ea440c481a63331a8f518bdbf22902283a96953672c7","True","10","0","0","0","0","0","False","15","8,3","7,8","12,2","17,6","100","33,36776293263307","38,87932238558812","1461641216","[18:04:17] [Server thread/INFO]: The game is running normally [18:04:17] [Server thread/INFO]: Target tick rate: 20,0 per second. Average time per tick: 8,3ms (Target: 50,0ms) [18:04:17] [Server thread/INFO]: Percentiles: P50: 7,8ms P95: 12,2ms P99: 17,6ms, sample: 100"
"with-umce","1","2026-09-27T16:04:17.9139454+00:00","646522184381b84f3179ea440c481a63331a8f518bdbf22902283a96953672c7","True","10","0","0","0","0","0","False","15","8,3","7,8","12,2","17,6","100","40,3151938612538","38,87932238558812","1461641216","[18:04:17] [Server thread/INFO]: The game is running normally [18:04:17] [Server thread/INFO]: Target tick rate: 20,0 per second. Average time per tick: 8,3ms (Target: 50,0ms) [18:04:17] [Server thread/INFO]: Percentiles: P50: 7,8ms P95: 12,2ms P99: 17,6ms, sample: 100"
"with-umce","1","2026-09-27T16:04:18.0689911+00:00","646522184381b84f3179ea440c481a63331a8f518bdbf22902283a96953672c7","True","10","0","0","0","0","0","False","15","8,3","7,8","12,2","17,6","100","11,157685771005012","38,87932238558812","1461641216","[18:04:18] [Server thread/INFO]: The game is running normally [18:04:18] [Server thread/INFO]: Target tick rate: 20,0 per second. Average time per tick: 8,3ms (Target: 50,0ms) [18:04:18] [Server thread/INFO]: Percentiles: P50: 7,8ms P95: 12,2ms P99: 17,6ms, sample: 100"
"with-umce","1","2026-09-27T16:04:18.2089860+00:00","646522184381b84f3179ea440c481a63331a8f518bdbf22902283a96953672c7","True","10","0","0","0","0","0","False","15","8,4","8","12,2","17,6","100","54,72601617018058","38,87932238558812","1461641216","[18:04:18] [Server thread/INFO]: The game is running normally [18:04:18] [Server thread/INFO]: Target tick rate: 20,0 per second. Average time per tick: 8,4ms (Target: 50,0ms) [18:04:18] [Server thread/INFO]: Percentiles: P50: 8,0ms P95: 12,2ms P99: 17,6ms, sample: 100"
"with-umce","1","2026-09-27T16:04:18.3517307+00:00","646522184381b84f3179ea440c481a63331a8f518bdbf22902283a96953672c7","True","10","0","0","0","0","0","False","15","8,4","8,1","12,2","17,6","100","36,63082381257522","38,87932238558812","1461641216","[18:04:18] [Server thread/INFO]: The game is running normally [18:04:18] [Server thread/INFO]: Target tick rate: 20,0 per second. Average time per tick: 8,4ms (Target: 50,0ms) [18:04:18] [Server thread/INFO]: Percentiles: P50: 8,1ms P95: 12,2ms P99: 17,6ms, sample: 100"
"with-umce","1","2026-09-27T16:04:18.4797105+00:00","646522184381b84f3179ea440c481a63331a8f518bdbf22902283a96953672c7","True","10","0","0","0","0","0","False","15","8,5","8,3","12,2","17,6","100","75,89120560566849","38,87932238558812","1461641216","[18:04:18] [Server thread/INFO]: The game is running normally [18:04:18] [Server thread/INFO]: Target tick rate: 20,0 per second. Average time per tick: 8,5ms (Target: 50,0ms) [18:04:18] [Server thread/INFO]: Percentiles: P50: 8,3ms P95: 12,2ms P99: 17,6ms, sample: 100"
"with-umce","1","2026-09-27T16:04:18.6032601+00:00","646522184381b84f3179ea440c481a63331a8f518bdbf22902283a96953672c7","True","10","0","0","0","0","0","False","15","8,6","8,3","12,9","17,6","100","0","38,87932238558812","1461641216","[18:04:18] [Server thread/INFO]: The game is running normally [18:04:18] [Server thread/INFO]: Target tick rate: 20,0 per second. Average time per tick: 8,6ms (Target: 50,0ms) [18:04:18] [Server thread/INFO]: Percentiles: P50: 8,3ms P95: 12,9ms P99: 17,6ms, sample: 100"
"with-umce","1","2026-09-27T16:04:18.7254741+00:00","646522184381b84f3179ea440c481a63331a8f518bdbf22902283a96953672c7","True","10","0","0","0","0","0","False","15","8,7","8,4","12,9","17,6","100","44,90703883704421","38,87932238558812","1461641216","[18:04:18] [Server thread/INFO]: The game is running normally [18:04:18] [Server thread/INFO]: Target tick rate: 20,0 per second. Average time per tick: 8,7ms (Target: 50,0ms) [18:04:18] [Server thread/INFO]: Percentiles: P50: 8,4ms P95: 12,9ms P99: 17,6ms, sample: 100"
"with-umce","1","2026-09-27T16:04:18.8646375+00:00","646522184381b84f3179ea440c481a63331a8f518bdbf22902283a96953672c7","True","10","0","0","0","0","0","False","15","8,8","8,6","12,9","17,6","100","11,205817701964694","38,87932238558812","1461641216","[18:04:18] [Server thread/INFO]: The game is running normally [18:04:18] [Server thread/INFO]: Target tick rate: 20,0 per second. Average time per tick: 8,8ms (Target: 50,0ms) [18:04:18] [Server thread/INFO]: Percentiles: P50: 8,6ms P95: 12,9ms P99: 17,6ms, sample: 100"
"with-umce","1","2026-09-27T16:04:19.0040414+00:00","646522184381b84f3179ea440c481a63331a8f518bdbf22902283a96953672c7","True","10","0","0","0","0","0","False","15","8,7","8,4","12,9","17,6","100","37,45750820269486","38,87932238558812","1461641216","[18:04:19] [Server thread/INFO]: The game is running normally [18:04:19] [Server thread/INFO]: Target tick rate: 20,0 per second. Average time per tick: 8,7ms (Target: 50,0ms) [18:04:19] [Server thread/INFO]: Percentiles: P50: 8,4ms P95: 12,9ms P99: 17,6ms, sample: 100"
"with-umce","1","2026-09-27T16:04:19.1292268+00:00","646522184381b84f3179ea440c481a63331a8f518bdbf22902283a96953672c7","True","10","0","0","0","0","0","False","15","8,8","8,6","12,9","17,6","100","12,648616180676475","38,87932238558812","1461641216","[18:04:19] [Server thread/INFO]: The game is running normally [18:04:19] [Server thread/INFO]: Target tick rate: 20,0 per second. Average time per tick: 8,8ms (Target: 50,0ms) [18:04:19] [Server thread/INFO]: Percentiles: P50: 8,6ms P95: 12,9ms P99: 17,6ms, sample: 100"
"with-umce","1","2026-09-27T16:04:19.2527820+00:00","646522184381b84f3179ea440c481a63331a8f518bdbf22902283a96953672c7","True","10","0","0","0","0","0","False","15","8,7","8,3","12,9","17,6","100","24,73405939340214","38,87932238558812","1461641216","[18:04:19] [Server thread/INFO]: The game is running normally [18:04:19] [Server thread/INFO]: Target tick rate: 20,0 per second. Average time per tick: 8,7ms (Target: 50,0ms) [18:04:19] [Server thread/INFO]: Percentiles: P50: 8,3ms P95: 12,9ms P99: 17,6ms, sample: 100"
"with-umce","1","2026-09-27T16:04:19.3790885+00:00","646522184381b84f3179ea440c481a63331a8f518bdbf22902283a96953672c7","True","10","0","0","0","0","0","False","15","8,6","8,3","12,2","13,9","100","0","38,87932238558812","1461641216","[18:04:19] [Server thread/INFO]: The game is running normally [18:04:19] [Server thread/INFO]: Target tick rate: 20,0 per second. Average time per tick: 8,6ms (Target: 50,0ms) [18:04:19] [Server thread/INFO]: Percentiles: P50: 8,3ms P95: 12,2ms P99: 13,9ms, sample: 100"
"with-umce","1","2026-09-27T16:04:19.5018061+00:00","646522184381b84f3179ea440c481a63331a8f518bdbf22902283a96953672c7","True","10","0","0","0","0","0","False","15","8,4","8,1","12,2","13,9","100","62,021097890528495","38,87932238558812","1461641216","[18:04:19] [Server thread/INFO]: The game is running normally [18:04:19] [Server thread/INFO]: Target tick rate: 20,0 per second. Average time per tick: 8,4ms (Target: 50,0ms) [18:04:19] [Server thread/INFO]: Percentiles: P50: 8,1ms P95: 12,2ms P99: 13,9ms, sample: 100"
"with-umce","1","2026-09-27T16:04:19.6276453+00:00","646522184381b84f3179ea440c481a63331a8f518bdbf22902283a96953672c7","True","10","0","0","0","0","0","False","15","8,4","8","12,2","13,9","100","12,205210003819742","38,87932238558812","1461641216","[18:04:19] [Server thread/INFO]: The game is running normally [18:04:19] [Server thread/INFO]: Target tick rate: 20,0 per second. Average time per tick: 8,4ms (Target: 50,0ms) [18:04:19] [Server thread/INFO]: Percentiles: P50: 8,0ms P95: 12,2ms P99: 13,9ms, sample: 100"
"with-umce","1","2026-09-27T16:04:19.7562698+00:00","646522184381b84f3179ea440c481a63331a8f518bdbf22902283a96953672c7","True","10","0","0","0","0","0","False","15","8,4","8,1","12,2","13,9","100","22,78380971545391","38,87932238558812","1461641216","[18:04:19] [Server thread/INFO]: The game is running normally [18:04:19] [Server thread/INFO]: Target tick rate: 20,0 per second. Average time per tick: 8,4ms (Target: 50,0ms) [18:04:19] [Server thread/INFO]: Percentiles: P50: 8,1ms P95: 12,2ms P99: 13,9ms, sample: 100"
"with-umce","1","2026-09-27T16:04:19.8928127+00:00","646522184381b84f3179ea440c481a63331a8f518bdbf22902283a96953672c7","True","10","0","0","0","0","0","False","15","8,4","8,1","12,2","13,9","100","12,32607416312859","38,87932238558812","1461641216","[18:04:19] [Server thread/INFO]: The game is running normally [18:04:19] [Server thread/INFO]: Target tick rate: 20,0 per second. Average time per tick: 8,4ms (Target: 50,0ms) [18:04:19] [Server thread/INFO]: Percentiles: P50: 8,1ms P95: 12,2ms P99: 13,9ms, sample: 100"
"with-umce","1","2026-09-27T16:04:20.0198667+00:00","646522184381b84f3179ea440c481a63331a8f518bdbf22902283a96953672c7","True","10","0","0","0","0","0","False","15","8,4","8,1","12,2","13,9","100","38,52555014485607","38,87932238558812","1461641216","[18:04:20] [Server thread/INFO]: The game is running normally [18:04:20] [Server thread/INFO]: Target tick rate: 20,0 per second. Average time per tick: 8,4ms (Target: 50,0ms) [18:04:20] [Server thread/INFO]: Percentiles: P50: 8,1ms P95: 12,2ms P99: 13,9ms, sample: 100"
"with-umce","1","2026-09-27T16:04:20.1412141+00:00","646522184381b84f3179ea440c481a63331a8f518bdbf22902283a96953672c7","True","10","0","0","0","0","0","False","15","8,5","8,3","12,2","13,9","100","24,616262014705164","38,87932238558812","1461641216","[18:04:20] [Server thread/INFO]: The game is running normally [18:04:20] [Server thread/INFO]: Target tick rate: 20,0 per second. Average time per tick: 8,5ms (Target: 50,0ms) [18:04:20] [Server thread/INFO]: Percentiles: P50: 8,3ms P95: 12,2ms P99: 13,9ms, sample: 100"
"with-umce","1","2026-09-27T16:04:20.2682102+00:00","646522184381b84f3179ea440c481a63331a8f518bdbf22902283a96953672c7","True","10","0","0","0","0","0","False","15","8,5","8,3","12,2","13,9","100","25,0332040418411","38,87932238558812","1461641216","[18:04:20] [Server thread/INFO]: The game is running normally [18:04:20] [Server thread/INFO]: Target tick rate: 20,0 per second. Average time per tick: 8,5ms (Target: 50,0ms) [18:04:20] [Server thread/INFO]: Percentiles: P50: 8,3ms P95: 12,2ms P99: 13,9ms, sample: 100"
"with-umce","1","2026-09-27T16:04:20.3930573+00:00","646522184381b84f3179ea440c481a63331a8f518bdbf22902283a96953672c7","True","10","0","0","0","0","0","False","15","8,5","8,3","12,2","13,9","100","25,27969454039493","38,87932238558812","1461641216","[18:04:20] [Server thread/INFO]: The game is running normally [18:04:20] [Server thread/INFO]: Target tick rate: 20,0 per second. Average time per tick: 8,5ms (Target: 50,0ms) [18:04:20] [Server thread/INFO]: Percentiles: P50: 8,3ms P95: 12,2ms P99: 13,9ms, sample: 100"
"with-umce","1","2026-09-27T16:04:20.5174436+00:00","646522184381b84f3179ea440c481a63331a8f518bdbf22902283a96953672c7","True","10","0","0","0","0","0","False","15","8,5","8,3","12,2","13,9","100","25,2416534938891","38,87932238558812","1461641216","[18:04:20] [Server thread/INFO]: The game is running normally [18:04:20] [Server thread/INFO]: Target tick rate: 20,0 per second. Average time per tick: 8,5ms (Target: 50,0ms) [18:04:20] [Server thread/INFO]: Percentiles: P50: 8,3ms P95: 12,2ms P99: 13,9ms, sample: 100"
"with-umce","1","2026-09-27T16:04:20.6404368+00:00","646522184381b84f3179ea440c481a63331a8f518bdbf22902283a96953672c7","True","10","0","0","0","0","0","False","15","8,5","8,3","12,2","13,9","100","50,48758893893668","38,87932238558812","1461641216","[18:04:20] [Server thread/INFO]: The game is running normally [18:04:20] [Server thread/INFO]: Target tick rate: 20,0 per second. Average time per tick: 8,5ms (Target: 50,0ms) [18:04:20] [Server thread/INFO]: Percentiles: P50: 8,3ms P95: 12,2ms P99: 13,9ms, sample: 100"
"with-umce","1","2026-09-27T16:04:20.7642498+00:00","646522184381b84f3179ea440c481a63331a8f518bdbf22902283a96953672c7","True","10","0","0","0","0","0","False","15","8,5","8,3","12,2","13,9","100","37,54770059884077","38,87932238558812","1461641216","[18:04:20] [Server thread/INFO]: The game is running normally [18:04:20] [Server thread/INFO]: Target tick rate: 20,0 per second. Average time per tick: 8,5ms (Target: 50,0ms) [18:04:20] [Server thread/INFO]: Percentiles: P50: 8,3ms P95: 12,2ms P99: 13,9ms, sample: 100"
"with-umce","1","2026-09-27T16:04:20.8891357+00:00","646522184381b84f3179ea440c481a63331a8f518bdbf22902283a96953672c7","True","10","0","0","0","0","0","False","15","8,5","8,3","12,2","13,9","100","12,547610653865027","38,87932238558812","1461641216","[18:04:20] [Server thread/INFO]: The game is running normally [18:04:20] [Server thread/INFO]: Target tick rate: 20,0 per second. Average time per tick: 8,5ms (Target: 50,0ms) [18:04:20] [Server thread/INFO]: Percentiles: P50: 8,3ms P95: 12,2ms P99: 13,9ms, sample: 100"
"with-umce","1","2026-09-27T16:04:21.0135978+00:00","646522184381b84f3179ea440c481a63331a8f518bdbf22902283a96953672c7","True","10","0","0","0","0","0","False","15","8,6","8,3","12,2","13,9","100","25,163644211033194","38,87932238558812","1461641216","[18:04:21] [Server thread/INFO]: The game is running normally [18:04:21] [Server thread/INFO]: Target tick rate: 20,0 per second. Average time per tick: 8,6ms (Target: 50,0ms) [18:04:21] [Server thread/INFO]: Percentiles: P50: 8,3ms P95: 12,2ms P99: 13,9ms, sample: 100"
"with-umce","1","2026-09-27T16:04:21.1378047+00:00","646522184381b84f3179ea440c481a63331a8f518bdbf22902283a96953672c7","True","10","0","0","0","0","0","False","15","8,6","8,3","12,2","13,9","100","37,108901861501266","38,87932238558812","1461641216","[18:04:21] [Server thread/INFO]: The game is running normally [18:04:21] [Server thread/INFO]: Target tick rate: 20,0 per second. Average time per tick: 8,6ms (Target: 50,0ms) [18:04:21] [Server thread/INFO]: Percentiles: P50: 8,3ms P95: 12,2ms P99: 13,9ms, sample: 100"
"with-umce","1","2026-09-27T16:04:21.2642137+00:00","646522184381b84f3179ea440c481a63331a8f518bdbf22902283a96953672c7","True","10","0","0","0","0","0","False","15","8,7","8,4","12,9","14,2","100","50,68226437004378","38,87932238558812","1461641216","[18:04:21] [Server thread/INFO]: The game is running normally [18:04:21] [Server thread/INFO]: Target tick rate: 20,0 per second. Average time per tick: 8,7ms (Target: 50,0ms) [18:04:21] [Server thread/INFO]: Percentiles: P50: 8,4ms P95: 12,9ms P99: 14,2ms, sample: 100"
"with-umce","1","2026-09-27T16:04:21.3874432+00:00","646522184381b84f3179ea440c481a63331a8f518bdbf22902283a96953672c7","True","10","0","0","0","0","0","False","15","8,8","8,6","12,9","14,2","100","24,861986142525613","38,87932238558812","1461641216","[18:04:21] [Server thread/INFO]: The game is running normally [18:04:21] [Server thread/INFO]: Target tick rate: 20,0 per second. Average time per tick: 8,8ms (Target: 50,0ms) [18:04:21] [Server thread/INFO]: Percentiles: P50: 8,6ms P95: 12,9ms P99: 14,2ms, sample: 100"
"with-umce","1","2026-09-27T16:04:21.5131410+00:00","646522184381b84f3179ea440c481a63331a8f518bdbf22902283a96953672c7","True","10","0","0","0","0","0","False","15","8,7","8,4","12,2","14,2","100","25,591994005331326","38,87932238558812","1461641216","[18:04:21] [Server thread/INFO]: The game is running normally [18:04:21] [Server thread/INFO]: Target tick rate: 20,0 per second. Average time per tick: 8,7ms (Target: 50,0ms) [18:04:21] [Server thread/INFO]: Percentiles: P50: 8,4ms P95: 12,2ms P99: 14,2ms, sample: 100"
"with-umce","1","2026-09-27T16:04:21.6352248+00:00","646522184381b84f3179ea440c481a63331a8f518bdbf22902283a96953672c7","True","10","0","0","0","0","0","False","15","8,7","8,4","12,2","14,2","100","0","38,87932238558812","1461641216","[18:04:21] [Server thread/INFO]: The game is running normally [18:04:21] [Server thread/INFO]: Target tick rate: 20,0 per second. Average time per tick: 8,7ms (Target: 50,0ms) [18:04:21] [Server thread/INFO]: Percentiles: P50: 8,4ms P95: 12,2ms P99: 14,2ms, sample: 100"
"with-umce","1","2026-09-27T16:04:21.7606019+00:00","646522184381b84f3179ea440c481a63331a8f518bdbf22902283a96953672c7","True","10","0","0","0","0","0","False","15","8,6","8,3","12,1","14,2","100","50,26055069480185","38,87932238558812","1461641216","[18:04:21] [Server thread/INFO]: The game is running normally [18:04:21] [Server thread/INFO]: Target tick rate: 20,0 per second. Average time per tick: 8,6ms (Target: 50,0ms) [18:04:21] [Server thread/INFO]: Percentiles: P50: 8,3ms P95: 12,1ms P99: 14,2ms, sample: 100"
"with-umce","1","2026-09-27T16:04:21.8849156+00:00","646522184381b84f3179ea440c481a63331a8f518bdbf22902283a96953672c7","True","10","0","0","0","0","0","False","15","8,6","8,4","12,1","14,2","100","24,69280179147265","38,87932238558812","1461641216","[18:04:21] [Server thread/INFO]: The game is running normally [18:04:21] [Server thread/INFO]: Target tick rate: 20,0 per second. Average time per tick: 8,6ms (Target: 50,0ms) [18:04:21] [Server thread/INFO]: Percentiles: P50: 8,4ms P95: 12,1ms P99: 14,2ms, sample: 100"
"with-umce","1","2026-09-27T16:04:22.0115275+00:00","646522184381b84f3179ea440c481a63331a8f518bdbf22902283a96953672c7","True","10","0","0","0","0","0","False","15","8,5","8,3","11,5","14,2","100","25,24746555841738","38,87932238558812","1461641216","[18:04:22] [Server thread/INFO]: The game is running normally [18:04:22] [Server thread/INFO]: Target tick rate: 20,0 per second. Average time per tick: 8,5ms (Target: 50,0ms) [18:04:22] [Server thread/INFO]: Percentiles: P50: 8,3ms P95: 11,5ms P99: 14,2ms, sample: 100"
"with-umce","1","2026-09-27T16:04:22.1352701+00:00","646522184381b84f3179ea440c481a63331a8f518bdbf22902283a96953672c7","True","10","0","0","0","0","0","False","15","8,5","8,3","11,1","14,2","100","0","38,87932238558812","1461641216","[18:04:22] [Server thread/INFO]: The game is running normally [18:04:22] [Server thread/INFO]: Target tick rate: 20,0 per second. Average time per tick: 8,5ms (Target: 50,0ms) [18:04:22] [Server thread/INFO]: Percentiles: P50: 8,3ms P95: 11,1ms P99: 14,2ms, sample: 100"
"with-umce","1","2026-09-27T16:04:22.2585972+00:00","646522184381b84f3179ea440c481a63331a8f518bdbf22902283a96953672c7","True","10","0","0","0","0","0","False","15","8,4","8,3","10,9","14,2","100","37,054486497937994","38,87932238558812","1461641216","[18:04:22] [Server thread/INFO]: The game is running normally [18:04:22] [Server thread/INFO]: Target tick rate: 20,0 per second. Average time per tick: 8,4ms (Target: 50,0ms) [18:04:22] [Server thread/INFO]: Percentiles: P50: 8,3ms P95: 10,9ms P99: 14,2ms, sample: 100"
"with-umce","1","2026-09-27T16:04:22.3851122+00:00","646522184381b84f3179ea440c481a63331a8f518bdbf22902283a96953672c7","True","10","0","0","0","0","0","False","15","8,4","8,3","10,9","14,2","100","0","38,87932238558812","1461641216","[18:04:22] [Server thread/INFO]: The game is running normally [18:04:22] [Server thread/INFO]: Target tick rate: 20,0 per second. Average time per tick: 8,4ms (Target: 50,0ms) [18:04:22] [Server thread/INFO]: Percentiles: P50: 8,3ms P95: 10,9ms P99: 14,2ms, sample: 100"
"with-umce","1","2026-09-27T16:04:22.5073968+00:00","646522184381b84f3179ea440c481a63331a8f518bdbf22902283a96953672c7","True","10","0","0","0","0","0","False","15","8,3","8,2","10,9","14,2","100","30,323495906085462","38,87932238558812","1461641216","[18:04:22] [Server thread/INFO]: The game is running normally [18:04:22] [Server thread/INFO]: Target tick rate: 20,0 per second. Average time per tick: 8,3ms (Target: 50,0ms) [18:04:22] [Server thread/INFO]: Percentiles: P50: 8,2ms P95: 10,9ms P99: 14,2ms, sample: 100"
"with-umce","1","2026-09-27T16:04:22.6619393+00:00","646522184381b84f3179ea440c481a63331a8f518bdbf22902283a96953672c7","True","10","0","0","0","0","0","False","15","8,3","8,1","10,9","14,2","100","33,99424182869078","38,87932238558812","1461641216","[18:04:22] [Server thread/INFO]: The game is running normally [18:04:22] [Server thread/INFO]: Target tick rate: 20,0 per second. Average time per tick: 8,3ms (Target: 50,0ms) [18:04:22] [Server thread/INFO]: Percentiles: P50: 8,1ms P95: 10,9ms P99: 14,2ms, sample: 100"
"with-umce","2","2026-09-27T16:05:09.0152256+00:00","646522184381b84f3179ea440c481a63331a8f518bdbf22902283a96953672c7","True","10","0","0","0","0","0","False","15","7","6,7","10,8","14,5","100","12,571810179746713","42,85605021212563","1496686592","[18:05:09] [Server thread/INFO]: The game is running normally [18:05:09] [Server thread/INFO]: Target tick rate: 20,0 per second. Average time per tick: 7,0ms (Target: 50,0ms) [18:05:09] [Server thread/INFO]: Percentiles: P50: 6,7ms P95: 10,8ms P99: 14,5ms, sample: 100"
"with-umce","2","2026-09-27T16:05:09.1456558+00:00","646522184381b84f3179ea440c481a63331a8f518bdbf22902283a96953672c7","True","10","0","0","0","0","0","False","15","7","6,6","10,8","14,5","100","38,224148855232606","42,85605021212563","1496686592","[18:05:09] [Server thread/INFO]: The game is running normally [18:05:09] [Server thread/INFO]: Target tick rate: 20,0 per second. Average time per tick: 7,0ms (Target: 50,0ms) [18:05:09] [Server thread/INFO]: Percentiles: P50: 6,6ms P95: 10,8ms P99: 14,5ms, sample: 100"
"with-umce","2","2026-09-27T16:05:09.2622137+00:00","646522184381b84f3179ea440c481a63331a8f518bdbf22902283a96953672c7","True","10","0","0","0","0","0","False","15","7","6,6","10,8","14,5","100","24,862421305464085","42,85605021212563","1496686592","[18:05:09] [Server thread/INFO]: The game is running normally [18:05:09] [Server thread/INFO]: Target tick rate: 20,0 per second. Average time per tick: 7,0ms (Target: 50,0ms) [18:05:09] [Server thread/INFO]: Percentiles: P50: 6,6ms P95: 10,8ms P99: 14,5ms, sample: 100"
"with-umce","2","2026-09-27T16:05:09.3879484+00:00","646522184381b84f3179ea440c481a63331a8f518bdbf22902283a96953672c7","True","10","0","0","0","0","0","False","15","7,1","6,7","10,8","14,5","100","62,22556038846273","42,85605021212563","1496686592","[18:05:09] [Server thread/INFO]: The game is running normally [18:05:09] [Server thread/INFO]: Target tick rate: 20,0 per second. Average time per tick: 7,1ms (Target: 50,0ms) [18:05:09] [Server thread/INFO]: Percentiles: P50: 6,7ms P95: 10,8ms P99: 14,5ms, sample: 100"
"with-umce","2","2026-09-27T16:05:09.5134987+00:00","646522184381b84f3179ea440c481a63331a8f518bdbf22902283a96953672c7","True","10","0","0","0","0","0","False","15","7,1","6,8","10,8","14,5","100","50,18548555460984","42,85605021212563","1496686592","[18:05:09] [Server thread/INFO]: The game is running normally [18:05:09] [Server thread/INFO]: Target tick rate: 20,0 per second. Average time per tick: 7,1ms (Target: 50,0ms) [18:05:09] [Server thread/INFO]: Percentiles: P50: 6,8ms P95: 10,8ms P99: 14,5ms, sample: 100"
"with-umce","2","2026-09-27T16:05:09.6379875+00:00","646522184381b84f3179ea440c481a63331a8f518bdbf22902283a96953672c7","True","10","0","0","0","0","0","False","15","7,2","6,8","10,8","14,5","100","25,564484264139615","42,85605021212563","1496686592","[18:05:09] [Server thread/INFO]: The game is running normally [18:05:09] [Server thread/INFO]: Target tick rate: 20,0 per second. Average time per tick: 7,2ms (Target: 50,0ms) [18:05:09] [Server thread/INFO]: Percentiles: P50: 6,8ms P95: 10,8ms P99: 14,5ms, sample: 100"
"with-umce","2","2026-09-27T16:05:09.7602316+00:00","646522184381b84f3179ea440c481a63331a8f518bdbf22902283a96953672c7","True","10","0","0","0","0","0","False","15","7,2","6,9","10,8","14,5","100","37,757384538924946","42,85605021212563","1496686592","[18:05:09] [Server thread/INFO]: The game is running normally [18:05:09] [Server thread/INFO]: Target tick rate: 20,0 per second. Average time per tick: 7,2ms (Target: 50,0ms) [18:05:09] [Server thread/INFO]: Percentiles: P50: 6,9ms P95: 10,8ms P99: 14,5ms, sample: 100"
"with-umce","2","2026-09-27T16:05:09.8843709+00:00","646522184381b84f3179ea440c481a63331a8f518bdbf22902283a96953672c7","True","10","0","0","0","0","0","False","15","7,2","6,8","10,8","14,5","100","25,04118774560397","42,85605021212563","1496686592","[18:05:09] [Server thread/INFO]: The game is running normally [18:05:09] [Server thread/INFO]: Target tick rate: 20,0 per second. Average time per tick: 7,2ms (Target: 50,0ms) [18:05:09] [Server thread/INFO]: Percentiles: P50: 6,8ms P95: 10,8ms P99: 14,5ms, sample: 100"
"with-umce","2","2026-09-27T16:05:10.0091919+00:00","646522184381b84f3179ea440c481a63331a8f518bdbf22902283a96953672c7","True","10","0","0","0","0","0","False","15","7,3","6,8","10,6","14,5","100","38,027425176224156","42,85605021212563","1496686592","[18:05:10] [Server thread/INFO]: The game is running normally [18:05:10] [Server thread/INFO]: Target tick rate: 20,0 per second. Average time per tick: 7,3ms (Target: 50,0ms) [18:05:10] [Server thread/INFO]: Percentiles: P50: 6,8ms P95: 10,6ms P99: 14,5ms, sample: 100"
"with-umce","2","2026-09-27T16:05:10.1324510+00:00","646522184381b84f3179ea440c481a63331a8f518bdbf22902283a96953672c7","True","10","0","0","0","0","0","False","15","7,3","6,8","10,8","14,5","100","24,71027694487671","42,85605021212563","1496686592","[18:05:10] [Server thread/INFO]: The game is running normally [18:05:10] [Server thread/INFO]: Target tick rate: 20,0 per second. Average time per tick: 7,3ms (Target: 50,0ms) [18:05:10] [Server thread/INFO]: Percentiles: P50: 6,8ms P95: 10,8ms P99: 14,5ms, sample: 100"
"with-umce","2","2026-09-27T16:05:10.2589188+00:00","646522184381b84f3179ea440c481a63331a8f518bdbf22902283a96953672c7","True","10","0","0","0","0","0","False","15","7,3","7,1","10,8","14,5","100","63,5400230980692","42,85605021212563","1496686592","[18:05:10] [Server thread/INFO]: The game is running normally [18:05:10] [Server thread/INFO]: Target tick rate: 20,0 per second. Average time per tick: 7,3ms (Target: 50,0ms) [18:05:10] [Server thread/INFO]: Percentiles: P50: 7,1ms P95: 10,8ms P99: 14,5ms, sample: 100"
"with-umce","2","2026-09-27T16:05:10.3818619+00:00","646522184381b84f3179ea440c481a63331a8f518bdbf22902283a96953672c7","True","10","0","0","0","0","0","False","15","7,3","7,1","10,8","14,5","100","45,193409716221545","42,85605021212563","1496686592","[18:05:10] [Server thread/INFO]: The game is running normally [18:05:10] [Server thread/INFO]: Target tick rate: 20,0 per second. Average time per tick: 7,3ms (Target: 50,0ms) [18:05:10] [Server thread/INFO]: Percentiles: P50: 7,1ms P95: 10,8ms P99: 14,5ms, sample: 100"
"with-umce","2","2026-09-27T16:05:10.5201541+00:00","646522184381b84f3179ea440c481a63331a8f518bdbf22902283a96953672c7","True","10","0","0","0","0","0","False","15","7,4","7,1","10,8","14,5","100","62,85242612376115","42,85605021212563","1496686592","[18:05:10] [Server thread/INFO]: The game is running normally [18:05:10] [Server thread/INFO]: Target tick rate: 20,0 per second. Average time per tick: 7,4ms (Target: 50,0ms) [18:05:10] [Server thread/INFO]: Percentiles: P50: 7,1ms P95: 10,8ms P99: 14,5ms, sample: 100"
"with-umce","2","2026-09-27T16:05:10.6444686+00:00","646522184381b84f3179ea440c481a63331a8f518bdbf22902283a96953672c7","True","10","0","0","0","0","0","False","15","7,4","7,1","10,8","14,5","100","12,56991891698383","42,85605021212563","1496686592","[18:05:10] [Server thread/INFO]: The game is running normally [18:05:10] [Server thread/INFO]: Target tick rate: 20,0 per second. Average time per tick: 7,4ms (Target: 50,0ms) [18:05:10] [Server thread/INFO]: Percentiles: P50: 7,1ms P95: 10,8ms P99: 14,5ms, sample: 100"
"with-umce","2","2026-09-27T16:05:10.7687916+00:00","646522184381b84f3179ea440c481a63331a8f518bdbf22902283a96953672c7","True","10","0","0","0","0","0","False","15","7,5","7,1","10,8","14,5","100","212,71066864622722","42,85605021212563","1496686592","[18:05:10] [Server thread/INFO]: The game is running normally [18:05:10] [Server thread/INFO]: Target tick rate: 20,0 per second. Average time per tick: 7,5ms (Target: 50,0ms) [18:05:10] [Server thread/INFO]: Percentiles: P50: 7,1ms P95: 10,8ms P99: 14,5ms, sample: 100"
"with-umce","2","2026-09-27T16:05:10.8936323+00:00","646522184381b84f3179ea440c481a63331a8f518bdbf22902283a96953672c7","True","10","0","0","0","0","0","False","15","7,6","7,2","10,8","16,3","100","0","42,85605021212563","1496686592","[18:05:10] [Server thread/INFO]: The game is running normally [18:05:10] [Server thread/INFO]: Target tick rate: 20,0 per second. Average time per tick: 7,6ms (Target: 50,0ms) [18:05:10] [Server thread/INFO]: Percentiles: P50: 7,2ms P95: 10,8ms P99: 16,3ms, sample: 100"
"with-umce","2","2026-09-27T16:05:11.0177602+00:00","646522184381b84f3179ea440c481a63331a8f518bdbf22902283a96953672c7","True","10","0","0","0","0","0","False","15","7,7","7,2","11","16,3","100","75,45271629778671","42,85605021212563","1496686592","[18:05:11] [Server thread/INFO]: The game is running normally [18:05:11] [Server thread/INFO]: Target tick rate: 20,0 per second. Average time per tick: 7,7ms (Target: 50,0ms) [18:05:11] [Server thread/INFO]: Percentiles: P50: 7,2ms P95: 11,0ms P99: 16,3ms, sample: 100"
"with-umce","2","2026-09-27T16:05:11.1420162+00:00","646522184381b84f3179ea440c481a63331a8f518bdbf22902283a96953672c7","True","10","0","0","0","0","0","False","15","7,7","7,2","11","16,3","100","0","42,85605021212563","1496686592","[18:05:11] [Server thread/INFO]: The game is running normally [18:05:11] [Server thread/INFO]: Target tick rate: 20,0 per second. Average time per tick: 7,7ms (Target: 50,0ms) [18:05:11] [Server thread/INFO]: Percentiles: P50: 7,2ms P95: 11,0ms P99: 16,3ms, sample: 100"
"with-umce","2","2026-09-27T16:05:11.2662518+00:00","646522184381b84f3179ea440c481a63331a8f518bdbf22902283a96953672c7","True","10","0","0","0","0","0","False","15","7,8","7,3","11","16,3","100","37,91178261808459","42,85605021212563","1496686592","[18:05:11] [Server thread/INFO]: The game is running normally [18:05:11] [Server thread/INFO]: Target tick rate: 20,0 per second. Average time per tick: 7,8ms (Target: 50,0ms) [18:05:11] [Server thread/INFO]: Percentiles: P50: 7,3ms P95: 11,0ms P99: 16,3ms, sample: 100"
"with-umce","2","2026-09-27T16:05:11.3899145+00:00","646522184381b84f3179ea440c481a63331a8f518bdbf22902283a96953672c7","True","10","0","0","0","0","0","False","15","7,8","7,4","11","16,3","100","49,79682893793323","42,85605021212563","1496686592","[18:05:11] [Server thread/INFO]: The game is running normally [18:05:11] [Server thread/INFO]: Target tick rate: 20,0 per second. Average time per tick: 7,8ms (Target: 50,0ms) [18:05:11] [Server thread/INFO]: Percentiles: P50: 7,4ms P95: 11,0ms P99: 16,3ms, sample: 100"
"with-umce","2","2026-09-27T16:05:11.5154019+00:00","646522184381b84f3179ea440c481a63331a8f518bdbf22902283a96953672c7","True","10","0","0","0","0","0","False","15","7,9","7,4","11,6","16,3","100","12,577396265660369","42,85605021212563","1496686592","[18:05:11] [Server thread/INFO]: The game is running normally [18:05:11] [Server thread/INFO]: Target tick rate: 20,0 per second. Average time per tick: 7,9ms (Target: 50,0ms) [18:05:11] [Server thread/INFO]: Percentiles: P50: 7,4ms P95: 11,6ms P99: 16,3ms, sample: 100"
"with-umce","2","2026-09-27T16:05:11.6396518+00:00","646522184381b84f3179ea440c481a63331a8f518bdbf22902283a96953672c7","True","10","0","0","0","0","0","False","15","7,9","7,4","11,6","16,3","100","12,52224953297018","42,85605021212563","1496686592","[18:05:11] [Server thread/INFO]: The game is running normally [18:05:11] [Server thread/INFO]: Target tick rate: 20,0 per second. Average time per tick: 7,9ms (Target: 50,0ms) [18:05:11] [Server thread/INFO]: Percentiles: P50: 7,4ms P95: 11,6ms P99: 16,3ms, sample: 100"
"with-umce","2","2026-09-27T16:05:11.7644238+00:00","646522184381b84f3179ea440c481a63331a8f518bdbf22902283a96953672c7","True","10","0","0","0","0","0","False","15","7,9","7,4","11,6","16,3","100","37,45556272038853","42,85605021212563","1496686592","[18:05:11] [Server thread/INFO]: The game is running normally [18:05:11] [Server thread/INFO]: Target tick rate: 20,0 per second. Average time per tick: 7,9ms (Target: 50,0ms) [18:05:11] [Server thread/INFO]: Percentiles: P50: 7,4ms P95: 11,6ms P99: 16,3ms, sample: 100"
"with-umce","2","2026-09-27T16:05:11.8895805+00:00","646522184381b84f3179ea440c481a63331a8f518bdbf22902283a96953672c7","True","10","0","0","0","0","0","False","15","7,9","7,4","11,6","16,3","100","25,039943718219305","42,85605021212563","1496686592","[18:05:11] [Server thread/INFO]: The game is running normally [18:05:11] [Server thread/INFO]: Target tick rate: 20,0 per second. Average time per tick: 7,9ms (Target: 50,0ms) [18:05:11] [Server thread/INFO]: Percentiles: P50: 7,4ms P95: 11,6ms P99: 16,3ms, sample: 100"
"with-umce","2","2026-09-27T16:05:12.0143990+00:00","646522184381b84f3179ea440c481a63331a8f518bdbf22902283a96953672c7","True","10","0","0","0","0","0","False","15","8","7,4","11,6","16,3","100","25,21639703277647","42,85605021212563","1496686592","[18:05:12] [Server thread/INFO]: The game is running normally [18:05:12] [Server thread/INFO]: Target tick rate: 20,0 per second. Average time per tick: 8,0ms (Target: 50,0ms) [18:05:12] [Server thread/INFO]: Percentiles: P50: 7,4ms P95: 11,6ms P99: 16,3ms, sample: 100"
"with-umce","2","2026-09-27T16:05:12.1382946+00:00","646522184381b84f3179ea440c481a63331a8f518bdbf22902283a96953672c7","True","10","0","0","0","0","0","False","15","8","7,5","11,6","16,3","100","25,300468362270323","42,85605021212563","1496686592","[18:05:12] [Server thread/INFO]: The game is running normally [18:05:12] [Server thread/INFO]: Target tick rate: 20,0 per second. Average time per tick: 8,0ms (Target: 50,0ms) [18:05:12] [Server thread/INFO]: Percentiles: P50: 7,5ms P95: 11,6ms P99: 16,3ms, sample: 100"
"with-umce","2","2026-09-27T16:05:12.2618040+00:00","646522184381b84f3179ea440c481a63331a8f518bdbf22902283a96953672c7","True","10","0","0","0","0","0","False","15","8","7,5","11,6","16,3","100","37,14931050879696","42,85605021212563","1496686592","[18:05:12] [Server thread/INFO]: The game is running normally [18:05:12] [Server thread/INFO]: Target tick rate: 20,0 per second. Average time per tick: 8,0ms (Target: 50,0ms) [18:05:12] [Server thread/INFO]: Percentiles: P50: 7,5ms P95: 11,6ms P99: 16,3ms, sample: 100"
"with-umce","2","2026-09-27T16:05:12.3879865+00:00","646522184381b84f3179ea440c481a63331a8f518bdbf22902283a96953672c7","True","10","0","0","0","0","0","False","15","8","7,5","11,6","16,3","100","24,5594814923677","42,85605021212563","1496686592","[18:05:12] [Server thread/INFO]: The game is running normally [18:05:12] [Server thread/INFO]: Target tick rate: 20,0 per second. Average time per tick: 8,0ms (Target: 50,0ms) [18:05:12] [Server thread/INFO]: Percentiles: P50: 7,5ms P95: 11,6ms P99: 16,3ms, sample: 100"
"with-umce","2","2026-09-27T16:05:12.5152701+00:00","646522184381b84f3179ea440c481a63331a8f518bdbf22902283a96953672c7","True","10","0","0","0","0","0","False","15","8,1","7,7","11,6","16,3","100","12,5843250452633","42,85605021212563","1496686592","[18:05:12] [Server thread/INFO]: The game is running normally [18:05:12] [Server thread/INFO]: Target tick rate: 20,0 per second. Average time per tick: 8,1ms (Target: 50,0ms) [18:05:12] [Server thread/INFO]: Percentiles: P50: 7,7ms P95: 11,6ms P99: 16,3ms, sample: 100"
"with-umce","2","2026-09-27T16:05:12.6393930+00:00","646522184381b84f3179ea440c481a63331a8f518bdbf22902283a96953672c7","True","10","0","0","0","0","0","False","15","8,1","7,8","11,6","16,3","100","37,58946292175377","42,85605021212563","1496686592","[18:05:12] [Server thread/INFO]: The game is running normally [18:05:12] [Server thread/INFO]: Target tick rate: 20,0 per second. Average time per tick: 8,1ms (Target: 50,0ms) [18:05:12] [Server thread/INFO]: Percentiles: P50: 7,8ms P95: 11,6ms P99: 16,3ms, sample: 100"
"with-umce","2","2026-09-27T16:05:12.7641201+00:00","646522184381b84f3179ea440c481a63331a8f518bdbf22902283a96953672c7","True","10","0","0","0","0","0","False","15","8","7,8","11,6","16,3","100","100,84378007665742","42,85605021212563","1496686592","[18:05:12] [Server thread/INFO]: The game is running normally [18:05:12] [Server thread/INFO]: Target tick rate: 20,0 per second. Average time per tick: 8,0ms (Target: 50,0ms) [18:05:12] [Server thread/INFO]: Percentiles: P50: 7,8ms P95: 11,6ms P99: 16,3ms, sample: 100"
"with-umce","2","2026-09-27T16:05:12.8880646+00:00","646522184381b84f3179ea440c481a63331a8f518bdbf22902283a96953672c7","True","10","0","0","0","0","0","False","15","8,1","7,9","11,6","16,3","100","12,492704260711745","42,85605021212563","1496686592","[18:05:12] [Server thread/INFO]: The game is running normally [18:05:12] [Server thread/INFO]: Target tick rate: 20,0 per second. Average time per tick: 8,1ms (Target: 50,0ms) [18:05:12] [Server thread/INFO]: Percentiles: P50: 7,9ms P95: 11,6ms P99: 16,3ms, sample: 100"
"with-umce","2","2026-09-27T16:05:13.0131204+00:00","646522184381b84f3179ea440c481a63331a8f518bdbf22902283a96953672c7","True","10","0","0","0","0","0","False","15","8,1","7,9","11,6","16,3","100","25,14099067570938","42,85605021212563","1496686592","[18:05:13] [Server thread/INFO]: The game is running normally [18:05:13] [Server thread/INFO]: Target tick rate: 20,0 per second. Average time per tick: 8,1ms (Target: 50,0ms) [18:05:13] [Server thread/INFO]: Percentiles: P50: 7,9ms P95: 11,6ms P99: 16,3ms, sample: 100"
"with-umce","2","2026-09-27T16:05:13.1374793+00:00","646522184381b84f3179ea440c481a63331a8f518bdbf22902283a96953672c7","True","10","0","0","0","0","0","False","15","8,1","7,9","11,6","16,3","100","37,67172278112548","42,85605021212563","1496686592","[18:05:13] [Server thread/INFO]: The game is running normally [18:05:13] [Server thread/INFO]: Target tick rate: 20,0 per second. Average time per tick: 8,1ms (Target: 50,0ms) [18:05:13] [Server thread/INFO]: Percentiles: P50: 7,9ms P95: 11,6ms P99: 16,3ms, sample: 100"
"with-umce","2","2026-09-27T16:05:13.2618479+00:00","646522184381b84f3179ea440c481a63331a8f518bdbf22902283a96953672c7","True","10","0","0","0","0","0","False","15","8,1","7,9","11,6","16,3","100","63,007030173209856","42,85605021212563","1496686592","[18:05:13] [Server thread/INFO]: The game is running normally [18:05:13] [Server thread/INFO]: Target tick rate: 20,0 per second. Average time per tick: 8,1ms (Target: 50,0ms) [18:05:13] [Server thread/INFO]: Percentiles: P50: 7,9ms P95: 11,6ms P99: 16,3ms, sample: 100"
"with-umce","2","2026-09-27T16:05:13.3858602+00:00","646522184381b84f3179ea440c481a63331a8f518bdbf22902283a96953672c7","True","10","0","0","0","0","0","False","15","8,1","7,9","11,6","16,3","100","12,399976826923305","42,85605021212563","1496686592","[18:05:13] [Server thread/INFO]: The game is running normally [18:05:13] [Server thread/INFO]: Target tick rate: 20,0 per second. Average time per tick: 8,1ms (Target: 50,0ms) [18:05:13] [Server thread/INFO]: Percentiles: P50: 7,9ms P95: 11,6ms P99: 16,3ms, sample: 100"
"with-umce","2","2026-09-27T16:05:13.5118803+00:00","646522184381b84f3179ea440c481a63331a8f518bdbf22902283a96953672c7","True","10","0","0","0","0","0","False","15","8,1","8","11,6","16,3","100","24,935427217677102","42,85605021212563","1496686592","[18:05:13] [Server thread/INFO]: The game is running normally [18:05:13] [Server thread/INFO]: Target tick rate: 20,0 per second. Average time per tick: 8,1ms (Target: 50,0ms) [18:05:13] [Server thread/INFO]: Percentiles: P50: 8,0ms P95: 11,6ms P99: 16,3ms, sample: 100"
"with-umce","2","2026-09-27T16:05:13.6371949+00:00","646522184381b84f3179ea440c481a63331a8f518bdbf22902283a96953672c7","True","10","0","0","0","0","0","False","15","8,2","8","11,6","16,3","100","12,556009848733229","42,85605021212563","1496686592","[18:05:13] [Server thread/INFO]: The game is running normally [18:05:13] [Server thread/INFO]: Target tick rate: 20,0 per second. Average time per tick: 8,2ms (Target: 50,0ms) [18:05:13] [Server thread/INFO]: Percentiles: P50: 8,0ms P95: 11,6ms P99: 16,3ms, sample: 100"
"with-umce","2","2026-09-27T16:05:13.7616343+00:00","646522184381b84f3179ea440c481a63331a8f518bdbf22902283a96953672c7","True","10","0","0","0","0","0","False","15","8,2","8,1","11,6","16,3","100","25,322117593483185","42,85605021212563","1496686592","[18:05:13] [Server thread/INFO]: The game is running normally [18:05:13] [Server thread/INFO]: Target tick rate: 20,0 per second. Average time per tick: 8,2ms (Target: 50,0ms) [18:05:13] [Server thread/INFO]: Percentiles: P50: 8,1ms P95: 11,6ms P99: 16,3ms, sample: 100"
"with-umce","2","2026-09-27T16:05:13.8850286+00:00","646522184381b84f3179ea440c481a63331a8f518bdbf22902283a96953672c7","True","10","0","0","0","0","0","False","15","8,2","8,1","11,6","16,3","100","24,8060957110459","42,85605021212563","1496686592","[18:05:13] [Server thread/INFO]: The game is running normally [18:05:13] [Server thread/INFO]: Target tick rate: 20,0 per second. Average time per tick: 8,2ms (Target: 50,0ms) [18:05:13] [Server thread/INFO]: Percentiles: P50: 8,1ms P95: 11,6ms P99: 16,3ms, sample: 100"
"with-umce","2","2026-09-27T16:05:14.0110303+00:00","646522184381b84f3179ea440c481a63331a8f518bdbf22902283a96953672c7","True","10","0","0","0","0","0","False","15","8,2","8,2","11,6","16,3","100","12,444626390413218","42,85605021212563","1496686592","[18:05:14] [Server thread/INFO]: The game is running normally [18:05:14] [Server thread/INFO]: Target tick rate: 20,0 per second. Average time per tick: 8,2ms (Target: 50,0ms) [18:05:14] [Server thread/INFO]: Percentiles: P50: 8,2ms P95: 11,6ms P99: 16,3ms, sample: 100"
"with-umce","2","2026-09-27T16:05:14.1365952+00:00","646522184381b84f3179ea440c481a63331a8f518bdbf22902283a96953672c7","True","10","0","0","0","0","0","False","15","8,2","8,2","11,6","16,3","100","24,731847417559848","42,85605021212563","1496686592","[18:05:14] [Server thread/INFO]: The game is running normally [18:05:14] [Server thread/INFO]: Target tick rate: 20,0 per second. Average time per tick: 8,2ms (Target: 50,0ms) [18:05:14] [Server thread/INFO]: Percentiles: P50: 8,2ms P95: 11,6ms P99: 16,3ms, sample: 100"
"with-umce","2","2026-09-27T16:05:14.2629336+00:00","646522184381b84f3179ea440c481a63331a8f518bdbf22902283a96953672c7","True","10","0","0","0","0","0","False","15","8,3","8,2","11,6","16,3","100","49,37776120440655","42,85605021212563","1496686592","[18:05:14] [Server thread/INFO]: The game is running normally [18:05:14] [Server thread/INFO]: Target tick rate: 20,0 per second. Average time per tick: 8,3ms (Target: 50,0ms) [18:05:14] [Server thread/INFO]: Percentiles: P50: 8,2ms P95: 11,6ms P99: 16,3ms, sample: 100"
"with-umce","2","2026-09-27T16:05:14.3894963+00:00","646522184381b84f3179ea440c481a63331a8f518bdbf22902283a96953672c7","True","10","0","0","0","0","0","False","15","8,3","8,2","11,6","16,3","100","37,51926989701911","42,85605021212563","1496686592","[18:05:14] [Server thread/INFO]: The game is running normally [18:05:14] [Server thread/INFO]: Target tick rate: 20,0 per second. Average time per tick: 8,3ms (Target: 50,0ms) [18:05:14] [Server thread/INFO]: Percentiles: P50: 8,2ms P95: 11,6ms P99: 16,3ms, sample: 100"
"with-umce","2","2026-09-27T16:05:14.5144468+00:00","646522184381b84f3179ea440c481a63331a8f518bdbf22902283a96953672c7","True","10","0","0","0","0","0","False","15","8,3","8,2","11,6","16,3","100","74,94549963266712","42,85605021212563","1496686592","[18:05:14] [Server thread/INFO]: The game is running normally [18:05:14] [Server thread/INFO]: Target tick rate: 20,0 per second. Average time per tick: 8,3ms (Target: 50,0ms) [18:05:14] [Server thread/INFO]: Percentiles: P50: 8,2ms P95: 11,6ms P99: 16,3ms, sample: 100"
"with-umce","2","2026-09-27T16:05:14.6395390+00:00","646522184381b84f3179ea440c481a63331a8f518bdbf22902283a96953672c7","True","10","0","0","0","0","0","False","15","8,3","8,2","11,6","16,3","100","88,37491162508837","42,85605021212563","1496686592","[18:05:14] [Server thread/INFO]: The game is running normally [18:05:14] [Server thread/INFO]: Target tick rate: 20,0 per second. Average time per tick: 8,3ms (Target: 50,0ms) [18:05:14] [Server thread/INFO]: Percentiles: P50: 8,2ms P95: 11,6ms P99: 16,3ms, sample: 100"
"with-umce","2","2026-09-27T16:05:14.7633140+00:00","646522184381b84f3179ea440c481a63331a8f518bdbf22902283a96953672c7","True","10","0","0","0","0","0","False","15","8,3","8,2","11,6","16,3","100","50,424981746156604","42,85605021212563","1496686592","[18:05:14] [Server thread/INFO]: The game is running normally [18:05:14] [Server thread/INFO]: Target tick rate: 20,0 per second. Average time per tick: 8,3ms (Target: 50,0ms) [18:05:14] [Server thread/INFO]: Percentiles: P50: 8,2ms P95: 11,6ms P99: 16,3ms, sample: 100"
"with-umce","2","2026-09-27T16:05:14.8872369+00:00","646522184381b84f3179ea440c481a63331a8f518bdbf22902283a96953672c7","True","10","0","0","0","0","0","False","15","8,3","8,1","11,6","16,3","100","25,34620893711383","42,85605021212563","1496686592","[18:05:14] [Server thread/INFO]: The game is running normally [18:05:14] [Server thread/INFO]: Target tick rate: 20,0 per second. Average time per tick: 8,3ms (Target: 50,0ms) [18:05:14] [Server thread/INFO]: Percentiles: P50: 8,1ms P95: 11,6ms P99: 16,3ms, sample: 100"
"with-umce","2","2026-09-27T16:05:15.0105439+00:00","646522184381b84f3179ea440c481a63331a8f518bdbf22902283a96953672c7","True","10","0","0","0","0","0","False","15","8,2","8","11,6","16,3","100","25,237107674018944","42,85605021212563","1496686592","[18:05:15] [Server thread/INFO]: The game is running normally [18:05:15] [Server thread/INFO]: Target tick rate: 20,0 per second. Average time per tick: 8,2ms (Target: 50,0ms) [18:05:15] [Server thread/INFO]: Percentiles: P50: 8,0ms P95: 11,6ms P99: 16,3ms, sample: 100"
"with-umce","2","2026-09-27T16:05:15.1343757+00:00","646522184381b84f3179ea440c481a63331a8f518bdbf22902283a96953672c7","True","10","0","0","0","0","0","False","15","8,2","8","11,6","16,3","100","38,37827924486284","42,85605021212563","1496686592","[18:05:15] [Server thread/INFO]: The game is running normally [18:05:15] [Server thread/INFO]: Target tick rate: 20,0 per second. Average time per tick: 8,2ms (Target: 50,0ms) [18:05:15] [Server thread/INFO]: Percentiles: P50: 8,0ms P95: 11,6ms P99: 16,3ms, sample: 100"
"with-umce","2","2026-09-27T16:05:15.2565200+00:00","646522184381b84f3179ea440c481a63331a8f518bdbf22902283a96953672c7","True","10","0","0","0","0","0","False","15","8,2","8","11,6","16,3","100","45,04433082862831","42,85605021212563","1496686592","[18:05:15] [Server thread/INFO]: The game is running normally [18:05:15] [Server thread/INFO]: Target tick rate: 20,0 per second. Average time per tick: 8,2ms (Target: 50,0ms) [18:05:15] [Server thread/INFO]: Percentiles: P50: 8,0ms P95: 11,6ms P99: 16,3ms, sample: 100"
"with-umce","2","2026-09-27T16:05:15.3952415+00:00","646522184381b84f3179ea440c481a63331a8f518bdbf22902283a96953672c7","True","10","0","0","0","0","0","False","15","8,2","7,9","11,6","16,3","100","0","42,85605021212563","1496686592","[18:05:15] [Server thread/INFO]: The game is running normally [18:05:15] [Server thread/INFO]: Target tick rate: 20,0 per second. Average time per tick: 8,2ms (Target: 50,0ms) [18:05:15] [Server thread/INFO]: Percentiles: P50: 7,9ms P95: 11,6ms P99: 16,3ms, sample: 100"
"with-umce","2","2026-09-27T16:05:15.5198136+00:00","646522184381b84f3179ea440c481a63331a8f518bdbf22902283a96953672c7","True","10","0","0","0","0","0","False","15","8,2","8","11,7","16,3","100","348,89637099925517","42,85605021212563","1496686592","[18:05:15] [Server thread/INFO]: The game is running normally [18:05:15] [Server thread/INFO]: Target tick rate: 20,0 per second. Average time per tick: 8,2ms (Target: 50,0ms) [18:05:15] [Server thread/INFO]: Percentiles: P50: 8,0ms P95: 11,7ms P99: 16,3ms, sample: 100"
"with-umce","2","2026-09-27T16:05:15.6452072+00:00","646522184381b84f3179ea440c481a63331a8f518bdbf22902283a96953672c7","True","10","0","0","0","0","0","False","15","8,2","8","11,7","16,3","100","211,3162906662042","42,85605021212563","1496686592","[18:05:15] [Server thread/INFO]: The game is running normally [18:05:15] [Server thread/INFO]: Target tick rate: 20,0 per second. Average time per tick: 8,2ms (Target: 50,0ms) [18:05:15] [Server thread/INFO]: Percentiles: P50: 8,0ms P95: 11,7ms P99: 16,3ms, sample: 100"
"with-umce","2","2026-09-27T16:05:15.7709393+00:00","646522184381b84f3179ea440c481a63331a8f518bdbf22902283a96953672c7","True","10","0","0","0","0","0","False","15","8,1","8","11,7","16,3","100","138,18828822599605","42,85605021212563","1496686592","[18:05:15] [Server thread/INFO]: The game is running normally [18:05:15] [Server thread/INFO]: Target tick rate: 20,0 per second. Average time per tick: 8,1ms (Target: 50,0ms) [18:05:15] [Server thread/INFO]: Percentiles: P50: 8,0ms P95: 11,7ms P99: 16,3ms, sample: 100"
"with-umce","2","2026-09-27T16:05:15.8953222+00:00","646522184381b84f3179ea440c481a63331a8f518bdbf22902283a96953672c7","True","10","0","0","0","0","0","False","15","8,1","7,9","11,7","14,4","100","100,02656705621011","42,85605021212563","1496686592","[18:05:15] [Server thread/INFO]: The game is running normally [18:05:15] [Server thread/INFO]: Target tick rate: 20,0 per second. Average time per tick: 8,1ms (Target: 50,0ms) [18:05:15] [Server thread/INFO]: Percentiles: P50: 7,9ms P95: 11,7ms P99: 14,4ms, sample: 100"
"with-umce","2","2026-09-27T16:05:16.0203052+00:00","646522184381b84f3179ea440c481a63331a8f518bdbf22902283a96953672c7","True","10","0","0","0","0","0","False","15","8,1","7,9","11,7","14,4","100","150,97979850034787","42,85605021212563","1496686592","[18:05:16] [Server thread/INFO]: The game is running normally [18:05:16] [Server thread/INFO]: Target tick rate: 20,0 per second. Average time per tick: 8,1ms (Target: 50,0ms) [18:05:16] [Server thread/INFO]: Percentiles: P50: 7,9ms P95: 11,7ms P99: 14,4ms, sample: 100"
"with-umce","2","2026-09-27T16:05:16.1444585+00:00","646522184381b84f3179ea440c481a63331a8f518bdbf22902283a96953672c7","True","10","0","0","0","0","0","False","15","8","8","11,7","14,4","100","101,47940739273425","42,85605021212563","1496686592","[18:05:16] [Server thread/INFO]: The game is running normally [18:05:16] [Server thread/INFO]: Target tick rate: 20,0 per second. Average time per tick: 8,0ms (Target: 50,0ms) [18:05:16] [Server thread/INFO]: Percentiles: P50: 8,0ms P95: 11,7ms P99: 14,4ms, sample: 100"
"with-umce","2","2026-09-27T16:05:16.2677163+00:00","646522184381b84f3179ea440c481a63331a8f518bdbf22902283a96953672c7","True","10","0","0","0","0","0","False","15","8,1","8","11,7","14,4","100","75,85859795509494","42,85605021212563","1496686592","[18:05:16] [Server thread/INFO]: The game is running normally [18:05:16] [Server thread/INFO]: Target tick rate: 20,0 per second. Average time per tick: 8,1ms (Target: 50,0ms) [18:05:16] [Server thread/INFO]: Percentiles: P50: 8,0ms P95: 11,7ms P99: 14,4ms, sample: 100"
"with-umce","2","2026-09-27T16:05:16.3912749+00:00","646522184381b84f3179ea440c481a63331a8f518bdbf22902283a96953672c7","True","10","0","0","0","0","0","False","15","8,1","8","11,9","14,4","100","50,34970893840257","42,85605021212563","1496686592","[18:05:16] [Server thread/INFO]: The game is running normally [18:05:16] [Server thread/INFO]: Target tick rate: 20,0 per second. Average time per tick: 8,1ms (Target: 50,0ms) [18:05:16] [Server thread/INFO]: Percentiles: P50: 8,0ms P95: 11,9ms P99: 14,4ms, sample: 100"
"with-umce","2","2026-09-27T16:05:16.5153632+00:00","646522184381b84f3179ea440c481a63331a8f518bdbf22902283a96953672c7","True","10","0","0","0","0","0","False","15","8,1","8","11,7","14,4","100","25,20529206279304","42,85605021212563","1496686592","[18:05:16] [Server thread/INFO]: The game is running normally [18:05:16] [Server thread/INFO]: Target tick rate: 20,0 per second. Average time per tick: 8,1ms (Target: 50,0ms) [18:05:16] [Server thread/INFO]: Percentiles: P50: 8,0ms P95: 11,7ms P99: 14,4ms, sample: 100"
"with-umce","2","2026-09-27T16:05:16.6393569+00:00","646522184381b84f3179ea440c481a63331a8f518bdbf22902283a96953672c7","True","10","0","0","0","0","0","False","15","8,1","8,1","11,7","14,4","100","50,23566555424809","42,85605021212563","1496686592","[18:05:16] [Server thread/INFO]: The game is running normally [18:05:16] [Server thread/INFO]: Target tick rate: 20,0 per second. Average time per tick: 8,1ms (Target: 50,0ms) [18:05:16] [Server thread/INFO]: Percentiles: P50: 8,1ms P95: 11,7ms P99: 14,4ms, sample: 100"
"with-umce","2","2026-09-27T16:05:16.7637604+00:00","646522184381b84f3179ea440c481a63331a8f518bdbf22902283a96953672c7","True","10","0","0","0","0","0","False","15","8,2","8,1","11,7","16,4","100","50,55615818496112","42,85605021212563","1496686592","[18:05:16] [Server thread/INFO]: The game is running normally [18:05:16] [Server thread/INFO]: Target tick rate: 20,0 per second. Average time per tick: 8,2ms (Target: 50,0ms) [18:05:16] [Server thread/INFO]: Percentiles: P50: 8,1ms P95: 11,7ms P99: 16,4ms, sample: 100"
"with-umce","2","2026-09-27T16:05:16.8874910+00:00","646522184381b84f3179ea440c481a63331a8f518bdbf22902283a96953672c7","True","10","0","0","0","0","0","False","15","8,3","8,2","12,2","16,4","100","25,048413573755358","42,85605021212563","1496686592","[18:05:16] [Server thread/INFO]: The game is running normally [18:05:16] [Server thread/INFO]: Target tick rate: 20,0 per second. Average time per tick: 8,3ms (Target: 50,0ms) [18:05:16] [Server thread/INFO]: Percentiles: P50: 8,2ms P95: 12,2ms P99: 16,4ms, sample: 100"
"with-umce","2","2026-09-27T16:05:17.0121998+00:00","646522184381b84f3179ea440c481a63331a8f518bdbf22902283a96953672c7","True","10","0","0","0","0","0","False","15","8,4","8,2","12,2","16,4","100","50,661846360858256","42,85605021212563","1496686592","[18:05:17] [Server thread/INFO]: The game is running normally [18:05:17] [Server thread/INFO]: Target tick rate: 20,0 per second. Average time per tick: 8,4ms (Target: 50,0ms) [18:05:17] [Server thread/INFO]: Percentiles: P50: 8,2ms P95: 12,2ms P99: 16,4ms, sample: 100"
"with-umce","2","2026-09-27T16:05:17.1355096+00:00","646522184381b84f3179ea440c481a63331a8f518bdbf22902283a96953672c7","True","10","0","0","0","0","0","False","15","8,4","8,2","12,2","16,4","100","37,18349409823582","42,85605021212563","1496686592","[18:05:17] [Server thread/INFO]: The game is running normally [18:05:17] [Server thread/INFO]: Target tick rate: 20,0 per second. Average time per tick: 8,4ms (Target: 50,0ms) [18:05:17] [Server thread/INFO]: Percentiles: P50: 8,2ms P95: 12,2ms P99: 16,4ms, sample: 100"
"with-umce","2","2026-09-27T16:05:17.2615680+00:00","646522184381b84f3179ea440c481a63331a8f518bdbf22902283a96953672c7","True","10","0","0","0","0","0","False","15","8,5","8,2","12,2","16,4","100","101,71838978975217","42,85605021212563","1496686592","[18:05:17] [Server thread/INFO]: The game is running normally [18:05:17] [Server thread/INFO]: Target tick rate: 20,0 per second. Average time per tick: 8,5ms (Target: 50,0ms) [18:05:17] [Server thread/INFO]: Percentiles: P50: 8,2ms P95: 12,2ms P99: 16,4ms, sample: 100"
"with-umce","2","2026-09-27T16:05:17.3844539+00:00","646522184381b84f3179ea440c481a63331a8f518bdbf22902283a96953672c7","True","10","0","0","0","0","0","False","15","8,5","8,3","12,2","16,4","100","25,268533761995478","42,85605021212563","1496686592","[18:05:17] [Server thread/INFO]: The game is running normally [18:05:17] [Server thread/INFO]: Target tick rate: 20,0 per second. Average time per tick: 8,5ms (Target: 50,0ms) [18:05:17] [Server thread/INFO]: Percentiles: P50: 8,3ms P95: 12,2ms P99: 16,4ms, sample: 100"
"with-umce","2","2026-09-27T16:05:17.5081373+00:00","646522184381b84f3179ea440c481a63331a8f518bdbf22902283a96953672c7","True","10","0","0","0","0","0","False","15","8,6","8,4","12,2","16,4","100","61,86864287320749","42,85605021212563","1496686592","[18:05:17] [Server thread/INFO]: The game is running normally [18:05:17] [Server thread/INFO]: Target tick rate: 20,0 per second. Average time per tick: 8,6ms (Target: 50,0ms) [18:05:17] [Server thread/INFO]: Percentiles: P50: 8,4ms P95: 12,2ms P99: 16,4ms, sample: 100"
"with-umce","2","2026-09-27T16:05:17.6344102+00:00","646522184381b84f3179ea440c481a63331a8f518bdbf22902283a96953672c7","True","10","0","0","0","0","0","False","15","8,6","8,4","12,2","16,4","100","38,013516998428365","42,85605021212563","1496686592","[18:05:17] [Server thread/INFO]: The game is running normally [18:05:17] [Server thread/INFO]: Target tick rate: 20,0 per second. Average time per tick: 8,6ms (Target: 50,0ms) [18:05:17] [Server thread/INFO]: Percentiles: P50: 8,4ms P95: 12,2ms P99: 16,4ms, sample: 100"
"with-umce","2","2026-09-27T16:05:17.7577545+00:00","646522184381b84f3179ea440c481a63331a8f518bdbf22902283a96953672c7","True","10","0","0","0","0","0","False","15","8,6","8,4","12,2","17,1","100","44,65564779626165","42,85605021212563","1496686592","[18:05:17] [Server thread/INFO]: The game is running normally [18:05:17] [Server thread/INFO]: Target tick rate: 20,0 per second. Average time per tick: 8,6ms (Target: 50,0ms) [18:05:17] [Server thread/INFO]: Percentiles: P50: 8,4ms P95: 12,2ms P99: 17,1ms, sample: 100"
"with-umce","2","2026-09-27T16:05:17.8977184+00:00","646522184381b84f3179ea440c481a63331a8f518bdbf22902283a96953672c7","True","10","0","0","0","0","0","False","15","8,7","8,6","12,2","17,1","100","0","42,85605021212563","1496686592","[18:05:17] [Server thread/INFO]: The game is running normally [18:05:17] [Server thread/INFO]: Target tick rate: 20,0 per second. Average time per tick: 8,7ms (Target: 50,0ms) [18:05:17] [Server thread/INFO]: Percentiles: P50: 8,6ms P95: 12,2ms P99: 17,1ms, sample: 100"
"with-umce","2","2026-09-27T16:05:18.0358143+00:00","646522184381b84f3179ea440c481a63331a8f518bdbf22902283a96953672c7","True","10","0","0","0","0","0","False","15","8,7","8,5","12,2","17,1","100","62,537422393560306","42,85605021212563","1496686592","[18:05:18] [Server thread/INFO]: The game is running normally [18:05:18] [Server thread/INFO]: Target tick rate: 20,0 per second. Average time per tick: 8,7ms (Target: 50,0ms) [18:05:18] [Server thread/INFO]: Percentiles: P50: 8,5ms P95: 12,2ms P99: 17,1ms, sample: 100"
"with-umce","2","2026-09-27T16:05:18.1606885+00:00","646522184381b84f3179ea440c481a63331a8f518bdbf22902283a96953672c7","True","10","0","0","0","0","0","False","15","8,8","8,6","12,2","17,1","100","38,39987810342695","42,85605021212563","1496686592","[18:05:18] [Server thread/INFO]: The game is running normally [18:05:18] [Server thread/INFO]: Target tick rate: 20,0 per second. Average time per tick: 8,8ms (Target: 50,0ms) [18:05:18] [Server thread/INFO]: Percentiles: P50: 8,6ms P95: 12,2ms P99: 17,1ms, sample: 100"
"with-umce","2","2026-09-27T16:05:18.2827378+00:00","646522184381b84f3179ea440c481a63331a8f518bdbf22902283a96953672c7","True","10","0","0","0","0","0","False","15","8,8","8,6","12,2","17,1","100","37,990256664200174","42,85605021212563","1496686592","[18:05:18] [Server thread/INFO]: The game is running normally [18:05:18] [Server thread/INFO]: Target tick rate: 20,0 per second. Average time per tick: 8,8ms (Target: 50,0ms) [18:05:18] [Server thread/INFO]: Percentiles: P50: 8,6ms P95: 12,2ms P99: 17,1ms, sample: 100"
"with-umce","2","2026-09-27T16:05:18.4061742+00:00","646522184381b84f3179ea440c481a63331a8f518bdbf22902283a96953672c7","True","10","0","0","0","0","0","False","15","8,8","8,6","12,2","17,1","100","0","42,85605021212563","1496686592","[18:05:18] [Server thread/INFO]: The game is running normally [18:05:18] [Server thread/INFO]: Target tick rate: 20,0 per second. Average time per tick: 8,8ms (Target: 50,0ms) [18:05:18] [Server thread/INFO]: Percentiles: P50: 8,6ms P95: 12,2ms P99: 17,1ms, sample: 100"
"with-umce","2","2026-09-27T16:05:18.5288989+00:00","646522184381b84f3179ea440c481a63331a8f518bdbf22902283a96953672c7","True","10","0","0","0","0","0","False","15","8,8","8,6","12,2","17,1","100","62,579250362659266","42,85605021212563","1496686592","[18:05:18] [Server thread/INFO]: The game is running normally [18:05:18] [Server thread/INFO]: Target tick rate: 20,0 per second. Average time per tick: 8,8ms (Target: 50,0ms) [18:05:18] [Server thread/INFO]: Percentiles: P50: 8,6ms P95: 12,2ms P99: 17,1ms, sample: 100"
"with-umce","2","2026-09-27T16:05:18.6537458+00:00","646522184381b84f3179ea440c481a63331a8f518bdbf22902283a96953672c7","True","10","0","0","0","0","0","False","15","8,8","8,7","12,2","17,1","100","0","42,85605021212563","1496686592","[18:05:18] [Server thread/INFO]: The game is running normally [18:05:18] [Server thread/INFO]: Target tick rate: 20,0 per second. Average time per tick: 8,8ms (Target: 50,0ms) [18:05:18] [Server thread/INFO]: Percentiles: P50: 8,7ms P95: 12,2ms P99: 17,1ms, sample: 100"
"with-umce","2","2026-09-27T16:05:18.7781825+00:00","646522184381b84f3179ea440c481a63331a8f518bdbf22902283a96953672c7","True","10","0","0","0","0","0","False","15","8,8","8,7","12,2","17,1","100","62,94352525636646","42,85605021212563","1496686592","[18:05:18] [Server thread/INFO]: The game is running normally [18:05:18] [Server thread/INFO]: Target tick rate: 20,0 per second. Average time per tick: 8,8ms (Target: 50,0ms) [18:05:18] [Server thread/INFO]: Percentiles: P50: 8,7ms P95: 12,2ms P99: 17,1ms, sample: 100"
"with-umce","2","2026-09-27T16:05:18.9023051+00:00","646522184381b84f3179ea440c481a63331a8f518bdbf22902283a96953672c7","True","10","0","0","0","0","0","False","15","8,8","8,7","12,2","17,1","100","0","42,85605021212563","1496686592","[18:05:18] [Server thread/INFO]: The game is running normally [18:05:18] [Server thread/INFO]: Target tick rate: 20,0 per second. Average time per tick: 8,8ms (Target: 50,0ms) [18:05:18] [Server thread/INFO]: Percentiles: P50: 8,7ms P95: 12,2ms P99: 17,1ms, sample: 100"
"with-umce","2","2026-09-27T16:05:19.0257598+00:00","646522184381b84f3179ea440c481a63331a8f518bdbf22902283a96953672c7","True","10","0","0","0","0","0","False","15","8,8","8,7","12,2","17,1","100","50,26325884452408","42,85605021212563","1496686592","[18:05:19] [Server thread/INFO]: The game is running normally [18:05:19] [Server thread/INFO]: Target tick rate: 20,0 per second. Average time per tick: 8,8ms (Target: 50,0ms) [18:05:19] [Server thread/INFO]: Percentiles: P50: 8,7ms P95: 12,2ms P99: 17,1ms, sample: 100"
"with-umce","2","2026-09-27T16:05:19.1500848+00:00","646522184381b84f3179ea440c481a63331a8f518bdbf22902283a96953672c7","True","10","0","0","0","0","0","False","15","8,8","8,8","12,2","17,1","100","0","42,85605021212563","1496686592","[18:05:19] [Server thread/INFO]: The game is running normally [18:05:19] [Server thread/INFO]: Target tick rate: 20,0 per second. Average time per tick: 8,8ms (Target: 50,0ms) [18:05:19] [Server thread/INFO]: Percentiles: P50: 8,8ms P95: 12,2ms P99: 17,1ms, sample: 100"
"with-umce","2","2026-09-27T16:05:19.2745180+00:00","646522184381b84f3179ea440c481a63331a8f518bdbf22902283a96953672c7","True","10","0","0","0","0","0","False","15","8,8","8,7","12,2","17,1","100","164,77107264852918","42,85605021212563","1496686592","[18:05:19] [Server thread/INFO]: The game is running normally [18:05:19] [Server thread/INFO]: Target tick rate: 20,0 per second. Average time per tick: 8,8ms (Target: 50,0ms) [18:05:19] [Server thread/INFO]: Percentiles: P50: 8,7ms P95: 12,2ms P99: 17,1ms, sample: 100"
"with-umce","2","2026-09-27T16:05:19.3977065+00:00","646522184381b84f3179ea440c481a63331a8f518bdbf22902283a96953672c7","True","10","0","0","0","0","0","False","15","8,9","8,8","12,2","17,1","100","12,540410217886116","42,85605021212563","1496686592","[18:05:19] [Server thread/INFO]: The game is running normally [18:05:19] [Server thread/INFO]: Target tick rate: 20,0 per second. Average time per tick: 8,9ms (Target: 50,0ms) [18:05:19] [Server thread/INFO]: Percentiles: P50: 8,8ms P95: 12,2ms P99: 17,1ms, sample: 100"
"with-umce","2","2026-09-27T16:05:19.5222795+00:00","646522184381b84f3179ea440c481a63331a8f518bdbf22902283a96953672c7","True","10","0","0","0","0","0","False","15","8,9","8,8","12,2","17,1","100","44,56083338027074","42,85605021212563","1496686592","[18:05:19] [Server thread/INFO]: The game is running normally [18:05:19] [Server thread/INFO]: Target tick rate: 20,0 per second. Average time per tick: 8,9ms (Target: 50,0ms) [18:05:19] [Server thread/INFO]: Percentiles: P50: 8,8ms P95: 12,2ms P99: 17,1ms, sample: 100"
"with-umce","2","2026-09-27T16:05:19.6625680+00:00","646522184381b84f3179ea440c481a63331a8f518bdbf22902283a96953672c7","True","10","0","0","0","0","0","False","15","8,9","8,8","12,2","17,1","100","22,16761697762809","42,85605021212563","1496686592","[18:05:19] [Server thread/INFO]: The game is running normally [18:05:19] [Server thread/INFO]: Target tick rate: 20,0 per second. Average time per tick: 8,9ms (Target: 50,0ms) [18:05:19] [Server thread/INFO]: Percentiles: P50: 8,8ms P95: 12,2ms P99: 17,1ms, sample: 100"
"with-umce","2","2026-09-27T16:05:19.8034985+00:00","646522184381b84f3179ea440c481a63331a8f518bdbf22902283a96953672c7","True","10","0","0","0","0","0","False","15","8,9","8,8","12,2","17,1","100","50,13616983727805","42,85605021212563","1496686592","[18:05:19] [Server thread/INFO]: The game is running normally [18:05:19] [Server thread/INFO]: Target tick rate: 20,0 per second. Average time per tick: 8,9ms (Target: 50,0ms) [18:05:19] [Server thread/INFO]: Percentiles: P50: 8,8ms P95: 12,2ms P99: 17,1ms, sample: 100"
"with-umce","2","2026-09-27T16:05:19.9282030+00:00","646522184381b84f3179ea440c481a63331a8f518bdbf22902283a96953672c7","True","10","0","0","0","0","0","False","15","9","8,9","12,2","17,1","100","36,804339103991985","42,85605021212563","1496686592","[18:05:19] [Server thread/INFO]: The game is running normally [18:05:19] [Server thread/INFO]: Target tick rate: 20,0 per second. Average time per tick: 9,0ms (Target: 50,0ms) [18:05:19] [Server thread/INFO]: Percentiles: P50: 8,9ms P95: 12,2ms P99: 17,1ms, sample: 100"
"with-umce","2","2026-09-27T16:05:20.0555589+00:00","646522184381b84f3179ea440c481a63331a8f518bdbf22902283a96953672c7","True","10","0","0","0","0","0","False","15","9,1","9","12,6","17,1","100","49,34961159881687","42,85605021212563","1496686592","[18:05:20] [Server thread/INFO]: The game is running normally [18:05:20] [Server thread/INFO]: Target tick rate: 20,0 per second. Average time per tick: 9,1ms (Target: 50,0ms) [18:05:20] [Server thread/INFO]: Percentiles: P50: 9,0ms P95: 12,6ms P99: 17,1ms, sample: 100"
"with-umce","2","2026-09-27T16:05:20.1821630+00:00","646522184381b84f3179ea440c481a63331a8f518bdbf22902283a96953672c7","True","10","0","0","0","0","0","False","15","9,1","9","12,6","17,1","100","0","42,85605021212563","1496686592","[18:05:20] [Server thread/INFO]: The game is running normally [18:05:20] [Server thread/INFO]: Target tick rate: 20,0 per second. Average time per tick: 9,1ms (Target: 50,0ms) [18:05:20] [Server thread/INFO]: Percentiles: P50: 9,0ms P95: 12,6ms P99: 17,1ms, sample: 100"
"with-umce","2","2026-09-27T16:05:20.3054234+00:00","646522184381b84f3179ea440c481a63331a8f518bdbf22902283a96953672c7","True","10","0","0","0","0","0","False","15","9,1","9","12,6","17,1","100","25,444505330318535","42,85605021212563","1496686592","[18:05:20] [Server thread/INFO]: The game is running normally [18:05:20] [Server thread/INFO]: Target tick rate: 20,0 per second. Average time per tick: 9,1ms (Target: 50,0ms) [18:05:20] [Server thread/INFO]: Percentiles: P50: 9,0ms P95: 12,6ms P99: 17,1ms, sample: 100"
"with-umce","2","2026-09-27T16:05:20.4282808+00:00","646522184381b84f3179ea440c481a63331a8f518bdbf22902283a96953672c7","True","10","0","0","0","0","0","False","15","9,1","9","12,6","17,1","100","0","42,85605021212563","1496686592","[18:05:20] [Server thread/INFO]: The game is running normally [18:05:20] [Server thread/INFO]: Target tick rate: 20,0 per second. Average time per tick: 9,1ms (Target: 50,0ms) [18:05:20] [Server thread/INFO]: Percentiles: P50: 9,0ms P95: 12,6ms P99: 17,1ms, sample: 100"
"with-umce","2","2026-09-27T16:05:20.5677660+00:00","646522184381b84f3179ea440c481a63331a8f518bdbf22902283a96953672c7","True","10","0","0","0","0","0","False","15","9,2","9","12,2","17,1","100","55,45834324189066","42,85605021212563","1496686592","[18:05:20] [Server thread/INFO]: The game is running normally [18:05:20] [Server thread/INFO]: Target tick rate: 20,0 per second. Average time per tick: 9,2ms (Target: 50,0ms) [18:05:20] [Server thread/INFO]: Percentiles: P50: 9,0ms P95: 12,2ms P99: 17,1ms, sample: 100"
"with-umce","2","2026-09-27T16:05:20.7086523+00:00","646522184381b84f3179ea440c481a63331a8f518bdbf22902283a96953672c7","True","10","0","0","0","0","0","False","15","9,2","9","12,2","17,1","100","25,407061781030965","42,85605021212563","1496686592","[18:05:20] [Server thread/INFO]: The game is running normally [18:05:20] [Server thread/INFO]: Target tick rate: 20,0 per second. Average time per tick: 9,2ms (Target: 50,0ms) [18:05:20] [Server thread/INFO]: Percentiles: P50: 9,0ms P95: 12,2ms P99: 17,1ms, sample: 100"
"with-umce","2","2026-09-27T16:05:20.8316058+00:00","646522184381b84f3179ea440c481a63331a8f518bdbf22902283a96953672c7","True","10","0","0","0","0","0","False","15","9,2","9","12,2","17,1","100","86,97121501272265","42,85605021212563","1496686592","[18:05:20] [Server thread/INFO]: The game is running normally [18:05:20] [Server thread/INFO]: Target tick rate: 20,0 per second. Average time per tick: 9,2ms (Target: 50,0ms) [18:05:20] [Server thread/INFO]: Percentiles: P50: 9,0ms P95: 12,2ms P99: 17,1ms, sample: 100"
"with-umce","2","2026-09-27T16:05:20.9574035+00:00","646522184381b84f3179ea440c481a63331a8f518bdbf22902283a96953672c7","True","10","0","0","0","0","0","False","15","9,2","9,1","12,2","17,1","100","37,32481226117097","42,85605021212563","1496686592","[18:05:20] [Server thread/INFO]: The game is running normally [18:05:20] [Server thread/INFO]: Target tick rate: 20,0 per second. Average time per tick: 9,2ms (Target: 50,0ms) [18:05:20] [Server thread/INFO]: Percentiles: P50: 9,1ms P95: 12,2ms P99: 17,1ms, sample: 100"
"with-umce","2","2026-09-27T16:05:21.0829782+00:00","646522184381b84f3179ea440c481a63331a8f518bdbf22902283a96953672c7","True","10","0","0","0","0","0","False","15","9,2","9,1","12,2","17,1","100","100,68846746513964","42,85605021212563","1496686592","[18:05:21] [Server thread/INFO]: The game is running normally [18:05:21] [Server thread/INFO]: Target tick rate: 20,0 per second. Average time per tick: 9,2ms (Target: 50,0ms) [18:05:21] [Server thread/INFO]: Percentiles: P50: 9,1ms P95: 12,2ms P99: 17,1ms, sample: 100"
"with-umce","2","2026-09-27T16:05:21.2071347+00:00","646522184381b84f3179ea440c481a63331a8f518bdbf22902283a96953672c7","True","10","0","0","0","0","0","False","15","9,2","9","12,2","17,1","100","0","42,85605021212563","1496686592","[18:05:21] [Server thread/INFO]: The game is running normally [18:05:21] [Server thread/INFO]: Target tick rate: 20,0 per second. Average time per tick: 9,2ms (Target: 50,0ms) [18:05:21] [Server thread/INFO]: Percentiles: P50: 9,0ms P95: 12,2ms P99: 17,1ms, sample: 100"
"with-umce","2","2026-09-27T16:05:21.3326997+00:00","646522184381b84f3179ea440c481a63331a8f518bdbf22902283a96953672c7","True","10","0","0","0","0","0","False","15","9,1","9","12,2","17,1","100","38,24363992970513","42,85605021212563","1496686592","[18:05:21] [Server thread/INFO]: The game is running normally [18:05:21] [Server thread/INFO]: Target tick rate: 20,0 per second. Average time per tick: 9,1ms (Target: 50,0ms) [18:05:21] [Server thread/INFO]: Percentiles: P50: 9,0ms P95: 12,2ms P99: 17,1ms, sample: 100"
"with-umce","2","2026-09-27T16:05:21.4552546+00:00","646522184381b84f3179ea440c481a63331a8f518bdbf22902283a96953672c7","True","10","0","0","0","0","0","False","15","9,1","9","12,2","17,1","100","62,77500474076836","42,85605021212563","1496686592","[18:05:21] [Server thread/INFO]: The game is running normally [18:05:21] [Server thread/INFO]: Target tick rate: 20,0 per second. Average time per tick: 9,1ms (Target: 50,0ms) [18:05:21] [Server thread/INFO]: Percentiles: P50: 9,0ms P95: 12,2ms P99: 17,1ms, sample: 100"
"with-umce","2","2026-09-27T16:05:21.5796943+00:00","646522184381b84f3179ea440c481a63331a8f518bdbf22902283a96953672c7","True","10","0","0","0","0","0","False","15","9,1","9","12,2","17,1","100","50,74126905131687","42,85605021212563","1496686592","[18:05:21] [Server thread/INFO]: The game is running normally [18:05:21] [Server thread/INFO]: Target tick rate: 20,0 per second. Average time per tick: 9,1ms (Target: 50,0ms) [18:05:21] [Server thread/INFO]: Percentiles: P50: 9,0ms P95: 12,2ms P99: 17,1ms, sample: 100"
"with-umce","2","2026-09-27T16:05:21.7028900+00:00","646522184381b84f3179ea440c481a63331a8f518bdbf22902283a96953672c7","True","10","0","0","0","0","0","False","15","9","8,9","12,2","17,1","100","0","42,85605021212563","1496686592","[18:05:21] [Server thread/INFO]: The game is running normally [18:05:21] [Server thread/INFO]: Target tick rate: 20,0 per second. Average time per tick: 9,0ms (Target: 50,0ms) [18:05:21] [Server thread/INFO]: Percentiles: P50: 8,9ms P95: 12,2ms P99: 17,1ms, sample: 100"
"with-umce","2","2026-09-27T16:05:21.8277462+00:00","646522184381b84f3179ea440c481a63331a8f518bdbf22902283a96953672c7","True","10","0","0","0","0","0","False","15","8,8","8,8","11,9","17,1","100","38,08934887730883","42,85605021212563","1496686592","[18:05:21] [Server thread/INFO]: The game is running normally [18:05:21] [Server thread/INFO]: Target tick rate: 20,0 per second. Average time per tick: 8,8ms (Target: 50,0ms) [18:05:21] [Server thread/INFO]: Percentiles: P50: 8,8ms P95: 11,9ms P99: 17,1ms, sample: 100"
"with-umce","2","2026-09-27T16:05:21.9508076+00:00","646522184381b84f3179ea440c481a63331a8f518bdbf22902283a96953672c7","True","10","0","0","0","0","0","False","15","8,7","8,7","11,9","17,1","100","0","42,85605021212563","1496686592","[18:05:21] [Server thread/INFO]: The game is running normally [18:05:21] [Server thread/INFO]: Target tick rate: 20,0 per second. Average time per tick: 8,7ms (Target: 50,0ms) [18:05:21] [Server thread/INFO]: Percentiles: P50: 8,7ms P95: 11,9ms P99: 17,1ms, sample: 100"
"with-umce","2","2026-09-27T16:05:22.0750174+00:00","646522184381b84f3179ea440c481a63331a8f518bdbf22902283a96953672c7","True","10","0","0","0","0","0","False","15","8,6","8,5","11,9","17,1","100","37,26706593110423","42,85605021212563","1496686592","[18:05:22] [Server thread/INFO]: The game is running normally [18:05:22] [Server thread/INFO]: Target tick rate: 20,0 per second. Average time per tick: 8,6ms (Target: 50,0ms) [18:05:22] [Server thread/INFO]: Percentiles: P50: 8,5ms P95: 11,9ms P99: 17,1ms, sample: 100"
"with-umce","2","2026-09-27T16:05:22.2008360+00:00","646522184381b84f3179ea440c481a63331a8f518bdbf22902283a96953672c7","True","10","0","0","0","0","0","False","15","8,5","8,2","11,9","17,1","100","61,80305926132193","42,85605021212563","1496686592","[18:05:22] [Server thread/INFO]: The game is running normally [18:05:22] [Server thread/INFO]: Target tick rate: 20,0 per second. Average time per tick: 8,5ms (Target: 50,0ms) [18:05:22] [Server thread/INFO]: Percentiles: P50: 8,2ms P95: 11,9ms P99: 17,1ms, sample: 100"
"with-umce","2","2026-09-27T16:05:22.3272269+00:00","646522184381b84f3179ea440c481a63331a8f518bdbf22902283a96953672c7","True","10","0","0","0","0","0","False","15","8,4","8,2","11,9","17,1","100","50,06668882952092","42,85605021212563","1496686592","[18:05:22] [Server thread/INFO]: The game is running normally [18:05:22] [Server thread/INFO]: Target tick rate: 20,0 per second. Average time per tick: 8,4ms (Target: 50,0ms) [18:05:22] [Server thread/INFO]: Percentiles: P50: 8,2ms P95: 11,9ms P99: 17,1ms, sample: 100"
"with-umce","2","2026-09-27T16:05:22.4520246+00:00","646522184381b84f3179ea440c481a63331a8f518bdbf22902283a96953672c7","True","10","0","0","0","0","0","False","15","8,3","8","11,9","17,1","100","12,54606916597747","42,85605021212563","1496686592","[18:05:22] [Server thread/INFO]: The game is running normally [18:05:22] [Server thread/INFO]: Target tick rate: 20,0 per second. Average time per tick: 8,3ms (Target: 50,0ms) [18:05:22] [Server thread/INFO]: Percentiles: P50: 8,0ms P95: 11,9ms P99: 17,1ms, sample: 100"
"with-umce","2","2026-09-27T16:05:22.5765932+00:00","646522184381b84f3179ea440c481a63331a8f518bdbf22902283a96953672c7","True","10","0","0","0","0","0","False","15","8,2","7,9","11,9","17,1","100","37,593924661373975","42,85605021212563","1496686592","[18:05:22] [Server thread/INFO]: The game is running normally [18:05:22] [Server thread/INFO]: Target tick rate: 20,0 per second. Average time per tick: 8,2ms (Target: 50,0ms) [18:05:22] [Server thread/INFO]: Percentiles: P50: 7,9ms P95: 11,9ms P99: 17,1ms, sample: 100"
"with-umce","2","2026-09-27T16:05:22.7012581+00:00","646522184381b84f3179ea440c481a63331a8f518bdbf22902283a96953672c7","True","10","0","0","0","0","0","False","15","8,1","7,9","11,4","14,4","100","0","42,85605021212563","1496686592","[18:05:22] [Server thread/INFO]: The game is running normally [18:05:22] [Server thread/INFO]: Target tick rate: 20,0 per second. Average time per tick: 8,1ms (Target: 50,0ms) [18:05:22] [Server thread/INFO]: Percentiles: P50: 7,9ms P95: 11,4ms P99: 14,4ms, sample: 100"
"with-umce","2","2026-09-27T16:05:22.8218521+00:00","646522184381b84f3179ea440c481a63331a8f518bdbf22902283a96953672c7","True","10","0","0","0","0","0","False","15","8,1","7,9","11,4","14,4","100","38,00710601124443","42,85605021212563","1496686592","[18:05:22] [Server thread/INFO]: The game is running normally [18:05:22] [Server thread/INFO]: Target tick rate: 20,0 per second. Average time per tick: 8,1ms (Target: 50,0ms) [18:05:22] [Server thread/INFO]: Percentiles: P50: 7,9ms P95: 11,4ms P99: 14,4ms, sample: 100"
"with-umce","2","2026-09-27T16:05:22.9451768+00:00","646522184381b84f3179ea440c481a63331a8f518bdbf22902283a96953672c7","True","10","0","0","0","0","0","False","15","8,1","7,8","11,7","14,4","100","0","42,85605021212563","1496686592","[18:05:22] [Server thread/INFO]: The game is running normally [18:05:22] [Server thread/INFO]: Target tick rate: 20,0 per second. Average time per tick: 8,1ms (Target: 50,0ms) [18:05:22] [Server thread/INFO]: Percentiles: P50: 7,8ms P95: 11,7ms P99: 14,4ms, sample: 100"
"with-umce","2","2026-09-27T16:05:23.0836183+00:00","646522184381b84f3179ea440c481a63331a8f518bdbf22902283a96953672c7","True","10","0","0","0","0","0","False","15","8,1","7,8","11,7","14,4","100","44,741736380257514","42,85605021212563","1496686592","[18:05:23] [Server thread/INFO]: The game is running normally [18:05:23] [Server thread/INFO]: Target tick rate: 20,0 per second. Average time per tick: 8,1ms (Target: 50,0ms) [18:05:23] [Server thread/INFO]: Percentiles: P50: 7,8ms P95: 11,7ms P99: 14,4ms, sample: 100"
"with-umce","2","2026-09-27T16:05:23.2232991+00:00","646522184381b84f3179ea440c481a63331a8f518bdbf22902283a96953672c7","True","10","0","0","0","0","0","False","15","8","7,7","11,7","14,4","100","38,02449466967563","42,85605021212563","1496686592","[18:05:23] [Server thread/INFO]: The game is running normally [18:05:23] [Server thread/INFO]: Target tick rate: 20,0 per second. Average time per tick: 8,0ms (Target: 50,0ms) [18:05:23] [Server thread/INFO]: Percentiles: P50: 7,7ms P95: 11,7ms P99: 14,4ms, sample: 100"
"with-umce","2","2026-09-27T16:05:23.3465321+00:00","646522184381b84f3179ea440c481a63331a8f518bdbf22902283a96953672c7","True","10","0","0","0","0","0","False","15","7,9","7,7","11,7","14,4","100","25,71504276514472","42,85605021212563","1496686592","[18:05:23] [Server thread/INFO]: The game is running normally [18:05:23] [Server thread/INFO]: Target tick rate: 20,0 per second. Average time per tick: 7,9ms (Target: 50,0ms) [18:05:23] [Server thread/INFO]: Percentiles: P50: 7,7ms P95: 11,7ms P99: 14,4ms, sample: 100"
"with-umce","2","2026-09-27T16:05:23.4681007+00:00","646522184381b84f3179ea440c481a63331a8f518bdbf22902283a96953672c7","True","10","0","0","0","0","0","False","15","8","7,7","11,7","14,4","100","12,392374704169232","42,85605021212563","1496686592","[18:05:23] [Server thread/INFO]: The game is running normally [18:05:23] [Server thread/INFO]: Target tick rate: 20,0 per second. Average time per tick: 8,0ms (Target: 50,0ms) [18:05:23] [Server thread/INFO]: Percentiles: P50: 7,7ms P95: 11,7ms P99: 14,4ms, sample: 100"
"with-umce","2","2026-09-27T16:05:23.5941767+00:00","646522184381b84f3179ea440c481a63331a8f518bdbf22902283a96953672c7","True","10","0","0","0","0","0","False","15","8","7,7","11,7","14,4","100","37,53441154850767","42,85605021212563","1496686592","[18:05:23] [Server thread/INFO]: The game is running normally [18:05:23] [Server thread/INFO]: Target tick rate: 20,0 per second. Average time per tick: 8,0ms (Target: 50,0ms) [18:05:23] [Server thread/INFO]: Percentiles: P50: 7,7ms P95: 11,7ms P99: 14,4ms, sample: 100"
"with-umce","2","2026-09-27T16:05:23.7190239+00:00","646522184381b84f3179ea440c481a63331a8f518bdbf22902283a96953672c7","True","10","0","0","0","0","0","False","15","7,9","7,6","11,7","14,4","100","324,37434675996934","42,85605021212563","1496686592","[18:05:23] [Server thread/INFO]: The game is running normally [18:05:23] [Server thread/INFO]: Target tick rate: 20,0 per second. Average time per tick: 7,9ms (Target: 50,0ms) [18:05:23] [Server thread/INFO]: Percentiles: P50: 7,6ms P95: 11,7ms P99: 14,4ms, sample: 100"
"with-umce","2","2026-09-27T16:05:23.8442902+00:00","646522184381b84f3179ea440c481a63331a8f518bdbf22902283a96953672c7","True","10","0","0","0","0","0","False","15","7,9","7,6","11,7","14,4","100","354,15293902417307","42,85605021212563","1496686592","[18:05:23] [Server thread/INFO]: The game is running normally [18:05:23] [Server thread/INFO]: Target tick rate: 20,0 per second. Average time per tick: 7,9ms (Target: 50,0ms) [18:05:23] [Server thread/INFO]: Percentiles: P50: 7,6ms P95: 11,7ms P99: 14,4ms, sample: 100"
"with-umce","2","2026-09-27T16:05:23.9677970+00:00","646522184381b84f3179ea440c481a63331a8f518bdbf22902283a96953672c7","True","10","0","0","0","0","0","False","15","7,9","7,5","11,7","14,4","100","62,93323237164642","42,85605021212563","1496686592","[18:05:24] [Server thread/INFO]: The game is running normally [18:05:24] [Server thread/INFO]: Target tick rate: 20,0 per second. Average time per tick: 7,9ms (Target: 50,0ms) [18:05:24] [Server thread/INFO]: Percentiles: P50: 7,5ms P95: 11,7ms P99: 14,4ms, sample: 100"
"with-umce","2","2026-09-27T16:05:24.0919846+00:00","646522184381b84f3179ea440c481a63331a8f518bdbf22902283a96953672c7","True","10","0","0","0","0","0","False","15","7,9","7,4","11,9","14,4","100","156,83042941928076","42,85605021212563","1496686592","[18:05:24] [Server thread/INFO]: Saving the game (this may take a moment!) [18:05:24] [Server thread/INFO]: ThreadedAnvilChunkStorage (world): All chunks are saved [18:05:24] [Server thread/INFO]: ThreadedAnvilChunkStorage (DIM1): All chunks are saved [18:05:24] [Server thread/INFO]: ThreadedAnvilChunkStorage (DIM-1): All chunks are saved [18:05:24] [Server thread/INFO]: ThreadedAnvilChunkStorage: All dimensions are saved [18:05:24] [Server thread/INFO]: Saved the game [18:05:24] [Server thread/INFO]: The game is running normally [18:05:24] [Server thread/INFO]: Target tick rate: 20,0 per second. Average time per tick: 7,9ms (Target: 50,0ms) [18:05:24] [Server thread/INFO]: Percentiles: P50: 7,4ms P95: 11,9ms P99: 14,4ms, sample: 100 [18:05:24] [Server thread/INFO]: stress002 drowned"
"with-umce","2","2026-09-27T16:05:24.5901037+00:00","646522184381b84f3179ea440c481a63331a8f518bdbf22902283a96953672c7","True","10","0","0","0","0","0","False","15","11,7","7,1","12","402,9","100","216,02272579406906","42,85605021212563","1496686592","[18:05:24] [Server thread/INFO]: The game is running normally [18:05:24] [Server thread/INFO]: Target tick rate: 20,0 per second. Average time per tick: 11,7ms (Target: 50,0ms) [18:05:24] [Server thread/INFO]: Percentiles: P50: 7,1ms P95: 12,0ms P99: 402,9ms, sample: 100"
"with-umce","2","2026-09-27T16:05:24.7130682+00:00","646522184381b84f3179ea440c481a63331a8f518bdbf22902283a96953672c7","True","10","0","0","0","0","0","False","15","11,9","7,1","12,1","402,9","100","112,53294964765684","42,85605021212563","1496686592","[18:05:24] [Server thread/INFO]: The game is running normally [18:05:24] [Server thread/INFO]: Target tick rate: 20,0 per second. Average time per tick: 11,9ms (Target: 50,0ms) [18:05:24] [Server thread/INFO]: Percentiles: P50: 7,1ms P95: 12,1ms P99: 402,9ms, sample: 100"
"with-umce","2","2026-09-27T16:05:24.8380689+00:00","646522184381b84f3179ea440c481a63331a8f518bdbf22902283a96953672c7","True","10","0","0","0","0","0","False","15","11,9","7,1","12,1","402,9","100","98,7754998830498","42,85605021212563","1496686592","[18:05:24] [Server thread/INFO]: The game is running normally [18:05:24] [Server thread/INFO]: Target tick rate: 20,0 per second. Average time per tick: 11,9ms (Target: 50,0ms) [18:05:24] [Server thread/INFO]: Percentiles: P50: 7,1ms P95: 12,1ms P99: 402,9ms, sample: 100"
"with-umce","2","2026-09-27T16:05:24.9645891+00:00","646522184381b84f3179ea440c481a63331a8f518bdbf22902283a96953672c7","True","10","0","0","0","0","0","False","15","11,8","7,1","12","402,9","100","38,44087895326","42,85605021212563","1496686592","[18:05:24] [Server thread/INFO]: The game is running normally [18:05:24] [Server thread/INFO]: Target tick rate: 20,0 per second. Average time per tick: 11,8ms (Target: 50,0ms) [18:05:24] [Server thread/INFO]: Percentiles: P50: 7,1ms P95: 12,0ms P99: 402,9ms, sample: 100"
"with-umce","2","2026-09-27T16:05:25.0865219+00:00","646522184381b84f3179ea440c481a63331a8f518bdbf22902283a96953672c7","True","10","0","0","0","0","0","False","15","11,8","7,1","11,9","402,9","100","62,82452637343462","42,85605021212563","1496686592","[18:05:25] [Server thread/INFO]: The game is running normally [18:05:25] [Server thread/INFO]: Target tick rate: 20,0 per second. Average time per tick: 11,8ms (Target: 50,0ms) [18:05:25] [Server thread/INFO]: Percentiles: P50: 7,1ms P95: 11,9ms P99: 402,9ms, sample: 100"
"with-umce","2","2026-09-27T16:05:25.2108723+00:00","646522184381b84f3179ea440c481a63331a8f518bdbf22902283a96953672c7","True","10","0","0","0","0","0","False","15","11,8","7,2","11,9","402,9","100","37,55425839252552","42,85605021212563","1496686592","[18:05:25] [Server thread/INFO]: The game is running normally [18:05:25] [Server thread/INFO]: Target tick rate: 20,0 per second. Average time per tick: 11,8ms (Target: 50,0ms) [18:05:25] [Server thread/INFO]: Percentiles: P50: 7,2ms P95: 11,9ms P99: 402,9ms, sample: 100"
"with-umce","2","2026-09-27T16:05:25.3357120+00:00","646522184381b84f3179ea440c481a63331a8f518bdbf22902283a96953672c7","True","10","0","0","0","0","0","False","15","11,8","7,2","11,9","402,9","100","45,37943012148618","42,85605021212563","1496686592","[18:05:25] [Server thread/INFO]: The game is running normally [18:05:25] [Server thread/INFO]: Target tick rate: 20,0 per second. Average time per tick: 11,8ms (Target: 50,0ms) [18:05:25] [Server thread/INFO]: Percentiles: P50: 7,2ms P95: 11,9ms P99: 402,9ms, sample: 100"
"with-umce","2","2026-09-27T16:05:25.4734631+00:00","646522184381b84f3179ea440c481a63331a8f518bdbf22902283a96953672c7","True","10","0","0","0","0","0","False","15","11,8","7,3","11,9","402,9","100","37,3386373448505","42,85605021212563","1496686592","[18:05:25] [Server thread/INFO]: The game is running normally [18:05:25] [Server thread/INFO]: Target tick rate: 20,0 per second. Average time per tick: 11,8ms (Target: 50,0ms) [18:05:25] [Server thread/INFO]: Percentiles: P50: 7,3ms P95: 11,9ms P99: 402,9ms, sample: 100"
"with-umce","2","2026-09-27T16:05:25.5989783+00:00","646522184381b84f3179ea440c481a63331a8f518bdbf22902283a96953672c7","True","10","0","0","0","0","0","False","15","11,8","7,3","11,9","402,9","100","25,54005989041884","42,85605021212563","1496686592","[18:05:25] [Server thread/INFO]: The game is running normally [18:05:25] [Server thread/INFO]: Target tick rate: 20,0 per second. Average time per tick: 11,8ms (Target: 50,0ms) [18:05:25] [Server thread/INFO]: Percentiles: P50: 7,3ms P95: 11,9ms P99: 402,9ms, sample: 100"
"with-umce","2","2026-09-27T16:05:25.7213135+00:00","646522184381b84f3179ea440c481a63331a8f518bdbf22902283a96953672c7","True","10","0","0","0","0","0","False","15","11,8","7,3","11,9","402,9","100","75,05800482612963","42,85605021212563","1496686592","[18:05:25] [Server thread/INFO]: The game is running normally [18:05:25] [Server thread/INFO]: Target tick rate: 20,0 per second. Average time per tick: 11,8ms (Target: 50,0ms) [18:05:25] [Server thread/INFO]: Percentiles: P50: 7,3ms P95: 11,9ms P99: 402,9ms, sample: 100"
"with-umce","2","2026-09-27T16:05:25.8462442+00:00","646522184381b84f3179ea440c481a63331a8f518bdbf22902283a96953672c7","True","10","0","0","0","0","0","False","15","11,8","7,3","11,7","402,9","100","12,75567474458037","42,85605021212563","1496686592","[18:05:25] [Server thread/INFO]: The game is running normally [18:05:25] [Server thread/INFO]: Target tick rate: 20,0 per second. Average time per tick: 11,8ms (Target: 50,0ms) [18:05:25] [Server thread/INFO]: Percentiles: P50: 7,3ms P95: 11,7ms P99: 402,9ms, sample: 100"
"with-umce","2","2026-09-27T16:05:25.9687048+00:00","646522184381b84f3179ea440c481a63331a8f518bdbf22902283a96953672c7","True","10","0","0","0","0","0","False","15","11,7","7,3","11,3","402,9","100","38,03587990480278","42,85605021212563","1496686592","[18:05:25] [Server thread/INFO]: The game is running normally [18:05:25] [Server thread/INFO]: Target tick rate: 20,0 per second. Average time per tick: 11,7ms (Target: 50,0ms) [18:05:25] [Server thread/INFO]: Percentiles: P50: 7,3ms P95: 11,3ms P99: 402,9ms, sample: 100"
"with-umce","2","2026-09-27T16:05:26.0919764+00:00","646522184381b84f3179ea440c481a63331a8f518bdbf22902283a96953672c7","True","10","0","0","0","0","0","False","15","11,7","7,3","11,3","402,9","100","62,17034794704558","42,85605021212563","1496686592","[18:05:26] [Server thread/INFO]: The game is running normally [18:05:26] [Server thread/INFO]: Target tick rate: 20,0 per second. Average time per tick: 11,7ms (Target: 50,0ms) [18:05:26] [Server thread/INFO]: Percentiles: P50: 7,3ms P95: 11,3ms P99: 402,9ms, sample: 100"
"with-umce","2","2026-09-27T16:05:26.2176459+00:00","646522184381b84f3179ea440c481a63331a8f518bdbf22902283a96953672c7","True","10","0","0","0","0","0","False","15","11,8","7,3","11,7","402,9","100","25,28495128702425","42,85605021212563","1496686592","[18:05:26] [Server thread/INFO]: The game is running normally [18:05:26] [Server thread/INFO]: Target tick rate: 20,0 per second. Average time per tick: 11,8ms (Target: 50,0ms) [18:05:26] [Server thread/INFO]: Percentiles: P50: 7,3ms P95: 11,7ms P99: 402,9ms, sample: 100"
"with-umce","2","2026-09-27T16:05:26.3412389+00:00","646522184381b84f3179ea440c481a63331a8f518bdbf22902283a96953672c7","True","10","0","0","0","0","0","False","15","11,8","7,3","11,7","402,9","100","25,13316556442656","42,85605021212563","1496686592","[18:05:26] [Server thread/INFO]: The game is running normally [18:05:26] [Server thread/INFO]: Target tick rate: 20,0 per second. Average time per tick: 11,8ms (Target: 50,0ms) [18:05:26] [Server thread/INFO]: Percentiles: P50: 7,3ms P95: 11,7ms P99: 402,9ms, sample: 100"
"with-umce","2","2026-09-27T16:05:26.4655383+00:00","646522184381b84f3179ea440c481a63331a8f518bdbf22902283a96953672c7","True","10","0","0","0","0","0","False","15","11,8","7,4","11,7","402,9","100","12,561824274348634","42,85605021212563","1496686592","[18:05:26] [Server thread/INFO]: The game is running normally [18:05:26] [Server thread/INFO]: Target tick rate: 20,0 per second. Average time per tick: 11,8ms (Target: 50,0ms) [18:05:26] [Server thread/INFO]: Percentiles: P50: 7,4ms P95: 11,7ms P99: 402,9ms, sample: 100"
"with-umce","2","2026-09-27T16:05:26.5899307+00:00","646522184381b84f3179ea440c481a63331a8f518bdbf22902283a96953672c7","True","10","0","0","0","0","0","False","15","11,8","7,4","11,7","402,9","100","37,872024470781376","42,85605021212563","1496686592","[18:05:26] [Server thread/INFO]: The game is running normally [18:05:26] [Server thread/INFO]: Target tick rate: 20,0 per second. Average time per tick: 11,8ms (Target: 50,0ms) [18:05:26] [Server thread/INFO]: Percentiles: P50: 7,4ms P95: 11,7ms P99: 402,9ms, sample: 100"
"with-umce","2","2026-09-27T16:05:26.7136937+00:00","646522184381b84f3179ea440c481a63331a8f518bdbf22902283a96953672c7","True","10","0","0","0","0","0","False","15","11,8","7,4","11,7","402,9","100","38,73441946711355","42,85605021212563","1496686592","[18:05:26] [Server thread/INFO]: The game is running normally [18:05:26] [Server thread/INFO]: Target tick rate: 20,0 per second. Average time per tick: 11,8ms (Target: 50,0ms) [18:05:26] [Server thread/INFO]: Percentiles: P50: 7,4ms P95: 11,7ms P99: 402,9ms, sample: 100"
"with-umce","2","2026-09-27T16:05:26.8347072+00:00","646522184381b84f3179ea440c481a63331a8f518bdbf22902283a96953672c7","True","10","0","0","0","0","0","False","15","11,9","7,5","11,7","402,9","100","55,69798396468409","42,85605021212563","1496686592","[18:05:26] [Server thread/INFO]: The game is running normally [18:05:26] [Server thread/INFO]: Target tick rate: 20,0 per second. Average time per tick: 11,9ms (Target: 50,0ms) [18:05:26] [Server thread/INFO]: Percentiles: P50: 7,5ms P95: 11,7ms P99: 402,9ms, sample: 100"
"with-umce","2","2026-09-27T16:05:26.9749656+00:00","646522184381b84f3179ea440c481a63331a8f518bdbf22902283a96953672c7","True","10","0","0","0","0","0","False","15","11,9","7,5","11,7","402,9","100","33,31807513572451","42,85605021212563","1496686592","[18:05:26] [Server thread/INFO]: The game is running normally [18:05:26] [Server thread/INFO]: Target tick rate: 20,0 per second. Average time per tick: 11,9ms (Target: 50,0ms) [18:05:26] [Server thread/INFO]: Percentiles: P50: 7,5ms P95: 11,7ms P99: 402,9ms, sample: 100"
"with-umce","2","2026-09-27T16:05:27.1156952+00:00","646522184381b84f3179ea440c481a63331a8f518bdbf22902283a96953672c7","True","10","0","0","0","0","0","False","15","11,9","7,5","11,7","402,9","100","45,03154369572799","42,85605021212563","1496686592","[18:05:27] [Server thread/INFO]: The game is running normally [18:05:27] [Server thread/INFO]: Target tick rate: 20,0 per second. Average time per tick: 11,9ms (Target: 50,0ms) [18:05:27] [Server thread/INFO]: Percentiles: P50: 7,5ms P95: 11,7ms P99: 402,9ms, sample: 100"
"with-umce","2","2026-09-27T16:05:27.2544555+00:00","646522184381b84f3179ea440c481a63331a8f518bdbf22902283a96953672c7","True","10","0","0","0","0","0","False","15","11,9","7,5","11,7","402,9","100","37,951870146714846","42,85605021212563","1496686592","[18:05:27] [Server thread/INFO]: The game is running normally [18:05:27] [Server thread/INFO]: Target tick rate: 20,0 per second. Average time per tick: 11,9ms (Target: 50,0ms) [18:05:27] [Server thread/INFO]: Percentiles: P50: 7,5ms P95: 11,7ms P99: 402,9ms, sample: 100"
"with-umce","2","2026-09-27T16:05:27.3779758+00:00","646522184381b84f3179ea440c481a63331a8f518bdbf22902283a96953672c7","True","10","0","0","0","0","0","False","15","11,9","7,5","11,7","402,9","100","24,975783480337466","42,85605021212563","1496686592","[18:05:27] [Server thread/INFO]: The game is running normally [18:05:27] [Server thread/INFO]: Target tick rate: 20,0 per second. Average time per tick: 11,9ms (Target: 50,0ms) [18:05:27] [Server thread/INFO]: Percentiles: P50: 7,5ms P95: 11,7ms P99: 402,9ms, sample: 100"
"with-umce","2","2026-09-27T16:05:27.5031397+00:00","646522184381b84f3179ea440c481a63331a8f518bdbf22902283a96953672c7","True","10","0","0","0","0","0","False","15","12","7,6","11,7","402,9","100","12,590571535397032","42,85605021212563","1496686592","[18:05:27] [Server thread/INFO]: The game is running normally [18:05:27] [Server thread/INFO]: Target tick rate: 20,0 per second. Average time per tick: 12,0ms (Target: 50,0ms) [18:05:27] [Server thread/INFO]: Percentiles: P50: 7,6ms P95: 11,7ms P99: 402,9ms, sample: 100"
"with-umce","2","2026-09-27T16:05:27.6272184+00:00","646522184381b84f3179ea440c481a63331a8f518bdbf22902283a96953672c7","True","10","0","0","0","0","0","False","15","12","7,6","11,7","402,9","100","71,33172332878331","42,85605021212563","1496686592","[18:05:27] [Server thread/INFO]: The game is running normally [18:05:27] [Server thread/INFO]: Target tick rate: 20,0 per second. Average time per tick: 12,0ms (Target: 50,0ms) [18:05:27] [Server thread/INFO]: Percentiles: P50: 7,6ms P95: 11,7ms P99: 402,9ms, sample: 100"
"with-umce","2","2026-09-27T16:05:27.7586624+00:00","646522184381b84f3179ea440c481a63331a8f518bdbf22902283a96953672c7","True","10","0","0","0","0","0","False","15","12,1","7,7","11,7","402,9","100","46,50000074400001","42,85605021212563","1496686592","[18:05:27] [Server thread/INFO]: The game is running normally [18:05:27] [Server thread/INFO]: Target tick rate: 20,0 per second. Average time per tick: 12,1ms (Target: 50,0ms) [18:05:27] [Server thread/INFO]: Percentiles: P50: 7,7ms P95: 11,7ms P99: 402,9ms, sample: 100"
"with-umce","2","2026-09-27T16:05:27.8930546+00:00","646522184381b84f3179ea440c481a63331a8f518bdbf22902283a96953672c7","True","10","0","0","0","0","0","False","15","12,1","7,7","11,7","402,9","100","0","42,85605021212563","1496686592","[18:05:27] [Server thread/INFO]: The game is running normally [18:05:27] [Server thread/INFO]: Target tick rate: 20,0 per second. Average time per tick: 12,1ms (Target: 50,0ms) [18:05:27] [Server thread/INFO]: Percentiles: P50: 7,7ms P95: 11,7ms P99: 402,9ms, sample: 100"
"with-umce","2","2026-09-27T16:05:28.0172701+00:00","646522184381b84f3179ea440c481a63331a8f518bdbf22902283a96953672c7","True","10","0","0","0","0","0","False","15","12","7,7","11,3","402,9","100","25,398058694304094","42,85605021212563","1496686592","[18:05:28] [Server thread/INFO]: The game is running normally [18:05:28] [Server thread/INFO]: Target tick rate: 20,0 per second. Average time per tick: 12,0ms (Target: 50,0ms) [18:05:28] [Server thread/INFO]: Percentiles: P50: 7,7ms P95: 11,3ms P99: 402,9ms, sample: 100"
"with-umce","2","2026-09-27T16:05:28.1403322+00:00","646522184381b84f3179ea440c481a63331a8f518bdbf22902283a96953672c7","True","10","0","0","0","0","0","False","15","12","7,7","11,3","402,9","100","50,24996341802663","42,85605021212563","1496686592","[18:05:28] [Server thread/INFO]: The game is running normally [18:05:28] [Server thread/INFO]: Target tick rate: 20,0 per second. Average time per tick: 12,0ms (Target: 50,0ms) [18:05:28] [Server thread/INFO]: Percentiles: P50: 7,7ms P95: 11,3ms P99: 402,9ms, sample: 100"
"with-umce","2","2026-09-27T16:05:28.2646889+00:00","646522184381b84f3179ea440c481a63331a8f518bdbf22902283a96953672c7","True","10","0","0","0","0","0","False","15","12","7,7","11,3","402,9","100","25,318076053069927","42,85605021212563","1496686592","[18:05:28] [Server thread/INFO]: The game is running normally [18:05:28] [Server thread/INFO]: Target tick rate: 20,0 per second. Average time per tick: 12,0ms (Target: 50,0ms) [18:05:28] [Server thread/INFO]: Percentiles: P50: 7,7ms P95: 11,3ms P99: 402,9ms, sample: 100"
"with-umce","2","2026-09-27T16:05:28.3881211+00:00","646522184381b84f3179ea440c481a63331a8f518bdbf22902283a96953672c7","True","10","0","0","0","0","0","False","15","12","7,7","11,3","402,9","100","37,48113949060833","42,85605021212563","1496686592","[18:05:28] [Server thread/INFO]: The game is running normally [18:05:28] [Server thread/INFO]: Target tick rate: 20,0 per second. Average time per tick: 12,0ms (Target: 50,0ms) [18:05:28] [Server thread/INFO]: Percentiles: P50: 7,7ms P95: 11,3ms P99: 402,9ms, sample: 100"
"with-umce","2","2026-09-27T16:05:28.5132400+00:00","646522184381b84f3179ea440c481a63331a8f518bdbf22902283a96953672c7","True","10","0","0","0","0","0","False","15","12,1","7,7","11,3","402,9","100","25,280451213583007","42,85605021212563","1496686592","[18:05:28] [Server thread/INFO]: The game is running normally [18:05:28] [Server thread/INFO]: Target tick rate: 20,0 per second. Average time per tick: 12,1ms (Target: 50,0ms) [18:05:28] [Server thread/INFO]: Percentiles: P50: 7,7ms P95: 11,3ms P99: 402,9ms, sample: 100"
"with-umce","2","2026-09-27T16:05:28.6367915+00:00","646522184381b84f3179ea440c481a63331a8f518bdbf22902283a96953672c7","True","10","0","0","0","0","0","False","15","12","7,7","11,3","402,9","100","75,65877609521627","42,85605021212563","1496686592","[18:05:28] [Server thread/INFO]: The game is running normally [18:05:28] [Server thread/INFO]: Target tick rate: 20,0 per second. Average time per tick: 12,0ms (Target: 50,0ms) [18:05:28] [Server thread/INFO]: Percentiles: P50: 7,7ms P95: 11,3ms P99: 402,9ms, sample: 100"
"with-umce","2","2026-09-27T16:05:28.7607045+00:00","646522184381b84f3179ea440c481a63331a8f518bdbf22902283a96953672c7","True","10","0","0","0","0","0","False","15","12","7,8","11,3","402,9","100","37,38324465030816","42,85605021212563","1496686592","[18:05:28] [Server thread/INFO]: The game is running normally [18:05:28] [Server thread/INFO]: Target tick rate: 20,0 per second. Average time per tick: 12,0ms (Target: 50,0ms) [18:05:28] [Server thread/INFO]: Percentiles: P50: 7,8ms P95: 11,3ms P99: 402,9ms, sample: 100"
"with-umce","2","2026-09-27T16:05:28.8861382+00:00","646522184381b84f3179ea440c481a63331a8f518bdbf22902283a96953672c7","True","10","0","0","0","0","0","False","15","12","7,8","11,3","402,9","100","25,18641980482741","42,85605021212563","1496686592","[18:05:28] [Server thread/INFO]: The game is running normally [18:05:28] [Server thread/INFO]: Target tick rate: 20,0 per second. Average time per tick: 12,0ms (Target: 50,0ms) [18:05:28] [Server thread/INFO]: Percentiles: P50: 7,8ms P95: 11,3ms P99: 402,9ms, sample: 100"
"with-umce","2","2026-09-27T16:05:29.0101807+00:00","646522184381b84f3179ea440c481a63331a8f518bdbf22902283a96953672c7","True","10","0","0","0","0","0","False","15","12","7,8","10,9","402,9","100","25,265305924451482","42,85605021212563","1496686592","[18:05:29] [Server thread/INFO]: The game is running normally [18:05:29] [Server thread/INFO]: Target tick rate: 20,0 per second. Average time per tick: 12,0ms (Target: 50,0ms) [18:05:29] [Server thread/INFO]: Percentiles: P50: 7,8ms P95: 10,9ms P99: 402,9ms, sample: 100"
"with-umce","2","2026-09-27T16:05:29.1338998+00:00","646522184381b84f3179ea440c481a63331a8f518bdbf22902283a96953672c7","True","10","0","0","0","0","0","False","15","8,1","7,8","10,8","26,6","100","12,408189325542446","42,85605021212563","1496686592","[18:05:29] [Server thread/INFO]: The game is running normally [18:05:29] [Server thread/INFO]: Target tick rate: 20,0 per second. Average time per tick: 8,1ms (Target: 50,0ms) [18:05:29] [Server thread/INFO]: Percentiles: P50: 7,8ms P95: 10,8ms P99: 26,6ms, sample: 100"
"with-umce","2","2026-09-27T16:05:29.2597930+00:00","646522184381b84f3179ea440c481a63331a8f518bdbf22902283a96953672c7","True","10","0","0","0","0","0","False","15","8,1","7,8","10,8","26,6","100","0","42,85605021212563","1496686592","[18:05:29] [Server thread/INFO]: The game is running normally [18:05:29] [Server thread/INFO]: Target tick rate: 20,0 per second. Average time per tick: 8,1ms (Target: 50,0ms) [18:05:29] [Server thread/INFO]: Percentiles: P50: 7,8ms P95: 10,8ms P99: 26,6ms, sample: 100"
"with-umce","2","2026-09-27T16:05:29.3825494+00:00","646522184381b84f3179ea440c481a63331a8f518bdbf22902283a96953672c7","True","10","0","0","0","0","0","False","15","8,1","7,8","10,8","26,6","100","37,312452687809994","42,85605021212563","1496686592","[18:05:29] [Server thread/INFO]: The game is running normally [18:05:29] [Server thread/INFO]: Target tick rate: 20,0 per second. Average time per tick: 8,1ms (Target: 50,0ms) [18:05:29] [Server thread/INFO]: Percentiles: P50: 7,8ms P95: 10,8ms P99: 26,6ms, sample: 100"
"with-umce","2","2026-09-27T16:05:29.5082382+00:00","646522184381b84f3179ea440c481a63331a8f518bdbf22902283a96953672c7","True","10","0","0","0","0","0","False","15","8,1","7,8","10,8","26,6","100","88,18239061150808","42,85605021212563","1496686592","[18:05:29] [Server thread/INFO]: The game is running normally [18:05:29] [Server thread/INFO]: Target tick rate: 20,0 per second. Average time per tick: 8,1ms (Target: 50,0ms) [18:05:29] [Server thread/INFO]: Percentiles: P50: 7,8ms P95: 10,8ms P99: 26,6ms, sample: 100"
"with-umce","2","2026-09-27T16:05:29.6322433+00:00","646522184381b84f3179ea440c481a63331a8f518bdbf22902283a96953672c7","True","10","0","0","0","0","0","False","15","7,9","7,8","10,6","11,8","100","62,223231068208605","42,85605021212563","1496686592","[18:05:29] [Server thread/INFO]: The game is running normally [18:05:29] [Server thread/INFO]: Target tick rate: 20,0 per second. Average time per tick: 7,9ms (Target: 50,0ms) [18:05:29] [Server thread/INFO]: Percentiles: P50: 7,8ms P95: 10,6ms P99: 11,8ms, sample: 100"
"with-umce","2","2026-09-27T16:05:29.7578248+00:00","646522184381b84f3179ea440c481a63331a8f518bdbf22902283a96953672c7","True","10","0","0","0","0","0","False","15","8","7,8","10,2","11,8","100","12,441871575996942","42,85605021212563","1496686592","[18:05:29] [Server thread/INFO]: The game is running normally [18:05:29] [Server thread/INFO]: Target tick rate: 20,0 per second. Average time per tick: 8,0ms (Target: 50,0ms) [18:05:29] [Server thread/INFO]: Percentiles: P50: 7,8ms P95: 10,2ms P99: 11,8ms, sample: 100"
"with-umce","2","2026-09-27T16:05:29.8835403+00:00","646522184381b84f3179ea440c481a63331a8f518bdbf22902283a96953672c7","True","10","0","0","0","0","0","False","15","7,9","7,8","10,2","11,8","100","22,594172511025956","42,85605021212563","1496686592","[18:05:29] [Server thread/INFO]: The game is running normally [18:05:29] [Server thread/INFO]: Target tick rate: 20,0 per second. Average time per tick: 7,9ms (Target: 50,0ms) [18:05:29] [Server thread/INFO]: Percentiles: P50: 7,8ms P95: 10,2ms P99: 11,8ms, sample: 100"
"with-umce","2","2026-09-27T16:05:30.0216854+00:00","646522184381b84f3179ea440c481a63331a8f518bdbf22902283a96953672c7","True","10","0","0","0","0","0","False","15","7,9","7,8","10,1","11,8","100","55,974774273886275","42,85605021212563","1496686592","[18:05:30] [Server thread/INFO]: The game is running normally [18:05:30] [Server thread/INFO]: Target tick rate: 20,0 per second. Average time per tick: 7,9ms (Target: 50,0ms) [18:05:30] [Server thread/INFO]: Percentiles: P50: 7,8ms P95: 10,1ms P99: 11,8ms, sample: 100"
"with-umce","2","2026-09-27T16:05:30.1612410+00:00","646522184381b84f3179ea440c481a63331a8f518bdbf22902283a96953672c7","True","10","0","0","0","0","0","False","15","7,9","7,8","10,1","11,8","100","0","42,85605021212563","1496686592","[18:05:30] [Server thread/INFO]: The game is running normally [18:05:30] [Server thread/INFO]: Target tick rate: 20,0 per second. Average time per tick: 7,9ms (Target: 50,0ms) [18:05:30] [Server thread/INFO]: Percentiles: P50: 7,8ms P95: 10,1ms P99: 11,8ms, sample: 100"
"with-umce","2","2026-09-27T16:05:30.2863953+00:00","646522184381b84f3179ea440c481a63331a8f518bdbf22902283a96953672c7","True","10","0","0","0","0","0","False","15","7,9","7,7","10,2","11,8","100","74,81899788032791","42,85605021212563","1496686592","[18:05:30] [Server thread/INFO]: The game is running normally [18:05:30] [Server thread/INFO]: Target tick rate: 20,0 per second. Average time per tick: 7,9ms (Target: 50,0ms) [18:05:30] [Server thread/INFO]: Percentiles: P50: 7,7ms P95: 10,2ms P99: 11,8ms, sample: 100"
"with-umce","2","2026-09-27T16:05:30.4116544+00:00","646522184381b84f3179ea440c481a63331a8f518bdbf22902283a96953672c7","True","10","0","0","0","0","0","False","15","7,8","7,6","10,2","11,8","100","0","42,85605021212563","1496686592","[18:05:30] [Server thread/INFO]: The game is running normally [18:05:30] [Server thread/INFO]: Target tick rate: 20,0 per second. Average time per tick: 7,8ms (Target: 50,0ms) [18:05:30] [Server thread/INFO]: Percentiles: P50: 7,6ms P95: 10,2ms P99: 11,8ms, sample: 100"
"with-umce","2","2026-09-27T16:05:30.5508081+00:00","646522184381b84f3179ea440c481a63331a8f518bdbf22902283a96953672c7","True","10","0","0","0","0","0","False","15","7,8","7,6","10,2","11,8","100","38,106038435274606","42,85605021212563","1496686592","[18:05:30] [Server thread/INFO]: The game is running normally [18:05:30] [Server thread/INFO]: Target tick rate: 20,0 per second. Average time per tick: 7,8ms (Target: 50,0ms) [18:05:30] [Server thread/INFO]: Percentiles: P50: 7,6ms P95: 10,2ms P99: 11,8ms, sample: 100"
"with-umce","2","2026-09-27T16:05:30.6738440+00:00","646522184381b84f3179ea440c481a63331a8f518bdbf22902283a96953672c7","True","10","0","0","0","0","0","False","15","7,8","7,6","10,6","11,8","100","36,920408656742985","42,85605021212563","1496686592","[18:05:30] [Server thread/INFO]: The game is running normally [18:05:30] [Server thread/INFO]: Target tick rate: 20,0 per second. Average time per tick: 7,8ms (Target: 50,0ms) [18:05:30] [Server thread/INFO]: Percentiles: P50: 7,6ms P95: 10,6ms P99: 11,8ms, sample: 100"
"with-umce","2","2026-09-27T16:05:30.8008397+00:00","646522184381b84f3179ea440c481a63331a8f518bdbf22902283a96953672c7","True","10","0","0","0","0","0","False","15","7,8","7,6","10,7","11,8","100","38,68423267812903","42,85605021212563","1496686592","[18:05:30] [Server thread/INFO]: The game is running normally [18:05:30] [Server thread/INFO]: Target tick rate: 20,0 per second. Average time per tick: 7,8ms (Target: 50,0ms) [18:05:30] [Server thread/INFO]: Percentiles: P50: 7,6ms P95: 10,7ms P99: 11,8ms, sample: 100"
"with-umce","2","2026-09-27T16:05:30.9220032+00:00","646522184381b84f3179ea440c481a63331a8f518bdbf22902283a96953672c7","True","10","0","0","0","0","0","False","15","7,8","7,6","10,7","11,8","100","0","42,85605021212563","1496686592","[18:05:30] [Server thread/INFO]: The game is running normally [18:05:30] [Server thread/INFO]: Target tick rate: 20,0 per second. Average time per tick: 7,8ms (Target: 50,0ms) [18:05:30] [Server thread/INFO]: Percentiles: P50: 7,6ms P95: 10,7ms P99: 11,8ms, sample: 100"
"with-umce","2","2026-09-27T16:05:31.0467295+00:00","646522184381b84f3179ea440c481a63331a8f518bdbf22902283a96953672c7","True","10","0","0","0","0","0","False","15","7,7","7,6","10,7","11,8","100","62,28087098353154","42,85605021212563","1496686592","[18:05:31] [Server thread/INFO]: The game is running normally [18:05:31] [Server thread/INFO]: Target tick rate: 20,0 per second. Average time per tick: 7,7ms (Target: 50,0ms) [18:05:31] [Server thread/INFO]: Percentiles: P50: 7,6ms P95: 10,7ms P99: 11,8ms, sample: 100"
"with-umce","2","2026-09-27T16:05:31.1722104+00:00","646522184381b84f3179ea440c481a63331a8f518bdbf22902283a96953672c7","True","10","0","0","0","0","0","False","15","7,8","7,7","10,7","14","100","0","42,85605021212563","1496686592","[18:05:31] [Server thread/INFO]: The game is running normally [18:05:31] [Server thread/INFO]: Target tick rate: 20,0 per second. Average time per tick: 7,8ms (Target: 50,0ms) [18:05:31] [Server thread/INFO]: Percentiles: P50: 7,7ms P95: 10,7ms P99: 14,0ms, sample: 100"
"with-umce","2","2026-09-27T16:05:31.2977022+00:00","646522184381b84f3179ea440c481a63331a8f518bdbf22902283a96953672c7","True","10","0","0","0","0","0","False","15","7,7","7,6","10,7","14","100","49,92407546603126","42,85605021212563","1496686592","[18:05:31] [Server thread/INFO]: The game is running normally [18:05:31] [Server thread/INFO]: Target tick rate: 20,0 per second. Average time per tick: 7,7ms (Target: 50,0ms) [18:05:31] [Server thread/INFO]: Percentiles: P50: 7,6ms P95: 10,7ms P99: 14,0ms, sample: 100"
"with-umce","2","2026-09-27T16:05:31.4229538+00:00","646522184381b84f3179ea440c481a63331a8f518bdbf22902283a96953672c7","True","10","0","0","0","0","0","False","15","7,7","7,6","10,7","14","100","50,25408465200052","42,85605021212563","1496686592","[18:05:31] [Server thread/INFO]: The game is running normally [18:05:31] [Server thread/INFO]: Target tick rate: 20,0 per second. Average time per tick: 7,7ms (Target: 50,0ms) [18:05:31] [Server thread/INFO]: Percentiles: P50: 7,6ms P95: 10,7ms P99: 14,0ms, sample: 100"
"with-umce","2","2026-09-27T16:05:31.5473197+00:00","646522184381b84f3179ea440c481a63331a8f518bdbf22902283a96953672c7","True","10","0","0","0","0","0","False","15","7,8","7,7","10,7","14","100","50,165264447194836","42,85605021212563","1496686592","[18:05:31] [Server thread/INFO]: The game is running normally [18:05:31] [Server thread/INFO]: Target tick rate: 20,0 per second. Average time per tick: 7,8ms (Target: 50,0ms) [18:05:31] [Server thread/INFO]: Percentiles: P50: 7,7ms P95: 10,7ms P99: 14,0ms, sample: 100"
"with-umce","2","2026-09-27T16:05:31.6718778+00:00","646522184381b84f3179ea440c481a63331a8f518bdbf22902283a96953672c7","True","10","0","0","0","0","0","False","15","7,8","7,7","10,7","14","100","0","42,85605021212563","1496686592","[18:05:31] [Server thread/INFO]: The game is running normally [18:05:31] [Server thread/INFO]: Target tick rate: 20,0 per second. Average time per tick: 7,8ms (Target: 50,0ms) [18:05:31] [Server thread/INFO]: Percentiles: P50: 7,7ms P95: 10,7ms P99: 14,0ms, sample: 100"
"with-umce","2","2026-09-27T16:05:31.7945231+00:00","646522184381b84f3179ea440c481a63331a8f518bdbf22902283a96953672c7","True","10","0","0","0","0","0","False","15","7,8","7,6","10,7","14","100","50,29816753716029","42,85605021212563","1496686592","[18:05:31] [Server thread/INFO]: The game is running normally [18:05:31] [Server thread/INFO]: Target tick rate: 20,0 per second. Average time per tick: 7,8ms (Target: 50,0ms) [18:05:31] [Server thread/INFO]: Percentiles: P50: 7,6ms P95: 10,7ms P99: 14,0ms, sample: 100"
"with-umce","2","2026-09-27T16:05:31.9186592+00:00","646522184381b84f3179ea440c481a63331a8f518bdbf22902283a96953672c7","True","10","0","0","0","0","0","False","15","7,8","7,7","10,8","14","100","12,402644204055843","42,85605021212563","1496686592","[18:05:31] [Server thread/INFO]: The game is running normally [18:05:31] [Server thread/INFO]: Target tick rate: 20,0 per second. Average time per tick: 7,8ms (Target: 50,0ms) [18:05:31] [Server thread/INFO]: Percentiles: P50: 7,7ms P95: 10,8ms P99: 14,0ms, sample: 100"
"with-umce","2","2026-09-27T16:05:32.0446646+00:00","646522184381b84f3179ea440c481a63331a8f518bdbf22902283a96953672c7","True","10","0","0","0","0","0","False","15","7,8","7,7","10,8","14","100","64,00960246452331","42,85605021212563","1496686592","[18:05:32] [Server thread/INFO]: The game is running normally [18:05:32] [Server thread/INFO]: Target tick rate: 20,0 per second. Average time per tick: 7,8ms (Target: 50,0ms) [18:05:32] [Server thread/INFO]: Percentiles: P50: 7,7ms P95: 10,8ms P99: 14,0ms, sample: 100"
"with-umce","2","2026-09-27T16:05:32.1666990+00:00","646522184381b84f3179ea440c481a63331a8f518bdbf22902283a96953672c7","True","10","0","0","0","0","0","False","15","7,9","7,8","10,8","14","100","0","42,85605021212563","1496686592","[18:05:32] [Server thread/INFO]: The game is running normally [18:05:32] [Server thread/INFO]: Target tick rate: 20,0 per second. Average time per tick: 7,9ms (Target: 50,0ms) [18:05:32] [Server thread/INFO]: Percentiles: P50: 7,8ms P95: 10,8ms P99: 14,0ms, sample: 100"
"with-umce","2","2026-09-27T16:05:32.2882626+00:00","646522184381b84f3179ea440c481a63331a8f518bdbf22902283a96953672c7","True","10","0","0","0","0","0","False","15","7,9","7,8","10,8","14","100","33,83069568179587","42,85605021212563","1496686592","[18:05:32] [Server thread/INFO]: The game is running normally [18:05:32] [Server thread/INFO]: Target tick rate: 20,0 per second. Average time per tick: 7,9ms (Target: 50,0ms) [18:05:32] [Server thread/INFO]: Percentiles: P50: 7,8ms P95: 10,8ms P99: 14,0ms, sample: 100"
"with-umce","2","2026-09-27T16:05:32.4268390+00:00","646522184381b84f3179ea440c481a63331a8f518bdbf22902283a96953672c7","True","10","0","0","0","0","0","False","15","7,9","7,8","10,8","14","100","12,645033475955822","42,85605021212563","1496686592","[18:05:32] [Server thread/INFO]: The game is running normally [18:05:32] [Server thread/INFO]: Target tick rate: 20,0 per second. Average time per tick: 7,9ms (Target: 50,0ms) [18:05:32] [Server thread/INFO]: Percentiles: P50: 7,8ms P95: 10,8ms P99: 14,0ms, sample: 100"
"with-umce","2","2026-09-27T16:05:32.5503824+00:00","646522184381b84f3179ea440c481a63331a8f518bdbf22902283a96953672c7","True","10","0","0","0","0","0","False","15","7,8","7,8","10,8","14","100","62,595295077225565","42,85605021212563","1496686592","[18:05:32] [Server thread/INFO]: The game is running normally [18:05:32] [Server thread/INFO]: Target tick rate: 20,0 per second. Average time per tick: 7,8ms (Target: 50,0ms) [18:05:32] [Server thread/INFO]: Percentiles: P50: 7,8ms P95: 10,8ms P99: 14,0ms, sample: 100"
"with-umce","2","2026-09-27T16:05:32.6752306+00:00","646522184381b84f3179ea440c481a63331a8f518bdbf22902283a96953672c7","True","10","0","0","0","0","0","False","15","7,8","7,8","10,8","14","100","25,254341524360136","42,85605021212563","1496686592","[18:05:32] [Server thread/INFO]: The game is running normally [18:05:32] [Server thread/INFO]: Target tick rate: 20,0 per second. Average time per tick: 7,8ms (Target: 50,0ms) [18:05:32] [Server thread/INFO]: Percentiles: P50: 7,8ms P95: 10,8ms P99: 14,0ms, sample: 100"
"with-umce","2","2026-09-27T16:05:32.7989324+00:00","646522184381b84f3179ea440c481a63331a8f518bdbf22902283a96953672c7","True","10","0","0","0","0","0","False","15","7,8","7,6","10,7","14","100","50,96058667458119","42,85605021212563","1496686592","[18:05:32] [Server thread/INFO]: The game is running normally [18:05:32] [Server thread/INFO]: Target tick rate: 20,0 per second. Average time per tick: 7,8ms (Target: 50,0ms) [18:05:32] [Server thread/INFO]: Percentiles: P50: 7,6ms P95: 10,7ms P99: 14,0ms, sample: 100"
"with-umce","2","2026-09-27T16:05:32.9215759+00:00","646522184381b84f3179ea440c481a63331a8f518bdbf22902283a96953672c7","True","10","0","0","0","0","0","False","15","7,8","7,6","10,7","14","100","0","42,85605021212563","1496686592","[18:05:32] [Server thread/INFO]: The game is running normally [18:05:32] [Server thread/INFO]: Target tick rate: 20,0 per second. Average time per tick: 7,8ms (Target: 50,0ms) [18:05:32] [Server thread/INFO]: Percentiles: P50: 7,6ms P95: 10,7ms P99: 14,0ms, sample: 100"
"with-umce","2","2026-09-27T16:05:33.0445958+00:00","646522184381b84f3179ea440c481a63331a8f518bdbf22902283a96953672c7","True","10","0","0","0","0","0","False","15","7,7","7,5","10,7","14","100","25,31428187230099","42,85605021212563","1496686592","[18:05:33] [Server thread/INFO]: The game is running normally [18:05:33] [Server thread/INFO]: Target tick rate: 20,0 per second. Average time per tick: 7,7ms (Target: 50,0ms) [18:05:33] [Server thread/INFO]: Percentiles: P50: 7,5ms P95: 10,7ms P99: 14,0ms, sample: 100"
"with-umce","2","2026-09-27T16:05:33.1680754+00:00","646522184381b84f3179ea440c481a63331a8f518bdbf22902283a96953672c7","True","10","0","0","0","0","0","False","15","7,7","7,6","10,7","14","100","0","42,85605021212563","1496686592","[18:05:33] [Server thread/INFO]: The game is running normally [18:05:33] [Server thread/INFO]: Target tick rate: 20,0 per second. Average time per tick: 7,7ms (Target: 50,0ms) [18:05:33] [Server thread/INFO]: Percentiles: P50: 7,6ms P95: 10,7ms P99: 14,0ms, sample: 100"
"with-umce","2","2026-09-27T16:05:33.2937422+00:00","646522184381b84f3179ea440c481a63331a8f518bdbf22902283a96953672c7","True","10","0","0","0","0","0","False","15","7,8","7,6","10,7","14","100","37,77993420045166","42,85605021212563","1496686592","[18:05:33] [Server thread/INFO]: The game is running normally [18:05:33] [Server thread/INFO]: Target tick rate: 20,0 per second. Average time per tick: 7,8ms (Target: 50,0ms) [18:05:33] [Server thread/INFO]: Percentiles: P50: 7,6ms P95: 10,7ms P99: 14,0ms, sample: 100"
"with-umce","2","2026-09-27T16:05:33.4178342+00:00","646522184381b84f3179ea440c481a63331a8f518bdbf22902283a96953672c7","True","10","0","0","0","0","0","False","15","7,8","7,6","10,7","14","100","0","42,85605021212563","1496686592","[18:05:33] [Server thread/INFO]: The game is running normally [18:05:33] [Server thread/INFO]: Target tick rate: 20,0 per second. Average time per tick: 7,8ms (Target: 50,0ms) [18:05:33] [Server thread/INFO]: Percentiles: P50: 7,6ms P95: 10,7ms P99: 14,0ms, sample: 100"
"with-umce","2","2026-09-27T16:05:33.5415740+00:00","646522184381b84f3179ea440c481a63331a8f518bdbf22902283a96953672c7","True","10","0","0","0","0","0","False","15","7,8","7,5","10,7","14","100","76,16817608294897","42,85605021212563","1496686592","[18:05:33] [Server thread/INFO]: The game is running normally [18:05:33] [Server thread/INFO]: Target tick rate: 20,0 per second. Average time per tick: 7,8ms (Target: 50,0ms) [18:05:33] [Server thread/INFO]: Percentiles: P50: 7,5ms P95: 10,7ms P99: 14,0ms, sample: 100"
"with-umce","2","2026-09-27T16:05:33.6646266+00:00","646522184381b84f3179ea440c481a63331a8f518bdbf22902283a96953672c7","True","10","0","0","0","0","0","False","15","7,8","7,6","10,7","14","100","0","42,85605021212563","1496686592","[18:05:33] [Server thread/INFO]: The game is running normally [18:05:33] [Server thread/INFO]: Target tick rate: 20,0 per second. Average time per tick: 7,8ms (Target: 50,0ms) [18:05:33] [Server thread/INFO]: Percentiles: P50: 7,6ms P95: 10,7ms P99: 14,0ms, sample: 100"
"with-umce","2","2026-09-27T16:05:33.7880084+00:00","646522184381b84f3179ea440c481a63331a8f518bdbf22902283a96953672c7","True","10","0","0","0","0","0","False","15","7,8","7,6","10,7","14","100","22,438138948444696","42,85605021212563","1496686592","[18:05:33] [Server thread/INFO]: The game is running normally [18:05:33] [Server thread/INFO]: Target tick rate: 20,0 per second. Average time per tick: 7,8ms (Target: 50,0ms) [18:05:33] [Server thread/INFO]: Percentiles: P50: 7,6ms P95: 10,7ms P99: 14,0ms, sample: 100"
"with-umce","2","2026-09-27T16:05:33.9272915+00:00","646522184381b84f3179ea440c481a63331a8f518bdbf22902283a96953672c7","True","10","0","0","0","0","0","False","15","7,8","7,5","10,7","14","100","0","42,85605021212563","1496686592","[18:05:33] [Server thread/INFO]: The game is running normally [18:05:33] [Server thread/INFO]: Target tick rate: 20,0 per second. Average time per tick: 7,8ms (Target: 50,0ms) [18:05:33] [Server thread/INFO]: Percentiles: P50: 7,5ms P95: 10,7ms P99: 14,0ms, sample: 100"
"with-umce","2","2026-09-27T16:05:34.0510644+00:00","646522184381b84f3179ea440c481a63331a8f518bdbf22902283a96953672c7","True","10","0","0","0","0","0","False","15","7,8","7,5","10,7","14","100","24,977500267758803","42,85605021212563","1496686592","[18:05:34] [Server thread/INFO]: The game is running normally [18:05:34] [Server thread/INFO]: Target tick rate: 20,0 per second. Average time per tick: 7,8ms (Target: 50,0ms) [18:05:34] [Server thread/INFO]: Percentiles: P50: 7,5ms P95: 10,7ms P99: 14,0ms, sample: 100"
"with-umce","2","2026-09-27T16:05:34.1761426+00:00","646522184381b84f3179ea440c481a63331a8f518bdbf22902283a96953672c7","True","10","0","0","0","0","0","False","15","7,8","7,5","10,7","14","100","25,001360073988028","42,85605021212563","1496686592","[18:05:34] [Server thread/INFO]: The game is running normally [18:05:34] [Server thread/INFO]: Target tick rate: 20,0 per second. Average time per tick: 7,8ms (Target: 50,0ms) [18:05:34] [Server thread/INFO]: Percentiles: P50: 7,5ms P95: 10,7ms P99: 14,0ms, sample: 100"
"with-umce","2","2026-09-27T16:05:34.3011513+00:00","646522184381b84f3179ea440c481a63331a8f518bdbf22902283a96953672c7","True","10","0","0","0","0","0","False","15","7,8","7,4","10,7","14","100","25,268656354359546","42,85605021212563","1496686592","[18:05:34] [Server thread/INFO]: The game is running normally [18:05:34] [Server thread/INFO]: Target tick rate: 20,0 per second. Average time per tick: 7,8ms (Target: 50,0ms) [18:05:34] [Server thread/INFO]: Percentiles: P50: 7,4ms P95: 10,7ms P99: 14,0ms, sample: 100"
"with-umce","2","2026-09-27T16:05:34.4247909+00:00","646522184381b84f3179ea440c481a63331a8f518bdbf22902283a96953672c7","True","10","0","0","0","0","0","False","15","7,8","7,4","10,7","14","100","0","42,85605021212563","1496686592","[18:05:34] [Server thread/INFO]: The game is running normally [18:05:34] [Server thread/INFO]: Target tick rate: 20,0 per second. Average time per tick: 7,8ms (Target: 50,0ms) [18:05:34] [Server thread/INFO]: Percentiles: P50: 7,4ms P95: 10,7ms P99: 14,0ms, sample: 100"
"with-umce","2","2026-09-27T16:05:34.5493459+00:00","646522184381b84f3179ea440c481a63331a8f518bdbf22902283a96953672c7","True","10","0","0","0","0","0","False","15","7,8","7,4","10,7","14","100","49,789926342774564","42,85605021212563","1496686592","[18:05:34] [Server thread/INFO]: The game is running normally [18:05:34] [Server thread/INFO]: Target tick rate: 20,0 per second. Average time per tick: 7,8ms (Target: 50,0ms) [18:05:34] [Server thread/INFO]: Percentiles: P50: 7,4ms P95: 10,7ms P99: 14,0ms, sample: 100"
"with-umce","2","2026-09-27T16:05:34.6748751+00:00","646522184381b84f3179ea440c481a63331a8f518bdbf22902283a96953672c7","True","10","0","0","0","0","0","False","15","7,8","7,4","10,7","14","100","0","42,85605021212563","1496686592","[18:05:34] [Server thread/INFO]: The game is running normally [18:05:34] [Server thread/INFO]: Target tick rate: 20,0 per second. Average time per tick: 7,8ms (Target: 50,0ms) [18:05:34] [Server thread/INFO]: Percentiles: P50: 7,4ms P95: 10,7ms P99: 14,0ms, sample: 100"
"with-umce","2","2026-09-27T16:05:34.7983124+00:00","646522184381b84f3179ea440c481a63331a8f518bdbf22902283a96953672c7","True","10","0","0","0","0","0","False","15","7,7","7,4","10,7","14","100","37,77186678839616","42,85605021212563","1496686592","[18:05:34] [Server thread/INFO]: The game is running normally [18:05:34] [Server thread/INFO]: Target tick rate: 20,0 per second. Average time per tick: 7,7ms (Target: 50,0ms) [18:05:34] [Server thread/INFO]: Percentiles: P50: 7,4ms P95: 10,7ms P99: 14,0ms, sample: 100"
"with-umce","2","2026-09-27T16:05:34.9224204+00:00","646522184381b84f3179ea440c481a63331a8f518bdbf22902283a96953672c7","True","10","0","0","0","0","0","False","15","7,7","7,4","10,7","14","100","0","42,85605021212563","1496686592","[18:05:34] [Server thread/INFO]: The game is running normally [18:05:34] [Server thread/INFO]: Target tick rate: 20,0 per second. Average time per tick: 7,7ms (Target: 50,0ms) [18:05:34] [Server thread/INFO]: Percentiles: P50: 7,4ms P95: 10,7ms P99: 14,0ms, sample: 100"
"with-umce","2","2026-09-27T16:05:35.0468953+00:00","646522184381b84f3179ea440c481a63331a8f518bdbf22902283a96953672c7","True","10","0","0","0","0","0","False","15","7,7","7,4","10,7","14","100","51,07765683496687","42,85605021212563","1496686592","[18:05:35] [Server thread/INFO]: The game is running normally [18:05:35] [Server thread/INFO]: Target tick rate: 20,0 per second. Average time per tick: 7,7ms (Target: 50,0ms) [18:05:35] [Server thread/INFO]: Percentiles: P50: 7,4ms P95: 10,7ms P99: 14,0ms, sample: 100"
"with-umce","2","2026-09-27T16:05:35.1692666+00:00","646522184381b84f3179ea440c481a63331a8f518bdbf22902283a96953672c7","True","10","0","0","0","0","0","False","15","7,7","7,4","10,7","14","100","0","42,85605021212563","1496686592","[18:05:35] [Server thread/INFO]: The game is running normally [18:05:35] [Server thread/INFO]: Target tick rate: 20,0 per second. Average time per tick: 7,7ms (Target: 50,0ms) [18:05:35] [Server thread/INFO]: Percentiles: P50: 7,4ms P95: 10,7ms P99: 14,0ms, sample: 100"
"with-umce","2","2026-09-27T16:05:35.2916130+00:00","646522184381b84f3179ea440c481a63331a8f518bdbf22902283a96953672c7","True","10","0","0","0","0","0","False","15","7,7","7,4","10,7","14","100","25,208057221079905","42,85605021212563","1496686592","[18:05:35] [Server thread/INFO]: The game is running normally [18:05:35] [Server thread/INFO]: Target tick rate: 20,0 per second. Average time per tick: 7,7ms (Target: 50,0ms) [18:05:35] [Server thread/INFO]: Percentiles: P50: 7,4ms P95: 10,7ms P99: 14,0ms, sample: 100"
"with-umce","2","2026-09-27T16:05:35.4156156+00:00","646522184381b84f3179ea440c481a63331a8f518bdbf22902283a96953672c7","True","10","0","0","0","0","0","False","15","7,7","7,4","10,7","14","100","0","42,85605021212563","1496686592","[18:05:35] [Server thread/INFO]: The game is running normally [18:05:35] [Server thread/INFO]: Target tick rate: 20,0 per second. Average time per tick: 7,7ms (Target: 50,0ms) [18:05:35] [Server thread/INFO]: Percentiles: P50: 7,4ms P95: 10,7ms P99: 14,0ms, sample: 100"
"with-umce","2","2026-09-27T16:05:35.5521081+00:00","646522184381b84f3179ea440c481a63331a8f518bdbf22902283a96953672c7","True","10","0","0","0","0","0","False","15","7,7","7,4","10,7","14","100","22,169394034198326","42,85605021212563","1496686592","[18:05:35] [Server thread/INFO]: The game is running normally [18:05:35] [Server thread/INFO]: Target tick rate: 20,0 per second. Average time per tick: 7,7ms (Target: 50,0ms) [18:05:35] [Server thread/INFO]: Percentiles: P50: 7,4ms P95: 10,7ms P99: 14,0ms, sample: 100"
"with-umce","2","2026-09-27T16:05:35.6930761+00:00","646522184381b84f3179ea440c481a63331a8f518bdbf22902283a96953672c7","True","10","0","0","0","0","0","False","15","7,7","7,4","10,1","14","100","0","42,85605021212563","1496686592","[18:05:35] [Server thread/INFO]: The game is running normally [18:05:35] [Server thread/INFO]: Target tick rate: 20,0 per second. Average time per tick: 7,7ms (Target: 50,0ms) [18:05:35] [Server thread/INFO]: Percentiles: P50: 7,4ms P95: 10,1ms P99: 14,0ms, sample: 100"
"with-umce","2","2026-09-27T16:05:35.8166487+00:00","646522184381b84f3179ea440c481a63331a8f518bdbf22902283a96953672c7","True","10","0","0","0","0","0","False","15","7,6","7,4","10","14","100","38,44791015615388","42,85605021212563","1496686592","[18:05:35] [Server thread/INFO]: The game is running normally [18:05:35] [Server thread/INFO]: Target tick rate: 20,0 per second. Average time per tick: 7,6ms (Target: 50,0ms) [18:05:35] [Server thread/INFO]: Percentiles: P50: 7,4ms P95: 10,0ms P99: 14,0ms, sample: 100"
"with-umce","2","2026-09-27T16:05:35.9386126+00:00","646522184381b84f3179ea440c481a63331a8f518bdbf22902283a96953672c7","True","10","0","0","0","0","0","False","15","7,7","7,4","10","14","100","12,272150347782922","42,85605021212563","1496686592","[18:05:35] [Server thread/INFO]: The game is running normally [18:05:35] [Server thread/INFO]: Target tick rate: 20,0 per second. Average time per tick: 7,7ms (Target: 50,0ms) [18:05:35] [Server thread/INFO]: Percentiles: P50: 7,4ms P95: 10,0ms P99: 14,0ms, sample: 100"
"with-umce","2","2026-09-27T16:05:36.0659140+00:00","646522184381b84f3179ea440c481a63331a8f518bdbf22902283a96953672c7","True","10","0","0","0","0","0","False","15","7,7","7,4","10","14","100","50,49011767024864","42,85605021212563","1496686592","[18:05:36] [Server thread/INFO]: The game is running normally [18:05:36] [Server thread/INFO]: Target tick rate: 20,0 per second. Average time per tick: 7,7ms (Target: 50,0ms) [18:05:36] [Server thread/INFO]: Percentiles: P50: 7,4ms P95: 10,0ms P99: 14,0ms, sample: 100"
"with-umce","2","2026-09-27T16:05:36.1896852+00:00","646522184381b84f3179ea440c481a63331a8f518bdbf22902283a96953672c7","True","10","0","0","0","0","0","False","15","7,6","7,4","9,8","11,4","100","0","42,85605021212563","1496686592","[18:05:36] [Server thread/INFO]: The game is running normally [18:05:36] [Server thread/INFO]: Target tick rate: 20,0 per second. Average time per tick: 7,6ms (Target: 50,0ms) [18:05:36] [Server thread/INFO]: Percentiles: P50: 7,4ms P95: 9,8ms P99: 11,4ms, sample: 100"
"with-umce","2","2026-09-27T16:05:36.3131262+00:00","646522184381b84f3179ea440c481a63331a8f518bdbf22902283a96953672c7","True","10","0","0","0","0","0","False","15","7,6","7,4","9,8","11,4","100","25,169947485421567","42,85605021212563","1496686592","[18:05:36] [Server thread/INFO]: The game is running normally [18:05:36] [Server thread/INFO]: Target tick rate: 20,0 per second. Average time per tick: 7,6ms (Target: 50,0ms) [18:05:36] [Server thread/INFO]: Percentiles: P50: 7,4ms P95: 9,8ms P99: 11,4ms, sample: 100"
"with-umce","2","2026-09-27T16:05:36.4373677+00:00","646522184381b84f3179ea440c481a63331a8f518bdbf22902283a96953672c7","True","10","0","0","0","0","0","False","15","7,6","7,4","9,8","11,4","100","0","42,85605021212563","1496686592","[18:05:36] [Server thread/INFO]: The game is running normally [18:05:36] [Server thread/INFO]: Target tick rate: 20,0 per second. Average time per tick: 7,6ms (Target: 50,0ms) [18:05:36] [Server thread/INFO]: Percentiles: P50: 7,4ms P95: 9,8ms P99: 11,4ms, sample: 100"
"with-umce","2","2026-09-27T16:05:36.5614770+00:00","646522184381b84f3179ea440c481a63331a8f518bdbf22902283a96953672c7","True","10","0","0","0","0","0","False","15","7,5","7,3","9,6","11","100","37,80796858893805","42,85605021212563","1496686592","[18:05:36] [Server thread/INFO]: The game is running normally [18:05:36] [Server thread/INFO]: Target tick rate: 20,0 per second. Average time per tick: 7,5ms (Target: 50,0ms) [18:05:36] [Server thread/INFO]: Percentiles: P50: 7,3ms P95: 9,6ms P99: 11,0ms, sample: 100"
"with-umce","2","2026-09-27T16:05:36.6854335+00:00","646522184381b84f3179ea440c481a63331a8f518bdbf22902283a96953672c7","True","10","0","0","0","0","0","False","15","7,5","7,3","9,6","11","100","0","42,85605021212563","1496686592","[18:05:36] [Server thread/INFO]: The game is running normally [18:05:36] [Server thread/INFO]: Target tick rate: 20,0 per second. Average time per tick: 7,5ms (Target: 50,0ms) [18:05:36] [Server thread/INFO]: Percentiles: P50: 7,3ms P95: 9,6ms P99: 11,0ms, sample: 100"
"with-umce","2","2026-09-27T16:05:36.8103522+00:00","646522184381b84f3179ea440c481a63331a8f518bdbf22902283a96953672c7","True","10","0","0","0","0","0","False","15","7,5","7,3","9,6","11,3","100","49,78262912817474","42,85605021212563","1496686592","[18:05:36] [Server thread/INFO]: The game is running normally [18:05:36] [Server thread/INFO]: Target tick rate: 20,0 per second. Average time per tick: 7,5ms (Target: 50,0ms) [18:05:36] [Server thread/INFO]: Percentiles: P50: 7,3ms P95: 9,6ms P99: 11,3ms, sample: 100"
"with-umce","2","2026-09-27T16:05:36.9358501+00:00","646522184381b84f3179ea440c481a63331a8f518bdbf22902283a96953672c7","True","10","0","0","0","0","0","False","15","7,5","7,3","9,6","11,3","100","0","42,85605021212563","1496686592","[18:05:36] [Server thread/INFO]: The game is running normally [18:05:36] [Server thread/INFO]: Target tick rate: 20,0 per second. Average time per tick: 7,5ms (Target: 50,0ms) [18:05:36] [Server thread/INFO]: Percentiles: P50: 7,3ms P95: 9,6ms P99: 11,3ms, sample: 100"
"with-umce","2","2026-09-27T16:05:37.0599075+00:00","646522184381b84f3179ea440c481a63331a8f518bdbf22902283a96953672c7","True","10","0","0","0","0","0","False","15","7,4","7,3","9,6","11,3","100","50,18278577892114","42,85605021212563","1496686592","[18:05:37] [Server thread/INFO]: The game is running normally [18:05:37] [Server thread/INFO]: Target tick rate: 20,0 per second. Average time per tick: 7,4ms (Target: 50,0ms) [18:05:37] [Server thread/INFO]: Percentiles: P50: 7,3ms P95: 9,6ms P99: 11,3ms, sample: 100"
"with-umce","2","2026-09-27T16:05:37.1844428+00:00","646522184381b84f3179ea440c481a63331a8f518bdbf22902283a96953672c7","True","10","0","0","0","0","0","False","15","7,4","7,2","9,3","11,3","100","12,547993565790435","42,85605021212563","1496686592","[18:05:37] [Server thread/INFO]: The game is running normally [18:05:37] [Server thread/INFO]: Target tick rate: 20,0 per second. Average time per tick: 7,4ms (Target: 50,0ms) [18:05:37] [Server thread/INFO]: Percentiles: P50: 7,2ms P95: 9,3ms P99: 11,3ms, sample: 100"
"with-umce","2","2026-09-27T16:05:37.3089620+00:00","646522184381b84f3179ea440c481a63331a8f518bdbf22902283a96953672c7","True","10","0","0","0","0","0","False","15","7,4","7,3","9,3","11,3","100","38,25400167460718","42,85605021212563","1496686592","[18:05:37] [Server thread/INFO]: The game is running normally [18:05:37] [Server thread/INFO]: Target tick rate: 20,0 per second. Average time per tick: 7,4ms (Target: 50,0ms) [18:05:37] [Server thread/INFO]: Percentiles: P50: 7,3ms P95: 9,3ms P99: 11,3ms, sample: 100"
"with-umce","2","2026-09-27T16:05:37.4314858+00:00","646522184381b84f3179ea440c481a63331a8f518bdbf22902283a96953672c7","True","10","0","0","0","0","0","False","15","7,4","7,3","9,3","11,3","100","0","42,85605021212563","1496686592","[18:05:37] [Server thread/INFO]: The game is running normally [18:05:37] [Server thread/INFO]: Target tick rate: 20,0 per second. Average time per tick: 7,4ms (Target: 50,0ms) [18:05:37] [Server thread/INFO]: Percentiles: P50: 7,3ms P95: 9,3ms P99: 11,3ms, sample: 100"
"with-umce","2","2026-09-27T16:05:37.5565216+00:00","646522184381b84f3179ea440c481a63331a8f518bdbf22902283a96953672c7","True","10","0","0","0","0","0","False","15","7,4","7,2","9,3","11,3","100","25,335626106153438","42,85605021212563","1496686592","[18:05:37] [Server thread/INFO]: The game is running normally [18:05:37] [Server thread/INFO]: Target tick rate: 20,0 per second. Average time per tick: 7,4ms (Target: 50,0ms) [18:05:37] [Server thread/INFO]: Percentiles: P50: 7,2ms P95: 9,3ms P99: 11,3ms, sample: 100"
"with-umce","2","2026-09-27T16:05:37.6798639+00:00","646522184381b84f3179ea440c481a63331a8f518bdbf22902283a96953672c7","True","10","0","0","0","0","0","False","15","7,4","7,2","9,3","11,3","100","0","42,85605021212563","1496686592","[18:05:37] [Server thread/INFO]: The game is running normally [18:05:37] [Server thread/INFO]: Target tick rate: 20,0 per second. Average time per tick: 7,4ms (Target: 50,0ms) [18:05:37] [Server thread/INFO]: Percentiles: P50: 7,2ms P95: 9,3ms P99: 11,3ms, sample: 100"
"with-umce","2","2026-09-27T16:05:37.8036998+00:00","646522184381b84f3179ea440c481a63331a8f518bdbf22902283a96953672c7","True","10","0","0","0","0","0","False","15","7,4","7,2","9,3","11,3","100","33,80295706465577","42,85605021212563","1496686592","[18:05:37] [Server thread/INFO]: The game is running normally [18:05:37] [Server thread/INFO]: Target tick rate: 20,0 per second. Average time per tick: 7,4ms (Target: 50,0ms) [18:05:37] [Server thread/INFO]: Percentiles: P50: 7,2ms P95: 9,3ms P99: 11,3ms, sample: 100"
"with-umce","2","2026-09-27T16:05:37.9423703+00:00","646522184381b84f3179ea440c481a63331a8f518bdbf22902283a96953672c7","True","10","0","0","0","0","0","False","15","7,4","7,2","9,3","11,3","100","0","42,85605021212563","1496686592","[18:05:37] [Server thread/INFO]: The game is running normally [18:05:37] [Server thread/INFO]: Target tick rate: 20,0 per second. Average time per tick: 7,4ms (Target: 50,0ms) [18:05:37] [Server thread/INFO]: Percentiles: P50: 7,2ms P95: 9,3ms P99: 11,3ms, sample: 100"
"with-umce","2","2026-09-27T16:05:38.0680152+00:00","646522184381b84f3179ea440c481a63331a8f518bdbf22902283a96953672c7","True","10","0","0","0","0","0","False","15","7,4","7,2","9,6","11,3","100","25,61966803468862","42,85605021212563","1496686592","[18:05:38] [Server thread/INFO]: The game is running normally [18:05:38] [Server thread/INFO]: Target tick rate: 20,0 per second. Average time per tick: 7,4ms (Target: 50,0ms) [18:05:38] [Server thread/INFO]: Percentiles: P50: 7,2ms P95: 9,6ms P99: 11,3ms, sample: 100"
"with-umce","2","2026-09-27T16:05:38.1899260+00:00","646522184381b84f3179ea440c481a63331a8f518bdbf22902283a96953672c7","True","10","0","0","0","0","0","False","15","7,4","7,2","9,6","11,3","100","0","42,85605021212563","1496686592","[18:05:38] [Server thread/INFO]: The game is running normally [18:05:38] [Server thread/INFO]: Target tick rate: 20,0 per second. Average time per tick: 7,4ms (Target: 50,0ms) [18:05:38] [Server thread/INFO]: Percentiles: P50: 7,2ms P95: 9,6ms P99: 11,3ms, sample: 100"
"with-umce","2","2026-09-27T16:05:38.3145313+00:00","646522184381b84f3179ea440c481a63331a8f518bdbf22902283a96953672c7","True","10","0","0","0","0","0","False","15","7,4","7,2","9,6","11,3","100","50,431654618208164","42,85605021212563","1496686592","[18:05:38] [Server thread/INFO]: The game is running normally [18:05:38] [Server thread/INFO]: Target tick rate: 20,0 per second. Average time per tick: 7,4ms (Target: 50,0ms) [18:05:38] [Server thread/INFO]: Percentiles: P50: 7,2ms P95: 9,6ms P99: 11,3ms, sample: 100"
"with-umce","2","2026-09-27T16:05:38.4384544+00:00","646522184381b84f3179ea440c481a63331a8f518bdbf22902283a96953672c7","True","10","0","0","0","0","0","False","15","7,4","7,2","9,6","11,3","100","12,511129901160073","42,85605021212563","1496686592","[18:05:38] [Server thread/INFO]: The game is running normally [18:05:38] [Server thread/INFO]: Target tick rate: 20,0 per second. Average time per tick: 7,4ms (Target: 50,0ms) [18:05:38] [Server thread/INFO]: Percentiles: P50: 7,2ms P95: 9,6ms P99: 11,3ms, sample: 100"
"with-umce","2","2026-09-27T16:05:38.5633480+00:00","646522184381b84f3179ea440c481a63331a8f518bdbf22902283a96953672c7","True","10","0","0","0","0","0","False","15","7,3","7,1","9,3","11,3","100","37,69492801173428","42,85605021212563","1496686592","[18:05:38] [Server thread/INFO]: The game is running normally [18:05:38] [Server thread/INFO]: Target tick rate: 20,0 per second. Average time per tick: 7,3ms (Target: 50,0ms) [18:05:38] [Server thread/INFO]: Percentiles: P50: 7,1ms P95: 9,3ms P99: 11,3ms, sample: 100"
"with-umce","2","2026-09-27T16:05:38.6876729+00:00","646522184381b84f3179ea440c481a63331a8f518bdbf22902283a96953672c7","True","10","0","0","0","0","0","False","15","7,3","7,1","8,9","11,3","100","0","42,85605021212563","1496686592","[18:05:38] [Server thread/INFO]: The game is running normally [18:05:38] [Server thread/INFO]: Target tick rate: 20,0 per second. Average time per tick: 7,3ms (Target: 50,0ms) [18:05:38] [Server thread/INFO]: Percentiles: P50: 7,1ms P95: 8,9ms P99: 11,3ms, sample: 100"
"with-umce","2","2026-09-27T16:05:38.8113663+00:00","646522184381b84f3179ea440c481a63331a8f518bdbf22902283a96953672c7","True","10","0","0","0","0","0","False","15","7,3","7,1","8,8","11,3","100","50,35502305454376","42,85605021212563","1496686592","[18:05:38] [Server thread/INFO]: The game is running normally [18:05:38] [Server thread/INFO]: Target tick rate: 20,0 per second. Average time per tick: 7,3ms (Target: 50,0ms) [18:05:38] [Server thread/INFO]: Percentiles: P50: 7,1ms P95: 8,8ms P99: 11,3ms, sample: 100"
"with-umce","2","2026-09-27T16:05:38.9354648+00:00","646522184381b84f3179ea440c481a63331a8f518bdbf22902283a96953672c7","True","10","0","0","0","0","0","False","15","7,3","7,1","8,8","11,3","100","0","42,85605021212563","1496686592","[18:05:38] [Server thread/INFO]: The game is running normally [18:05:38] [Server thread/INFO]: Target tick rate: 20,0 per second. Average time per tick: 7,3ms (Target: 50,0ms) [18:05:38] [Server thread/INFO]: Percentiles: P50: 7,1ms P95: 8,8ms P99: 11,3ms, sample: 100"
"without-umce","2","2026-09-27T16:06:24.6631331+00:00",,"False","10","0","0","0","0","0","False","15","6,1","5,9","8,9","10,6","100","50,35352200730892","45,08269097754213","1473232896","[18:06:24] [Server thread/INFO]: The game is running normally [18:06:24] [Server thread/INFO]: Target tick rate: 20,0 per second. Average time per tick: 6,1ms (Target: 50,0ms) [18:06:24] [Server thread/INFO]: Percentiles: P50: 5,9ms P95: 8,9ms P99: 10,6ms, sample: 100"
"without-umce","2","2026-09-27T16:06:24.8029504+00:00",,"False","10","0","0","0","0","0","False","15","6,1","5,9","8,9","10,6","100","91,03927523349753","45,08269097754213","1473232896","[18:06:24] [Server thread/INFO]: The game is running normally [18:06:24] [Server thread/INFO]: Target tick rate: 20,0 per second. Average time per tick: 6,1ms (Target: 50,0ms) [18:06:24] [Server thread/INFO]: Percentiles: P50: 5,9ms P95: 8,9ms P99: 10,6ms, sample: 100"
"without-umce","2","2026-09-27T16:06:24.9418119+00:00",,"False","10","0","0","0","0","0","False","15","6,1","5,9","8,9","10,6","100","278,9700789880954","45,08269097754213","1473232896","[18:06:24] [Server thread/INFO]: The game is running normally [18:06:24] [Server thread/INFO]: Target tick rate: 20,0 per second. Average time per tick: 6,1ms (Target: 50,0ms) [18:06:24] [Server thread/INFO]: Percentiles: P50: 5,9ms P95: 8,9ms P99: 10,6ms, sample: 100"
"without-umce","2","2026-09-27T16:06:25.0650211+00:00",,"False","10","0","0","0","0","0","False","15","6,1","5,9","9,1","10,6","100","100,43960405904564","45,08269097754213","1473232896","[18:06:25] [Server thread/INFO]: The game is running normally [18:06:25] [Server thread/INFO]: Target tick rate: 20,0 per second. Average time per tick: 6,1ms (Target: 50,0ms) [18:06:25] [Server thread/INFO]: Percentiles: P50: 5,9ms P95: 9,1ms P99: 10,6ms, sample: 100"
"without-umce","2","2026-09-27T16:06:25.1894875+00:00",,"False","10","0","0","0","0","0","False","15","6,3","5,9","9,3","13","100","62,67875982301524","45,08269097754213","1473232896","[18:06:25] [Server thread/INFO]: The game is running normally [18:06:25] [Server thread/INFO]: Target tick rate: 20,0 per second. Average time per tick: 6,3ms (Target: 50,0ms) [18:06:25] [Server thread/INFO]: Percentiles: P50: 5,9ms P95: 9,3ms P99: 13,0ms, sample: 100"
"without-umce","2","2026-09-27T16:06:25.3141319+00:00",,"False","10","0","0","0","0","0","False","15","6,2","5,9","9,3","13","100","37,60716537846246","45,08269097754213","1473232896","[18:06:25] [Server thread/INFO]: The game is running normally [18:06:25] [Server thread/INFO]: Target tick rate: 20,0 per second. Average time per tick: 6,2ms (Target: 50,0ms) [18:06:25] [Server thread/INFO]: Percentiles: P50: 5,9ms P95: 9,3ms P99: 13,0ms, sample: 100"
"without-umce","2","2026-09-27T16:06:25.4387913+00:00",,"False","10","0","0","0","0","0","False","15","6,3","5,9","9,4","13","100","63,13080298341023","45,08269097754213","1473232896","[18:06:25] [Server thread/INFO]: The game is running normally [18:06:25] [Server thread/INFO]: Target tick rate: 20,0 per second. Average time per tick: 6,3ms (Target: 50,0ms) [18:06:25] [Server thread/INFO]: Percentiles: P50: 5,9ms P95: 9,4ms P99: 13,0ms, sample: 100"
"without-umce","2","2026-09-27T16:06:25.5625060+00:00",,"False","10","0","0","0","0","0","False","15","6,3","5,9","9,7","13","100","74,28343229867407","45,08269097754213","1473232896","[18:06:25] [Server thread/INFO]: The game is running normally [18:06:25] [Server thread/INFO]: Target tick rate: 20,0 per second. Average time per tick: 6,3ms (Target: 50,0ms) [18:06:25] [Server thread/INFO]: Percentiles: P50: 5,9ms P95: 9,7ms P99: 13,0ms, sample: 100"
"without-umce","2","2026-09-27T16:06:25.6887958+00:00",,"False","10","0","0","0","0","0","False","15","6,3","6","9,7","13","100","50,383316270183556","45,08269097754213","1473232896","[18:06:25] [Server thread/INFO]: The game is running normally [18:06:25] [Server thread/INFO]: Target tick rate: 20,0 per second. Average time per tick: 6,3ms (Target: 50,0ms) [18:06:25] [Server thread/INFO]: Percentiles: P50: 6,0ms P95: 9,7ms P99: 13,0ms, sample: 100"
"without-umce","2","2026-09-27T16:06:25.8127750+00:00",,"False","10","0","0","0","0","0","False","15","6,4","6","10,6","13","100","50,37555987397244","45,08269097754213","1473232896","[18:06:25] [Server thread/INFO]: The game is running normally [18:06:25] [Server thread/INFO]: Target tick rate: 20,0 per second. Average time per tick: 6,4ms (Target: 50,0ms) [18:06:25] [Server thread/INFO]: Percentiles: P50: 6,0ms P95: 10,6ms P99: 13,0ms, sample: 100"
"without-umce","2","2026-09-27T16:06:25.9368252+00:00",,"False","10","0","0","0","0","0","False","15","6,4","6","10,6","13","100","25,067763177421202","45,08269097754213","1473232896","[18:06:25] [Server thread/INFO]: The game is running normally [18:06:25] [Server thread/INFO]: Target tick rate: 20,0 per second. Average time per tick: 6,4ms (Target: 50,0ms) [18:06:25] [Server thread/INFO]: Percentiles: P50: 6,0ms P95: 10,6ms P99: 13,0ms, sample: 100"
"without-umce","2","2026-09-27T16:06:26.0615206+00:00",,"False","10","0","0","0","0","0","False","15","6,4","6","10,6","13","100","0","45,08269097754213","1473232896","[18:06:26] [Server thread/INFO]: The game is running normally [18:06:26] [Server thread/INFO]: Target tick rate: 20,0 per second. Average time per tick: 6,4ms (Target: 50,0ms) [18:06:26] [Server thread/INFO]: Percentiles: P50: 6,0ms P95: 10,6ms P99: 13,0ms, sample: 100"
"without-umce","2","2026-09-27T16:06:26.1850662+00:00",,"False","10","0","0","0","0","0","False","15","6,4","6","9,7","13","100","50,89327883002459","45,08269097754213","1473232896","[18:06:26] [Server thread/INFO]: The game is running normally [18:06:26] [Server thread/INFO]: Target tick rate: 20,0 per second. Average time per tick: 6,4ms (Target: 50,0ms) [18:06:26] [Server thread/INFO]: Percentiles: P50: 6,0ms P95: 9,7ms P99: 13,0ms, sample: 100"
"without-umce","2","2026-09-27T16:06:26.3078117+00:00",,"False","10","0","0","0","0","0","False","15","6,5","6,1","9,7","13","100","50,18516317806178","45,08269097754213","1473232896","[18:06:26] [Server thread/INFO]: The game is running normally [18:06:26] [Server thread/INFO]: Target tick rate: 20,0 per second. Average time per tick: 6,5ms (Target: 50,0ms) [18:06:26] [Server thread/INFO]: Percentiles: P50: 6,1ms P95: 9,7ms P99: 13,0ms, sample: 100"
"without-umce","2","2026-09-27T16:06:26.4323880+00:00",,"False","10","0","0","0","0","0","False","15","6,5","6,1","9,7","13","100","37,363667450207686","45,08269097754213","1473232896","[18:06:26] [Server thread/INFO]: The game is running normally [18:06:26] [Server thread/INFO]: Target tick rate: 20,0 per second. Average time per tick: 6,5ms (Target: 50,0ms) [18:06:26] [Server thread/INFO]: Percentiles: P50: 6,1ms P95: 9,7ms P99: 13,0ms, sample: 100"
"without-umce","2","2026-09-27T16:06:26.5578063+00:00",,"False","10","0","0","0","0","0","False","15","6,5","6,1","9,7","13","100","37,35646153220864","45,08269097754213","1473232896","[18:06:26] [Server thread/INFO]: The game is running normally [18:06:26] [Server thread/INFO]: Target tick rate: 20,0 per second. Average time per tick: 6,5ms (Target: 50,0ms) [18:06:26] [Server thread/INFO]: Percentiles: P50: 6,1ms P95: 9,7ms P99: 13,0ms, sample: 100"
"without-umce","2","2026-09-27T16:06:26.6832857+00:00",,"False","10","0","0","0","0","0","False","15","6,6","6,1","9,7","13","100","62,735584667543556","45,08269097754213","1473232896","[18:06:26] [Server thread/INFO]: The game is running normally [18:06:26] [Server thread/INFO]: Target tick rate: 20,0 per second. Average time per tick: 6,6ms (Target: 50,0ms) [18:06:26] [Server thread/INFO]: Percentiles: P50: 6,1ms P95: 9,7ms P99: 13,0ms, sample: 100"
"without-umce","2","2026-09-27T16:06:26.8078410+00:00",,"False","10","0","0","0","0","0","False","15","6,6","6,2","10,7","13","100","12,597159370795069","45,08269097754213","1473232896","[18:06:26] [Server thread/INFO]: The game is running normally [18:06:26] [Server thread/INFO]: Target tick rate: 20,0 per second. Average time per tick: 6,6ms (Target: 50,0ms) [18:06:26] [Server thread/INFO]: Percentiles: P50: 6,2ms P95: 10,7ms P99: 13,0ms, sample: 100"
"without-umce","2","2026-09-27T16:06:26.9318758+00:00",,"False","10","0","0","0","0","0","False","15","6,7","6,3","10,7","13","100","62,14749938349681","45,08269097754213","1473232896","[18:06:26] [Server thread/INFO]: The game is running normally [18:06:26] [Server thread/INFO]: Target tick rate: 20,0 per second. Average time per tick: 6,7ms (Target: 50,0ms) [18:06:26] [Server thread/INFO]: Percentiles: P50: 6,3ms P95: 10,7ms P99: 13,0ms, sample: 100"
"without-umce","2","2026-09-27T16:06:27.0575789+00:00",,"False","10","0","0","0","0","0","False","15","6,8","6,4","10,7","14,4","100","24,99142294364574","45,08269097754213","1473232896","[18:06:27] [Server thread/INFO]: The game is running normally [18:06:27] [Server thread/INFO]: Target tick rate: 20,0 per second. Average time per tick: 6,8ms (Target: 50,0ms) [18:06:27] [Server thread/INFO]: Percentiles: P50: 6,4ms P95: 10,7ms P99: 14,4ms, sample: 100"
"without-umce","2","2026-09-27T16:06:27.1826146+00:00",,"False","10","0","0","0","0","0","False","15","6,9","6,5","11,1","14,4","100","62,72238850066797","45,08269097754213","1473232896","[18:06:27] [Server thread/INFO]: The game is running normally [18:06:27] [Server thread/INFO]: Target tick rate: 20,0 per second. Average time per tick: 6,9ms (Target: 50,0ms) [18:06:27] [Server thread/INFO]: Percentiles: P50: 6,5ms P95: 11,1ms P99: 14,4ms, sample: 100"
"without-umce","2","2026-09-27T16:06:27.3071916+00:00",,"False","10","0","0","0","0","0","False","15","7","6,6","11,1","14,4","100","12,6079238279674","45,08269097754213","1473232896","[18:06:27] [Server thread/INFO]: The game is running normally [18:06:27] [Server thread/INFO]: Target tick rate: 20,0 per second. Average time per tick: 7,0ms (Target: 50,0ms) [18:06:27] [Server thread/INFO]: Percentiles: P50: 6,6ms P95: 11,1ms P99: 14,4ms, sample: 100"
"without-umce","2","2026-09-27T16:06:27.4310972+00:00",,"False","10","0","0","0","0","0","False","15","7","6,7","11,1","14,4","100","37,10032561224442","45,08269097754213","1473232896","[18:06:27] [Server thread/INFO]: The game is running normally [18:06:27] [Server thread/INFO]: Target tick rate: 20,0 per second. Average time per tick: 7,0ms (Target: 50,0ms) [18:06:27] [Server thread/INFO]: Percentiles: P50: 6,7ms P95: 11,1ms P99: 14,4ms, sample: 100"
"without-umce","2","2026-09-27T16:06:27.5574595+00:00",,"False","10","0","0","0","0","0","False","15","7","6,7","11,1","14,4","100","12,701682393720452","45,08269097754213","1473232896","[18:06:27] [Server thread/INFO]: The game is running normally [18:06:27] [Server thread/INFO]: Target tick rate: 20,0 per second. Average time per tick: 7,0ms (Target: 50,0ms) [18:06:27] [Server thread/INFO]: Percentiles: P50: 6,7ms P95: 11,1ms P99: 14,4ms, sample: 100"
"without-umce","2","2026-09-27T16:06:27.6804988+00:00",,"False","10","0","0","0","0","0","False","15","7,1","6,8","11,1","14,4","100","75,082410453714","45,08269097754213","1473232896","[18:06:27] [Server thread/INFO]: The game is running normally [18:06:27] [Server thread/INFO]: Target tick rate: 20,0 per second. Average time per tick: 7,1ms (Target: 50,0ms) [18:06:27] [Server thread/INFO]: Percentiles: P50: 6,8ms P95: 11,1ms P99: 14,4ms, sample: 100"
"without-umce","2","2026-09-27T16:06:27.8053208+00:00",,"False","10","0","0","0","0","0","False","15","7,1","6,8","11,1","14,4","100","174,4113268894826","45,08269097754213","1473232896","[18:06:27] [Server thread/INFO]: The game is running normally [18:06:27] [Server thread/INFO]: Target tick rate: 20,0 per second. Average time per tick: 7,1ms (Target: 50,0ms) [18:06:27] [Server thread/INFO]: Percentiles: P50: 6,8ms P95: 11,1ms P99: 14,4ms, sample: 100"
"without-umce","2","2026-09-27T16:06:27.9307609+00:00",,"False","10","0","0","0","0","0","False","15","7,3","6,9","12","14,4","100","62,49055142862399","45,08269097754213","1473232896","[18:06:27] [Server thread/INFO]: The game is running normally [18:06:27] [Server thread/INFO]: Target tick rate: 20,0 per second. Average time per tick: 7,3ms (Target: 50,0ms) [18:06:27] [Server thread/INFO]: Percentiles: P50: 6,9ms P95: 12,0ms P99: 14,4ms, sample: 100"
"without-umce","2","2026-09-27T16:06:28.0557822+00:00",,"False","10","0","0","0","0","0","False","15","7,3","7","12","14,4","100","12,605564035458544","45,08269097754213","1473232896","[18:06:28] [Server thread/INFO]: The game is running normally [18:06:28] [Server thread/INFO]: Target tick rate: 20,0 per second. Average time per tick: 7,3ms (Target: 50,0ms) [18:06:28] [Server thread/INFO]: Percentiles: P50: 7,0ms P95: 12,0ms P99: 14,4ms, sample: 100"
"without-umce","2","2026-09-27T16:06:28.1797337+00:00",,"False","10","0","0","0","0","0","False","15","7,4","7","12","14,4","100","37,693412437901365","45,08269097754213","1473232896","[18:06:28] [Server thread/INFO]: The game is running normally [18:06:28] [Server thread/INFO]: Target tick rate: 20,0 per second. Average time per tick: 7,4ms (Target: 50,0ms) [18:06:28] [Server thread/INFO]: Percentiles: P50: 7,0ms P95: 12,0ms P99: 14,4ms, sample: 100"
"without-umce","2","2026-09-27T16:06:28.3040874+00:00",,"False","10","0","0","0","0","0","False","15","7,5","7","12,5","14,4","100","33,74353473874405","45,08269097754213","1473232896","[18:06:28] [Server thread/INFO]: The game is running normally [18:06:28] [Server thread/INFO]: Target tick rate: 20,0 per second. Average time per tick: 7,5ms (Target: 50,0ms) [18:06:28] [Server thread/INFO]: Percentiles: P50: 7,0ms P95: 12,5ms P99: 14,4ms, sample: 100"
"without-umce","2","2026-09-27T16:06:28.4430091+00:00",,"False","10","0","0","0","0","0","False","15","7,5","7,1","12,5","14,4","100","75,45642079812369","45,08269097754213","1473232896","[18:06:28] [Server thread/INFO]: The game is running normally [18:06:28] [Server thread/INFO]: Target tick rate: 20,0 per second. Average time per tick: 7,5ms (Target: 50,0ms) [18:06:28] [Server thread/INFO]: Percentiles: P50: 7,1ms P95: 12,5ms P99: 14,4ms, sample: 100"
"without-umce","2","2026-09-27T16:06:28.5672476+00:00",,"False","10","0","0","0","0","0","False","15","7,6","7,1","12,5","14,4","100","0","45,08269097754213","1473232896","[18:06:28] [Server thread/INFO]: The game is running normally [18:06:28] [Server thread/INFO]: Target tick rate: 20,0 per second. Average time per tick: 7,6ms (Target: 50,0ms) [18:06:28] [Server thread/INFO]: Percentiles: P50: 7,1ms P95: 12,5ms P99: 14,4ms, sample: 100"
"without-umce","2","2026-09-27T16:06:28.6922115+00:00",,"False","10","0","0","0","0","0","False","15","7,6","7,2","12,5","14,4","100","73,36501658636294","45,08269097754213","1473232896","[18:06:28] [Server thread/INFO]: The game is running normally [18:06:28] [Server thread/INFO]: Target tick rate: 20,0 per second. Average time per tick: 7,6ms (Target: 50,0ms) [18:06:28] [Server thread/INFO]: Percentiles: P50: 7,2ms P95: 12,5ms P99: 14,4ms, sample: 100"
"without-umce","2","2026-09-27T16:06:28.8200241+00:00",,"False","10","0","0","0","0","0","False","15","7,6","7,2","12,5","14,4","100","45,13547865272402","45,08269097754213","1473232896","[18:06:28] [Server thread/INFO]: The game is running normally [18:06:28] [Server thread/INFO]: Target tick rate: 20,0 per second. Average time per tick: 7,6ms (Target: 50,0ms) [18:06:28] [Server thread/INFO]: Percentiles: P50: 7,2ms P95: 12,5ms P99: 14,4ms, sample: 100"
"without-umce","2","2026-09-27T16:06:28.9584613+00:00",,"False","10","0","0","0","0","0","False","15","7,8","7,5","12,5","14,4","100","138,70742035268606","45,08269097754213","1473232896","[18:06:28] [Server thread/INFO]: The game is running normally [18:06:28] [Server thread/INFO]: Target tick rate: 20,0 per second. Average time per tick: 7,8ms (Target: 50,0ms) [18:06:28] [Server thread/INFO]: Percentiles: P50: 7,5ms P95: 12,5ms P99: 14,4ms, sample: 100"
"without-umce","2","2026-09-27T16:06:29.0823832+00:00",,"False","10","0","0","0","0","0","False","15","7,9","7,6","12,5","14,4","100","0","45,08269097754213","1473232896","[18:06:29] [Server thread/INFO]: The game is running normally [18:06:29] [Server thread/INFO]: Target tick rate: 20,0 per second. Average time per tick: 7,9ms (Target: 50,0ms) [18:06:29] [Server thread/INFO]: Percentiles: P50: 7,6ms P95: 12,5ms P99: 14,4ms, sample: 100"
"without-umce","2","2026-09-27T16:06:29.2040164+00:00",,"False","10","0","0","0","0","0","False","15","7,9","7,6","12,5","14,4","100","37,689836166804966","45,08269097754213","1473232896","[18:06:29] [Server thread/INFO]: The game is running normally [18:06:29] [Server thread/INFO]: Target tick rate: 20,0 per second. Average time per tick: 7,9ms (Target: 50,0ms) [18:06:29] [Server thread/INFO]: Percentiles: P50: 7,6ms P95: 12,5ms P99: 14,4ms, sample: 100"
"without-umce","2","2026-09-27T16:06:29.3284551+00:00",,"False","10","0","0","0","0","0","False","15","8","7,6","12,5","14,4","100","100,8613559800698","45,08269097754213","1473232896","[18:06:29] [Server thread/INFO]: The game is running normally [18:06:29] [Server thread/INFO]: Target tick rate: 20,0 per second. Average time per tick: 8,0ms (Target: 50,0ms) [18:06:29] [Server thread/INFO]: Percentiles: P50: 7,6ms P95: 12,5ms P99: 14,4ms, sample: 100"
"without-umce","2","2026-09-27T16:06:29.4523000+00:00",,"False","10","0","0","0","0","0","False","15","8","7,6","12,5","14,4","100","50,12647913214623","45,08269097754213","1473232896","[18:06:29] [Server thread/INFO]: The game is running normally [18:06:29] [Server thread/INFO]: Target tick rate: 20,0 per second. Average time per tick: 8,0ms (Target: 50,0ms) [18:06:29] [Server thread/INFO]: Percentiles: P50: 7,6ms P95: 12,5ms P99: 14,4ms, sample: 100"
"without-umce","2","2026-09-27T16:06:29.5769957+00:00",,"False","10","0","0","0","0","0","False","15","8","7,7","12,5","14,4","100","0","45,08269097754213","1473232896","[18:06:29] [Server thread/INFO]: The game is running normally [18:06:29] [Server thread/INFO]: Target tick rate: 20,0 per second. Average time per tick: 8,0ms (Target: 50,0ms) [18:06:29] [Server thread/INFO]: Percentiles: P50: 7,7ms P95: 12,5ms P99: 14,4ms, sample: 100"
"without-umce","2","2026-09-27T16:06:29.7020153+00:00",,"False","10","0","0","0","0","0","False","15","8","7,7","12,5","14,4","100","62,95412588246576","45,08269097754213","1473232896","[18:06:29] [Server thread/INFO]: The game is running normally [18:06:29] [Server thread/INFO]: Target tick rate: 20,0 per second. Average time per tick: 8,0ms (Target: 50,0ms) [18:06:29] [Server thread/INFO]: Percentiles: P50: 7,7ms P95: 12,5ms P99: 14,4ms, sample: 100"
"without-umce","2","2026-09-27T16:06:29.8260798+00:00",,"False","10","0","0","0","0","0","False","15","8,1","7,7","12,5","14,4","100","25,33854320809471","45,08269097754213","1473232896","[18:06:29] [Server thread/INFO]: The game is running normally [18:06:29] [Server thread/INFO]: Target tick rate: 20,0 per second. Average time per tick: 8,1ms (Target: 50,0ms) [18:06:29] [Server thread/INFO]: Percentiles: P50: 7,7ms P95: 12,5ms P99: 14,4ms, sample: 100"
"without-umce","2","2026-09-27T16:06:29.9494354+00:00",,"False","10","0","0","0","0","0","False","15","8,1","7,7","12,5","14,4","100","62,793622981059436","45,08269097754213","1473232896","[18:06:29] [Server thread/INFO]: The game is running normally [18:06:29] [Server thread/INFO]: Target tick rate: 20,0 per second. Average time per tick: 8,1ms (Target: 50,0ms) [18:06:29] [Server thread/INFO]: Percentiles: P50: 7,7ms P95: 12,5ms P99: 14,4ms, sample: 100"
"without-umce","2","2026-09-27T16:06:30.0738698+00:00",,"False","10","0","0","0","0","0","False","15","8,2","7,7","12,5","14,4","100","12,580707756398851","45,08269097754213","1473232896","[18:06:30] [Server thread/INFO]: The game is running normally [18:06:30] [Server thread/INFO]: Target tick rate: 20,0 per second. Average time per tick: 8,2ms (Target: 50,0ms) [18:06:30] [Server thread/INFO]: Percentiles: P50: 7,7ms P95: 12,5ms P99: 14,4ms, sample: 100"
"without-umce","2","2026-09-27T16:06:30.1980210+00:00",,"False","10","0","0","0","0","0","False","15","8,1","7,7","12","14,4","100","74,94154559443635","45,08269097754213","1473232896","[18:06:30] [Server thread/INFO]: The game is running normally [18:06:30] [Server thread/INFO]: Target tick rate: 20,0 per second. Average time per tick: 8,1ms (Target: 50,0ms) [18:06:30] [Server thread/INFO]: Percentiles: P50: 7,7ms P95: 12,0ms P99: 14,4ms, sample: 100"
"without-umce","2","2026-09-27T16:06:30.3231956+00:00",,"False","10","0","0","0","0","0","False","15","8,2","7,7","12","14,4","100","0","45,08269097754213","1473232896","[18:06:30] [Server thread/INFO]: The game is running normally [18:06:30] [Server thread/INFO]: Target tick rate: 20,0 per second. Average time per tick: 8,2ms (Target: 50,0ms) [18:06:30] [Server thread/INFO]: Percentiles: P50: 7,7ms P95: 12,0ms P99: 14,4ms, sample: 100"
"without-umce","2","2026-09-27T16:06:30.4479921+00:00",,"False","10","0","0","0","0","0","False","15","8,2","7,7","12","14,4","100","63,14371226026605","45,08269097754213","1473232896","[18:06:30] [Server thread/INFO]: The game is running normally [18:06:30] [Server thread/INFO]: Target tick rate: 20,0 per second. Average time per tick: 8,2ms (Target: 50,0ms) [18:06:30] [Server thread/INFO]: Percentiles: P50: 7,7ms P95: 12,0ms P99: 14,4ms, sample: 100"
"without-umce","2","2026-09-27T16:06:30.5717459+00:00",,"False","10","0","0","0","0","0","False","15","8,2","7,7","12","14,4","100","0","45,08269097754213","1473232896","[18:06:30] [Server thread/INFO]: The game is running normally [18:06:30] [Server thread/INFO]: Target tick rate: 20,0 per second. Average time per tick: 8,2ms (Target: 50,0ms) [18:06:30] [Server thread/INFO]: Percentiles: P50: 7,7ms P95: 12,0ms P99: 14,4ms, sample: 100"
"without-umce","2","2026-09-27T16:06:30.6948541+00:00",,"False","10","0","0","0","0","0","False","15","8,2","7,7","12","14,4","100","90,92416778927705","45,08269097754213","1473232896","[18:06:30] [Server thread/INFO]: The game is running normally [18:06:30] [Server thread/INFO]: Target tick rate: 20,0 per second. Average time per tick: 8,2ms (Target: 50,0ms) [18:06:30] [Server thread/INFO]: Percentiles: P50: 7,7ms P95: 12,0ms P99: 14,4ms, sample: 100"
"without-umce","2","2026-09-27T16:06:30.8323343+00:00",,"False","10","0","0","0","0","0","False","15","8,2","7,7","11,6","14,4","100","12,31502827530492","45,08269097754213","1473232896","[18:06:30] [Server thread/INFO]: The game is running normally [18:06:30] [Server thread/INFO]: Target tick rate: 20,0 per second. Average time per tick: 8,2ms (Target: 50,0ms) [18:06:30] [Server thread/INFO]: Percentiles: P50: 7,7ms P95: 11,6ms P99: 14,4ms, sample: 100"
"without-umce","2","2026-09-27T16:06:30.9591996+00:00",,"False","10","0","0","0","0","0","False","15","8,2","7,7","11,6","14,4","100","49,58794402036835","45,08269097754213","1473232896","[18:06:30] [Server thread/INFO]: The game is running normally [18:06:30] [Server thread/INFO]: Target tick rate: 20,0 per second. Average time per tick: 8,2ms (Target: 50,0ms) [18:06:30] [Server thread/INFO]: Percentiles: P50: 7,7ms P95: 11,6ms P99: 14,4ms, sample: 100"
"without-umce","2","2026-09-27T16:06:31.0852527+00:00",,"False","10","0","0","0","0","0","False","15","8,2","7,9","11,9","14,4","100","0","45,08269097754213","1473232896","[18:06:31] [Server thread/INFO]: The game is running normally [18:06:31] [Server thread/INFO]: Target tick rate: 20,0 per second. Average time per tick: 8,2ms (Target: 50,0ms) [18:06:31] [Server thread/INFO]: Percentiles: P50: 7,9ms P95: 11,9ms P99: 14,4ms, sample: 100"
"without-umce","2","2026-09-27T16:06:31.2106626+00:00",,"False","10","0","0","0","0","0","False","15","8,2","7,8","11,9","14,4","100","100,92821662263505","45,08269097754213","1473232896","[18:06:31] [Server thread/INFO]: The game is running normally [18:06:31] [Server thread/INFO]: Target tick rate: 20,0 per second. Average time per tick: 8,2ms (Target: 50,0ms) [18:06:31] [Server thread/INFO]: Percentiles: P50: 7,8ms P95: 11,9ms P99: 14,4ms, sample: 100"
"without-umce","2","2026-09-27T16:06:31.3345884+00:00",,"False","10","0","0","0","0","0","False","15","8,3","7,8","11,9","14,4","100","62,739816675259505","45,08269097754213","1473232896","[18:06:31] [Server thread/INFO]: The game is running normally [18:06:31] [Server thread/INFO]: Target tick rate: 20,0 per second. Average time per tick: 8,3ms (Target: 50,0ms) [18:06:31] [Server thread/INFO]: Percentiles: P50: 7,8ms P95: 11,9ms P99: 14,4ms, sample: 100"
"without-umce","2","2026-09-27T16:06:31.4590241+00:00",,"False","10","0","0","0","0","0","False","15","8,3","7,8","11,9","14,4","100","124,51171485900892","45,08269097754213","1473232896","[18:06:31] [Server thread/INFO]: The game is running normally [18:06:31] [Server thread/INFO]: Target tick rate: 20,0 per second. Average time per tick: 8,3ms (Target: 50,0ms) [18:06:31] [Server thread/INFO]: Percentiles: P50: 7,8ms P95: 11,9ms P99: 14,4ms, sample: 100"
"without-umce","2","2026-09-27T16:06:31.5845472+00:00",,"False","10","0","0","0","0","0","False","15","8,3","7,8","11,9","14,4","100","0","45,08269097754213","1473232896","[18:06:31] [Server thread/INFO]: The game is running normally [18:06:31] [Server thread/INFO]: Target tick rate: 20,0 per second. Average time per tick: 8,3ms (Target: 50,0ms) [18:06:31] [Server thread/INFO]: Percentiles: P50: 7,8ms P95: 11,9ms P99: 14,4ms, sample: 100"
"without-umce","2","2026-09-27T16:06:31.7237607+00:00",,"False","10","0","0","0","0","0","False","15","8,2","7,8","11,9","14,4","100","33,305552062173206","45,08269097754213","1473232896","[18:06:31] [Server thread/INFO]: The game is running normally [18:06:31] [Server thread/INFO]: Target tick rate: 20,0 per second. Average time per tick: 8,2ms (Target: 50,0ms) [18:06:31] [Server thread/INFO]: Percentiles: P50: 7,8ms P95: 11,9ms P99: 14,4ms, sample: 100"
"without-umce","2","2026-09-27T16:06:31.8645078+00:00",,"False","10","0","0","0","0","0","False","15","8,3","7,8","11,9","14,4","100","33,36486535541856","45,08269097754213","1473232896","[18:06:31] [Server thread/INFO]: The game is running normally [18:06:31] [Server thread/INFO]: Target tick rate: 20,0 per second. Average time per tick: 8,3ms (Target: 50,0ms) [18:06:31] [Server thread/INFO]: Percentiles: P50: 7,8ms P95: 11,9ms P99: 14,4ms, sample: 100"
"without-umce","2","2026-09-27T16:06:32.0049761+00:00",,"False","10","0","0","0","0","0","False","15","8,2","7,8","11,6","13","100","37,68953312417485","45,08269097754213","1473232896","[18:06:32] [Server thread/INFO]: The game is running normally [18:06:32] [Server thread/INFO]: Target tick rate: 20,0 per second. Average time per tick: 8,2ms (Target: 50,0ms) [18:06:32] [Server thread/INFO]: Percentiles: P50: 7,8ms P95: 11,6ms P99: 13,0ms, sample: 100"
"without-umce","2","2026-09-27T16:06:32.1293887+00:00",,"False","10","0","0","0","0","0","False","15","8,2","7,8","11,6","13","100","25,26028194516296","45,08269097754213","1473232896","[18:06:32] [Server thread/INFO]: The game is running normally [18:06:32] [Server thread/INFO]: Target tick rate: 20,0 per second. Average time per tick: 8,2ms (Target: 50,0ms) [18:06:32] [Server thread/INFO]: Percentiles: P50: 7,8ms P95: 11,6ms P99: 13,0ms, sample: 100"
"without-umce","2","2026-09-27T16:06:32.2530994+00:00",,"False","10","0","0","0","0","0","False","15","8,1","7,8","11,6","13","100","12,554466296581088","45,08269097754213","1473232896","[18:06:32] [Server thread/INFO]: The game is running normally [18:06:32] [Server thread/INFO]: Target tick rate: 20,0 per second. Average time per tick: 8,1ms (Target: 50,0ms) [18:06:32] [Server thread/INFO]: Percentiles: P50: 7,8ms P95: 11,6ms P99: 13,0ms, sample: 100"
"without-umce","2","2026-09-27T16:06:32.3775611+00:00",,"False","10","0","0","0","0","0","False","15","8,1","7,8","11,6","13","100","0","45,08269097754213","1473232896","[18:06:32] [Server thread/INFO]: The game is running normally [18:06:32] [Server thread/INFO]: Target tick rate: 20,0 per second. Average time per tick: 8,1ms (Target: 50,0ms) [18:06:32] [Server thread/INFO]: Percentiles: P50: 7,8ms P95: 11,6ms P99: 13,0ms, sample: 100"
"without-umce","2","2026-09-27T16:06:32.5035763+00:00",,"False","10","0","0","0","0","0","False","15","8,1","7,7","11,6","13","100","49,61612992598861","45,08269097754213","1473232896","[18:06:32] [Server thread/INFO]: The game is running normally [18:06:32] [Server thread/INFO]: Target tick rate: 20,0 per second. Average time per tick: 8,1ms (Target: 50,0ms) [18:06:32] [Server thread/INFO]: Percentiles: P50: 7,7ms P95: 11,6ms P99: 13,0ms, sample: 100"
"without-umce","2","2026-09-27T16:06:32.6295634+00:00",,"False","10","0","0","0","0","0","False","15","8,1","7,7","11,6","13","100","24,969078293441406","45,08269097754213","1473232896","[18:06:32] [Server thread/INFO]: The game is running normally [18:06:32] [Server thread/INFO]: Target tick rate: 20,0 per second. Average time per tick: 8,1ms (Target: 50,0ms) [18:06:32] [Server thread/INFO]: Percentiles: P50: 7,7ms P95: 11,6ms P99: 13,0ms, sample: 100"
"without-umce","2","2026-09-27T16:06:32.7547124+00:00",,"False","10","0","0","0","0","0","False","15","8","7,6","11,6","13","100","25,2562805297919","45,08269097754213","1473232896","[18:06:32] [Server thread/INFO]: The game is running normally [18:06:32] [Server thread/INFO]: Target tick rate: 20,0 per second. Average time per tick: 8,0ms (Target: 50,0ms) [18:06:32] [Server thread/INFO]: Percentiles: P50: 7,6ms P95: 11,6ms P99: 13,0ms, sample: 100"
"without-umce","2","2026-09-27T16:06:32.8784328+00:00",,"False","10","0","0","0","0","0","False","15","8","7,6","11,6","13","100","0","45,08269097754213","1473232896","[18:06:32] [Server thread/INFO]: The game is running normally [18:06:32] [Server thread/INFO]: Target tick rate: 20,0 per second. Average time per tick: 8,0ms (Target: 50,0ms) [18:06:32] [Server thread/INFO]: Percentiles: P50: 7,6ms P95: 11,6ms P99: 13,0ms, sample: 100"
"without-umce","2","2026-09-27T16:06:33.0033327+00:00",,"False","10","0","0","0","0","0","False","15","7,9","7,5","11,5","12,5","100","74,8874890364716","45,08269097754213","1473232896","[18:06:33] [Server thread/INFO]: The game is running normally [18:06:33] [Server thread/INFO]: Target tick rate: 20,0 per second. Average time per tick: 7,9ms (Target: 50,0ms) [18:06:33] [Server thread/INFO]: Percentiles: P50: 7,5ms P95: 11,5ms P99: 12,5ms, sample: 100"
"without-umce","2","2026-09-27T16:06:33.1285639+00:00",,"False","10","0","0","0","0","0","False","15","7,9","7,5","11,5","12,5","100","462,92144368232834","45,08269097754213","1473232896","[18:06:33] [Server thread/INFO]: The game is running normally [18:06:33] [Server thread/INFO]: Target tick rate: 20,0 per second. Average time per tick: 7,9ms (Target: 50,0ms) [18:06:33] [Server thread/INFO]: Percentiles: P50: 7,5ms P95: 11,5ms P99: 12,5ms, sample: 100"
"without-umce","2","2026-09-27T16:06:33.2534368+00:00",,"False","10","0","0","0","0","0","False","15","7,9","7,5","11,5","11,9","100","101,88304315684202","45,08269097754213","1473232896","[18:06:33] [Server thread/INFO]: The game is running normally [18:06:33] [Server thread/INFO]: Target tick rate: 20,0 per second. Average time per tick: 7,9ms (Target: 50,0ms) [18:06:33] [Server thread/INFO]: Percentiles: P50: 7,5ms P95: 11,5ms P99: 11,9ms, sample: 100"
"without-umce","2","2026-09-27T16:06:33.3760914+00:00",,"False","10","0","0","0","0","0","False","15","8","7,6","11,6","13,6","100","50,37389519973048","45,08269097754213","1473232896","[18:06:33] [Server thread/INFO]: The game is running normally [18:06:33] [Server thread/INFO]: Target tick rate: 20,0 per second. Average time per tick: 8,0ms (Target: 50,0ms) [18:06:33] [Server thread/INFO]: Percentiles: P50: 7,6ms P95: 11,6ms P99: 13,6ms, sample: 100"
"without-umce","2","2026-09-27T16:06:33.5002047+00:00",,"False","10","0","0","0","0","0","False","15","7,9","7,6","11,6","13,6","100","49,73366627038882","45,08269097754213","1473232896","[18:06:33] [Server thread/INFO]: The game is running normally [18:06:33] [Server thread/INFO]: Target tick rate: 20,0 per second. Average time per tick: 7,9ms (Target: 50,0ms) [18:06:33] [Server thread/INFO]: Percentiles: P50: 7,6ms P95: 11,6ms P99: 13,6ms, sample: 100"
"without-umce","2","2026-09-27T16:06:33.6258790+00:00",,"False","10","0","0","0","0","0","False","15","7,9","7,5","11,6","13,6","100","25,019254818508323","45,08269097754213","1473232896","[18:06:33] [Server thread/INFO]: The game is running normally [18:06:33] [Server thread/INFO]: Target tick rate: 20,0 per second. Average time per tick: 7,9ms (Target: 50,0ms) [18:06:33] [Server thread/INFO]: Percentiles: P50: 7,5ms P95: 11,6ms P99: 13,6ms, sample: 100"
"without-umce","2","2026-09-27T16:06:33.7507792+00:00",,"False","10","0","0","0","0","0","False","15","7,9","7,6","11,6","13,6","100","25,056748524057287","45,08269097754213","1473232896","[18:06:33] [Server thread/INFO]: The game is running normally [18:06:33] [Server thread/INFO]: Target tick rate: 20,0 per second. Average time per tick: 7,9ms (Target: 50,0ms) [18:06:33] [Server thread/INFO]: Percentiles: P50: 7,6ms P95: 11,6ms P99: 13,6ms, sample: 100"
"without-umce","2","2026-09-27T16:06:33.8754921+00:00",,"False","10","0","0","0","0","0","False","15","7,9","7,5","11,5","13,6","100","12,669415423036847","45,08269097754213","1473232896","[18:06:33] [Server thread/INFO]: The game is running normally [18:06:33] [Server thread/INFO]: Target tick rate: 20,0 per second. Average time per tick: 7,9ms (Target: 50,0ms) [18:06:33] [Server thread/INFO]: Percentiles: P50: 7,5ms P95: 11,5ms P99: 13,6ms, sample: 100"
"without-umce","2","2026-09-27T16:06:33.9988182+00:00",,"False","10","0","0","0","0","0","False","15","7,9","7,5","11,5","13,6","100","25,44873240881821","45,08269097754213","1473232896","[18:06:34] [Server thread/INFO]: The game is running normally [18:06:34] [Server thread/INFO]: Target tick rate: 20,0 per second. Average time per tick: 7,9ms (Target: 50,0ms) [18:06:34] [Server thread/INFO]: Percentiles: P50: 7,5ms P95: 11,5ms P99: 13,6ms, sample: 100"
"without-umce","2","2026-09-27T16:06:34.1215799+00:00",,"False","10","0","0","0","0","0","False","15","7,8","7,5","11,5","13,6","100","24,792693414743283","45,08269097754213","1473232896","[18:06:34] [Server thread/INFO]: The game is running normally [18:06:34] [Server thread/INFO]: Target tick rate: 20,0 per second. Average time per tick: 7,8ms (Target: 50,0ms) [18:06:34] [Server thread/INFO]: Percentiles: P50: 7,5ms P95: 11,5ms P99: 13,6ms, sample: 100"
"without-umce","2","2026-09-27T16:06:34.2476594+00:00",,"False","10","0","0","0","0","0","False","15","7,8","7,5","11,5","13,6","100","25,425273291177554","45,08269097754213","1473232896","[18:06:34] [Server thread/INFO]: The game is running normally [18:06:34] [Server thread/INFO]: Target tick rate: 20,0 per second. Average time per tick: 7,8ms (Target: 50,0ms) [18:06:34] [Server thread/INFO]: Percentiles: P50: 7,5ms P95: 11,5ms P99: 13,6ms, sample: 100"
"without-umce","2","2026-09-27T16:06:34.3705591+00:00",,"False","10","0","0","0","0","0","False","15","7,8","7,5","11,5","13,6","100","12,747921578865782","45,08269097754213","1473232896","[18:06:34] [Server thread/INFO]: The game is running normally [18:06:34] [Server thread/INFO]: Target tick rate: 20,0 per second. Average time per tick: 7,8ms (Target: 50,0ms) [18:06:34] [Server thread/INFO]: Percentiles: P50: 7,5ms P95: 11,5ms P99: 13,6ms, sample: 100"
"without-umce","2","2026-09-27T16:06:34.4931067+00:00",,"False","10","0","0","0","0","0","False","15","7,8","7,4","11,5","13,6","100","49,660244471424306","45,08269097754213","1473232896","[18:06:34] [Server thread/INFO]: The game is running normally [18:06:34] [Server thread/INFO]: Target tick rate: 20,0 per second. Average time per tick: 7,8ms (Target: 50,0ms) [18:06:34] [Server thread/INFO]: Percentiles: P50: 7,4ms P95: 11,5ms P99: 13,6ms, sample: 100"
"without-umce","2","2026-09-27T16:06:34.6190155+00:00",,"False","10","0","0","0","0","0","False","15","7,9","7,5","11,6","13,6","100","12,6216933182977","45,08269097754213","1473232896","[18:06:34] [Server thread/INFO]: The game is running normally [18:06:34] [Server thread/INFO]: Target tick rate: 20,0 per second. Average time per tick: 7,9ms (Target: 50,0ms) [18:06:34] [Server thread/INFO]: Percentiles: P50: 7,5ms P95: 11,6ms P99: 13,6ms, sample: 100"
"without-umce","2","2026-09-27T16:06:34.7428308+00:00",,"False","10","0","0","0","0","0","False","15","7,9","7,5","11,6","13,6","100","12,701486216143934","45,08269097754213","1473232896","[18:06:34] [Server thread/INFO]: The game is running normally [18:06:34] [Server thread/INFO]: Target tick rate: 20,0 per second. Average time per tick: 7,9ms (Target: 50,0ms) [18:06:34] [Server thread/INFO]: Percentiles: P50: 7,5ms P95: 11,6ms P99: 13,6ms, sample: 100"
"without-umce","2","2026-09-27T16:06:34.8657887+00:00",,"False","10","0","0","0","0","0","False","15","7,9","7,5","11,6","13,6","100","0","45,08269097754213","1473232896","[18:06:34] [Server thread/INFO]: The game is running normally [18:06:34] [Server thread/INFO]: Target tick rate: 20,0 per second. Average time per tick: 7,9ms (Target: 50,0ms) [18:06:34] [Server thread/INFO]: Percentiles: P50: 7,5ms P95: 11,6ms P99: 13,6ms, sample: 100"
"without-umce","2","2026-09-27T16:06:35.0032984+00:00",,"False","10","0","0","0","0","0","False","15","7,8","7,5","11,6","13,6","100","24,87720611063789","45,08269097754213","1473232896","[18:06:35] [Server thread/INFO]: The game is running normally [18:06:35] [Server thread/INFO]: Target tick rate: 20,0 per second. Average time per tick: 7,8ms (Target: 50,0ms) [18:06:35] [Server thread/INFO]: Percentiles: P50: 7,5ms P95: 11,6ms P99: 13,6ms, sample: 100"
"without-umce","2","2026-09-27T16:06:35.1289484+00:00",,"False","10","0","0","0","0","0","False","15","7,8","7,4","11,6","13,6","100","325,06865449983036","45,08269097754213","1473232896","[18:06:35] [Server thread/INFO]: The game is running normally [18:06:35] [Server thread/INFO]: Target tick rate: 20,0 per second. Average time per tick: 7,8ms (Target: 50,0ms) [18:06:35] [Server thread/INFO]: Percentiles: P50: 7,4ms P95: 11,6ms P99: 13,6ms, sample: 100"
"without-umce","2","2026-09-27T16:06:35.2538936+00:00",,"False","10","0","0","0","0","0","False","15","7,9","7,4","11,9","21,1","100","100,1873904951822","45,08269097754213","1473232896","[18:06:35] [Server thread/INFO]: The game is running normally [18:06:35] [Server thread/INFO]: Target tick rate: 20,0 per second. Average time per tick: 7,9ms (Target: 50,0ms) [18:06:35] [Server thread/INFO]: Percentiles: P50: 7,4ms P95: 11,9ms P99: 21,1ms, sample: 100"
"without-umce","2","2026-09-27T16:06:35.3786884+00:00",,"False","10","0","0","0","0","0","False","15","7,9","7,4","11,9","21,1","100","61,49729884184351","45,08269097754213","1473232896","[18:06:35] [Server thread/INFO]: The game is running normally [18:06:35] [Server thread/INFO]: Target tick rate: 20,0 per second. Average time per tick: 7,9ms (Target: 50,0ms) [18:06:35] [Server thread/INFO]: Percentiles: P50: 7,4ms P95: 11,9ms P99: 21,1ms, sample: 100"
"without-umce","2","2026-09-27T16:06:35.5056937+00:00",,"False","10","0","0","0","0","0","False","15","8","7,4","13,5","21,1","100","135,8505658266634","45,08269097754213","1473232896","[18:06:35] [Server thread/INFO]: The game is running normally [18:06:35] [Server thread/INFO]: Target tick rate: 20,0 per second. Average time per tick: 8,0ms (Target: 50,0ms) [18:06:35] [Server thread/INFO]: Percentiles: P50: 7,4ms P95: 13,5ms P99: 21,1ms, sample: 100"
"without-umce","2","2026-09-27T16:06:35.6437262+00:00",,"False","10","0","0","0","0","0","False","15","8","7,4","13,5","21,1","100","100,2757181145277","45,08269097754213","1473232896","[18:06:35] [Server thread/INFO]: The game is running normally [18:06:35] [Server thread/INFO]: Target tick rate: 20,0 per second. Average time per tick: 8,0ms (Target: 50,0ms) [18:06:35] [Server thread/INFO]: Percentiles: P50: 7,4ms P95: 13,5ms P99: 21,1ms, sample: 100"
"without-umce","2","2026-09-27T16:06:35.7684241+00:00",,"False","10","0","0","0","0","0","False","15","8","7,4","13,5","21,1","100","49,933608274438306","45,08269097754213","1473232896","[18:06:35] [Server thread/INFO]: The game is running normally [18:06:35] [Server thread/INFO]: Target tick rate: 20,0 per second. Average time per tick: 8,0ms (Target: 50,0ms) [18:06:35] [Server thread/INFO]: Percentiles: P50: 7,4ms P95: 13,5ms P99: 21,1ms, sample: 100"
"without-umce","2","2026-09-27T16:06:35.8935397+00:00",,"False","10","0","0","0","0","0","False","15","8","7,4","13,5","21,1","100","25,51745312137652","45,08269097754213","1473232896","[18:06:35] [Server thread/INFO]: The game is running normally [18:06:35] [Server thread/INFO]: Target tick rate: 20,0 per second. Average time per tick: 8,0ms (Target: 50,0ms) [18:06:35] [Server thread/INFO]: Percentiles: P50: 7,4ms P95: 13,5ms P99: 21,1ms, sample: 100"
"without-umce","2","2026-09-27T16:06:36.0159990+00:00",,"False","10","0","0","0","0","0","False","15","8","7,4","13,5","21,1","100","25,166420505518893","45,08269097754213","1473232896","[18:06:36] [Server thread/INFO]: The game is running normally [18:06:36] [Server thread/INFO]: Target tick rate: 20,0 per second. Average time per tick: 8,0ms (Target: 50,0ms) [18:06:36] [Server thread/INFO]: Percentiles: P50: 7,4ms P95: 13,5ms P99: 21,1ms, sample: 100"
"without-umce","2","2026-09-27T16:06:36.1402112+00:00",,"False","10","0","0","0","0","0","False","15","8","7,4","13,5","21,1","100","25,213589358170935","45,08269097754213","1473232896","[18:06:36] [Server thread/INFO]: The game is running normally [18:06:36] [Server thread/INFO]: Target tick rate: 20,0 per second. Average time per tick: 8,0ms (Target: 50,0ms) [18:06:36] [Server thread/INFO]: Percentiles: P50: 7,4ms P95: 13,5ms P99: 21,1ms, sample: 100"
"without-umce","2","2026-09-27T16:06:36.2641487+00:00",,"False","10","0","0","0","0","0","False","15","8","7,5","13,5","21,1","100","25,42132283615734","45,08269097754213","1473232896","[18:06:36] [Server thread/INFO]: The game is running normally [18:06:36] [Server thread/INFO]: Target tick rate: 20,0 per second. Average time per tick: 8,0ms (Target: 50,0ms) [18:06:36] [Server thread/INFO]: Percentiles: P50: 7,5ms P95: 13,5ms P99: 21,1ms, sample: 100"
"without-umce","2","2026-09-27T16:06:36.3870566+00:00",,"False","10","0","0","0","0","0","False","15","8","7,5","13,5","21,1","100","38,293878044516475","45,08269097754213","1473232896","[18:06:36] [Server thread/INFO]: The game is running normally [18:06:36] [Server thread/INFO]: Target tick rate: 20,0 per second. Average time per tick: 8,0ms (Target: 50,0ms) [18:06:36] [Server thread/INFO]: Percentiles: P50: 7,5ms P95: 13,5ms P99: 21,1ms, sample: 100"
"without-umce","2","2026-09-27T16:06:36.5094523+00:00",,"False","10","0","0","0","0","0","False","15","8","7,5","13,5","21,1","100","25,59394328545969","45,08269097754213","1473232896","[18:06:36] [Server thread/INFO]: The game is running normally [18:06:36] [Server thread/INFO]: Target tick rate: 20,0 per second. Average time per tick: 8,0ms (Target: 50,0ms) [18:06:36] [Server thread/INFO]: Percentiles: P50: 7,5ms P95: 13,5ms P99: 21,1ms, sample: 100"
"without-umce","2","2026-09-27T16:06:36.6315435+00:00",,"False","10","0","0","0","0","0","False","15","8","7,5","13,5","21,1","100","56,12674118621577","45,08269097754213","1473232896","[18:06:36] [Server thread/INFO]: The game is running normally [18:06:36] [Server thread/INFO]: Target tick rate: 20,0 per second. Average time per tick: 8,0ms (Target: 50,0ms) [18:06:36] [Server thread/INFO]: Percentiles: P50: 7,5ms P95: 13,5ms P99: 21,1ms, sample: 100"
"without-umce","2","2026-09-27T16:06:36.7707876+00:00",,"False","10","0","0","0","0","0","False","15","8","7,5","13,5","21,1","100","50,26378434021746","45,08269097754213","1473232896","[18:06:36] [Server thread/INFO]: The game is running normally [18:06:36] [Server thread/INFO]: Target tick rate: 20,0 per second. Average time per tick: 8,0ms (Target: 50,0ms) [18:06:36] [Server thread/INFO]: Percentiles: P50: 7,5ms P95: 13,5ms P99: 21,1ms, sample: 100"
"without-umce","2","2026-09-27T16:06:36.8950887+00:00",,"False","10","0","0","0","0","0","False","15","8","7,5","13,5","21,1","100","37,9021876940592","45,08269097754213","1473232896","[18:06:36] [Server thread/INFO]: The game is running normally [18:06:36] [Server thread/INFO]: Target tick rate: 20,0 per second. Average time per tick: 8,0ms (Target: 50,0ms) [18:06:36] [Server thread/INFO]: Percentiles: P50: 7,5ms P95: 13,5ms P99: 21,1ms, sample: 100"
"without-umce","2","2026-09-27T16:06:37.0188028+00:00",,"False","10","0","0","0","0","0","False","15","8,1","7,5","13,5","21,1","100","37,84001524094907","45,08269097754213","1473232896","[18:06:37] [Server thread/INFO]: The game is running normally [18:06:37] [Server thread/INFO]: Target tick rate: 20,0 per second. Average time per tick: 8,1ms (Target: 50,0ms) [18:06:37] [Server thread/INFO]: Percentiles: P50: 7,5ms P95: 13,5ms P99: 21,1ms, sample: 100"
"without-umce","2","2026-09-27T16:06:37.1426752+00:00",,"False","10","0","0","0","0","0","False","15","8,1","7,6","13,5","21,1","100","37,8997054535958","45,08269097754213","1473232896","[18:06:37] [Server thread/INFO]: The game is running normally [18:06:37] [Server thread/INFO]: Target tick rate: 20,0 per second. Average time per tick: 8,1ms (Target: 50,0ms) [18:06:37] [Server thread/INFO]: Percentiles: P50: 7,6ms P95: 13,5ms P99: 21,1ms, sample: 100"
"without-umce","2","2026-09-27T16:06:37.2663588+00:00",,"False","10","0","0","0","0","0","False","15","8,1","7,6","13,5","21,1","100","75,32359014325543","45,08269097754213","1473232896","[18:06:37] [Server thread/INFO]: The game is running normally [18:06:37] [Server thread/INFO]: Target tick rate: 20,0 per second. Average time per tick: 8,1ms (Target: 50,0ms) [18:06:37] [Server thread/INFO]: Percentiles: P50: 7,6ms P95: 13,5ms P99: 21,1ms, sample: 100"
"without-umce","2","2026-09-27T16:06:37.3907931+00:00",,"False","10","0","0","0","0","0","False","15","8,2","7,6","13,5","21,1","100","24,987845911748526","45,08269097754213","1473232896","[18:06:37] [Server thread/INFO]: The game is running normally [18:06:37] [Server thread/INFO]: Target tick rate: 20,0 per second. Average time per tick: 8,2ms (Target: 50,0ms) [18:06:37] [Server thread/INFO]: Percentiles: P50: 7,6ms P95: 13,5ms P99: 21,1ms, sample: 100"
"without-umce","2","2026-09-27T16:06:37.5158483+00:00",,"False","10","0","0","0","0","0","False","15","8,2","7,7","13,5","21,1","100","50,10357410839688","45,08269097754213","1473232896","[18:06:37] [Server thread/INFO]: The game is running normally [18:06:37] [Server thread/INFO]: Target tick rate: 20,0 per second. Average time per tick: 8,2ms (Target: 50,0ms) [18:06:37] [Server thread/INFO]: Percentiles: P50: 7,7ms P95: 13,5ms P99: 21,1ms, sample: 100"
"without-umce","2","2026-09-27T16:06:37.6406071+00:00",,"False","10","0","0","0","0","0","False","15","8,2","7,8","13,5","21,1","100","12,715222949736418","45,08269097754213","1473232896","[18:06:37] [Server thread/INFO]: The game is running normally [18:06:37] [Server thread/INFO]: Target tick rate: 20,0 per second. Average time per tick: 8,2ms (Target: 50,0ms) [18:06:37] [Server thread/INFO]: Percentiles: P50: 7,8ms P95: 13,5ms P99: 21,1ms, sample: 100"
"without-umce","2","2026-09-27T16:06:37.7634751+00:00",,"False","10","0","0","0","0","0","False","15","8,2","7,8","13,5","21,1","100","37,55892243751998","45,08269097754213","1473232896","[18:06:37] [Server thread/INFO]: The game is running normally [18:06:37] [Server thread/INFO]: Target tick rate: 20,0 per second. Average time per tick: 8,2ms (Target: 50,0ms) [18:06:37] [Server thread/INFO]: Percentiles: P50: 7,8ms P95: 13,5ms P99: 21,1ms, sample: 100"
"without-umce","2","2026-09-27T16:06:37.8882807+00:00",,"False","10","0","0","0","0","0","False","15","8,3","7,8","13,5","21,1","100","0","45,08269097754213","1473232896","[18:06:37] [Server thread/INFO]: The game is running normally [18:06:37] [Server thread/INFO]: Target tick rate: 20,0 per second. Average time per tick: 8,3ms (Target: 50,0ms) [18:06:37] [Server thread/INFO]: Percentiles: P50: 7,8ms P95: 13,5ms P99: 21,1ms, sample: 100"
"without-umce","2","2026-09-27T16:06:38.0122945+00:00",,"False","10","0","0","0","0","0","False","15","8,3","7,8","13,5","21,1","100","37,08702852002383","45,08269097754213","1473232896","[18:06:38] [Server thread/INFO]: The game is running normally [18:06:38] [Server thread/INFO]: Target tick rate: 20,0 per second. Average time per tick: 8,3ms (Target: 50,0ms) [18:06:38] [Server thread/INFO]: Percentiles: P50: 7,8ms P95: 13,5ms P99: 21,1ms, sample: 100"
"without-umce","2","2026-09-27T16:06:38.1386895+00:00",,"False","10","0","0","0","0","0","False","15","8,3","7,8","13,5","21,1","100","25,376691610262743","45,08269097754213","1473232896","[18:06:38] [Server thread/INFO]: The game is running normally [18:06:38] [Server thread/INFO]: Target tick rate: 20,0 per second. Average time per tick: 8,3ms (Target: 50,0ms) [18:06:38] [Server thread/INFO]: Percentiles: P50: 7,8ms P95: 13,5ms P99: 21,1ms, sample: 100"
"without-umce","2","2026-09-27T16:06:38.2618274+00:00",,"False","10","0","0","0","0","0","False","15","8,3","7,8","13,5","21,1","100","24,994181354580654","45,08269097754213","1473232896","[18:06:38] [Server thread/INFO]: The game is running normally [18:06:38] [Server thread/INFO]: Target tick rate: 20,0 per second. Average time per tick: 8,3ms (Target: 50,0ms) [18:06:38] [Server thread/INFO]: Percentiles: P50: 7,8ms P95: 13,5ms P99: 21,1ms, sample: 100"
"without-umce","2","2026-09-27T16:06:38.3869074+00:00",,"False","10","0","0","0","0","0","False","15","8,2","7,8","13,1","21,1","100","25,22561792673673","45,08269097754213","1473232896","[18:06:38] [Server thread/INFO]: The game is running normally [18:06:38] [Server thread/INFO]: Target tick rate: 20,0 per second. Average time per tick: 8,2ms (Target: 50,0ms) [18:06:38] [Server thread/INFO]: Percentiles: P50: 7,8ms P95: 13,1ms P99: 21,1ms, sample: 100"
"without-umce","2","2026-09-27T16:06:38.5107461+00:00",,"False","10","0","0","0","0","0","False","15","8,2","7,8","13,1","21,1","100","12,801972937653366","45,08269097754213","1473232896","[18:06:38] [Server thread/INFO]: The game is running normally [18:06:38] [Server thread/INFO]: Target tick rate: 20,0 per second. Average time per tick: 8,2ms (Target: 50,0ms) [18:06:38] [Server thread/INFO]: Percentiles: P50: 7,8ms P95: 13,1ms P99: 21,1ms, sample: 100"
"without-umce","2","2026-09-27T16:06:38.6327999+00:00",,"False","10","0","0","0","0","0","False","15","8,1","7,8","13,1","21,1","100","0","45,08269097754213","1473232896","[18:06:38] [Server thread/INFO]: The game is running normally [18:06:38] [Server thread/INFO]: Target tick rate: 20,0 per second. Average time per tick: 8,1ms (Target: 50,0ms) [18:06:38] [Server thread/INFO]: Percentiles: P50: 7,8ms P95: 13,1ms P99: 21,1ms, sample: 100"
"without-umce","2","2026-09-27T16:06:38.7560991+00:00",,"False","10","0","0","0","0","0","False","15","8,1","7,6","13,1","21,1","100","33,45578447837168","45,08269097754213","1473232896","[18:06:38] [Server thread/INFO]: The game is running normally [18:06:38] [Server thread/INFO]: Target tick rate: 20,0 per second. Average time per tick: 8,1ms (Target: 50,0ms) [18:06:38] [Server thread/INFO]: Percentiles: P50: 7,6ms P95: 13,1ms P99: 21,1ms, sample: 100"
"without-umce","2","2026-09-27T16:06:38.8962299+00:00",,"False","10","0","0","0","0","0","False","15","8,1","7,6","13,1","21,1","100","11,360827140925153","45,08269097754213","1473232896","[18:06:38] [Server thread/INFO]: The game is running normally [18:06:38] [Server thread/INFO]: Target tick rate: 20,0 per second. Average time per tick: 8,1ms (Target: 50,0ms) [18:06:38] [Server thread/INFO]: Percentiles: P50: 7,6ms P95: 13,1ms P99: 21,1ms, sample: 100"
"without-umce","2","2026-09-27T16:06:39.0337418+00:00",,"False","10","0","0","0","0","0","False","15","8,1","7,5","13,1","21,1","100","25,126011975258315","45,08269097754213","1473232896","[18:06:39] [Server thread/INFO]: The game is running normally [18:06:39] [Server thread/INFO]: Target tick rate: 20,0 per second. Average time per tick: 8,1ms (Target: 50,0ms) [18:06:39] [Server thread/INFO]: Percentiles: P50: 7,5ms P95: 13,1ms P99: 21,1ms, sample: 100"
"without-umce","2","2026-09-27T16:06:39.1581562+00:00",,"False","10","0","0","0","0","0","False","15","8,1","7,5","13,1","21,1","100","24,940004325594348","45,08269097754213","1473232896","[18:06:39] [Server thread/INFO]: The game is running normally [18:06:39] [Server thread/INFO]: Target tick rate: 20,0 per second. Average time per tick: 8,1ms (Target: 50,0ms) [18:06:39] [Server thread/INFO]: Percentiles: P50: 7,5ms P95: 13,1ms P99: 21,1ms, sample: 100"
"without-umce","2","2026-09-27T16:06:39.2834159+00:00",,"False","10","0","0","0","0","0","False","15","8,1","7,6","13,1","21,1","100","25,54912217304073","45,08269097754213","1473232896","[18:06:39] [Server thread/INFO]: The game is running normally [18:06:39] [Server thread/INFO]: Target tick rate: 20,0 per second. Average time per tick: 8,1ms (Target: 50,0ms) [18:06:39] [Server thread/INFO]: Percentiles: P50: 7,6ms P95: 13,1ms P99: 21,1ms, sample: 100"
"without-umce","2","2026-09-27T16:06:39.4057289+00:00",,"False","10","0","0","0","0","0","False","15","8,1","7,5","13,1","21,1","100","37,81757688363804","45,08269097754213","1473232896","[18:06:39] [Server thread/INFO]: The game is running normally [18:06:39] [Server thread/INFO]: Target tick rate: 20,0 per second. Average time per tick: 8,1ms (Target: 50,0ms) [18:06:39] [Server thread/INFO]: Percentiles: P50: 7,5ms P95: 13,1ms P99: 21,1ms, sample: 100"
"without-umce","2","2026-09-27T16:06:39.5297129+00:00",,"False","10","0","0","0","0","0","False","15","8,1","7,6","13,1","21,1","100","12,347864431907356","45,08269097754213","1473232896","[18:06:39] [Server thread/INFO]: The game is running normally [18:06:39] [Server thread/INFO]: Target tick rate: 20,0 per second. Average time per tick: 8,1ms (Target: 50,0ms) [18:06:39] [Server thread/INFO]: Percentiles: P50: 7,6ms P95: 13,1ms P99: 21,1ms, sample: 100"
"without-umce","2","2026-09-27T16:06:39.6562210+00:00",,"False","10","0","0","0","0","0","False","15","8","7,5","12,5","21,1","100","37,111369736123315","45,08269097754213","1473232896","[18:06:39] [Server thread/INFO]: The game is running normally [18:06:39] [Server thread/INFO]: Target tick rate: 20,0 per second. Average time per tick: 8,0ms (Target: 50,0ms) [18:06:39] [Server thread/INFO]: Percentiles: P50: 7,5ms P95: 12,5ms P99: 21,1ms, sample: 100"
"without-umce","2","2026-09-27T16:06:39.7825806+00:00",,"False","10","0","0","0","0","0","False","15","8","7,5","12,5","21,1","100","121,65337439948539","45,08269097754213","1473232896","[18:06:39] [Server thread/INFO]: Saving the game (this may take a moment!) [18:06:40] [Server thread/INFO]: ThreadedAnvilChunkStorage (world): All chunks are saved [18:06:40] [Server thread/INFO]: ThreadedAnvilChunkStorage (DIM1): All chunks are saved [18:06:40] [Server thread/INFO]: ThreadedAnvilChunkStorage (DIM-1): All chunks are saved [18:06:40] [Server thread/INFO]: ThreadedAnvilChunkStorage: All dimensions are saved [18:06:40] [Server thread/INFO]: Saved the game [18:06:40] [Server thread/INFO]: The game is running normally [18:06:40] [Server thread/INFO]: Target tick rate: 20,0 per second. Average time per tick: 8,0ms (Target: 50,0ms) [18:06:40] [Server thread/INFO]: Percentiles: P50: 7,5ms P95: 12,5ms P99: 21,1ms, sample: 100"
"without-umce","2","2026-09-27T16:06:40.1550147+00:00",,"False","10","0","0","0","0","0","False","15","11,3","7,5","13,1","336,6","100","351,38614807693386","45,08269097754213","1473232896","[18:06:40] [Server thread/INFO]: The game is running normally [18:06:40] [Server thread/INFO]: Target tick rate: 20,0 per second. Average time per tick: 11,3ms (Target: 50,0ms) [18:06:40] [Server thread/INFO]: Percentiles: P50: 7,5ms P95: 13,1ms P99: 336,6ms, sample: 100 [18:06:40] [Server thread/INFO]: stress006 drowned"
"without-umce","2","2026-09-27T16:06:40.2795446+00:00",,"False","10","0","0","0","0","0","False","15","11,2","7,7","12,5","336,6","100","161,08094133917837","45,08269097754213","1473232896","[18:06:40] [Server thread/INFO]: The game is running normally [18:06:40] [Server thread/INFO]: Target tick rate: 20,0 per second. Average time per tick: 11,2ms (Target: 50,0ms) [18:06:40] [Server thread/INFO]: Percentiles: P50: 7,7ms P95: 12,5ms P99: 336,6ms, sample: 100"
"without-umce","2","2026-09-27T16:06:40.4056111+00:00",,"False","10","0","0","0","0","0","False","15","11,1","7,6","12,5","336,6","100","63,60359876285403","45,08269097754213","1473232896","[18:06:40] [Server thread/INFO]: The game is running normally [18:06:40] [Server thread/INFO]: Target tick rate: 20,0 per second. Average time per tick: 11,1ms (Target: 50,0ms) [18:06:40] [Server thread/INFO]: Percentiles: P50: 7,6ms P95: 12,5ms P99: 336,6ms, sample: 100"
"without-umce","2","2026-09-27T16:06:40.5284765+00:00",,"False","10","0","0","0","0","0","False","15","11,1","7,6","12,2","336,6","100","38,128851522388445","45,08269097754213","1473232896","[18:06:40] [Server thread/INFO]: The game is running normally [18:06:40] [Server thread/INFO]: Target tick rate: 20,0 per second. Average time per tick: 11,1ms (Target: 50,0ms) [18:06:40] [Server thread/INFO]: Percentiles: P50: 7,6ms P95: 12,2ms P99: 336,6ms, sample: 100"
"without-umce","2","2026-09-27T16:06:40.6514092+00:00",,"False","10","0","0","0","0","0","False","15","11,1","7,5","12,2","336,6","100","50,773421373092035","45,08269097754213","1473232896","[18:06:40] [Server thread/INFO]: The game is running normally [18:06:40] [Server thread/INFO]: Target tick rate: 20,0 per second. Average time per tick: 11,1ms (Target: 50,0ms) [18:06:40] [Server thread/INFO]: Percentiles: P50: 7,5ms P95: 12,2ms P99: 336,6ms, sample: 100"
"without-umce","2","2026-09-27T16:06:40.7744901+00:00",,"False","10","0","0","0","0","0","False","15","11","7,5","12","336,6","100","12,325442157981797","45,08269097754213","1473232896","[18:06:40] [Server thread/INFO]: The game is running normally [18:06:40] [Server thread/INFO]: Target tick rate: 20,0 per second. Average time per tick: 11,0ms (Target: 50,0ms) [18:06:40] [Server thread/INFO]: Percentiles: P50: 7,5ms P95: 12,0ms P99: 336,6ms, sample: 100"
"without-umce","2","2026-09-27T16:06:40.9012477+00:00",,"False","10","0","0","0","0","0","False","15","11","7,5","12","336,6","100","62,01592846874436","45,08269097754213","1473232896","[18:06:40] [Server thread/INFO]: The game is running normally [18:06:40] [Server thread/INFO]: Target tick rate: 20,0 per second. Average time per tick: 11,0ms (Target: 50,0ms) [18:06:40] [Server thread/INFO]: Percentiles: P50: 7,5ms P95: 12,0ms P99: 336,6ms, sample: 100"
"without-umce","2","2026-09-27T16:06:41.0272290+00:00",,"False","10","0","0","0","0","0","False","15","11","7,5","12","336,6","100","50,10923813914333","45,08269097754213","1473232896","[18:06:41] [Server thread/INFO]: The game is running normally [18:06:41] [Server thread/INFO]: Target tick rate: 20,0 per second. Average time per tick: 11,0ms (Target: 50,0ms) [18:06:41] [Server thread/INFO]: Percentiles: P50: 7,5ms P95: 12,0ms P99: 336,6ms, sample: 100"
"without-umce","2","2026-09-27T16:06:41.1519474+00:00",,"False","10","0","0","0","0","0","False","15","11","7,5","12","336,6","100","137,23902626764942","45,08269097754213","1473232896","[18:06:41] [Server thread/INFO]: The game is running normally [18:06:41] [Server thread/INFO]: Target tick rate: 20,0 per second. Average time per tick: 11,0ms (Target: 50,0ms) [18:06:41] [Server thread/INFO]: Percentiles: P50: 7,5ms P95: 12,0ms P99: 336,6ms, sample: 100"
"without-umce","2","2026-09-27T16:06:41.2772000+00:00",,"False","10","0","0","0","0","0","False","15","11","7,5","12","336,6","100","25,100341123676007","45,08269097754213","1473232896","[18:06:41] [Server thread/INFO]: The game is running normally [18:06:41] [Server thread/INFO]: Target tick rate: 20,0 per second. Average time per tick: 11,0ms (Target: 50,0ms) [18:06:41] [Server thread/INFO]: Percentiles: P50: 7,5ms P95: 12,0ms P99: 336,6ms, sample: 100"
"without-umce","2","2026-09-27T16:06:41.4016861+00:00",,"False","10","0","0","0","0","0","False","15","10,9","7,4","12","336,6","100","50,81610667317113","45,08269097754213","1473232896","[18:06:41] [Server thread/INFO]: The game is running normally [18:06:41] [Server thread/INFO]: Target tick rate: 20,0 per second. Average time per tick: 10,9ms (Target: 50,0ms) [18:06:41] [Server thread/INFO]: Percentiles: P50: 7,4ms P95: 12,0ms P99: 336,6ms, sample: 100"
"without-umce","2","2026-09-27T16:06:41.5246774+00:00",,"False","10","0","0","0","0","0","False","15","10,9","7,4","12","336,6","100","12,504571671403063","45,08269097754213","1473232896","[18:06:41] [Server thread/INFO]: The game is running normally [18:06:41] [Server thread/INFO]: Target tick rate: 20,0 per second. Average time per tick: 10,9ms (Target: 50,0ms) [18:06:41] [Server thread/INFO]: Percentiles: P50: 7,4ms P95: 12,0ms P99: 336,6ms, sample: 100"
"without-umce","2","2026-09-27T16:06:41.6496391+00:00",,"False","10","0","0","0","0","0","False","15","10,9","7,3","12","336,6","100","37,05202618264139","45,08269097754213","1473232896","[18:06:41] [Server thread/INFO]: The game is running normally [18:06:41] [Server thread/INFO]: Target tick rate: 20,0 per second. Average time per tick: 10,9ms (Target: 50,0ms) [18:06:41] [Server thread/INFO]: Percentiles: P50: 7,3ms P95: 12,0ms P99: 336,6ms, sample: 100"
"without-umce","2","2026-09-27T16:06:41.7762165+00:00",,"False","10","0","0","0","0","0","False","15","10,9","7,1","12","336,6","100","12,464073554386836","45,08269097754213","1473232896","[18:06:41] [Server thread/INFO]: The game is running normally [18:06:41] [Server thread/INFO]: Target tick rate: 20,0 per second. Average time per tick: 10,9ms (Target: 50,0ms) [18:06:41] [Server thread/INFO]: Percentiles: P50: 7,1ms P95: 12,0ms P99: 336,6ms, sample: 100"
"without-umce","2","2026-09-27T16:06:41.9015350+00:00",,"False","10","0","0","0","0","0","False","15","10,9","7,1","12","336,6","100","38,56405953056741","45,08269097754213","1473232896","[18:06:41] [Server thread/INFO]: The game is running normally [18:06:41] [Server thread/INFO]: Target tick rate: 20,0 per second. Average time per tick: 10,9ms (Target: 50,0ms) [18:06:41] [Server thread/INFO]: Percentiles: P50: 7,1ms P95: 12,0ms P99: 336,6ms, sample: 100"
"without-umce","2","2026-09-27T16:06:42.0230603+00:00",,"False","10","0","0","0","0","0","False","15","10,8","7,1","11,1","336,6","100","12,554869802986973","45,08269097754213","1473232896","[18:06:42] [Server thread/INFO]: The game is running normally [18:06:42] [Server thread/INFO]: Target tick rate: 20,0 per second. Average time per tick: 10,8ms (Target: 50,0ms) [18:06:42] [Server thread/INFO]: Percentiles: P50: 7,1ms P95: 11,1ms P99: 336,6ms, sample: 100"
"without-umce","2","2026-09-27T16:06:42.1475598+00:00",,"False","10","0","0","0","0","0","False","15","10,8","7","11,1","336,6","100","22,345194281632395","45,08269097754213","1473232896","[18:06:42] [Server thread/INFO]: The game is running normally [18:06:42] [Server thread/INFO]: Target tick rate: 20,0 per second. Average time per tick: 10,8ms (Target: 50,0ms) [18:06:42] [Server thread/INFO]: Percentiles: P50: 7,0ms P95: 11,1ms P99: 336,6ms, sample: 100"
"without-umce","2","2026-09-27T16:06:42.2874324+00:00",,"False","10","0","0","0","0","0","False","15","10,7","7","10,3","336,6","100","55,739550573341475","45,08269097754213","1473232896","[18:06:42] [Server thread/INFO]: The game is running normally [18:06:42] [Server thread/INFO]: Target tick rate: 20,0 per second. Average time per tick: 10,7ms (Target: 50,0ms) [18:06:42] [Server thread/INFO]: Percentiles: P50: 7,0ms P95: 10,3ms P99: 336,6ms, sample: 100"
"without-umce","2","2026-09-27T16:06:42.4275300+00:00",,"False","10","0","0","0","0","0","False","15","10,6","6,9","10,3","336,6","100","44,77949858425137","45,08269097754213","1473232896","[18:06:42] [Server thread/INFO]: The game is running normally [18:06:42] [Server thread/INFO]: Target tick rate: 20,0 per second. Average time per tick: 10,6ms (Target: 50,0ms) [18:06:42] [Server thread/INFO]: Percentiles: P50: 6,9ms P95: 10,3ms P99: 336,6ms, sample: 100"
"without-umce","2","2026-09-27T16:06:42.5670912+00:00",,"False","10","0","0","0","0","0","False","15","10,6","7","10,3","336,6","100","0","45,08269097754213","1473232896","[18:06:42] [Server thread/INFO]: The game is running normally [18:06:42] [Server thread/INFO]: Target tick rate: 20,0 per second. Average time per tick: 10,6ms (Target: 50,0ms) [18:06:42] [Server thread/INFO]: Percentiles: P50: 7,0ms P95: 10,3ms P99: 336,6ms, sample: 100"
"without-umce","2","2026-09-27T16:06:42.6909598+00:00",,"False","10","0","0","0","0","0","False","15","10,6","6,9","10,3","336,6","100","38,48449495617078","45,08269097754213","1473232896","[18:06:42] [Server thread/INFO]: The game is running normally [18:06:42] [Server thread/INFO]: Target tick rate: 20,0 per second. Average time per tick: 10,6ms (Target: 50,0ms) [18:06:42] [Server thread/INFO]: Percentiles: P50: 6,9ms P95: 10,3ms P99: 336,6ms, sample: 100"
"without-umce","2","2026-09-27T16:06:42.8127671+00:00",,"False","10","0","0","0","0","0","False","15","10,6","6,9","10,3","336,6","100","12,332534053579632","45,08269097754213","1473232896","[18:06:42] [Server thread/INFO]: The game is running normally [18:06:42] [Server thread/INFO]: Target tick rate: 20,0 per second. Average time per tick: 10,6ms (Target: 50,0ms) [18:06:42] [Server thread/INFO]: Percentiles: P50: 6,9ms P95: 10,3ms P99: 336,6ms, sample: 100"
"without-umce","2","2026-09-27T16:06:42.9394765+00:00",,"False","10","0","0","0","0","0","False","15","10,6","6,9","10,8","336,6","100","50,609254448755905","45,08269097754213","1473232896","[18:06:42] [Server thread/INFO]: The game is running normally [18:06:42] [Server thread/INFO]: Target tick rate: 20,0 per second. Average time per tick: 10,6ms (Target: 50,0ms) [18:06:42] [Server thread/INFO]: Percentiles: P50: 6,9ms P95: 10,8ms P99: 336,6ms, sample: 100"
"without-umce","2","2026-09-27T16:06:43.0629864+00:00",,"False","10","0","0","0","0","0","False","15","10,6","6,9","10,8","336,6","100","37,25693575115944","45,08269097754213","1473232896","[18:06:43] [Server thread/INFO]: The game is running normally [18:06:43] [Server thread/INFO]: Target tick rate: 20,0 per second. Average time per tick: 10,6ms (Target: 50,0ms) [18:06:43] [Server thread/INFO]: Percentiles: P50: 6,9ms P95: 10,8ms P99: 336,6ms, sample: 100"
"without-umce","2","2026-09-27T16:06:43.1888092+00:00",,"False","10","0","0","0","0","0","False","15","10,5","6,8","10,8","336,6","100","75,13885660700976","45,08269097754213","1473232896","[18:06:43] [Server thread/INFO]: The game is running normally [18:06:43] [Server thread/INFO]: Target tick rate: 20,0 per second. Average time per tick: 10,5ms (Target: 50,0ms) [18:06:43] [Server thread/INFO]: Percentiles: P50: 6,8ms P95: 10,8ms P99: 336,6ms, sample: 100"
"without-umce","2","2026-09-27T16:06:43.3135664+00:00",,"False","10","0","0","0","0","0","False","15","10,5","6,8","10,8","336,6","100","38,83833805883708","45,08269097754213","1473232896","[18:06:43] [Server thread/INFO]: The game is running normally [18:06:43] [Server thread/INFO]: Target tick rate: 20,0 per second. Average time per tick: 10,5ms (Target: 50,0ms) [18:06:43] [Server thread/INFO]: Percentiles: P50: 6,8ms P95: 10,8ms P99: 336,6ms, sample: 100"
"without-umce","2","2026-09-27T16:06:43.4342476+00:00",,"False","10","0","0","0","0","0","False","15","10,6","6,9","10,8","336,6","100","150,7999636471554","45,08269097754213","1473232896","[18:06:43] [Server thread/INFO]: The game is running normally [18:06:43] [Server thread/INFO]: Target tick rate: 20,0 per second. Average time per tick: 10,6ms (Target: 50,0ms) [18:06:43] [Server thread/INFO]: Percentiles: P50: 6,9ms P95: 10,8ms P99: 336,6ms, sample: 100"
"without-umce","2","2026-09-27T16:06:43.5585716+00:00",,"False","10","0","0","0","0","0","False","15","10,7","6,9","11,1","336,6","100","0","45,08269097754213","1473232896","[18:06:43] [Server thread/INFO]: The game is running normally [18:06:43] [Server thread/INFO]: Target tick rate: 20,0 per second. Average time per tick: 10,7ms (Target: 50,0ms) [18:06:43] [Server thread/INFO]: Percentiles: P50: 6,9ms P95: 11,1ms P99: 336,6ms, sample: 100"
"without-umce","2","2026-09-27T16:06:43.6834423+00:00",,"False","10","0","0","0","0","0","False","15","10,7","7","11,1","336,6","100","12,757872321663315","45,08269097754213","1473232896","[18:06:43] [Server thread/INFO]: The game is running normally [18:06:43] [Server thread/INFO]: Target tick rate: 20,0 per second. Average time per tick: 10,7ms (Target: 50,0ms) [18:06:43] [Server thread/INFO]: Percentiles: P50: 7,0ms P95: 11,1ms P99: 336,6ms, sample: 100"
"without-umce","2","2026-09-27T16:06:43.8059014+00:00",,"False","10","0","0","0","0","0","False","15","10,6","6,9","11,1","336,6","100","0","45,08269097754213","1473232896","[18:06:43] [Server thread/INFO]: The game is running normally [18:06:43] [Server thread/INFO]: Target tick rate: 20,0 per second. Average time per tick: 10,6ms (Target: 50,0ms) [18:06:43] [Server thread/INFO]: Percentiles: P50: 6,9ms P95: 11,1ms P99: 336,6ms, sample: 100"
"without-umce","2","2026-09-27T16:06:43.9313304+00:00",,"False","10","0","0","0","0","0","False","15","10,6","6,9","11,1","336,6","100","37,89088234224258","45,08269097754213","1473232896","[18:06:43] [Server thread/INFO]: The game is running normally [18:06:43] [Server thread/INFO]: Target tick rate: 20,0 per second. Average time per tick: 10,6ms (Target: 50,0ms) [18:06:43] [Server thread/INFO]: Percentiles: P50: 6,9ms P95: 11,1ms P99: 336,6ms, sample: 100"
"without-umce","2","2026-09-27T16:06:44.0550528+00:00",,"False","10","0","0","0","0","0","False","15","10,6","7","11,1","336,6","100","11,27805438584588","45,08269097754213","1473232896","[18:06:44] [Server thread/INFO]: The game is running normally [18:06:44] [Server thread/INFO]: Target tick rate: 20,0 per second. Average time per tick: 10,6ms (Target: 50,0ms) [18:06:44] [Server thread/INFO]: Percentiles: P50: 7,0ms P95: 11,1ms P99: 336,6ms, sample: 100"
"without-umce","2","2026-09-27T16:06:44.1935701+00:00",,"False","10","0","0","0","0","0","False","15","10,6","7","10,8","336,6","100","44,750834513562005","45,08269097754213","1473232896","[18:06:44] [Server thread/INFO]: The game is running normally [18:06:44] [Server thread/INFO]: Target tick rate: 20,0 per second. Average time per tick: 10,6ms (Target: 50,0ms) [18:06:44] [Server thread/INFO]: Percentiles: P50: 7,0ms P95: 10,8ms P99: 336,6ms, sample: 100"
"without-umce","2","2026-09-27T16:06:44.3332183+00:00",,"False","10","0","0","0","0","0","False","15","10,7","7,1","10,8","336,6","100","12,340637937924814","45,08269097754213","1473232896","[18:06:44] [Server thread/INFO]: The game is running normally [18:06:44] [Server thread/INFO]: Target tick rate: 20,0 per second. Average time per tick: 10,7ms (Target: 50,0ms) [18:06:44] [Server thread/INFO]: Percentiles: P50: 7,1ms P95: 10,8ms P99: 336,6ms, sample: 100"
"without-umce","2","2026-09-27T16:06:44.4598457+00:00",,"False","10","0","0","0","0","0","False","15","10,7","7,1","10,8","336,6","100","33,72775317400642","45,08269097754213","1473232896","[18:06:44] [Server thread/INFO]: The game is running normally [18:06:44] [Server thread/INFO]: Target tick rate: 20,0 per second. Average time per tick: 10,7ms (Target: 50,0ms) [18:06:44] [Server thread/INFO]: Percentiles: P50: 7,1ms P95: 10,8ms P99: 336,6ms, sample: 100"
"without-umce","2","2026-09-27T16:06:44.5988251+00:00",,"False","10","0","0","0","0","0","False","15","10,7","7,1","10,8","336,6","100","25,146736235280105","45,08269097754213","1473232896","[18:06:44] [Server thread/INFO]: The game is running normally [18:06:44] [Server thread/INFO]: Target tick rate: 20,0 per second. Average time per tick: 10,7ms (Target: 50,0ms) [18:06:44] [Server thread/INFO]: Percentiles: P50: 7,1ms P95: 10,8ms P99: 336,6ms, sample: 100"
"without-umce","2","2026-09-27T16:06:44.7230959+00:00",,"False","10","0","0","0","0","0","False","15","10,8","7,1","10,8","336,6","100","89,28265316617716","45,08269097754213","1473232896","[18:06:44] [Server thread/INFO]: The game is running normally [18:06:44] [Server thread/INFO]: Target tick rate: 20,0 per second. Average time per tick: 10,8ms (Target: 50,0ms) [18:06:44] [Server thread/INFO]: Percentiles: P50: 7,1ms P95: 10,8ms P99: 336,6ms, sample: 100"
"without-umce","2","2026-09-27T16:06:44.8455858+00:00",,"False","10","0","0","0","0","0","False","15","7,5","7,1","10,7","13,7","100","49,631062533550605","45,08269097754213","1473232896","[18:06:44] [Server thread/INFO]: The game is running normally [18:06:44] [Server thread/INFO]: Target tick rate: 20,0 per second. Average time per tick: 7,5ms (Target: 50,0ms) [18:06:44] [Server thread/INFO]: Percentiles: P50: 7,1ms P95: 10,7ms P99: 13,7ms, sample: 100"
"without-umce","2","2026-09-27T16:06:44.9715728+00:00",,"False","10","0","0","0","0","0","False","15","7,5","7,3","10,7","13,7","100","25,512078438415887","45,08269097754213","1473232896","[18:06:45] [Server thread/INFO]: The game is running normally [18:06:45] [Server thread/INFO]: Target tick rate: 20,0 per second. Average time per tick: 7,5ms (Target: 50,0ms) [18:06:45] [Server thread/INFO]: Percentiles: P50: 7,3ms P95: 10,7ms P99: 13,7ms, sample: 100"
"without-umce","2","2026-09-27T16:06:45.0940042+00:00",,"False","10","0","0","0","0","0","False","15","7,5","7,3","10,7","13,7","100","37,73349486623224","45,08269097754213","1473232896","[18:06:45] [Server thread/INFO]: The game is running normally [18:06:45] [Server thread/INFO]: Target tick rate: 20,0 per second. Average time per tick: 7,5ms (Target: 50,0ms) [18:06:45] [Server thread/INFO]: Percentiles: P50: 7,3ms P95: 10,7ms P99: 13,7ms, sample: 100"
"without-umce","2","2026-09-27T16:06:45.2182127+00:00",,"False","10","0","0","0","0","0","False","15","7,5","7,1","10,8","13,7","100","49,79845569013091","45,08269097754213","1473232896","[18:06:45] [Server thread/INFO]: The game is running normally [18:06:45] [Server thread/INFO]: Target tick rate: 20,0 per second. Average time per tick: 7,5ms (Target: 50,0ms) [18:06:45] [Server thread/INFO]: Percentiles: P50: 7,1ms P95: 10,8ms P99: 13,7ms, sample: 100"
"without-umce","2","2026-09-27T16:06:45.3437456+00:00",,"False","10","0","0","0","0","0","False","15","7,5","7,3","10,7","13,3","100","0","45,08269097754213","1473232896","[18:06:45] [Server thread/INFO]: The game is running normally [18:06:45] [Server thread/INFO]: Target tick rate: 20,0 per second. Average time per tick: 7,5ms (Target: 50,0ms) [18:06:45] [Server thread/INFO]: Percentiles: P50: 7,3ms P95: 10,7ms P99: 13,3ms, sample: 100"
"without-umce","2","2026-09-27T16:06:45.4679499+00:00",,"False","10","0","0","0","0","0","False","15","7,5","7,3","10,7","13,3","100","100,46697047878538","45,08269097754213","1473232896","[18:06:45] [Server thread/INFO]: The game is running normally [18:06:45] [Server thread/INFO]: Target tick rate: 20,0 per second. Average time per tick: 7,5ms (Target: 50,0ms) [18:06:45] [Server thread/INFO]: Percentiles: P50: 7,3ms P95: 10,7ms P99: 13,3ms, sample: 100"
"without-umce","2","2026-09-27T16:06:45.5923643+00:00",,"False","10","0","0","0","0","0","False","15","7,6","7,3","10,8","13,3","100","0","45,08269097754213","1473232896","[18:06:45] [Server thread/INFO]: The game is running normally [18:06:45] [Server thread/INFO]: Target tick rate: 20,0 per second. Average time per tick: 7,6ms (Target: 50,0ms) [18:06:45] [Server thread/INFO]: Percentiles: P50: 7,3ms P95: 10,8ms P99: 13,3ms, sample: 100"
"without-umce","2","2026-09-27T16:06:45.7165893+00:00",,"False","10","0","0","0","0","0","False","15","7,6","7,3","10,8","13,3","100","25,104918475291942","45,08269097754213","1473232896","[18:06:45] [Server thread/INFO]: The game is running normally [18:06:45] [Server thread/INFO]: Target tick rate: 20,0 per second. Average time per tick: 7,6ms (Target: 50,0ms) [18:06:45] [Server thread/INFO]: Percentiles: P50: 7,3ms P95: 10,8ms P99: 13,3ms, sample: 100"
"without-umce","2","2026-09-27T16:06:45.8410616+00:00",,"False","10","0","0","0","0","0","False","15","7,6","7,3","10,8","13,3","100","0","45,08269097754213","1473232896","[18:06:45] [Server thread/INFO]: The game is running normally [18:06:45] [Server thread/INFO]: Target tick rate: 20,0 per second. Average time per tick: 7,6ms (Target: 50,0ms) [18:06:45] [Server thread/INFO]: Percentiles: P50: 7,3ms P95: 10,8ms P99: 13,3ms, sample: 100"
"without-umce","2","2026-09-27T16:06:45.9657708+00:00",,"False","10","0","0","0","0","0","False","15","7,6","7,4","10,8","13,3","100","50,145703355670236","45,08269097754213","1473232896","[18:06:45] [Server thread/INFO]: The game is running normally [18:06:45] [Server thread/INFO]: Target tick rate: 20,0 per second. Average time per tick: 7,6ms (Target: 50,0ms) [18:06:45] [Server thread/INFO]: Percentiles: P50: 7,4ms P95: 10,8ms P99: 13,3ms, sample: 100"
"without-umce","2","2026-09-27T16:06:46.0904157+00:00",,"False","10","0","0","0","0","0","False","15","7,6","7,4","10,8","13,3","100","12,559148566086842","45,08269097754213","1473232896","[18:06:46] [Server thread/INFO]: The game is running normally [18:06:46] [Server thread/INFO]: Target tick rate: 20,0 per second. Average time per tick: 7,6ms (Target: 50,0ms) [18:06:46] [Server thread/INFO]: Percentiles: P50: 7,4ms P95: 10,8ms P99: 13,3ms, sample: 100"
"without-umce","2","2026-09-27T16:06:46.2148112+00:00",,"False","10","0","0","0","0","0","False","15","7,6","7,4","10,8","13,3","100","37,7259634305637","45,08269097754213","1473232896","[18:06:46] [Server thread/INFO]: The game is running normally [18:06:46] [Server thread/INFO]: Target tick rate: 20,0 per second. Average time per tick: 7,6ms (Target: 50,0ms) [18:06:46] [Server thread/INFO]: Percentiles: P50: 7,4ms P95: 10,8ms P99: 13,3ms, sample: 100"
"without-umce","2","2026-09-27T16:06:46.3390895+00:00",,"False","10","0","0","0","0","0","False","15","7,6","7,4","10,8","13,3","100","0","45,08269097754213","1473232896","[18:06:46] [Server thread/INFO]: The game is running normally [18:06:46] [Server thread/INFO]: Target tick rate: 20,0 per second. Average time per tick: 7,6ms (Target: 50,0ms) [18:06:46] [Server thread/INFO]: Percentiles: P50: 7,4ms P95: 10,8ms P99: 13,3ms, sample: 100"
"without-umce","2","2026-09-27T16:06:46.4640546+00:00",,"False","10","0","0","0","0","0","False","15","7,6","7,5","10,8","13,3","100","49,41789671106107","45,08269097754213","1473232896","[18:06:46] [Server thread/INFO]: The game is running normally [18:06:46] [Server thread/INFO]: Target tick rate: 20,0 per second. Average time per tick: 7,6ms (Target: 50,0ms) [18:06:46] [Server thread/INFO]: Percentiles: P50: 7,5ms P95: 10,8ms P99: 13,3ms, sample: 100"
"without-umce","2","2026-09-27T16:06:46.5905116+00:00",,"False","10","0","0","0","0","0","False","15","7,7","7,5","10,8","13,3","100","0","45,08269097754213","1473232896","[18:06:46] [Server thread/INFO]: The game is running normally [18:06:46] [Server thread/INFO]: Target tick rate: 20,0 per second. Average time per tick: 7,7ms (Target: 50,0ms) [18:06:46] [Server thread/INFO]: Percentiles: P50: 7,5ms P95: 10,8ms P99: 13,3ms, sample: 100"
"without-umce","2","2026-09-27T16:06:46.7160002+00:00",,"False","10","0","0","0","0","0","False","15","7,7","7,5","10,8","13,3","100","25,050341165606405","45,08269097754213","1473232896","[18:06:46] [Server thread/INFO]: The game is running normally [18:06:46] [Server thread/INFO]: Target tick rate: 20,0 per second. Average time per tick: 7,7ms (Target: 50,0ms) [18:06:46] [Server thread/INFO]: Percentiles: P50: 7,5ms P95: 10,8ms P99: 13,3ms, sample: 100"
"without-umce","2","2026-09-27T16:06:46.8407501+00:00",,"False","10","0","0","0","0","0","False","15","7,7","7,6","10,8","13,3","100","0","45,08269097754213","1473232896","[18:06:46] [Server thread/INFO]: The game is running normally [18:06:46] [Server thread/INFO]: Target tick rate: 20,0 per second. Average time per tick: 7,7ms (Target: 50,0ms) [18:06:46] [Server thread/INFO]: Percentiles: P50: 7,6ms P95: 10,8ms P99: 13,3ms, sample: 100"
"without-umce","2","2026-09-27T16:06:46.9654749+00:00",,"False","10","0","0","0","0","0","False","15","7,8","7,6","10,8","13,3","100","24,856033851929624","45,08269097754213","1473232896","[18:06:46] [Server thread/INFO]: The game is running normally [18:06:46] [Server thread/INFO]: Target tick rate: 20,0 per second. Average time per tick: 7,8ms (Target: 50,0ms) [18:06:46] [Server thread/INFO]: Percentiles: P50: 7,6ms P95: 10,8ms P99: 13,3ms, sample: 100"
"without-umce","2","2026-09-27T16:06:47.0912331+00:00",,"False","10","0","0","0","0","0","False","15","7,9","7,7","10,8","13,3","100","25,258546481787576","45,08269097754213","1473232896","[18:06:47] [Server thread/INFO]: The game is running normally [18:06:47] [Server thread/INFO]: Target tick rate: 20,0 per second. Average time per tick: 7,9ms (Target: 50,0ms) [18:06:47] [Server thread/INFO]: Percentiles: P50: 7,7ms P95: 10,8ms P99: 13,3ms, sample: 100"
"without-umce","2","2026-09-27T16:06:47.2149204+00:00",,"False","10","0","0","0","0","0","False","15","7,9","7,7","10,8","13,3","100","50,44862957306737","45,08269097754213","1473232896","[18:06:47] [Server thread/INFO]: The game is running normally [18:06:47] [Server thread/INFO]: Target tick rate: 20,0 per second. Average time per tick: 7,9ms (Target: 50,0ms) [18:06:47] [Server thread/INFO]: Percentiles: P50: 7,7ms P95: 10,8ms P99: 13,3ms, sample: 100"
"without-umce","2","2026-09-27T16:06:47.3389248+00:00",,"False","10","0","0","0","0","0","False","15","8","7,8","10,8","13,3","100","0","45,08269097754213","1473232896","[18:06:47] [Server thread/INFO]: The game is running normally [18:06:47] [Server thread/INFO]: Target tick rate: 20,0 per second. Average time per tick: 8,0ms (Target: 50,0ms) [18:06:47] [Server thread/INFO]: Percentiles: P50: 7,8ms P95: 10,8ms P99: 13,3ms, sample: 100"
"without-umce","2","2026-09-27T16:06:47.4622473+00:00",,"False","10","0","0","0","0","0","False","15","8","7,8","10,8","13,3","100","49,71447979961485","45,08269097754213","1473232896","[18:06:47] [Server thread/INFO]: The game is running normally [18:06:47] [Server thread/INFO]: Target tick rate: 20,0 per second. Average time per tick: 8,0ms (Target: 50,0ms) [18:06:47] [Server thread/INFO]: Percentiles: P50: 7,8ms P95: 10,8ms P99: 13,3ms, sample: 100"
"without-umce","2","2026-09-27T16:06:47.5879369+00:00",,"False","10","0","0","0","0","0","False","15","8,1","7,8","10,8","13,3","100","12,494292607137059","45,08269097754213","1473232896","[18:06:47] [Server thread/INFO]: The game is running normally [18:06:47] [Server thread/INFO]: Target tick rate: 20,0 per second. Average time per tick: 8,1ms (Target: 50,0ms) [18:06:47] [Server thread/INFO]: Percentiles: P50: 7,8ms P95: 10,8ms P99: 13,3ms, sample: 100"
"without-umce","2","2026-09-27T16:06:47.7130244+00:00",,"False","10","0","0","0","0","0","False","15","8,1","7,8","10,8","13,3","100","24,831463888297346","45,08269097754213","1473232896","[18:06:47] [Server thread/INFO]: The game is running normally [18:06:47] [Server thread/INFO]: Target tick rate: 20,0 per second. Average time per tick: 8,1ms (Target: 50,0ms) [18:06:47] [Server thread/INFO]: Percentiles: P50: 7,8ms P95: 10,8ms P99: 13,3ms, sample: 100"
"without-umce","2","2026-09-27T16:06:47.8389354+00:00",,"False","10","0","0","0","0","0","False","15","8,1","7,9","10,8","13,3","100","0","45,08269097754213","1473232896","[18:06:47] [Server thread/INFO]: The game is running normally [18:06:47] [Server thread/INFO]: Target tick rate: 20,0 per second. Average time per tick: 8,1ms (Target: 50,0ms) [18:06:47] [Server thread/INFO]: Percentiles: P50: 7,9ms P95: 10,8ms P99: 13,3ms, sample: 100"
"without-umce","2","2026-09-27T16:06:47.9625617+00:00",,"False","10","0","0","0","0","0","False","15","8,1","7,9","10,7","13,3","100","49,72266685335871","45,08269097754213","1473232896","[18:06:47] [Server thread/INFO]: The game is running normally [18:06:47] [Server thread/INFO]: Target tick rate: 20,0 per second. Average time per tick: 8,1ms (Target: 50,0ms) [18:06:47] [Server thread/INFO]: Percentiles: P50: 7,9ms P95: 10,7ms P99: 13,3ms, sample: 100"
"without-umce","2","2026-09-27T16:06:48.0882670+00:00",,"False","10","0","0","0","0","0","False","15","8,2","8","10,7","13,3","100","0","45,08269097754213","1473232896","[18:06:48] [Server thread/INFO]: The game is running normally [18:06:48] [Server thread/INFO]: Target tick rate: 20,0 per second. Average time per tick: 8,2ms (Target: 50,0ms) [18:06:48] [Server thread/INFO]: Percentiles: P50: 8,0ms P95: 10,7ms P99: 13,3ms, sample: 100"
"without-umce","2","2026-09-27T16:06:48.2132391+00:00",,"False","10","0","0","0","0","0","False","15","8,2","8","10,9","13,3","100","74,95107194023741","45,08269097754213","1473232896","[18:06:48] [Server thread/INFO]: The game is running normally [18:06:48] [Server thread/INFO]: Target tick rate: 20,0 per second. Average time per tick: 8,2ms (Target: 50,0ms) [18:06:48] [Server thread/INFO]: Percentiles: P50: 8,0ms P95: 10,9ms P99: 13,3ms, sample: 100"
"without-umce","2","2026-09-27T16:06:48.3383417+00:00",,"False","10","0","0","0","0","0","False","15","8,2","8","10,9","13,3","100","75,63472662584408","45,08269097754213","1473232896","[18:06:48] [Server thread/INFO]: The game is running normally [18:06:48] [Server thread/INFO]: Target tick rate: 20,0 per second. Average time per tick: 8,2ms (Target: 50,0ms) [18:06:48] [Server thread/INFO]: Percentiles: P50: 8,0ms P95: 10,9ms P99: 13,3ms, sample: 100"
"without-umce","2","2026-09-27T16:06:48.4623154+00:00",,"False","10","0","0","0","0","0","False","15","8,2","8","10,9","13,3","100","75,54629033466804","45,08269097754213","1473232896","[18:06:48] [Server thread/INFO]: The game is running normally [18:06:48] [Server thread/INFO]: Target tick rate: 20,0 per second. Average time per tick: 8,2ms (Target: 50,0ms) [18:06:48] [Server thread/INFO]: Percentiles: P50: 8,0ms P95: 10,9ms P99: 13,3ms, sample: 100"
"without-umce","2","2026-09-27T16:06:48.5863829+00:00",,"False","10","0","0","0","0","0","False","15","8,2","8","10,7","11,8","100","0","45,08269097754213","1473232896","[18:06:48] [Server thread/INFO]: The game is running normally [18:06:48] [Server thread/INFO]: Target tick rate: 20,0 per second. Average time per tick: 8,2ms (Target: 50,0ms) [18:06:48] [Server thread/INFO]: Percentiles: P50: 8,0ms P95: 10,7ms P99: 11,8ms, sample: 100"
"without-umce","2","2026-09-27T16:06:48.7121642+00:00",,"False","10","0","0","0","0","0","False","15","8,2","8,1","10,7","11,8","100","50,50627489959353","45,08269097754213","1473232896","[18:06:48] [Server thread/INFO]: The game is running normally [18:06:48] [Server thread/INFO]: Target tick rate: 20,0 per second. Average time per tick: 8,2ms (Target: 50,0ms) [18:06:48] [Server thread/INFO]: Percentiles: P50: 8,1ms P95: 10,7ms P99: 11,8ms, sample: 100"
"without-umce","2","2026-09-27T16:06:48.8359023+00:00",,"False","10","0","0","0","0","0","False","15","8,3","8,1","10,7","11,8","100","37,717433460412586","45,08269097754213","1473232896","[18:06:48] [Server thread/INFO]: The game is running normally [18:06:48] [Server thread/INFO]: Target tick rate: 20,0 per second. Average time per tick: 8,3ms (Target: 50,0ms) [18:06:48] [Server thread/INFO]: Percentiles: P50: 8,1ms P95: 10,7ms P99: 11,8ms, sample: 100"
"without-umce","2","2026-09-27T16:06:48.9601524+00:00",,"False","10","0","0","0","0","0","False","15","8,3","8,1","10,7","11,8","100","49,67946807199946","45,08269097754213","1473232896","[18:06:48] [Server thread/INFO]: The game is running normally [18:06:48] [Server thread/INFO]: Target tick rate: 20,0 per second. Average time per tick: 8,3ms (Target: 50,0ms) [18:06:48] [Server thread/INFO]: Percentiles: P50: 8,1ms P95: 10,7ms P99: 11,8ms, sample: 100"
"without-umce","2","2026-09-27T16:06:49.0859511+00:00",,"False","10","0","0","0","0","0","False","15","8,3","8,2","10,7","11,8","100","12,548920712505632","45,08269097754213","1473232896","[18:06:49] [Server thread/INFO]: The game is running normally [18:06:49] [Server thread/INFO]: Target tick rate: 20,0 per second. Average time per tick: 8,3ms (Target: 50,0ms) [18:06:49] [Server thread/INFO]: Percentiles: P50: 8,2ms P95: 10,7ms P99: 11,8ms, sample: 100"
"without-umce","2","2026-09-27T16:06:49.2105229+00:00",,"False","10","0","0","0","0","0","False","15","8,4","8,1","10,9","11,8","100","45,27453390772833","45,08269097754213","1473232896","[18:06:49] [Server thread/INFO]: The game is running normally [18:06:49] [Server thread/INFO]: Target tick rate: 20,0 per second. Average time per tick: 8,4ms (Target: 50,0ms) [18:06:49] [Server thread/INFO]: Percentiles: P50: 8,1ms P95: 10,9ms P99: 11,8ms, sample: 100"
"without-umce","2","2026-09-27T16:06:49.3485526+00:00",,"False","10","0","0","0","0","0","False","15","8,4","8,2","10,9","11,8","100","0","45,08269097754213","1473232896","[18:06:49] [Server thread/INFO]: The game is running normally [18:06:49] [Server thread/INFO]: Target tick rate: 20,0 per second. Average time per tick: 8,4ms (Target: 50,0ms) [18:06:49] [Server thread/INFO]: Percentiles: P50: 8,2ms P95: 10,9ms P99: 11,8ms, sample: 100"
"without-umce","2","2026-09-27T16:06:49.4723683+00:00",,"False","10","0","0","0","0","0","False","15","8,3","8,1","10,9","11,8","100","25,504749188336863","45,08269097754213","1473232896","[18:06:49] [Server thread/INFO]: The game is running normally [18:06:49] [Server thread/INFO]: Target tick rate: 20,0 per second. Average time per tick: 8,3ms (Target: 50,0ms) [18:06:49] [Server thread/INFO]: Percentiles: P50: 8,1ms P95: 10,9ms P99: 11,8ms, sample: 100"
"without-umce","2","2026-09-27T16:06:49.5949240+00:00",,"False","10","0","0","0","0","0","False","15","8,3","8,1","10,9","11,8","100","37,33881579995476","45,08269097754213","1473232896","[18:06:49] [Server thread/INFO]: The game is running normally [18:06:49] [Server thread/INFO]: Target tick rate: 20,0 per second. Average time per tick: 8,3ms (Target: 50,0ms) [18:06:49] [Server thread/INFO]: Percentiles: P50: 8,1ms P95: 10,9ms P99: 11,8ms, sample: 100"
"without-umce","2","2026-09-27T16:06:49.7204200+00:00",,"False","10","0","0","0","0","0","False","15","8,3","8,2","10,9","11,8","100","24,96070187097434","45,08269097754213","1473232896","[18:06:49] [Server thread/INFO]: The game is running normally [18:06:49] [Server thread/INFO]: Target tick rate: 20,0 per second. Average time per tick: 8,3ms (Target: 50,0ms) [18:06:49] [Server thread/INFO]: Percentiles: P50: 8,2ms P95: 10,9ms P99: 11,8ms, sample: 100"
"without-umce","2","2026-09-27T16:06:49.8456163+00:00",,"False","10","0","0","0","0","0","False","15","8,3","8,1","10,9","11,8","100","0","45,08269097754213","1473232896","[18:06:49] [Server thread/INFO]: The game is running normally [18:06:49] [Server thread/INFO]: Target tick rate: 20,0 per second. Average time per tick: 8,3ms (Target: 50,0ms) [18:06:49] [Server thread/INFO]: Percentiles: P50: 8,1ms P95: 10,9ms P99: 11,8ms, sample: 100"
"without-umce","2","2026-09-27T16:06:49.9690767+00:00",,"False","10","0","0","0","0","0","False","15","8,3","8","10,9","11,8","100","50,16969397289392","45,08269097754213","1473232896","[18:06:49] [Server thread/INFO]: The game is running normally [18:06:49] [Server thread/INFO]: Target tick rate: 20,0 per second. Average time per tick: 8,3ms (Target: 50,0ms) [18:06:49] [Server thread/INFO]: Percentiles: P50: 8,0ms P95: 10,9ms P99: 11,8ms, sample: 100"
"without-umce","2","2026-09-27T16:06:50.0936436+00:00",,"False","10","0","0","0","0","0","False","15","8,3","8","10,9","11,8","100","0","45,08269097754213","1473232896","[18:06:50] [Server thread/INFO]: The game is running normally [18:06:50] [Server thread/INFO]: Target tick rate: 20,0 per second. Average time per tick: 8,3ms (Target: 50,0ms) [18:06:50] [Server thread/INFO]: Percentiles: P50: 8,0ms P95: 10,9ms P99: 11,8ms, sample: 100"
"without-umce","2","2026-09-27T16:06:50.2187334+00:00",,"False","10","0","0","0","0","0","False","15","8,2","8","10,5","11,8","100","50,00452040864495","45,08269097754213","1473232896","[18:06:50] [Server thread/INFO]: The game is running normally [18:06:50] [Server thread/INFO]: Target tick rate: 20,0 per second. Average time per tick: 8,2ms (Target: 50,0ms) [18:06:50] [Server thread/INFO]: Percentiles: P50: 8,0ms P95: 10,5ms P99: 11,8ms, sample: 100"
"without-umce","2","2026-09-27T16:06:50.3436990+00:00",,"False","10","0","0","0","0","0","False","15","8,2","7,9","10,5","11,8","100","0","45,08269097754213","1473232896","[18:06:50] [Server thread/INFO]: The game is running normally [18:06:50] [Server thread/INFO]: Target tick rate: 20,0 per second. Average time per tick: 8,2ms (Target: 50,0ms) [18:06:50] [Server thread/INFO]: Percentiles: P50: 7,9ms P95: 10,5ms P99: 11,8ms, sample: 100"
"without-umce","2","2026-09-27T16:06:50.4685349+00:00",,"False","10","0","0","0","0","0","False","15","8,2","7,9","10,5","11,8","100","99,70201063062719","45,08269097754213","1473232896","[18:06:50] [Server thread/INFO]: The game is running normally [18:06:50] [Server thread/INFO]: Target tick rate: 20,0 per second. Average time per tick: 8,2ms (Target: 50,0ms) [18:06:50] [Server thread/INFO]: Percentiles: P50: 7,9ms P95: 10,5ms P99: 11,8ms, sample: 100"
"without-umce","2","2026-09-27T16:06:50.5939294+00:00",,"False","10","0","0","0","0","0","False","15","8,1","7,8","10,5","11,2","100","12,499530017671336","45,08269097754213","1473232896","[18:06:50] [Server thread/INFO]: The game is running normally [18:06:50] [Server thread/INFO]: Target tick rate: 20,0 per second. Average time per tick: 8,1ms (Target: 50,0ms) [18:06:50] [Server thread/INFO]: Percentiles: P50: 7,8ms P95: 10,5ms P99: 11,2ms, sample: 100"
"without-umce","2","2026-09-27T16:06:50.7189278+00:00",,"False","10","0","0","0","0","0","False","15","8,1","7,8","10,5","11,2","100","62,9295825019916","45,08269097754213","1473232896","[18:06:50] [Server thread/INFO]: The game is running normally [18:06:50] [Server thread/INFO]: Target tick rate: 20,0 per second. Average time per tick: 8,1ms (Target: 50,0ms) [18:06:50] [Server thread/INFO]: Percentiles: P50: 7,8ms P95: 10,5ms P99: 11,2ms, sample: 100"
"without-umce","2","2026-09-27T16:06:50.8430645+00:00",,"False","10","0","0","0","0","0","False","15","8,1","7,8","10,5","11,2","100","0","45,08269097754213","1473232896","[18:06:50] [Server thread/INFO]: The game is running normally [18:06:50] [Server thread/INFO]: Target tick rate: 20,0 per second. Average time per tick: 8,1ms (Target: 50,0ms) [18:06:50] [Server thread/INFO]: Percentiles: P50: 7,8ms P95: 10,5ms P99: 11,2ms, sample: 100"
"without-umce","2","2026-09-27T16:06:50.9670112+00:00",,"False","10","0","0","0","0","0","False","15","8,1","7,8","10,5","11,2","100","25,05976252166166","45,08269097754213","1473232896","[18:06:50] [Server thread/INFO]: The game is running normally [18:06:50] [Server thread/INFO]: Target tick rate: 20,0 per second. Average time per tick: 8,1ms (Target: 50,0ms) [18:06:50] [Server thread/INFO]: Percentiles: P50: 7,8ms P95: 10,5ms P99: 11,2ms, sample: 100"
"without-umce","2","2026-09-27T16:06:51.0916766+00:00",,"False","10","0","0","0","0","0","False","15","8,1","7,8","10,5","11,2","100","25,11767126634859","45,08269097754213","1473232896","[18:06:51] [Server thread/INFO]: The game is running normally [18:06:51] [Server thread/INFO]: Target tick rate: 20,0 per second. Average time per tick: 8,1ms (Target: 50,0ms) [18:06:51] [Server thread/INFO]: Percentiles: P50: 7,8ms P95: 10,5ms P99: 11,2ms, sample: 100"
"without-umce","2","2026-09-27T16:06:51.2161136+00:00",,"False","10","0","0","0","0","0","False","15","8,1","7,8","10,5","12,7","100","49,76954708915836","45,08269097754213","1473232896","[18:06:51] [Server thread/INFO]: The game is running normally [18:06:51] [Server thread/INFO]: Target tick rate: 20,0 per second. Average time per tick: 8,1ms (Target: 50,0ms) [18:06:51] [Server thread/INFO]: Percentiles: P50: 7,8ms P95: 10,5ms P99: 12,7ms, sample: 100"
"without-umce","2","2026-09-27T16:06:51.3416880+00:00",,"False","10","0","0","0","0","0","False","15","8,2","7,9","10,5","12,7","100","25,18952599357566","45,08269097754213","1473232896","[18:06:51] [Server thread/INFO]: The game is running normally [18:06:51] [Server thread/INFO]: Target tick rate: 20,0 per second. Average time per tick: 8,2ms (Target: 50,0ms) [18:06:51] [Server thread/INFO]: Percentiles: P50: 7,9ms P95: 10,5ms P99: 12,7ms, sample: 100"
"without-umce","2","2026-09-27T16:06:51.4657626+00:00",,"False","10","0","0","0","0","0","False","15","8,2","7,9","10,5","12,7","100","37,32704142087225","45,08269097754213","1473232896","[18:06:51] [Server thread/INFO]: The game is running normally [18:06:51] [Server thread/INFO]: Target tick rate: 20,0 per second. Average time per tick: 8,2ms (Target: 50,0ms) [18:06:51] [Server thread/INFO]: Percentiles: P50: 7,9ms P95: 10,5ms P99: 12,7ms, sample: 100"
"without-umce","2","2026-09-27T16:06:51.5913189+00:00",,"False","10","0","0","0","0","0","False","15","8,2","8","10,5","12,7","100","25,037736877021043","45,08269097754213","1473232896","[18:06:51] [Server thread/INFO]: The game is running normally [18:06:51] [Server thread/INFO]: Target tick rate: 20,0 per second. Average time per tick: 8,2ms (Target: 50,0ms) [18:06:51] [Server thread/INFO]: Percentiles: P50: 8,0ms P95: 10,5ms P99: 12,7ms, sample: 100"
"without-umce","2","2026-09-27T16:06:51.7161262+00:00",,"False","10","0","0","0","0","0","False","15","8,3","8","10,5","12,7","100","50,55129217190999","45,08269097754213","1473232896","[18:06:51] [Server thread/INFO]: The game is running normally [18:06:51] [Server thread/INFO]: Target tick rate: 20,0 per second. Average time per tick: 8,3ms (Target: 50,0ms) [18:06:51] [Server thread/INFO]: Percentiles: P50: 8,0ms P95: 10,5ms P99: 12,7ms, sample: 100"
"without-umce","2","2026-09-27T16:06:51.8397922+00:00",,"False","10","0","0","0","0","0","False","15","8,3","8","10,5","12,7","100","0","45,08269097754213","1473232896","[18:06:51] [Server thread/INFO]: The game is running normally [18:06:51] [Server thread/INFO]: Target tick rate: 20,0 per second. Average time per tick: 8,3ms (Target: 50,0ms) [18:06:51] [Server thread/INFO]: Percentiles: P50: 8,0ms P95: 10,5ms P99: 12,7ms, sample: 100"
"without-umce","2","2026-09-27T16:06:51.9618551+00:00",,"False","10","0","0","0","0","0","False","15","8,3","7,9","10,5","12,7","100","50,20713455431729","45,08269097754213","1473232896","[18:06:51] [Server thread/INFO]: The game is running normally [18:06:51] [Server thread/INFO]: Target tick rate: 20,0 per second. Average time per tick: 8,3ms (Target: 50,0ms) [18:06:51] [Server thread/INFO]: Percentiles: P50: 7,9ms P95: 10,5ms P99: 12,7ms, sample: 100"
"without-umce","2","2026-09-27T16:06:52.0863259+00:00",,"False","10","0","0","0","0","0","False","15","8,2","7,9","10,5","12,7","100","0","45,08269097754213","1473232896","[18:06:52] [Server thread/INFO]: The game is running normally [18:06:52] [Server thread/INFO]: Target tick rate: 20,0 per second. Average time per tick: 8,2ms (Target: 50,0ms) [18:06:52] [Server thread/INFO]: Percentiles: P50: 7,9ms P95: 10,5ms P99: 12,7ms, sample: 100"
"without-umce","2","2026-09-27T16:06:52.2105283+00:00",,"False","10","0","0","0","0","0","False","15","8,2","7,8","10,5","12,7","100","44,4110946730846","45,08269097754213","1473232896","[18:06:52] [Server thread/INFO]: The game is running normally [18:06:52] [Server thread/INFO]: Target tick rate: 20,0 per second. Average time per tick: 8,2ms (Target: 50,0ms) [18:06:52] [Server thread/INFO]: Percentiles: P50: 7,8ms P95: 10,5ms P99: 12,7ms, sample: 100"
"without-umce","2","2026-09-27T16:06:52.3512925+00:00",,"False","10","0","0","0","0","0","False","15","8,1","7,8","10,5","12,7","100","56,127225062808606","45,08269097754213","1473232896","[18:06:52] [Server thread/INFO]: The game is running normally [18:06:52] [Server thread/INFO]: Target tick rate: 20,0 per second. Average time per tick: 8,1ms (Target: 50,0ms) [18:06:52] [Server thread/INFO]: Percentiles: P50: 7,8ms P95: 10,5ms P99: 12,7ms, sample: 100"
"without-umce","2","2026-09-27T16:06:52.4904415+00:00",,"False","10","0","0","0","0","0","False","15","8,1","7,8","10,5","12,7","100","33,463140573745626","45,08269097754213","1473232896","[18:06:52] [Server thread/INFO]: The game is running normally [18:06:52] [Server thread/INFO]: Target tick rate: 20,0 per second. Average time per tick: 8,1ms (Target: 50,0ms) [18:06:52] [Server thread/INFO]: Percentiles: P50: 7,8ms P95: 10,5ms P99: 12,7ms, sample: 100"
"without-umce","2","2026-09-27T16:06:52.6305509+00:00",,"False","10","0","0","0","0","0","False","15","8,1","7,8","10,5","12,7","100","44,39595222569339","45,08269097754213","1473232896","[18:06:52] [Server thread/INFO]: The game is running normally [18:06:52] [Server thread/INFO]: Target tick rate: 20,0 per second. Average time per tick: 8,1ms (Target: 50,0ms) [18:06:52] [Server thread/INFO]: Percentiles: P50: 7,8ms P95: 10,5ms P99: 12,7ms, sample: 100"
"without-umce","2","2026-09-27T16:06:52.7713146+00:00",,"False","10","0","0","0","0","0","False","15","8,1","7,8","10,5","12,7","100","39,687730585714704","45,08269097754213","1473232896","[18:06:52] [Server thread/INFO]: The game is running normally [18:06:52] [Server thread/INFO]: Target tick rate: 20,0 per second. Average time per tick: 8,1ms (Target: 50,0ms) [18:06:52] [Server thread/INFO]: Percentiles: P50: 7,8ms P95: 10,5ms P99: 12,7ms, sample: 100"
"without-umce","2","2026-09-27T16:06:52.9287760+00:00",,"False","10","0","0","0","0","0","False","15","8,1","7,8","10,5","12,7","100","140,35607775502137","45,08269097754213","1473232896","[18:06:52] [Server thread/INFO]: The game is running normally [18:06:52] [Server thread/INFO]: Target tick rate: 20,0 per second. Average time per tick: 8,1ms (Target: 50,0ms) [18:06:52] [Server thread/INFO]: Percentiles: P50: 7,8ms P95: 10,5ms P99: 12,7ms, sample: 100"
"without-umce","2","2026-09-27T16:06:53.0846411+00:00",,"False","10","0","0","0","0","0","False","15","8,2","7,9","10,8","12,7","100","33,79783881296943","45,08269097754213","1473232896","[18:06:53] [Server thread/INFO]: The game is running normally [18:06:53] [Server thread/INFO]: Target tick rate: 20,0 per second. Average time per tick: 8,2ms (Target: 50,0ms) [18:06:53] [Server thread/INFO]: Percentiles: P50: 7,9ms P95: 10,8ms P99: 12,7ms, sample: 100"
"without-umce","2","2026-09-27T16:06:53.2233005+00:00",,"False","10","0","0","0","0","0","False","15","8,2","7,8","10,5","12,7","100","25,555724564080673","45,08269097754213","1473232896","[18:06:53] [Server thread/INFO]: The game is running normally [18:06:53] [Server thread/INFO]: Target tick rate: 20,0 per second. Average time per tick: 8,2ms (Target: 50,0ms) [18:06:53] [Server thread/INFO]: Percentiles: P50: 7,8ms P95: 10,5ms P99: 12,7ms, sample: 100"
"without-umce","2","2026-09-27T16:06:53.3455917+00:00",,"False","10","0","0","0","0","0","False","15","8,2","7,9","10,5","12,7","100","0","45,08269097754213","1473232896","[18:06:53] [Server thread/INFO]: The game is running normally [18:06:53] [Server thread/INFO]: Target tick rate: 20,0 per second. Average time per tick: 8,2ms (Target: 50,0ms) [18:06:53] [Server thread/INFO]: Percentiles: P50: 7,9ms P95: 10,5ms P99: 12,7ms, sample: 100"
"without-umce","2","2026-09-27T16:06:53.4689219+00:00",,"False","10","0","0","0","0","0","False","15","8,2","7,8","10,5","12,7","100","99,03547371440071","45,08269097754213","1473232896","[18:06:53] [Server thread/INFO]: The game is running normally [18:06:53] [Server thread/INFO]: Target tick rate: 20,0 per second. Average time per tick: 8,2ms (Target: 50,0ms) [18:06:53] [Server thread/INFO]: Percentiles: P50: 7,8ms P95: 10,5ms P99: 12,7ms, sample: 100"
"without-umce","2","2026-09-27T16:06:53.5951527+00:00",,"False","10","0","0","0","0","0","False","15","8,2","7,8","10,5","12,7","100","12,582561737094117","45,08269097754213","1473232896","[18:06:53] [Server thread/INFO]: The game is running normally [18:06:53] [Server thread/INFO]: Target tick rate: 20,0 per second. Average time per tick: 8,2ms (Target: 50,0ms) [18:06:53] [Server thread/INFO]: Percentiles: P50: 7,8ms P95: 10,5ms P99: 12,7ms, sample: 100"
"without-umce","2","2026-09-27T16:06:53.7193227+00:00",,"False","10","0","0","0","0","0","False","15","8,2","7,8","10,5","12,7","100","25,557522008093354","45,08269097754213","1473232896","[18:06:53] [Server thread/INFO]: The game is running normally [18:06:53] [Server thread/INFO]: Target tick rate: 20,0 per second. Average time per tick: 8,2ms (Target: 50,0ms) [18:06:53] [Server thread/INFO]: Percentiles: P50: 7,8ms P95: 10,5ms P99: 12,7ms, sample: 100"
"without-umce","2","2026-09-27T16:06:53.8415930+00:00",,"False","10","0","0","0","0","0","False","15","8,2","7,8","10,5","12,7","100","12,522681079972045","45,08269097754213","1473232896","[18:06:53] [Server thread/INFO]: The game is running normally [18:06:53] [Server thread/INFO]: Target tick rate: 20,0 per second. Average time per tick: 8,2ms (Target: 50,0ms) [18:06:53] [Server thread/INFO]: Percentiles: P50: 7,8ms P95: 10,5ms P99: 12,7ms, sample: 100"
"without-umce","2","2026-09-27T16:06:53.9663378+00:00",,"False","10","0","0","0","0","0","False","15","8,1","7,8","10,4","12,7","100","38,072766702268936","45,08269097754213","1473232896","[18:06:53] [Server thread/INFO]: The game is running normally [18:06:53] [Server thread/INFO]: Target tick rate: 20,0 per second. Average time per tick: 8,1ms (Target: 50,0ms) [18:06:53] [Server thread/INFO]: Percentiles: P50: 7,8ms P95: 10,4ms P99: 12,7ms, sample: 100"
"without-umce","2","2026-09-27T16:06:54.0895698+00:00",,"False","10","0","0","0","0","0","False","15","8,1","7,8","10,4","12,7","100","0","45,08269097754213","1473232896","[18:06:54] [Server thread/INFO]: The game is running normally [18:06:54] [Server thread/INFO]: Target tick rate: 20,0 per second. Average time per tick: 8,1ms (Target: 50,0ms) [18:06:54] [Server thread/INFO]: Percentiles: P50: 7,8ms P95: 10,4ms P99: 12,7ms, sample: 100"
"without-umce","2","2026-09-27T16:06:54.2137585+00:00",,"False","10","0","0","0","0","0","False","15","8,1","7,8","10,3","12,7","100","50,07703851605309","45,08269097754213","1473232896","[18:06:54] [Server thread/INFO]: The game is running normally [18:06:54] [Server thread/INFO]: Target tick rate: 20,0 per second. Average time per tick: 8,1ms (Target: 50,0ms) [18:06:54] [Server thread/INFO]: Percentiles: P50: 7,8ms P95: 10,3ms P99: 12,7ms, sample: 100"
"without-umce","2","2026-09-27T16:06:54.3385467+00:00",,"False","10","0","0","0","0","0","False","15","8,1","7,8","10,3","12,7","100","0","45,08269097754213","1473232896","[18:06:54] [Server thread/INFO]: The game is running normally [18:06:54] [Server thread/INFO]: Target tick rate: 20,0 per second. Average time per tick: 8,1ms (Target: 50,0ms) [18:06:54] [Server thread/INFO]: Percentiles: P50: 7,8ms P95: 10,3ms P99: 12,7ms, sample: 100"
"without-umce","2","2026-09-27T16:06:54.4629356+00:00",,"False","10","0","0","0","0","0","False","15","8,1","7,8","10,3","12,7","100","49,611600700436426","45,08269097754213","1473232896","[18:06:54] [Server thread/INFO]: The game is running normally [18:06:54] [Server thread/INFO]: Target tick rate: 20,0 per second. Average time per tick: 8,1ms (Target: 50,0ms) [18:06:54] [Server thread/INFO]: Percentiles: P50: 7,8ms P95: 10,3ms P99: 12,7ms, sample: 100"
"without-umce","2","2026-09-27T16:06:54.5889125+00:00",,"False","10","0","0","0","0","0","False","15","8,1","7,8","10,3","12,7","100","12,687356734367755","45,08269097754213","1473232896","[18:06:54] [Server thread/INFO]: The game is running normally [18:06:54] [Server thread/INFO]: Target tick rate: 20,0 per second. Average time per tick: 8,1ms (Target: 50,0ms) [18:06:54] [Server thread/INFO]: Percentiles: P50: 7,8ms P95: 10,3ms P99: 12,7ms, sample: 100"
