"condition","repeat","time_utc","artifact_sha256","small_box_section_probe_enabled","umce_tick_profiler_enabled","players_observed","pigs_in_seed_world","villagers_in_seed_world","tnt_in_seed_world","hopper_rows","redstone_clock_pairs","idle_clients","save_all_interval_seconds","tick_mean_ms","tick_p50_ms","tick_p95_ms","tick_p99_ms","tick_sample_count","sample_cpu_percent_one_core","process_cpu_percent_one_core","working_set_bytes","response"
"without-umce","1","2026-09-27T18:36:07.7940433+00:00",,"False","False","50","10062","0","0","0","0","False","0","136,1","123,3","339,8","415","100","109,70100945991297","137,34709017174967","1609252864","[20:36:08] [Server thread/INFO]: The game is running, but can't keep up with the target tick rate [20:36:08] [Server thread/INFO]: Target tick rate: 20,0 per second. Average time per tick: 136,1ms (Target: 50,0ms) [20:36:08] [Server thread/INFO]: Percentiles: P50: 123,3ms P95: 339,8ms P99: 415,0ms, sample: 100"
"without-umce","1","2026-09-27T18:36:08.3135505+00:00",,"False","False","50","10062","0","0","0","0","False","0","137,1","125,3","339,8","415","100","123,58363002433481","137,34709017174967","1609252864","[20:36:09] [Server thread/INFO]: The game is running, but can't keep up with the target tick rate [20:36:09] [Server thread/INFO]: Target tick rate: 20,0 per second. Average time per tick: 137,1ms (Target: 50,0ms) [20:36:09] [Server thread/INFO]: Percentiles: P50: 125,3ms P95: 339,8ms P99: 415,0ms, sample: 100"
"without-umce","1","2026-09-27T18:36:09.2147511+00:00",,"False","False","50","10062","0","0","0","0","False","0","140","126,2","339,8","415","100","145,08036857943642","137,34709017174967","1609252864","[20:36:09] [Server thread/INFO]: The game is running, but can't keep up with the target tick rate [20:36:09] [Server thread/INFO]: Target tick rate: 20,0 per second. Average time per tick: 140,0ms (Target: 50,0ms) [20:36:09] [Server thread/INFO]: Percentiles: P50: 126,2ms P95: 339,8ms P99: 415,0ms, sample: 100"
"without-umce","1","2026-09-27T18:36:10.0978420+00:00",,"False","False","50","10062","0","0","0","0","False","0","140,9","129,9","339,8","415","100","156,13492434089795","137,34709017174967","1609252864","[20:36:10] [Server thread/INFO]: The game is running, but can't keep up with the target tick rate [20:36:10] [Server thread/INFO]: Target tick rate: 20,0 per second. Average time per tick: 140,9ms (Target: 50,0ms) [20:36:10] [Server thread/INFO]: Percentiles: P50: 129,9ms P95: 339,8ms P99: 415,0ms, sample: 100"
"without-umce","1","2026-09-27T18:36:10.4680682+00:00",,"False","False","50","10062","0","0","0","0","False","0","141,9","132","339,8","415","100","132,91718019113742","137,34709017174967","1609252864","[20:36:10] [Server thread/INFO]: The game is running, but can't keep up with the target tick rate [20:36:10] [Server thread/INFO]: Target tick rate: 20,0 per second. Average time per tick: 141,9ms (Target: 50,0ms) [20:36:10] [Server thread/INFO]: Percentiles: P50: 132,0ms P95: 339,8ms P99: 415,0ms, sample: 100"
"without-umce","1","2026-09-27T18:36:10.9618223+00:00",,"False","False","50","10062","0","0","0","0","False","0","144,5","133,8","339,8","415","100","103,29721712038311","137,34709017174967","1609252864","[20:36:11] [Server thread/INFO]: The game is running, but can't keep up with the target tick rate [20:36:11] [Server thread/INFO]: Target tick rate: 20,0 per second. Average time per tick: 144,5ms (Target: 50,0ms) [20:36:11] [Server thread/INFO]: Percentiles: P50: 133,8ms P95: 339,8ms P99: 415,0ms, sample: 100"
"without-umce","1","2026-09-27T18:36:11.4610006+00:00",,"False","False","50","10062","0","0","0","0","False","0","145,1","133,8","339,8","415","100","142,9056885531164","137,34709017174967","1609252864","[20:36:11] [Server thread/INFO]: The game is running, but can't keep up with the target tick rate [20:36:11] [Server thread/INFO]: Target tick rate: 20,0 per second. Average time per tick: 145,1ms (Target: 50,0ms) [20:36:11] [Server thread/INFO]: Percentiles: P50: 133,8ms P95: 339,8ms P99: 415,0ms, sample: 100"
"without-umce","1","2026-09-27T18:36:12.0951544+00:00",,"False","False","50","10062","0","0","0","0","False","0","145,8","133,9","339,8","415","100","153,56708893562788","137,34709017174967","1609252864","[20:36:12] [Server thread/INFO]: The game is running, but can't keep up with the target tick rate [20:36:12] [Server thread/INFO]: Target tick rate: 20,0 per second. Average time per tick: 145,8ms (Target: 50,0ms) [20:36:12] [Server thread/INFO]: Percentiles: P50: 133,9ms P95: 339,8ms P99: 415,0ms, sample: 100"
"without-umce","1","2026-09-27T18:36:12.5939094+00:00",,"False","False","50","10062","0","0","0","0","False","0","148,4","135,2","339,8","415","100","123,7900757991392","137,34709017174967","1609252864","[20:36:12] [Server thread/INFO]: The game is running, but can't keep up with the target tick rate [20:36:12] [Server thread/INFO]: Target tick rate: 20,0 per second. Average time per tick: 148,4ms (Target: 50,0ms) [20:36:12] [Server thread/INFO]: Percentiles: P50: 135,2ms P95: 339,8ms P99: 415,0ms, sample: 100"
"without-umce","1","2026-09-27T18:36:12.8461638+00:00",,"False","False","50","10062","0","0","0","0","False","0","149,2","135,2","339,8","415","100","115,8278377093967","137,34709017174967","1609252864","[20:36:13] [Server thread/INFO]: The game is running, but can't keep up with the target tick rate [20:36:13] [Server thread/INFO]: Target tick rate: 20,0 per second. Average time per tick: 149,2ms (Target: 50,0ms) [20:36:13] [Server thread/INFO]: Percentiles: P50: 135,2ms P95: 339,8ms P99: 415,0ms, sample: 100"
"without-umce","1","2026-09-27T18:36:13.3452772+00:00",,"False","False","50","10062","0","0","0","0","False","0","150,2","137,6","339,8","415","100","138,7042860935789","137,34709017174967","1609252864","[20:36:13] [Server thread/INFO]: The game is running, but can't keep up with the target tick rate [20:36:13] [Server thread/INFO]: Target tick rate: 20,0 per second. Average time per tick: 150,2ms (Target: 50,0ms) [20:36:13] [Server thread/INFO]: Percentiles: P50: 137,6ms P95: 339,8ms P99: 415,0ms, sample: 100"
"without-umce","1","2026-09-27T18:36:13.9648420+00:00",,"False","False","50","10062","0","0","0","0","False","0","153","137,7","339,8","415","100","170,9645885467803","137,34709017174967","1609252864","[20:36:14] [Server thread/INFO]: The game is running, but can't keep up with the target tick rate [20:36:14] [Server thread/INFO]: Target tick rate: 20,0 per second. Average time per tick: 153,0ms (Target: 50,0ms) [20:36:14] [Server thread/INFO]: Percentiles: P50: 137,7ms P95: 339,8ms P99: 415,0ms, sample: 100"
"without-umce","1","2026-09-27T18:36:14.3395352+00:00",,"False","False","50","10062","0","0","0","0","False","0","154","137,7","339,8","415","100","159,8169890237019","137,34709017174967","1609252864","[20:36:14] [Server thread/INFO]: The game is running, but can't keep up with the target tick rate [20:36:14] [Server thread/INFO]: Target tick rate: 20,0 per second. Average time per tick: 154,0ms (Target: 50,0ms) [20:36:14] [Server thread/INFO]: Percentiles: P50: 137,7ms P95: 339,8ms P99: 415,0ms, sample: 100"
"without-umce","1","2026-09-27T18:36:14.7110969+00:00",,"False","False","50","10062","0","0","0","0","False","0","155,1","138,3","339,8","415","100","159,684845595662","137,34709017174967","1609252864","[20:36:15] [Server thread/INFO]: The game is running, but can't keep up with the target tick rate [20:36:15] [Server thread/INFO]: Target tick rate: 20,0 per second. Average time per tick: 155,1ms (Target: 50,0ms) [20:36:15] [Server thread/INFO]: Percentiles: P50: 138,3ms P95: 339,8ms P99: 415,0ms, sample: 100"
"without-umce","1","2026-09-27T18:36:15.3470970+00:00",,"False","False","50","10062","0","0","0","0","False","0","157,8","139,5","339,8","415","100","148,5480070748801","137,34709017174967","1609252864","[20:36:15] [Server thread/INFO]: The game is running, but can't keep up with the target tick rate [20:36:15] [Server thread/INFO]: Target tick rate: 20,0 per second. Average time per tick: 157,8ms (Target: 50,0ms) [20:36:15] [Server thread/INFO]: Percentiles: P50: 139,5ms P95: 339,8ms P99: 415,0ms, sample: 100"
"without-umce","1","2026-09-27T18:36:15.8414539+00:00",,"False","False","50","10062","0","0","0","0","False","0","158,7","139,5","339,8","415","100","117,61121762423161","137,34709017174967","1609252864","[20:36:16] [Server thread/INFO]: The game is running, but can't keep up with the target tick rate [20:36:16] [Server thread/INFO]: Target tick rate: 20,0 per second. Average time per tick: 158,7ms (Target: 50,0ms) [20:36:16] [Server thread/INFO]: Percentiles: P50: 139,5ms P95: 339,8ms P99: 415,0ms, sample: 100"
"without-umce","1","2026-09-27T18:36:16.3463276+00:00",,"False","False","50","10062","0","0","0","0","False","0","159,8","144,7","339,8","415","100","170,87226773978165","137,34709017174967","1609252864","[20:36:16] [Server thread/INFO]: The game is running, but can't keep up with the target tick rate [20:36:16] [Server thread/INFO]: Target tick rate: 20,0 per second. Average time per tick: 159,8ms (Target: 50,0ms) [20:36:16] [Server thread/INFO]: Percentiles: P50: 144,7ms P95: 339,8ms P99: 415,0ms, sample: 100"
"without-umce","1","2026-09-27T18:36:16.8401084+00:00",,"False","False","50","10062","0","0","0","0","False","0","162,6","146","339,8","415","100","123,00171415188844","137,34709017174967","1609252864","[20:36:17] [Server thread/INFO]: The game is running, but can't keep up with the target tick rate [20:36:17] [Server thread/INFO]: Target tick rate: 20,0 per second. Average time per tick: 162,6ms (Target: 50,0ms) [20:36:17] [Server thread/INFO]: Percentiles: P50: 146,0ms P95: 339,8ms P99: 415,0ms, sample: 100"
"without-umce","1","2026-09-27T18:36:17.3482424+00:00",,"False","False","50","10062","0","0","0","0","False","0","163,5","146","339,8","415","100","104,7830424354892","137,34709017174967","1609252864","[20:36:17] [Server thread/INFO]: The game is running, but can't keep up with the target tick rate [20:36:17] [Server thread/INFO]: Target tick rate: 20,0 per second. Average time per tick: 163,5ms (Target: 50,0ms) [20:36:17] [Server thread/INFO]: Percentiles: P50: 146,0ms P95: 339,8ms P99: 415,0ms, sample: 100"
"without-umce","1","2026-09-27T18:36:17.7209947+00:00",,"False","False","50","10062","0","0","0","0","False","0","164,5","146","339,8","415","100","126,66650561442698","137,34709017174967","1609252864","[20:36:18] [Server thread/INFO]: The game is running, but can't keep up with the target tick rate [20:36:18] [Server thread/INFO]: Target tick rate: 20,0 per second. Average time per tick: 164,5ms (Target: 50,0ms) [20:36:18] [Server thread/INFO]: Percentiles: P50: 146,0ms P95: 339,8ms P99: 415,0ms, sample: 100"
"without-umce","1","2026-09-27T18:36:18.3377949+00:00",,"False","False","50","10062","0","0","0","0","False","0","167,3","148,3","339,8","415","100","112,66614500850586","137,34709017174967","1609252864","[20:36:18] [Server thread/INFO]: The game is running, but can't keep up with the target tick rate [20:36:18] [Server thread/INFO]: Target tick rate: 20,0 per second. Average time per tick: 167,3ms (Target: 50,0ms) [20:36:18] [Server thread/INFO]: Percentiles: P50: 148,3ms P95: 339,8ms P99: 415,0ms, sample: 100"
"without-umce","1","2026-09-27T18:36:18.7122554+00:00",,"False","False","50","10062","0","0","0","0","False","0","168,4","148,3","339,8","415","100","110,45721313682462","137,34709017174967","1609252864","[20:36:19] [Server thread/INFO]: The game is running, but can't keep up with the target tick rate [20:36:19] [Server thread/INFO]: Target tick rate: 20,0 per second. Average time per tick: 168,4ms (Target: 50,0ms) [20:36:19] [Server thread/INFO]: Percentiles: P50: 148,3ms P95: 339,8ms P99: 415,0ms, sample: 100"
"without-umce","1","2026-09-27T18:36:19.3487680+00:00",,"False","False","50","10062","0","0","0","0","False","0","169,7","148,3","339,8","415","100","133,15772408136897","137,34709017174967","1609252864","[20:36:19] [Server thread/INFO]: The game is running, but can't keep up with the target tick rate [20:36:19] [Server thread/INFO]: Target tick rate: 20,0 per second. Average time per tick: 169,7ms (Target: 50,0ms) [20:36:19] [Server thread/INFO]: Percentiles: P50: 148,3ms P95: 339,8ms P99: 415,0ms, sample: 100"
"without-umce","1","2026-09-27T18:36:19.8415888+00:00",,"False","False","50","10062","0","0","0","0","False","0","171,8","148,5","339,8","415","100","117,14000600292329","137,34709017174967","1609252864","[20:36:20] [Server thread/INFO]: The game is running, but can't keep up with the target tick rate [20:36:20] [Server thread/INFO]: Target tick rate: 20,0 per second. Average time per tick: 171,8ms (Target: 50,0ms) [20:36:20] [Server thread/INFO]: Percentiles: P50: 148,5ms P95: 339,8ms P99: 415,0ms, sample: 100"
"without-umce","1","2026-09-27T18:36:20.2150511+00:00",,"False","False","50","10062","0","0","0","0","False","0","172,9","148,9","339,8","415","100","106,90700770656143","137,34709017174967","1609252864","[20:36:20] [Server thread/INFO]: The game is running, but can't keep up with the target tick rate [20:36:20] [Server thread/INFO]: Target tick rate: 20,0 per second. Average time per tick: 172,9ms (Target: 50,0ms) [20:36:20] [Server thread/INFO]: Percentiles: P50: 148,9ms P95: 339,8ms P99: 415,0ms, sample: 100"
"without-umce","1","2026-09-27T18:36:20.7120077+00:00",,"False","False","50","10062","0","0","0","0","False","0","173,7","149,8","339,8","415","100","128,13084276643016","137,34709017174967","1609252864","[20:36:21] [Server thread/INFO]: The game is running, but can't keep up with the target tick rate [20:36:21] [Server thread/INFO]: Target tick rate: 20,0 per second. Average time per tick: 173,7ms (Target: 50,0ms) [20:36:21] [Server thread/INFO]: Percentiles: P50: 149,8ms P95: 339,8ms P99: 415,0ms, sample: 100"
"without-umce","1","2026-09-27T18:36:21.2120277+00:00",,"False","False","50","10062","0","0","0","0","False","0","176,3","153,1","339,8","415","100","125,95092133017694","137,34709017174967","1609252864","[20:36:21] [Server thread/INFO]: The game is running, but can't keep up with the target tick rate [20:36:21] [Server thread/INFO]: Target tick rate: 20,0 per second. Average time per tick: 176,3ms (Target: 50,0ms) [20:36:21] [Server thread/INFO]: Percentiles: P50: 153,1ms P95: 339,8ms P99: 415,0ms, sample: 100"
"without-umce","1","2026-09-27T18:36:21.5965745+00:00",,"False","False","50","10062","0","0","0","0","False","0","176","149,8","339,8","415","100","116,17211154914844","137,34709017174967","1609252864","[20:36:22] [Server thread/INFO]: The game is running, but can't keep up with the target tick rate [20:36:22] [Server thread/INFO]: Target tick rate: 20,0 per second. Average time per tick: 176,0ms (Target: 50,0ms) [20:36:22] [Server thread/INFO]: Percentiles: P50: 149,8ms P95: 339,8ms P99: 415,0ms, sample: 100"
"without-umce","1","2026-09-27T18:36:22.2152860+00:00",,"False","False","50","10062","0","0","0","0","False","0","177,1","153,1","339,8","415","100","147,85358000830345","137,34709017174967","1609252864","[20:36:22] [Server thread/INFO]: The game is running, but can't keep up with the target tick rate [20:36:22] [Server thread/INFO]: Target tick rate: 20,0 per second. Average time per tick: 177,1ms (Target: 50,0ms) [20:36:22] [Server thread/INFO]: Percentiles: P50: 153,1ms P95: 339,8ms P99: 415,0ms, sample: 100"
"without-umce","1","2026-09-27T18:36:22.7228278+00:00",,"False","False","50","10062","0","0","0","0","False","0","179,7","153,5","339,8","415","100","167,12356019710418","137,34709017174967","1609252864","[20:36:22] [Server thread/INFO]: The game is running, but can't keep up with the target tick rate [20:36:22] [Server thread/INFO]: Target tick rate: 20,0 per second. Average time per tick: 179,7ms (Target: 50,0ms) [20:36:22] [Server thread/INFO]: Percentiles: P50: 153,5ms P95: 339,8ms P99: 415,0ms, sample: 100"
"without-umce","1","2026-09-27T18:36:23.0964707+00:00",,"False","False","50","10062","0","0","0","0","False","0","180","153,5","339,8","415","100","105,05916528761803","137,34709017174967","1609252864","[20:36:23] [Server thread/INFO]: The game is running, but can't keep up with the target tick rate [20:36:23] [Server thread/INFO]: Target tick rate: 20,0 per second. Average time per tick: 180,0ms (Target: 50,0ms) [20:36:23] [Server thread/INFO]: Percentiles: P50: 153,5ms P95: 339,8ms P99: 415,0ms, sample: 100"
"without-umce","1","2026-09-27T18:36:23.4682779+00:00",,"False","False","50","10062","0","0","0","0","False","0","180,9","153,5","339,8","415","100","138,450747214727","137,34709017174967","1609252864","[20:36:23] [Server thread/INFO]: The game is running, but can't keep up with the target tick rate [20:36:23] [Server thread/INFO]: Target tick rate: 20,0 per second. Average time per tick: 180,9ms (Target: 50,0ms) [20:36:23] [Server thread/INFO]: Percentiles: P50: 153,5ms P95: 339,8ms P99: 415,0ms, sample: 100"
"without-umce","1","2026-09-27T18:36:24.1002883+00:00",,"False","False","50","10062","0","0","0","0","False","0","183,4","153,9","339,8","415","100","142,45338925103707","137,34709017174967","1609252864","[20:36:24] [Server thread/INFO]: The game is running, but can't keep up with the target tick rate [20:36:24] [Server thread/INFO]: Target tick rate: 20,0 per second. Average time per tick: 183,4ms (Target: 50,0ms) [20:36:24] [Server thread/INFO]: Percentiles: P50: 153,9ms P95: 339,8ms P99: 415,0ms, sample: 100"
"without-umce","1","2026-09-27T18:36:24.3634852+00:00",,"False","False","50","10062","0","0","0","0","False","0","183,8","154,2","339,8","415","100","114,53334871756586","137,34709017174967","1609252864","[20:36:24] [Server thread/INFO]: The game is running, but can't keep up with the target tick rate [20:36:24] [Server thread/INFO]: Target tick rate: 20,0 per second. Average time per tick: 183,8ms (Target: 50,0ms) [20:36:24] [Server thread/INFO]: Percentiles: P50: 154,2ms P95: 339,8ms P99: 415,0ms, sample: 100"
"without-umce","1","2026-09-27T18:36:24.7318404+00:00",,"False","False","50","10062","0","0","0","0","False","0","184,5","154,2","339,8","415","100","169,41833252735387","137,34709017174967","1609252864","[20:36:25] [Server thread/INFO]: The game is running, but can't keep up with the target tick rate [20:36:25] [Server thread/INFO]: Target tick rate: 20,0 per second. Average time per tick: 184,5ms (Target: 50,0ms) [20:36:25] [Server thread/INFO]: Percentiles: P50: 154,2ms P95: 339,8ms P99: 415,0ms, sample: 100"
"without-umce","1","2026-09-27T18:36:25.2391090+00:00",,"False","False","50","10062","0","0","0","0","False","0","187,1","154,4","339,8","415","100","169,8474335237527","137,34709017174967","1609252864","[20:36:25] [Server thread/INFO]: The game is running, but can't keep up with the target tick rate [20:36:25] [Server thread/INFO]: Target tick rate: 20,0 per second. Average time per tick: 187,1ms (Target: 50,0ms) [20:36:25] [Server thread/INFO]: Percentiles: P50: 154,4ms P95: 339,8ms P99: 415,0ms, sample: 100"
"without-umce","1","2026-09-27T18:36:25.6070631+00:00",,"False","False","50","10062","0","0","0","0","False","0","187,1","154,4","339,8","415","100","101,37773696234993","137,34709017174967","1609252864","[20:36:25] [Server thread/INFO]: The game is running, but can't keep up with the target tick rate [20:36:25] [Server thread/INFO]: Target tick rate: 20,0 per second. Average time per tick: 187,1ms (Target: 50,0ms) [20:36:25] [Server thread/INFO]: Percentiles: P50: 154,4ms P95: 339,8ms P99: 415,0ms, sample: 100"
"without-umce","1","2026-09-27T18:36:25.9769545+00:00",,"False","False","50","10062","0","0","0","0","False","0","188","154,4","339,8","415","100","145,04304828296682","137,34709017174967","1609252864","[20:36:26] [Server thread/INFO]: The game is running, but can't keep up with the target tick rate [20:36:26] [Server thread/INFO]: Target tick rate: 20,0 per second. Average time per tick: 188,0ms (Target: 50,0ms) [20:36:26] [Server thread/INFO]: Percentiles: P50: 154,4ms P95: 339,8ms P99: 415,0ms, sample: 100"
"without-umce","1","2026-09-27T18:36:26.4832831+00:00",,"False","False","50","10062","0","0","0","0","False","0","190,7","154,6","339,8","415","100","138,88776326257224","137,34709017174967","1609252864","[20:36:26] [Server thread/INFO]: The game is running, but can't keep up with the target tick rate [20:36:26] [Server thread/INFO]: Target tick rate: 20,0 per second. Average time per tick: 190,7ms (Target: 50,0ms) [20:36:26] [Server thread/INFO]: Percentiles: P50: 154,6ms P95: 339,8ms P99: 415,0ms, sample: 100"
"without-umce","1","2026-09-27T18:36:26.8658058+00:00",,"False","False","50","10062","0","0","0","0","False","0","190,8","154,6","339,8","415","100","153,8947637565175","137,34709017174967","1609252864","[20:36:27] [Server thread/INFO]: The game is running, but can't keep up with the target tick rate [20:36:27] [Server thread/INFO]: Target tick rate: 20,0 per second. Average time per tick: 190,8ms (Target: 50,0ms) [20:36:27] [Server thread/INFO]: Percentiles: P50: 154,6ms P95: 339,8ms P99: 415,0ms, sample: 100"
"without-umce","1","2026-09-27T18:36:27.3734273+00:00",,"False","False","50","10062","0","0","0","0","False","0","191,8","154,6","339,8","415","100","138,76817459397947","137,34709017174967","1609252864","[20:36:27] [Server thread/INFO]: The game is running, but can't keep up with the target tick rate [20:36:27] [Server thread/INFO]: Target tick rate: 20,0 per second. Average time per tick: 191,8ms (Target: 50,0ms) [20:36:27] [Server thread/INFO]: Percentiles: P50: 154,6ms P95: 339,8ms P99: 415,0ms, sample: 100"
"without-umce","1","2026-09-27T18:36:27.8688656+00:00",,"False","False","50","10062","0","0","0","0","False","0","194,4","155,4","339,8","415","100","125,2577207427549","137,34709017174967","1609252864","[20:36:28] [Server thread/INFO]: The game is running, but can't keep up with the target tick rate [20:36:28] [Server thread/INFO]: Target tick rate: 20,0 per second. Average time per tick: 194,4ms (Target: 50,0ms) [20:36:28] [Server thread/INFO]: Percentiles: P50: 155,4ms P95: 339,8ms P99: 415,0ms, sample: 100"
"without-umce","1","2026-09-27T18:36:28.1308251+00:00",,"False","False","50","10062","0","0","0","0","False","0","194,4","155,4","339,8","415","100","159,96687744655225","137,34709017174967","1609252864","[20:36:28] [Server thread/INFO]: The game is running, but can't keep up with the target tick rate [20:36:28] [Server thread/INFO]: Target tick rate: 20,0 per second. Average time per tick: 194,4ms (Target: 50,0ms) [20:36:28] [Server thread/INFO]: Percentiles: P50: 155,4ms P95: 339,8ms P99: 415,0ms, sample: 100"
"without-umce","1","2026-09-27T18:36:28.6289753+00:00",,"False","False","50","10062","0","0","0","0","False","0","195,3","157","339,8","415","100","180,6210016214062","137,34709017174967","1609252864","[20:36:29] [Server thread/INFO]: The game is running, but can't keep up with the target tick rate [20:36:29] [Server thread/INFO]: Target tick rate: 20,0 per second. Average time per tick: 195,3ms (Target: 50,0ms) [20:36:29] [Server thread/INFO]: Percentiles: P50: 157,0ms P95: 339,8ms P99: 415,0ms, sample: 100"
"without-umce","1","2026-09-27T18:36:29.1220443+00:00",,"False","False","50","10062","0","0","0","0","False","0","197,4","157,7","339,8","415","100","120,48160988998278","137,34709017174967","1609252864","[20:36:29] [Server thread/INFO]: The game is running, but can't keep up with the target tick rate [20:36:29] [Server thread/INFO]: Target tick rate: 20,0 per second. Average time per tick: 197,4ms (Target: 50,0ms) [20:36:29] [Server thread/INFO]: Percentiles: P50: 157,7ms P95: 339,8ms P99: 415,0ms, sample: 100"
"without-umce","1","2026-09-27T18:36:29.3684459+00:00",,"False","False","50","10062","0","0","0","0","False","0","197,1","157,7","339,8","415","100","165,6911204560544","137,34709017174967","1609252864","[20:36:29] [Server thread/INFO]: The game is running, but can't keep up with the target tick rate [20:36:29] [Server thread/INFO]: Target tick rate: 20,0 per second. Average time per tick: 197,1ms (Target: 50,0ms) [20:36:29] [Server thread/INFO]: Percentiles: P50: 157,7ms P95: 339,8ms P99: 415,0ms, sample: 100"
"without-umce","1","2026-09-27T18:36:29.7551114+00:00",,"False","False","50","10062","0","0","0","0","False","0","197,9","159,6","339,8","415","100","138,91960275015148","137,34709017174967","1609252864","[20:36:30] [Server thread/INFO]: The game is running, but can't keep up with the target tick rate [20:36:30] [Server thread/INFO]: Target tick rate: 20,0 per second. Average time per tick: 197,9ms (Target: 50,0ms) [20:36:30] [Server thread/INFO]: Percentiles: P50: 159,6ms P95: 339,8ms P99: 415,0ms, sample: 100"
"without-umce","1","2026-09-27T18:36:30.3737341+00:00",,"False","False","50","10062","0","0","0","0","False","0","200,1","160,3","339,8","415","100","114,58838088077756","137,34709017174967","1609252864","[20:36:30] [Server thread/INFO]: The game is running, but can't keep up with the target tick rate [20:36:30] [Server thread/INFO]: Target tick rate: 20,0 per second. Average time per tick: 200,1ms (Target: 50,0ms) [20:36:30] [Server thread/INFO]: Percentiles: P50: 160,3ms P95: 339,8ms P99: 415,0ms, sample: 100"
"without-umce","1","2026-09-27T18:36:30.7418832+00:00",,"False","False","50","10062","0","0","0","0","False","0","199,8","159,6","339,8","415","100","122,21369080131768","137,34709017174967","1609252864","[20:36:31] [Server thread/INFO]: The game is running, but can't keep up with the target tick rate [20:36:31] [Server thread/INFO]: Target tick rate: 20,0 per second. Average time per tick: 199,8ms (Target: 50,0ms) [20:36:31] [Server thread/INFO]: Percentiles: P50: 159,6ms P95: 339,8ms P99: 415,0ms, sample: 100"
"without-umce","1","2026-09-27T18:36:31.1254307+00:00",,"False","False","50","10062","0","0","0","0","False","0","200,7","160,3","339,8","415","100","141,69231150564744","137,34709017174967","1609252864","[20:36:31] [Server thread/INFO]: The game is running, but can't keep up with the target tick rate [20:36:31] [Server thread/INFO]: Target tick rate: 20,0 per second. Average time per tick: 200,7ms (Target: 50,0ms) [20:36:31] [Server thread/INFO]: Percentiles: P50: 160,3ms P95: 339,8ms P99: 415,0ms, sample: 100"
"without-umce","1","2026-09-27T18:36:31.6216965+00:00",,"False","False","50","10062","0","0","0","0","False","0","202,8","161,4","339,8","415","100","197,82444960692368","137,34709017174967","1609252864","[20:36:31] [Server thread/INFO]: The game is running, but can't keep up with the target tick rate [20:36:31] [Server thread/INFO]: Target tick rate: 20,0 per second. Average time per tick: 202,8ms (Target: 50,0ms) [20:36:31] [Server thread/INFO]: Percentiles: P50: 161,4ms P95: 339,8ms P99: 415,0ms, sample: 100"
"without-umce","1","2026-09-27T18:36:31.9928802+00:00",,"False","False","50","10062","0","0","0","0","False","0","202,5","160,3","339,8","415","100","113,76073218747457","137,34709017174967","1609252864","[20:36:32] [Server thread/INFO]: The game is running, but can't keep up with the target tick rate [20:36:32] [Server thread/INFO]: Target tick rate: 20,0 per second. Average time per tick: 202,5ms (Target: 50,0ms) [20:36:32] [Server thread/INFO]: Percentiles: P50: 160,3ms P95: 339,8ms P99: 415,0ms, sample: 100"
"without-umce","1","2026-09-27T18:36:32.3774721+00:00",,"False","False","50","10062","0","0","0","0","False","0","203,2","160,7","339,8","415","100","169,93126016188938","137,34709017174967","1609252864","[20:36:32] [Server thread/INFO]: The game is running, but can't keep up with the target tick rate [20:36:32] [Server thread/INFO]: Target tick rate: 20,0 per second. Average time per tick: 203,2ms (Target: 50,0ms) [20:36:32] [Server thread/INFO]: Percentiles: P50: 160,7ms P95: 339,8ms P99: 415,0ms, sample: 100"
"without-umce","1","2026-09-27T18:36:32.8739953+00:00",,"False","False","50","10062","0","0","0","0","False","0","205,4","161,4","339,8","415","100","112,77893991138082","137,34709017174967","1609252864","[20:36:33] [Server thread/INFO]: The game is running, but can't keep up with the target tick rate [20:36:33] [Server thread/INFO]: Target tick rate: 20,0 per second. Average time per tick: 205,4ms (Target: 50,0ms) [20:36:33] [Server thread/INFO]: Percentiles: P50: 161,4ms P95: 339,8ms P99: 415,0ms, sample: 100"
"without-umce","1","2026-09-27T18:36:33.2480798+00:00",,"False","False","50","10062","0","0","0","0","False","0","205,1","161,4","339,8","415","100","146,73306133663323","137,34709017174967","1609252864","[20:36:33] [Server thread/INFO]: The game is running, but can't keep up with the target tick rate [20:36:33] [Server thread/INFO]: Target tick rate: 20,0 per second. Average time per tick: 205,1ms (Target: 50,0ms) [20:36:33] [Server thread/INFO]: Percentiles: P50: 161,4ms P95: 339,8ms P99: 415,0ms, sample: 100"
"without-umce","1","2026-09-27T18:36:33.6207724+00:00",,"False","False","50","10062","0","0","0","0","False","0","205,9","162,1","339,8","415","100","141,8479277240804","137,34709017174967","1609252864","[20:36:34] [Server thread/INFO]: The game is running, but can't keep up with the target tick rate [20:36:34] [Server thread/INFO]: Target tick rate: 20,0 per second. Average time per tick: 205,9ms (Target: 50,0ms) [20:36:34] [Server thread/INFO]: Percentiles: P50: 162,1ms P95: 339,8ms P99: 415,0ms, sample: 100"
"without-umce","1","2026-09-27T18:36:34.1164663+00:00",,"False","False","50","10062","0","0","0","0","False","0","208,3","162,5","339,8","415","100","113,6832294117039","137,34709017174967","1609252864","[20:36:34] [Server thread/INFO]: The game is running, but can't keep up with the target tick rate [20:36:34] [Server thread/INFO]: Target tick rate: 20,0 per second. Average time per tick: 208,3ms (Target: 50,0ms) [20:36:34] [Server thread/INFO]: Percentiles: P50: 162,5ms P95: 339,8ms P99: 415,0ms, sample: 100"
"without-umce","1","2026-09-27T18:36:34.3775843+00:00",,"False","False","50","10062","0","0","0","0","False","0","207,6","162,1","339,8","415","100","175,22073139603063","137,34709017174967","1609252864","[20:36:34] [Server thread/INFO]: The game is running, but can't keep up with the target tick rate [20:36:34] [Server thread/INFO]: Target tick rate: 20,0 per second. Average time per tick: 207,6ms (Target: 50,0ms) [20:36:34] [Server thread/INFO]: Percentiles: P50: 162,1ms P95: 339,8ms P99: 415,0ms, sample: 100"
"without-umce","1","2026-09-27T18:36:34.7521314+00:00",,"False","False","50","10062","0","0","0","0","False","0","208,2","162,5","339,8","415","100","144,40139469145313","137,34709017174967","1609252864","[20:36:35] [Server thread/INFO]: The game is running, but can't keep up with the target tick rate [20:36:35] [Server thread/INFO]: Target tick rate: 20,0 per second. Average time per tick: 208,2ms (Target: 50,0ms) [20:36:35] [Server thread/INFO]: Percentiles: P50: 162,5ms P95: 339,8ms P99: 415,0ms, sample: 100"
"without-umce","1","2026-09-27T18:36:35.2498968+00:00",,"False","False","50","10062","0","0","0","0","False","0","210,4","163,3","339,8","415","100","108,04713807400293","137,34709017174967","1609252864","[20:36:35] [Server thread/INFO]: The game is running, but can't keep up with the target tick rate [20:36:35] [Server thread/INFO]: Target tick rate: 20,0 per second. Average time per tick: 210,4ms (Target: 50,0ms) [20:36:35] [Server thread/INFO]: Percentiles: P50: 163,3ms P95: 339,8ms P99: 415,0ms, sample: 100"
"without-umce","1","2026-09-27T18:36:35.6258875+00:00",,"False","False","50","10062","0","0","0","0","False","0","209,5","162,5","339,8","415","100","113,94014263482816","137,34709017174967","1609252864","[20:36:35] [Server thread/INFO]: The game is running, but can't keep up with the target tick rate [20:36:35] [Server thread/INFO]: Target tick rate: 20,0 per second. Average time per tick: 209,5ms (Target: 50,0ms) [20:36:35] [Server thread/INFO]: Percentiles: P50: 162,5ms P95: 339,8ms P99: 415,0ms, sample: 100"
"without-umce","1","2026-09-27T18:36:35.9961692+00:00",,"False","False","50","10062","0","0","0","0","False","0","209,8","163,3","339,8","415","100","173,06178852096136","137,34709017174967","1609252864","[20:36:36] [Server thread/INFO]: The game is running, but can't keep up with the target tick rate [20:36:36] [Server thread/INFO]: Target tick rate: 20,0 per second. Average time per tick: 209,8ms (Target: 50,0ms) [20:36:36] [Server thread/INFO]: Percentiles: P50: 163,3ms P95: 339,8ms P99: 415,0ms, sample: 100"
"without-umce","1","2026-09-27T18:36:36.4926901+00:00",,"False","False","50","10062","0","0","0","0","False","0","210,8","163,3","339,8","415","100","113,05478242833232","137,34709017174967","1609252864","[20:36:36] [Server thread/INFO]: The game is running, but can't keep up with the target tick rate [20:36:36] [Server thread/INFO]: Target tick rate: 20,0 per second. Average time per tick: 210,8ms (Target: 50,0ms) [20:36:36] [Server thread/INFO]: Percentiles: P50: 163,3ms P95: 339,8ms P99: 415,0ms, sample: 100"
"without-umce","1","2026-09-27T18:36:36.7414448+00:00",,"False","False","50","10062","0","0","0","0","False","0","208,9","162,5","339,8","415","100","116,20624842760925","137,34709017174967","1609252864","[20:36:37] [Server thread/INFO]: The game is running, but can't keep up with the target tick rate [20:36:37] [Server thread/INFO]: Target tick rate: 20,0 per second. Average time per tick: 208,9ms (Target: 50,0ms) [20:36:37] [Server thread/INFO]: Percentiles: P50: 162,5ms P95: 339,8ms P99: 415,0ms, sample: 100"
"without-umce","1","2026-09-27T18:36:37.1313809+00:00",,"False","False","50","10062","0","0","0","0","False","0","209",,,,,"150,8771113201348","137,34709017174967","1609252864","[20:36:37] [Server thread/INFO]: The game is running, but can't keep up with the target tick rate [20:36:37] [Server thread/INFO]: Target tick rate: 20,0 per second. Average time per tick: 209,0ms (Target: 50,0ms)"
"without-umce","1","2026-09-27T18:36:37.5352689+00:00",,"False","False","50","10062","0","0","0","0","False","0","210,7","162,5","339,8","415","100","156,36731774974953","137,34709017174967","1609252864","[20:36:37] [Server thread/INFO]: Percentiles: P50: 162,5ms P95: 339,8ms P99: 415,0ms, sample: 100 [20:36:37] [Server thread/INFO]: The game is running, but can't keep up with the target tick rate [20:36:37] [Server thread/INFO]: Target tick rate: 20,0 per second. Average time per tick: 210,7ms (Target: 50,0ms) [20:36:37] [Server thread/INFO]: Percentiles: P50: 163,3ms P95: 339,8ms P99: 415,0ms, sample: 100"
"diagnostics-only","1","2026-09-27T18:37:28.9182267+00:00","d21445e0e647ac86d4605ebeff90853c91eba01be743b685b61de63f5dbb529f","False","False","50","10062","0","0","0","0","False","0","168,7","151,8","306","343","100","126,09124406261549","148,55245429334803","1575469056","[20:37:29] [Server thread/INFO]: The game is running, but can't keep up with the target tick rate [20:37:29] [Server thread/INFO]: Target tick rate: 20,0 per second. Average time per tick: 168,7ms (Target: 50,0ms) [20:37:29] [Server thread/INFO]: Percentiles: P50: 151,8ms P95: 306,0ms P99: 343,0ms, sample: 100"
"diagnostics-only","1","2026-09-27T18:37:29.0482319+00:00","d21445e0e647ac86d4605ebeff90853c91eba01be743b685b61de63f5dbb529f","False","False","50","10062","0","0","0","0","False","0","170,2","152,6","306","343","100","113,03288700176057","148,55245429334803","1575469056","[20:37:29] [Server thread/INFO]: The game is running, but can't keep up with the target tick rate [20:37:29] [Server thread/INFO]: Target tick rate: 20,0 per second. Average time per tick: 170,2ms (Target: 50,0ms) [20:37:29] [Server thread/INFO]: Percentiles: P50: 152,6ms P95: 306,0ms P99: 343,0ms, sample: 100"
"diagnostics-only","1","2026-09-27T18:37:29.5675378+00:00","d21445e0e647ac86d4605ebeff90853c91eba01be743b685b61de63f5dbb529f","False","False","50","10062","0","0","0","0","False","0","171,3","152,6","306","343","100","214,92799861475115","148,55245429334803","1575469056","[20:37:29] [Server thread/INFO]: The game is running, but can't keep up with the target tick rate [20:37:29] [Server thread/INFO]: Target tick rate: 20,0 per second. Average time per tick: 171,3ms (Target: 50,0ms) [20:37:29] [Server thread/INFO]: Percentiles: P50: 152,6ms P95: 306,0ms P99: 343,0ms, sample: 100"
"diagnostics-only","1","2026-09-27T18:37:29.9382846+00:00","d21445e0e647ac86d4605ebeff90853c91eba01be743b685b61de63f5dbb529f","False","False","50","10062","0","0","0","0","False","0","174,2","153,2","306,8","343","100","125,36239761903711","148,55245429334803","1575469056","[20:37:30] [Server thread/INFO]: The game is running, but can't keep up with the target tick rate [20:37:30] [Server thread/INFO]: Target tick rate: 20,0 per second. Average time per tick: 174,2ms (Target: 50,0ms) [20:37:30] [Server thread/INFO]: Percentiles: P50: 153,2ms P95: 306,8ms P99: 343,0ms, sample: 100"
"diagnostics-only","1","2026-09-27T18:37:30.4369134+00:00","d21445e0e647ac86d4605ebeff90853c91eba01be743b685b61de63f5dbb529f","False","False","50","10062","0","0","0","0","False","0","176","153,5","306,8","343","100","120,63301818553565","148,55245429334803","1575469056","[20:37:30] [Server thread/INFO]: The game is running, but can't keep up with the target tick rate [20:37:30] [Server thread/INFO]: Target tick rate: 20,0 per second. Average time per tick: 176,0ms (Target: 50,0ms) [20:37:30] [Server thread/INFO]: Percentiles: P50: 153,5ms P95: 306,8ms P99: 343,0ms, sample: 100"
"diagnostics-only","1","2026-09-27T18:37:30.8124738+00:00","d21445e0e647ac86d4605ebeff90853c91eba01be743b685b61de63f5dbb529f","False","False","50","10062","0","0","0","0","False","0","177","153,5","306,8","343","100","150,5824831613648","148,55245429334803","1575469056","[20:37:31] [Server thread/INFO]: The game is running, but can't keep up with the target tick rate [20:37:31] [Server thread/INFO]: Target tick rate: 20,0 per second. Average time per tick: 177,0ms (Target: 50,0ms) [20:37:31] [Server thread/INFO]: Percentiles: P50: 153,5ms P95: 306,8ms P99: 343,0ms, sample: 100"
"diagnostics-only","1","2026-09-27T18:37:31.3105377+00:00","d21445e0e647ac86d4605ebeff90853c91eba01be743b685b61de63f5dbb529f","False","False","50","10062","0","0","0","0","False","0","179,3","158,6","306,8","343","100","138,67955280433253","148,55245429334803","1575469056","[20:37:31] [Server thread/INFO]: The game is running, but can't keep up with the target tick rate [20:37:31] [Server thread/INFO]: Target tick rate: 20,0 per second. Average time per tick: 179,3ms (Target: 50,0ms) [20:37:31] [Server thread/INFO]: Percentiles: P50: 158,6ms P95: 306,8ms P99: 343,0ms, sample: 100"
"diagnostics-only","1","2026-09-27T18:37:31.6823319+00:00","d21445e0e647ac86d4605ebeff90853c91eba01be743b685b61de63f5dbb529f","False","False","50","10062","0","0","0","0","False","0","180,7","161,2","306,8","343","100","112,74198940606117","148,55245429334803","1575469056","[20:37:31] [Server thread/INFO]: The game is running, but can't keep up with the target tick rate [20:37:31] [Server thread/INFO]: Target tick rate: 20,0 per second. Average time per tick: 180,7ms (Target: 50,0ms) [20:37:31] [Server thread/INFO]: Percentiles: P50: 161,2ms P95: 306,8ms P99: 343,0ms, sample: 100"
"diagnostics-only","1","2026-09-27T18:37:32.0565361+00:00","d21445e0e647ac86d4605ebeff90853c91eba01be743b685b61de63f5dbb529f","False","False","50","10062","0","0","0","0","False","0","181,6","161,2","306,8","343","100","131,45547897631914","148,55245429334803","1575469056","[20:37:32] [Server thread/INFO]: The game is running, but can't keep up with the target tick rate [20:37:32] [Server thread/INFO]: Target tick rate: 20,0 per second. Average time per tick: 181,6ms (Target: 50,0ms) [20:37:32] [Server thread/INFO]: Percentiles: P50: 161,2ms P95: 306,8ms P99: 343,0ms, sample: 100"
"diagnostics-only","1","2026-09-27T18:37:32.5676873+00:00","d21445e0e647ac86d4605ebeff90853c91eba01be743b685b61de63f5dbb529f","False","False","50","10062","0","0","0","0","False","0","183,8","171,9","306,8","343","100","127,57142532746948","148,55245429334803","1575469056","[20:37:32] [Server thread/INFO]: The game is running, but can't keep up with the target tick rate [20:37:32] [Server thread/INFO]: Target tick rate: 20,0 per second. Average time per tick: 183,8ms (Target: 50,0ms) [20:37:32] [Server thread/INFO]: Percentiles: P50: 171,9ms P95: 306,8ms P99: 343,0ms, sample: 100"
"diagnostics-only","1","2026-09-27T18:37:32.9596000+00:00","d21445e0e647ac86d4605ebeff90853c91eba01be743b685b61de63f5dbb529f","False","False","50","10062","0","0","0","0","False","0","184,9","172,9","306,8","343","100","143,3398759469406","148,55245429334803","1575469056","[20:37:33] [Server thread/INFO]: The game is running, but can't keep up with the target tick rate [20:37:33] [Server thread/INFO]: Target tick rate: 20,0 per second. Average time per tick: 184,9ms (Target: 50,0ms) [20:37:33] [Server thread/INFO]: Percentiles: P50: 172,9ms P95: 306,8ms P99: 343,0ms, sample: 100"
"diagnostics-only","1","2026-09-27T18:37:33.2102971+00:00","d21445e0e647ac86d4605ebeff90853c91eba01be743b685b61de63f5dbb529f","False","False","50","10062","0","0","0","0","False","0","185,3","172,9","306,8","343","100","151,8469949516886","148,55245429334803","1575469056","[20:37:33] [Server thread/INFO]: The game is running, but can't keep up with the target tick rate [20:37:33] [Server thread/INFO]: Target tick rate: 20,0 per second. Average time per tick: 185,3ms (Target: 50,0ms) [20:37:33] [Server thread/INFO]: Percentiles: P50: 172,9ms P95: 306,8ms P99: 343,0ms, sample: 100"
"diagnostics-only","1","2026-09-27T18:37:33.7144921+00:00","d21445e0e647ac86d4605ebeff90853c91eba01be743b685b61de63f5dbb529f","False","False","50","10062","0","0","0","0","False","0","187,3","173","306,8","343","100","137,0782012362493","148,55245429334803","1575469056","[20:37:34] [Server thread/INFO]: The game is running, but can't keep up with the target tick rate [20:37:34] [Server thread/INFO]: Target tick rate: 20,0 per second. Average time per tick: 187,3ms (Target: 50,0ms) [20:37:34] [Server thread/INFO]: Percentiles: P50: 173,0ms P95: 306,8ms P99: 343,0ms, sample: 100"
"diagnostics-only","1","2026-09-27T18:37:34.0906732+00:00","d21445e0e647ac86d4605ebeff90853c91eba01be743b685b61de63f5dbb529f","False","False","50","10062","0","0","0","0","False","0","188","175,6","306,8","343","100","133,2166710539357","148,55245429334803","1575469056","[20:37:34] [Server thread/INFO]: The game is running, but can't keep up with the target tick rate [20:37:34] [Server thread/INFO]: Target tick rate: 20,0 per second. Average time per tick: 188,0ms (Target: 50,0ms) [20:37:34] [Server thread/INFO]: Percentiles: P50: 175,6ms P95: 306,8ms P99: 343,0ms, sample: 100"
"diagnostics-only","1","2026-09-27T18:37:34.4659962+00:00","d21445e0e647ac86d4605ebeff90853c91eba01be743b685b61de63f5dbb529f","False","False","50","10062","0","0","0","0","False","0","188,7","175,6","306,8","343","100","122,9721327741847","148,55245429334803","1575469056","[20:37:34] [Server thread/INFO]: The game is running, but can't keep up with the target tick rate [20:37:34] [Server thread/INFO]: Target tick rate: 20,0 per second. Average time per tick: 188,7ms (Target: 50,0ms) [20:37:34] [Server thread/INFO]: Percentiles: P50: 175,6ms P95: 306,8ms P99: 343,0ms, sample: 100"
"diagnostics-only","1","2026-09-27T18:37:34.9615231+00:00","d21445e0e647ac86d4605ebeff90853c91eba01be743b685b61de63f5dbb529f","False","False","50","10062","0","0","0","0","False","0","190,6","178,7","306,8","343","100","129,09175687168332","148,55245429334803","1575469056","[20:37:35] [Server thread/INFO]: The game is running, but can't keep up with the target tick rate [20:37:35] [Server thread/INFO]: Target tick rate: 20,0 per second. Average time per tick: 190,6ms (Target: 50,0ms) [20:37:35] [Server thread/INFO]: Percentiles: P50: 178,7ms P95: 306,8ms P99: 343,0ms, sample: 100"
"diagnostics-only","1","2026-09-27T18:37:35.3488623+00:00","d21445e0e647ac86d4605ebeff90853c91eba01be743b685b61de63f5dbb529f","False","False","50","10062","0","0","0","0","False","0","191","182,3","306,8","343","100","196,21464140811048","148,55245429334803","1575469056","[20:37:35] [Server thread/INFO]: The game is running, but can't keep up with the target tick rate [20:37:35] [Server thread/INFO]: Target tick rate: 20,0 per second. Average time per tick: 191,0ms (Target: 50,0ms) [20:37:35] [Server thread/INFO]: Percentiles: P50: 182,3ms P95: 306,8ms P99: 343,0ms, sample: 100"
"diagnostics-only","1","2026-09-27T18:37:35.6116347+00:00","d21445e0e647ac86d4605ebeff90853c91eba01be743b685b61de63f5dbb529f","False","False","50","10062","0","0","0","0","False","0","190,8","178,7","306,8","343","100","120,93567447599378","148,55245429334803","1575469056","[20:37:36] [Server thread/INFO]: The game is running, but can't keep up with the target tick rate [20:37:36] [Server thread/INFO]: Target tick rate: 20,0 per second. Average time per tick: 190,8ms (Target: 50,0ms) [20:37:36] [Server thread/INFO]: Percentiles: P50: 178,7ms P95: 306,8ms P99: 343,0ms, sample: 100"
"diagnostics-only","1","2026-09-27T18:37:36.2318208+00:00","d21445e0e647ac86d4605ebeff90853c91eba01be743b685b61de63f5dbb529f","False","False","50","10062","0","0","0","0","False","0","192,7","182,3","306,8","343","100","134,0626700082234","148,55245429334803","1575469056","[20:37:36] [Server thread/INFO]: The game is running, but can't keep up with the target tick rate [20:37:36] [Server thread/INFO]: Target tick rate: 20,0 per second. Average time per tick: 192,7ms (Target: 50,0ms) [20:37:36] [Server thread/INFO]: Percentiles: P50: 182,3ms P95: 306,8ms P99: 343,0ms, sample: 100"
"diagnostics-only","1","2026-09-27T18:37:36.6047681+00:00","d21445e0e647ac86d4605ebeff90853c91eba01be743b685b61de63f5dbb529f","False","False","50","10062","0","0","0","0","False","0","193,7","184,2","306,8","343","100","113,27239692312567","148,55245429334803","1575469056","[20:37:36] [Server thread/INFO]: The game is running, but can't keep up with the target tick rate [20:37:36] [Server thread/INFO]: Target tick rate: 20,0 per second. Average time per tick: 193,7ms (Target: 50,0ms) [20:37:36] [Server thread/INFO]: Percentiles: P50: 184,2ms P95: 306,8ms P99: 343,0ms, sample: 100"
"diagnostics-only","1","2026-09-27T18:37:36.9772108+00:00","d21445e0e647ac86d4605ebeff90853c91eba01be743b685b61de63f5dbb529f","False","False","50","10062","0","0","0","0","False","0","193,9","184,2","306,8","343","100","164,37909413530457","148,55245429334803","1575469056","[20:37:37] [Server thread/INFO]: The game is running, but can't keep up with the target tick rate [20:37:37] [Server thread/INFO]: Target tick rate: 20,0 per second. Average time per tick: 193,9ms (Target: 50,0ms) [20:37:37] [Server thread/INFO]: Percentiles: P50: 184,2ms P95: 306,8ms P99: 343,0ms, sample: 100"
"diagnostics-only","1","2026-09-27T18:37:37.4905232+00:00","d21445e0e647ac86d4605ebeff90853c91eba01be743b685b61de63f5dbb529f","False","False","50","10062","0","0","0","0","False","0","195,9","185,6","306,8","343","100","143,99584299508518","148,55245429334803","1575469056","[20:37:37] [Server thread/INFO]: The game is running, but can't keep up with the target tick rate [20:37:37] [Server thread/INFO]: Target tick rate: 20,0 per second. Average time per tick: 195,9ms (Target: 50,0ms) [20:37:37] [Server thread/INFO]: Percentiles: P50: 185,6ms P95: 306,8ms P99: 343,0ms, sample: 100"
"diagnostics-only","1","2026-09-27T18:37:37.7726092+00:00","d21445e0e647ac86d4605ebeff90853c91eba01be743b685b61de63f5dbb529f","False","False","50","10062","0","0","0","0","False","0","196,9","185,9","306,8","343","100","115,38284572582175","148,55245429334803","1575469056","[20:37:38] [Server thread/INFO]: The game is running, but can't keep up with the target tick rate [20:37:38] [Server thread/INFO]: Target tick rate: 20,0 per second. Average time per tick: 196,9ms (Target: 50,0ms) [20:37:38] [Server thread/INFO]: Percentiles: P50: 185,9ms P95: 306,8ms P99: 343,0ms, sample: 100"
"diagnostics-only","1","2026-09-27T18:37:38.3007561+00:00","d21445e0e647ac86d4605ebeff90853c91eba01be743b685b61de63f5dbb529f","False","False","50","10062","0","0","0","0","False","0","197,3","185,9","306,8","343","100","124,71067124271688","148,55245429334803","1575469056","[20:37:38] [Server thread/INFO]: The game is running, but can't keep up with the target tick rate [20:37:38] [Server thread/INFO]: Target tick rate: 20,0 per second. Average time per tick: 197,3ms (Target: 50,0ms) [20:37:38] [Server thread/INFO]: Percentiles: P50: 185,9ms P95: 306,8ms P99: 343,0ms, sample: 100"
"diagnostics-only","1","2026-09-27T18:37:38.8019658+00:00","d21445e0e647ac86d4605ebeff90853c91eba01be743b685b61de63f5dbb529f","False","False","50","10062","0","0","0","0","False","0","199,3","186,7","306,8","343","100","132,5801501302265","148,55245429334803","1575469056","[20:37:39] [Server thread/INFO]: The game is running, but can't keep up with the target tick rate [20:37:39] [Server thread/INFO]: Target tick rate: 20,0 per second. Average time per tick: 199,3ms (Target: 50,0ms) [20:37:39] [Server thread/INFO]: Percentiles: P50: 186,7ms P95: 306,8ms P99: 343,0ms, sample: 100"
"diagnostics-only","1","2026-09-27T18:37:39.0494087+00:00","d21445e0e647ac86d4605ebeff90853c91eba01be743b685b61de63f5dbb529f","False","False","50","10062","0","0","0","0","False","0","200,4","187,5","306,8","343","100","121,36604937940936","148,55245429334803","1575469056","[20:37:39] [Server thread/INFO]: The game is running, but can't keep up with the target tick rate [20:37:39] [Server thread/INFO]: Target tick rate: 20,0 per second. Average time per tick: 200,4ms (Target: 50,0ms) [20:37:39] [Server thread/INFO]: Percentiles: P50: 187,5ms P95: 306,8ms P99: 343,0ms, sample: 100"
"diagnostics-only","1","2026-09-27T18:37:39.4227751+00:00","d21445e0e647ac86d4605ebeff90853c91eba01be743b685b61de63f5dbb529f","False","False","50","10062","0","0","0","0","False","0","200,7","187,5","306,8","343","100","158,26155460073878","148,55245429334803","1575469056","[20:37:39] [Server thread/INFO]: The game is running, but can't keep up with the target tick rate [20:37:39] [Server thread/INFO]: Target tick rate: 20,0 per second. Average time per tick: 200,7ms (Target: 50,0ms) [20:37:39] [Server thread/INFO]: Percentiles: P50: 187,5ms P95: 306,8ms P99: 343,0ms, sample: 100"
"diagnostics-only","1","2026-09-27T18:37:40.0447392+00:00","d21445e0e647ac86d4605ebeff90853c91eba01be743b685b61de63f5dbb529f","False","False","50","10062","0","0","0","0","False","0","202,6","188,2","306,8","343","100","135,04589534753387","148,55245429334803","1575469056","[20:37:40] [Server thread/INFO]: The game is running, but can't keep up with the target tick rate [20:37:40] [Server thread/INFO]: Target tick rate: 20,0 per second. Average time per tick: 202,6ms (Target: 50,0ms) [20:37:40] [Server thread/INFO]: Percentiles: P50: 188,2ms P95: 306,8ms P99: 343,0ms, sample: 100"
"diagnostics-only","1","2026-09-27T18:37:40.4150210+00:00","d21445e0e647ac86d4605ebeff90853c91eba01be743b685b61de63f5dbb529f","False","False","50","10062","0","0","0","0","False","0","203,6","194,4","306,8","343","100","113,25576325860894","148,55245429334803","1575469056","[20:37:40] [Server thread/INFO]: The game is running, but can't keep up with the target tick rate [20:37:40] [Server thread/INFO]: Target tick rate: 20,0 per second. Average time per tick: 203,6ms (Target: 50,0ms) [20:37:40] [Server thread/INFO]: Percentiles: P50: 194,4ms P95: 306,8ms P99: 343,0ms, sample: 100"
"diagnostics-only","1","2026-09-27T18:37:40.7875507+00:00","d21445e0e647ac86d4605ebeff90853c91eba01be743b685b61de63f5dbb529f","False","False","50","10062","0","0","0","0","False","0","204","194,4","306,8","343","100","157,58864117249567","148,55245429334803","1575469056","[20:37:41] [Server thread/INFO]: The game is running, but can't keep up with the target tick rate [20:37:41] [Server thread/INFO]: Target tick rate: 20,0 per second. Average time per tick: 204,0ms (Target: 50,0ms) [20:37:41] [Server thread/INFO]: Percentiles: P50: 194,4ms P95: 306,8ms P99: 343,0ms, sample: 100"
"diagnostics-only","1","2026-09-27T18:37:41.3129863+00:00","d21445e0e647ac86d4605ebeff90853c91eba01be743b685b61de63f5dbb529f","False","False","50","10062","0","0","0","0","False","0","206,2","196,1","310,6","343","100","120,7890440171937","148,55245429334803","1575469056","[20:37:41] [Server thread/INFO]: The game is running, but can't keep up with the target tick rate [20:37:41] [Server thread/INFO]: Target tick rate: 20,0 per second. Average time per tick: 206,2ms (Target: 50,0ms) [20:37:41] [Server thread/INFO]: Percentiles: P50: 196,1ms P95: 310,6ms P99: 343,0ms, sample: 100"
"diagnostics-only","1","2026-09-27T18:37:41.6881443+00:00","d21445e0e647ac86d4605ebeff90853c91eba01be743b685b61de63f5dbb529f","False","False","50","10062","0","0","0","0","False","0","207,2","198","310,6","343","100","131,04075918827368","148,55245429334803","1575469056","[20:37:42] [Server thread/INFO]: The game is running, but can't keep up with the target tick rate [20:37:42] [Server thread/INFO]: Target tick rate: 20,0 per second. Average time per tick: 207,2ms (Target: 50,0ms) [20:37:42] [Server thread/INFO]: Percentiles: P50: 198,0ms P95: 310,6ms P99: 343,0ms, sample: 100"
"diagnostics-only","1","2026-09-27T18:37:42.0577534+00:00","d21445e0e647ac86d4605ebeff90853c91eba01be743b685b61de63f5dbb529f","False","False","50","10062","0","0","0","0","False","0","207,4","198","310,6","343","100","120,47497983650422","148,55245429334803","1575469056","[20:37:42] [Server thread/INFO]: The game is running, but can't keep up with the target tick rate [20:37:42] [Server thread/INFO]: Target tick rate: 20,0 per second. Average time per tick: 207,4ms (Target: 50,0ms) [20:37:42] [Server thread/INFO]: Percentiles: P50: 198,0ms P95: 310,6ms P99: 343,0ms, sample: 100"
"diagnostics-only","1","2026-09-27T18:37:42.6803062+00:00","d21445e0e647ac86d4605ebeff90853c91eba01be743b685b61de63f5dbb529f","False","False","50","10062","0","0","0","0","False","0","209,5","198,4","310,6","343","100","175,06120139600804","148,55245429334803","1575469056","[20:37:42] [Server thread/INFO]: The game is running, but can't keep up with the target tick rate [20:37:42] [Server thread/INFO]: Target tick rate: 20,0 per second. Average time per tick: 209,5ms (Target: 50,0ms) [20:37:42] [Server thread/INFO]: Percentiles: P50: 198,4ms P95: 310,6ms P99: 343,0ms, sample: 100"
"diagnostics-only","1","2026-09-27T18:37:43.0551818+00:00","d21445e0e647ac86d4605ebeff90853c91eba01be743b685b61de63f5dbb529f","False","False","50","10062","0","0","0","0","False","0","210,5","198,4","310,6","343","100","118,94824628415195","148,55245429334803","1575469056","[20:37:43] [Server thread/INFO]: The game is running, but can't keep up with the target tick rate [20:37:43] [Server thread/INFO]: Target tick rate: 20,0 per second. Average time per tick: 210,5ms (Target: 50,0ms) [20:37:43] [Server thread/INFO]: Percentiles: P50: 198,4ms P95: 310,6ms P99: 343,0ms, sample: 100"
"diagnostics-only","1","2026-09-27T18:37:43.3178933+00:00","d21445e0e647ac86d4605ebeff90853c91eba01be743b685b61de63f5dbb529f","False","False","50","10062","0","0","0","0","False","0","210,5","198,4","310,6","343","100","161,14909033550356","148,55245429334803","1575469056","[20:37:43] [Server thread/INFO]: The game is running, but can't keep up with the target tick rate [20:37:43] [Server thread/INFO]: Target tick rate: 20,0 per second. Average time per tick: 210,5ms (Target: 50,0ms) [20:37:43] [Server thread/INFO]: Percentiles: P50: 198,4ms P95: 310,6ms P99: 343,0ms, sample: 100"
"diagnostics-only","1","2026-09-27T18:37:43.8123730+00:00","d21445e0e647ac86d4605ebeff90853c91eba01be743b685b61de63f5dbb529f","False","False","50","10062","0","0","0","0","False","0","212,5","200","310,6","343","100","123,65102439356971","148,55245429334803","1575469056","[20:37:44] [Server thread/INFO]: The game is running, but can't keep up with the target tick rate [20:37:44] [Server thread/INFO]: Target tick rate: 20,0 per second. Average time per tick: 212,5ms (Target: 50,0ms) [20:37:44] [Server thread/INFO]: Percentiles: P50: 200,0ms P95: 310,6ms P99: 343,0ms, sample: 100"
"diagnostics-only","1","2026-09-27T18:37:44.3052141+00:00","d21445e0e647ac86d4605ebeff90853c91eba01be743b685b61de63f5dbb529f","False","False","50","10062","0","0","0","0","False","0","213,5","202,9","310,6","343","100","113,88952377778969","148,55245429334803","1575469056","[20:37:44] [Server thread/INFO]: The game is running, but can't keep up with the target tick rate [20:37:44] [Server thread/INFO]: Target tick rate: 20,0 per second. Average time per tick: 213,5ms (Target: 50,0ms) [20:37:44] [Server thread/INFO]: Percentiles: P50: 202,9ms P95: 310,6ms P99: 343,0ms, sample: 100"
"diagnostics-only","1","2026-09-27T18:37:44.6893345+00:00","d21445e0e647ac86d4605ebeff90853c91eba01be743b685b61de63f5dbb529f","False","False","50","10062","0","0","0","0","False","0","213,5","202,9","310,6","343","100","148,1702151184363","148,55245429334803","1575469056","[20:37:45] [Server thread/INFO]: The game is running, but can't keep up with the target tick rate [20:37:45] [Server thread/INFO]: Target tick rate: 20,0 per second. Average time per tick: 213,5ms (Target: 50,0ms) [20:37:45] [Server thread/INFO]: Percentiles: P50: 202,9ms P95: 310,6ms P99: 343,0ms, sample: 100"
"diagnostics-only","1","2026-09-27T18:37:45.1849805+00:00","d21445e0e647ac86d4605ebeff90853c91eba01be743b685b61de63f5dbb529f","False","False","50","10062","0","0","0","0","False","0","214,5","202,9","310,6","343","100","157,2575174628812","148,55245429334803","1575469056","[20:37:45] [Server thread/INFO]: The game is running, but can't keep up with the target tick rate [20:37:45] [Server thread/INFO]: Target tick rate: 20,0 per second. Average time per tick: 214,5ms (Target: 50,0ms) [20:37:45] [Server thread/INFO]: Percentiles: P50: 202,9ms P95: 310,6ms P99: 343,0ms, sample: 100"
"diagnostics-only","1","2026-09-27T18:37:45.4333660+00:00","d21445e0e647ac86d4605ebeff90853c91eba01be743b685b61de63f5dbb529f","False","False","50","10062","0","0","0","0","False","0","213,1","200,1","308,1","334,3","100","116,73891535735576","148,55245429334803","1575469056","[20:37:45] [Server thread/INFO]: The game is running, but can't keep up with the target tick rate [20:37:45] [Server thread/INFO]: Target tick rate: 20,0 per second. Average time per tick: 213,1ms (Target: 50,0ms) [20:37:45] [Server thread/INFO]: Percentiles: P50: 200,1ms P95: 308,1ms P99: 334,3ms, sample: 100"
"diagnostics-only","1","2026-09-27T18:37:45.9420047+00:00","d21445e0e647ac86d4605ebeff90853c91eba01be743b685b61de63f5dbb529f","False","False","50","10062","0","0","0","0","False","0","212,6","200,1","308,1","334,3","100","126,03149214430584","148,55245429334803","1575469056","[20:37:46] [Server thread/INFO]: The game is running, but can't keep up with the target tick rate [20:37:46] [Server thread/INFO]: Target tick rate: 20,0 per second. Average time per tick: 212,6ms (Target: 50,0ms) [20:37:46] [Server thread/INFO]: Percentiles: P50: 200,1ms P95: 308,1ms P99: 334,3ms, sample: 100"
"diagnostics-only","1","2026-09-27T18:37:46.4379352+00:00","d21445e0e647ac86d4605ebeff90853c91eba01be743b685b61de63f5dbb529f","False","False","50","10062","0","0","0","0","False","0","214,3","202,9","308,1","334,3","100","146,47226488238562","148,55245429334803","1575469056","[20:37:46] [Server thread/INFO]: The game is running, but can't keep up with the target tick rate [20:37:46] [Server thread/INFO]: Target tick rate: 20,0 per second. Average time per tick: 214,3ms (Target: 50,0ms) [20:37:46] [Server thread/INFO]: Percentiles: P50: 202,9ms P95: 308,1ms P99: 334,3ms, sample: 100"
"diagnostics-only","1","2026-09-27T18:37:46.8112711+00:00","d21445e0e647ac86d4605ebeff90853c91eba01be743b685b61de63f5dbb529f","False","False","50","10062","0","0","0","0","False","0","213,4","200,1","308,1","334,3","100","118,67818274541291","148,55245429334803","1575469056","[20:37:47] [Server thread/INFO]: The game is running, but can't keep up with the target tick rate [20:37:47] [Server thread/INFO]: Target tick rate: 20,0 per second. Average time per tick: 213,4ms (Target: 50,0ms) [20:37:47] [Server thread/INFO]: Percentiles: P50: 200,1ms P95: 308,1ms P99: 334,3ms, sample: 100"
"diagnostics-only","1","2026-09-27T18:37:47.1799165+00:00","d21445e0e647ac86d4605ebeff90853c91eba01be743b685b61de63f5dbb529f","False","False","50","10062","0","0","0","0","False","0","213,2","200,1","308,1","334,3","100","150,46143800400282","148,55245429334803","1575469056","[20:37:47] [Server thread/INFO]: The game is running, but can't keep up with the target tick rate [20:37:47] [Server thread/INFO]: Target tick rate: 20,0 per second. Average time per tick: 213,2ms (Target: 50,0ms) [20:37:47] [Server thread/INFO]: Percentiles: P50: 200,1ms P95: 308,1ms P99: 334,3ms, sample: 100"
"diagnostics-only","1","2026-09-27T18:37:47.8341646+00:00","d21445e0e647ac86d4605ebeff90853c91eba01be743b685b61de63f5dbb529f","False","False","50","10062","0","0","0","0","False","0","214,9","202,9","308,1","334,3","100","113,54116600419182","148,55245429334803","1575469056","[20:37:48] [Server thread/INFO]: The game is running, but can't keep up with the target tick rate [20:37:48] [Server thread/INFO]: Target tick rate: 20,0 per second. Average time per tick: 214,9ms (Target: 50,0ms) [20:37:48] [Server thread/INFO]: Percentiles: P50: 202,9ms P95: 308,1ms P99: 334,3ms, sample: 100"
"diagnostics-only","1","2026-09-27T18:37:48.2194649+00:00","d21445e0e647ac86d4605ebeff90853c91eba01be743b685b61de63f5dbb529f","False","False","50","10062","0","0","0","0","False","0","214,3","202,9","308,1","334,3","100","242,133540383296","148,55245429334803","1575469056","[20:37:48] [Server thread/INFO]: The game is running, but can't keep up with the target tick rate [20:37:48] [Server thread/INFO]: Target tick rate: 20,0 per second. Average time per tick: 214,3ms (Target: 50,0ms) [20:37:48] [Server thread/INFO]: Percentiles: P50: 202,9ms P95: 308,1ms P99: 334,3ms, sample: 100"
"diagnostics-only","1","2026-09-27T18:37:48.7163579+00:00","d21445e0e647ac86d4605ebeff90853c91eba01be743b685b61de63f5dbb529f","False","False","50","10062","0","0","0","0","False","0","214,2","202,9","308,1","334,3","100","132,07284020907056","148,55245429334803","1575469056","[20:37:49] [Server thread/INFO]: The game is running, but can't keep up with the target tick rate [20:37:49] [Server thread/INFO]: Target tick rate: 20,0 per second. Average time per tick: 214,2ms (Target: 50,0ms) [20:37:49] [Server thread/INFO]: Percentiles: P50: 202,9ms P95: 308,1ms P99: 334,3ms, sample: 100"
"diagnostics-only","1","2026-09-27T18:37:49.2132229+00:00","d21445e0e647ac86d4605ebeff90853c91eba01be743b685b61de63f5dbb529f","False","False","50","10062","0","0","0","0","False","0","215,9","203,5","308,1","334,3","100","137,70384381001458","148,55245429334803","1575469056","[20:37:49] [Server thread/INFO]: The game is running, but can't keep up with the target tick rate [20:37:49] [Server thread/INFO]: Target tick rate: 20,0 per second. Average time per tick: 215,9ms (Target: 50,0ms) [20:37:49] [Server thread/INFO]: Percentiles: P50: 203,5ms P95: 308,1ms P99: 334,3ms, sample: 100"
"diagnostics-only","1","2026-09-27T18:37:49.5991807+00:00","d21445e0e647ac86d4605ebeff90853c91eba01be743b685b61de63f5dbb529f","False","False","50","10062","0","0","0","0","False","0","215,3","203,5","308,1","334,3","100","134,33017066379523","148,55245429334803","1575469056","[20:37:49] [Server thread/INFO]: The game is running, but can't keep up with the target tick rate [20:37:49] [Server thread/INFO]: Target tick rate: 20,0 per second. Average time per tick: 215,3ms (Target: 50,0ms) [20:37:49] [Server thread/INFO]: Percentiles: P50: 203,5ms P95: 308,1ms P99: 334,3ms, sample: 100"
"diagnostics-only","1","2026-09-27T18:37:49.9712475+00:00","d21445e0e647ac86d4605ebeff90853c91eba01be743b685b61de63f5dbb529f","False","False","50","10062","0","0","0","0","False","0","215","203,5","308,1","334,3","100","231,0524531662705","148,55245429334803","1575469056","[20:37:50] [Server thread/INFO]: The game is running, but can't keep up with the target tick rate [20:37:50] [Server thread/INFO]: Target tick rate: 20,0 per second. Average time per tick: 215,0ms (Target: 50,0ms) [20:37:50] [Server thread/INFO]: Percentiles: P50: 203,5ms P95: 308,1ms P99: 334,3ms, sample: 100"
"diagnostics-only","1","2026-09-27T18:37:50.5934119+00:00","d21445e0e647ac86d4605ebeff90853c91eba01be743b685b61de63f5dbb529f","False","False","50","10062","0","0","0","0","False","0","216,6","204","308,1","334,3","100","129,46010958171857","148,55245429334803","1575469056","[20:37:50] [Server thread/INFO]: The game is running, but can't keep up with the target tick rate [20:37:50] [Server thread/INFO]: Target tick rate: 20,0 per second. Average time per tick: 216,6ms (Target: 50,0ms) [20:37:50] [Server thread/INFO]: Percentiles: P50: 204,0ms P95: 308,1ms P99: 334,3ms, sample: 100"
"diagnostics-only","1","2026-09-27T18:37:50.9675357+00:00","d21445e0e647ac86d4605ebeff90853c91eba01be743b685b61de63f5dbb529f","False","False","50","10062","0","0","0","0","False","0","215,8","203,5","308,1","334,3","100","169,87142318731335","148,55245429334803","1575469056","[20:37:51] [Server thread/INFO]: The game is running, but can't keep up with the target tick rate [20:37:51] [Server thread/INFO]: Target tick rate: 20,0 per second. Average time per tick: 215,8ms (Target: 50,0ms) [20:37:51] [Server thread/INFO]: Percentiles: P50: 203,5ms P95: 308,1ms P99: 334,3ms, sample: 100"
"diagnostics-only","1","2026-09-27T18:37:51.4642689+00:00","d21445e0e647ac86d4605ebeff90853c91eba01be743b685b61de63f5dbb529f","False","False","50","10062","0","0","0","0","False","0","215,4","203,5","308,1","334,3","100","243,59446462598888","148,55245429334803","1575469056","[20:37:51] [Server thread/INFO]: The game is running, but can't keep up with the target tick rate [20:37:51] [Server thread/INFO]: Target tick rate: 20,0 per second. Average time per tick: 215,4ms (Target: 50,0ms) [20:37:51] [Server thread/INFO]: Percentiles: P50: 203,5ms P95: 308,1ms P99: 334,3ms, sample: 100"
"diagnostics-only","1","2026-09-27T18:37:51.9709759+00:00","d21445e0e647ac86d4605ebeff90853c91eba01be743b685b61de63f5dbb529f","False","False","50","10062","0","0","0","0","False","0","216,9","204","308,1","334,3","100","122,73787178623157","148,55245429334803","1575469056","[20:37:52] [Server thread/INFO]: The game is running, but can't keep up with the target tick rate [20:37:52] [Server thread/INFO]: Target tick rate: 20,0 per second. Average time per tick: 216,9ms (Target: 50,0ms) [20:37:52] [Server thread/INFO]: Percentiles: P50: 204,0ms P95: 308,1ms P99: 334,3ms, sample: 100"
"diagnostics-only","1","2026-09-27T18:37:52.4674611+00:00","d21445e0e647ac86d4605ebeff90853c91eba01be743b685b61de63f5dbb529f","False","False","50","10062","0","0","0","0","False","0","216,4","203,5","308,1","334,3","100","126,63962859940219","148,55245429334803","1575469056","[20:37:52] [Server thread/INFO]: The game is running, but can't keep up with the target tick rate [20:37:52] [Server thread/INFO]: Target tick rate: 20,0 per second. Average time per tick: 216,4ms (Target: 50,0ms) [20:37:52] [Server thread/INFO]: Percentiles: P50: 203,5ms P95: 308,1ms P99: 334,3ms, sample: 100"
"diagnostics-only","1","2026-09-27T18:37:52.8376235+00:00","d21445e0e647ac86d4605ebeff90853c91eba01be743b685b61de63f5dbb529f","False","False","50","10062","0","0","0","0","False","0","216","203,5","308,1","334,3","100","204,07525799833385","148,55245429334803","1575469056","[20:37:53] [Server thread/INFO]: The game is running, but can't keep up with the target tick rate [20:37:53] [Server thread/INFO]: Target tick rate: 20,0 per second. Average time per tick: 216,0ms (Target: 50,0ms) [20:37:53] [Server thread/INFO]: Percentiles: P50: 203,5ms P95: 308,1ms P99: 334,3ms, sample: 100"
"diagnostics-only","1","2026-09-27T18:37:53.4730977+00:00","d21445e0e647ac86d4605ebeff90853c91eba01be743b685b61de63f5dbb529f","False","False","50","10062","0","0","0","0","False","0","217,9","204","309,1","334,3","100","139,01354237914617","148,55245429334803","1575469056","[20:37:53] [Server thread/INFO]: The game is running, but can't keep up with the target tick rate [20:37:53] [Server thread/INFO]: Target tick rate: 20,0 per second. Average time per tick: 217,9ms (Target: 50,0ms) [20:37:53] [Server thread/INFO]: Percentiles: P50: 204,0ms P95: 309,1ms P99: 334,3ms, sample: 100"
"diagnostics-only","1","2026-09-27T18:37:53.8440427+00:00","d21445e0e647ac86d4605ebeff90853c91eba01be743b685b61de63f5dbb529f","False","False","50","10062","0","0","0","0","False","0","217,2","204","309,1","334,3","100","265,06919197889516","148,55245429334803","1575469056","[20:37:54] [Server thread/INFO]: The game is running, but can't keep up with the target tick rate [20:37:54] [Server thread/INFO]: Target tick rate: 20,0 per second. Average time per tick: 217,2ms (Target: 50,0ms) [20:37:54] [Server thread/INFO]: Percentiles: P50: 204,0ms P95: 309,1ms P99: 334,3ms, sample: 100"
"diagnostics-only","1","2026-09-27T18:37:54.2154032+00:00","d21445e0e647ac86d4605ebeff90853c91eba01be743b685b61de63f5dbb529f","False","False","50","10062","0","0","0","0","False","0","217,1","204","309,1","334,3","100","123,52473909993986","148,55245429334803","1575469056","[20:37:54] [Server thread/INFO]: The game is running, but can't keep up with the target tick rate [20:37:54] [Server thread/INFO]: Target tick rate: 20,0 per second. Average time per tick: 217,1ms (Target: 50,0ms) [20:37:54] [Server thread/INFO]: Percentiles: P50: 204,0ms P95: 309,1ms P99: 334,3ms, sample: 100"
"diagnostics-only","1","2026-09-27T18:37:54.8478531+00:00","d21445e0e647ac86d4605ebeff90853c91eba01be743b685b61de63f5dbb529f","False","False","50","10062","0","0","0","0","False","0","219","204,4","309,1","334,3","100","105,04066098777078","148,55245429334803","1575469056","[20:37:55] [Server thread/INFO]: The game is running, but can't keep up with the target tick rate [20:37:55] [Server thread/INFO]: Target tick rate: 20,0 per second. Average time per tick: 219,0ms (Target: 50,0ms) [20:37:55] [Server thread/INFO]: Percentiles: P50: 204,4ms P95: 309,1ms P99: 334,3ms, sample: 100"
"diagnostics-only","1","2026-09-27T18:37:55.2197341+00:00","d21445e0e647ac86d4605ebeff90853c91eba01be743b685b61de63f5dbb529f","False","False","50","10062","0","0","0","0","False","0","218,5","204,4","309,1","334,3","100","195,33983489248007","148,55245429334803","1575469056","[20:37:55] [Server thread/INFO]: The game is running, but can't keep up with the target tick rate [20:37:55] [Server thread/INFO]: Target tick rate: 20,0 per second. Average time per tick: 218,5ms (Target: 50,0ms) [20:37:55] [Server thread/INFO]: Percentiles: P50: 204,4ms P95: 309,1ms P99: 334,3ms, sample: 100"
"diagnostics-only","1","2026-09-27T18:37:55.8356552+00:00","d21445e0e647ac86d4605ebeff90853c91eba01be743b685b61de63f5dbb529f","False","False","50","10062","0","0","0","0","False","0","217,7","204","309,1","334,3","100","163,90073452781922","148,55245429334803","1575469056","[20:37:56] [Server thread/INFO]: The game is running, but can't keep up with the target tick rate [20:37:56] [Server thread/INFO]: Target tick rate: 20,0 per second. Average time per tick: 217,7ms (Target: 50,0ms) [20:37:56] [Server thread/INFO]: Percentiles: P50: 204,0ms P95: 309,1ms P99: 334,3ms, sample: 100"
"diagnostics-only","1","2026-09-27T18:37:56.3504215+00:00","d21445e0e647ac86d4605ebeff90853c91eba01be743b685b61de63f5dbb529f","False","False","50","10062","0","0","0","0","False","0","219,3","204,4","309,1","334,3","100","122,3701512377594","148,55245429334803","1575469056","[20:37:56] [Server thread/INFO]: The game is running, but can't keep up with the target tick rate [20:37:56] [Server thread/INFO]: Target tick rate: 20,0 per second. Average time per tick: 219,3ms (Target: 50,0ms) [20:37:56] [Server thread/INFO]: Percentiles: P50: 204,4ms P95: 309,1ms P99: 334,3ms, sample: 100"
"diagnostics-only","1","2026-09-27T18:37:56.7334824+00:00","d21445e0e647ac86d4605ebeff90853c91eba01be743b685b61de63f5dbb529f","False","False","50","10062","0","0","0","0","False","0","218,5","204,4","309,1","334,3","100","244,2317771684171","148,55245429334803","1575469056","[20:37:57] [Server thread/INFO]: The game is running, but can't keep up with the target tick rate [20:37:57] [Server thread/INFO]: Target tick rate: 20,0 per second. Average time per tick: 218,5ms (Target: 50,0ms) [20:37:57] [Server thread/INFO]: Percentiles: P50: 204,4ms P95: 309,1ms P99: 334,3ms, sample: 100"
"diagnostics-only","1","2026-09-27T18:37:57.2388988+00:00","d21445e0e647ac86d4605ebeff90853c91eba01be743b685b61de63f5dbb529f","False","False","50","10062","0","0","0","0","False","0","218,2","204,4","309,1","334,3","100","120,14088896487021","148,55245429334803","1575469056","[20:37:57] [Server thread/INFO]: The game is running, but can't keep up with the target tick rate [20:37:57] [Server thread/INFO]: Target tick rate: 20,0 per second. Average time per tick: 218,2ms (Target: 50,0ms) [20:37:57] [Server thread/INFO]: Percentiles: P50: 204,4ms P95: 309,1ms P99: 334,3ms, sample: 100"
"diagnostics-only","1","2026-09-27T18:37:57.8501725+00:00","d21445e0e647ac86d4605ebeff90853c91eba01be743b685b61de63f5dbb529f","False","False","50","10062","0","0","0","0","False","0","219,7",,,,,"120,86655713255792","148,55245429334803","1575469056","[20:37:58] [Server thread/INFO]: The game is running, but can't keep up with the target tick rate [20:37:58] [Server thread/INFO]: Target tick rate: 20,0 per second. Average time per tick: 219,7ms (Target: 50,0ms)"
"diagnostics-only","1","2026-09-27T18:37:58.2380459+00:00","d21445e0e647ac86d4605ebeff90853c91eba01be743b685b61de63f5dbb529f","False","False","50","10062","0","0","0","0","False","0","218,5","205","310,6","334,3","100","240,85670414939173","148,55245429334803","1575469056","[20:37:58] [Server thread/INFO]: Percentiles: P50: 205,0ms P95: 310,6ms P99: 334,3ms, sample: 100 [20:37:58] [Server thread/INFO]: The game is running, but can't keep up with the target tick rate [20:37:58] [Server thread/INFO]: Target tick rate: 20,0 per second. Average time per tick: 218,5ms (Target: 50,0ms) [20:37:58] [Server thread/INFO]: Percentiles: P50: 205,0ms P95: 309,1ms P99: 334,3ms, sample: 100"
"diagnostics-only","1","2026-09-27T18:37:58.7374977+00:00","d21445e0e647ac86d4605ebeff90853c91eba01be743b685b61de63f5dbb529f","False","False","50","10062","0","0","0","0","False","0","218,1","204,4","309,1","334,3","100","153,66604251718724","148,55245429334803","1575469056","[20:37:59] [Server thread/INFO]: The game is running, but can't keep up with the target tick rate [20:37:59] [Server thread/INFO]: Target tick rate: 20,0 per second. Average time per tick: 218,1ms (Target: 50,0ms) [20:37:59] [Server thread/INFO]: Percentiles: P50: 204,4ms P95: 309,1ms P99: 334,3ms, sample: 100"
"patch-enabled","1","2026-09-27T18:38:50.9549365+00:00","d21445e0e647ac86d4605ebeff90853c91eba01be743b685b61de63f5dbb529f","True","False","50","10062","0","0","0","0","False","0","168,4","195,2","257,2","303,4","100","88,74548970065487","154,04400323987275","1569660928","[20:38:50] [Server thread/INFO]: The game is running, but can't keep up with the target tick rate [20:38:50] [Server thread/INFO]: Target tick rate: 20,0 per second. Average time per tick: 168,4ms (Target: 50,0ms) [20:38:50] [Server thread/INFO]: Percentiles: P50: 195,2ms P95: 257,2ms P99: 303,4ms, sample: 100"
"patch-enabled","1","2026-09-27T18:38:51.0839456+00:00","d21445e0e647ac86d4605ebeff90853c91eba01be743b685b61de63f5dbb529f","True","False","50","10062","0","0","0","0","False","0","169,1","195,2","257,2","303,4","100","170,7781367552284","154,04400323987275","1569660928","[20:38:51] [Server thread/INFO]: The game is running, but can't keep up with the target tick rate [20:38:51] [Server thread/INFO]: Target tick rate: 20,0 per second. Average time per tick: 169,1ms (Target: 50,0ms) [20:38:51] [Server thread/INFO]: Percentiles: P50: 195,2ms P95: 257,2ms P99: 303,4ms, sample: 100"
"patch-enabled","1","2026-09-27T18:38:51.4625815+00:00","d21445e0e647ac86d4605ebeff90853c91eba01be743b685b61de63f5dbb529f","True","False","50","10062","0","0","0","0","False","0","170,9","196,5","257,2","303,4","100","176,4772795418932","154,04400323987275","1569660928","[20:38:51] [Server thread/INFO]: The game is running, but can't keep up with the target tick rate [20:38:51] [Server thread/INFO]: Target tick rate: 20,0 per second. Average time per tick: 170,9ms (Target: 50,0ms) [20:38:51] [Server thread/INFO]: Percentiles: P50: 196,5ms P95: 257,2ms P99: 303,4ms, sample: 100"
"patch-enabled","1","2026-09-27T18:38:51.8344179+00:00","d21445e0e647ac86d4605ebeff90853c91eba01be743b685b61de63f5dbb529f","True","False","50","10062","0","0","0","0","False","0","172,6","198,4","257,2","303,4","100","107,55430871165044","154,04400323987275","1569660928","[20:38:52] [Server thread/INFO]: The game is running, but can't keep up with the target tick rate [20:38:52] [Server thread/INFO]: Target tick rate: 20,0 per second. Average time per tick: 172,6ms (Target: 50,0ms) [20:38:52] [Server thread/INFO]: Percentiles: P50: 198,4ms P95: 257,2ms P99: 303,4ms, sample: 100"
"patch-enabled","1","2026-09-27T18:38:52.0959121+00:00","d21445e0e647ac86d4605ebeff90853c91eba01be743b685b61de63f5dbb529f","True","False","50","10062","0","0","0","0","False","0","173,2","198,4","257,2","303,4","100","126,04392096219308","154,04400323987275","1569660928","[20:38:52] [Server thread/INFO]: The game is running, but can't keep up with the target tick rate [20:38:52] [Server thread/INFO]: Target tick rate: 20,0 per second. Average time per tick: 173,2ms (Target: 50,0ms) [20:38:52] [Server thread/INFO]: Percentiles: P50: 198,4ms P95: 257,2ms P99: 303,4ms, sample: 100"
"patch-enabled","1","2026-09-27T18:38:52.5917680+00:00","d21445e0e647ac86d4605ebeff90853c91eba01be743b685b61de63f5dbb529f","True","False","50","10062","0","0","0","0","False","0","174,6","202,8","257,2","303,4","100","134,4827845897791","154,04400323987275","1569660928","[20:38:52] [Server thread/INFO]: The game is running, but can't keep up with the target tick rate [20:38:52] [Server thread/INFO]: Target tick rate: 20,0 per second. Average time per tick: 174,6ms (Target: 50,0ms) [20:38:52] [Server thread/INFO]: Percentiles: P50: 202,8ms P95: 257,2ms P99: 303,4ms, sample: 100"
"patch-enabled","1","2026-09-27T18:38:52.9635825+00:00","d21445e0e647ac86d4605ebeff90853c91eba01be743b685b61de63f5dbb529f","True","False","50","10062","0","0","0","0","False","0","176,4","205,1","257,2","303,4","100","124,61533737658594","154,04400323987275","1569660928","[20:38:53] [Server thread/INFO]: The game is running, but can't keep up with the target tick rate [20:38:53] [Server thread/INFO]: Target tick rate: 20,0 per second. Average time per tick: 176,4ms (Target: 50,0ms) [20:38:53] [Server thread/INFO]: Percentiles: P50: 205,1ms P95: 257,2ms P99: 303,4ms, sample: 100"
"patch-enabled","1","2026-09-27T18:38:53.2143520+00:00","d21445e0e647ac86d4605ebeff90853c91eba01be743b685b61de63f5dbb529f","True","False","50","10062","0","0","0","0","False","0","177,3","205,1","257,2","303,4","100","135,04379086990411","154,04400323987275","1569660928","[20:38:53] [Server thread/INFO]: The game is running, but can't keep up with the target tick rate [20:38:53] [Server thread/INFO]: Target tick rate: 20,0 per second. Average time per tick: 177,3ms (Target: 50,0ms) [20:38:53] [Server thread/INFO]: Percentiles: P50: 205,1ms P95: 257,2ms P99: 303,4ms, sample: 100"
"patch-enabled","1","2026-09-27T18:38:53.7118949+00:00","d21445e0e647ac86d4605ebeff90853c91eba01be743b685b61de63f5dbb529f","True","False","50","10062","0","0","0","0","False","0","179","206","257,2","303,4","100","138,29054249586235","154,04400323987275","1569660928","[20:38:54] [Server thread/INFO]: The game is running, but can't keep up with the target tick rate [20:38:54] [Server thread/INFO]: Target tick rate: 20,0 per second. Average time per tick: 179,0ms (Target: 50,0ms) [20:38:54] [Server thread/INFO]: Percentiles: P50: 206,0ms P95: 257,2ms P99: 303,4ms, sample: 100"
"patch-enabled","1","2026-09-27T18:38:54.0847365+00:00","d21445e0e647ac86d4605ebeff90853c91eba01be743b685b61de63f5dbb529f","True","False","50","10062","0","0","0","0","False","0","180,8","210,8","257,2","303,4","100","123,9799168593039","154,04400323987275","1569660928","[20:38:54] [Server thread/INFO]: The game is running, but can't keep up with the target tick rate [20:38:54] [Server thread/INFO]: Target tick rate: 20,0 per second. Average time per tick: 180,8ms (Target: 50,0ms) [20:38:54] [Server thread/INFO]: Percentiles: P50: 210,8ms P95: 257,2ms P99: 303,4ms, sample: 100"
"patch-enabled","1","2026-09-27T18:38:54.3493603+00:00","d21445e0e647ac86d4605ebeff90853c91eba01be743b685b61de63f5dbb529f","True","False","50","10062","0","0","0","0","False","0","181,3","210,8","257,2","303,4","100","172,61839162906224","154,04400323987275","1569660928","[20:38:54] [Server thread/INFO]: The game is running, but can't keep up with the target tick rate [20:38:54] [Server thread/INFO]: Target tick rate: 20,0 per second. Average time per tick: 181,3ms (Target: 50,0ms) [20:38:54] [Server thread/INFO]: Percentiles: P50: 210,8ms P95: 257,2ms P99: 303,4ms, sample: 100"
"patch-enabled","1","2026-09-27T18:38:54.7204932+00:00","d21445e0e647ac86d4605ebeff90853c91eba01be743b685b61de63f5dbb529f","True","False","50","10062","0","0","0","0","False","0","183","213,5","257,2","303,4","100","192,18741769364937","154,04400323987275","1569660928","[20:38:55] [Server thread/INFO]: The game is running, but can't keep up with the target tick rate [20:38:55] [Server thread/INFO]: Target tick rate: 20,0 per second. Average time per tick: 183,0ms (Target: 50,0ms) [20:38:55] [Server thread/INFO]: Percentiles: P50: 213,5ms P95: 257,2ms P99: 303,4ms, sample: 100"
"patch-enabled","1","2026-09-27T18:38:55.0944593+00:00","d21445e0e647ac86d4605ebeff90853c91eba01be743b685b61de63f5dbb529f","True","False","50","10062","0","0","0","0","False","0","184,6","216,6","257,2","303,4","100","121,83782937890872","154,04400323987275","1569660928","[20:38:55] [Server thread/INFO]: The game is running, but can't keep up with the target tick rate [20:38:55] [Server thread/INFO]: Target tick rate: 20,0 per second. Average time per tick: 184,6ms (Target: 50,0ms) [20:38:55] [Server thread/INFO]: Percentiles: P50: 216,6ms P95: 257,2ms P99: 303,4ms, sample: 100"
"patch-enabled","1","2026-09-27T18:38:55.4664205+00:00","d21445e0e647ac86d4605ebeff90853c91eba01be743b685b61de63f5dbb529f","True","False","50","10062","0","0","0","0","False","0","185,3","216,6","257,2","303,4","100","141,482362309365","154,04400323987275","1569660928","[20:38:55] [Server thread/INFO]: The game is running, but can't keep up with the target tick rate [20:38:55] [Server thread/INFO]: Target tick rate: 20,0 per second. Average time per tick: 185,3ms (Target: 50,0ms) [20:38:55] [Server thread/INFO]: Percentiles: P50: 216,6ms P95: 257,2ms P99: 303,4ms, sample: 100"
"patch-enabled","1","2026-09-27T18:38:55.8419060+00:00","d21445e0e647ac86d4605ebeff90853c91eba01be743b685b61de63f5dbb529f","True","False","50","10062","0","0","0","0","False","0","186,9","217","257,2","303,4","100","132,1646055030019","154,04400323987275","1569660928","[20:38:56] [Server thread/INFO]: The game is running, but can't keep up with the target tick rate [20:38:56] [Server thread/INFO]: Target tick rate: 20,0 per second. Average time per tick: 186,9ms (Target: 50,0ms) [20:38:56] [Server thread/INFO]: Percentiles: P50: 217,0ms P95: 257,2ms P99: 303,4ms, sample: 100"
"patch-enabled","1","2026-09-27T18:38:56.3384259+00:00","d21445e0e647ac86d4605ebeff90853c91eba01be743b685b61de63f5dbb529f","True","False","50","10062","0","0","0","0","False","0","188,5","217,8","257,2","303,4","100","124,34895859239367","154,04400323987275","1569660928","[20:38:56] [Server thread/INFO]: The game is running, but can't keep up with the target tick rate [20:38:56] [Server thread/INFO]: Target tick rate: 20,0 per second. Average time per tick: 188,5ms (Target: 50,0ms) [20:38:56] [Server thread/INFO]: Percentiles: P50: 217,8ms P95: 257,2ms P99: 303,4ms, sample: 100"
"patch-enabled","1","2026-09-27T18:38:56.5897396+00:00","d21445e0e647ac86d4605ebeff90853c91eba01be743b685b61de63f5dbb529f","True","False","50","10062","0","0","0","0","False","0","189,2","217,8","257,2","303,4","100","121,60520426172086","154,04400323987275","1569660928","[20:38:56] [Server thread/INFO]: The game is running, but can't keep up with the target tick rate [20:38:56] [Server thread/INFO]: Target tick rate: 20,0 per second. Average time per tick: 189,2ms (Target: 50,0ms) [20:38:56] [Server thread/INFO]: Percentiles: P50: 217,8ms P95: 257,2ms P99: 303,4ms, sample: 100"
"patch-enabled","1","2026-09-27T18:38:56.9752052+00:00","d21445e0e647ac86d4605ebeff90853c91eba01be743b685b61de63f5dbb529f","True","False","50","10062","0","0","0","0","False","0","190,4","218,6","257,2","303,4","100","158,18541888018092","154,04400323987275","1569660928","[20:38:57] [Server thread/INFO]: The game is running, but can't keep up with the target tick rate [20:38:57] [Server thread/INFO]: Target tick rate: 20,0 per second. Average time per tick: 190,4ms (Target: 50,0ms) [20:38:57] [Server thread/INFO]: Percentiles: P50: 218,6ms P95: 257,2ms P99: 303,4ms, sample: 100"
"patch-enabled","1","2026-09-27T18:38:57.3604318+00:00","d21445e0e647ac86d4605ebeff90853c91eba01be743b685b61de63f5dbb529f","True","False","50","10062","0","0","0","0","False","0","191,9","219,8","257,2","303,4","100","136,78456202677515","154,04400323987275","1569660928","[20:38:57] [Server thread/INFO]: The game is running, but can't keep up with the target tick rate [20:38:57] [Server thread/INFO]: Target tick rate: 20,0 per second. Average time per tick: 191,9ms (Target: 50,0ms) [20:38:57] [Server thread/INFO]: Percentiles: P50: 219,8ms P95: 257,2ms P99: 303,4ms, sample: 100"
"patch-enabled","1","2026-09-27T18:38:57.6117253+00:00","d21445e0e647ac86d4605ebeff90853c91eba01be743b685b61de63f5dbb529f","True","False","50","10062","0","0","0","0","False","0","192,2","219,8","257,2","303,4","100","159,63459778291457","154,04400323987275","1569660928","[20:38:57] [Server thread/INFO]: The game is running, but can't keep up with the target tick rate [20:38:57] [Server thread/INFO]: Target tick rate: 20,0 per second. Average time per tick: 192,2ms (Target: 50,0ms) [20:38:57] [Server thread/INFO]: Percentiles: P50: 219,8ms P95: 257,2ms P99: 303,4ms, sample: 100"
"patch-enabled","1","2026-09-27T18:38:58.1109160+00:00","d21445e0e647ac86d4605ebeff90853c91eba01be743b685b61de63f5dbb529f","True","False","50","10062","0","0","0","0","False","0","193,7","220,7","257,2","303,4","100","133,5864350990343","154,04400323987275","1569660928","[20:38:58] [Server thread/INFO]: The game is running, but can't keep up with the target tick rate [20:38:58] [Server thread/INFO]: Target tick rate: 20,0 per second. Average time per tick: 193,7ms (Target: 50,0ms) [20:38:58] [Server thread/INFO]: Percentiles: P50: 220,7ms P95: 257,2ms P99: 303,4ms, sample: 100"
"patch-enabled","1","2026-09-27T18:38:58.4852004+00:00","d21445e0e647ac86d4605ebeff90853c91eba01be743b685b61de63f5dbb529f","True","False","50","10062","0","0","0","0","False","0","195,3","220,9","257,2","303,4","100","131,5211967076111","154,04400323987275","1569660928","[20:38:58] [Server thread/INFO]: The game is running, but can't keep up with the target tick rate [20:38:58] [Server thread/INFO]: Target tick rate: 20,0 per second. Average time per tick: 195,3ms (Target: 50,0ms) [20:38:58] [Server thread/INFO]: Percentiles: P50: 220,9ms P95: 257,2ms P99: 303,4ms, sample: 100"
"patch-enabled","1","2026-09-27T18:38:58.7346714+00:00","d21445e0e647ac86d4605ebeff90853c91eba01be743b685b61de63f5dbb529f","True","False","50","10062","0","0","0","0","False","0","195,9","220,9","257,2","303,4","100","229,3278133392549","154,04400323987275","1569660928","[20:38:59] [Server thread/INFO]: The game is running, but can't keep up with the target tick rate [20:38:59] [Server thread/INFO]: Target tick rate: 20,0 per second. Average time per tick: 195,9ms (Target: 50,0ms) [20:38:59] [Server thread/INFO]: Percentiles: P50: 220,9ms P95: 257,2ms P99: 303,4ms, sample: 100"
"patch-enabled","1","2026-09-27T18:38:59.1026646+00:00","d21445e0e647ac86d4605ebeff90853c91eba01be743b685b61de63f5dbb529f","True","False","50","10062","0","0","0","0","False","0","197,2","221","257,2","303,4","100","212,63790276787503","154,04400323987275","1569660928","[20:38:59] [Server thread/INFO]: The game is running, but can't keep up with the target tick rate [20:38:59] [Server thread/INFO]: Target tick rate: 20,0 per second. Average time per tick: 197,2ms (Target: 50,0ms) [20:38:59] [Server thread/INFO]: Percentiles: P50: 221,0ms P95: 257,2ms P99: 303,4ms, sample: 100"
"patch-enabled","1","2026-09-27T18:38:59.4773560+00:00","d21445e0e647ac86d4605ebeff90853c91eba01be743b685b61de63f5dbb529f","True","False","50","10062","0","0","0","0","False","0","198,5","221,9","257,2","303,4","100","125,13970435123186","154,04400323987275","1569660928","[20:38:59] [Server thread/INFO]: The game is running, but can't keep up with the target tick rate [20:38:59] [Server thread/INFO]: Target tick rate: 20,0 per second. Average time per tick: 198,5ms (Target: 50,0ms) [20:38:59] [Server thread/INFO]: Percentiles: P50: 221,9ms P95: 257,2ms P99: 303,4ms, sample: 100"
"patch-enabled","1","2026-09-27T18:38:59.8644195+00:00","d21445e0e647ac86d4605ebeff90853c91eba01be743b685b61de63f5dbb529f","True","False","50","10062","0","0","0","0","False","0","199,3","221,9","257,2","303,4","100","139,65133817467","154,04400323987275","1569660928","[20:39:00] [Server thread/INFO]: The game is running, but can't keep up with the target tick rate [20:39:00] [Server thread/INFO]: Target tick rate: 20,0 per second. Average time per tick: 199,3ms (Target: 50,0ms) [20:39:00] [Server thread/INFO]: Percentiles: P50: 221,9ms P95: 257,2ms P99: 303,4ms, sample: 100"
"patch-enabled","1","2026-09-27T18:39:00.2336576+00:00","d21445e0e647ac86d4605ebeff90853c91eba01be743b685b61de63f5dbb529f","True","False","50","10062","0","0","0","0","False","0","200,5","222,1","257,2","303,4","100","143,62016905682168","154,04400323987275","1569660928","[20:39:00] [Server thread/INFO]: The game is running, but can't keep up with the target tick rate [20:39:00] [Server thread/INFO]: Target tick rate: 20,0 per second. Average time per tick: 200,5ms (Target: 50,0ms) [20:39:00] [Server thread/INFO]: Percentiles: P50: 222,1ms P95: 257,2ms P99: 303,4ms, sample: 100"
"patch-enabled","1","2026-09-27T18:39:00.6035362+00:00","d21445e0e647ac86d4605ebeff90853c91eba01be743b685b61de63f5dbb529f","True","False","50","10062","0","0","0","0","False","0","200","222,1","251,9","303,4","100","113,64697068696108","154,04400323987275","1569660928","[20:39:00] [Server thread/INFO]: The game is running, but can't keep up with the target tick rate [20:39:00] [Server thread/INFO]: Target tick rate: 20,0 per second. Average time per tick: 200,0ms (Target: 50,0ms) [20:39:00] [Server thread/INFO]: Percentiles: P50: 222,1ms P95: 251,9ms P99: 303,4ms, sample: 100"
"patch-enabled","1","2026-09-27T18:39:00.8510741+00:00","d21445e0e647ac86d4605ebeff90853c91eba01be743b685b61de63f5dbb529f","True","False","50","10062","0","0","0","0","False","0","198,4","221,9","244,9","283,8","100","130,976653551619","154,04400323987275","1569660928","[20:39:01] [Server thread/INFO]: The game is running, but can't keep up with the target tick rate [20:39:01] [Server thread/INFO]: Target tick rate: 20,0 per second. Average time per tick: 198,4ms (Target: 50,0ms) [20:39:01] [Server thread/INFO]: Percentiles: P50: 221,9ms P95: 244,9ms P99: 283,8ms, sample: 100"
"patch-enabled","1","2026-09-27T18:39:01.3640355+00:00","d21445e0e647ac86d4605ebeff90853c91eba01be743b685b61de63f5dbb529f","True","False","50","10062","0","0","0","0","False","0","199,5","222,1","251,5","283,8","100","134,9867591487951","154,04400323987275","1569660928","[20:39:01] [Server thread/INFO]: The game is running, but can't keep up with the target tick rate [20:39:01] [Server thread/INFO]: Target tick rate: 20,0 per second. Average time per tick: 199,5ms (Target: 50,0ms) [20:39:01] [Server thread/INFO]: Percentiles: P50: 222,1ms P95: 251,5ms P99: 283,8ms, sample: 100"
"patch-enabled","1","2026-09-27T18:39:01.7344394+00:00","d21445e0e647ac86d4605ebeff90853c91eba01be743b685b61de63f5dbb529f","True","False","50","10062","0","0","0","0","False","0","199,9","222,4","251,5","283,8","100","132,5977768429424","154,04400323987275","1569660928","[20:39:01] [Server thread/INFO]: The game is running, but can't keep up with the target tick rate [20:39:01] [Server thread/INFO]: Target tick rate: 20,0 per second. Average time per tick: 199,9ms (Target: 50,0ms) [20:39:01] [Server thread/INFO]: Percentiles: P50: 222,4ms P95: 251,5ms P99: 283,8ms, sample: 100"
"patch-enabled","1","2026-09-27T18:39:01.9820264+00:00","d21445e0e647ac86d4605ebeff90853c91eba01be743b685b61de63f5dbb529f","True","False","50","10062","0","0","0","0","False","0","199","222,1","251,5","283,8","100","171,83026964712334","154,04400323987275","1569660928","[20:39:02] [Server thread/INFO]: The game is running, but can't keep up with the target tick rate [20:39:02] [Server thread/INFO]: Target tick rate: 20,0 per second. Average time per tick: 199,0ms (Target: 50,0ms) [20:39:02] [Server thread/INFO]: Percentiles: P50: 222,1ms P95: 251,5ms P99: 283,8ms, sample: 100"
"patch-enabled","1","2026-09-27T18:39:02.3546986+00:00","d21445e0e647ac86d4605ebeff90853c91eba01be743b685b61de63f5dbb529f","True","False","50","10062","0","0","0","0","False","0","200,1","222,4","251,5","283,8","100","141,32592003299564","154,04400323987275","1569660928","[20:39:02] [Server thread/INFO]: The game is running, but can't keep up with the target tick rate [20:39:02] [Server thread/INFO]: Target tick rate: 20,0 per second. Average time per tick: 200,1ms (Target: 50,0ms) [20:39:02] [Server thread/INFO]: Percentiles: P50: 222,4ms P95: 251,5ms P99: 283,8ms, sample: 100"
"patch-enabled","1","2026-09-27T18:39:02.8522087+00:00","d21445e0e647ac86d4605ebeff90853c91eba01be743b685b61de63f5dbb529f","True","False","50","10062","0","0","0","0","False","0","200,3","222,8","251,5","283,8","100","145,19100295879906","154,04400323987275","1569660928","[20:39:03] [Server thread/INFO]: The game is running, but can't keep up with the target tick rate [20:39:03] [Server thread/INFO]: Target tick rate: 20,0 per second. Average time per tick: 200,3ms (Target: 50,0ms) [20:39:03] [Server thread/INFO]: Percentiles: P50: 222,8ms P95: 251,5ms P99: 283,8ms, sample: 100"
"patch-enabled","1","2026-09-27T18:39:03.2396525+00:00","d21445e0e647ac86d4605ebeff90853c91eba01be743b685b61de63f5dbb529f","True","False","50","10062","0","0","0","0","False","0","199,6","222,4","251,5","283,8","100","179,46494751264456","154,04400323987275","1569660928","[20:39:03] [Server thread/INFO]: The game is running, but can't keep up with the target tick rate [20:39:03] [Server thread/INFO]: Target tick rate: 20,0 per second. Average time per tick: 199,6ms (Target: 50,0ms) [20:39:03] [Server thread/INFO]: Percentiles: P50: 222,4ms P95: 251,5ms P99: 283,8ms, sample: 100"
"patch-enabled","1","2026-09-27T18:39:03.6314143+00:00","d21445e0e647ac86d4605ebeff90853c91eba01be743b685b61de63f5dbb529f","True","False","50","10062","0","0","0","0","False","0","200,6","222,8","251,9","283,8","100","126,1533837625652","154,04400323987275","1569660928","[20:39:04] [Server thread/INFO]: The game is running, but can't keep up with the target tick rate [20:39:04] [Server thread/INFO]: Target tick rate: 20,0 per second. Average time per tick: 200,6ms (Target: 50,0ms) [20:39:04] [Server thread/INFO]: Percentiles: P50: 222,8ms P95: 251,9ms P99: 283,8ms, sample: 100"
"patch-enabled","1","2026-09-27T18:39:04.0153661+00:00","d21445e0e647ac86d4605ebeff90853c91eba01be743b685b61de63f5dbb529f","True","False","50","10062","0","0","0","0","False","0","200,9","225,6","251,9","283,8","100","117,62014259056279","154,04400323987275","1569660928","[20:39:04] [Server thread/INFO]: The game is running, but can't keep up with the target tick rate [20:39:04] [Server thread/INFO]: Target tick rate: 20,0 per second. Average time per tick: 200,9ms (Target: 50,0ms) [20:39:04] [Server thread/INFO]: Percentiles: P50: 225,6ms P95: 251,9ms P99: 283,8ms, sample: 100"
"patch-enabled","1","2026-09-27T18:39:04.3873315+00:00","d21445e0e647ac86d4605ebeff90853c91eba01be743b685b61de63f5dbb529f","True","False","50","10062","0","0","0","0","False","0","200,2","225,6","251,9","283,8","100","113,32135316775992","154,04400323987275","1569660928","[20:39:04] [Server thread/INFO]: The game is running, but can't keep up with the target tick rate [20:39:04] [Server thread/INFO]: Target tick rate: 20,0 per second. Average time per tick: 200,2ms (Target: 50,0ms) [20:39:04] [Server thread/INFO]: Percentiles: P50: 225,6ms P95: 251,9ms P99: 283,8ms, sample: 100"
"patch-enabled","1","2026-09-27T18:39:04.8837568+00:00","d21445e0e647ac86d4605ebeff90853c91eba01be743b685b61de63f5dbb529f","True","False","50","10062","0","0","0","0","False","0","201,1","225,7","251,9","283,8","100","144,95605926267564","154,04400323987275","1569660928","[20:39:05] [Server thread/INFO]: The game is running, but can't keep up with the target tick rate [20:39:05] [Server thread/INFO]: Target tick rate: 20,0 per second. Average time per tick: 201,1ms (Target: 50,0ms) [20:39:05] [Server thread/INFO]: Percentiles: P50: 225,7ms P95: 251,9ms P99: 283,8ms, sample: 100"
"patch-enabled","1","2026-09-27T18:39:05.2609806+00:00","d21445e0e647ac86d4605ebeff90853c91eba01be743b685b61de63f5dbb529f","True","False","50","10062","0","0","0","0","False","0","201,5","226,4","251,9","283,8","100","107,02809424516234","154,04400323987275","1569660928","[20:39:05] [Server thread/INFO]: The game is running, but can't keep up with the target tick rate [20:39:05] [Server thread/INFO]: Target tick rate: 20,0 per second. Average time per tick: 201,5ms (Target: 50,0ms) [20:39:05] [Server thread/INFO]: Percentiles: P50: 226,4ms P95: 251,9ms P99: 283,8ms, sample: 100"
"patch-enabled","1","2026-09-27T18:39:05.5091729+00:00","d21445e0e647ac86d4605ebeff90853c91eba01be743b685b61de63f5dbb529f","True","False","50","10062","0","0","0","0","False","0","200,6","225,7","251,9","283,8","100","124,97669482205129","154,04400323987275","1569660928","[20:39:05] [Server thread/INFO]: The game is running, but can't keep up with the target tick rate [20:39:05] [Server thread/INFO]: Target tick rate: 20,0 per second. Average time per tick: 200,6ms (Target: 50,0ms) [20:39:05] [Server thread/INFO]: Percentiles: P50: 225,7ms P95: 251,9ms P99: 283,8ms, sample: 100"
"patch-enabled","1","2026-09-27T18:39:06.0342746+00:00","d21445e0e647ac86d4605ebeff90853c91eba01be743b685b61de63f5dbb529f","True","False","50","10062","0","0","0","0","False","0","202","226,4","251,9","283,8","100","134,12391332805421","154,04400323987275","1569660928","[20:39:06] [Server thread/INFO]: The game is running, but can't keep up with the target tick rate [20:39:06] [Server thread/INFO]: Target tick rate: 20,0 per second. Average time per tick: 202,0ms (Target: 50,0ms) [20:39:06] [Server thread/INFO]: Percentiles: P50: 226,4ms P95: 251,9ms P99: 283,8ms, sample: 100"
"patch-enabled","1","2026-09-27T18:39:06.4070552+00:00","d21445e0e647ac86d4605ebeff90853c91eba01be743b685b61de63f5dbb529f","True","False","50","10062","0","0","0","0","False","0","202,5","226,9","251,9","283,8","100","139,11983718695845","154,04400323987275","1569660928","[20:39:06] [Server thread/INFO]: The game is running, but can't keep up with the target tick rate [20:39:06] [Server thread/INFO]: Target tick rate: 20,0 per second. Average time per tick: 202,5ms (Target: 50,0ms) [20:39:06] [Server thread/INFO]: Percentiles: P50: 226,9ms P95: 251,9ms P99: 283,8ms, sample: 100"
"patch-enabled","1","2026-09-27T18:39:06.7776977+00:00","d21445e0e647ac86d4605ebeff90853c91eba01be743b685b61de63f5dbb529f","True","False","50","10062","0","0","0","0","False","0","201,6","226,4","251,9","283,8","100","206,06138738625748","154,04400323987275","1569660928","[20:39:07] [Server thread/INFO]: The game is running, but can't keep up with the target tick rate [20:39:07] [Server thread/INFO]: Target tick rate: 20,0 per second. Average time per tick: 201,6ms (Target: 50,0ms) [20:39:07] [Server thread/INFO]: Percentiles: P50: 226,4ms P95: 251,9ms P99: 283,8ms, sample: 100"
"patch-enabled","1","2026-09-27T18:39:07.1492351+00:00","d21445e0e647ac86d4605ebeff90853c91eba01be743b685b61de63f5dbb529f","True","False","50","10062","0","0","0","0","False","0","203,1","226,9","257,2","283,8","100","177,21741766112117","154,04400323987275","1569660928","[20:39:07] [Server thread/INFO]: The game is running, but can't keep up with the target tick rate [20:39:07] [Server thread/INFO]: Target tick rate: 20,0 per second. Average time per tick: 203,1ms (Target: 50,0ms) [20:39:07] [Server thread/INFO]: Percentiles: P50: 226,9ms P95: 257,2ms P99: 283,8ms, sample: 100"
"patch-enabled","1","2026-09-27T18:39:07.6606228+00:00","d21445e0e647ac86d4605ebeff90853c91eba01be743b685b61de63f5dbb529f","True","False","50","10062","0","0","0","0","False","0","203,5","227,9","257,2","283,8","100","113,85757702439783","154,04400323987275","1569660928","[20:39:07] [Server thread/INFO]: The game is running, but can't keep up with the target tick rate [20:39:07] [Server thread/INFO]: Target tick rate: 20,0 per second. Average time per tick: 203,5ms (Target: 50,0ms) [20:39:07] [Server thread/INFO]: Percentiles: P50: 227,9ms P95: 257,2ms P99: 283,8ms, sample: 100"
"patch-enabled","1","2026-09-27T18:39:08.0311569+00:00","d21445e0e647ac86d4605ebeff90853c91eba01be743b685b61de63f5dbb529f","True","False","50","10062","0","0","0","0","False","0","202,9","227,9","257,2","283,8","100","123,63080468818156","154,04400323987275","1569660928","[20:39:08] [Server thread/INFO]: The game is running, but can't keep up with the target tick rate [20:39:08] [Server thread/INFO]: Target tick rate: 20,0 per second. Average time per tick: 202,9ms (Target: 50,0ms) [20:39:08] [Server thread/INFO]: Percentiles: P50: 227,9ms P95: 257,2ms P99: 283,8ms, sample: 100"
"patch-enabled","1","2026-09-27T18:39:08.5240550+00:00","d21445e0e647ac86d4605ebeff90853c91eba01be743b685b61de63f5dbb529f","True","False","50","10062","0","0","0","0","False","0","204,5","228","257,3","283,8","100","126,48314755817682","154,04400323987275","1569660928","[20:39:08] [Server thread/INFO]: The game is running, but can't keep up with the target tick rate [20:39:08] [Server thread/INFO]: Target tick rate: 20,0 per second. Average time per tick: 204,5ms (Target: 50,0ms) [20:39:08] [Server thread/INFO]: Percentiles: P50: 228,0ms P95: 257,3ms P99: 283,8ms, sample: 100"
"patch-enabled","1","2026-09-27T18:39:09.0305451+00:00","d21445e0e647ac86d4605ebeff90853c91eba01be743b685b61de63f5dbb529f","True","False","50","10062","0","0","0","0","False","0","205","228,1","257,3","283,8","100","267,09212058191827","154,04400323987275","1569660928","[20:39:09] [Server thread/INFO]: The game is running, but can't keep up with the target tick rate [20:39:09] [Server thread/INFO]: Target tick rate: 20,0 per second. Average time per tick: 205,0ms (Target: 50,0ms) [20:39:09] [Server thread/INFO]: Percentiles: P50: 228,1ms P95: 257,3ms P99: 283,8ms, sample: 100"
"patch-enabled","1","2026-09-27T18:39:09.4107983+00:00","d21445e0e647ac86d4605ebeff90853c91eba01be743b685b61de63f5dbb529f","True","False","50","10062","0","0","0","0","False","0","204,2","228,1","257,3","283,8","100","124,34092931007746","154,04400323987275","1569660928","[20:39:09] [Server thread/INFO]: The game is running, but can't keep up with the target tick rate [20:39:09] [Server thread/INFO]: Target tick rate: 20,0 per second. Average time per tick: 204,2ms (Target: 50,0ms) [20:39:09] [Server thread/INFO]: Percentiles: P50: 228,1ms P95: 257,3ms P99: 283,8ms, sample: 100"
"patch-enabled","1","2026-09-27T18:39:09.9008727+00:00","d21445e0e647ac86d4605ebeff90853c91eba01be743b685b61de63f5dbb529f","True","False","50","10062","0","0","0","0","False","0","205,4","228,4","257,3","283,8","100","125,18584255613598","154,04400323987275","1569660928","[20:39:10] [Server thread/INFO]: The game is running, but can't keep up with the target tick rate [20:39:10] [Server thread/INFO]: Target tick rate: 20,0 per second. Average time per tick: 205,4ms (Target: 50,0ms) [20:39:10] [Server thread/INFO]: Percentiles: P50: 228,4ms P95: 257,3ms P99: 283,8ms, sample: 100"
"patch-enabled","1","2026-09-27T18:39:10.2753320+00:00","d21445e0e647ac86d4605ebeff90853c91eba01be743b685b61de63f5dbb529f","True","False","50","10062","0","0","0","0","False","0","205,7","229,2","257,3","283,8","100","238,58631690294345","154,04400323987275","1569660928","[20:39:10] [Server thread/INFO]: The game is running, but can't keep up with the target tick rate [20:39:10] [Server thread/INFO]: Target tick rate: 20,0 per second. Average time per tick: 205,7ms (Target: 50,0ms) [20:39:10] [Server thread/INFO]: Percentiles: P50: 229,2ms P95: 257,3ms P99: 283,8ms, sample: 100"
"patch-enabled","1","2026-09-27T18:39:10.7992386+00:00","d21445e0e647ac86d4605ebeff90853c91eba01be743b685b61de63f5dbb529f","True","False","50","10062","0","0","0","0","False","0","205,3","229,2","257,3","283,8","100","125,81986742008276","154,04400323987275","1569660928","[20:39:11] [Server thread/INFO]: The game is running, but can't keep up with the target tick rate [20:39:11] [Server thread/INFO]: Target tick rate: 20,0 per second. Average time per tick: 205,3ms (Target: 50,0ms) [20:39:11] [Server thread/INFO]: Percentiles: P50: 229,2ms P95: 257,3ms P99: 283,8ms, sample: 100"
"patch-enabled","1","2026-09-27T18:39:11.2959742+00:00","d21445e0e647ac86d4605ebeff90853c91eba01be743b685b61de63f5dbb529f","True","False","50","10062","0","0","0","0","False","0","206,7","230,6","262,7","283,8","100","131,65674744476533","154,04400323987275","1569660928","[20:39:11] [Server thread/INFO]: The game is running, but can't keep up with the target tick rate [20:39:11] [Server thread/INFO]: Target tick rate: 20,0 per second. Average time per tick: 206,7ms (Target: 50,0ms) [20:39:11] [Server thread/INFO]: Percentiles: P50: 230,6ms P95: 262,7ms P99: 283,8ms, sample: 100"
"patch-enabled","1","2026-09-27T18:39:11.9131202+00:00","d21445e0e647ac86d4605ebeff90853c91eba01be743b685b61de63f5dbb529f","True","False","50","10062","0","0","0","0","False","0","207,1","230,6","262,7","283,8","100","279,5824926823149","154,04400323987275","1569660928","[20:39:12] [Server thread/INFO]: The game is running, but can't keep up with the target tick rate [20:39:12] [Server thread/INFO]: Target tick rate: 20,0 per second. Average time per tick: 207,1ms (Target: 50,0ms) [20:39:12] [Server thread/INFO]: Percentiles: P50: 230,6ms P95: 262,7ms P99: 283,8ms, sample: 100"
"patch-enabled","1","2026-09-27T18:39:12.4384661+00:00","d21445e0e647ac86d4605ebeff90853c91eba01be743b685b61de63f5dbb529f","True","False","50","10062","0","0","0","0","False","0","206,6","230,6","262,7","283,8","100","141,55777583443182","154,04400323987275","1569660928","[20:39:13] [Server thread/INFO]: The game is running, but can't keep up with the target tick rate [20:39:13] [Server thread/INFO]: Target tick rate: 20,0 per second. Average time per tick: 206,6ms (Target: 50,0ms) [20:39:13] [Server thread/INFO]: Percentiles: P50: 230,6ms P95: 262,7ms P99: 283,8ms, sample: 100"
"patch-enabled","1","2026-09-27T18:39:13.2552697+00:00","d21445e0e647ac86d4605ebeff90853c91eba01be743b685b61de63f5dbb529f","True","False","50","10062","0","0","0","0","False","0","207,3","232,3","263,8","283,8","100","118,59196016828115","154,04400323987275","1569660928","[20:39:13] [Server thread/INFO]: The game is running, but can't keep up with the target tick rate [20:39:13] [Server thread/INFO]: Target tick rate: 20,0 per second. Average time per tick: 207,3ms (Target: 50,0ms) [20:39:13] [Server thread/INFO]: Percentiles: P50: 232,3ms P95: 263,8ms P99: 283,8ms, sample: 100"
"patch-enabled","1","2026-09-27T18:39:13.9272175+00:00","d21445e0e647ac86d4605ebeff90853c91eba01be743b685b61de63f5dbb529f","True","False","50","10062","0","0","0","0","False","0","207,4","232,4","263,8","283,8","100","244,6619652423426","154,04400323987275","1569660928","[20:39:14] [Server thread/INFO]: The game is running, but can't keep up with the target tick rate [20:39:14] [Server thread/INFO]: Target tick rate: 20,0 per second. Average time per tick: 207,4ms (Target: 50,0ms) [20:39:14] [Server thread/INFO]: Percentiles: P50: 232,4ms P95: 263,8ms P99: 283,8ms, sample: 100"
"patch-enabled","1","2026-09-27T18:39:14.5403050+00:00","d21445e0e647ac86d4605ebeff90853c91eba01be743b685b61de63f5dbb529f","True","False","50","10062","0","0","0","0","False","0","206,5","232,3","263,8","283,8","100","113,7141387136878","154,04400323987275","1569660928","[20:39:15] [Server thread/INFO]: The game is running, but can't keep up with the target tick rate [20:39:15] [Server thread/INFO]: Target tick rate: 20,0 per second. Average time per tick: 206,5ms (Target: 50,0ms) [20:39:15] [Server thread/INFO]: Percentiles: P50: 232,3ms P95: 263,8ms P99: 283,8ms, sample: 100"
"patch-enabled","1","2026-09-27T18:39:15.1723722+00:00","d21445e0e647ac86d4605ebeff90853c91eba01be743b685b61de63f5dbb529f","True","False","50","10062","0","0","0","0","False","0","207,2","232,3","263,8","283,8","100","205,28839028316602","154,04400323987275","1569660928","[20:39:15] [Server thread/INFO]: The game is running, but can't keep up with the target tick rate [20:39:15] [Server thread/INFO]: Target tick rate: 20,0 per second. Average time per tick: 207,2ms (Target: 50,0ms) [20:39:15] [Server thread/INFO]: Percentiles: P50: 232,3ms P95: 263,8ms P99: 283,8ms, sample: 100"
"patch-enabled","1","2026-09-27T18:39:16.0400324+00:00","d21445e0e647ac86d4605ebeff90853c91eba01be743b685b61de63f5dbb529f","True","False","50","10062","0","0","0","0","False","0","207,7","232,4","266,6","283,8","100","111,64570197458407","154,04400323987275","1569660928","[20:39:16] [Server thread/INFO]: The game is running, but can't keep up with the target tick rate [20:39:16] [Server thread/INFO]: Target tick rate: 20,0 per second. Average time per tick: 207,7ms (Target: 50,0ms) [20:39:16] [Server thread/INFO]: Percentiles: P50: 232,4ms P95: 266,6ms P99: 283,8ms, sample: 100"
"patch-enabled","1","2026-09-27T18:39:16.7957658+00:00","d21445e0e647ac86d4605ebeff90853c91eba01be743b685b61de63f5dbb529f","True","False","50","10062","0","0","0","0","False","0","206,3","232,3","263,8","283,8","100","206,28440924572757","154,04400323987275","1569660928","[20:39:17] [Server thread/INFO]: The game is running, but can't keep up with the target tick rate [20:39:17] [Server thread/INFO]: Target tick rate: 20,0 per second. Average time per tick: 206,3ms (Target: 50,0ms) [20:39:17] [Server thread/INFO]: Percentiles: P50: 232,3ms P95: 263,8ms P99: 283,8ms, sample: 100"
"patch-enabled","1","2026-09-27T18:39:17.4168882+00:00","d21445e0e647ac86d4605ebeff90853c91eba01be743b685b61de63f5dbb529f","True","False","50","10062","0","0","0","0","False","0","207,1","232,4","263,8","283,8","100","133,50840141668434","154,04400323987275","1569660928","[20:39:17] [Server thread/INFO]: The game is running, but can't keep up with the target tick rate [20:39:17] [Server thread/INFO]: Target tick rate: 20,0 per second. Average time per tick: 207,1ms (Target: 50,0ms) [20:39:17] [Server thread/INFO]: Percentiles: P50: 232,4ms P95: 263,8ms P99: 283,8ms, sample: 100"
"patch-enabled","1","2026-09-27T18:39:18.0488838+00:00","d21445e0e647ac86d4605ebeff90853c91eba01be743b685b61de63f5dbb529f","True","False","50","10062","0","0","0","0","False","0","206,8","232,4","263,8","283,8","100","194,0459070718908","154,04400323987275","1569660928","[20:39:18] [Server thread/INFO]: The game is running, but can't keep up with the target tick rate [20:39:18] [Server thread/INFO]: Target tick rate: 20,0 per second. Average time per tick: 206,8ms (Target: 50,0ms) [20:39:18] [Server thread/INFO]: Percentiles: P50: 232,4ms P95: 263,8ms P99: 283,8ms, sample: 100"
"patch-enabled","1","2026-09-27T18:39:18.7977293+00:00","d21445e0e647ac86d4605ebeff90853c91eba01be743b685b61de63f5dbb529f","True","False","50","10062","0","0","0","0","False","0","205,5","232,3","262,7","280,8","100","135,7866944615206","154,04400323987275","1569660928","[20:39:19] [Server thread/INFO]: The game is running, but can't keep up with the target tick rate [20:39:19] [Server thread/INFO]: Target tick rate: 20,0 per second. Average time per tick: 205,5ms (Target: 50,0ms) [20:39:19] [Server thread/INFO]: Percentiles: P50: 232,3ms P95: 262,7ms P99: 280,8ms, sample: 100"
"patch-enabled","1","2026-09-27T18:39:19.5456946+00:00","d21445e0e647ac86d4605ebeff90853c91eba01be743b685b61de63f5dbb529f","True","False","50","10062","0","0","0","0","False","0","206,3","232,4","262,7","280,8","100","208,96024764417714","154,04400323987275","1569660928","[20:39:20] [Server thread/INFO]: The game is running, but can't keep up with the target tick rate [20:39:20] [Server thread/INFO]: Target tick rate: 20,0 per second. Average time per tick: 206,3ms (Target: 50,0ms) [20:39:20] [Server thread/INFO]: Percentiles: P50: 232,4ms P95: 262,7ms P99: 280,8ms, sample: 100"
"patch-enabled","1","2026-09-27T18:39:20.1663322+00:00","d21445e0e647ac86d4605ebeff90853c91eba01be743b685b61de63f5dbb529f","True","False","50","10062","0","0","0","0","False","0","206,2","232,3","262,7","280,8","100","119,44644443894572","154,04400323987275","1569660928","[20:39:20] [Server thread/INFO]: The game is running, but can't keep up with the target tick rate [20:39:20] [Server thread/INFO]: Target tick rate: 20,0 per second. Average time per tick: 206,2ms (Target: 50,0ms) [20:39:20] [Server thread/INFO]: Percentiles: P50: 232,3ms P95: 262,7ms P99: 280,8ms, sample: 100"
"patch-enabled","1","2026-09-27T18:39:20.6635317+00:00","d21445e0e647ac86d4605ebeff90853c91eba01be743b685b61de63f5dbb529f","True","False","50","10062","0","0","0","0","False","0","205,4","231,1","262,7","280,8","100","198,3932125616946","154,04400323987275","1569660928","[20:39:21] [Server thread/INFO]: The game is running, but can't keep up with the target tick rate [20:39:21] [Server thread/INFO]: Target tick rate: 20,0 per second. Average time per tick: 205,4ms (Target: 50,0ms) [20:39:21] [Server thread/INFO]: Percentiles: P50: 231,1ms P95: 262,7ms P99: 280,8ms, sample: 100"
"patch-enabled","2","2026-09-27T18:40:14.2194167+00:00","d21445e0e647ac86d4605ebeff90853c91eba01be743b685b61de63f5dbb529f","True","False","50","10062","0","0","0","0","False","0","117,8","75,7","303,6","394,4","100","246,11140640771984","165,88284314504997","1600204800","[20:40:14] [Server thread/INFO]: The game is running, but can't keep up with the target tick rate [20:40:14] [Server thread/INFO]: Target tick rate: 20,0 per second. Average time per tick: 117,8ms (Target: 50,0ms) [20:40:14] [Server thread/INFO]: Percentiles: P50: 75,7ms P95: 303,6ms P99: 394,4ms, sample: 100"
"patch-enabled","2","2026-09-27T18:40:14.6056864+00:00","d21445e0e647ac86d4605ebeff90853c91eba01be743b685b61de63f5dbb529f","True","False","50","10062","0","0","0","0","False","0","119,2","76,8","303,6","394,4","100","188,64082025317742","165,88284314504997","1600204800","[20:40:15] [Server thread/INFO]: The game is running, but can't keep up with the target tick rate [20:40:15] [Server thread/INFO]: Target tick rate: 20,0 per second. Average time per tick: 119,2ms (Target: 50,0ms) [20:40:15] [Server thread/INFO]: Percentiles: P50: 76,8ms P95: 303,6ms P99: 394,4ms, sample: 100"
"patch-enabled","2","2026-09-27T18:40:15.8530912+00:00","d21445e0e647ac86d4605ebeff90853c91eba01be743b685b61de63f5dbb529f","True","False","50","10062","0","0","0","0","False","0","121,6","79,9","303,6","394,4","100","155,55655996697922","165,88284314504997","1600204800","[20:40:17] [Server thread/INFO]: The game is running, but can't keep up with the target tick rate [20:40:17] [Server thread/INFO]: Target tick rate: 20,0 per second. Average time per tick: 121,6ms (Target: 50,0ms) [20:40:17] [Server thread/INFO]: Percentiles: P50: 79,9ms P95: 303,6ms P99: 394,4ms, sample: 100"
"patch-enabled","2","2026-09-27T18:40:17.3597639+00:00","d21445e0e647ac86d4605ebeff90853c91eba01be743b685b61de63f5dbb529f","True","False","50","10062","0","0","0","0","False","0","122,9","80,8","303,6","394,4","100","162,47976075638954","165,88284314504997","1600204800","[20:40:18] [Server thread/INFO]: The game is running, but can't keep up with the target tick rate [20:40:18] [Server thread/INFO]: Target tick rate: 20,0 per second. Average time per tick: 122,9ms (Target: 50,0ms) [20:40:18] [Server thread/INFO]: Percentiles: P50: 80,8ms P95: 303,6ms P99: 394,4ms, sample: 100"
"patch-enabled","2","2026-09-27T18:40:18.5041619+00:00","d21445e0e647ac86d4605ebeff90853c91eba01be743b685b61de63f5dbb529f","True","False","50","10062","0","0","0","0","False","0","123,9","82","303,6","394,4","100","187,98200256408566","165,88284314504997","1600204800","[20:40:19] [Server thread/INFO]: The game is running, but can't keep up with the target tick rate [20:40:19] [Server thread/INFO]: Target tick rate: 20,0 per second. Average time per tick: 123,9ms (Target: 50,0ms) [20:40:19] [Server thread/INFO]: Percentiles: P50: 82,0ms P95: 303,6ms P99: 394,4ms, sample: 100"
"patch-enabled","2","2026-09-27T18:40:19.6262772+00:00","d21445e0e647ac86d4605ebeff90853c91eba01be743b685b61de63f5dbb529f","True","False","50","10062","0","0","0","0","False","0","126,2","82,3","303,6","394,4","100","186,71796912989328","165,88284314504997","1600204800","[20:40:20] [Server thread/INFO]: The game is running, but can't keep up with the target tick rate [20:40:20] [Server thread/INFO]: Target tick rate: 20,0 per second. Average time per tick: 126,2ms (Target: 50,0ms) [20:40:20] [Server thread/INFO]: Percentiles: P50: 82,3ms P95: 303,6ms P99: 394,4ms, sample: 100"
"patch-enabled","2","2026-09-27T18:40:20.6304663+00:00","d21445e0e647ac86d4605ebeff90853c91eba01be743b685b61de63f5dbb529f","True","False","50","10062","0","0","0","0","False","0","127,6","83","303,6","394,4","100","144,53302391703573","165,88284314504997","1600204800","[20:40:21] [Server thread/INFO]: The game is running, but can't keep up with the target tick rate [20:40:21] [Server thread/INFO]: Target tick rate: 20,0 per second. Average time per tick: 127,6ms (Target: 50,0ms) [20:40:21] [Server thread/INFO]: Percentiles: P50: 83,0ms P95: 303,6ms P99: 394,4ms, sample: 100"
"patch-enabled","2","2026-09-27T18:40:22.0142107+00:00","d21445e0e647ac86d4605ebeff90853c91eba01be743b685b61de63f5dbb529f","True","False","50","10062","0","0","0","0","False","0","128,7","83,5","303,6","394,4","100","170,30001412889058","165,88284314504997","1600204800","[20:40:23] [Server thread/INFO]: The game is running, but can't keep up with the target tick rate [20:40:23] [Server thread/INFO]: Target tick rate: 20,0 per second. Average time per tick: 128,7ms (Target: 50,0ms) [20:40:23] [Server thread/INFO]: Percentiles: P50: 83,5ms P95: 303,6ms P99: 394,4ms, sample: 100"
"patch-enabled","2","2026-09-27T18:40:23.2620272+00:00","d21445e0e647ac86d4605ebeff90853c91eba01be743b685b61de63f5dbb529f","True","False","50","10062","0","0","0","0","False","0","131","83,6","303,6","394,4","100","186,15714825119966","165,88284314504997","1600204800","[20:40:24] [Server thread/INFO]: The game is running, but can't keep up with the target tick rate [20:40:24] [Server thread/INFO]: Target tick rate: 20,0 per second. Average time per tick: 131,0ms (Target: 50,0ms) [20:40:24] [Server thread/INFO]: Percentiles: P50: 83,6ms P95: 303,6ms P99: 394,4ms, sample: 100"
"patch-enabled","2","2026-09-27T18:40:24.1349641+00:00","d21445e0e647ac86d4605ebeff90853c91eba01be743b685b61de63f5dbb529f","True","False","50","10062","0","0","0","0","False","0","132,4","87,4","303,6","394,4","100","106,13596300492357","165,88284314504997","1600204800","[20:40:25] [Server thread/INFO]: The game is running, but can't keep up with the target tick rate [20:40:25] [Server thread/INFO]: Target tick rate: 20,0 per second. Average time per tick: 132,4ms (Target: 50,0ms) [20:40:25] [Server thread/INFO]: Percentiles: P50: 87,4ms P95: 303,6ms P99: 394,4ms, sample: 100"
"patch-enabled","2","2026-09-27T18:40:25.5187953+00:00","d21445e0e647ac86d4605ebeff90853c91eba01be743b685b61de63f5dbb529f","True","False","50","10062","0","0","0","0","False","0","133,5","88,4","303,6","394,4","100","173,7866759400904","165,88284314504997","1600204800","[20:40:26] [Server thread/INFO]: The game is running, but can't keep up with the target tick rate [20:40:26] [Server thread/INFO]: Target tick rate: 20,0 per second. Average time per tick: 133,5ms (Target: 50,0ms) [20:40:26] [Server thread/INFO]: Percentiles: P50: 88,4ms P95: 303,6ms P99: 394,4ms, sample: 100"
"patch-enabled","2","2026-09-27T18:40:26.7685197+00:00","d21445e0e647ac86d4605ebeff90853c91eba01be743b685b61de63f5dbb529f","True","False","50","10062","0","0","0","0","False","0","135,5","95,3","303,6","394,4","100","148,59415876902221","165,88284314504997","1600204800","[20:40:27] [Server thread/INFO]: The game is running, but can't keep up with the target tick rate [20:40:27] [Server thread/INFO]: Target tick rate: 20,0 per second. Average time per tick: 135,5ms (Target: 50,0ms) [20:40:27] [Server thread/INFO]: Percentiles: P50: 95,3ms P95: 303,6ms P99: 394,4ms, sample: 100"
"patch-enabled","2","2026-09-27T18:40:28.0408710+00:00","d21445e0e647ac86d4605ebeff90853c91eba01be743b685b61de63f5dbb529f","True","False","50","10062","0","0","0","0","False","0","137","97,4","303,6","394,4","100","172,74452332766074","165,88284314504997","1600204800","[20:40:29] [Server thread/INFO]: The game is running, but can't keep up with the target tick rate [20:40:29] [Server thread/INFO]: Target tick rate: 20,0 per second. Average time per tick: 137,0ms (Target: 50,0ms) [20:40:29] [Server thread/INFO]: Percentiles: P50: 97,4ms P95: 303,6ms P99: 394,4ms, sample: 100"
"patch-enabled","2","2026-09-27T18:40:29.2890829+00:00","d21445e0e647ac86d4605ebeff90853c91eba01be743b685b61de63f5dbb529f","True","False","50","10062","0","0","0","0","False","0","138,3","113,8","303,6","394,4","100","146,6373638077634","165,88284314504997","1600204800","[20:40:30] [Server thread/INFO]: The game is running, but can't keep up with the target tick rate [20:40:30] [Server thread/INFO]: Target tick rate: 20,0 per second. Average time per tick: 138,3ms (Target: 50,0ms) [20:40:30] [Server thread/INFO]: Percentiles: P50: 113,8ms P95: 303,6ms P99: 394,4ms, sample: 100"
"patch-enabled","2","2026-09-27T18:40:30.6636489+00:00","d21445e0e647ac86d4605ebeff90853c91eba01be743b685b61de63f5dbb529f","True","False","50","10062","0","0","0","0","False","0","140","125,8","303,6","394,4","100","157,83350763986687","165,88284314504997","1600204800","[20:40:31] [Server thread/INFO]: The game is running, but can't keep up with the target tick rate [20:40:31] [Server thread/INFO]: Target tick rate: 20,0 per second. Average time per tick: 140,0ms (Target: 50,0ms) [20:40:31] [Server thread/INFO]: Percentiles: P50: 125,8ms P95: 303,6ms P99: 394,4ms, sample: 100"
"patch-enabled","2","2026-09-27T18:40:31.6635295+00:00","d21445e0e647ac86d4605ebeff90853c91eba01be743b685b61de63f5dbb529f","True","False","50","10062","0","0","0","0","False","0","141,1","141,1","303,6","394,4","100","146,1141316118464","165,88284314504997","1600204800","[20:40:32] [Server thread/INFO]: The game is running, but can't keep up with the target tick rate [20:40:32] [Server thread/INFO]: Target tick rate: 20,0 per second. Average time per tick: 141,1ms (Target: 50,0ms) [20:40:32] [Server thread/INFO]: Percentiles: P50: 141,1ms P95: 303,6ms P99: 394,4ms, sample: 100"
"patch-enabled","2","2026-09-27T18:40:32.7977862+00:00","d21445e0e647ac86d4605ebeff90853c91eba01be743b685b61de63f5dbb529f","True","False","50","10062","0","0","0","0","False","0","141,9","141,1","303,6","394,4","100","236,95290207720396","165,88284314504997","1600204800","[20:40:33] [Server thread/INFO]: The game is running, but can't keep up with the target tick rate [20:40:33] [Server thread/INFO]: Target tick rate: 20,0 per second. Average time per tick: 141,9ms (Target: 50,0ms) [20:40:33] [Server thread/INFO]: Percentiles: P50: 141,1ms P95: 303,6ms P99: 394,4ms, sample: 100"
"patch-enabled","2","2026-09-27T18:40:33.9246624+00:00","d21445e0e647ac86d4605ebeff90853c91eba01be743b685b61de63f5dbb529f","True","False","50","10062","0","0","0","0","False","0","143,9","155,8","303,6","394,4","100","148,59774503778232","165,88284314504997","1600204800","[20:40:35] [Server thread/INFO]: The game is running, but can't keep up with the target tick rate [20:40:35] [Server thread/INFO]: Target tick rate: 20,0 per second. Average time per tick: 143,9ms (Target: 50,0ms) [20:40:35] [Server thread/INFO]: Percentiles: P50: 155,8ms P95: 303,6ms P99: 394,4ms, sample: 100"
"patch-enabled","2","2026-09-27T18:40:35.1654303+00:00","d21445e0e647ac86d4605ebeff90853c91eba01be743b685b61de63f5dbb529f","True","False","50","10062","0","0","0","0","False","0","145,3","156","303,6","394,4","100","166,90980985242453","165,88284314504997","1600204800","[20:40:36] [Server thread/INFO]: The game is running, but can't keep up with the target tick rate [20:40:36] [Server thread/INFO]: Target tick rate: 20,0 per second. Average time per tick: 145,3ms (Target: 50,0ms) [20:40:36] [Server thread/INFO]: Percentiles: P50: 156,0ms P95: 303,6ms P99: 394,4ms, sample: 100"
"patch-enabled","2","2026-09-27T18:40:36.1858747+00:00","d21445e0e647ac86d4605ebeff90853c91eba01be743b685b61de63f5dbb529f","True","False","50","10062","0","0","0","0","False","0","146,2","156","303,6","394,4","100","158,0535138977329","165,88284314504997","1600204800","[20:40:37] [Server thread/INFO]: The game is running, but can't keep up with the target tick rate [20:40:37] [Server thread/INFO]: Target tick rate: 20,0 per second. Average time per tick: 146,2ms (Target: 50,0ms) [20:40:37] [Server thread/INFO]: Percentiles: P50: 156,0ms P95: 303,6ms P99: 394,4ms, sample: 100"
"patch-enabled","2","2026-09-27T18:40:37.5797011+00:00","d21445e0e647ac86d4605ebeff90853c91eba01be743b685b61de63f5dbb529f","True","False","50","10062","0","0","0","0","False","0","148,9","156,3","306,9","394,4","100","185,85197092298125","165,88284314504997","1600204800","[20:40:38] [Server thread/INFO]: The game is running, but can't keep up with the target tick rate [20:40:38] [Server thread/INFO]: Target tick rate: 20,0 per second. Average time per tick: 148,9ms (Target: 50,0ms) [20:40:38] [Server thread/INFO]: Percentiles: P50: 156,3ms P95: 306,9ms P99: 394,4ms, sample: 100"
"patch-enabled","2","2026-09-27T18:40:38.6979140+00:00","d21445e0e647ac86d4605ebeff90853c91eba01be743b685b61de63f5dbb529f","True","False","50","10062","0","0","0","0","False","0","150,8","159,7","306,9","394,4","100","164,873258628627","165,88284314504997","1600204800","[20:40:39] [Server thread/INFO]: The game is running, but can't keep up with the target tick rate [20:40:39] [Server thread/INFO]: Target tick rate: 20,0 per second. Average time per tick: 150,8ms (Target: 50,0ms) [20:40:39] [Server thread/INFO]: Percentiles: P50: 159,7ms P95: 306,9ms P99: 394,4ms, sample: 100"
"patch-enabled","2","2026-09-27T18:40:39.9488182+00:00","d21445e0e647ac86d4605ebeff90853c91eba01be743b685b61de63f5dbb529f","True","False","50","10062","0","0","0","0","False","0","152,1","160,5","306,9","394,4","100","149,3013294984789","165,88284314504997","1600204800","[20:40:41] [Server thread/INFO]: The game is running, but can't keep up with the target tick rate [20:40:41] [Server thread/INFO]: Target tick rate: 20,0 per second. Average time per tick: 152,1ms (Target: 50,0ms) [20:40:41] [Server thread/INFO]: Percentiles: P50: 160,5ms P95: 306,9ms P99: 394,4ms, sample: 100"
"patch-enabled","2","2026-09-27T18:40:41.2046660+00:00","d21445e0e647ac86d4605ebeff90853c91eba01be743b685b61de63f5dbb529f","True","False","50","10062","0","0","0","0","False","0","154,8","161,3","306,9","394,4","100","159,75194318374076","165,88284314504997","1600204800","[20:40:42] [Server thread/INFO]: The game is running, but can't keep up with the target tick rate [20:40:42] [Server thread/INFO]: Target tick rate: 20,0 per second. Average time per tick: 154,8ms (Target: 50,0ms) [20:40:42] [Server thread/INFO]: Percentiles: P50: 161,3ms P95: 306,9ms P99: 394,4ms, sample: 100"
"patch-enabled","2","2026-09-27T18:40:42.3294797+00:00","d21445e0e647ac86d4605ebeff90853c91eba01be743b685b61de63f5dbb529f","True","False","50","10062","0","0","0","0","False","0","156,5","166,6","306,9","394,4","100","153,5847011670745","165,88284314504997","1600204800","[20:40:43] [Server thread/INFO]: The game is running, but can't keep up with the target tick rate [20:40:43] [Server thread/INFO]: Target tick rate: 20,0 per second. Average time per tick: 156,5ms (Target: 50,0ms) [20:40:43] [Server thread/INFO]: Percentiles: P50: 166,6ms P95: 306,9ms P99: 394,4ms, sample: 100"
"patch-enabled","2","2026-09-27T18:40:43.5706461+00:00","d21445e0e647ac86d4605ebeff90853c91eba01be743b685b61de63f5dbb529f","True","False","50","10062","0","0","0","0","False","0","158,1",,,,,"193,26104818389908","165,88284314504997","1600204800","[20:40:44] [Server thread/INFO]: The game is running, but can't keep up with the target tick rate [20:40:44] [Server thread/INFO]: Target tick rate: 20,0 per second. Average time per tick: 158,1ms (Target: 50,0ms)"
"diagnostics-only","2","2026-09-27T18:41:40.8279281+00:00","d21445e0e647ac86d4605ebeff90853c91eba01be743b685b61de63f5dbb529f","False","False","50","10062","0","0","0","0","False","0","130,5","100,8","281,3","389","100","116,15688236434633","106,56269122082924","1545875456","[20:41:41] [Server thread/INFO]: The game is running, but can't keep up with the target tick rate [20:41:41] [Server thread/INFO]: Target tick rate: 20,0 per second. Average time per tick: 130,5ms (Target: 50,0ms) [20:41:41] [Server thread/INFO]: Percentiles: P50: 100,8ms P95: 281,3ms P99: 389,0ms, sample: 100"
"diagnostics-only","2","2026-09-27T18:41:41.8645955+00:00","d21445e0e647ac86d4605ebeff90853c91eba01be743b685b61de63f5dbb529f","False","False","50","10062","0","0","0","0","False","0","133","101,5","281,3","389","100","112,14836618321273","106,56269122082924","1545875456","[20:41:44] [Server thread/INFO]: The game is running, but can't keep up with the target tick rate [20:41:44] [Server thread/INFO]: Target tick rate: 20,0 per second. Average time per tick: 133,0ms (Target: 50,0ms) [20:41:44] [Server thread/INFO]: Percentiles: P50: 101,5ms P95: 281,3ms P99: 389,0ms, sample: 100"
"diagnostics-only","2","2026-09-27T18:41:44.1084259+00:00","d21445e0e647ac86d4605ebeff90853c91eba01be743b685b61de63f5dbb529f","False","False","50","10062","0","0","0","0","False","0","135,9","101,9","296,3","389","100","113,92190200122123","106,56269122082924","1545875456","[20:41:49] [Server thread/INFO]: The game is running, but can't keep up with the target tick rate [20:41:49] [Server thread/INFO]: Target tick rate: 20,0 per second. Average time per tick: 135,9ms (Target: 50,0ms) [20:41:49] [Server thread/INFO]: Percentiles: P50: 101,9ms P95: 296,3ms P99: 389,0ms, sample: 100"
"diagnostics-only","2","2026-09-27T18:41:49.5260457+00:00","d21445e0e647ac86d4605ebeff90853c91eba01be743b685b61de63f5dbb529f","False","False","50","10062","0","0","0","0","False","0","139,7","102,9","297,4","389","100","99,56176113751812","106,56269122082924","1545875456","[20:41:53] [Server thread/INFO]: The game is running, but can't keep up with the target tick rate [20:41:53] [Server thread/INFO]: Target tick rate: 20,0 per second. Average time per tick: 139,7ms (Target: 50,0ms) [20:41:53] [Server thread/INFO]: Percentiles: P50: 102,9ms P95: 297,4ms P99: 389,0ms, sample: 100"
"diagnostics-only","2","2026-09-27T18:41:53.6851014+00:00","d21445e0e647ac86d4605ebeff90853c91eba01be743b685b61de63f5dbb529f","False","False","50","10062","0","0","0","0","False","0","142,8","103,3","307,3","389","100","104,07239470868741","106,56269122082924","1545875456","[20:41:58] [Server thread/INFO]: The game is running, but can't keep up with the target tick rate [20:41:58] [Server thread/INFO]: Target tick rate: 20,0 per second. Average time per tick: 142,8ms (Target: 50,0ms) [20:41:58] [Server thread/INFO]: Percentiles: P50: 103,3ms P95: 307,3ms P99: 389,0ms, sample: 100"
"diagnostics-only","2","2026-09-27T18:41:58.2342061+00:00","d21445e0e647ac86d4605ebeff90853c91eba01be743b685b61de63f5dbb529f","False","False","50","10062","0","0","0","0","False","0","145,7","105","322","394,8","100","97,51824302234482","106,56269122082924","1545875456","[20:42:01] [Server thread/INFO]: The game is running, but can't keep up with the target tick rate [20:42:01] [Server thread/INFO]: Target tick rate: 20,0 per second. Average time per tick: 145,7ms (Target: 50,0ms) [20:42:01] [Server thread/INFO]: Percentiles: P50: 105,0ms P95: 322,0ms P99: 394,8ms, sample: 100"
"diagnostics-only","2","2026-09-27T18:42:01.5828226+00:00","d21445e0e647ac86d4605ebeff90853c91eba01be743b685b61de63f5dbb529f","False","False","50","10062","0","0","0","0","False","0","148,9","105,1","330,3","394,8","100","109,70928034270511","106,56269122082924","1545875456","[20:42:08] [Server thread/INFO]: The game is running, but can't keep up with the target tick rate [20:42:08] [Server thread/INFO]: Target tick rate: 20,0 per second. Average time per tick: 148,9ms (Target: 50,0ms) [20:42:08] [Server thread/INFO]: Percentiles: P50: 105,1ms P95: 330,3ms P99: 394,8ms, sample: 100"
"diagnostics-only","2","2026-09-27T18:42:08.9174501+00:00","d21445e0e647ac86d4605ebeff90853c91eba01be743b685b61de63f5dbb529f","False","False","50","10062","0","0","0","0","False","0","151,4","107,2","330,3","394,8","100","103,43323630006502","106,56269122082924","1545875456","[20:42:13] [Server thread/INFO]: The game is running, but can't keep up with the target tick rate [20:42:13] [Server thread/INFO]: Target tick rate: 20,0 per second. Average time per tick: 151,4ms (Target: 50,0ms) [20:42:13] [Server thread/INFO]: Percentiles: P50: 107,2ms P95: 330,3ms P99: 394,8ms, sample: 100"
"without-umce","2","2026-09-27T18:43:07.4624688+00:00",,"False","False","50","10062","0","0","0","0","False","0","141,5","166,9","258,7","287,9","100","174,77714381031345","121,6932243474673","1574608896","[20:43:07] [Server thread/INFO]: The game is running, but can't keep up with the target tick rate [20:43:07] [Server thread/INFO]: Target tick rate: 20,0 per second. Average time per tick: 141,5ms (Target: 50,0ms) [20:43:07] [Server thread/INFO]: Percentiles: P50: 166,9ms P95: 258,7ms P99: 287,9ms, sample: 100"
"without-umce","2","2026-09-27T18:43:07.9882768+00:00",,"False","False","50","10062","0","0","0","0","False","0","143,6","170,7","258,7","287,9","100","107,92153354041871","121,6932243474673","1574608896","[20:43:09] [Server thread/INFO]: The game is running, but can't keep up with the target tick rate [20:43:09] [Server thread/INFO]: Target tick rate: 20,0 per second. Average time per tick: 143,6ms (Target: 50,0ms) [20:43:09] [Server thread/INFO]: Percentiles: P50: 170,7ms P95: 258,7ms P99: 287,9ms, sample: 100"
"without-umce","2","2026-09-27T18:43:09.4778565+00:00",,"False","False","50","10062","0","0","0","0","False","0","146,3","172,9","261,7","290,2","100","115,82138674336204","121,6932243474673","1574608896","[20:43:10] [Server thread/INFO]: The game is running, but can't keep up with the target tick rate [20:43:10] [Server thread/INFO]: Target tick rate: 20,0 per second. Average time per tick: 146,3ms (Target: 50,0ms) [20:43:10] [Server thread/INFO]: Percentiles: P50: 172,9ms P95: 261,7ms P99: 290,2ms, sample: 100"
"without-umce","2","2026-09-27T18:43:10.4896519+00:00",,"False","False","50","10062","0","0","0","0","False","0","148,1","173,3","261,7","290,2","100","108,4972872005984","121,6932243474673","1574608896","[20:43:11] [Server thread/INFO]: The game is running, but can't keep up with the target tick rate [20:43:11] [Server thread/INFO]: Target tick rate: 20,0 per second. Average time per tick: 148,1ms (Target: 50,0ms) [20:43:11] [Server thread/INFO]: Percentiles: P50: 173,3ms P95: 261,7ms P99: 290,2ms, sample: 100"
"without-umce","2","2026-09-27T18:43:11.9873813+00:00",,"False","False","50","10062","0","0","0","0","False","0","149,4","174","261,7","290,2","100","131,56869885924675","121,6932243474673","1574608896","[20:43:12] [Server thread/INFO]: The game is running, but can't keep up with the target tick rate [20:43:12] [Server thread/INFO]: Target tick rate: 20,0 per second. Average time per tick: 149,4ms (Target: 50,0ms) [20:43:12] [Server thread/INFO]: Percentiles: P50: 174,0ms P95: 261,7ms P99: 290,2ms, sample: 100"
"without-umce","2","2026-09-27T18:43:12.9849850+00:00",,"False","False","50","10062","0","0","0","0","False","0","151,3","174,3","261,7","290,2","100","104,00892397570207","121,6932243474673","1574608896","[20:43:14] [Server thread/INFO]: The game is running, but can't keep up with the target tick rate [20:43:14] [Server thread/INFO]: Target tick rate: 20,0 per second. Average time per tick: 151,3ms (Target: 50,0ms) [20:43:14] [Server thread/INFO]: Percentiles: P50: 174,3ms P95: 261,7ms P99: 290,2ms, sample: 100"
"without-umce","2","2026-09-27T18:43:14.2318580+00:00",,"False","False","50","10062","0","0","0","0","False","0","152,2","179,5","261,7","290,2","100","121,11486888321465","121,6932243474673","1574608896","[20:43:14] [Server thread/INFO]: The game is running, but can't keep up with the target tick rate [20:43:14] [Server thread/INFO]: Target tick rate: 20,0 per second. Average time per tick: 152,2ms (Target: 50,0ms) [20:43:14] [Server thread/INFO]: Percentiles: P50: 179,5ms P95: 261,7ms P99: 290,2ms, sample: 100"
"without-umce","2","2026-09-27T18:43:14.9802226+00:00",,"False","False","50","10062","0","0","0","0","False","0","153,6","181,4","261,7","290,2","100","127,85859733643366","121,6932243474673","1574608896","[20:43:16] [Server thread/INFO]: The game is running, but can't keep up with the target tick rate [20:43:16] [Server thread/INFO]: Target tick rate: 20,0 per second. Average time per tick: 153,6ms (Target: 50,0ms) [20:43:16] [Server thread/INFO]: Percentiles: P50: 181,4ms P95: 261,7ms P99: 290,2ms, sample: 100"
"without-umce","2","2026-09-27T18:43:16.2266153+00:00",,"False","False","50","10062","0","0","0","0","False","0","155,2","182,8","261,7","290,2","100","116,46869018478657","121,6932243474673","1574608896","[20:43:17] [Server thread/INFO]: The game is running, but can't keep up with the target tick rate [20:43:17] [Server thread/INFO]: Target tick rate: 20,0 per second. Average time per tick: 155,2ms (Target: 50,0ms) [20:43:17] [Server thread/INFO]: Percentiles: P50: 182,8ms P95: 261,7ms P99: 290,2ms, sample: 100"
"without-umce","2","2026-09-27T18:43:17.2327893+00:00",,"False","False","50","10062","0","0","0","0","False","0","156,8","184","261,7","290,2","100","113,40327980429718","121,6932243474673","1574608896","[20:43:18] [Server thread/INFO]: The game is running, but can't keep up with the target tick rate [20:43:18] [Server thread/INFO]: Target tick rate: 20,0 per second. Average time per tick: 156,8ms (Target: 50,0ms) [20:43:18] [Server thread/INFO]: Percentiles: P50: 184,0ms P95: 261,7ms P99: 290,2ms, sample: 100"
"without-umce","2","2026-09-27T18:43:18.2248567+00:00",,"False","False","50","10062","0","0","0","0","False","0","158,3","185,5","261,7","290,2","100","135,81032400254182","121,6932243474673","1574608896","[20:43:18] [Server thread/INFO]: The game is running, but can't keep up with the target tick rate [20:43:18] [Server thread/INFO]: Target tick rate: 20,0 per second. Average time per tick: 158,3ms (Target: 50,0ms) [20:43:18] [Server thread/INFO]: Percentiles: P50: 185,5ms P95: 261,7ms P99: 290,2ms, sample: 100"
"without-umce","2","2026-09-27T18:43:18.8575883+00:00",,"False","False","50","10062","0","0","0","0","False","0","160,1","186,2","261,7","290,2","100","142,70274734803695","121,6932243474673","1574608896","[20:43:19] [Server thread/INFO]: The game is running, but can't keep up with the target tick rate [20:43:19] [Server thread/INFO]: Target tick rate: 20,0 per second. Average time per tick: 160,1ms (Target: 50,0ms) [20:43:19] [Server thread/INFO]: Percentiles: P50: 186,2ms P95: 261,7ms P99: 290,2ms, sample: 100"
"without-umce","2","2026-09-27T18:43:19.8649372+00:00",,"False","False","50","10062","0","0","0","0","False","0","161,6","188,6","261,7","290,2","100","141,02889264564786","121,6932243474673","1574608896","[20:43:20] [Server thread/INFO]: The game is running, but can't keep up with the target tick rate [20:43:20] [Server thread/INFO]: Target tick rate: 20,0 per second. Average time per tick: 161,6ms (Target: 50,0ms) [20:43:20] [Server thread/INFO]: Percentiles: P50: 188,6ms P95: 261,7ms P99: 290,2ms, sample: 100"
"without-umce","2","2026-09-27T18:43:20.6404866+00:00",,"False","False","50","10062","0","0","0","0","False","0","163,6","188,7","264,8","290,2","100","131,5113617169201","121,6932243474673","1574608896","[20:43:21] [Server thread/INFO]: The game is running, but can't keep up with the target tick rate [20:43:21] [Server thread/INFO]: Target tick rate: 20,0 per second. Average time per tick: 163,6ms (Target: 50,0ms) [20:43:21] [Server thread/INFO]: Percentiles: P50: 188,7ms P95: 264,8ms P99: 290,2ms, sample: 100"
"without-umce","2","2026-09-27T18:43:21.5078134+00:00",,"False","False","50","10062","0","0","0","0","False","0","165,5",,,,,"124,19742441510347","121,6932243474673","1574608896","[20:43:22] [Server thread/INFO]: The game is running, but can't keep up with the target tick rate [20:43:22] [Server thread/INFO]: Target tick rate: 20,0 per second. Average time per tick: 165,5ms (Target: 50,0ms)"
"without-umce","2","2026-09-27T18:43:22.0362117+00:00",,"False","False","50","10062","0","0","0","0","False","0","167,3","189,7","264,8","290,2","100","118,78800640263034","121,6932243474673","1574608896","[20:43:22] [Server thread/INFO]: Percentiles: P50: 189,7ms P95: 264,8ms P99: 290,2ms, sample: 100 [20:43:22] [Server thread/INFO]: The game is running, but can't keep up with the target tick rate [20:43:22] [Server thread/INFO]: Target tick rate: 20,0 per second. Average time per tick: 167,3ms (Target: 50,0ms) [20:43:22] [Server thread/INFO]: Percentiles: P50: 190,6ms P95: 264,8ms P99: 290,2ms, sample: 100"
"without-umce","2","2026-09-27T18:43:22.9043425+00:00",,"False","False","50","10062","0","0","0","0","False","0","169","191,2","264,8","290,2","100","113,09902900713631","121,6932243474673","1574608896","[20:43:23] [Server thread/INFO]: The game is running, but can't keep up with the target tick rate [20:43:23] [Server thread/INFO]: Target tick rate: 20,0 per second. Average time per tick: 169,0ms (Target: 50,0ms) [20:43:23] [Server thread/INFO]: Percentiles: P50: 191,2ms P95: 264,8ms P99: 290,2ms, sample: 100"
"without-umce","2","2026-09-27T18:43:23.8990448+00:00",,"False","False","50","10062","0","0","0","0","False","0","171,1","191,3","264,8","290,2","100","119,18576366299027","121,6932243474673","1574608896","[20:43:24] [Server thread/INFO]: The game is running, but can't keep up with the target tick rate [20:43:24] [Server thread/INFO]: Target tick rate: 20,0 per second. Average time per tick: 171,1ms (Target: 50,0ms) [20:43:24] [Server thread/INFO]: Percentiles: P50: 191,3ms P95: 264,8ms P99: 290,2ms, sample: 100"
"without-umce","2","2026-09-27T18:43:25.0265034+00:00",,"False","False","50","10062","0","0","0","0","False","0","173,7","191,8","272,3","318,4","100","122,23374381472183","121,6932243474673","1574608896","[20:43:25] [Server thread/INFO]: The game is running, but can't keep up with the target tick rate [20:43:25] [Server thread/INFO]: Target tick rate: 20,0 per second. Average time per tick: 173,7ms (Target: 50,0ms) [20:43:25] [Server thread/INFO]: Percentiles: P50: 191,8ms P95: 272,3ms P99: 318,4ms, sample: 100"
"without-umce","2","2026-09-27T18:43:26.0235677+00:00",,"False","False","50","10062","0","0","0","0","False","0","175,5","192","272,3","318,4","100","124,43561535347459","121,6932243474673","1574608896","[20:43:26] [Server thread/INFO]: The game is running, but can't keep up with the target tick rate [20:43:26] [Server thread/INFO]: Target tick rate: 20,0 per second. Average time per tick: 175,5ms (Target: 50,0ms) [20:43:26] [Server thread/INFO]: Percentiles: P50: 192,0ms P95: 272,3ms P99: 318,4ms, sample: 100"
"without-umce","2","2026-09-27T18:43:26.9276388+00:00",,"False","False","50","10062","0","0","0","0","False","0","177,3","195,7","272,3","318,4","100","108,24360633751122","121,6932243474673","1574608896","[20:43:27] [Server thread/INFO]: The game is running, but can't keep up with the target tick rate [20:43:27] [Server thread/INFO]: Target tick rate: 20,0 per second. Average time per tick: 177,3ms (Target: 50,0ms) [20:43:27] [Server thread/INFO]: Percentiles: P50: 195,7ms P95: 272,3ms P99: 318,4ms, sample: 100"
"without-umce","2","2026-09-27T18:43:27.7215517+00:00",,"False","False","50","10062","0","0","0","0","False","0","178,9","195,9","272,3","318,4","100","111,4691699015763","121,6932243474673","1574608896","[20:43:28] [Server thread/INFO]: The game is running, but can't keep up with the target tick rate [20:43:28] [Server thread/INFO]: Target tick rate: 20,0 per second. Average time per tick: 178,9ms (Target: 50,0ms) [20:43:28] [Server thread/INFO]: Percentiles: P50: 195,9ms P95: 272,3ms P99: 318,4ms, sample: 100"
"without-umce","2","2026-09-27T18:43:28.8429467+00:00",,"False","False","50","10062","0","0","0","0","False","0","180,3","197","272,3","318,4","100","129,8680295478745","121,6932243474673","1574608896","[20:43:29] [Server thread/INFO]: The game is running, but can't keep up with the target tick rate [20:43:29] [Server thread/INFO]: Target tick rate: 20,0 per second. Average time per tick: 180,3ms (Target: 50,0ms) [20:43:29] [Server thread/INFO]: Percentiles: P50: 197,0ms P95: 272,3ms P99: 318,4ms, sample: 100"
"without-umce","2","2026-09-27T18:43:29.8415902+00:00",,"False","False","50","10062","0","0","0","0","False","0","182,6","197,5","272,3","318,4","100","112,78578413890344","121,6932243474673","1574608896","[20:43:30] [Server thread/INFO]: The game is running, but can't keep up with the target tick rate [20:43:30] [Server thread/INFO]: Target tick rate: 20,0 per second. Average time per tick: 182,6ms (Target: 50,0ms) [20:43:30] [Server thread/INFO]: Percentiles: P50: 197,5ms P95: 272,3ms P99: 318,4ms, sample: 100"
"without-umce","2","2026-09-27T18:43:30.5896564+00:00",,"False","False","50","10062","0","0","0","0","False","0","184,1","197,5","272,3","318,4","100","114,50428005548419","121,6932243474673","1574608896","[20:43:31] [Server thread/INFO]: The game is running, but can't keep up with the target tick rate [20:43:31] [Server thread/INFO]: Target tick rate: 20,0 per second. Average time per tick: 184,1ms (Target: 50,0ms) [20:43:31] [Server thread/INFO]: Percentiles: P50: 197,5ms P95: 272,3ms P99: 318,4ms, sample: 100"
"without-umce","2","2026-09-27T18:43:31.4629786+00:00",,"False","False","50","10062","0","0","0","0","False","0","185,6","201,9","272,3","318,4","100","109,23427348546866","121,6932243474673","1574608896","[20:43:32] [Server thread/INFO]: The game is running, but can't keep up with the target tick rate [20:43:32] [Server thread/INFO]: Target tick rate: 20,0 per second. Average time per tick: 185,6ms (Target: 50,0ms) [20:43:32] [Server thread/INFO]: Percentiles: P50: 201,9ms P95: 272,3ms P99: 318,4ms, sample: 100"
"without-umce","2","2026-09-27T18:43:32.4642752+00:00",,"False","False","50","10062","0","0","0","0","False","0","187,2","202,1","272,3","318,4","100","117,2493018976565","121,6932243474673","1574608896","[20:43:33] [Server thread/INFO]: The game is running, but can't keep up with the target tick rate [20:43:33] [Server thread/INFO]: Target tick rate: 20,0 per second. Average time per tick: 187,2ms (Target: 50,0ms) [20:43:33] [Server thread/INFO]: Percentiles: P50: 202,1ms P95: 272,3ms P99: 318,4ms, sample: 100"
"without-umce","2","2026-09-27T18:43:33.2105455+00:00",,"False","False","50","10062","0","0","0","0","False","0","188,7","203","272,3","318,4","100","113,7629928906999","121,6932243474673","1574608896","[20:43:33] [Server thread/INFO]: The game is running, but can't keep up with the target tick rate [20:43:33] [Server thread/INFO]: Target tick rate: 20,0 per second. Average time per tick: 188,7ms (Target: 50,0ms) [20:43:33] [Server thread/INFO]: Percentiles: P50: 203,0ms P95: 272,3ms P99: 318,4ms, sample: 100"
"without-umce","2","2026-09-27T18:43:34.0208964+00:00",,"False","False","50","10062","0","0","0","0","False","0","190,5","207,7","272,3","318,4","100","114,21200672275114","121,6932243474673","1574608896","[20:43:34] [Server thread/INFO]: The game is running, but can't keep up with the target tick rate [20:43:34] [Server thread/INFO]: Target tick rate: 20,0 per second. Average time per tick: 190,5ms (Target: 50,0ms) [20:43:34] [Server thread/INFO]: Percentiles: P50: 207,7ms P95: 272,3ms P99: 318,4ms, sample: 100"
"without-umce","2","2026-09-27T18:43:34.8007344+00:00",,"False","False","50","10062","0","0","0","0","False","0","192,3","208,8","272,3","318,4","100","123,57335457601086","121,6932243474673","1574608896","[20:43:35] [Server thread/INFO]: The game is running, but can't keep up with the target tick rate [20:43:35] [Server thread/INFO]: Target tick rate: 20,0 per second. Average time per tick: 192,3ms (Target: 50,0ms) [20:43:35] [Server thread/INFO]: Percentiles: P50: 208,8ms P95: 272,3ms P99: 318,4ms, sample: 100"
"without-umce","2","2026-09-27T18:43:35.6731584+00:00",,"False","False","50","10062","0","0","0","0","False","0","193,6","212","272,3","318,4","100","163,46139273264396","121,6932243474673","1574608896","[20:43:36] [Server thread/INFO]: The game is running, but can't keep up with the target tick rate [20:43:36] [Server thread/INFO]: Target tick rate: 20,0 per second. Average time per tick: 193,6ms (Target: 50,0ms) [20:43:36] [Server thread/INFO]: Percentiles: P50: 212,0ms P95: 272,3ms P99: 318,4ms, sample: 100"
"without-umce","2","2026-09-27T18:43:36.4187483+00:00",,"False","False","50","10062","0","0","0","0","False","0","194,6","213,8","272,3","318,4","100","125,37834168386523","121,6932243474673","1574608896","[20:43:37] [Server thread/INFO]: The game is running, but can't keep up with the target tick rate [20:43:37] [Server thread/INFO]: Target tick rate: 20,0 per second. Average time per tick: 194,6ms (Target: 50,0ms) [20:43:37] [Server thread/INFO]: Percentiles: P50: 213,8ms P95: 272,3ms P99: 318,4ms, sample: 100"
"without-umce","2","2026-09-27T18:43:37.0418712+00:00",,"False","False","50","10062","0","0","0","0","False","0","196,5","213,9","272,3","318,4","100","139,98486592274614","121,6932243474673","1574608896","[20:43:37] [Server thread/INFO]: The game is running, but can't keep up with the target tick rate [20:43:37] [Server thread/INFO]: Target tick rate: 20,0 per second. Average time per tick: 196,5ms (Target: 50,0ms) [20:43:37] [Server thread/INFO]: Percentiles: P50: 213,9ms P95: 272,3ms P99: 318,4ms, sample: 100"
"diagnostics-only","3","2026-09-27T18:44:31.2283288+00:00","d21445e0e647ac86d4605ebeff90853c91eba01be743b685b61de63f5dbb529f","False","False","50","10062","0","0","0","0","False","0","211,1","167,9","410,2","446,3","100","133,15510179602012","154,67670570690308","1559678976","[20:44:31] [Server thread/INFO]: The game is running, but can't keep up with the target tick rate [20:44:31] [Server thread/INFO]: Target tick rate: 20,0 per second. Average time per tick: 211,1ms (Target: 50,0ms) [20:44:31] [Server thread/INFO]: Percentiles: P50: 167,9ms P95: 410,2ms P99: 446,3ms, sample: 100"
"diagnostics-only","3","2026-09-27T18:44:31.8590584+00:00","d21445e0e647ac86d4605ebeff90853c91eba01be743b685b61de63f5dbb529f","False","False","50","10062","0","0","0","0","False","0","213,6","168","410,2","446,3","100","135,9793769183734","154,67670570690308","1559678976","[20:44:32] [Server thread/INFO]: The game is running, but can't keep up with the target tick rate [20:44:32] [Server thread/INFO]: Target tick rate: 20,0 per second. Average time per tick: 213,6ms (Target: 50,0ms) [20:44:32] [Server thread/INFO]: Percentiles: P50: 168,0ms P95: 410,2ms P99: 446,3ms, sample: 100"
"diagnostics-only","3","2026-09-27T18:44:32.1147239+00:00","d21445e0e647ac86d4605ebeff90853c91eba01be743b685b61de63f5dbb529f","False","False","50","10062","0","0","0","0","False","0","213,5","168","410,2","446,3","100","133,78173914426165","154,67670570690308","1559678976","[20:44:32] [Server thread/INFO]: The game is running, but can't keep up with the target tick rate [20:44:32] [Server thread/INFO]: Target tick rate: 20,0 per second. Average time per tick: 213,5ms (Target: 50,0ms) [20:44:32] [Server thread/INFO]: Percentiles: P50: 168,0ms P95: 410,2ms P99: 446,3ms, sample: 100"
"diagnostics-only","3","2026-09-27T18:44:32.3599334+00:00","d21445e0e647ac86d4605ebeff90853c91eba01be743b685b61de63f5dbb529f","False","False","50","10062","0","0","0","0","False","0","214,1","168","410,2","446,3","100","215,25853816660506","154,67670570690308","1559678976","[20:44:32] [Server thread/INFO]: The game is running, but can't keep up with the target tick rate [20:44:32] [Server thread/INFO]: Target tick rate: 20,0 per second. Average time per tick: 214,1ms (Target: 50,0ms) [20:44:32] [Server thread/INFO]: Percentiles: P50: 168,0ms P95: 410,2ms P99: 446,3ms, sample: 100"
"diagnostics-only","3","2026-09-27T18:44:32.8535455+00:00","d21445e0e647ac86d4605ebeff90853c91eba01be743b685b61de63f5dbb529f","False","False","50","10062","0","0","0","0","False","0","216,5","169,4","410,2","446,3","100","165,85786997804485","154,67670570690308","1559678976","[20:44:33] [Server thread/INFO]: The game is running, but can't keep up with the target tick rate [20:44:33] [Server thread/INFO]: Target tick rate: 20,0 per second. Average time per tick: 216,5ms (Target: 50,0ms) [20:44:33] [Server thread/INFO]: Percentiles: P50: 169,4ms P95: 410,2ms P99: 446,3ms, sample: 100"
"diagnostics-only","3","2026-09-27T18:44:33.3622321+00:00","d21445e0e647ac86d4605ebeff90853c91eba01be743b685b61de63f5dbb529f","False","False","50","10062","0","0","0","0","False","0","215,9","168","410,2","446,3","100","132,95719700093136","154,67670570690308","1559678976","[20:44:33] [Server thread/INFO]: The game is running, but can't keep up with the target tick rate [20:44:33] [Server thread/INFO]: Target tick rate: 20,0 per second. Average time per tick: 215,9ms (Target: 50,0ms) [20:44:33] [Server thread/INFO]: Percentiles: P50: 168,0ms P95: 410,2ms P99: 446,3ms, sample: 100"
"diagnostics-only","3","2026-09-27T18:44:33.8558069+00:00","d21445e0e647ac86d4605ebeff90853c91eba01be743b685b61de63f5dbb529f","False","False","50","10062","0","0","0","0","False","0","216,2","168","410,2","446,3","100","168,80217168720338","154,67670570690308","1559678976","[20:44:34] [Server thread/INFO]: The game is running, but can't keep up with the target tick rate [20:44:34] [Server thread/INFO]: Target tick rate: 20,0 per second. Average time per tick: 216,2ms (Target: 50,0ms) [20:44:34] [Server thread/INFO]: Percentiles: P50: 168,0ms P95: 410,2ms P99: 446,3ms, sample: 100"
"diagnostics-only","3","2026-09-27T18:44:34.2260490+00:00","d21445e0e647ac86d4605ebeff90853c91eba01be743b685b61de63f5dbb529f","False","False","50","10062","0","0","0","0","False","0","218,3","169,4","410,2","446,3","100","129,06860146560874","154,67670570690308","1559678976","[20:44:34] [Server thread/INFO]: The game is running, but can't keep up with the target tick rate [20:44:34] [Server thread/INFO]: Target tick rate: 20,0 per second. Average time per tick: 218,3ms (Target: 50,0ms) [20:44:34] [Server thread/INFO]: Percentiles: P50: 169,4ms P95: 410,2ms P99: 446,3ms, sample: 100"
"diagnostics-only","3","2026-09-27T18:44:34.5045797+00:00","d21445e0e647ac86d4605ebeff90853c91eba01be743b685b61de63f5dbb529f","False","False","50","10062","0","0","0","0","False","0","217,5","168","410,2","446,3","100","152,45732753281766","154,67670570690308","1559678976","[20:44:34] [Server thread/INFO]: The game is running, but can't keep up with the target tick rate [20:44:34] [Server thread/INFO]: Target tick rate: 20,0 per second. Average time per tick: 217,5ms (Target: 50,0ms) [20:44:34] [Server thread/INFO]: Percentiles: P50: 168,0ms P95: 410,2ms P99: 446,3ms, sample: 100"
"diagnostics-only","3","2026-09-27T18:44:34.8734502+00:00","d21445e0e647ac86d4605ebeff90853c91eba01be743b685b61de63f5dbb529f","False","False","50","10062","0","0","0","0","False","0","217,6","168","410,2","446,3","100","132,3509481268988","154,67670570690308","1559678976","[20:44:35] [Server thread/INFO]: The game is running, but can't keep up with the target tick rate [20:44:35] [Server thread/INFO]: Target tick rate: 20,0 per second. Average time per tick: 217,6ms (Target: 50,0ms) [20:44:35] [Server thread/INFO]: Percentiles: P50: 168,0ms P95: 410,2ms P99: 446,3ms, sample: 100"
"diagnostics-only","3","2026-09-27T18:44:35.3692957+00:00","d21445e0e647ac86d4605ebeff90853c91eba01be743b685b61de63f5dbb529f","False","False","50","10062","0","0","0","0","False","0","219,8","169,4","410,2","446,3","100","210,36372392739983","154,67670570690308","1559678976","[20:44:35] [Server thread/INFO]: The game is running, but can't keep up with the target tick rate [20:44:35] [Server thread/INFO]: Target tick rate: 20,0 per second. Average time per tick: 219,8ms (Target: 50,0ms) [20:44:35] [Server thread/INFO]: Percentiles: P50: 169,4ms P95: 410,2ms P99: 446,3ms, sample: 100"
"diagnostics-only","3","2026-09-27T18:44:35.6292932+00:00","d21445e0e647ac86d4605ebeff90853c91eba01be743b685b61de63f5dbb529f","False","False","50","10062","0","0","0","0","False","0","218,7","168","410,2","446,3","100","175,59315367310776","154,67670570690308","1559678976","[20:44:35] [Server thread/INFO]: The game is running, but can't keep up with the target tick rate [20:44:35] [Server thread/INFO]: Target tick rate: 20,0 per second. Average time per tick: 218,7ms (Target: 50,0ms) [20:44:35] [Server thread/INFO]: Percentiles: P50: 168,0ms P95: 410,2ms P99: 446,3ms, sample: 100"
"diagnostics-only","3","2026-09-27T18:44:35.8784190+00:00","d21445e0e647ac86d4605ebeff90853c91eba01be743b685b61de63f5dbb529f","False","False","50","10062","0","0","0","0","False","0","218,7","168","410,2","446,3","100","179,10777716672646","154,67670570690308","1559678976","[20:44:36] [Server thread/INFO]: The game is running, but can't keep up with the target tick rate [20:44:36] [Server thread/INFO]: Target tick rate: 20,0 per second. Average time per tick: 218,7ms (Target: 50,0ms) [20:44:36] [Server thread/INFO]: Percentiles: P50: 168,0ms P95: 410,2ms P99: 446,3ms, sample: 100"
"diagnostics-only","3","2026-09-27T18:44:36.2447981+00:00","d21445e0e647ac86d4605ebeff90853c91eba01be743b685b61de63f5dbb529f","False","False","50","10062","0","0","0","0","False","0","221","169,4","410,2","446,3","100","139,40974623167853","154,67670570690308","1559678976","[20:44:36] [Server thread/INFO]: The game is running, but can't keep up with the target tick rate [20:44:36] [Server thread/INFO]: Target tick rate: 20,0 per second. Average time per tick: 221,0ms (Target: 50,0ms) [20:44:36] [Server thread/INFO]: Percentiles: P50: 169,4ms P95: 410,2ms P99: 446,3ms, sample: 100"
"diagnostics-only","3","2026-09-27T18:44:36.4913891+00:00","d21445e0e647ac86d4605ebeff90853c91eba01be743b685b61de63f5dbb529f","False","False","50","10062","0","0","0","0","False","0","219,7","168","410,2","446,3","100","179,3396427410845","154,67670570690308","1559678976","[20:44:36] [Server thread/INFO]: The game is running, but can't keep up with the target tick rate [20:44:36] [Server thread/INFO]: Target tick rate: 20,0 per second. Average time per tick: 219,7ms (Target: 50,0ms) [20:44:36] [Server thread/INFO]: Percentiles: P50: 168,0ms P95: 410,2ms P99: 446,3ms, sample: 100"
"diagnostics-only","3","2026-09-27T18:44:36.6308005+00:00","d21445e0e647ac86d4605ebeff90853c91eba01be743b685b61de63f5dbb529f","False","False","50","10062","0","0","0","0","False","0","219,9","168","410,2","446,3","100","178,9355740838824","154,67670570690308","1559678976","[20:44:36] [Server thread/INFO]: The game is running, but can't keep up with the target tick rate [20:44:36] [Server thread/INFO]: Target tick rate: 20,0 per second. Average time per tick: 219,9ms (Target: 50,0ms) [20:44:36] [Server thread/INFO]: Percentiles: P50: 168,0ms P95: 410,2ms P99: 446,3ms, sample: 100"
"diagnostics-only","3","2026-09-27T18:44:37.0150120+00:00","d21445e0e647ac86d4605ebeff90853c91eba01be743b685b61de63f5dbb529f","False","False","50","10062","0","0","0","0","False","0","221,7","169,4","410,2","446,3","100","159,02511548531106","154,67670570690308","1559678976","[20:44:37] [Server thread/INFO]: The game is running, but can't keep up with the target tick rate [20:44:37] [Server thread/INFO]: Target tick rate: 20,0 per second. Average time per tick: 221,7ms (Target: 50,0ms) [20:44:37] [Server thread/INFO]: Percentiles: P50: 169,4ms P95: 410,2ms P99: 446,3ms, sample: 100"
"diagnostics-only","3","2026-09-27T18:44:37.2606477+00:00","d21445e0e647ac86d4605ebeff90853c91eba01be743b685b61de63f5dbb529f","False","False","50","10062","0","0","0","0","False","0","220,4","168","410,2","446,3","100","330,0191959473237","154,67670570690308","1559678976","[20:44:37] [Server thread/INFO]: The game is running, but can't keep up with the target tick rate [20:44:37] [Server thread/INFO]: Target tick rate: 20,0 per second. Average time per tick: 220,4ms (Target: 50,0ms) [20:44:37] [Server thread/INFO]: Percentiles: P50: 168,0ms P95: 410,2ms P99: 446,3ms, sample: 100"
"diagnostics-only","3","2026-09-27T18:44:37.3837431+00:00","d21445e0e647ac86d4605ebeff90853c91eba01be743b685b61de63f5dbb529f","False","False","50","10062","0","0","0","0","False","0","220,3","168","410,2","446,3","100","214,68036507781378","154,67670570690308","1559678976","[20:44:37] [Server thread/INFO]: The game is running, but can't keep up with the target tick rate [20:44:37] [Server thread/INFO]: Target tick rate: 20,0 per second. Average time per tick: 220,3ms (Target: 50,0ms) [20:44:37] [Server thread/INFO]: Percentiles: P50: 168,0ms P95: 410,2ms P99: 446,3ms, sample: 100"
"diagnostics-only","3","2026-09-27T18:44:37.7695124+00:00","d21445e0e647ac86d4605ebeff90853c91eba01be743b685b61de63f5dbb529f","False","False","50","10062","0","0","0","0","False","0","222,2","169,4","410,2","446,3","100","189,21214283811352","154,67670570690308","1559678976","[20:44:37] [Server thread/INFO]: The game is running, but can't keep up with the target tick rate [20:44:37] [Server thread/INFO]: Target tick rate: 20,0 per second. Average time per tick: 222,2ms (Target: 50,0ms) [20:44:37] [Server thread/INFO]: Percentiles: P50: 169,4ms P95: 410,2ms P99: 446,3ms, sample: 100"
"diagnostics-only","3","2026-09-27T18:44:37.8933787+00:00","d21445e0e647ac86d4605ebeff90853c91eba01be743b685b61de63f5dbb529f","False","False","50","10062","0","0","0","0","False","0","220,9","168","410,2","446,3","100","128,78207188718278","154,67670570690308","1559678976","[20:44:38] [Server thread/INFO]: The game is running, but can't keep up with the target tick rate [20:44:38] [Server thread/INFO]: Target tick rate: 20,0 per second. Average time per tick: 220,9ms (Target: 50,0ms) [20:44:38] [Server thread/INFO]: Percentiles: P50: 168,0ms P95: 410,2ms P99: 446,3ms, sample: 100"
"diagnostics-only","3","2026-09-27T18:44:38.0146923+00:00","d21445e0e647ac86d4605ebeff90853c91eba01be743b685b61de63f5dbb529f","False","False","50","10062","0","0","0","0","False","0","220,9","168","410,2","446,3","100","142,73148158098928","154,67670570690308","1559678976","[20:44:38] [Server thread/INFO]: The game is running, but can't keep up with the target tick rate [20:44:38] [Server thread/INFO]: Target tick rate: 20,0 per second. Average time per tick: 220,9ms (Target: 50,0ms) [20:44:38] [Server thread/INFO]: Percentiles: P50: 168,0ms P95: 410,2ms P99: 446,3ms, sample: 100"
"diagnostics-only","3","2026-09-27T18:44:38.3869012+00:00","d21445e0e647ac86d4605ebeff90853c91eba01be743b685b61de63f5dbb529f","False","False","50","10062","0","0","0","0","False","0","222,6","169,4","410,2","446,3","100","146,48033484945998","154,67670570690308","1559678976","[20:44:38] [Server thread/INFO]: The game is running, but can't keep up with the target tick rate [20:44:38] [Server thread/INFO]: Target tick rate: 20,0 per second. Average time per tick: 222,6ms (Target: 50,0ms) [20:44:38] [Server thread/INFO]: Percentiles: P50: 169,4ms P95: 410,2ms P99: 446,3ms, sample: 100"
"diagnostics-only","3","2026-09-27T18:44:38.6322102+00:00","d21445e0e647ac86d4605ebeff90853c91eba01be743b685b61de63f5dbb529f","False","False","50","10062","0","0","0","0","False","0","219,9","168","410,2","446,3","100","158,41141054589116","154,67670570690308","1559678976","[20:44:38] [Server thread/INFO]: The game is running, but can't keep up with the target tick rate [20:44:38] [Server thread/INFO]: Target tick rate: 20,0 per second. Average time per tick: 219,9ms (Target: 50,0ms) [20:44:38] [Server thread/INFO]: Percentiles: P50: 168,0ms P95: 410,2ms P99: 446,3ms, sample: 100"
"diagnostics-only","3","2026-09-27T18:44:38.7703366+00:00","d21445e0e647ac86d4605ebeff90853c91eba01be743b685b61de63f5dbb529f","False","False","50","10062","0","0","0","0","False","0","219,3","168","410,2","446,3","100","216,2485386686987","154,67670570690308","1559678976","[20:44:39] [Server thread/INFO]: The game is running, but can't keep up with the target tick rate [20:44:39] [Server thread/INFO]: Target tick rate: 20,0 per second. Average time per tick: 219,3ms (Target: 50,0ms) [20:44:39] [Server thread/INFO]: Percentiles: P50: 168,0ms P95: 410,2ms P99: 446,3ms, sample: 100"
"diagnostics-only","3","2026-09-27T18:44:39.1388209+00:00","d21445e0e647ac86d4605ebeff90853c91eba01be743b685b61de63f5dbb529f","False","False","50","10062","0","0","0","0","False","0","220,8","169,4","410,2","446,3","100","139,20374244452705","154,67670570690308","1559678976","[20:44:39] [Server thread/INFO]: The game is running, but can't keep up with the target tick rate [20:44:39] [Server thread/INFO]: Target tick rate: 20,0 per second. Average time per tick: 220,8ms (Target: 50,0ms) [20:44:39] [Server thread/INFO]: Percentiles: P50: 169,4ms P95: 410,2ms P99: 446,3ms, sample: 100"
"diagnostics-only","3","2026-09-27T18:44:39.2622786+00:00","d21445e0e647ac86d4605ebeff90853c91eba01be743b685b61de63f5dbb529f","False","False","50","10062","0","0","0","0","False","0","218,3","168","410,2","446,3","100","139,62588791910107","154,67670570690308","1559678976","[20:44:39] [Server thread/INFO]: The game is running, but can't keep up with the target tick rate [20:44:39] [Server thread/INFO]: Target tick rate: 20,0 per second. Average time per tick: 218,3ms (Target: 50,0ms) [20:44:39] [Server thread/INFO]: Percentiles: P50: 168,0ms P95: 410,2ms P99: 446,3ms, sample: 100"
"diagnostics-only","3","2026-09-27T18:44:39.3853716+00:00","d21445e0e647ac86d4605ebeff90853c91eba01be743b685b61de63f5dbb529f","False","False","50","10062","0","0","0","0","False","0","217,8","168","410,2","446,3","100","152,45130439525084","154,67670570690308","1559678976","[20:44:39] [Server thread/INFO]: The game is running, but can't keep up with the target tick rate [20:44:39] [Server thread/INFO]: Target tick rate: 20,0 per second. Average time per tick: 217,8ms (Target: 50,0ms) [20:44:39] [Server thread/INFO]: Percentiles: P50: 168,0ms P95: 410,2ms P99: 446,3ms, sample: 100"
"diagnostics-only","3","2026-09-27T18:44:39.7850971+00:00","d21445e0e647ac86d4605ebeff90853c91eba01be743b685b61de63f5dbb529f","False","False","50","10062","0","0","0","0","False","0","219,2","169,4","410,2","446,3","100","150,96022781709902","154,67670570690308","1559678976","[20:44:39] [Server thread/INFO]: The game is running, but can't keep up with the target tick rate [20:44:39] [Server thread/INFO]: Target tick rate: 20,0 per second. Average time per tick: 219,2ms (Target: 50,0ms) [20:44:39] [Server thread/INFO]: Percentiles: P50: 169,4ms P95: 410,2ms P99: 446,3ms, sample: 100"
"diagnostics-only","3","2026-09-27T18:44:39.9093096+00:00","d21445e0e647ac86d4605ebeff90853c91eba01be743b685b61de63f5dbb529f","False","False","50","10062","0","0","0","0","False","0","216,9","168","410,2","446,3","100","146,09743514900006","154,67670570690308","1559678976","[20:44:40] [Server thread/INFO]: The game is running, but can't keep up with the target tick rate [20:44:40] [Server thread/INFO]: Target tick rate: 20,0 per second. Average time per tick: 216,9ms (Target: 50,0ms) [20:44:40] [Server thread/INFO]: Percentiles: P50: 168,0ms P95: 410,2ms P99: 446,3ms, sample: 100"
"diagnostics-only","3","2026-09-27T18:44:40.1552918+00:00","d21445e0e647ac86d4605ebeff90853c91eba01be743b685b61de63f5dbb529f","False","False","50","10062","0","0","0","0","False","0","216,7","168","410,2","446,3","100","177,75804644651848","154,67670570690308","1559678976","[20:44:40] [Server thread/INFO]: The game is running, but can't keep up with the target tick rate [20:44:40] [Server thread/INFO]: Target tick rate: 20,0 per second. Average time per tick: 216,7ms (Target: 50,0ms) [20:44:40] [Server thread/INFO]: Percentiles: P50: 168,0ms P95: 410,2ms P99: 446,3ms, sample: 100"
"diagnostics-only","3","2026-09-27T18:44:40.5244628+00:00","d21445e0e647ac86d4605ebeff90853c91eba01be743b685b61de63f5dbb529f","False","False","50","10062","0","0","0","0","False","0","218","168","410,2","446,3","100","126,02605371895828","154,67670570690308","1559678976","[20:44:40] [Server thread/INFO]: The game is running, but can't keep up with the target tick rate [20:44:40] [Server thread/INFO]: Target tick rate: 20,0 per second. Average time per tick: 218,0ms (Target: 50,0ms) [20:44:40] [Server thread/INFO]: Percentiles: P50: 168,0ms P95: 410,2ms P99: 446,3ms, sample: 100"
"diagnostics-only","3","2026-09-27T18:44:40.6484656+00:00","d21445e0e647ac86d4605ebeff90853c91eba01be743b685b61de63f5dbb529f","False","False","50","10062","0","0","0","0","False","0","216","167,9","410,2","446,3","100","169,32334238317682","154,67670570690308","1559678976","[20:44:40] [Server thread/INFO]: The game is running, but can't keep up with the target tick rate [20:44:40] [Server thread/INFO]: Target tick rate: 20,0 per second. Average time per tick: 216,0ms (Target: 50,0ms) [20:44:40] [Server thread/INFO]: Percentiles: P50: 167,9ms P95: 410,2ms P99: 446,3ms, sample: 100"
"diagnostics-only","3","2026-09-27T18:44:40.7869208+00:00","d21445e0e647ac86d4605ebeff90853c91eba01be743b685b61de63f5dbb529f","False","False","50","10062","0","0","0","0","False","0","215,8","167,9","410,2","446,3","100","149,7293670018619","154,67670570690308","1559678976","[20:44:41] [Server thread/INFO]: The game is running, but can't keep up with the target tick rate [20:44:41] [Server thread/INFO]: Target tick rate: 20,0 per second. Average time per tick: 215,8ms (Target: 50,0ms) [20:44:41] [Server thread/INFO]: Percentiles: P50: 167,9ms P95: 410,2ms P99: 446,3ms, sample: 100"
"diagnostics-only","3","2026-09-27T18:44:41.1729889+00:00","d21445e0e647ac86d4605ebeff90853c91eba01be743b685b61de63f5dbb529f","False","False","50","10062","0","0","0","0","False","0","217,6","168","410,2","446,3","100","114,09143865957468","154,67670570690308","1559678976","[20:44:41] [Server thread/INFO]: The game is running, but can't keep up with the target tick rate [20:44:41] [Server thread/INFO]: Target tick rate: 20,0 per second. Average time per tick: 217,6ms (Target: 50,0ms) [20:44:41] [Server thread/INFO]: Percentiles: P50: 168,0ms P95: 410,2ms P99: 446,3ms, sample: 100"
"diagnostics-only","3","2026-09-27T18:44:41.2962262+00:00","d21445e0e647ac86d4605ebeff90853c91eba01be743b685b61de63f5dbb529f","False","False","50","10062","0","0","0","0","False","0","215,5","167,9","410,2","446,3","100","178,40292882559083","154,67670570690308","1559678976","[20:44:41] [Server thread/INFO]: The game is running, but can't keep up with the target tick rate [20:44:41] [Server thread/INFO]: Target tick rate: 20,0 per second. Average time per tick: 215,5ms (Target: 50,0ms) [20:44:41] [Server thread/INFO]: Percentiles: P50: 167,9ms P95: 410,2ms P99: 446,3ms, sample: 100"
"diagnostics-only","3","2026-09-27T18:44:41.4188578+00:00","d21445e0e647ac86d4605ebeff90853c91eba01be743b685b61de63f5dbb529f","False","False","50","10062","0","0","0","0","False","0","215,4","167,9","410,2","446,3","100","167,3621967429651","154,67670570690308","1559678976","[20:44:41] [Server thread/INFO]: The game is running, but can't keep up with the target tick rate [20:44:41] [Server thread/INFO]: Target tick rate: 20,0 per second. Average time per tick: 215,4ms (Target: 50,0ms) [20:44:41] [Server thread/INFO]: Percentiles: P50: 167,9ms P95: 410,2ms P99: 446,3ms, sample: 100"
"diagnostics-only","3","2026-09-27T18:44:41.8016329+00:00","d21445e0e647ac86d4605ebeff90853c91eba01be743b685b61de63f5dbb529f","False","False","50","10062","0","0","0","0","False","0","217,1","168","410,2","446,3","100","113,8210526656587","154,67670570690308","1559678976","[20:44:41] [Server thread/INFO]: The game is running, but can't keep up with the target tick rate [20:44:41] [Server thread/INFO]: Target tick rate: 20,0 per second. Average time per tick: 217,1ms (Target: 50,0ms) [20:44:41] [Server thread/INFO]: Percentiles: P50: 168,0ms P95: 410,2ms P99: 446,3ms, sample: 100"
"diagnostics-only","3","2026-09-27T18:44:41.9251747+00:00","d21445e0e647ac86d4605ebeff90853c91eba01be743b685b61de63f5dbb529f","False","False","50","10062","0","0","0","0","False","0","215,4","167,9","410,2","446,3","100","132,83713812633343","154,67670570690308","1559678976","[20:44:42] [Server thread/INFO]: The game is running, but can't keep up with the target tick rate [20:44:42] [Server thread/INFO]: Target tick rate: 20,0 per second. Average time per tick: 215,4ms (Target: 50,0ms) [20:44:42] [Server thread/INFO]: Percentiles: P50: 167,9ms P95: 410,2ms P99: 446,3ms, sample: 100"
"diagnostics-only","3","2026-09-27T18:44:42.1722235+00:00","d21445e0e647ac86d4605ebeff90853c91eba01be743b685b61de63f5dbb529f","False","False","50","10062","0","0","0","0","False","0","215,5","167,9","410,2","446,3","100","151,6301453668095","154,67670570690308","1559678976","[20:44:42] [Server thread/INFO]: The game is running, but can't keep up with the target tick rate [20:44:42] [Server thread/INFO]: Target tick rate: 20,0 per second. Average time per tick: 215,5ms (Target: 50,0ms) [20:44:42] [Server thread/INFO]: Percentiles: P50: 167,9ms P95: 410,2ms P99: 446,3ms, sample: 100"
"diagnostics-only","3","2026-09-27T18:44:42.4194995+00:00","d21445e0e647ac86d4605ebeff90853c91eba01be743b685b61de63f5dbb529f","False","False","50","10062","0","0","0","0","False","0","217,1","168","410,2","446,3","100","156,77683286917357","154,67670570690308","1559678976","[20:44:42] [Server thread/INFO]: The game is running, but can't keep up with the target tick rate [20:44:42] [Server thread/INFO]: Target tick rate: 20,0 per second. Average time per tick: 217,1ms (Target: 50,0ms) [20:44:42] [Server thread/INFO]: Percentiles: P50: 168,0ms P95: 410,2ms P99: 446,3ms, sample: 100"
"diagnostics-only","3","2026-09-27T18:44:42.6686533+00:00","d21445e0e647ac86d4605ebeff90853c91eba01be743b685b61de63f5dbb529f","False","False","50","10062","0","0","0","0","False","0","214,7","167,9","410,2","446,3","100","177,3167497252097","154,67670570690308","1559678976","[20:44:42] [Server thread/INFO]: The game is running, but can't keep up with the target tick rate [20:44:42] [Server thread/INFO]: Target tick rate: 20,0 per second. Average time per tick: 214,7ms (Target: 50,0ms) [20:44:42] [Server thread/INFO]: Percentiles: P50: 167,9ms P95: 410,2ms P99: 446,3ms, sample: 100"
"diagnostics-only","3","2026-09-27T18:44:42.7920571+00:00","d21445e0e647ac86d4605ebeff90853c91eba01be743b685b61de63f5dbb529f","False","False","50","10062","0","0","0","0","False","0","214,1","167,9","410,2","446,3","100","154,69648094491086","154,67670570690308","1559678976","[20:44:43] [Server thread/INFO]: The game is running, but can't keep up with the target tick rate [20:44:43] [Server thread/INFO]: Target tick rate: 20,0 per second. Average time per tick: 214,1ms (Target: 50,0ms) [20:44:43] [Server thread/INFO]: Percentiles: P50: 167,9ms P95: 410,2ms P99: 446,3ms, sample: 100"
"diagnostics-only","3","2026-09-27T18:44:43.1758883+00:00","d21445e0e647ac86d4605ebeff90853c91eba01be743b685b61de63f5dbb529f","False","False","50","10062","0","0","0","0","False","0","215,6","168","410,2","446,3","100","127,08107976218554","154,67670570690308","1559678976","[20:44:43] [Server thread/INFO]: The game is running, but can't keep up with the target tick rate [20:44:43] [Server thread/INFO]: Target tick rate: 20,0 per second. Average time per tick: 215,6ms (Target: 50,0ms) [20:44:43] [Server thread/INFO]: Percentiles: P50: 168,0ms P95: 410,2ms P99: 446,3ms, sample: 100"
"diagnostics-only","3","2026-09-27T18:44:43.2988162+00:00","d21445e0e647ac86d4605ebeff90853c91eba01be743b685b61de63f5dbb529f","False","False","50","10062","0","0","0","0","False","0","214","167,9","410,2","446,3","100","127,01300369292848","154,67670570690308","1559678976","[20:44:43] [Server thread/INFO]: The game is running, but can't keep up with the target tick rate [20:44:43] [Server thread/INFO]: Target tick rate: 20,0 per second. Average time per tick: 214,0ms (Target: 50,0ms) [20:44:43] [Server thread/INFO]: Percentiles: P50: 167,9ms P95: 410,2ms P99: 446,3ms, sample: 100"
"diagnostics-only","3","2026-09-27T18:44:43.4218264+00:00","d21445e0e647ac86d4605ebeff90853c91eba01be743b685b61de63f5dbb529f","False","False","50","10062","0","0","0","0","False","0","213,5","167,9","410,2","446,3","100","182,11197579194825","154,67670570690308","1559678976","[20:44:43] [Server thread/INFO]: The game is running, but can't keep up with the target tick rate [20:44:43] [Server thread/INFO]: Target tick rate: 20,0 per second. Average time per tick: 213,5ms (Target: 50,0ms) [20:44:43] [Server thread/INFO]: Percentiles: P50: 167,9ms P95: 410,2ms P99: 446,3ms, sample: 100"
"diagnostics-only","3","2026-09-27T18:44:43.7907832+00:00","d21445e0e647ac86d4605ebeff90853c91eba01be743b685b61de63f5dbb529f","False","False","50","10062","0","0","0","0","False","0","214,8","167,9","410,2","446,3","100","131,36589577019012","154,67670570690308","1559678976","[20:44:43] [Server thread/INFO]: The game is running, but can't keep up with the target tick rate [20:44:43] [Server thread/INFO]: Target tick rate: 20,0 per second. Average time per tick: 214,8ms (Target: 50,0ms) [20:44:43] [Server thread/INFO]: Percentiles: P50: 167,9ms P95: 410,2ms P99: 446,3ms, sample: 100"
"diagnostics-only","3","2026-09-27T18:44:44.0524976+00:00","d21445e0e647ac86d4605ebeff90853c91eba01be743b685b61de63f5dbb529f","False","False","50","10062","0","0","0","0","False","0","213","167,9","410,2","446,3","100","112,76548603909156","154,67670570690308","1559678976","[20:44:44] [Server thread/INFO]: The game is running, but can't keep up with the target tick rate [20:44:44] [Server thread/INFO]: Target tick rate: 20,0 per second. Average time per tick: 213,0ms (Target: 50,0ms) [20:44:44] [Server thread/INFO]: Percentiles: P50: 167,9ms P95: 410,2ms P99: 446,3ms, sample: 100"
"diagnostics-only","3","2026-09-27T18:44:44.1909859+00:00","d21445e0e647ac86d4605ebeff90853c91eba01be743b685b61de63f5dbb529f","False","False","50","10062","0","0","0","0","False","0","212,4","167,7","410,2","446,3","100","164,1997299242842","154,67670570690308","1559678976","[20:44:44] [Server thread/INFO]: The game is running, but can't keep up with the target tick rate [20:44:44] [Server thread/INFO]: Target tick rate: 20,0 per second. Average time per tick: 212,4ms (Target: 50,0ms) [20:44:44] [Server thread/INFO]: Percentiles: P50: 167,7ms P95: 410,2ms P99: 446,3ms, sample: 100"
"diagnostics-only","3","2026-09-27T18:44:44.4384217+00:00","d21445e0e647ac86d4605ebeff90853c91eba01be743b685b61de63f5dbb529f","False","False","50","10062","0","0","0","0","False","0","213,4","167,7","410,2","446,3","100","138,95536288875164","154,67670570690308","1559678976","[20:44:44] [Server thread/INFO]: The game is running, but can't keep up with the target tick rate [20:44:44] [Server thread/INFO]: Target tick rate: 20,0 per second. Average time per tick: 213,4ms (Target: 50,0ms) [20:44:44] [Server thread/INFO]: Percentiles: P50: 167,7ms P95: 410,2ms P99: 446,3ms, sample: 100"
"diagnostics-only","3","2026-09-27T18:44:44.6858322+00:00","d21445e0e647ac86d4605ebeff90853c91eba01be743b685b61de63f5dbb529f","False","False","50","10062","0","0","0","0","False","0","211,6","166,4","410,2","446,3","100","127,97537630903453","154,67670570690308","1559678976","[20:44:44] [Server thread/INFO]: The game is running, but can't keep up with the target tick rate [20:44:44] [Server thread/INFO]: Target tick rate: 20,0 per second. Average time per tick: 211,6ms (Target: 50,0ms) [20:44:44] [Server thread/INFO]: Percentiles: P50: 166,4ms P95: 410,2ms P99: 446,3ms, sample: 100"
"diagnostics-only","3","2026-09-27T18:44:44.8079285+00:00","d21445e0e647ac86d4605ebeff90853c91eba01be743b685b61de63f5dbb529f","False","False","50","10062","0","0","0","0","False","0","211,2","166,4","410,2","446,3","100","166,84841478053622","154,67670570690308","1559678976","[20:44:45] [Server thread/INFO]: The game is running, but can't keep up with the target tick rate [20:44:45] [Server thread/INFO]: Target tick rate: 20,0 per second. Average time per tick: 211,2ms (Target: 50,0ms) [20:44:45] [Server thread/INFO]: Percentiles: P50: 166,4ms P95: 410,2ms P99: 446,3ms, sample: 100"
"diagnostics-only","3","2026-09-27T18:44:45.1918464+00:00","d21445e0e647ac86d4605ebeff90853c91eba01be743b685b61de63f5dbb529f","False","False","50","10062","0","0","0","0","False","0","213","167,7","410,2","446,3","100","137,52728541342603","154,67670570690308","1559678976","[20:44:45] [Server thread/INFO]: The game is running, but can't keep up with the target tick rate [20:44:45] [Server thread/INFO]: Target tick rate: 20,0 per second. Average time per tick: 213,0ms (Target: 50,0ms) [20:44:45] [Server thread/INFO]: Percentiles: P50: 167,7ms P95: 410,2ms P99: 446,3ms, sample: 100"
"diagnostics-only","3","2026-09-27T18:44:45.4417968+00:00","d21445e0e647ac86d4605ebeff90853c91eba01be743b685b61de63f5dbb529f","False","False","50","10062","0","0","0","0","False","0","210,6","166,4","410,2","446,3","100","128,07051624098077","154,67670570690308","1559678976","[20:44:45] [Server thread/INFO]: The game is running, but can't keep up with the target tick rate [20:44:45] [Server thread/INFO]: Target tick rate: 20,0 per second. Average time per tick: 210,6ms (Target: 50,0ms) [20:44:45] [Server thread/INFO]: Percentiles: P50: 166,4ms P95: 410,2ms P99: 446,3ms, sample: 100"
"diagnostics-only","3","2026-09-27T18:44:45.5637908+00:00","d21445e0e647ac86d4605ebeff90853c91eba01be743b685b61de63f5dbb529f","False","False","50","10062","0","0","0","0","False","0","210,1","165,9","410,2","446,3","100","186,24213753419744","154,67670570690308","1559678976","[20:44:45] [Server thread/INFO]: The game is running, but can't keep up with the target tick rate [20:44:45] [Server thread/INFO]: Target tick rate: 20,0 per second. Average time per tick: 210,1ms (Target: 50,0ms) [20:44:45] [Server thread/INFO]: Percentiles: P50: 165,9ms P95: 410,2ms P99: 446,3ms, sample: 100"
"diagnostics-only","3","2026-09-27T18:44:45.9329274+00:00","d21445e0e647ac86d4605ebeff90853c91eba01be743b685b61de63f5dbb529f","False","False","50","10062","0","0","0","0","False","0","211,6","166,4","410,2","446,3","100","152,90388950797976","154,67670570690308","1559678976","[20:44:46] [Server thread/INFO]: The game is running, but can't keep up with the target tick rate [20:44:46] [Server thread/INFO]: Target tick rate: 20,0 per second. Average time per tick: 211,6ms (Target: 50,0ms) [20:44:46] [Server thread/INFO]: Percentiles: P50: 166,4ms P95: 410,2ms P99: 446,3ms, sample: 100"
"diagnostics-only","3","2026-09-27T18:44:46.1781826+00:00","d21445e0e647ac86d4605ebeff90853c91eba01be743b685b61de63f5dbb529f","False","False","50","10062","0","0","0","0","False","0","209,2","165,9","410,2","446,3","100","144,71839314670686","154,67670570690308","1559678976","[20:44:46] [Server thread/INFO]: The game is running, but can't keep up with the target tick rate [20:44:46] [Server thread/INFO]: Target tick rate: 20,0 per second. Average time per tick: 209,2ms (Target: 50,0ms) [20:44:46] [Server thread/INFO]: Percentiles: P50: 165,9ms P95: 410,2ms P99: 446,3ms, sample: 100"
"diagnostics-only","3","2026-09-27T18:44:46.3185515+00:00","d21445e0e647ac86d4605ebeff90853c91eba01be743b685b61de63f5dbb529f","False","False","50","10062","0","0","0","0","False","0","208,7","165","410,2","446,3","100","159,38318739173386","154,67670570690308","1559678976","[20:44:46] [Server thread/INFO]: The game is running, but can't keep up with the target tick rate [20:44:46] [Server thread/INFO]: Target tick rate: 20,0 per second. Average time per tick: 208,7ms (Target: 50,0ms) [20:44:46] [Server thread/INFO]: Percentiles: P50: 165,0ms P95: 410,2ms P99: 446,3ms, sample: 100"
"diagnostics-only","3","2026-09-27T18:44:46.7008663+00:00","d21445e0e647ac86d4605ebeff90853c91eba01be743b685b61de63f5dbb529f","False","False","50","10062","0","0","0","0","False","0","210,4","165,9","410,2","446,3","100","140,34920106089706","154,67670570690308","1559678976","[20:44:46] [Server thread/INFO]: The game is running, but can't keep up with the target tick rate [20:44:46] [Server thread/INFO]: Target tick rate: 20,0 per second. Average time per tick: 210,4ms (Target: 50,0ms) [20:44:46] [Server thread/INFO]: Percentiles: P50: 165,9ms P95: 410,2ms P99: 446,3ms, sample: 100"
"diagnostics-only","3","2026-09-27T18:44:46.8233557+00:00","d21445e0e647ac86d4605ebeff90853c91eba01be743b685b61de63f5dbb529f","False","False","50","10062","0","0","0","0","False","0","208","165","410,2","446,3","100","131,9669428086942","154,67670570690308","1559678976","[20:44:46] [Server thread/INFO]: The game is running, but can't keep up with the target tick rate [20:44:46] [Server thread/INFO]: Target tick rate: 20,0 per second. Average time per tick: 208,0ms (Target: 50,0ms) [20:44:46] [Server thread/INFO]: Percentiles: P50: 165,0ms P95: 410,2ms P99: 446,3ms, sample: 100"
"diagnostics-only","3","2026-09-27T18:44:47.0850244+00:00","d21445e0e647ac86d4605ebeff90853c91eba01be743b685b61de63f5dbb529f","False","False","50","10062","0","0","0","0","False","0","207,4","160","410,2","446,3","100","137,89381514343643","154,67670570690308","1559678976","[20:44:47] [Server thread/INFO]: The game is running, but can't keep up with the target tick rate [20:44:47] [Server thread/INFO]: Target tick rate: 20,0 per second. Average time per tick: 207,4ms (Target: 50,0ms) [20:44:47] [Server thread/INFO]: Percentiles: P50: 160,0ms P95: 410,2ms P99: 446,3ms, sample: 100"
"diagnostics-only","3","2026-09-27T18:44:47.3444441+00:00","d21445e0e647ac86d4605ebeff90853c91eba01be743b685b61de63f5dbb529f","False","False","50","10062","0","0","0","0","False","0","208,8","165","410,2","446,3","100","140,37734246395212","154,67670570690308","1559678976","[20:44:47] [Server thread/INFO]: The game is running, but can't keep up with the target tick rate [20:44:47] [Server thread/INFO]: Target tick rate: 20,0 per second. Average time per tick: 208,8ms (Target: 50,0ms) [20:44:47] [Server thread/INFO]: Percentiles: P50: 165,0ms P95: 410,2ms P99: 446,3ms, sample: 100"
"diagnostics-only","3","2026-09-27T18:44:47.5893105+00:00","d21445e0e647ac86d4605ebeff90853c91eba01be743b685b61de63f5dbb529f","False","False","50","10062","0","0","0","0","False","0","206,4","158,4","410,2","446,3","100","127,42276549399665","154,67670570690308","1559678976","[20:44:47] [Server thread/INFO]: The game is running, but can't keep up with the target tick rate [20:44:47] [Server thread/INFO]: Target tick rate: 20,0 per second. Average time per tick: 206,4ms (Target: 50,0ms) [20:44:47] [Server thread/INFO]: Percentiles: P50: 158,4ms P95: 410,2ms P99: 446,3ms, sample: 100"
"diagnostics-only","3","2026-09-27T18:44:47.7119715+00:00","d21445e0e647ac86d4605ebeff90853c91eba01be743b685b61de63f5dbb529f","False","False","50","10062","0","0","0","0","False","0","205,8","157,4","410,2","446,3","100","164,8746726374119","154,67670570690308","1559678976","[20:44:48] [Server thread/INFO]: The game is running, but can't keep up with the target tick rate [20:44:48] [Server thread/INFO]: Target tick rate: 20,0 per second. Average time per tick: 205,8ms (Target: 50,0ms) [20:44:48] [Server thread/INFO]: Percentiles: P50: 157,4ms P95: 410,2ms P99: 446,3ms, sample: 100"
"diagnostics-only","3","2026-09-27T18:44:48.1099577+00:00","d21445e0e647ac86d4605ebeff90853c91eba01be743b685b61de63f5dbb529f","False","False","50","10062","0","0","0","0","False","0","207,2","158,4","410,2","446,3","100","126,98699084312048","154,67670570690308","1559678976","[20:44:48] [Server thread/INFO]: The game is running, but can't keep up with the target tick rate [20:44:48] [Server thread/INFO]: Target tick rate: 20,0 per second. Average time per tick: 207,2ms (Target: 50,0ms) [20:44:48] [Server thread/INFO]: Percentiles: P50: 158,4ms P95: 410,2ms P99: 446,3ms, sample: 100"
"diagnostics-only","3","2026-09-27T18:44:48.2330149+00:00","d21445e0e647ac86d4605ebeff90853c91eba01be743b685b61de63f5dbb529f","False","False","50","10062","0","0","0","0","False","0","204,6","156","410,2","446,3","100","151,9734666485109","154,67670570690308","1559678976","[20:44:48] [Server thread/INFO]: The game is running, but can't keep up with the target tick rate [20:44:48] [Server thread/INFO]: Target tick rate: 20,0 per second. Average time per tick: 204,6ms (Target: 50,0ms) [20:44:48] [Server thread/INFO]: Percentiles: P50: 156,0ms P95: 410,2ms P99: 446,3ms, sample: 100"
"diagnostics-only","3","2026-09-27T18:44:48.3563694+00:00","d21445e0e647ac86d4605ebeff90853c91eba01be743b685b61de63f5dbb529f","False","False","50","10062","0","0","0","0","False","0","204","155,8","410,2","446,3","100","148,0200433010222","154,67670570690308","1559678976","[20:44:48] [Server thread/INFO]: The game is running, but can't keep up with the target tick rate [20:44:48] [Server thread/INFO]: Target tick rate: 20,0 per second. Average time per tick: 204,0ms (Target: 50,0ms) [20:44:48] [Server thread/INFO]: Percentiles: P50: 155,8ms P95: 410,2ms P99: 446,3ms, sample: 100"
"diagnostics-only","3","2026-09-27T18:44:48.7258293+00:00","d21445e0e647ac86d4605ebeff90853c91eba01be743b685b61de63f5dbb529f","False","False","50","10062","0","0","0","0","False","0","205,7","156","410,2","446,3","100","146,64323262688293","154,67670570690308","1559678976","[20:44:48] [Server thread/INFO]: The game is running, but can't keep up with the target tick rate [20:44:48] [Server thread/INFO]: Target tick rate: 20,0 per second. Average time per tick: 205,7ms (Target: 50,0ms) [20:44:48] [Server thread/INFO]: Percentiles: P50: 156,0ms P95: 410,2ms P99: 446,3ms, sample: 100"
"diagnostics-only","3","2026-09-27T18:44:49.0028794+00:00","d21445e0e647ac86d4605ebeff90853c91eba01be743b685b61de63f5dbb529f","False","False","50","10062","0","0","0","0","False","0","201,4","152,9","400,9","442,3","100","148,1198295176311","154,67670570690308","1559678976","[20:44:49] [Server thread/INFO]: The game is running, but can't keep up with the target tick rate [20:44:49] [Server thread/INFO]: Target tick rate: 20,0 per second. Average time per tick: 201,4ms (Target: 50,0ms) [20:44:49] [Server thread/INFO]: Percentiles: P50: 152,9ms P95: 400,9ms P99: 442,3ms, sample: 100"
"diagnostics-only","3","2026-09-27T18:44:49.3720926+00:00","d21445e0e647ac86d4605ebeff90853c91eba01be743b685b61de63f5dbb529f","False","False","50","10062","0","0","0","0","False","0","202,7","152,9","400,9","442,3","100","204,4780697270218","154,67670570690308","1559678976","[20:44:49] [Server thread/INFO]: The game is running, but can't keep up with the target tick rate [20:44:49] [Server thread/INFO]: Target tick rate: 20,0 per second. Average time per tick: 202,7ms (Target: 50,0ms) [20:44:49] [Server thread/INFO]: Percentiles: P50: 152,9ms P95: 400,9ms P99: 442,3ms, sample: 100"
"diagnostics-only","3","2026-09-27T18:44:49.6166066+00:00","d21445e0e647ac86d4605ebeff90853c91eba01be743b685b61de63f5dbb529f","False","False","50","10062","0","0","0","0","False","0","199,8","152,2","395,6","442,3","100","163,3560921040853","154,67670570690308","1559678976","[20:44:49] [Server thread/INFO]: The game is running, but can't keep up with the target tick rate [20:44:49] [Server thread/INFO]: Target tick rate: 20,0 per second. Average time per tick: 199,8ms (Target: 50,0ms) [20:44:49] [Server thread/INFO]: Percentiles: P50: 152,2ms P95: 395,6ms P99: 442,3ms, sample: 100"
"diagnostics-only","3","2026-09-27T18:44:49.7696567+00:00","d21445e0e647ac86d4605ebeff90853c91eba01be743b685b61de63f5dbb529f","False","False","50","10062","0","0","0","0","False","0","199,3","152","395,6","442,3","100","151,58252152471806","154,67670570690308","1559678976","[20:44:49] [Server thread/INFO]: The game is running, but can't keep up with the target tick rate [20:44:49] [Server thread/INFO]: Target tick rate: 20,0 per second. Average time per tick: 199,3ms (Target: 50,0ms) [20:44:49] [Server thread/INFO]: Percentiles: P50: 152,0ms P95: 395,6ms P99: 442,3ms, sample: 100"
"diagnostics-only","3","2026-09-27T18:44:50.0170487+00:00","d21445e0e647ac86d4605ebeff90853c91eba01be743b685b61de63f5dbb529f","False","False","50","10062","0","0","0","0","False","0","200,8","152,2","395,6","442,3","100","120,8842353519864","154,67670570690308","1559678976","[20:44:50] [Server thread/INFO]: The game is running, but can't keep up with the target tick rate [20:44:50] [Server thread/INFO]: Target tick rate: 20,0 per second. Average time per tick: 200,8ms (Target: 50,0ms) [20:44:50] [Server thread/INFO]: Percentiles: P50: 152,2ms P95: 395,6ms P99: 442,3ms, sample: 100"
"diagnostics-only","3","2026-09-27T18:44:50.2626277+00:00","d21445e0e647ac86d4605ebeff90853c91eba01be743b685b61de63f5dbb529f","False","False","50","10062","0","0","0","0","False","0","198,1","152","395,4","442,3","100","127,05100986241087","154,67670570690308","1559678976","[20:44:50] [Server thread/INFO]: The game is running, but can't keep up with the target tick rate [20:44:50] [Server thread/INFO]: Target tick rate: 20,0 per second. Average time per tick: 198,1ms (Target: 50,0ms) [20:44:50] [Server thread/INFO]: Percentiles: P50: 152,0ms P95: 395,4ms P99: 442,3ms, sample: 100"
"diagnostics-only","3","2026-09-27T18:44:50.3856121+00:00","d21445e0e647ac86d4605ebeff90853c91eba01be743b685b61de63f5dbb529f","False","False","50","10062","0","0","0","0","False","0","197,3","151,6","395,4","442,3","100","146,48941057348844","154,67670570690308","1559678976","[20:44:50] [Server thread/INFO]: The game is running, but can't keep up with the target tick rate [20:44:50] [Server thread/INFO]: Target tick rate: 20,0 per second. Average time per tick: 197,3ms (Target: 50,0ms) [20:44:50] [Server thread/INFO]: Percentiles: P50: 151,6ms P95: 395,4ms P99: 442,3ms, sample: 100"
"diagnostics-only","3","2026-09-27T18:44:50.7696072+00:00","d21445e0e647ac86d4605ebeff90853c91eba01be743b685b61de63f5dbb529f","False","False","50","10062","0","0","0","0","False","0","198,7","151,6","395,4","442,3","100","99,40666151872702","154,67670570690308","1559678976","[20:44:50] [Server thread/INFO]: The game is running, but can't keep up with the target tick rate [20:44:50] [Server thread/INFO]: Target tick rate: 20,0 per second. Average time per tick: 198,7ms (Target: 50,0ms) [20:44:50] [Server thread/INFO]: Percentiles: P50: 151,6ms P95: 395,4ms P99: 442,3ms, sample: 100"
"diagnostics-only","3","2026-09-27T18:44:50.8953827+00:00","d21445e0e647ac86d4605ebeff90853c91eba01be743b685b61de63f5dbb529f","False","False","50","10062","0","0","0","0","False","0","196","148,4","391,3","442,3","100","152,75701979608772","154,67670570690308","1559678976","[20:44:51] [Server thread/INFO]: The game is running, but can't keep up with the target tick rate [20:44:51] [Server thread/INFO]: Target tick rate: 20,0 per second. Average time per tick: 196,0ms (Target: 50,0ms) [20:44:51] [Server thread/INFO]: Percentiles: P50: 148,4ms P95: 391,3ms P99: 442,3ms, sample: 100"
"diagnostics-only","3","2026-09-27T18:44:51.1408689+00:00","d21445e0e647ac86d4605ebeff90853c91eba01be743b685b61de63f5dbb529f","False","False","50","10062","0","0","0","0","False","0","195,5","146,8","391,3","442,3","100","139,73946466065158","154,67670570690308","1559678976","[20:44:51] [Server thread/INFO]: The game is running, but can't keep up with the target tick rate [20:44:51] [Server thread/INFO]: Target tick rate: 20,0 per second. Average time per tick: 195,5ms (Target: 50,0ms) [20:44:51] [Server thread/INFO]: Percentiles: P50: 146,8ms P95: 391,3ms P99: 442,3ms, sample: 100"
"diagnostics-only","3","2026-09-27T18:44:51.3868710+00:00","d21445e0e647ac86d4605ebeff90853c91eba01be743b685b61de63f5dbb529f","False","False","50","10062","0","0","0","0","False","0","196,7","146,8","391,3","442,3","100","161,5789330562442","154,67670570690308","1559678976","[20:44:51] [Server thread/INFO]: The game is running, but can't keep up with the target tick rate [20:44:51] [Server thread/INFO]: Target tick rate: 20,0 per second. Average time per tick: 196,7ms (Target: 50,0ms) [20:44:51] [Server thread/INFO]: Percentiles: P50: 146,8ms P95: 391,3ms P99: 442,3ms, sample: 100"
"diagnostics-only","3","2026-09-27T18:44:51.6479109+00:00","d21445e0e647ac86d4605ebeff90853c91eba01be743b685b61de63f5dbb529f","False","False","50","10062","0","0","0","0","False","0","193,6","145,2","385,3","424,9","100","181,64274794961665","154,67670570690308","1559678976","[20:44:51] [Server thread/INFO]: The game is running, but can't keep up with the target tick rate [20:44:51] [Server thread/INFO]: Target tick rate: 20,0 per second. Average time per tick: 193,6ms (Target: 50,0ms) [20:44:51] [Server thread/INFO]: Percentiles: P50: 145,2ms P95: 385,3ms P99: 424,9ms, sample: 100"
"diagnostics-only","3","2026-09-27T18:44:51.7855768+00:00","d21445e0e647ac86d4605ebeff90853c91eba01be743b685b61de63f5dbb529f","False","False","50","10062","0","0","0","0","False","0","192,8","143,7","385,3","424,9","100","126,52001141716582","154,67670570690308","1559678976","[20:44:51] [Server thread/INFO]: The game is running, but can't keep up with the target tick rate [20:44:51] [Server thread/INFO]: Target tick rate: 20,0 per second. Average time per tick: 192,8ms (Target: 50,0ms) [20:44:51] [Server thread/INFO]: Percentiles: P50: 143,7ms P95: 385,3ms P99: 424,9ms, sample: 100"
"diagnostics-only","3","2026-09-27T18:44:52.0325471+00:00","d21445e0e647ac86d4605ebeff90853c91eba01be743b685b61de63f5dbb529f","False","False","50","10062","0","0","0","0","False","0","194,4","145,2","385,3","424,9","100","190,20447945243833","154,67670570690308","1559678976","[20:44:52] [Server thread/INFO]: The game is running, but can't keep up with the target tick rate [20:44:52] [Server thread/INFO]: Target tick rate: 20,0 per second. Average time per tick: 194,4ms (Target: 50,0ms) [20:44:52] [Server thread/INFO]: Percentiles: P50: 145,2ms P95: 385,3ms P99: 424,9ms, sample: 100"
"diagnostics-only","3","2026-09-27T18:44:52.2789928+00:00","d21445e0e647ac86d4605ebeff90853c91eba01be743b685b61de63f5dbb529f","False","False","50","10062","0","0","0","0","False","0","191,9","143,7","373,1","424,9","100","201,4080841982468","154,67670570690308","1559678976","[20:44:52] [Server thread/INFO]: The game is running, but can't keep up with the target tick rate [20:44:52] [Server thread/INFO]: Target tick rate: 20,0 per second. Average time per tick: 191,9ms (Target: 50,0ms) [20:44:52] [Server thread/INFO]: Percentiles: P50: 143,7ms P95: 373,1ms P99: 424,9ms, sample: 100"
"diagnostics-only","3","2026-09-27T18:44:52.4031239+00:00","d21445e0e647ac86d4605ebeff90853c91eba01be743b685b61de63f5dbb529f","False","False","50","10062","0","0","0","0","False","0","191,1","143,3","373,1","424,9","100","168,94640695594256","154,67670570690308","1559678976","[20:44:52] [Server thread/INFO]: The game is running, but can't keep up with the target tick rate [20:44:52] [Server thread/INFO]: Target tick rate: 20,0 per second. Average time per tick: 191,1ms (Target: 50,0ms) [20:44:52] [Server thread/INFO]: Percentiles: P50: 143,3ms P95: 373,1ms P99: 424,9ms, sample: 100"
"diagnostics-only","3","2026-09-27T18:44:52.7731051+00:00","d21445e0e647ac86d4605ebeff90853c91eba01be743b685b61de63f5dbb529f","False","False","50","10062","0","0","0","0","False","0","192,5","143,3","373,1","424,9","100","146,70386655419068","154,67670570690308","1559678976","[20:44:52] [Server thread/INFO]: The game is running, but can't keep up with the target tick rate [20:44:52] [Server thread/INFO]: Target tick rate: 20,0 per second. Average time per tick: 192,5ms (Target: 50,0ms) [20:44:52] [Server thread/INFO]: Percentiles: P50: 143,3ms P95: 373,1ms P99: 424,9ms, sample: 100"
"diagnostics-only","3","2026-09-27T18:44:52.9115419+00:00","d21445e0e647ac86d4605ebeff90853c91eba01be743b685b61de63f5dbb529f","False","False","50","10062","0","0","0","0","False","0","189,7",,,,,"114,01521662283076","154,67670570690308","1559678976","[20:44:53] [Server thread/INFO]: The game is running, but can't keep up with the target tick rate [20:44:53] [Server thread/INFO]: Target tick rate: 20,0 per second. Average time per tick: 189,7ms (Target: 50,0ms)"
"diagnostics-only","3","2026-09-27T18:44:53.0348492+00:00","d21445e0e647ac86d4605ebeff90853c91eba01be743b685b61de63f5dbb529f","False","False","50","10062","0","0","0","0","False","0","189,2","143,3","352,9","395,6","100","189,0057965809742","154,67670570690308","1559678976","[20:44:53] [Server thread/INFO]: Percentiles: P50: 143,3ms P95: 352,9ms P99: 395,6ms, sample: 100 [20:44:53] [Server thread/INFO]: The game is running, but can't keep up with the target tick rate [20:44:53] [Server thread/INFO]: Target tick rate: 20,0 per second. Average time per tick: 189,2ms (Target: 50,0ms) [20:44:53] [Server thread/INFO]: Percentiles: P50: 142,0ms P95: 352,9ms P99: 395,6ms, sample: 100"
"diagnostics-only","3","2026-09-27T18:44:53.4068904+00:00","d21445e0e647ac86d4605ebeff90853c91eba01be743b685b61de63f5dbb529f","False","False","50","10062","0","0","0","0","False","0","190,3","142","352,9","395,6","100","125,97326948000249","154,67670570690308","1559678976","[20:44:53] [Server thread/INFO]: The game is running, but can't keep up with the target tick rate [20:44:53] [Server thread/INFO]: Target tick rate: 20,0 per second. Average time per tick: 190,3ms (Target: 50,0ms) [20:44:53] [Server thread/INFO]: Percentiles: P50: 142,0ms P95: 352,9ms P99: 395,6ms, sample: 100"
"diagnostics-only","3","2026-09-27T18:44:53.6549506+00:00","d21445e0e647ac86d4605ebeff90853c91eba01be743b685b61de63f5dbb529f","False","False","50","10062","0","0","0","0","False","0","187,9","142","324,3","395,6","100","156,52012765364225","154,67670570690308","1559678976","[20:44:53] [Server thread/INFO]: The game is running, but can't keep up with the target tick rate [20:44:53] [Server thread/INFO]: Target tick rate: 20,0 per second. Average time per tick: 187,9ms (Target: 50,0ms) [20:44:53] [Server thread/INFO]: Percentiles: P50: 142,0ms P95: 324,3ms P99: 395,6ms, sample: 100"
"diagnostics-only","3","2026-09-27T18:44:53.7747451+00:00","d21445e0e647ac86d4605ebeff90853c91eba01be743b685b61de63f5dbb529f","False","False","50","10062","0","0","0","0","False","0","187,5","141,9","324,3","395,6","100","211,97113853155267","154,67670570690308","1559678976","[20:44:54] [Server thread/INFO]: The game is running, but can't keep up with the target tick rate [20:44:54] [Server thread/INFO]: Target tick rate: 20,0 per second. Average time per tick: 187,5ms (Target: 50,0ms) [20:44:54] [Server thread/INFO]: Percentiles: P50: 141,9ms P95: 324,3ms P99: 395,6ms, sample: 100"
"diagnostics-only","3","2026-09-27T18:44:54.1580657+00:00","d21445e0e647ac86d4605ebeff90853c91eba01be743b685b61de63f5dbb529f","False","False","50","10062","0","0","0","0","False","0","188,9","141,9","324,3","395,6","100","114,1812967585097","154,67670570690308","1559678976","[20:44:54] [Server thread/INFO]: The game is running, but can't keep up with the target tick rate [20:44:54] [Server thread/INFO]: Target tick rate: 20,0 per second. Average time per tick: 188,9ms (Target: 50,0ms) [20:44:54] [Server thread/INFO]: Percentiles: P50: 141,9ms P95: 324,3ms P99: 395,6ms, sample: 100"
"diagnostics-only","3","2026-09-27T18:44:54.2812324+00:00","d21445e0e647ac86d4605ebeff90853c91eba01be743b685b61de63f5dbb529f","False","False","50","10062","0","0","0","0","False","0","186,5","141,3","305,4","395,6","100","150,2922884425631","154,67670570690308","1559678976","[20:44:54] [Server thread/INFO]: The game is running, but can't keep up with the target tick rate [20:44:54] [Server thread/INFO]: Target tick rate: 20,0 per second. Average time per tick: 186,5ms (Target: 50,0ms) [20:44:54] [Server thread/INFO]: Percentiles: P50: 141,3ms P95: 305,4ms P99: 395,6ms, sample: 100"
"diagnostics-only","3","2026-09-27T18:44:54.5308014+00:00","d21445e0e647ac86d4605ebeff90853c91eba01be743b685b61de63f5dbb529f","False","False","50","10062","0","0","0","0","False","0","186,2","141,1","305,4","395,6","100","144,51544048205727","154,67670570690308","1559678976","[20:44:54] [Server thread/INFO]: The game is running, but can't keep up with the target tick rate [20:44:54] [Server thread/INFO]: Target tick rate: 20,0 per second. Average time per tick: 186,2ms (Target: 50,0ms) [20:44:54] [Server thread/INFO]: Percentiles: P50: 141,1ms P95: 305,4ms P99: 395,6ms, sample: 100"
"diagnostics-only","3","2026-09-27T18:44:55.0281104+00:00","d21445e0e647ac86d4605ebeff90853c91eba01be743b685b61de63f5dbb529f","False","False","50","10062","0","0","0","0","False","0","188,5","141,1","324,3","395,6","100","72,88488076033508","154,67670570690308","1559678976","[20:44:55] [Server thread/INFO]: The game is running, but can't keep up with the target tick rate [20:44:55] [Server thread/INFO]: Target tick rate: 20,0 per second. Average time per tick: 188,5ms (Target: 50,0ms) [20:44:55] [Server thread/INFO]: Percentiles: P50: 141,1ms P95: 324,3ms P99: 395,6ms, sample: 100"
"diagnostics-only","3","2026-09-27T18:44:55.1567064+00:00","d21445e0e647ac86d4605ebeff90853c91eba01be743b685b61de63f5dbb529f","False","False","50","10062","0","0","0","0","False","0","186,4","141,1","305,4","395,6","100","191,37922203441542","154,67670570690308","1559678976","[20:44:55] [Server thread/INFO]: The game is running, but can't keep up with the target tick rate [20:44:55] [Server thread/INFO]: Target tick rate: 20,0 per second. Average time per tick: 186,4ms (Target: 50,0ms) [20:44:55] [Server thread/INFO]: Percentiles: P50: 141,1ms P95: 305,4ms P99: 395,6ms, sample: 100"
"diagnostics-only","3","2026-09-27T18:44:55.4262735+00:00","d21445e0e647ac86d4605ebeff90853c91eba01be743b685b61de63f5dbb529f","False","False","50","10062","0","0","0","0","False","0","186,6","141,1","305,4","395,6","100","136,08302778157494","154,67670570690308","1559678976","[20:44:55] [Server thread/INFO]: The game is running, but can't keep up with the target tick rate [20:44:55] [Server thread/INFO]: Target tick rate: 20,0 per second. Average time per tick: 186,6ms (Target: 50,0ms) [20:44:55] [Server thread/INFO]: Percentiles: P50: 141,1ms P95: 305,4ms P99: 395,6ms, sample: 100"
"diagnostics-only","3","2026-09-27T18:44:55.9543425+00:00","d21445e0e647ac86d4605ebeff90853c91eba01be743b685b61de63f5dbb529f","False","False","50","10062","0","0","0","0","False","0","189,8","141,1","324,3","460","100","118,29897804825235","154,67670570690308","1559678976","[20:44:56] [Server thread/INFO]: The game is running, but can't keep up with the target tick rate [20:44:56] [Server thread/INFO]: Target tick rate: 20,0 per second. Average time per tick: 189,8ms (Target: 50,0ms) [20:44:56] [Server thread/INFO]: Percentiles: P50: 141,1ms P95: 324,3ms P99: 460,0ms, sample: 100"
"diagnostics-only","3","2026-09-27T18:44:56.2185083+00:00","d21445e0e647ac86d4605ebeff90853c91eba01be743b685b61de63f5dbb529f","False","False","50","10062","0","0","0","0","False","0","187,5","141,1","305,4","460","100","122,07126618176704","154,67670570690308","1559678976","[20:44:56] [Server thread/INFO]: The game is running, but can't keep up with the target tick rate [20:44:56] [Server thread/INFO]: Target tick rate: 20,0 per second. Average time per tick: 187,5ms (Target: 50,0ms) [20:44:56] [Server thread/INFO]: Percentiles: P50: 141,1ms P95: 305,4ms P99: 460,0ms, sample: 100"
"diagnostics-only","3","2026-09-27T18:44:56.5896910+00:00","d21445e0e647ac86d4605ebeff90853c91eba01be743b685b61de63f5dbb529f","False","False","50","10062","0","0","0","0","False","0","187,2","141","305,4","460","100","158,8585712096708","154,67670570690308","1559678976","[20:44:56] [Server thread/INFO]: The game is running, but can't keep up with the target tick rate [20:44:56] [Server thread/INFO]: Target tick rate: 20,0 per second. Average time per tick: 187,2ms (Target: 50,0ms) [20:44:56] [Server thread/INFO]: Percentiles: P50: 141,0ms P95: 305,4ms P99: 460,0ms, sample: 100"
"diagnostics-only","3","2026-09-27T18:44:57.0027471+00:00","d21445e0e647ac86d4605ebeff90853c91eba01be743b685b61de63f5dbb529f","False","False","50","10062","0","0","0","0","False","0","189,5","141","324,3","460","100","114,20053736174629","154,67670570690308","1559678976","[20:44:57] [Server thread/INFO]: The game is running, but can't keep up with the target tick rate [20:44:57] [Server thread/INFO]: Target tick rate: 20,0 per second. Average time per tick: 189,5ms (Target: 50,0ms) [20:44:57] [Server thread/INFO]: Percentiles: P50: 141,0ms P95: 324,3ms P99: 460,0ms, sample: 100"
"diagnostics-only","3","2026-09-27T18:44:57.2490726+00:00","d21445e0e647ac86d4605ebeff90853c91eba01be743b685b61de63f5dbb529f","False","False","50","10062","0","0","0","0","False","0","187,3","138,7","305,4","460","100","146,09612850849217","154,67670570690308","1559678976","[20:44:57] [Server thread/INFO]: The game is running, but can't keep up with the target tick rate [20:44:57] [Server thread/INFO]: Target tick rate: 20,0 per second. Average time per tick: 187,3ms (Target: 50,0ms) [20:44:57] [Server thread/INFO]: Percentiles: P50: 138,7ms P95: 305,4ms P99: 460,0ms, sample: 100"
"diagnostics-only","3","2026-09-27T18:44:57.4950322+00:00","d21445e0e647ac86d4605ebeff90853c91eba01be743b685b61de63f5dbb529f","False","False","50","10062","0","0","0","0","False","0","187","137,9","305,4","460","100","138,48549974565668","154,67670570690308","1559678976","[20:44:57] [Server thread/INFO]: The game is running, but can't keep up with the target tick rate [20:44:57] [Server thread/INFO]: Target tick rate: 20,0 per second. Average time per tick: 187,0ms (Target: 50,0ms) [20:44:57] [Server thread/INFO]: Percentiles: P50: 137,9ms P95: 305,4ms P99: 460,0ms, sample: 100"
"diagnostics-only","3","2026-09-27T18:44:57.8685469+00:00","d21445e0e647ac86d4605ebeff90853c91eba01be743b685b61de63f5dbb529f","False","False","50","10062","0","0","0","0","False","0","188,7","138,7","308,5","460","100","112,8073965933781","154,67670570690308","1559678976","[20:44:58] [Server thread/INFO]: The game is running, but can't keep up with the target tick rate [20:44:58] [Server thread/INFO]: Target tick rate: 20,0 per second. Average time per tick: 188,7ms (Target: 50,0ms) [20:44:58] [Server thread/INFO]: Percentiles: P50: 138,7ms P95: 308,5ms P99: 460,0ms, sample: 100"
"diagnostics-only","3","2026-09-27T18:44:58.1305334+00:00","d21445e0e647ac86d4605ebeff90853c91eba01be743b685b61de63f5dbb529f","False","False","50","10062","0","0","0","0","False","0","187","138,7","305,4","460","100","161,4526732108817","154,67670570690308","1559678976","[20:44:58] [Server thread/INFO]: The game is running, but can't keep up with the target tick rate [20:44:58] [Server thread/INFO]: Target tick rate: 20,0 per second. Average time per tick: 187,0ms (Target: 50,0ms) [20:44:58] [Server thread/INFO]: Percentiles: P50: 138,7ms P95: 305,4ms P99: 460,0ms, sample: 100"
"diagnostics-only","3","2026-09-27T18:44:58.4112458+00:00","d21445e0e647ac86d4605ebeff90853c91eba01be743b685b61de63f5dbb529f","False","False","50","10062","0","0","0","0","False","0","186,8","138,7","305,4","460","100","143,23414475532508","154,67670570690308","1559678976","[20:44:58] [Server thread/INFO]: The game is running, but can't keep up with the target tick rate [20:44:58] [Server thread/INFO]: Target tick rate: 20,0 per second. Average time per tick: 186,8ms (Target: 50,0ms) [20:44:58] [Server thread/INFO]: Percentiles: P50: 138,7ms P95: 305,4ms P99: 460,0ms, sample: 100"
"diagnostics-only","3","2026-09-27T18:44:58.7820840+00:00","d21445e0e647ac86d4605ebeff90853c91eba01be743b685b61de63f5dbb529f","False","False","50","10062","0","0","0","0","False","0","188,8","141","308,5","460","100","142,09642136105018","154,67670570690308","1559678976","[20:44:58] [Server thread/INFO]: The game is running, but can't keep up with the target tick rate [20:44:58] [Server thread/INFO]: Target tick rate: 20,0 per second. Average time per tick: 188,8ms (Target: 50,0ms) [20:44:58] [Server thread/INFO]: Percentiles: P50: 141,0ms P95: 308,5ms P99: 460,0ms, sample: 100"
"diagnostics-only","3","2026-09-27T18:44:58.9030513+00:00","d21445e0e647ac86d4605ebeff90853c91eba01be743b685b61de63f5dbb529f","False","False","50","10062","0","0","0","0","False","0","187,2","141","308,5","460","100","132,95539222499153","154,67670570690308","1559678976","[20:44:59] [Server thread/INFO]: The game is running, but can't keep up with the target tick rate [20:44:59] [Server thread/INFO]: Target tick rate: 20,0 per second. Average time per tick: 187,2ms (Target: 50,0ms) [20:44:59] [Server thread/INFO]: Percentiles: P50: 141,0ms P95: 308,5ms P99: 460,0ms, sample: 100"
"diagnostics-only","3","2026-09-27T18:44:59.1498367+00:00","d21445e0e647ac86d4605ebeff90853c91eba01be743b685b61de63f5dbb529f","False","False","50","10062","0","0","0","0","False","0","187,2","141","308,5","460","100","207,7551493946911","154,67670570690308","1559678976","[20:44:59] [Server thread/INFO]: The game is running, but can't keep up with the target tick rate [20:44:59] [Server thread/INFO]: Target tick rate: 20,0 per second. Average time per tick: 187,2ms (Target: 50,0ms) [20:44:59] [Server thread/INFO]: Percentiles: P50: 141,0ms P95: 308,5ms P99: 460,0ms, sample: 100"
"diagnostics-only","3","2026-09-27T18:44:59.5333985+00:00","d21445e0e647ac86d4605ebeff90853c91eba01be743b685b61de63f5dbb529f","False","False","50","10062","0","0","0","0","False","0","189,1","141,1","308,5","460","100","114,7685612898803","154,67670570690308","1559678976","[20:44:59] [Server thread/INFO]: The game is running, but can't keep up with the target tick rate [20:44:59] [Server thread/INFO]: Target tick rate: 20,0 per second. Average time per tick: 189,1ms (Target: 50,0ms) [20:44:59] [Server thread/INFO]: Percentiles: P50: 141,1ms P95: 308,5ms P99: 460,0ms, sample: 100"
"diagnostics-only","3","2026-09-27T18:44:59.6559186+00:00","d21445e0e647ac86d4605ebeff90853c91eba01be743b685b61de63f5dbb529f","False","False","50","10062","0","0","0","0","False","0","187,5","141","308,5","460","100","126,52211161153137","154,67670570690308","1559678976","[20:44:59] [Server thread/INFO]: The game is running, but can't keep up with the target tick rate [20:44:59] [Server thread/INFO]: Target tick rate: 20,0 per second. Average time per tick: 187,5ms (Target: 50,0ms) [20:44:59] [Server thread/INFO]: Percentiles: P50: 141,0ms P95: 308,5ms P99: 460,0ms, sample: 100"
"diagnostics-only","3","2026-09-27T18:44:59.9029011+00:00","d21445e0e647ac86d4605ebeff90853c91eba01be743b685b61de63f5dbb529f","False","False","50","10062","0","0","0","0","False","0","187,4","141","308,5","460","100","174,15495157358313","154,67670570690308","1559678976","[20:45:00] [Server thread/INFO]: The game is running, but can't keep up with the target tick rate [20:45:00] [Server thread/INFO]: Target tick rate: 20,0 per second. Average time per tick: 187,4ms (Target: 50,0ms) [20:45:00] [Server thread/INFO]: Percentiles: P50: 141,0ms P95: 308,5ms P99: 460,0ms, sample: 100"
"diagnostics-only","3","2026-09-27T18:45:00.2887130+00:00","d21445e0e647ac86d4605ebeff90853c91eba01be743b685b61de63f5dbb529f","False","False","50","10062","0","0","0","0","False","0","189,2","141,1","308,5","460","100","102,15526728902987","154,67670570690308","1559678976","[20:45:00] [Server thread/INFO]: The game is running, but can't keep up with the target tick rate [20:45:00] [Server thread/INFO]: Target tick rate: 20,0 per second. Average time per tick: 189,2ms (Target: 50,0ms) [20:45:00] [Server thread/INFO]: Percentiles: P50: 141,1ms P95: 308,5ms P99: 460,0ms, sample: 100"
"diagnostics-only","3","2026-09-27T18:45:00.4263673+00:00","d21445e0e647ac86d4605ebeff90853c91eba01be743b685b61de63f5dbb529f","False","False","50","10062","0","0","0","0","False","0","187,7","141,1","308,5","460","100","139,03168425914615","154,67670570690308","1559678976","[20:45:00] [Server thread/INFO]: The game is running, but can't keep up with the target tick rate [20:45:00] [Server thread/INFO]: Target tick rate: 20,0 per second. Average time per tick: 187,7ms (Target: 50,0ms) [20:45:00] [Server thread/INFO]: Percentiles: P50: 141,1ms P95: 308,5ms P99: 460,0ms, sample: 100"
"diagnostics-only","3","2026-09-27T18:45:00.6736219+00:00","d21445e0e647ac86d4605ebeff90853c91eba01be743b685b61de63f5dbb529f","False","False","50","10062","0","0","0","0","False","0","187,6","141,1","308,5","460","100","157,07127048616903","154,67670570690308","1559678976","[20:45:00] [Server thread/INFO]: The game is running, but can't keep up with the target tick rate [20:45:00] [Server thread/INFO]: Target tick rate: 20,0 per second. Average time per tick: 187,6ms (Target: 50,0ms) [20:45:00] [Server thread/INFO]: Percentiles: P50: 141,1ms P95: 308,5ms P99: 460,0ms, sample: 100"
"diagnostics-only","3","2026-09-27T18:45:01.0416724+00:00","d21445e0e647ac86d4605ebeff90853c91eba01be743b685b61de63f5dbb529f","False","False","50","10062","0","0","0","0","False","0","189,3","141,3","308,5","460","100","122,40913716639103","154,67670570690308","1559678976","[20:45:01] [Server thread/INFO]: The game is running, but can't keep up with the target tick rate [20:45:01] [Server thread/INFO]: Target tick rate: 20,0 per second. Average time per tick: 189,3ms (Target: 50,0ms) [20:45:01] [Server thread/INFO]: Percentiles: P50: 141,3ms P95: 308,5ms P99: 460,0ms, sample: 100"
"diagnostics-only","3","2026-09-27T18:45:01.1693154+00:00","d21445e0e647ac86d4605ebeff90853c91eba01be743b685b61de63f5dbb529f","False","False","50","10062","0","0","0","0","False","0","187,6","141,1","308,5","460","100","154,4208563599614","154,67670570690308","1559678976","[20:45:01] [Server thread/INFO]: The game is running, but can't keep up with the target tick rate [20:45:01] [Server thread/INFO]: Target tick rate: 20,0 per second. Average time per tick: 187,6ms (Target: 50,0ms) [20:45:01] [Server thread/INFO]: Percentiles: P50: 141,1ms P95: 308,5ms P99: 460,0ms, sample: 100"
"patch-enabled","3","2026-09-27T18:45:57.0275095+00:00","d21445e0e647ac86d4605ebeff90853c91eba01be743b685b61de63f5dbb529f","True","False","50","10062","0","0","0","0","False","0","146,6","102","331,8","354,9","100","181,22401837608174","126,36659108905141","1542832128","[20:45:57] [Server thread/INFO]: The game is running, but can't keep up with the target tick rate [20:45:57] [Server thread/INFO]: Target tick rate: 20,0 per second. Average time per tick: 146,6ms (Target: 50,0ms) [20:45:57] [Server thread/INFO]: Percentiles: P50: 102,0ms P95: 331,8ms P99: 354,9ms, sample: 100"
"patch-enabled","3","2026-09-27T18:45:57.4108693+00:00","d21445e0e647ac86d4605ebeff90853c91eba01be743b685b61de63f5dbb529f","True","False","50","10062","0","0","0","0","False","0","148,9","107,4","331,8","354,9","100","107,7869715540122","126,36659108905141","1542832128","[20:45:57] [Server thread/INFO]: The game is running, but can't keep up with the target tick rate [20:45:57] [Server thread/INFO]: Target tick rate: 20,0 per second. Average time per tick: 148,9ms (Target: 50,0ms) [20:45:57] [Server thread/INFO]: Percentiles: P50: 107,4ms P95: 331,8ms P99: 354,9ms, sample: 100"
"patch-enabled","3","2026-09-27T18:45:57.9202812+00:00","d21445e0e647ac86d4605ebeff90853c91eba01be743b685b61de63f5dbb529f","True","False","50","10062","0","0","0","0","False","0","149,8","108,3","331,8","354,9","100","110,41919514750522","126,36659108905141","1542832128","[20:45:58] [Server thread/INFO]: The game is running, but can't keep up with the target tick rate [20:45:58] [Server thread/INFO]: Target tick rate: 20,0 per second. Average time per tick: 149,8ms (Target: 50,0ms) [20:45:58] [Server thread/INFO]: Percentiles: P50: 108,3ms P95: 331,8ms P99: 354,9ms, sample: 100"
"patch-enabled","3","2026-09-27T18:45:58.7975364+00:00","d21445e0e647ac86d4605ebeff90853c91eba01be743b685b61de63f5dbb529f","True","False","50","10062","0","0","0","0","False","0","150,5","108,3","331,8","354,9","100","143,44970828742382","126,36659108905141","1542832128","[20:45:59] [Server thread/INFO]: The game is running, but can't keep up with the target tick rate [20:45:59] [Server thread/INFO]: Target tick rate: 20,0 per second. Average time per tick: 150,5ms (Target: 50,0ms) [20:45:59] [Server thread/INFO]: Percentiles: P50: 108,3ms P95: 331,8ms P99: 354,9ms, sample: 100"
"patch-enabled","3","2026-09-27T18:45:59.5382055+00:00","d21445e0e647ac86d4605ebeff90853c91eba01be743b685b61de63f5dbb529f","True","False","50","10062","0","0","0","0","False","0","152,8","110,4","331,8","354,9","100","113,8458175631235","126,36659108905141","1542832128","[20:46:00] [Server thread/INFO]: The game is running, but can't keep up with the target tick rate [20:46:00] [Server thread/INFO]: Target tick rate: 20,0 per second. Average time per tick: 152,8ms (Target: 50,0ms) [20:46:00] [Server thread/INFO]: Percentiles: P50: 110,4ms P95: 331,8ms P99: 354,9ms, sample: 100"
"patch-enabled","3","2026-09-27T18:46:00.0460761+00:00","d21445e0e647ac86d4605ebeff90853c91eba01be743b685b61de63f5dbb529f","True","False","50","10062","0","0","0","0","False","0","153,9","112,8","331,8","354,9","100","139,05800589808211","126,36659108905141","1542832128","[20:46:00] [Server thread/INFO]: The game is running, but can't keep up with the target tick rate [20:46:00] [Server thread/INFO]: Target tick rate: 20,0 per second. Average time per tick: 153,9ms (Target: 50,0ms) [20:46:00] [Server thread/INFO]: Percentiles: P50: 112,8ms P95: 331,8ms P99: 354,9ms, sample: 100"
"patch-enabled","3","2026-09-27T18:46:00.6640198+00:00","d21445e0e647ac86d4605ebeff90853c91eba01be743b685b61de63f5dbb529f","True","False","50","10062","0","0","0","0","False","0","154,9","113","331,8","354,9","100","124,31151311575968","126,36659108905141","1542832128","[20:46:01] [Server thread/INFO]: The game is running, but can't keep up with the target tick rate [20:46:01] [Server thread/INFO]: Target tick rate: 20,0 per second. Average time per tick: 154,9ms (Target: 50,0ms) [20:46:01] [Server thread/INFO]: Percentiles: P50: 113,0ms P95: 331,8ms P99: 354,9ms, sample: 100"
"patch-enabled","3","2026-09-27T18:46:01.5438963+00:00","d21445e0e647ac86d4605ebeff90853c91eba01be743b685b61de63f5dbb529f","True","False","50","10062","0","0","0","0","False","0","157,5","124,4","331,8","354,9","100","110,09043369239339","126,36659108905141","1542832128","[20:46:01] [Server thread/INFO]: The game is running, but can't keep up with the target tick rate [20:46:01] [Server thread/INFO]: Target tick rate: 20,0 per second. Average time per tick: 157,5ms (Target: 50,0ms) [20:46:01] [Server thread/INFO]: Percentiles: P50: 124,4ms P95: 331,8ms P99: 354,9ms, sample: 100"
"patch-enabled","3","2026-09-27T18:46:02.0406421+00:00","d21445e0e647ac86d4605ebeff90853c91eba01be743b685b61de63f5dbb529f","True","False","50","10062","0","0","0","0","False","0","158,5","138,1","331,8","354,9","100","118,79140672467068","126,36659108905141","1542832128","[20:46:02] [Server thread/INFO]: The game is running, but can't keep up with the target tick rate [20:46:02] [Server thread/INFO]: Target tick rate: 20,0 per second. Average time per tick: 158,5ms (Target: 50,0ms) [20:46:02] [Server thread/INFO]: Percentiles: P50: 138,1ms P95: 331,8ms P99: 354,9ms, sample: 100"
"patch-enabled","3","2026-09-27T18:46:02.6719875+00:00","d21445e0e647ac86d4605ebeff90853c91eba01be743b685b61de63f5dbb529f","True","False","50","10062","0","0","0","0","False","0","159,8","144,1","331,8","354,9","100","121,46633123846713","126,36659108905141","1542832128","[20:46:03] [Server thread/INFO]: The game is running, but can't keep up with the target tick rate [20:46:03] [Server thread/INFO]: Target tick rate: 20,0 per second. Average time per tick: 159,8ms (Target: 50,0ms) [20:46:03] [Server thread/INFO]: Percentiles: P50: 144,1ms P95: 331,8ms P99: 354,9ms, sample: 100"
"patch-enabled","3","2026-09-27T18:46:03.3023456+00:00","d21445e0e647ac86d4605ebeff90853c91eba01be743b685b61de63f5dbb529f","True","False","50","10062","0","0","0","0","False","0","161,9","150,5","331,8","354,9","100","110,30789593752282","126,36659108905141","1542832128","[20:46:03] [Server thread/INFO]: The game is running, but can't keep up with the target tick rate [20:46:03] [Server thread/INFO]: Target tick rate: 20,0 per second. Average time per tick: 161,9ms (Target: 50,0ms) [20:46:03] [Server thread/INFO]: Percentiles: P50: 150,5ms P95: 331,8ms P99: 354,9ms, sample: 100"
"patch-enabled","3","2026-09-27T18:46:03.7980923+00:00","d21445e0e647ac86d4605ebeff90853c91eba01be743b685b61de63f5dbb529f","True","False","50","10062","0","0","0","0","False","0","162,6","151,7","331,8","354,9","100","151,57989789339524","126,36659108905141","1542832128","[20:46:04] [Server thread/INFO]: The game is running, but can't keep up with the target tick rate [20:46:04] [Server thread/INFO]: Target tick rate: 20,0 per second. Average time per tick: 162,6ms (Target: 50,0ms) [20:46:04] [Server thread/INFO]: Percentiles: P50: 151,7ms P95: 331,8ms P99: 354,9ms, sample: 100"
"patch-enabled","3","2026-09-27T18:46:04.4268961+00:00","d21445e0e647ac86d4605ebeff90853c91eba01be743b685b61de63f5dbb529f","True","False","50","10062","0","0","0","0","False","0","163,7","154,7","331,8","354,9","100","131,78465948709248","126,36659108905141","1542832128","[20:46:05] [Server thread/INFO]: The game is running, but can't keep up with the target tick rate [20:46:05] [Server thread/INFO]: Target tick rate: 20,0 per second. Average time per tick: 163,7ms (Target: 50,0ms) [20:46:05] [Server thread/INFO]: Percentiles: P50: 154,7ms P95: 331,8ms P99: 354,9ms, sample: 100"
"patch-enabled","3","2026-09-27T18:46:05.0434137+00:00","d21445e0e647ac86d4605ebeff90853c91eba01be743b685b61de63f5dbb529f","True","False","50","10062","0","0","0","0","False","0","165,6","160,2","331,8","354,9","100","120,15552635564023","126,36659108905141","1542832128","[20:46:05] [Server thread/INFO]: The game is running, but can't keep up with the target tick rate [20:46:05] [Server thread/INFO]: Target tick rate: 20,0 per second. Average time per tick: 165,6ms (Target: 50,0ms) [20:46:05] [Server thread/INFO]: Percentiles: P50: 160,2ms P95: 331,8ms P99: 354,9ms, sample: 100"
"patch-enabled","3","2026-09-27T18:46:05.5505753+00:00","d21445e0e647ac86d4605ebeff90853c91eba01be743b685b61de63f5dbb529f","True","False","50","10062","0","0","0","0","False","0","166,5","160,3","331,8","354,9","100","107,4901641862939","126,36659108905141","1542832128","[20:46:06] [Server thread/INFO]: The game is running, but can't keep up with the target tick rate [20:46:06] [Server thread/INFO]: Target tick rate: 20,0 per second. Average time per tick: 166,5ms (Target: 50,0ms) [20:46:06] [Server thread/INFO]: Percentiles: P50: 160,3ms P95: 331,8ms P99: 354,9ms, sample: 100"
"patch-enabled","3","2026-09-27T18:46:06.2919377+00:00","d21445e0e647ac86d4605ebeff90853c91eba01be743b685b61de63f5dbb529f","True","False","50","10062","0","0","0","0","False","0","167,9","160,6","331,8","354,9","100","121,86497623264883","126,36659108905141","1542832128","[20:46:06] [Server thread/INFO]: The game is running, but can't keep up with the target tick rate [20:46:06] [Server thread/INFO]: Target tick rate: 20,0 per second. Average time per tick: 167,9ms (Target: 50,0ms) [20:46:06] [Server thread/INFO]: Percentiles: P50: 160,6ms P95: 331,8ms P99: 354,9ms, sample: 100"
"patch-enabled","3","2026-09-27T18:46:06.9201763+00:00","d21445e0e647ac86d4605ebeff90853c91eba01be743b685b61de63f5dbb529f","True","False","50","10062","0","0","0","0","False","0","170,1","160,7","331,8","354,9","100","104,08609081509441","126,36659108905141","1542832128","[20:46:07] [Server thread/INFO]: The game is running, but can't keep up with the target tick rate [20:46:07] [Server thread/INFO]: Target tick rate: 20,0 per second. Average time per tick: 170,1ms (Target: 50,0ms) [20:46:07] [Server thread/INFO]: Percentiles: P50: 160,7ms P95: 331,8ms P99: 354,9ms, sample: 100"
"patch-enabled","3","2026-09-27T18:46:07.5506505+00:00","d21445e0e647ac86d4605ebeff90853c91eba01be743b685b61de63f5dbb529f","True","False","50","10062","0","0","0","0","False","0","171","160,7","331,8","354,9","100","128,98341242967115","126,36659108905141","1542832128","[20:46:08] [Server thread/INFO]: The game is running, but can't keep up with the target tick rate [20:46:08] [Server thread/INFO]: Target tick rate: 20,0 per second. Average time per tick: 171,0ms (Target: 50,0ms) [20:46:08] [Server thread/INFO]: Percentiles: P50: 160,7ms P95: 331,8ms P99: 354,9ms, sample: 100"
"patch-enabled","3","2026-09-27T18:46:08.1685340+00:00","d21445e0e647ac86d4605ebeff90853c91eba01be743b685b61de63f5dbb529f","True","False","50","10062","0","0","0","0","False","0","172,3","160,9","331,8","354,9","100","117,98078103840044","126,36659108905141","1542832128","[20:46:08] [Server thread/INFO]: The game is running, but can't keep up with the target tick rate [20:46:08] [Server thread/INFO]: Target tick rate: 20,0 per second. Average time per tick: 172,3ms (Target: 50,0ms) [20:46:08] [Server thread/INFO]: Percentiles: P50: 160,9ms P95: 331,8ms P99: 354,9ms, sample: 100"
"patch-enabled","3","2026-09-27T18:46:08.9233462+00:00","d21445e0e647ac86d4605ebeff90853c91eba01be743b685b61de63f5dbb529f","True","False","50","10062","0","0","0","0","False","0","174,7","161,6","331,8","354,9","100","110,38533489321057","126,36659108905141","1542832128","[20:46:09] [Server thread/INFO]: The game is running, but can't keep up with the target tick rate [20:46:09] [Server thread/INFO]: Target tick rate: 20,0 per second. Average time per tick: 174,7ms (Target: 50,0ms) [20:46:09] [Server thread/INFO]: Percentiles: P50: 161,6ms P95: 331,8ms P99: 354,9ms, sample: 100"
"patch-enabled","3","2026-09-27T18:46:09.4188098+00:00","d21445e0e647ac86d4605ebeff90853c91eba01be743b685b61de63f5dbb529f","True","False","50","10062","0","0","0","0","False","0","175,6","161,6","331,8","354,9","100","115,97759458954945","126,36659108905141","1542832128","[20:46:09] [Server thread/INFO]: The game is running, but can't keep up with the target tick rate [20:46:09] [Server thread/INFO]: Target tick rate: 20,0 per second. Average time per tick: 175,6ms (Target: 50,0ms) [20:46:09] [Server thread/INFO]: Percentiles: P50: 161,6ms P95: 331,8ms P99: 354,9ms, sample: 100"
"patch-enabled","3","2026-09-27T18:46:10.0520140+00:00","d21445e0e647ac86d4605ebeff90853c91eba01be743b685b61de63f5dbb529f","True","False","50","10062","0","0","0","0","False","0","176,7","162,2","331,8","354,9","100","126,90394496242912","126,36659108905141","1542832128","[20:46:10] [Server thread/INFO]: The game is running, but can't keep up with the target tick rate [20:46:10] [Server thread/INFO]: Target tick rate: 20,0 per second. Average time per tick: 176,7ms (Target: 50,0ms) [20:46:10] [Server thread/INFO]: Percentiles: P50: 162,2ms P95: 331,8ms P99: 354,9ms, sample: 100"
"patch-enabled","3","2026-09-27T18:46:10.6676028+00:00","d21445e0e647ac86d4605ebeff90853c91eba01be743b685b61de63f5dbb529f","True","False","50","10062","0","0","0","0","False","0","179,2","167,2","334,2","354,9","100","126,14277788194369","126,36659108905141","1542832128","[20:46:11] [Server thread/INFO]: The game is running, but can't keep up with the target tick rate [20:46:11] [Server thread/INFO]: Target tick rate: 20,0 per second. Average time per tick: 179,2ms (Target: 50,0ms) [20:46:11] [Server thread/INFO]: Percentiles: P50: 167,2ms P95: 334,2ms P99: 354,9ms, sample: 100"
"patch-enabled","3","2026-09-27T18:46:11.1630775+00:00","d21445e0e647ac86d4605ebeff90853c91eba01be743b685b61de63f5dbb529f","True","False","50","10062","0","0","0","0","False","0","180","168,9","334,2","354,9","100","121,22319967814201","126,36659108905141","1542832128","[20:46:11] [Server thread/INFO]: The game is running, but can't keep up with the target tick rate [20:46:11] [Server thread/INFO]: Target tick rate: 20,0 per second. Average time per tick: 180,0ms (Target: 50,0ms) [20:46:11] [Server thread/INFO]: Percentiles: P50: 168,9ms P95: 334,2ms P99: 354,9ms, sample: 100"
"patch-enabled","3","2026-09-27T18:46:11.7946492+00:00","d21445e0e647ac86d4605ebeff90853c91eba01be743b685b61de63f5dbb529f","True","False","50","10062","0","0","0","0","False","0","180,9","169,4","334,2","354,9","100","121,85430864102824","126,36659108905141","1542832128","[20:46:12] [Server thread/INFO]: The game is running, but can't keep up with the target tick rate [20:46:12] [Server thread/INFO]: Target tick rate: 20,0 per second. Average time per tick: 180,9ms (Target: 50,0ms) [20:46:12] [Server thread/INFO]: Percentiles: P50: 169,4ms P95: 334,2ms P99: 354,9ms, sample: 100"
"patch-enabled","3","2026-09-27T18:46:12.4229671+00:00","d21445e0e647ac86d4605ebeff90853c91eba01be743b685b61de63f5dbb529f","True","False","50","10062","0","0","0","0","False","0","183,4","170,4","334,2","354,9","100","107,58571974492108","126,36659108905141","1542832128","[20:46:12] [Server thread/INFO]: The game is running, but can't keep up with the target tick rate [20:46:12] [Server thread/INFO]: Target tick rate: 20,0 per second. Average time per tick: 183,4ms (Target: 50,0ms) [20:46:12] [Server thread/INFO]: Percentiles: P50: 170,4ms P95: 334,2ms P99: 354,9ms, sample: 100"
"patch-enabled","3","2026-09-27T18:46:12.9167632+00:00","d21445e0e647ac86d4605ebeff90853c91eba01be743b685b61de63f5dbb529f","True","False","50","10062","0","0","0","0","False","0","184,1","170,4","334,2","354,9","100","113,04908566284364","126,36659108905141","1542832128","[20:46:13] [Server thread/INFO]: The game is running, but can't keep up with the target tick rate [20:46:13] [Server thread/INFO]: Target tick rate: 20,0 per second. Average time per tick: 184,1ms (Target: 50,0ms) [20:46:13] [Server thread/INFO]: Percentiles: P50: 170,4ms P95: 334,2ms P99: 354,9ms, sample: 100"
"patch-enabled","3","2026-09-27T18:46:13.5664393+00:00","d21445e0e647ac86d4605ebeff90853c91eba01be743b685b61de63f5dbb529f","True","False","50","10062","0","0","0","0","False","0","185,1","175","334,2","354,9","100","165,13328135784474","126,36659108905141","1542832128","[20:46:14] [Server thread/INFO]: The game is running, but can't keep up with the target tick rate [20:46:14] [Server thread/INFO]: Target tick rate: 20,0 per second. Average time per tick: 185,1ms (Target: 50,0ms) [20:46:14] [Server thread/INFO]: Percentiles: P50: 175,0ms P95: 334,2ms P99: 354,9ms, sample: 100"
"patch-enabled","3","2026-09-27T18:46:14.1814070+00:00","d21445e0e647ac86d4605ebeff90853c91eba01be743b685b61de63f5dbb529f","True","False","50","10062","0","0","0","0","False","0","187,5","175,7","334,2","354,9","100","121,5971917598739","126,36659108905141","1542832128","[20:46:14] [Server thread/INFO]: The game is running, but can't keep up with the target tick rate [20:46:14] [Server thread/INFO]: Target tick rate: 20,0 per second. Average time per tick: 187,5ms (Target: 50,0ms) [20:46:14] [Server thread/INFO]: Percentiles: P50: 175,7ms P95: 334,2ms P99: 354,9ms, sample: 100"
"patch-enabled","3","2026-09-27T18:46:14.5669328+00:00","d21445e0e647ac86d4605ebeff90853c91eba01be743b685b61de63f5dbb529f","True","False","50","10062","0","0","0","0","False","0","188,3","180,8","334,2","354,9","100","132,84427297627312","126,36659108905141","1542832128","[20:46:15] [Server thread/INFO]: The game is running, but can't keep up with the target tick rate [20:46:15] [Server thread/INFO]: Target tick rate: 20,0 per second. Average time per tick: 188,3ms (Target: 50,0ms) [20:46:15] [Server thread/INFO]: Percentiles: P50: 180,8ms P95: 334,2ms P99: 354,9ms, sample: 100"
"patch-enabled","3","2026-09-27T18:46:15.3078871+00:00","d21445e0e647ac86d4605ebeff90853c91eba01be743b685b61de63f5dbb529f","True","False","50","10062","0","0","0","0","False","0","189,4","184","334,2","354,9","100","132,82040650364272","126,36659108905141","1542832128","[20:46:15] [Server thread/INFO]: The game is running, but can't keep up with the target tick rate [20:46:15] [Server thread/INFO]: Target tick rate: 20,0 per second. Average time per tick: 189,4ms (Target: 50,0ms) [20:46:15] [Server thread/INFO]: Percentiles: P50: 184,0ms P95: 334,2ms P99: 354,9ms, sample: 100"
"patch-enabled","3","2026-09-27T18:46:15.9431570+00:00","d21445e0e647ac86d4605ebeff90853c91eba01be743b685b61de63f5dbb529f","True","False","50","10062","0","0","0","0","False","0","191,5","185","334,2","354,9","100","119,03552654968384","126,36659108905141","1542832128","[20:46:16] [Server thread/INFO]: The game is running, but can't keep up with the target tick rate [20:46:16] [Server thread/INFO]: Target tick rate: 20,0 per second. Average time per tick: 191,5ms (Target: 50,0ms) [20:46:16] [Server thread/INFO]: Percentiles: P50: 185,0ms P95: 334,2ms P99: 354,9ms, sample: 100"
"patch-enabled","3","2026-09-27T18:46:16.4551417+00:00","d21445e0e647ac86d4605ebeff90853c91eba01be743b685b61de63f5dbb529f","True","False","50","10062","0","0","0","0","False","0","192,4","186,3","334,2","354,9","100","110,89342843123625","126,36659108905141","1542832128","[20:46:16] [Server thread/INFO]: The game is running, but can't keep up with the target tick rate [20:46:16] [Server thread/INFO]: Target tick rate: 20,0 per second. Average time per tick: 192,4ms (Target: 50,0ms) [20:46:16] [Server thread/INFO]: Percentiles: P50: 186,3ms P95: 334,2ms P99: 354,9ms, sample: 100"
"patch-enabled","3","2026-09-27T18:46:17.0750547+00:00","d21445e0e647ac86d4605ebeff90853c91eba01be743b685b61de63f5dbb529f","True","False","50","10062","0","0","0","0","False","0","193,2","188,1","334,2","354,9","100","116,02721550166257","126,36659108905141","1542832128","[20:46:17] [Server thread/INFO]: The game is running, but can't keep up with the target tick rate [20:46:17] [Server thread/INFO]: Target tick rate: 20,0 per second. Average time per tick: 193,2ms (Target: 50,0ms) [20:46:17] [Server thread/INFO]: Percentiles: P50: 188,1ms P95: 334,2ms P99: 354,9ms, sample: 100"
"patch-enabled","3","2026-09-27T18:46:17.7079908+00:00","d21445e0e647ac86d4605ebeff90853c91eba01be743b685b61de63f5dbb529f","True","False","50","10062","0","0","0","0","False","0","194,9","189,2","334,2","354,9","100","154,7232869889911","126,36659108905141","1542832128","[20:46:18] [Server thread/INFO]: The game is running, but can't keep up with the target tick rate [20:46:18] [Server thread/INFO]: Target tick rate: 20,0 per second. Average time per tick: 194,9ms (Target: 50,0ms) [20:46:18] [Server thread/INFO]: Percentiles: P50: 189,2ms P95: 334,2ms P99: 354,9ms, sample: 100"
"patch-enabled","3","2026-09-27T18:46:18.3240037+00:00","d21445e0e647ac86d4605ebeff90853c91eba01be743b685b61de63f5dbb529f","True","False","50","10062","0","0","0","0","False","0","195,4","189,2","334,2","354,9","100","144,205213517971","126,36659108905141","1542832128","[20:46:18] [Server thread/INFO]: The game is running, but can't keep up with the target tick rate [20:46:18] [Server thread/INFO]: Target tick rate: 20,0 per second. Average time per tick: 195,4ms (Target: 50,0ms) [20:46:18] [Server thread/INFO]: Percentiles: P50: 189,2ms P95: 334,2ms P99: 354,9ms, sample: 100"
"patch-enabled","3","2026-09-27T18:46:18.8333067+00:00","d21445e0e647ac86d4605ebeff90853c91eba01be743b685b61de63f5dbb529f","True","False","50","10062","0","0","0","0","False","0","196,6","189,4","334,2","354,9","100","121,50978275756938","126,36659108905141","1542832128","[20:46:19] [Server thread/INFO]: The game is running, but can't keep up with the target tick rate [20:46:19] [Server thread/INFO]: Target tick rate: 20,0 per second. Average time per tick: 196,6ms (Target: 50,0ms) [20:46:19] [Server thread/INFO]: Percentiles: P50: 189,4ms P95: 334,2ms P99: 354,9ms, sample: 100"
"patch-enabled","3","2026-09-27T18:46:19.4633970+00:00","d21445e0e647ac86d4605ebeff90853c91eba01be743b685b61de63f5dbb529f","True","False","50","10062","0","0","0","0","False","0","198,7","192","334,2","354,9","100","99,46020955072629","126,36659108905141","1542832128","[20:46:19] [Server thread/INFO]: The game is running, but can't keep up with the target tick rate [20:46:19] [Server thread/INFO]: Target tick rate: 20,0 per second. Average time per tick: 198,7ms (Target: 50,0ms) [20:46:19] [Server thread/INFO]: Percentiles: P50: 192,0ms P95: 334,2ms P99: 354,9ms, sample: 100"
"patch-enabled","3","2026-09-27T18:46:20.0917326+00:00","d21445e0e647ac86d4605ebeff90853c91eba01be743b685b61de63f5dbb529f","True","False","50","10062","0","0","0","0","False","0","199,7","192","334,2","354,9","100","119,24654260340056","126,36659108905141","1542832128","[20:46:20] [Server thread/INFO]: The game is running, but can't keep up with the target tick rate [20:46:20] [Server thread/INFO]: Target tick rate: 20,0 per second. Average time per tick: 199,7ms (Target: 50,0ms) [20:46:20] [Server thread/INFO]: Percentiles: P50: 192,0ms P95: 334,2ms P99: 354,9ms, sample: 100"
"patch-enabled","3","2026-09-27T18:46:20.5897528+00:00","d21445e0e647ac86d4605ebeff90853c91eba01be743b685b61de63f5dbb529f","True","False","50","10062","0","0","0","0","False","0","201","192,1","334,2","354,9","100","116,18322054044981","126,36659108905141","1542832128","[20:46:21] [Server thread/INFO]: The game is running, but can't keep up with the target tick rate [20:46:21] [Server thread/INFO]: Target tick rate: 20,0 per second. Average time per tick: 201,0ms (Target: 50,0ms) [20:46:21] [Server thread/INFO]: Percentiles: P50: 192,1ms P95: 334,2ms P99: 354,9ms, sample: 100"
"patch-enabled","3","2026-09-27T18:46:21.3427800+00:00","d21445e0e647ac86d4605ebeff90853c91eba01be743b685b61de63f5dbb529f","True","False","50","10062","0","0","0","0","False","0","203,5","192,5","334,2","354,9","100","152,15870599367344","126,36659108905141","1542832128","[20:46:21] [Server thread/INFO]: The game is running, but can't keep up with the target tick rate [20:46:21] [Server thread/INFO]: Target tick rate: 20,0 per second. Average time per tick: 203,5ms (Target: 50,0ms) [20:46:21] [Server thread/INFO]: Percentiles: P50: 192,5ms P95: 334,2ms P99: 354,9ms, sample: 100"
"patch-enabled","3","2026-09-27T18:46:21.7124788+00:00","d21445e0e647ac86d4605ebeff90853c91eba01be743b685b61de63f5dbb529f","True","False","50","10062","0","0","0","0","False","0","204,1","192,5","334,2","354,9","100","121,35401039242062","126,36659108905141","1542832128","[20:46:22] [Server thread/INFO]: The game is running, but can't keep up with the target tick rate [20:46:22] [Server thread/INFO]: Target tick rate: 20,0 per second. Average time per tick: 204,1ms (Target: 50,0ms) [20:46:22] [Server thread/INFO]: Percentiles: P50: 192,5ms P95: 334,2ms P99: 354,9ms, sample: 100"
"patch-enabled","3","2026-09-27T18:46:22.3433596+00:00","d21445e0e647ac86d4605ebeff90853c91eba01be743b685b61de63f5dbb529f","True","False","50","10062","0","0","0","0","False","0","205,1","193","334,2","354,9","100","121,46844662749336","126,36659108905141","1542832128","[20:46:22] [Server thread/INFO]: The game is running, but can't keep up with the target tick rate [20:46:22] [Server thread/INFO]: Target tick rate: 20,0 per second. Average time per tick: 205,1ms (Target: 50,0ms) [20:46:22] [Server thread/INFO]: Percentiles: P50: 193,0ms P95: 334,2ms P99: 354,9ms, sample: 100"
"patch-enabled","3","2026-09-27T18:46:22.9607954+00:00","d21445e0e647ac86d4605ebeff90853c91eba01be743b685b61de63f5dbb529f","True","False","50","10062","0","0","0","0","False","0","207,3","194","334,2","354,9","100","123,61799042480759","126,36659108905141","1542832128","[20:46:23] [Server thread/INFO]: The game is running, but can't keep up with the target tick rate [20:46:23] [Server thread/INFO]: Target tick rate: 20,0 per second. Average time per tick: 207,3ms (Target: 50,0ms) [20:46:23] [Server thread/INFO]: Percentiles: P50: 194,0ms P95: 334,2ms P99: 354,9ms, sample: 100"
"patch-enabled","3","2026-09-27T18:46:23.5928020+00:00","d21445e0e647ac86d4605ebeff90853c91eba01be743b685b61de63f5dbb529f","True","False","50","10062","0","0","0","0","False","0","207,8",,,,,"120,4989213443925","126,36659108905141","1542832128","[20:46:24] [Server thread/INFO]: The game is running, but can't keep up with the target tick rate [20:46:24] [Server thread/INFO]: Target tick rate: 20,0 per second. Average time per tick: 207,8ms (Target: 50,0ms)"
"patch-enabled","3","2026-09-27T18:46:24.0855473+00:00","d21445e0e647ac86d4605ebeff90853c91eba01be743b685b61de63f5dbb529f","True","False","50","10062","0","0","0","0","False","0","208,9","194","334,2","354,9","100","138,2707964808739","126,36659108905141","1542832128","[20:46:24] [Server thread/INFO]: Percentiles: P50: 194,0ms P95: 334,2ms P99: 354,9ms, sample: 100 [20:46:24] [Server thread/INFO]: The game is running, but can't keep up with the target tick rate [20:46:24] [Server thread/INFO]: Target tick rate: 20,0 per second. Average time per tick: 208,9ms (Target: 50,0ms) [20:46:24] [Server thread/INFO]: Percentiles: P50: 194,1ms P95: 334,2ms P99: 354,9ms, sample: 100"
"patch-enabled","3","2026-09-27T18:46:24.7183735+00:00","d21445e0e647ac86d4605ebeff90853c91eba01be743b685b61de63f5dbb529f","True","False","50","10062","0","0","0","0","False","0","211,1","194,2","334,2","354,9","100","194,11926320932577","126,36659108905141","1542832128","[20:46:25] [Server thread/INFO]: The game is running, but can't keep up with the target tick rate [20:46:25] [Server thread/INFO]: Target tick rate: 20,0 per second. Average time per tick: 211,1ms (Target: 50,0ms) [20:46:25] [Server thread/INFO]: Percentiles: P50: 194,2ms P95: 334,2ms P99: 354,9ms, sample: 100"
"patch-enabled","3","2026-09-27T18:46:25.2093761+00:00","d21445e0e647ac86d4605ebeff90853c91eba01be743b685b61de63f5dbb529f","True","False","50","10062","0","0","0","0","False","0","212","194,2","334,2","354,9","100","146,59979229549165","126,36659108905141","1542832128","[20:46:25] [Server thread/INFO]: The game is running, but can't keep up with the target tick rate [20:46:25] [Server thread/INFO]: Target tick rate: 20,0 per second. Average time per tick: 212,0ms (Target: 50,0ms) [20:46:25] [Server thread/INFO]: Percentiles: P50: 194,2ms P95: 334,2ms P99: 354,9ms, sample: 100"
"patch-enabled","3","2026-09-27T18:46:25.8595036+00:00","d21445e0e647ac86d4605ebeff90853c91eba01be743b685b61de63f5dbb529f","True","False","50","10062","0","0","0","0","False","0","213,2","194,9","334,2","354,9","100","131,75283978043896","126,36659108905141","1542832128","[20:46:26] [Server thread/INFO]: The game is running, but can't keep up with the target tick rate [20:46:26] [Server thread/INFO]: Target tick rate: 20,0 per second. Average time per tick: 213,2ms (Target: 50,0ms) [20:46:26] [Server thread/INFO]: Percentiles: P50: 194,9ms P95: 334,2ms P99: 354,9ms, sample: 100"
"patch-enabled","3","2026-09-27T18:46:26.4761901+00:00","d21445e0e647ac86d4605ebeff90853c91eba01be743b685b61de63f5dbb529f","True","False","50","10062","0","0","0","0","False","0","215,5","195,1","334,2","354,9","100","155,10292439166724","126,36659108905141","1542832128","[20:46:26] [Server thread/INFO]: The game is running, but can't keep up with the target tick rate [20:46:26] [Server thread/INFO]: Target tick rate: 20,0 per second. Average time per tick: 215,5ms (Target: 50,0ms) [20:46:26] [Server thread/INFO]: Percentiles: P50: 195,1ms P95: 334,2ms P99: 354,9ms, sample: 100"
"patch-enabled","3","2026-09-27T18:46:27.0000313+00:00","d21445e0e647ac86d4605ebeff90853c91eba01be743b685b61de63f5dbb529f","True","False","50","10062","0","0","0","0","False","0","216,4","195,1","334,2","354,9","100","116,9524571698608","126,36659108905141","1542832128","[20:46:27] [Server thread/INFO]: The game is running, but can't keep up with the target tick rate [20:46:27] [Server thread/INFO]: Target tick rate: 20,0 per second. Average time per tick: 216,4ms (Target: 50,0ms) [20:46:27] [Server thread/INFO]: Percentiles: P50: 195,1ms P95: 334,2ms P99: 354,9ms, sample: 100"
"without-umce","3","2026-09-27T18:47:20.3785170+00:00",,"False","False","50","10062","0","0","0","0","False","0","126,4","88,8","316,7","461,3","100","163,32236075085268","169,90853211879212","1585811456","[20:47:20] [Server thread/INFO]: The game is running, but can't keep up with the target tick rate [20:47:20] [Server thread/INFO]: Target tick rate: 20,0 per second. Average time per tick: 126,4ms (Target: 50,0ms) [20:47:20] [Server thread/INFO]: Percentiles: P50: 88,8ms P95: 316,7ms P99: 461,3ms, sample: 100"
"without-umce","3","2026-09-27T18:47:20.5092006+00:00",,"False","False","50","10062","0","0","0","0","False","0","129,1","89,1","326,6","461,3","100","166,04381785657355","169,90853211879212","1585811456","[20:47:21] [Server thread/INFO]: The game is running, but can't keep up with the target tick rate [20:47:21] [Server thread/INFO]: Target tick rate: 20,0 per second. Average time per tick: 129,1ms (Target: 50,0ms) [20:47:21] [Server thread/INFO]: Percentiles: P50: 89,1ms P95: 326,6ms P99: 461,3ms, sample: 100"
"without-umce","3","2026-09-27T18:47:21.8862804+00:00",,"False","False","50","10062","0","0","0","0","False","0","130,5","92,7","326,6","461,3","100","152,40506948695779","169,90853211879212","1585811456","[20:47:22] [Server thread/INFO]: The game is running, but can't keep up with the target tick rate [20:47:22] [Server thread/INFO]: Target tick rate: 20,0 per second. Average time per tick: 130,5ms (Target: 50,0ms) [20:47:22] [Server thread/INFO]: Percentiles: P50: 92,7ms P95: 326,6ms P99: 461,3ms, sample: 100"
"without-umce","3","2026-09-27T18:47:23.0140383+00:00",,"False","False","50","10062","0","0","0","0","False","0","131,6","92,7","326,6","461,3","100","190,90089952503857","169,90853211879212","1585811456","[20:47:24] [Server thread/INFO]: The game is running, but can't keep up with the target tick rate [20:47:24] [Server thread/INFO]: Target tick rate: 20,0 per second. Average time per tick: 131,6ms (Target: 50,0ms) [20:47:24] [Server thread/INFO]: Percentiles: P50: 92,7ms P95: 326,6ms P99: 461,3ms, sample: 100"
"without-umce","3","2026-09-27T18:47:24.3890910+00:00",,"False","False","50","10062","0","0","0","0","False","0","134,4","96,9","327,7","461,3","100","153,0747482759833","169,90853211879212","1585811456","[20:47:25] [Server thread/INFO]: The game is running, but can't keep up with the target tick rate [20:47:25] [Server thread/INFO]: Target tick rate: 20,0 per second. Average time per tick: 134,4ms (Target: 50,0ms) [20:47:25] [Server thread/INFO]: Percentiles: P50: 96,9ms P95: 327,7ms P99: 461,3ms, sample: 100"
"without-umce","3","2026-09-27T18:47:25.6548142+00:00",,"False","False","50","10062","0","0","0","0","False","0","135,5","103,1","327,7","461,3","100","177,98592918819404","169,90853211879212","1585811456","[20:47:26] [Server thread/INFO]: The game is running, but can't keep up with the target tick rate [20:47:26] [Server thread/INFO]: Target tick rate: 20,0 per second. Average time per tick: 135,5ms (Target: 50,0ms) [20:47:26] [Server thread/INFO]: Percentiles: P50: 103,1ms P95: 327,7ms P99: 461,3ms, sample: 100"
"without-umce","3","2026-09-27T18:47:26.7960634+00:00",,"False","False","50","10062","0","0","0","0","False","0","136,8","105","327,7","461,3","100","159,47062718560736","169,90853211879212","1585811456","[20:47:27] [Server thread/INFO]: The game is running, but can't keep up with the target tick rate [20:47:27] [Server thread/INFO]: Target tick rate: 20,0 per second. Average time per tick: 136,8ms (Target: 50,0ms) [20:47:27] [Server thread/INFO]: Percentiles: P50: 105,0ms P95: 327,7ms P99: 461,3ms, sample: 100"
"without-umce","3","2026-09-27T18:47:27.9228238+00:00",,"False","False","50","10062","0","0","0","0","False","0","139,4","105,3","327,7","461,3","100","187,90917459628648","169,90853211879212","1585811456","[20:47:28] [Server thread/INFO]: The game is running, but can't keep up with the target tick rate [20:47:28] [Server thread/INFO]: Target tick rate: 20,0 per second. Average time per tick: 139,4ms (Target: 50,0ms) [20:47:28] [Server thread/INFO]: Percentiles: P50: 105,3ms P95: 327,7ms P99: 461,3ms, sample: 100"
"without-umce","3","2026-09-27T18:47:28.9123351+00:00",,"False","False","50","10062","0","0","0","0","False","0","140,8","111,2","327,7","461,3","100","175,52098817158517","169,90853211879212","1585811456","[20:47:29] [Server thread/INFO]: The game is running, but can't keep up with the target tick rate [20:47:29] [Server thread/INFO]: Target tick rate: 20,0 per second. Average time per tick: 140,8ms (Target: 50,0ms) [20:47:29] [Server thread/INFO]: Percentiles: P50: 111,2ms P95: 327,7ms P99: 461,3ms, sample: 100"
"without-umce","3","2026-09-27T18:47:29.9271735+00:00",,"False","False","50","10062","0","0","0","0","False","0","141,7","122,4","327,7","461,3","100","161,1660651578618","169,90853211879212","1585811456","[20:47:30] [Server thread/INFO]: The game is running, but can't keep up with the target tick rate [20:47:30] [Server thread/INFO]: Target tick rate: 20,0 per second. Average time per tick: 141,7ms (Target: 50,0ms) [20:47:30] [Server thread/INFO]: Percentiles: P50: 122,4ms P95: 327,7ms P99: 461,3ms, sample: 100"
"without-umce","3","2026-09-27T18:47:31.0517959+00:00",,"False","False","50","10062","0","0","0","0","False","0","144,3","122,5","327,7","461,3","100","135,3235091172184","169,90853211879212","1585811456","[20:47:31] [Server thread/INFO]: The game is running, but can't keep up with the target tick rate [20:47:31] [Server thread/INFO]: Target tick rate: 20,0 per second. Average time per tick: 144,3ms (Target: 50,0ms) [20:47:31] [Server thread/INFO]: Percentiles: P50: 122,5ms P95: 327,7ms P99: 461,3ms, sample: 100"
"without-umce","3","2026-09-27T18:47:31.7907638+00:00",,"False","False","50","10062","0","0","0","0","False","0","145,3","127,2","327,7","461,3","100","153,06177018273752","169,90853211879212","1585811456","[20:47:32] [Server thread/INFO]: The game is running, but can't keep up with the target tick rate [20:47:32] [Server thread/INFO]: Target tick rate: 20,0 per second. Average time per tick: 145,3ms (Target: 50,0ms) [20:47:32] [Server thread/INFO]: Percentiles: P50: 127,2ms P95: 327,7ms P99: 461,3ms, sample: 100"
"without-umce","3","2026-09-27T18:47:32.7911572+00:00",,"False","False","50","10062","0","0","0","0","False","0","146,5","127,9","327,7","461,3","100","166,86080323334943","169,90853211879212","1585811456","[20:47:33] [Server thread/INFO]: The game is running, but can't keep up with the target tick rate [20:47:33] [Server thread/INFO]: Target tick rate: 20,0 per second. Average time per tick: 146,5ms (Target: 50,0ms) [20:47:33] [Server thread/INFO]: Percentiles: P50: 127,9ms P95: 327,7ms P99: 461,3ms, sample: 100"
"without-umce","3","2026-09-27T18:47:33.7931301+00:00",,"False","False","50","10062","0","0","0","0","False","0","149,1","129,2","327,7","461,3","100","197,18259530088054","169,90853211879212","1585811456","[20:47:34] [Server thread/INFO]: The game is running, but can't keep up with the target tick rate [20:47:34] [Server thread/INFO]: Target tick rate: 20,0 per second. Average time per tick: 149,1ms (Target: 50,0ms) [20:47:34] [Server thread/INFO]: Percentiles: P50: 129,2ms P95: 327,7ms P99: 461,3ms, sample: 100"
"without-umce","3","2026-09-27T18:47:34.5459498+00:00",,"False","False","50","10062","0","0","0","0","False","0","150,5","133,2","327,7","461,3","100","178,39479455666233","169,90853211879212","1585811456","[20:47:35] [Server thread/INFO]: The game is running, but can't keep up with the target tick rate [20:47:35] [Server thread/INFO]: Target tick rate: 20,0 per second. Average time per tick: 150,5ms (Target: 50,0ms) [20:47:35] [Server thread/INFO]: Percentiles: P50: 133,2ms P95: 327,7ms P99: 461,3ms, sample: 100"
"without-umce","3","2026-09-27T18:47:35.3166935+00:00",,"False","False","50","10062","0","0","0","0","False","0","151,4","138,8","327,7","461,3","100","170,3554467658662","169,90853211879212","1585811456","[20:47:36] [Server thread/INFO]: The game is running, but can't keep up with the target tick rate [20:47:36] [Server thread/INFO]: Target tick rate: 20,0 per second. Average time per tick: 151,4ms (Target: 50,0ms) [20:47:36] [Server thread/INFO]: Percentiles: P50: 138,8ms P95: 327,7ms P99: 461,3ms, sample: 100"
"without-umce","3","2026-09-27T18:47:36.3072649+00:00",,"False","False","50","10062","0","0","0","0","False","0","154","139","327,7","461,3","100","186,40394480454924","169,90853211879212","1585811456","[20:47:36] [Server thread/INFO]: The game is running, but can't keep up with the target tick rate [20:47:36] [Server thread/INFO]: Target tick rate: 20,0 per second. Average time per tick: 154,0ms (Target: 50,0ms) [20:47:36] [Server thread/INFO]: Percentiles: P50: 139,0ms P95: 327,7ms P99: 461,3ms, sample: 100"
"without-umce","3","2026-09-27T18:47:37.0616679+00:00",,"False","False","50","10062","0","0","0","0","False","0","155,4","141,6","327,7","461,3","100","179,79583525721765","169,90853211879212","1585811456","[20:47:37] [Server thread/INFO]: The game is running, but can't keep up with the target tick rate [20:47:37] [Server thread/INFO]: Target tick rate: 20,0 per second. Average time per tick: 155,4ms (Target: 50,0ms) [20:47:37] [Server thread/INFO]: Percentiles: P50: 141,6ms P95: 327,7ms P99: 461,3ms, sample: 100"
"without-umce","3","2026-09-27T18:47:37.8177223+00:00",,"False","False","50","10062","0","0","0","0","False","0","156,5","143","327,7","461,3","100","194,6426226045417","169,90853211879212","1585811456","[20:47:38] [Server thread/INFO]: The game is running, but can't keep up with the target tick rate [20:47:38] [Server thread/INFO]: Target tick rate: 20,0 per second. Average time per tick: 156,5ms (Target: 50,0ms) [20:47:38] [Server thread/INFO]: Percentiles: P50: 143,0ms P95: 327,7ms P99: 461,3ms, sample: 100"
"without-umce","3","2026-09-27T18:47:38.5562827+00:00",,"False","False","50","10062","0","0","0","0","False","0","159,4","143,6","327,7","461,3","100","165,83168333780307","169,90853211879212","1585811456","[20:47:39] [Server thread/INFO]: The game is running, but can't keep up with the target tick rate [20:47:39] [Server thread/INFO]: Target tick rate: 20,0 per second. Average time per tick: 159,4ms (Target: 50,0ms) [20:47:39] [Server thread/INFO]: Percentiles: P50: 143,6ms P95: 327,7ms P99: 461,3ms, sample: 100"
"without-umce","3","2026-09-27T18:47:39.4325400+00:00",,"False","False","50","10062","0","0","0","0","False","0","161,1","145,8","327,7","461,3","100","188,6882393599695","169,90853211879212","1585811456","[20:47:39] [Server thread/INFO]: The game is running, but can't keep up with the target tick rate [20:47:39] [Server thread/INFO]: Target tick rate: 20,0 per second. Average time per tick: 161,1ms (Target: 50,0ms) [20:47:39] [Server thread/INFO]: Percentiles: P50: 145,8ms P95: 327,7ms P99: 461,3ms, sample: 100"
"without-umce","3","2026-09-27T18:47:40.0618713+00:00",,"False","False","50","10062","0","0","0","0","False","0","162,4","149,1","327,7","461,3","100","157,2194024232839","169,90853211879212","1585811456","[20:47:40] [Server thread/INFO]: The game is running, but can't keep up with the target tick rate [20:47:40] [Server thread/INFO]: Target tick rate: 20,0 per second. Average time per tick: 162,4ms (Target: 50,0ms) [20:47:40] [Server thread/INFO]: Percentiles: P50: 149,1ms P95: 327,7ms P99: 461,3ms, sample: 100"
"without-umce","3","2026-09-27T18:47:40.8171706+00:00",,"False","False","50","10062","0","0","0","0","False","0","165",,,,,"195,70944705056004","169,90853211879212","1585811456","[20:47:41] [Server thread/INFO]: The game is running, but can't keep up with the target tick rate [20:47:41] [Server thread/INFO]: Target tick rate: 20,0 per second. Average time per tick: 165,0ms (Target: 50,0ms)"
"without-umce","3","2026-09-27T18:47:41.4319341+00:00",,"False","False","50","10062","0","0","0","0","False","0","166,2","151,5","327,7","461,3","100","153,6506463360118","169,90853211879212","1585811456","[20:47:41] [Server thread/INFO]: Percentiles: P50: 151,5ms P95: 327,7ms P99: 461,3ms, sample: 100 [20:47:42] [Server thread/INFO]: The game is running, but can't keep up with the target tick rate [20:47:42] [Server thread/INFO]: Target tick rate: 20,0 per second. Average time per tick: 166,2ms (Target: 50,0ms) [20:47:42] [Server thread/INFO]: Percentiles: P50: 152,3ms P95: 327,7ms P99: 461,3ms, sample: 100"
"without-umce","3","2026-09-27T18:47:42.1844679+00:00",,"False","False","50","10062","0","0","0","0","False","0","167","155,6","327,7","461,3","100","173,81207289927335","169,90853211879212","1585811456","[20:47:42] [Server thread/INFO]: The game is running, but can't keep up with the target tick rate [20:47:42] [Server thread/INFO]: Target tick rate: 20,0 per second. Average time per tick: 167,0ms (Target: 50,0ms) [20:47:42] [Server thread/INFO]: Percentiles: P50: 155,6ms P95: 327,7ms P99: 461,3ms, sample: 100"
"without-umce","3","2026-09-27T18:47:42.9575561+00:00",,"False","False","50","10062","0","0","0","0","False","0","169,3","155,6","327,7","461,3","100","181,40660283584253","169,90853211879212","1585811456","[20:47:43] [Server thread/INFO]: The game is running, but can't keep up with the target tick rate [20:47:43] [Server thread/INFO]: Target tick rate: 20,0 per second. Average time per tick: 169,3ms (Target: 50,0ms) [20:47:43] [Server thread/INFO]: Percentiles: P50: 155,6ms P95: 327,7ms P99: 461,3ms, sample: 100"
"without-umce","3","2026-09-27T18:47:43.6983047+00:00",,"False","False","50","10062","0","0","0","0","False","0","170,3","156,7","327,7","461,3","100","182,79909884984784","169,90853211879212","1585811456","[20:47:44] [Server thread/INFO]: The game is running, but can't keep up with the target tick rate [20:47:44] [Server thread/INFO]: Target tick rate: 20,0 per second. Average time per tick: 170,3ms (Target: 50,0ms) [20:47:44] [Server thread/INFO]: Percentiles: P50: 156,7ms P95: 327,7ms P99: 461,3ms, sample: 100"
"without-umce","3","2026-09-27T18:47:44.3308146+00:00",,"False","False","50","10062","0","0","0","0","False","0","171,3","157,7","327,7","461,3","100","159,5375439870199","169,90853211879212","1585811456","[20:47:44] [Server thread/INFO]: The game is running, but can't keep up with the target tick rate [20:47:44] [Server thread/INFO]: Target tick rate: 20,0 per second. Average time per tick: 171,3ms (Target: 50,0ms) [20:47:44] [Server thread/INFO]: Percentiles: P50: 157,7ms P95: 327,7ms P99: 461,3ms, sample: 100"
"without-umce","3","2026-09-27T18:47:45.0751894+00:00",,"False","False","50","10062","0","0","0","0","False","0","173,8","160,7","327,7","461,3","100","153,38496673743091","169,90853211879212","1585811456","[20:47:45] [Server thread/INFO]: The game is running, but can't keep up with the target tick rate [20:47:45] [Server thread/INFO]: Target tick rate: 20,0 per second. Average time per tick: 173,8ms (Target: 50,0ms) [20:47:45] [Server thread/INFO]: Percentiles: P50: 160,7ms P95: 327,7ms P99: 461,3ms, sample: 100"
"without-umce","3","2026-09-27T18:47:45.7067343+00:00",,"False","False","50","10062","0","0","0","0","False","0","175,3","161,2","327,7","461,3","100","190,014669335155","169,90853211879212","1585811456","[20:47:46] [Server thread/INFO]: The game is running, but can't keep up with the target tick rate [20:47:46] [Server thread/INFO]: Target tick rate: 20,0 per second. Average time per tick: 175,3ms (Target: 50,0ms) [20:47:46] [Server thread/INFO]: Percentiles: P50: 161,2ms P95: 327,7ms P99: 461,3ms, sample: 100"
"without-umce","3","2026-09-27T18:47:46.3234715+00:00",,"False","False","50","10062","0","0","0","0","False","0","176,3","161,2","327,7","461,3","100","174,3145283377969","169,90853211879212","1585811456","[20:47:47] [Server thread/INFO]: The game is running, but can't keep up with the target tick rate [20:47:47] [Server thread/INFO]: Target tick rate: 20,0 per second. Average time per tick: 176,3ms (Target: 50,0ms) [20:47:47] [Server thread/INFO]: Percentiles: P50: 161,2ms P95: 327,7ms P99: 461,3ms, sample: 100"
"without-umce","3","2026-09-27T18:47:47.2198411+00:00",,"False","False","50","10062","0","0","0","0","False","0","179,2",,,,,"110,79420731923501","169,90853211879212","1585811456","[20:47:47] [Server thread/INFO]: The game is running, but can't keep up with the target tick rate [20:47:47] [Server thread/INFO]: Target tick rate: 20,0 per second. Average time per tick: 179,2ms (Target: 50,0ms)"
"without-umce","3","2026-09-27T18:47:47.7134288+00:00",,"False","False","50","10062","0","0","0","0","False","0","180,3","161,6","334,8","461,3","100","167,2638053349968","169,90853211879212","1585811456","[20:47:47] [Server thread/INFO]: Percentiles: P50: 161,6ms P95: 334,8ms P99: 461,3ms, sample: 100 [20:47:48] [Server thread/INFO]: The game is running, but can't keep up with the target tick rate [20:47:48] [Server thread/INFO]: Target tick rate: 20,0 per second. Average time per tick: 180,3ms (Target: 50,0ms) [20:47:48] [Server thread/INFO]: Percentiles: P50: 161,9ms P95: 334,8ms P99: 461,3ms, sample: 100"
"without-umce","3","2026-09-27T18:47:48.4701053+00:00",,"False","False","50","10062","0","0","0","0","False","0","181,6","167,4","334,8","461,3","100","160,83002311870578","169,90853211879212","1585811456","[20:47:49] [Server thread/INFO]: The game is running, but can't keep up with the target tick rate [20:47:49] [Server thread/INFO]: Target tick rate: 20,0 per second. Average time per tick: 181,6ms (Target: 50,0ms) [20:47:49] [Server thread/INFO]: Percentiles: P50: 167,4ms P95: 334,8ms P99: 461,3ms, sample: 100"
"without-umce","3","2026-09-27T18:47:49.5970843+00:00",,"False","False","50","10062","0","0","0","0","False","0","185,1","168,1","349,4","461,3","100","179,27326692947395","169,90853211879212","1585811456","[20:47:50] [Server thread/INFO]: The game is running, but can't keep up with the target tick rate [20:47:50] [Server thread/INFO]: Target tick rate: 20,0 per second. Average time per tick: 185,1ms (Target: 50,0ms) [20:47:50] [Server thread/INFO]: Percentiles: P50: 168,1ms P95: 349,4ms P99: 461,3ms, sample: 100"
"without-umce","4","2026-09-27T18:48:45.0845213+00:00",,"False","False","50","10062","0","0","0","0","False","0","181,2","141,6","331","378,8","100","186,78034345754259","142,40509977552907","1571667968","[20:48:45] [Server thread/INFO]: The game is running, but can't keep up with the target tick rate [20:48:45] [Server thread/INFO]: Target tick rate: 20,0 per second. Average time per tick: 181,2ms (Target: 50,0ms) [20:48:45] [Server thread/INFO]: Percentiles: P50: 141,6ms P95: 331,0ms P99: 378,8ms, sample: 100"
"without-umce","4","2026-09-27T18:48:45.4760825+00:00",,"False","False","50","10062","0","0","0","0","False","0","183,8","142,5","331","378,8","100","194,77818801605596","142,40509977552907","1571667968","[20:48:45] [Server thread/INFO]: The game is running, but can't keep up with the target tick rate [20:48:45] [Server thread/INFO]: Target tick rate: 20,0 per second. Average time per tick: 183,8ms (Target: 50,0ms) [20:48:45] [Server thread/INFO]: Percentiles: P50: 142,5ms P95: 331,0ms P99: 378,8ms, sample: 100"
"without-umce","4","2026-09-27T18:48:45.7342353+00:00",,"False","False","50","10062","0","0","0","0","False","0","184,5","142,5","331","378,8","100","147,34341111015445","142,40509977552907","1571667968","[20:48:45] [Server thread/INFO]: The game is running, but can't keep up with the target tick rate [20:48:45] [Server thread/INFO]: Target tick rate: 20,0 per second. Average time per tick: 184,5ms (Target: 50,0ms) [20:48:45] [Server thread/INFO]: Percentiles: P50: 142,5ms P95: 331,0ms P99: 378,8ms, sample: 100"
"without-umce","4","2026-09-27T18:48:45.9780469+00:00",,"False","False","50","10062","0","0","0","0","False","0","185,7","143,4","331","378,8","100","145,49884764912662","142,40509977552907","1571667968","[20:48:46] [Server thread/INFO]: The game is running, but can't keep up with the target tick rate [20:48:46] [Server thread/INFO]: Target tick rate: 20,0 per second. Average time per tick: 185,7ms (Target: 50,0ms) [20:48:46] [Server thread/INFO]: Percentiles: P50: 143,4ms P95: 331,0ms P99: 378,8ms, sample: 100"
"without-umce","4","2026-09-27T18:48:46.3646663+00:00",,"False","False","50","10062","0","0","0","0","False","0","188,3","145,4","331","378,8","100","100,86364382958367","142,40509977552907","1571667968","[20:48:46] [Server thread/INFO]: The game is running, but can't keep up with the target tick rate [20:48:46] [Server thread/INFO]: Target tick rate: 20,0 per second. Average time per tick: 188,3ms (Target: 50,0ms) [20:48:46] [Server thread/INFO]: Percentiles: P50: 145,4ms P95: 331,0ms P99: 378,8ms, sample: 100"
"without-umce","4","2026-09-27T18:48:46.5040780+00:00",,"False","False","50","10062","0","0","0","0","False","0","188,8","145,4","331","378,8","100","127,28042395853387","142,40509977552907","1571667968","[20:48:46] [Server thread/INFO]: The game is running, but can't keep up with the target tick rate [20:48:46] [Server thread/INFO]: Target tick rate: 20,0 per second. Average time per tick: 188,8ms (Target: 50,0ms) [20:48:46] [Server thread/INFO]: Percentiles: P50: 145,4ms P95: 331,0ms P99: 378,8ms, sample: 100"
"without-umce","4","2026-09-27T18:48:46.8723570+00:00",,"False","False","50","10062","0","0","0","0","False","0","189,3","147,8","331","378,8","100","152,35347523016887","142,40509977552907","1571667968","[20:48:47] [Server thread/INFO]: The game is running, but can't keep up with the target tick rate [20:48:47] [Server thread/INFO]: Target tick rate: 20,0 per second. Average time per tick: 189,3ms (Target: 50,0ms) [20:48:47] [Server thread/INFO]: Percentiles: P50: 147,8ms P95: 331,0ms P99: 378,8ms, sample: 100"
"without-umce","4","2026-09-27T18:48:47.2416204+00:00",,"False","False","50","10062","0","0","0","0","False","0","189,1","147,8","331","378,8","100","113,59109242280168","142,40509977552907","1571667968","[20:48:47] [Server thread/INFO]: The game is running, but can't keep up with the target tick rate [20:48:47] [Server thread/INFO]: Target tick rate: 20,0 per second. Average time per tick: 189,1ms (Target: 50,0ms) [20:48:47] [Server thread/INFO]: Percentiles: P50: 147,8ms P95: 331,0ms P99: 378,8ms, sample: 100"
"without-umce","4","2026-09-27T18:48:47.3791163+00:00",,"False","False","50","10062","0","0","0","0","False","0","187,7","145,4","331","378,8","100","114,38171649439255","142,40509977552907","1571667968","[20:48:47] [Server thread/INFO]: The game is running, but can't keep up with the target tick rate [20:48:47] [Server thread/INFO]: Target tick rate: 20,0 per second. Average time per tick: 187,7ms (Target: 50,0ms) [20:48:47] [Server thread/INFO]: Percentiles: P50: 145,4ms P95: 331,0ms P99: 378,8ms, sample: 100"
"without-umce","4","2026-09-27T18:48:47.6250032+00:00",,"False","False","50","10062","0","0","0","0","False","0","188,1","147,8","331","378,8","100","135,6027814842538","142,40509977552907","1571667968","[20:48:47] [Server thread/INFO]: The game is running, but can't keep up with the target tick rate [20:48:47] [Server thread/INFO]: Target tick rate: 20,0 per second. Average time per tick: 188,1ms (Target: 50,0ms) [20:48:47] [Server thread/INFO]: Percentiles: P50: 147,8ms P95: 331,0ms P99: 378,8ms, sample: 100"
"without-umce","4","2026-09-27T18:48:47.9937391+00:00",,"False","False","50","10062","0","0","0","0","False","0","189,8","147,9","331","378,8","100","132,51092091909774","142,40509977552907","1571667968","[20:48:48] [Server thread/INFO]: The game is running, but can't keep up with the target tick rate [20:48:48] [Server thread/INFO]: Target tick rate: 20,0 per second. Average time per tick: 189,8ms (Target: 50,0ms) [20:48:48] [Server thread/INFO]: Percentiles: P50: 147,9ms P95: 331,0ms P99: 378,8ms, sample: 100"
"without-umce","4","2026-09-27T18:48:48.2413556+00:00",,"False","False","50","10062","0","0","0","0","False","0","189,8","147,9","331","378,8","100","180,48508615636072","142,40509977552907","1571667968","[20:48:48] [Server thread/INFO]: The game is running, but can't keep up with the target tick rate [20:48:48] [Server thread/INFO]: Target tick rate: 20,0 per second. Average time per tick: 189,8ms (Target: 50,0ms) [20:48:48] [Server thread/INFO]: Percentiles: P50: 147,9ms P95: 331,0ms P99: 378,8ms, sample: 100"
"without-umce","4","2026-09-27T18:48:48.3798690+00:00",,"False","False","50","10062","0","0","0","0","False","0","190,5","153,1","331","378,8","100","128,57638427263953","142,40509977552907","1571667968","[20:48:48] [Server thread/INFO]: The game is running, but can't keep up with the target tick rate [20:48:48] [Server thread/INFO]: Target tick rate: 20,0 per second. Average time per tick: 190,5ms (Target: 50,0ms) [20:48:48] [Server thread/INFO]: Percentiles: P50: 153,1ms P95: 331,0ms P99: 378,8ms, sample: 100"
"without-umce","4","2026-09-27T18:48:48.7687789+00:00",,"False","False","50","10062","0","0","0","0","False","0","192,5","153,7","331","378,8","100","116,1971612775284","142,40509977552907","1571667968","[20:48:48] [Server thread/INFO]: The game is running, but can't keep up with the target tick rate [20:48:48] [Server thread/INFO]: Target tick rate: 20,0 per second. Average time per tick: 192,5ms (Target: 50,0ms) [20:48:48] [Server thread/INFO]: Percentiles: P50: 153,7ms P95: 331,0ms P99: 378,8ms, sample: 100"
"without-umce","4","2026-09-27T18:48:49.0107951+00:00",,"False","False","50","10062","0","0","0","0","False","0","192,6","153,7","331","378,8","100","125,63809073522607","142,40509977552907","1571667968","[20:48:49] [Server thread/INFO]: The game is running, but can't keep up with the target tick rate [20:48:49] [Server thread/INFO]: Target tick rate: 20,0 per second. Average time per tick: 192,6ms (Target: 50,0ms) [20:48:49] [Server thread/INFO]: Percentiles: P50: 153,7ms P95: 331,0ms P99: 378,8ms, sample: 100"
"without-umce","4","2026-09-27T18:48:49.2595036+00:00",,"False","False","50","10062","0","0","0","0","False","0","193,3","153,9","331","378,8","100","126,73809440329808","142,40509977552907","1571667968","[20:48:49] [Server thread/INFO]: The game is running, but can't keep up with the target tick rate [20:48:49] [Server thread/INFO]: Target tick rate: 20,0 per second. Average time per tick: 193,3ms (Target: 50,0ms) [20:48:49] [Server thread/INFO]: Percentiles: P50: 153,9ms P95: 331,0ms P99: 378,8ms, sample: 100"
"without-umce","4","2026-09-27T18:48:49.6417178+00:00",,"False","False","50","10062","0","0","0","0","False","0","195,2","154,3","331","378,8","100","126,77844806951921","142,40509977552907","1571667968","[20:48:49] [Server thread/INFO]: The game is running, but can't keep up with the target tick rate [20:48:49] [Server thread/INFO]: Target tick rate: 20,0 per second. Average time per tick: 195,2ms (Target: 50,0ms) [20:48:49] [Server thread/INFO]: Percentiles: P50: 154,3ms P95: 331,0ms P99: 378,8ms, sample: 100"
"without-umce","4","2026-09-27T18:48:49.7649559+00:00",,"False","False","50","10062","0","0","0","0","False","0","195,6","154,3","331","378,8","100","139,26194209133965","142,40509977552907","1571667968","[20:48:50] [Server thread/INFO]: The game is running, but can't keep up with the target tick rate [20:48:50] [Server thread/INFO]: Target tick rate: 20,0 per second. Average time per tick: 195,6ms (Target: 50,0ms) [20:48:50] [Server thread/INFO]: Percentiles: P50: 154,3ms P95: 331,0ms P99: 378,8ms, sample: 100"
"without-umce","4","2026-09-27T18:48:50.1352296+00:00",,"False","False","50","10062","0","0","0","0","False","0","195,8","154,7","331","378,8","100","147,27220238694744","142,40509977552907","1571667968","[20:48:50] [Server thread/INFO]: The game is running, but can't keep up with the target tick rate [20:48:50] [Server thread/INFO]: Target tick rate: 20,0 per second. Average time per tick: 195,8ms (Target: 50,0ms) [20:48:50] [Server thread/INFO]: Percentiles: P50: 154,7ms P95: 331,0ms P99: 378,8ms, sample: 100"
"without-umce","4","2026-09-27T18:48:50.5065658+00:00",,"False","False","50","10062","0","0","0","0","False","0","196,7","154,7","331","378,8","100","113,5079964113312","142,40509977552907","1571667968","[20:48:50] [Server thread/INFO]: The game is running, but can't keep up with the target tick rate [20:48:50] [Server thread/INFO]: Target tick rate: 20,0 per second. Average time per tick: 196,7ms (Target: 50,0ms) [20:48:50] [Server thread/INFO]: Percentiles: P50: 154,7ms P95: 331,0ms P99: 378,8ms, sample: 100"
"without-umce","4","2026-09-27T18:48:50.6441948+00:00",,"False","False","50","10062","0","0","0","0","False","0","194,2","154,3","331","343,1","100","125,85608990434132","142,40509977552907","1571667968","[20:48:50] [Server thread/INFO]: The game is running, but can't keep up with the target tick rate [20:48:50] [Server thread/INFO]: Target tick rate: 20,0 per second. Average time per tick: 194,2ms (Target: 50,0ms) [20:48:50] [Server thread/INFO]: Percentiles: P50: 154,3ms P95: 331,0ms P99: 343,1ms, sample: 100"
"without-umce","4","2026-09-27T18:48:51.0166671+00:00",,"False","False","50","10062","0","0","0","0","False","0","194,7","154,7","331","343,1","100","131,83698076643046","142,40509977552907","1571667968","[20:48:51] [Server thread/INFO]: The game is running, but can't keep up with the target tick rate [20:48:51] [Server thread/INFO]: Target tick rate: 20,0 per second. Average time per tick: 194,7ms (Target: 50,0ms) [20:48:51] [Server thread/INFO]: Percentiles: P50: 154,7ms P95: 331,0ms P99: 343,1ms, sample: 100"
"without-umce","4","2026-09-27T18:48:51.3840569+00:00",,"False","False","50","10062","0","0","0","0","False","0","196,7","157","331","343,1","100","148,42481538693116","142,40509977552907","1571667968","[20:48:51] [Server thread/INFO]: The game is running, but can't keep up with the target tick rate [20:48:51] [Server thread/INFO]: Target tick rate: 20,0 per second. Average time per tick: 196,7ms (Target: 50,0ms) [20:48:51] [Server thread/INFO]: Percentiles: P50: 157,0ms P95: 331,0ms P99: 343,1ms, sample: 100"
"without-umce","4","2026-09-27T18:48:51.5208963+00:00",,"False","False","50","10062","0","0","0","0","False","0","195,2","154,7","331","343,1","100","179,58724242879342","142,40509977552907","1571667968","[20:48:51] [Server thread/INFO]: The game is running, but can't keep up with the target tick rate [20:48:51] [Server thread/INFO]: Target tick rate: 20,0 per second. Average time per tick: 195,2ms (Target: 50,0ms) [20:48:51] [Server thread/INFO]: Percentiles: P50: 154,7ms P95: 331,0ms P99: 343,1ms, sample: 100"
"without-umce","4","2026-09-27T18:48:51.7819046+00:00",,"False","False","50","10062","0","0","0","0","False","0","195,8","157","331","343,1","100","156,64054297539136","142,40509977552907","1571667968","[20:48:52] [Server thread/INFO]: The game is running, but can't keep up with the target tick rate [20:48:52] [Server thread/INFO]: Target tick rate: 20,0 per second. Average time per tick: 195,8ms (Target: 50,0ms) [20:48:52] [Server thread/INFO]: Percentiles: P50: 157,0ms P95: 331,0ms P99: 343,1ms, sample: 100"
"without-umce","4","2026-09-27T18:48:52.1510161+00:00",,"False","False","50","10062","0","0","0","0","False","0","197,9","157","331","343,1","100","133,1236352925616","142,40509977552907","1571667968","[20:48:52] [Server thread/INFO]: The game is running, but can't keep up with the target tick rate [20:48:52] [Server thread/INFO]: Target tick rate: 20,0 per second. Average time per tick: 197,9ms (Target: 50,0ms) [20:48:52] [Server thread/INFO]: Percentiles: P50: 157,0ms P95: 331,0ms P99: 343,1ms, sample: 100"
"without-umce","4","2026-09-27T18:48:52.3974903+00:00",,"False","False","50","10062","0","0","0","0","False","0","196,4","157","331","343,1","100","149,39989528143022","142,40509977552907","1571667968","[20:48:52] [Server thread/INFO]: The game is running, but can't keep up with the target tick rate [20:48:52] [Server thread/INFO]: Target tick rate: 20,0 per second. Average time per tick: 196,4ms (Target: 50,0ms) [20:48:52] [Server thread/INFO]: Percentiles: P50: 157,0ms P95: 331,0ms P99: 343,1ms, sample: 100"
"without-umce","4","2026-09-27T18:48:52.6589302+00:00",,"False","False","50","10062","0","0","0","0","False","0","197,3","157","331","343,1","100","135,0928912229338","142,40509977552907","1571667968","[20:48:52] [Server thread/INFO]: The game is running, but can't keep up with the target tick rate [20:48:52] [Server thread/INFO]: Target tick rate: 20,0 per second. Average time per tick: 197,3ms (Target: 50,0ms) [20:48:52] [Server thread/INFO]: Percentiles: P50: 157,0ms P95: 331,0ms P99: 343,1ms, sample: 100"
"without-umce","4","2026-09-27T18:48:53.0290593+00:00",,"False","False","50","10062","0","0","0","0","False","0","199,2","158","331","343,1","100","126,9273151237653","142,40509977552907","1571667968","[20:48:53] [Server thread/INFO]: The game is running, but can't keep up with the target tick rate [20:48:53] [Server thread/INFO]: Target tick rate: 20,0 per second. Average time per tick: 199,2ms (Target: 50,0ms) [20:48:53] [Server thread/INFO]: Percentiles: P50: 158,0ms P95: 331,0ms P99: 343,1ms, sample: 100"
"without-umce","4","2026-09-27T18:48:53.2752373+00:00",,"False","False","50","10062","0","0","0","0","False","0","197,7","157","331","343,1","100","107,34736921655312","142,40509977552907","1571667968","[20:48:53] [Server thread/INFO]: The game is running, but can't keep up with the target tick rate [20:48:53] [Server thread/INFO]: Target tick rate: 20,0 per second. Average time per tick: 197,7ms (Target: 50,0ms) [20:48:53] [Server thread/INFO]: Percentiles: P50: 157,0ms P95: 331,0ms P99: 343,1ms, sample: 100"
"without-umce","4","2026-09-27T18:48:53.5372592+00:00",,"False","False","50","10062","0","0","0","0","False","0","198,3","158","331","343,1","100","154,37001693585333","142,40509977552907","1571667968","[20:48:53] [Server thread/INFO]: The game is running, but can't keep up with the target tick rate [20:48:53] [Server thread/INFO]: Target tick rate: 20,0 per second. Average time per tick: 198,3ms (Target: 50,0ms) [20:48:53] [Server thread/INFO]: Percentiles: P50: 158,0ms P95: 331,0ms P99: 343,1ms, sample: 100"
"without-umce","4","2026-09-27T18:48:53.9218849+00:00",,"False","False","50","10062","0","0","0","0","False","0","200,2","159,5","331","343,1","100","112,69274967905105","142,40509977552907","1571667968","[20:48:54] [Server thread/INFO]: The game is running, but can't keep up with the target tick rate [20:48:54] [Server thread/INFO]: Target tick rate: 20,0 per second. Average time per tick: 200,2ms (Target: 50,0ms) [20:48:54] [Server thread/INFO]: Percentiles: P50: 159,5ms P95: 331,0ms P99: 343,1ms, sample: 100"
"without-umce","4","2026-09-27T18:48:54.0466970+00:00",,"False","False","50","10062","0","0","0","0","False","0","198,7","158","331","343,1","100","140,50632963132367","142,40509977552907","1571667968","[20:48:54] [Server thread/INFO]: The game is running, but can't keep up with the target tick rate [20:48:54] [Server thread/INFO]: Target tick rate: 20,0 per second. Average time per tick: 198,7ms (Target: 50,0ms) [20:48:54] [Server thread/INFO]: Percentiles: P50: 158,0ms P95: 331,0ms P99: 343,1ms, sample: 100"
"without-umce","4","2026-09-27T18:48:54.2913152+00:00",,"False","False","50","10062","0","0","0","0","False","0","199,2","158","331","343,1","100","154,74121249534198","142,40509977552907","1571667968","[20:48:54] [Server thread/INFO]: The game is running, but can't keep up with the target tick rate [20:48:54] [Server thread/INFO]: Target tick rate: 20,0 per second. Average time per tick: 199,2ms (Target: 50,0ms) [20:48:54] [Server thread/INFO]: Percentiles: P50: 158,0ms P95: 331,0ms P99: 343,1ms, sample: 100"
"without-umce","4","2026-09-27T18:48:54.8063541+00:00",,"False","False","50","10062","0","0","0","0","False","0","201,1","159,5","331","343,1","100","81,06109060239784","142,40509977552907","1571667968","[20:48:54] [Server thread/INFO]: The game is running, but can't keep up with the target tick rate [20:48:54] [Server thread/INFO]: Target tick rate: 20,0 per second. Average time per tick: 201,1ms (Target: 50,0ms) [20:48:54] [Server thread/INFO]: Percentiles: P50: 159,5ms P95: 331,0ms P99: 343,1ms, sample: 100"
"without-umce","4","2026-09-27T18:48:54.9412376+00:00",,"False","False","50","10062","0","0","0","0","False","0","199,5","158","331","343,1","100","151,8632404699742","142,40509977552907","1571667968","[20:48:55] [Server thread/INFO]: The game is running, but can't keep up with the target tick rate [20:48:55] [Server thread/INFO]: Target tick rate: 20,0 per second. Average time per tick: 199,5ms (Target: 50,0ms) [20:48:55] [Server thread/INFO]: Percentiles: P50: 158,0ms P95: 331,0ms P99: 343,1ms, sample: 100"
"without-umce","4","2026-09-27T18:48:55.1881965+00:00",,"False","False","50","10062","0","0","0","0","False","0","200,3","159,5","331","343,1","100","152,80978482480666","142,40509977552907","1571667968","[20:48:55] [Server thread/INFO]: The game is running, but can't keep up with the target tick rate [20:48:55] [Server thread/INFO]: Target tick rate: 20,0 per second. Average time per tick: 200,3ms (Target: 50,0ms) [20:48:55] [Server thread/INFO]: Percentiles: P50: 159,5ms P95: 331,0ms P99: 343,1ms, sample: 100"
"without-umce","4","2026-09-27T18:48:55.5562780+00:00",,"False","False","50","10062","0","0","0","0","False","0","202,6","160,2","331","343,1","100","170,60612641292204","142,40509977552907","1571667968","[20:48:55] [Server thread/INFO]: The game is running, but can't keep up with the target tick rate [20:48:55] [Server thread/INFO]: Target tick rate: 20,0 per second. Average time per tick: 202,6ms (Target: 50,0ms) [20:48:55] [Server thread/INFO]: Percentiles: P50: 160,2ms P95: 331,0ms P99: 343,1ms, sample: 100"
"without-umce","4","2026-09-27T18:48:55.8035586+00:00",,"False","False","50","10062","0","0","0","0","False","0","200,8","159,5","331","343,1","100","102,39060678584873","142,40509977552907","1571667968","[20:48:55] [Server thread/INFO]: The game is running, but can't keep up with the target tick rate [20:48:55] [Server thread/INFO]: Target tick rate: 20,0 per second. Average time per tick: 200,8ms (Target: 50,0ms) [20:48:55] [Server thread/INFO]: Percentiles: P50: 159,5ms P95: 331,0ms P99: 343,1ms, sample: 100"
"without-umce","4","2026-09-27T18:48:55.9409196+00:00",,"False","False","50","10062","0","0","0","0","False","0","201,3","159,5","331","343,1","100","143,56078856961568","142,40509977552907","1571667968","[20:48:56] [Server thread/INFO]: The game is running, but can't keep up with the target tick rate [20:48:56] [Server thread/INFO]: Target tick rate: 20,0 per second. Average time per tick: 201,3ms (Target: 50,0ms) [20:48:56] [Server thread/INFO]: Percentiles: P50: 159,5ms P95: 331,0ms P99: 343,1ms, sample: 100"
"without-umce","4","2026-09-27T18:48:56.3109196+00:00",,"False","False","50","10062","0","0","0","0","False","0","203,3","160,2","331","343,1","100","107,26602377721781","142,40509977552907","1571667968","[20:48:56] [Server thread/INFO]: The game is running, but can't keep up with the target tick rate [20:48:56] [Server thread/INFO]: Target tick rate: 20,0 per second. Average time per tick: 203,3ms (Target: 50,0ms) [20:48:56] [Server thread/INFO]: Percentiles: P50: 160,2ms P95: 331,0ms P99: 343,1ms, sample: 100"
"without-umce","4","2026-09-27T18:48:56.5585832+00:00",,"False","False","50","10062","0","0","0","0","False","0","201,7","159,5","331","343,1","100","120,4133905774367","142,40509977552907","1571667968","[20:48:56] [Server thread/INFO]: The game is running, but can't keep up with the target tick rate [20:48:56] [Server thread/INFO]: Target tick rate: 20,0 per second. Average time per tick: 201,7ms (Target: 50,0ms) [20:48:56] [Server thread/INFO]: Percentiles: P50: 159,5ms P95: 331,0ms P99: 343,1ms, sample: 100"
"without-umce","4","2026-09-27T18:48:56.8051308+00:00",,"False","False","50","10062","0","0","0","0","False","0","202,1","159,5","331","343,1","100","150,61779021133518","142,40509977552907","1571667968","[20:48:57] [Server thread/INFO]: The game is running, but can't keep up with the target tick rate [20:48:57] [Server thread/INFO]: Target tick rate: 20,0 per second. Average time per tick: 202,1ms (Target: 50,0ms) [20:48:57] [Server thread/INFO]: Percentiles: P50: 159,5ms P95: 331,0ms P99: 343,1ms, sample: 100"
"without-umce","4","2026-09-27T18:48:57.1889484+00:00",,"False","False","50","10062","0","0","0","0","False","0","203,8","160,2","331","343,1","100","108,34584196700985","142,40509977552907","1571667968","[20:48:57] [Server thread/INFO]: The game is running, but can't keep up with the target tick rate [20:48:57] [Server thread/INFO]: Target tick rate: 20,0 per second. Average time per tick: 203,8ms (Target: 50,0ms) [20:48:57] [Server thread/INFO]: Percentiles: P50: 160,2ms P95: 331,0ms P99: 343,1ms, sample: 100"
"without-umce","4","2026-09-27T18:48:57.4341242+00:00",,"False","False","50","10062","0","0","0","0","False","0","202","159,5","331","343,1","100","166,14672115324842","142,40509977552907","1571667968","[20:48:57] [Server thread/INFO]: The game is running, but can't keep up with the target tick rate [20:48:57] [Server thread/INFO]: Target tick rate: 20,0 per second. Average time per tick: 202,0ms (Target: 50,0ms) [20:48:57] [Server thread/INFO]: Percentiles: P50: 159,5ms P95: 331,0ms P99: 343,1ms, sample: 100"
"without-umce","4","2026-09-27T18:48:57.6786796+00:00",,"False","False","50","10062","0","0","0","0","False","0","201,5","159,5","331","343,1","100","154,23500088969243","142,40509977552907","1571667968","[20:48:58] [Server thread/INFO]: The game is running, but can't keep up with the target tick rate [20:48:58] [Server thread/INFO]: Target tick rate: 20,0 per second. Average time per tick: 201,5ms (Target: 50,0ms) [20:48:58] [Server thread/INFO]: Percentiles: P50: 159,5ms P95: 331,0ms P99: 343,1ms, sample: 100"
"without-umce","4","2026-09-27T18:48:58.0635974+00:00",,"False","False","50","10062","0","0","0","0","False","0","203","159,5","331","343,1","100","146,14603501486164","142,40509977552907","1571667968","[20:48:58] [Server thread/INFO]: The game is running, but can't keep up with the target tick rate [20:48:58] [Server thread/INFO]: Target tick rate: 20,0 per second. Average time per tick: 203,0ms (Target: 50,0ms) [20:48:58] [Server thread/INFO]: Percentiles: P50: 159,5ms P95: 331,0ms P99: 343,1ms, sample: 100"
"without-umce","4","2026-09-27T18:48:58.3094964+00:00",,"False","False","50","10062","0","0","0","0","False","0","200,9","158,1","331","343,1","100","170,80243032374221","142,40509977552907","1571667968","[20:48:58] [Server thread/INFO]: The game is running, but can't keep up with the target tick rate [20:48:58] [Server thread/INFO]: Target tick rate: 20,0 per second. Average time per tick: 200,9ms (Target: 50,0ms) [20:48:58] [Server thread/INFO]: Percentiles: P50: 158,1ms P95: 331,0ms P99: 343,1ms, sample: 100"
"without-umce","4","2026-09-27T18:48:58.5565194+00:00",,"False","False","50","10062","0","0","0","0","False","0","201,1","158,1","331","343,1","100","133,65975908711388","142,40509977552907","1571667968","[20:48:58] [Server thread/INFO]: The game is running, but can't keep up with the target tick rate [20:48:58] [Server thread/INFO]: Target tick rate: 20,0 per second. Average time per tick: 201,1ms (Target: 50,0ms) [20:48:58] [Server thread/INFO]: Percentiles: P50: 158,1ms P95: 331,0ms P99: 343,1ms, sample: 100"
"without-umce","4","2026-09-27T18:48:58.9422853+00:00",,"False","False","50","10062","0","0","0","0","False","0","202,8","159,5","331","343,1","100","146,0481964440814","142,40509977552907","1571667968","[20:48:59] [Server thread/INFO]: The game is running, but can't keep up with the target tick rate [20:48:59] [Server thread/INFO]: Target tick rate: 20,0 per second. Average time per tick: 202,8ms (Target: 50,0ms) [20:48:59] [Server thread/INFO]: Percentiles: P50: 159,5ms P95: 331,0ms P99: 343,1ms, sample: 100"
"without-umce","4","2026-09-27T18:48:59.0813479+00:00",,"False","False","50","10062","0","0","0","0","False","0","200,7","158,1","329,8","343,1","100","120,70164910470378","142,40509977552907","1571667968","[20:48:59] [Server thread/INFO]: The game is running, but can't keep up with the target tick rate [20:48:59] [Server thread/INFO]: Target tick rate: 20,0 per second. Average time per tick: 200,7ms (Target: 50,0ms) [20:48:59] [Server thread/INFO]: Percentiles: P50: 158,1ms P95: 329,8ms P99: 343,1ms, sample: 100"
"without-umce","4","2026-09-27T18:48:59.3273916+00:00",,"False","False","50","10062","0","0","0","0","False","0","200,6","158,1","329,8","343,1","100","136,25199643237772","142,40509977552907","1571667968","[20:48:59] [Server thread/INFO]: The game is running, but can't keep up with the target tick rate [20:48:59] [Server thread/INFO]: Target tick rate: 20,0 per second. Average time per tick: 200,6ms (Target: 50,0ms) [20:48:59] [Server thread/INFO]: Percentiles: P50: 158,1ms P95: 329,8ms P99: 343,1ms, sample: 100"
"without-umce","4","2026-09-27T18:48:59.6942900+00:00",,"False","False","50","10062","0","0","0","0","False","0","201,7","158,1","329,8","343,1","100","120,04409940035569","142,40509977552907","1571667968","[20:48:59] [Server thread/INFO]: The game is running, but can't keep up with the target tick rate [20:48:59] [Server thread/INFO]: Target tick rate: 20,0 per second. Average time per tick: 201,7ms (Target: 50,0ms) [20:48:59] [Server thread/INFO]: Percentiles: P50: 158,1ms P95: 329,8ms P99: 343,1ms, sample: 100"
"without-umce","4","2026-09-27T18:48:59.9545985+00:00",,"False","False","50","10062","0","0","0","0","False","0","199,5","158","324,5","343,1","100","113,64798098553104","142,40509977552907","1571667968","[20:49:00] [Server thread/INFO]: The game is running, but can't keep up with the target tick rate [20:49:00] [Server thread/INFO]: Target tick rate: 20,0 per second. Average time per tick: 199,5ms (Target: 50,0ms) [20:49:00] [Server thread/INFO]: Percentiles: P50: 158,0ms P95: 324,5ms P99: 343,1ms, sample: 100"
"without-umce","4","2026-09-27T18:49:00.2020684+00:00",,"False","False","50","10062","0","0","0","0","False","0","199,2","157","324,5","343,1","100","175,80879076101698","142,40509977552907","1571667968","[20:49:00] [Server thread/INFO]: The game is running, but can't keep up with the target tick rate [20:49:00] [Server thread/INFO]: Target tick rate: 20,0 per second. Average time per tick: 199,2ms (Target: 50,0ms) [20:49:00] [Server thread/INFO]: Percentiles: P50: 157,0ms P95: 324,5ms P99: 343,1ms, sample: 100"
"without-umce","4","2026-09-27T18:49:00.4509309+00:00",,"False","False","50","10062","0","0","0","0","False","0","200,7","158","324,5","343,1","100","133,39038207070658","142,40509977552907","1571667968","[20:49:00] [Server thread/INFO]: The game is running, but can't keep up with the target tick rate [20:49:00] [Server thread/INFO]: Target tick rate: 20,0 per second. Average time per tick: 200,7ms (Target: 50,0ms) [20:49:00] [Server thread/INFO]: Percentiles: P50: 158,0ms P95: 324,5ms P99: 343,1ms, sample: 100"
"without-umce","4","2026-09-27T18:49:00.6969062+00:00",,"False","False","50","10062","0","0","0","0","False","0","198,6","157","324,5","343,1","100","137,2301935065059","142,40509977552907","1571667968","[20:49:00] [Server thread/INFO]: The game is running, but can't keep up with the target tick rate [20:49:00] [Server thread/INFO]: Target tick rate: 20,0 per second. Average time per tick: 198,6ms (Target: 50,0ms) [20:49:00] [Server thread/INFO]: Percentiles: P50: 157,0ms P95: 324,5ms P99: 343,1ms, sample: 100"
"without-umce","4","2026-09-27T18:49:00.9587602+00:00",,"False","False","50","10062","0","0","0","0","False","0","198,8","157","324,5","343,1","100","156,77736515858481","142,40509977552907","1571667968","[20:49:01] [Server thread/INFO]: The game is running, but can't keep up with the target tick rate [20:49:01] [Server thread/INFO]: Target tick rate: 20,0 per second. Average time per tick: 198,8ms (Target: 50,0ms) [20:49:01] [Server thread/INFO]: Percentiles: P50: 157,0ms P95: 324,5ms P99: 343,1ms, sample: 100"
"without-umce","4","2026-09-27T18:49:01.3275419+00:00",,"False","False","50","10062","0","0","0","0","False","0","200,3","158","324,5","343,1","100","114,33056961623953","142,40509977552907","1571667968","[20:49:01] [Server thread/INFO]: The game is running, but can't keep up with the target tick rate [20:49:01] [Server thread/INFO]: Target tick rate: 20,0 per second. Average time per tick: 200,3ms (Target: 50,0ms) [20:49:01] [Server thread/INFO]: Percentiles: P50: 158,0ms P95: 324,5ms P99: 343,1ms, sample: 100"
"without-umce","4","2026-09-27T18:49:01.4505307+00:00",,"False","False","50","10062","0","0","0","0","False","0","198,4","157","324,5","343,1","100","126,64342641591404","142,40509977552907","1571667968","[20:49:01] [Server thread/INFO]: The game is running, but can't keep up with the target tick rate [20:49:01] [Server thread/INFO]: Target tick rate: 20,0 per second. Average time per tick: 198,4ms (Target: 50,0ms) [20:49:01] [Server thread/INFO]: Percentiles: P50: 157,0ms P95: 324,5ms P99: 343,1ms, sample: 100"
"without-umce","4","2026-09-27T18:49:01.6972957+00:00",,"False","False","50","10062","0","0","0","0","False","0","198,7","157","324,5","343,1","100","170,04066206643517","142,40509977552907","1571667968","[20:49:02] [Server thread/INFO]: The game is running, but can't keep up with the target tick rate [20:49:02] [Server thread/INFO]: Target tick rate: 20,0 per second. Average time per tick: 198,7ms (Target: 50,0ms) [20:49:02] [Server thread/INFO]: Percentiles: P50: 157,0ms P95: 324,5ms P99: 343,1ms, sample: 100"
"without-umce","4","2026-09-27T18:49:02.0832201+00:00",,"False","False","50","10062","0","0","0","0","False","0","200,5","158","324,5","343,1","100","130,94295305976067","142,40509977552907","1571667968","[20:49:02] [Server thread/INFO]: The game is running, but can't keep up with the target tick rate [20:49:02] [Server thread/INFO]: Target tick rate: 20,0 per second. Average time per tick: 200,5ms (Target: 50,0ms) [20:49:02] [Server thread/INFO]: Percentiles: P50: 158,0ms P95: 324,5ms P99: 343,1ms, sample: 100"
"without-umce","4","2026-09-27T18:49:02.3457451+00:00",,"False","False","50","10062","0","0","0","0","False","0","198,6","157","324,5","343,1","100","139,57792447727812","142,40509977552907","1571667968","[20:49:02] [Server thread/INFO]: The game is running, but can't keep up with the target tick rate [20:49:02] [Server thread/INFO]: Target tick rate: 20,0 per second. Average time per tick: 198,6ms (Target: 50,0ms) [20:49:02] [Server thread/INFO]: Percentiles: P50: 157,0ms P95: 324,5ms P99: 343,1ms, sample: 100"
"without-umce","4","2026-09-27T18:49:02.5920301+00:00",,"False","False","50","10062","0","0","0","0","False","0","199,2","158","324,5","343,1","100","113,95282251856334","142,40509977552907","1571667968","[20:49:02] [Server thread/INFO]: The game is running, but can't keep up with the target tick rate [20:49:02] [Server thread/INFO]: Target tick rate: 20,0 per second. Average time per tick: 199,2ms (Target: 50,0ms) [20:49:02] [Server thread/INFO]: Percentiles: P50: 158,0ms P95: 324,5ms P99: 343,1ms, sample: 100"
"without-umce","4","2026-09-27T18:49:02.9622724+00:00",,"False","False","50","10062","0","0","0","0","False","0","200,6","158","324,5","343,1","100","186,14586687962074","142,40509977552907","1571667968","[20:49:03] [Server thread/INFO]: The game is running, but can't keep up with the target tick rate [20:49:03] [Server thread/INFO]: Target tick rate: 20,0 per second. Average time per tick: 200,6ms (Target: 50,0ms) [20:49:03] [Server thread/INFO]: Percentiles: P50: 158,0ms P95: 324,5ms P99: 343,1ms, sample: 100"
"without-umce","4","2026-09-27T18:49:03.2224466+00:00",,"False","False","50","10062","0","0","0","0","False","0","198,9","157","324,5","343,1","100","138,7236536037076","142,40509977552907","1571667968","[20:49:03] [Server thread/INFO]: The game is running, but can't keep up with the target tick rate [20:49:03] [Server thread/INFO]: Target tick rate: 20,0 per second. Average time per tick: 198,9ms (Target: 50,0ms) [20:49:03] [Server thread/INFO]: Percentiles: P50: 157,0ms P95: 324,5ms P99: 343,1ms, sample: 100"
"without-umce","4","2026-09-27T18:49:03.4702432+00:00",,"False","False","50","10062","0","0","0","0","False","0","199,2","157","324,5","343,1","100","143,09502209791174","142,40509977552907","1571667968","[20:49:03] [Server thread/INFO]: The game is running, but can't keep up with the target tick rate [20:49:03] [Server thread/INFO]: Target tick rate: 20,0 per second. Average time per tick: 199,2ms (Target: 50,0ms) [20:49:03] [Server thread/INFO]: Percentiles: P50: 157,0ms P95: 324,5ms P99: 343,1ms, sample: 100"
"without-umce","4","2026-09-27T18:49:03.8415238+00:00",,"False","False","50","10062","0","0","0","0","False","0","200,7","158","324,5","343,1","100","113,97732854162513","142,40509977552907","1571667968","[20:49:03] [Server thread/INFO]: The game is running, but can't keep up with the target tick rate [20:49:03] [Server thread/INFO]: Target tick rate: 20,0 per second. Average time per tick: 200,7ms (Target: 50,0ms) [20:49:03] [Server thread/INFO]: Percentiles: P50: 158,0ms P95: 324,5ms P99: 343,1ms, sample: 100"
"without-umce","4","2026-09-27T18:49:03.9648785+00:00",,"False","False","50","10062","0","0","0","0","False","0","198,7","157","324,5","343,1","100","113,63466727195268","142,40509977552907","1571667968","[20:49:04] [Server thread/INFO]: The game is running, but can't keep up with the target tick rate [20:49:04] [Server thread/INFO]: Target tick rate: 20,0 per second. Average time per tick: 198,7ms (Target: 50,0ms) [20:49:04] [Server thread/INFO]: Percentiles: P50: 157,0ms P95: 324,5ms P99: 343,1ms, sample: 100"
"without-umce","4","2026-09-27T18:49:04.2261262+00:00",,"False","False","50","10062","0","0","0","0","False","0","199,1","157","324,5","343,1","100","170,46441910791194","142,40509977552907","1571667968","[20:49:04] [Server thread/INFO]: The game is running, but can't keep up with the target tick rate [20:49:04] [Server thread/INFO]: Target tick rate: 20,0 per second. Average time per tick: 199,1ms (Target: 50,0ms) [20:49:04] [Server thread/INFO]: Percentiles: P50: 157,0ms P95: 324,5ms P99: 343,1ms, sample: 100"
"without-umce","4","2026-09-27T18:49:04.6111305+00:00",,"False","False","50","10062","0","0","0","0","False","0","200,7","158","324,5","343,1","100","157,977643509419","142,40509977552907","1571667968","[20:49:04] [Server thread/INFO]: The game is running, but can't keep up with the target tick rate [20:49:04] [Server thread/INFO]: Target tick rate: 20,0 per second. Average time per tick: 200,7ms (Target: 50,0ms) [20:49:04] [Server thread/INFO]: Percentiles: P50: 158,0ms P95: 324,5ms P99: 343,1ms, sample: 100"
"without-umce","4","2026-09-27T18:49:04.8583774+00:00",,"False","False","50","10062","0","0","0","0","False","0","198,9","157","324,5","343,1","100","165,49985028628927","142,40509977552907","1571667968","[20:49:05] [Server thread/INFO]: The game is running, but can't keep up with the target tick rate [20:49:05] [Server thread/INFO]: Target tick rate: 20,0 per second. Average time per tick: 198,9ms (Target: 50,0ms) [20:49:05] [Server thread/INFO]: Percentiles: P50: 157,0ms P95: 324,5ms P99: 343,1ms, sample: 100"
"without-umce","4","2026-09-27T18:49:05.1038434+00:00",,"False","False","50","10062","0","0","0","0","False","0","199,2","158","324,5","343,1","100","162,83269977217452","142,40509977552907","1571667968","[20:49:05] [Server thread/INFO]: The game is running, but can't keep up with the target tick rate [20:49:05] [Server thread/INFO]: Target tick rate: 20,0 per second. Average time per tick: 199,2ms (Target: 50,0ms) [20:49:05] [Server thread/INFO]: Percentiles: P50: 158,0ms P95: 324,5ms P99: 343,1ms, sample: 100"
"without-umce","4","2026-09-27T18:49:05.4782020+00:00",,"False","False","50","10062","0","0","0","0","False","0","200,7","158,1","324,5","343,1","100","128,0656590305383","142,40509977552907","1571667968","[20:49:05] [Server thread/INFO]: The game is running, but can't keep up with the target tick rate [20:49:05] [Server thread/INFO]: Target tick rate: 20,0 per second. Average time per tick: 200,7ms (Target: 50,0ms) [20:49:05] [Server thread/INFO]: Percentiles: P50: 158,1ms P95: 324,5ms P99: 343,1ms, sample: 100"
"without-umce","4","2026-09-27T18:49:05.6123200+00:00",,"False","False","50","10062","0","0","0","0","False","0","198,9","158","324,5","343,1","100","125,36707479499975","142,40509977552907","1571667968","[20:49:05] [Server thread/INFO]: The game is running, but can't keep up with the target tick rate [20:49:05] [Server thread/INFO]: Target tick rate: 20,0 per second. Average time per tick: 198,9ms (Target: 50,0ms) [20:49:05] [Server thread/INFO]: Percentiles: P50: 158,0ms P95: 324,5ms P99: 343,1ms, sample: 100"
"without-umce","4","2026-09-27T18:49:05.8615764+00:00",,"False","False","50","10062","0","0","0","0","False","0","199,2","158","324,5","343,1","100","144,30506348472076","142,40509977552907","1571667968","[20:49:06] [Server thread/INFO]: The game is running, but can't keep up with the target tick rate [20:49:06] [Server thread/INFO]: Target tick rate: 20,0 per second. Average time per tick: 199,2ms (Target: 50,0ms) [20:49:06] [Server thread/INFO]: Percentiles: P50: 158,0ms P95: 324,5ms P99: 343,1ms, sample: 100"
"without-umce","4","2026-09-27T18:49:06.2297003+00:00",,"False","False","50","10062","0","0","0","0","False","0","200,6","158","324,5","343,1","100","119,87234075199275","142,40509977552907","1571667968","[20:49:06] [Server thread/INFO]: The game is running, but can't keep up with the target tick rate [20:49:06] [Server thread/INFO]: Target tick rate: 20,0 per second. Average time per tick: 200,6ms (Target: 50,0ms) [20:49:06] [Server thread/INFO]: Percentiles: P50: 158,0ms P95: 324,5ms P99: 343,1ms, sample: 100"
"without-umce","4","2026-09-27T18:49:06.4773998+00:00",,"False","False","50","10062","0","0","0","0","False","0","198,9","157","324,5","343,1","100","163,39685264479675","142,40509977552907","1571667968","[20:49:06] [Server thread/INFO]: The game is running, but can't keep up with the target tick rate [20:49:06] [Server thread/INFO]: Target tick rate: 20,0 per second. Average time per tick: 198,9ms (Target: 50,0ms) [20:49:06] [Server thread/INFO]: Percentiles: P50: 157,0ms P95: 324,5ms P99: 343,1ms, sample: 100"
"without-umce","4","2026-09-27T18:49:06.7260112+00:00",,"False","False","50","10062","0","0","0","0","False","0","199,3","158","324,5","343,1","100","206,04843130400246","142,40509977552907","1571667968","[20:49:07] [Server thread/INFO]: The game is running, but can't keep up with the target tick rate [20:49:07] [Server thread/INFO]: Target tick rate: 20,0 per second. Average time per tick: 199,3ms (Target: 50,0ms) [20:49:07] [Server thread/INFO]: Percentiles: P50: 158,0ms P95: 324,5ms P99: 343,1ms, sample: 100"
"without-umce","4","2026-09-27T18:49:07.1127695+00:00",,"False","False","50","10062","0","0","0","0","False","0","200,7","158","324,5","343,1","100","127,97464259241818","142,40509977552907","1571667968","[20:49:07] [Server thread/INFO]: The game is running, but can't keep up with the target tick rate [20:49:07] [Server thread/INFO]: Target tick rate: 20,0 per second. Average time per tick: 200,7ms (Target: 50,0ms) [20:49:07] [Server thread/INFO]: Percentiles: P50: 158,0ms P95: 324,5ms P99: 343,1ms, sample: 100"
"without-umce","4","2026-09-27T18:49:07.2348160+00:00",,"False","False","50","10062","0","0","0","0","False","0","198,9","157","324,5","343,1","100","120,83808205796159","142,40509977552907","1571667968","[20:49:07] [Server thread/INFO]: The game is running, but can't keep up with the target tick rate [20:49:07] [Server thread/INFO]: Target tick rate: 20,0 per second. Average time per tick: 198,9ms (Target: 50,0ms) [20:49:07] [Server thread/INFO]: Percentiles: P50: 157,0ms P95: 324,5ms P99: 343,1ms, sample: 100"
"without-umce","4","2026-09-27T18:49:07.4805089+00:00",,"False","False","50","10062","0","0","0","0","False","0","199,5","158","324,5","343,1","100","163,51753692880055","142,40509977552907","1571667968","[20:49:07] [Server thread/INFO]: The game is running, but can't keep up with the target tick rate [20:49:07] [Server thread/INFO]: Target tick rate: 20,0 per second. Average time per tick: 199,5ms (Target: 50,0ms) [20:49:07] [Server thread/INFO]: Percentiles: P50: 158,0ms P95: 324,5ms P99: 343,1ms, sample: 100"
"without-umce","4","2026-09-27T18:49:07.8627441+00:00",,"False","False","50","10062","0","0","0","0","False","0","200,9","158,1","324,5","343,1","100","114,74042146961571","142,40509977552907","1571667968","[20:49:08] [Server thread/INFO]: The game is running, but can't keep up with the target tick rate [20:49:08] [Server thread/INFO]: Target tick rate: 20,0 per second. Average time per tick: 200,9ms (Target: 50,0ms) [20:49:08] [Server thread/INFO]: Percentiles: P50: 158,1ms P95: 324,5ms P99: 343,1ms, sample: 100"
"without-umce","4","2026-09-27T18:49:08.1078742+00:00",,"False","False","50","10062","0","0","0","0","False","0","199,3","158","324,5","343,1","100","139,8109633758318","142,40509977552907","1571667968","[20:49:08] [Server thread/INFO]: The game is running, but can't keep up with the target tick rate [20:49:08] [Server thread/INFO]: Target tick rate: 20,0 per second. Average time per tick: 199,3ms (Target: 50,0ms) [20:49:08] [Server thread/INFO]: Percentiles: P50: 158,0ms P95: 324,5ms P99: 343,1ms, sample: 100"
"without-umce","4","2026-09-27T18:49:08.3537282+00:00",,"False","False","50","10062","0","0","0","0","False","0","199,6","158","324,5","343,1","100","149,74080756561142","142,40509977552907","1571667968","[20:49:08] [Server thread/INFO]: The game is running, but can't keep up with the target tick rate [20:49:08] [Server thread/INFO]: Target tick rate: 20,0 per second. Average time per tick: 199,6ms (Target: 50,0ms) [20:49:08] [Server thread/INFO]: Percentiles: P50: 158,0ms P95: 324,5ms P99: 343,1ms, sample: 100"
"without-umce","4","2026-09-27T18:49:08.7397893+00:00",,"False","False","50","10062","0","0","0","0","False","0","201,1","158","324,5","343,1","100","177,12751399611008","142,40509977552907","1571667968","[20:49:08] [Server thread/INFO]: The game is running, but can't keep up with the target tick rate [20:49:08] [Server thread/INFO]: Target tick rate: 20,0 per second. Average time per tick: 201,1ms (Target: 50,0ms) [20:49:08] [Server thread/INFO]: Percentiles: P50: 158,0ms P95: 324,5ms P99: 343,1ms, sample: 100"
"without-umce","4","2026-09-27T18:49:08.9868019+00:00",,"False","False","50","10062","0","0","0","0","False","0","199,6","157","324,5","343,1","100","107,72728581584991","142,40509977552907","1571667968","[20:49:09] [Server thread/INFO]: The game is running, but can't keep up with the target tick rate [20:49:09] [Server thread/INFO]: Target tick rate: 20,0 per second. Average time per tick: 199,6ms (Target: 50,0ms) [20:49:09] [Server thread/INFO]: Percentiles: P50: 157,0ms P95: 324,5ms P99: 343,1ms, sample: 100"
"without-umce","4","2026-09-27T18:49:09.2333874+00:00",,"False","False","50","10062","0","0","0","0","False","0","200,2","158","324,5","343,1","100","164,49370760111418","142,40509977552907","1571667968","[20:49:09] [Server thread/INFO]: The game is running, but can't keep up with the target tick rate [20:49:09] [Server thread/INFO]: Target tick rate: 20,0 per second. Average time per tick: 200,2ms (Target: 50,0ms) [20:49:09] [Server thread/INFO]: Percentiles: P50: 158,0ms P95: 324,5ms P99: 343,1ms, sample: 100"
"without-umce","4","2026-09-27T18:49:09.6053088+00:00",,"False","False","50","10062","0","0","0","0","False","0","202,1","158,1","329,1","343,1","100","119,30419183189753","142,40509977552907","1571667968","[20:49:09] [Server thread/INFO]: The game is running, but can't keep up with the target tick rate [20:49:09] [Server thread/INFO]: Target tick rate: 20,0 per second. Average time per tick: 202,1ms (Target: 50,0ms) [20:49:09] [Server thread/INFO]: Percentiles: P50: 158,1ms P95: 329,1ms P99: 343,1ms, sample: 100"
"without-umce","4","2026-09-27T18:49:09.8526880+00:00",,"False","False","50","10062","0","0","0","0","False","0","200,4","158","329,1","343,1","100","108,33048945737305","142,40509977552907","1571667968","[20:49:10] [Server thread/INFO]: The game is running, but can't keep up with the target tick rate [20:49:10] [Server thread/INFO]: Target tick rate: 20,0 per second. Average time per tick: 200,4ms (Target: 50,0ms) [20:49:10] [Server thread/INFO]: Percentiles: P50: 158,0ms P95: 329,1ms P99: 343,1ms, sample: 100"
"without-umce","4","2026-09-27T18:49:10.1122753+00:00",,"False","False","50","10062","0","0","0","0","False","0","200,9","158,1","329,1","343,1","100","198,6274118946276","142,40509977552907","1571667968","[20:49:10] [Server thread/INFO]: The game is running, but can't keep up with the target tick rate [20:49:10] [Server thread/INFO]: Target tick rate: 20,0 per second. Average time per tick: 200,9ms (Target: 50,0ms) [20:49:10] [Server thread/INFO]: Percentiles: P50: 158,1ms P95: 329,1ms P99: 343,1ms, sample: 100"
"without-umce","4","2026-09-27T18:49:10.4820178+00:00",,"False","False","50","10062","0","0","0","0","False","0","202,7","159,5","329,1","343,1","100","126,62028379961336","142,40509977552907","1571667968","[20:49:10] [Server thread/INFO]: The game is running, but can't keep up with the target tick rate [20:49:10] [Server thread/INFO]: Target tick rate: 20,0 per second. Average time per tick: 202,7ms (Target: 50,0ms) [20:49:10] [Server thread/INFO]: Percentiles: P50: 159,5ms P95: 329,1ms P99: 343,1ms, sample: 100"
"without-umce","4","2026-09-27T18:49:10.7288457+00:00",,"False","False","50","10062","0","0","0","0","False","0","200,7","158,1","324,5","339,2","100","125,6487303782156","142,40509977552907","1571667968","[20:49:10] [Server thread/INFO]: The game is running, but can't keep up with the target tick rate [20:49:10] [Server thread/INFO]: Target tick rate: 20,0 per second. Average time per tick: 200,7ms (Target: 50,0ms) [20:49:10] [Server thread/INFO]: Percentiles: P50: 158,1ms P95: 324,5ms P99: 339,2ms, sample: 100"
"without-umce","4","2026-09-27T18:49:10.9899473+00:00",,"False","False","50","10062","0","0","0","0","False","0","201","159,5","324,5","339,2","100","131,38438458565014","142,40509977552907","1571667968","[20:49:11] [Server thread/INFO]: The game is running, but can't keep up with the target tick rate [20:49:11] [Server thread/INFO]: Target tick rate: 20,0 per second. Average time per tick: 201,0ms (Target: 50,0ms) [20:49:11] [Server thread/INFO]: Percentiles: P50: 159,5ms P95: 324,5ms P99: 339,2ms, sample: 100"
"without-umce","4","2026-09-27T18:49:11.3943024+00:00",,"False","False","50","10062","0","0","0","0","False","0","202,3","159,5","324,5","339,2","100","113,38947237711503","142,40509977552907","1571667968","[20:49:11] [Server thread/INFO]: The game is running, but can't keep up with the target tick rate [20:49:11] [Server thread/INFO]: Target tick rate: 20,0 per second. Average time per tick: 202,3ms (Target: 50,0ms) [20:49:11] [Server thread/INFO]: Percentiles: P50: 159,5ms P95: 324,5ms P99: 339,2ms, sample: 100"
"without-umce","4","2026-09-27T18:49:11.6423387+00:00",,"False","False","50","10062","0","0","0","0","False","0","200,5","158,1","324,5","339,2","100","120,0965222069847","142,40509977552907","1571667968","[20:49:11] [Server thread/INFO]: The game is running, but can't keep up with the target tick rate [20:49:11] [Server thread/INFO]: Target tick rate: 20,0 per second. Average time per tick: 200,5ms (Target: 50,0ms) [20:49:11] [Server thread/INFO]: Percentiles: P50: 158,1ms P95: 324,5ms P99: 339,2ms, sample: 100"
"without-umce","4","2026-09-27T18:49:11.8895356+00:00",,"False","False","50","10062","0","0","0","0","False","0","200,8","158,1","324,5","339,2","100","185,24815708397034","142,40509977552907","1571667968","[20:49:12] [Server thread/INFO]: The game is running, but can't keep up with the target tick rate [20:49:12] [Server thread/INFO]: Target tick rate: 20,0 per second. Average time per tick: 200,8ms (Target: 50,0ms) [20:49:12] [Server thread/INFO]: Percentiles: P50: 158,1ms P95: 324,5ms P99: 339,2ms, sample: 100"
"without-umce","4","2026-09-27T18:49:12.2606669+00:00",,"False","False","50","10062","0","0","0","0","False","0","202,3","159,5","324,5","339,2","100","137,11585621722182","142,40509977552907","1571667968","[20:49:12] [Server thread/INFO]: The game is running, but can't keep up with the target tick rate [20:49:12] [Server thread/INFO]: Target tick rate: 20,0 per second. Average time per tick: 202,3ms (Target: 50,0ms) [20:49:12] [Server thread/INFO]: Percentiles: P50: 159,5ms P95: 324,5ms P99: 339,2ms, sample: 100"
"without-umce","4","2026-09-27T18:49:12.3860395+00:00",,"False","False","50","10062","0","0","0","0","False","0","200,5","158,1","324,5","339,2","100","130,08844192812924","142,40509977552907","1571667968","[20:49:12] [Server thread/INFO]: The game is running, but can't keep up with the target tick rate [20:49:12] [Server thread/INFO]: Target tick rate: 20,0 per second. Average time per tick: 200,5ms (Target: 50,0ms) [20:49:12] [Server thread/INFO]: Percentiles: P50: 158,1ms P95: 324,5ms P99: 339,2ms, sample: 100"
"without-umce","4","2026-09-27T18:49:12.7703777+00:00",,"False","False","50","10062","0","0","0","0","False","0","200,7","158,1","324,5","339,2","100","135,1471888033257","142,40509977552907","1571667968","[20:49:13] [Server thread/INFO]: The game is running, but can't keep up with the target tick rate [20:49:13] [Server thread/INFO]: Target tick rate: 20,0 per second. Average time per tick: 200,7ms (Target: 50,0ms) [20:49:13] [Server thread/INFO]: Percentiles: P50: 158,1ms P95: 324,5ms P99: 339,2ms, sample: 100"
"without-umce","4","2026-09-27T18:49:13.1403600+00:00",,"False","False","50","10062","0","0","0","0","False","0","202,5","159,5","324,5","339,2","100","113,49750688854203","142,40509977552907","1571667968","[20:49:13] [Server thread/INFO]: The game is running, but can't keep up with the target tick rate [20:49:13] [Server thread/INFO]: Target tick rate: 20,0 per second. Average time per tick: 202,5ms (Target: 50,0ms) [20:49:13] [Server thread/INFO]: Percentiles: P50: 159,5ms P95: 324,5ms P99: 339,2ms, sample: 100"
"without-umce","4","2026-09-27T18:49:13.3888607+00:00",,"False","False","50","10062","0","0","0","0","False","0","200,4","158,1","321,2","339,2","100","121,24017622757337","142,40509977552907","1571667968","[20:49:13] [Server thread/INFO]: The game is running, but can't keep up with the target tick rate [20:49:13] [Server thread/INFO]: Target tick rate: 20,0 per second. Average time per tick: 200,4ms (Target: 50,0ms) [20:49:13] [Server thread/INFO]: Percentiles: P50: 158,1ms P95: 321,2ms P99: 339,2ms, sample: 100"
"without-umce","4","2026-09-27T18:49:13.6330482+00:00",,"False","False","50","10062","0","0","0","0","False","0","200,7","158,1","321,2","339,2","100","137,47688447490688","142,40509977552907","1571667968","[20:49:13] [Server thread/INFO]: The game is running, but can't keep up with the target tick rate [20:49:13] [Server thread/INFO]: Target tick rate: 20,0 per second. Average time per tick: 200,7ms (Target: 50,0ms) [20:49:13] [Server thread/INFO]: Percentiles: P50: 158,1ms P95: 321,2ms P99: 339,2ms, sample: 100"
"without-umce","4","2026-09-27T18:49:14.0194287+00:00",,"False","False","50","10062","0","0","0","0","False","0","202,2","158,1","321,2","339,2","100","139,47123058459036","142,40509977552907","1571667968","[20:49:14] [Server thread/INFO]: The game is running, but can't keep up with the target tick rate [20:49:14] [Server thread/INFO]: Target tick rate: 20,0 per second. Average time per tick: 202,2ms (Target: 50,0ms) [20:49:14] [Server thread/INFO]: Percentiles: P50: 158,1ms P95: 321,2ms P99: 339,2ms, sample: 100"
"without-umce","4","2026-09-27T18:49:14.2659018+00:00",,"False","False","50","10062","0","0","0","0","False","0","200,1","158","321,2","339,2","100","139,28112705275058","142,40509977552907","1571667968","[20:49:14] [Server thread/INFO]: The game is running, but can't keep up with the target tick rate [20:49:14] [Server thread/INFO]: Target tick rate: 20,0 per second. Average time per tick: 200,1ms (Target: 50,0ms) [20:49:14] [Server thread/INFO]: Percentiles: P50: 158,0ms P95: 321,2ms P99: 339,2ms, sample: 100"
"without-umce","4","2026-09-27T18:49:14.5126977+00:00",,"False","False","50","10062","0","0","0","0","False","0","200,6","158,1","321,2","339,2","100","160,13832714985875","142,40509977552907","1571667968","[20:49:14] [Server thread/INFO]: The game is running, but can't keep up with the target tick rate [20:49:14] [Server thread/INFO]: Target tick rate: 20,0 per second. Average time per tick: 200,6ms (Target: 50,0ms) [20:49:14] [Server thread/INFO]: Percentiles: P50: 158,1ms P95: 321,2ms P99: 339,2ms, sample: 100"
"without-umce","4","2026-09-27T18:49:14.8834876+00:00",,"False","False","50","10062","0","0","0","0","False","0","202,1","159,5","321,2","339,2","100","139,30347855476137","142,40509977552907","1571667968","[20:49:14] [Server thread/INFO]: The game is running, but can't keep up with the target tick rate [20:49:14] [Server thread/INFO]: Target tick rate: 20,0 per second. Average time per tick: 202,1ms (Target: 50,0ms) [20:49:14] [Server thread/INFO]: Percentiles: P50: 159,5ms P95: 321,2ms P99: 339,2ms, sample: 100"
"without-umce","4","2026-09-27T18:49:15.0068579+00:00",,"False","False","50","10062","0","0","0","0","False","0","200,2","158,1","321,2","339,2","100","184,75128234077155","142,40509977552907","1571667968","[20:49:15] [Server thread/INFO]: The game is running, but can't keep up with the target tick rate [20:49:15] [Server thread/INFO]: Target tick rate: 20,0 per second. Average time per tick: 200,2ms (Target: 50,0ms) [20:49:15] [Server thread/INFO]: Percentiles: P50: 158,1ms P95: 321,2ms P99: 339,2ms, sample: 100"
"patch-enabled","4","2026-09-27T18:50:09.6414561+00:00","d21445e0e647ac86d4605ebeff90853c91eba01be743b685b61de63f5dbb529f","True","False","50","10062","0","0","0","0","False","0","137,3","93,4","373,9","497,9","100","157,73434326385015","113,13068670047974","1570648064","[20:50:10] [Server thread/INFO]: The game is running, but can't keep up with the target tick rate [20:50:10] [Server thread/INFO]: Target tick rate: 20,0 per second. Average time per tick: 137,3ms (Target: 50,0ms) [20:50:10] [Server thread/INFO]: Percentiles: P50: 93,4ms P95: 373,9ms P99: 497,9ms, sample: 100"
"patch-enabled","4","2026-09-27T18:50:10.1444061+00:00","d21445e0e647ac86d4605ebeff90853c91eba01be743b685b61de63f5dbb529f","True","False","50","10062","0","0","0","0","False","0","138,4","94,2","373,9","497,9","100","153,14480162284983","113,13068670047974","1570648064","[20:50:11] [Server thread/INFO]: The game is running, but can't keep up with the target tick rate [20:50:11] [Server thread/INFO]: Target tick rate: 20,0 per second. Average time per tick: 138,4ms (Target: 50,0ms) [20:50:11] [Server thread/INFO]: Percentiles: P50: 94,2ms P95: 373,9ms P99: 497,9ms, sample: 100"
"patch-enabled","4","2026-09-27T18:50:11.1367060+00:00","d21445e0e647ac86d4605ebeff90853c91eba01be743b685b61de63f5dbb529f","True","False","50","10062","0","0","0","0","False","0","141,5","94,6","373,9","497,9","100","122,2611250852442","113,13068670047974","1570648064","[20:50:11] [Server thread/INFO]: The game is running, but can't keep up with the target tick rate [20:50:11] [Server thread/INFO]: Target tick rate: 20,0 per second. Average time per tick: 141,5ms (Target: 50,0ms) [20:50:11] [Server thread/INFO]: Percentiles: P50: 94,6ms P95: 373,9ms P99: 497,9ms, sample: 100"
"patch-enabled","4","2026-09-27T18:50:11.6351238+00:00","d21445e0e647ac86d4605ebeff90853c91eba01be743b685b61de63f5dbb529f","True","False","50","10062","0","0","0","0","False","0","142,9","97,3","373,9","497,9","100","108,61550683336563","113,13068670047974","1570648064","[20:50:12] [Server thread/INFO]: The game is running, but can't keep up with the target tick rate [20:50:12] [Server thread/INFO]: Target tick rate: 20,0 per second. Average time per tick: 142,9ms (Target: 50,0ms) [20:50:12] [Server thread/INFO]: Percentiles: P50: 97,3ms P95: 373,9ms P99: 497,9ms, sample: 100"
"patch-enabled","4","2026-09-27T18:50:12.6565196+00:00","d21445e0e647ac86d4605ebeff90853c91eba01be743b685b61de63f5dbb529f","True","False","50","10062","0","0","0","0","False","0","144,1","98","373,9","497,9","100","115,09492164751136","113,13068670047974","1570648064","[20:50:13] [Server thread/INFO]: The game is running, but can't keep up with the target tick rate [20:50:13] [Server thread/INFO]: Target tick rate: 20,0 per second. Average time per tick: 144,1ms (Target: 50,0ms) [20:50:13] [Server thread/INFO]: Percentiles: P50: 98,0ms P95: 373,9ms P99: 497,9ms, sample: 100"
"patch-enabled","4","2026-09-27T18:50:13.9870159+00:00","d21445e0e647ac86d4605ebeff90853c91eba01be743b685b61de63f5dbb529f","True","False","50","10062","0","0","0","0","False","0","149,1",,,,,"91,84971419760316","113,13068670047974","1570648064","[20:50:15] [Server thread/INFO]: The game is running, but can't keep up with the target tick rate [20:50:15] [Server thread/INFO]: Target tick rate: 20,0 per second. Average time per tick: 149,1ms (Target: 50,0ms)"
"patch-enabled","4","2026-09-27T18:50:15.3140851+00:00","d21445e0e647ac86d4605ebeff90853c91eba01be743b685b61de63f5dbb529f","True","False","50","10062","0","0","0","0","False","0","151,5","99,2","394,9","537,8","100","97,13715287503621","113,13068670047974","1570648064","[20:50:15] [Server thread/INFO]: Percentiles: P50: 99,2ms P95: 394,9ms P99: 537,8ms, sample: 100 [20:50:16] [Server thread/INFO]: The game is running, but can't keep up with the target tick rate [20:50:16] [Server thread/INFO]: Target tick rate: 20,0 per second. Average time per tick: 151,5ms (Target: 50,0ms) [20:50:16] [Server thread/INFO]: Percentiles: P50: 99,7ms P95: 394,9ms P99: 537,8ms, sample: 100"
"patch-enabled","4","2026-09-27T18:50:16.7454632+00:00","d21445e0e647ac86d4605ebeff90853c91eba01be743b685b61de63f5dbb529f","True","False","50","10062","0","0","0","0","False","0","153,5","102,3","394,9","537,8","100","100,53532101519384","113,13068670047974","1570648064","[20:50:18] [Server thread/INFO]: The game is running, but can't keep up with the target tick rate [20:50:18] [Server thread/INFO]: Target tick rate: 20,0 per second. Average time per tick: 153,5ms (Target: 50,0ms) [20:50:18] [Server thread/INFO]: Percentiles: P50: 102,3ms P95: 394,9ms P99: 537,8ms, sample: 100"
"patch-enabled","4","2026-09-27T18:50:18.8591527+00:00","d21445e0e647ac86d4605ebeff90853c91eba01be743b685b61de63f5dbb529f","True","False","50","10062","0","0","0","0","False","0","159","102,3","412","590,8","100","89,28229038073714","113,13068670047974","1570648064","[20:50:20] [Server thread/INFO]: The game is running, but can't keep up with the target tick rate [20:50:20] [Server thread/INFO]: Target tick rate: 20,0 per second. Average time per tick: 159,0ms (Target: 50,0ms) [20:50:20] [Server thread/INFO]: Percentiles: P50: 102,3ms P95: 412,0ms P99: 590,8ms, sample: 100"
"patch-enabled","4","2026-09-27T18:50:20.4341779+00:00","d21445e0e647ac86d4605ebeff90853c91eba01be743b685b61de63f5dbb529f","True","False","50","10062","0","0","0","0","False","0","160,7","115,8","412","590,8","100","102,50633735180044","113,13068670047974","1570648064","[20:50:21] [Server thread/INFO]: The game is running, but can't keep up with the target tick rate [20:50:21] [Server thread/INFO]: Target tick rate: 20,0 per second. Average time per tick: 160,7ms (Target: 50,0ms) [20:50:21] [Server thread/INFO]: Percentiles: P50: 115,8ms P95: 412,0ms P99: 590,8ms, sample: 100"
"patch-enabled","4","2026-09-27T18:50:21.8060457+00:00","d21445e0e647ac86d4605ebeff90853c91eba01be743b685b61de63f5dbb529f","True","False","50","10062","0","0","0","0","False","0","161,9","139,1","412","590,8","100","126,69531933845713","113,13068670047974","1570648064","[20:50:23] [Server thread/INFO]: The game is running, but can't keep up with the target tick rate [20:50:23] [Server thread/INFO]: Target tick rate: 20,0 per second. Average time per tick: 161,9ms (Target: 50,0ms) [20:50:23] [Server thread/INFO]: Percentiles: P50: 139,1ms P95: 412,0ms P99: 590,8ms, sample: 100"
"patch-enabled","4","2026-09-27T18:50:23.3229944+00:00","d21445e0e647ac86d4605ebeff90853c91eba01be743b685b61de63f5dbb529f","True","False","50","10062","0","0","0","0","False","0","165,1","141,4","412","590,8","100","137,11780450232612","113,13068670047974","1570648064","[20:50:24] [Server thread/INFO]: The game is running, but can't keep up with the target tick rate [20:50:24] [Server thread/INFO]: Target tick rate: 20,0 per second. Average time per tick: 165,1ms (Target: 50,0ms) [20:50:24] [Server thread/INFO]: Percentiles: P50: 141,4ms P95: 412,0ms P99: 590,8ms, sample: 100"
"patch-enabled","4","2026-09-27T18:50:24.5878698+00:00","d21445e0e647ac86d4605ebeff90853c91eba01be743b685b61de63f5dbb529f","True","False","50","10062","0","0","0","0","False","0","166,2","144,5","412","590,8","100","127,94819890869928","113,13068670047974","1570648064","[20:50:25] [Server thread/INFO]: The game is running, but can't keep up with the target tick rate [20:50:25] [Server thread/INFO]: Target tick rate: 20,0 per second. Average time per tick: 166,2ms (Target: 50,0ms) [20:50:25] [Server thread/INFO]: Percentiles: P50: 144,5ms P95: 412,0ms P99: 590,8ms, sample: 100"
"patch-enabled","4","2026-09-27T18:50:26.1021836+00:00","d21445e0e647ac86d4605ebeff90853c91eba01be743b685b61de63f5dbb529f","True","False","50","10062","0","0","0","0","False","0","167,1","153","412","590,8","100","129,5114077792337","113,13068670047974","1570648064","[20:50:27] [Server thread/INFO]: The game is running, but can't keep up with the target tick rate [20:50:27] [Server thread/INFO]: Target tick rate: 20,0 per second. Average time per tick: 167,1ms (Target: 50,0ms) [20:50:27] [Server thread/INFO]: Percentiles: P50: 153,0ms P95: 412,0ms P99: 590,8ms, sample: 100"
"patch-enabled","4","2026-09-27T18:50:27.3689552+00:00","d21445e0e647ac86d4605ebeff90853c91eba01be743b685b61de63f5dbb529f","True","False","50","10062","0","0","0","0","False","0","170,2","155,3","412","590,8","100","115,06789730623996","113,13068670047974","1570648064","[20:50:28] [Server thread/INFO]: The game is running, but can't keep up with the target tick rate [20:50:28] [Server thread/INFO]: Target tick rate: 20,0 per second. Average time per tick: 170,2ms (Target: 50,0ms) [20:50:28] [Server thread/INFO]: Percentiles: P50: 155,3ms P95: 412,0ms P99: 590,8ms, sample: 100"
"patch-enabled","4","2026-09-27T18:50:28.6455111+00:00","d21445e0e647ac86d4605ebeff90853c91eba01be743b685b61de63f5dbb529f","True","False","50","10062","0","0","0","0","False","0","171,9","157,5","412","590,8","100","120,32555645802245","113,13068670047974","1570648064","[20:50:29] [Server thread/INFO]: The game is running, but can't keep up with the target tick rate [20:50:29] [Server thread/INFO]: Target tick rate: 20,0 per second. Average time per tick: 171,9ms (Target: 50,0ms) [20:50:29] [Server thread/INFO]: Percentiles: P50: 157,5ms P95: 412,0ms P99: 590,8ms, sample: 100"
"patch-enabled","4","2026-09-27T18:50:30.0219013+00:00","d21445e0e647ac86d4605ebeff90853c91eba01be743b685b61de63f5dbb529f","True","False","50","10062","0","0","0","0","False","0","173,4","158,1","412","590,8","100","107,48282887397549","113,13068670047974","1570648064","[20:50:31] [Server thread/INFO]: The game is running, but can't keep up with the target tick rate [20:50:31] [Server thread/INFO]: Target tick rate: 20,0 per second. Average time per tick: 173,4ms (Target: 50,0ms) [20:50:31] [Server thread/INFO]: Percentiles: P50: 158,1ms P95: 412,0ms P99: 590,8ms, sample: 100"
"patch-enabled","4","2026-09-27T18:50:31.5336820+00:00","d21445e0e647ac86d4605ebeff90853c91eba01be743b685b61de63f5dbb529f","True","False","50","10062","0","0","0","0","False","0","176,8","159,9","412","590,8","100","94,50469667658436","113,13068670047974","1570648064","[20:50:32] [Server thread/INFO]: The game is running, but can't keep up with the target tick rate [20:50:32] [Server thread/INFO]: Target tick rate: 20,0 per second. Average time per tick: 176,8ms (Target: 50,0ms) [20:50:32] [Server thread/INFO]: Percentiles: P50: 159,9ms P95: 412,0ms P99: 590,8ms, sample: 100"
"patch-enabled","4","2026-09-27T18:50:32.4099643+00:00","d21445e0e647ac86d4605ebeff90853c91eba01be743b685b61de63f5dbb529f","True","False","50","10062","0","0","0","0","False","0","178,1","162,8","412","590,8","100","97,36195632384579","113,13068670047974","1570648064","[20:50:33] [Server thread/INFO]: The game is running, but can't keep up with the target tick rate [20:50:33] [Server thread/INFO]: Target tick rate: 20,0 per second. Average time per tick: 178,1ms (Target: 50,0ms) [20:50:33] [Server thread/INFO]: Percentiles: P50: 162,8ms P95: 412,0ms P99: 590,8ms, sample: 100"
"patch-enabled","4","2026-09-27T18:50:33.6617643+00:00","d21445e0e647ac86d4605ebeff90853c91eba01be743b685b61de63f5dbb529f","True","False","50","10062","0","0","0","0","False","0","179,4","165,5","412","590,8","100","120,51600475396538","113,13068670047974","1570648064","[20:50:35] [Server thread/INFO]: The game is running, but can't keep up with the target tick rate [20:50:35] [Server thread/INFO]: Target tick rate: 20,0 per second. Average time per tick: 179,4ms (Target: 50,0ms) [20:50:35] [Server thread/INFO]: Percentiles: P50: 165,5ms P95: 412,0ms P99: 590,8ms, sample: 100"
"patch-enabled","4","2026-09-27T18:50:35.4120484+00:00","d21445e0e647ac86d4605ebeff90853c91eba01be743b685b61de63f5dbb529f","True","False","50","10062","0","0","0","0","False","0","182,9","167,3","412,6","590,8","100","99,41716795748445","113,13068670047974","1570648064","[20:50:36] [Server thread/INFO]: The game is running, but can't keep up with the target tick rate [20:50:36] [Server thread/INFO]: Target tick rate: 20,0 per second. Average time per tick: 182,9ms (Target: 50,0ms) [20:50:36] [Server thread/INFO]: Percentiles: P50: 167,3ms P95: 412,6ms P99: 590,8ms, sample: 100"
"patch-enabled","4","2026-09-27T18:50:36.5436301+00:00","d21445e0e647ac86d4605ebeff90853c91eba01be743b685b61de63f5dbb529f","True","False","50","10062","0","0","0","0","False","0","183,9","167,9","412,6","590,8","100","113,78119110685547","113,13068670047974","1570648064","[20:50:37] [Server thread/INFO]: The game is running, but can't keep up with the target tick rate [20:50:37] [Server thread/INFO]: Target tick rate: 20,0 per second. Average time per tick: 183,9ms (Target: 50,0ms) [20:50:37] [Server thread/INFO]: Percentiles: P50: 167,9ms P95: 412,6ms P99: 590,8ms, sample: 100"
"patch-enabled","4","2026-09-27T18:50:37.2988985+00:00","d21445e0e647ac86d4605ebeff90853c91eba01be743b685b61de63f5dbb529f","True","False","50","10062","0","0","0","0","False","0","184","167,9","412,6","590,8","100","116,51141887479947","113,13068670047974","1570648064","[20:50:38] [Server thread/INFO]: The game is running, but can't keep up with the target tick rate [20:50:38] [Server thread/INFO]: Target tick rate: 20,0 per second. Average time per tick: 184,0ms (Target: 50,0ms) [20:50:38] [Server thread/INFO]: Percentiles: P50: 167,9ms P95: 412,6ms P99: 590,8ms, sample: 100"
"patch-enabled","4","2026-09-27T18:50:38.7875507+00:00","d21445e0e647ac86d4605ebeff90853c91eba01be743b685b61de63f5dbb529f","True","False","50","10062","0","0","0","0","False","0","187,7","168,6","420","590,8","100","113,4269231662686","113,13068670047974","1570648064","[20:50:40] [Server thread/INFO]: The game is running, but can't keep up with the target tick rate [20:50:40] [Server thread/INFO]: Target tick rate: 20,0 per second. Average time per tick: 187,7ms (Target: 50,0ms) [20:50:40] [Server thread/INFO]: Percentiles: P50: 168,6ms P95: 420,0ms P99: 590,8ms, sample: 100"
"diagnostics-only","4","2026-09-27T18:51:35.6880638+00:00","d21445e0e647ac86d4605ebeff90853c91eba01be743b685b61de63f5dbb529f","False","False","50","10062","0","0","0","0","False","0","117,3","80,4","313,4","386,4","100","246,56124196867844","149,88710306823648","1589678080","[20:51:36] [Server thread/INFO]: The game is running, but can't keep up with the target tick rate [20:51:36] [Server thread/INFO]: Target tick rate: 20,0 per second. Average time per tick: 117,3ms (Target: 50,0ms) [20:51:36] [Server thread/INFO]: Percentiles: P50: 80,4ms P95: 313,4ms P99: 386,4ms, sample: 100"
"diagnostics-only","4","2026-09-27T18:51:36.1924271+00:00","d21445e0e647ac86d4605ebeff90853c91eba01be743b685b61de63f5dbb529f","False","False","50","10062","0","0","0","0","False","0","118,9","80,4","313,4","386,4","100","150,77806366825516","149,88710306823648","1589678080","[20:51:37] [Server thread/INFO]: The game is running, but can't keep up with the target tick rate [20:51:37] [Server thread/INFO]: Target tick rate: 20,0 per second. Average time per tick: 118,9ms (Target: 50,0ms) [20:51:37] [Server thread/INFO]: Percentiles: P50: 80,4ms P95: 313,4ms P99: 386,4ms, sample: 100"
"diagnostics-only","4","2026-09-27T18:51:37.8198025+00:00","d21445e0e647ac86d4605ebeff90853c91eba01be743b685b61de63f5dbb529f","False","False","50","10062","0","0","0","0","False","0","121,1","80,6","313,4","386,4","100","107,33748760896043","149,88710306823648","1589678080","[20:51:38] [Server thread/INFO]: The game is running, but can't keep up with the target tick rate [20:51:38] [Server thread/INFO]: Target tick rate: 20,0 per second. Average time per tick: 121,1ms (Target: 50,0ms) [20:51:38] [Server thread/INFO]: Percentiles: P50: 80,6ms P95: 313,4ms P99: 386,4ms, sample: 100"
"diagnostics-only","4","2026-09-27T18:51:38.8387752+00:00","d21445e0e647ac86d4605ebeff90853c91eba01be743b685b61de63f5dbb529f","False","False","50","10062","0","0","0","0","False","0","121,9","81,1","313,4","386,4","100","147,53051278134936","149,88710306823648","1589678080","[20:51:39] [Server thread/INFO]: The game is running, but can't keep up with the target tick rate [20:51:39] [Server thread/INFO]: Target tick rate: 20,0 per second. Average time per tick: 121,9ms (Target: 50,0ms) [20:51:39] [Server thread/INFO]: Percentiles: P50: 81,1ms P95: 313,4ms P99: 386,4ms, sample: 100"
"diagnostics-only","4","2026-09-27T18:51:40.0991070+00:00","d21445e0e647ac86d4605ebeff90853c91eba01be743b685b61de63f5dbb529f","False","False","50","10062","0","0","0","0","False","0","123,5","81,2","313,4","386,4","100","166,6336038868358","149,88710306823648","1589678080","[20:51:41] [Server thread/INFO]: The game is running, but can't keep up with the target tick rate [20:51:41] [Server thread/INFO]: Target tick rate: 20,0 per second. Average time per tick: 123,5ms (Target: 50,0ms) [20:51:41] [Server thread/INFO]: Percentiles: P50: 81,2ms P95: 313,4ms P99: 386,4ms, sample: 100"
"diagnostics-only","4","2026-09-27T18:51:41.3462752+00:00","d21445e0e647ac86d4605ebeff90853c91eba01be743b685b61de63f5dbb529f","False","False","50","10062","0","0","0","0","False","0","125,9","81,7","313,4","386,4","100","143,2351745864896","149,88710306823648","1589678080","[20:51:42] [Server thread/INFO]: The game is running, but can't keep up with the target tick rate [20:51:42] [Server thread/INFO]: Target tick rate: 20,0 per second. Average time per tick: 125,9ms (Target: 50,0ms) [20:51:42] [Server thread/INFO]: Percentiles: P50: 81,7ms P95: 313,4ms P99: 386,4ms, sample: 100"
"diagnostics-only","4","2026-09-27T18:51:42.7207684+00:00","d21445e0e647ac86d4605ebeff90853c91eba01be743b685b61de63f5dbb529f","False","False","50","10062","0","0","0","0","False","0","126,9","82,2","313,4","386,4","100","150,33128203960504","149,88710306823648","1589678080","[20:51:43] [Server thread/INFO]: The game is running, but can't keep up with the target tick rate [20:51:43] [Server thread/INFO]: Target tick rate: 20,0 per second. Average time per tick: 126,9ms (Target: 50,0ms) [20:51:43] [Server thread/INFO]: Percentiles: P50: 82,2ms P95: 313,4ms P99: 386,4ms, sample: 100"
"diagnostics-only","4","2026-09-27T18:51:43.9679460+00:00","d21445e0e647ac86d4605ebeff90853c91eba01be743b685b61de63f5dbb529f","False","False","50","10062","0","0","0","0","False","0","128,3","82,6","313,4","386,4","100","157,1149487208478","149,88710306823648","1589678080","[20:51:45] [Server thread/INFO]: The game is running, but can't keep up with the target tick rate [20:51:45] [Server thread/INFO]: Target tick rate: 20,0 per second. Average time per tick: 128,3ms (Target: 50,0ms) [20:51:45] [Server thread/INFO]: Percentiles: P50: 82,6ms P95: 313,4ms P99: 386,4ms, sample: 100"
"diagnostics-only","4","2026-09-27T18:51:45.2310015+00:00","d21445e0e647ac86d4605ebeff90853c91eba01be743b685b61de63f5dbb529f","False","False","50","10062","0","0","0","0","False","0","130,7","83,5","314,4","386,4","100","102,80261101186679","149,88710306823648","1589678080","[20:51:46] [Server thread/INFO]: The game is running, but can't keep up with the target tick rate [20:51:46] [Server thread/INFO]: Target tick rate: 20,0 per second. Average time per tick: 130,7ms (Target: 50,0ms) [20:51:46] [Server thread/INFO]: Percentiles: P50: 83,5ms P95: 314,4ms P99: 386,4ms, sample: 100"
"diagnostics-only","4","2026-09-27T18:51:46.2341424+00:00","d21445e0e647ac86d4605ebeff90853c91eba01be743b685b61de63f5dbb529f","False","False","50","10062","0","0","0","0","False","0","131,7",,,,,"132,51829282514157","149,88710306823648","1589678080","[20:51:47] [Server thread/INFO]: The game is running, but can't keep up with the target tick rate [20:51:47] [Server thread/INFO]: Target tick rate: 20,0 per second. Average time per tick: 131,7ms (Target: 50,0ms)"
"diagnostics-only","4","2026-09-27T18:51:47.9791333+00:00","d21445e0e647ac86d4605ebeff90853c91eba01be743b685b61de63f5dbb529f","False","False","50","10062","0","0","0","0","False","0","133,6","83,6","314,4","386,4","100","143,35095131614582","149,88710306823648","1589678080","[20:51:47] [Server thread/INFO]: Percentiles: P50: 83,6ms P95: 314,4ms P99: 386,4ms, sample: 100 [20:51:49] [Server thread/INFO]: The game is running, but can't keep up with the target tick rate [20:51:49] [Server thread/INFO]: Target tick rate: 20,0 per second. Average time per tick: 133,6ms (Target: 50,0ms) [20:51:49] [Server thread/INFO]: Percentiles: P50: 83,8ms P95: 314,4ms P99: 386,4ms, sample: 100"
"diagnostics-only","4","2026-09-27T18:51:49.6359239+00:00","d21445e0e647ac86d4605ebeff90853c91eba01be743b685b61de63f5dbb529f","False","False","50","10062","0","0","0","0","False","0","136,1","84,4","315,1","386,4","100","129,46419810693362","149,88710306823648","1589678080","[20:51:50] [Server thread/INFO]: The game is running, but can't keep up with the target tick rate [20:51:50] [Server thread/INFO]: Target tick rate: 20,0 per second. Average time per tick: 136,1ms (Target: 50,0ms) [20:51:50] [Server thread/INFO]: Percentiles: P50: 84,4ms P95: 315,1ms P99: 386,4ms, sample: 100"
"diagnostics-only","4","2026-09-27T18:51:50.7824754+00:00","d21445e0e647ac86d4605ebeff90853c91eba01be743b685b61de63f5dbb529f","False","False","50","10062","0","0","0","0","False","0","136,9","86,4","315,1","386,4","100","142,77569415438435","149,88710306823648","1589678080","[20:51:51] [Server thread/INFO]: The game is running, but can't keep up with the target tick rate [20:51:51] [Server thread/INFO]: Target tick rate: 20,0 per second. Average time per tick: 136,9ms (Target: 50,0ms) [20:51:51] [Server thread/INFO]: Percentiles: P50: 86,4ms P95: 315,1ms P99: 386,4ms, sample: 100"
"diagnostics-only","4","2026-09-27T18:51:52.0300642+00:00","d21445e0e647ac86d4605ebeff90853c91eba01be743b685b61de63f5dbb529f","False","False","50","10062","0","0","0","0","False","0","138,5","88,4","315,1","386,4","100","128,07893153094497","149,88710306823648","1589678080","[20:51:53] [Server thread/INFO]: The game is running, but can't keep up with the target tick rate [20:51:53] [Server thread/INFO]: Target tick rate: 20,0 per second. Average time per tick: 138,5ms (Target: 50,0ms) [20:51:53] [Server thread/INFO]: Percentiles: P50: 88,4ms P95: 315,1ms P99: 386,4ms, sample: 100"
"diagnostics-only","4","2026-09-27T18:51:53.7746145+00:00","d21445e0e647ac86d4605ebeff90853c91eba01be743b685b61de63f5dbb529f","False","False","50","10062","0","0","0","0","False","0","141,3","89,6","318,9","386,4","100","134,99005141590393","149,88710306823648","1589678080","[20:51:55] [Server thread/INFO]: The game is running, but can't keep up with the target tick rate [20:51:55] [Server thread/INFO]: Target tick rate: 20,0 per second. Average time per tick: 141,3ms (Target: 50,0ms) [20:51:55] [Server thread/INFO]: Percentiles: P50: 89,6ms P95: 318,9ms P99: 386,4ms, sample: 100"
"diagnostics-only","4","2026-09-27T18:51:55.3140479+00:00","d21445e0e647ac86d4605ebeff90853c91eba01be743b685b61de63f5dbb529f","False","False","50","10062","0","0","0","0","False","0","142,8","90,6","318,9","386,4","100","139,0294747504076","149,88710306823648","1589678080","[20:51:56] [Server thread/INFO]: The game is running, but can't keep up with the target tick rate [20:51:56] [Server thread/INFO]: Target tick rate: 20,0 per second. Average time per tick: 142,8ms (Target: 50,0ms) [20:51:56] [Server thread/INFO]: Percentiles: P50: 90,6ms P95: 318,9ms P99: 386,4ms, sample: 100"
"diagnostics-only","4","2026-09-27T18:51:56.8088144+00:00","d21445e0e647ac86d4605ebeff90853c91eba01be743b685b61de63f5dbb529f","False","False","50","10062","0","0","0","0","False","0","145,1","93,4","318,9","386,4","100","138,97007300761487","149,88710306823648","1589678080","[20:51:58] [Server thread/INFO]: The game is running, but can't keep up with the target tick rate [20:51:58] [Server thread/INFO]: Target tick rate: 20,0 per second. Average time per tick: 145,1ms (Target: 50,0ms) [20:51:58] [Server thread/INFO]: Percentiles: P50: 93,4ms P95: 318,9ms P99: 386,4ms, sample: 100"
"diagnostics-only","4","2026-09-27T18:51:58.0568206+00:00","d21445e0e647ac86d4605ebeff90853c91eba01be743b685b61de63f5dbb529f","False","False","50","10062","0","0","0","0","False","0","147,6","93,6","318,9","386,4","100","140,90152833978803","149,88710306823648","1589678080","[20:51:59] [Server thread/INFO]: The game is running, but can't keep up with the target tick rate [20:51:59] [Server thread/INFO]: Target tick rate: 20,0 per second. Average time per tick: 147,6ms (Target: 50,0ms) [20:51:59] [Server thread/INFO]: Percentiles: P50: 93,6ms P95: 318,9ms P99: 386,4ms, sample: 100"
"diagnostics-only","4","2026-09-27T18:51:59.4319437+00:00","d21445e0e647ac86d4605ebeff90853c91eba01be743b685b61de63f5dbb529f","False","False","50","10062","0","0","0","0","False","0","148,7","102,6","318,9","386,4","100","193,536465921375","149,88710306823648","1589678080","[20:52:01] [Server thread/INFO]: The game is running, but can't keep up with the target tick rate [20:52:01] [Server thread/INFO]: Target tick rate: 20,0 per second. Average time per tick: 148,7ms (Target: 50,0ms) [20:52:01] [Server thread/INFO]: Percentiles: P50: 102,6ms P95: 318,9ms P99: 386,4ms, sample: 100"
"diagnostics-only","4","2026-09-27T18:52:01.0546442+00:00","d21445e0e647ac86d4605ebeff90853c91eba01be743b685b61de63f5dbb529f","False","False","50","10062","0","0","0","0","False","0","150,5","106,8","318,9","386,4","100","187,92393415593696","149,88710306823648","1589678080","[20:52:02] [Server thread/INFO]: The game is running, but can't keep up with the target tick rate [20:52:02] [Server thread/INFO]: Target tick rate: 20,0 per second. Average time per tick: 150,5ms (Target: 50,0ms) [20:52:02] [Server thread/INFO]: Percentiles: P50: 106,8ms P95: 318,9ms P99: 386,4ms, sample: 100"
"diagnostics-only","4","2026-09-27T18:52:02.4597886+00:00","d21445e0e647ac86d4605ebeff90853c91eba01be743b685b61de63f5dbb529f","False","False","50","10062","0","0","0","0","False","0","152,8","107,4","318,9","386,4","100","171,20273820787912","149,88710306823648","1589678080","[20:52:03] [Server thread/INFO]: The game is running, but can't keep up with the target tick rate [20:52:03] [Server thread/INFO]: Target tick rate: 20,0 per second. Average time per tick: 152,8ms (Target: 50,0ms) [20:52:03] [Server thread/INFO]: Percentiles: P50: 107,4ms P95: 318,9ms P99: 386,4ms, sample: 100"
"diagnostics-only","4","2026-09-27T18:52:03.4637159+00:00","d21445e0e647ac86d4605ebeff90853c91eba01be743b685b61de63f5dbb529f","False","False","50","10062","0","0","0","0","False","0","153,7","109,4","318,9","386,4","100","162,86475783399987","149,88710306823648","1589678080","[20:52:04] [Server thread/INFO]: The game is running, but can't keep up with the target tick rate [20:52:04] [Server thread/INFO]: Target tick rate: 20,0 per second. Average time per tick: 153,7ms (Target: 50,0ms) [20:52:04] [Server thread/INFO]: Percentiles: P50: 109,4ms P95: 318,9ms P99: 386,4ms, sample: 100"
"diagnostics-only","4","2026-09-27T18:52:04.8356516+00:00","d21445e0e647ac86d4605ebeff90853c91eba01be743b685b61de63f5dbb529f","False","False","50","10062","0","0","0","0","False","0","155,5","122,3","318,9","386,4","100","176,09495890893436","149,88710306823648","1589678080","[20:52:06] [Server thread/INFO]: The game is running, but can't keep up with the target tick rate [20:52:06] [Server thread/INFO]: Target tick rate: 20,0 per second. Average time per tick: 155,5ms (Target: 50,0ms) [20:52:06] [Server thread/INFO]: Percentiles: P50: 122,3ms P95: 318,9ms P99: 386,4ms, sample: 100"
