"condition","repeat","time_utc","artifact_sha256","players_observed","pigs_in_seed_world","villagers_in_seed_world","tnt_in_seed_world","hopper_rows","redstone_clock_pairs","idle_clients","save_all_interval_seconds","tick_mean_ms","tick_p50_ms","tick_p95_ms","tick_p99_ms","tick_sample_count","sample_cpu_percent_one_core","process_cpu_percent_one_core","working_set_bytes","response"
"without-umce","1","2026-09-26T21:23:15.6370308+00:00",,"0","0","500","0","0","0","True","0","15,3","14,8","19,9","25,4","100","25,295430390618108","36,95476888188572","1284374528","[23:23:15] [Server thread/INFO]: The game is running normally [23:23:15] [Server thread/INFO]: Target tick rate: 20,0 per second. Average time per tick: 15,3ms (Target: 50,0ms) [23:23:15] [Server thread/INFO]: Percentiles: P50: 14,8ms P95: 19,9ms P99: 25,4ms, sample: 100"
"without-umce","1","2026-09-26T21:23:15.7656865+00:00",,"0","0","500","0","0","0","True","0","15,3","14,8","19,9","25,4","100","38,060308639669756","36,95476888188572","1284374528","[23:23:15] [Server thread/INFO]: The game is running normally [23:23:15] [Server thread/INFO]: Target tick rate: 20,0 per second. Average time per tick: 15,3ms (Target: 50,0ms) [23:23:15] [Server thread/INFO]: Percentiles: P50: 14,8ms P95: 19,9ms P99: 25,4ms, sample: 100"
"without-umce","1","2026-09-26T21:23:15.8838482+00:00",,"0","0","500","0","0","0","True","0","15,3","14,8","19,9","25,4","100","22,78738169702918","36,95476888188572","1284374528","[23:23:15] [Server thread/INFO]: The game is running normally [23:23:15] [Server thread/INFO]: Target tick rate: 20,0 per second. Average time per tick: 15,3ms (Target: 50,0ms) [23:23:15] [Server thread/INFO]: Percentiles: P50: 14,8ms P95: 19,9ms P99: 25,4ms, sample: 100"
"without-umce","1","2026-09-26T21:23:16.0209722+00:00",,"0","0","500","0","0","0","True","0","15,2","14,8","19,9","25,4","100","38,17937914424434","36,95476888188572","1284374528","[23:23:16] [Server thread/INFO]: The game is running normally [23:23:16] [Server thread/INFO]: Target tick rate: 20,0 per second. Average time per tick: 15,2ms (Target: 50,0ms) [23:23:16] [Server thread/INFO]: Percentiles: P50: 14,8ms P95: 19,9ms P99: 25,4ms, sample: 100"
"without-umce","1","2026-09-26T21:23:16.1437285+00:00",,"0","0","500","0","0","0","True","0","15,3","14,8","19,9","25,4","100","25,198727242525454","36,95476888188572","1284374528","[23:23:16] [Server thread/INFO]: The game is running normally [23:23:16] [Server thread/INFO]: Target tick rate: 20,0 per second. Average time per tick: 15,3ms (Target: 50,0ms) [23:23:16] [Server thread/INFO]: Percentiles: P50: 14,8ms P95: 19,9ms P99: 25,4ms, sample: 100"
"without-umce","1","2026-09-26T21:23:16.2677878+00:00",,"0","0","500","0","0","0","True","0","15,3","14,9","19,9","25,4","100","51,06956000918436","36,95476888188572","1284374528","[23:23:16] [Server thread/INFO]: The game is running normally [23:23:16] [Server thread/INFO]: Target tick rate: 20,0 per second. Average time per tick: 15,3ms (Target: 50,0ms) [23:23:16] [Server thread/INFO]: Percentiles: P50: 14,9ms P95: 19,9ms P99: 25,4ms, sample: 100"
"without-umce","1","2026-09-26T21:23:16.3901233+00:00",,"0","0","500","0","0","0","True","0","15,3","14,9","19,9","25,4","100","38,06435738838312","36,95476888188572","1284374528","[23:23:16] [Server thread/INFO]: The game is running normally [23:23:16] [Server thread/INFO]: Target tick rate: 20,0 per second. Average time per tick: 15,3ms (Target: 50,0ms) [23:23:16] [Server thread/INFO]: Percentiles: P50: 14,9ms P95: 19,9ms P99: 25,4ms, sample: 100"
"without-umce","1","2026-09-26T21:23:16.5132860+00:00",,"0","0","500","0","0","0","True","0","15,4","15","20,3","25,4","100","38,16346419229013","36,95476888188572","1284374528","[23:23:16] [Server thread/INFO]: The game is running normally [23:23:16] [Server thread/INFO]: Target tick rate: 20,0 per second. Average time per tick: 15,4ms (Target: 50,0ms) [23:23:16] [Server thread/INFO]: Percentiles: P50: 15,0ms P95: 20,3ms P99: 25,4ms, sample: 100"
"without-umce","1","2026-09-26T21:23:16.6361256+00:00",,"0","0","500","0","0","0","True","0","15,5","15","20,3","25,4","100","25,571826965880224","36,95476888188572","1284374528","[23:23:16] [Server thread/INFO]: The game is running normally [23:23:16] [Server thread/INFO]: Target tick rate: 20,0 per second. Average time per tick: 15,5ms (Target: 50,0ms) [23:23:16] [Server thread/INFO]: Percentiles: P50: 15,0ms P95: 20,3ms P99: 25,4ms, sample: 100"
"without-umce","1","2026-09-26T21:23:16.7583224+00:00",,"0","0","500","0","0","0","True","0","15,4","15","20,3","25,4","100","37,59543224521125","36,95476888188572","1284374528","[23:23:16] [Server thread/INFO]: The game is running normally [23:23:16] [Server thread/INFO]: Target tick rate: 20,0 per second. Average time per tick: 15,4ms (Target: 50,0ms) [23:23:16] [Server thread/INFO]: Percentiles: P50: 15,0ms P95: 20,3ms P99: 25,4ms, sample: 100"
"without-umce","1","2026-09-26T21:23:16.8830021+00:00",,"0","0","500","0","0","0","True","0","15,4","14,9","20,3","25,4","100","25,254014984318268","36,95476888188572","1284374528","[23:23:16] [Server thread/INFO]: The game is running normally [23:23:16] [Server thread/INFO]: Target tick rate: 20,0 per second. Average time per tick: 15,4ms (Target: 50,0ms) [23:23:16] [Server thread/INFO]: Percentiles: P50: 14,9ms P95: 20,3ms P99: 25,4ms, sample: 100"
"without-umce","1","2026-09-26T21:23:17.0067366+00:00",,"0","0","500","0","0","0","True","0","15,3","14,9","20,3","25,4","100","34,222147917066685","36,95476888188572","1284374528","[23:23:17] [Server thread/INFO]: The game is running normally [23:23:17] [Server thread/INFO]: Target tick rate: 20,0 per second. Average time per tick: 15,3ms (Target: 50,0ms) [23:23:17] [Server thread/INFO]: Percentiles: P50: 14,9ms P95: 20,3ms P99: 25,4ms, sample: 100"
"without-umce","1","2026-09-26T21:23:17.1436867+00:00",,"0","0","500","0","0","0","True","0","15,4","14,9","20,3","25,4","100","25,354763855871347","36,95476888188572","1284374528","[23:23:17] [Server thread/INFO]: The game is running normally [23:23:17] [Server thread/INFO]: Target tick rate: 20,0 per second. Average time per tick: 15,4ms (Target: 50,0ms) [23:23:17] [Server thread/INFO]: Percentiles: P50: 14,9ms P95: 20,3ms P99: 25,4ms, sample: 100"
"without-umce","1","2026-09-26T21:23:17.2670145+00:00",,"0","0","500","0","0","0","True","0","15,4","14,9","20,3","25,4","100","37,802358383292926","36,95476888188572","1284374528","[23:23:17] [Server thread/INFO]: The game is running normally [23:23:17] [Server thread/INFO]: Target tick rate: 20,0 per second. Average time per tick: 15,4ms (Target: 50,0ms) [23:23:17] [Server thread/INFO]: Percentiles: P50: 14,9ms P95: 20,3ms P99: 25,4ms, sample: 100"
"without-umce","1","2026-09-26T21:23:17.3909538+00:00",,"0","0","500","0","0","0","True","0","15,4","14,8","20,3","25,4","100","25,143863127268983","36,95476888188572","1284374528","[23:23:17] [Server thread/INFO]: The game is running normally [23:23:17] [Server thread/INFO]: Target tick rate: 20,0 per second. Average time per tick: 15,4ms (Target: 50,0ms) [23:23:17] [Server thread/INFO]: Percentiles: P50: 14,8ms P95: 20,3ms P99: 25,4ms, sample: 100"
"without-umce","1","2026-09-26T21:23:17.5152383+00:00",,"0","0","500","0","0","0","True","0","15,3","14,8","20,3","25,4","100","51,07473500384491","36,95476888188572","1284374528","[23:23:17] [Server thread/INFO]: The game is running normally [23:23:17] [Server thread/INFO]: Target tick rate: 20,0 per second. Average time per tick: 15,3ms (Target: 50,0ms) [23:23:17] [Server thread/INFO]: Percentiles: P50: 14,8ms P95: 20,3ms P99: 25,4ms, sample: 100"
"without-umce","1","2026-09-26T21:23:17.6376062+00:00",,"0","0","500","0","0","0","True","0","15,2","14,8","19,9","21,7","100","25,6782340605957","36,95476888188572","1284374528","[23:23:17] [Server thread/INFO]: The game is running normally [23:23:17] [Server thread/INFO]: Target tick rate: 20,0 per second. Average time per tick: 15,2ms (Target: 50,0ms) [23:23:17] [Server thread/INFO]: Percentiles: P50: 14,8ms P95: 19,9ms P99: 21,7ms, sample: 100"
"without-umce","1","2026-09-26T21:23:17.7593414+00:00",,"0","0","500","0","0","0","True","0","15,2","14,7","19,9","21,7","100","37,93347338708894","36,95476888188572","1284374528","[23:23:17] [Server thread/INFO]: The game is running normally [23:23:17] [Server thread/INFO]: Target tick rate: 20,0 per second. Average time per tick: 15,2ms (Target: 50,0ms) [23:23:17] [Server thread/INFO]: Percentiles: P50: 14,7ms P95: 19,9ms P99: 21,7ms, sample: 100"
"without-umce","1","2026-09-26T21:23:17.8828726+00:00",,"0","0","500","0","0","0","True","0","15,1","14,7","19,4","21,5","100","22,612941694067523","36,95476888188572","1284374528","[23:23:17] [Server thread/INFO]: The game is running normally [23:23:17] [Server thread/INFO]: Target tick rate: 20,0 per second. Average time per tick: 15,1ms (Target: 50,0ms) [23:23:17] [Server thread/INFO]: Percentiles: P50: 14,7ms P95: 19,4ms P99: 21,5ms, sample: 100"
"without-umce","1","2026-09-26T21:23:18.0210870+00:00",,"0","0","500","0","0","0","True","0","15,1","14,7","19,4","21,5","100","37,976621794165496","36,95476888188572","1284374528","[23:23:18] [Server thread/INFO]: The game is running normally [23:23:18] [Server thread/INFO]: Target tick rate: 20,0 per second. Average time per tick: 15,1ms (Target: 50,0ms) [23:23:18] [Server thread/INFO]: Percentiles: P50: 14,7ms P95: 19,4ms P99: 21,5ms, sample: 100"
"without-umce","1","2026-09-26T21:23:18.1445124+00:00",,"0","0","500","0","0","0","True","0","15","14,6","19,4","21,5","100","25,450908658521293","36,95476888188572","1284374528","[23:23:18] [Server thread/INFO]: The game is running normally [23:23:18] [Server thread/INFO]: Target tick rate: 20,0 per second. Average time per tick: 15,0ms (Target: 50,0ms) [23:23:18] [Server thread/INFO]: Percentiles: P50: 14,6ms P95: 19,4ms P99: 21,5ms, sample: 100"
"without-umce","1","2026-09-26T21:23:18.2673103+00:00",,"0","0","500","0","0","0","True","0","15","14,6","19,4","21,5","100","50,928943937418516","36,95476888188572","1284374528","[23:23:18] [Server thread/INFO]: The game is running normally [23:23:18] [Server thread/INFO]: Target tick rate: 20,0 per second. Average time per tick: 15,0ms (Target: 50,0ms) [23:23:18] [Server thread/INFO]: Percentiles: P50: 14,6ms P95: 19,4ms P99: 21,5ms, sample: 100"
"without-umce","1","2026-09-26T21:23:18.3900239+00:00",,"0","0","500","0","0","0","True","0","14,9","14,6","19,1","21,5","100","50,987193648545684","36,95476888188572","1284374528","[23:23:18] [Server thread/INFO]: The game is running normally [23:23:18] [Server thread/INFO]: Target tick rate: 20,0 per second. Average time per tick: 14,9ms (Target: 50,0ms) [23:23:18] [Server thread/INFO]: Percentiles: P50: 14,6ms P95: 19,1ms P99: 21,5ms, sample: 100"
"without-umce","1","2026-09-26T21:23:18.5126282+00:00",,"0","0","500","0","0","0","True","0","14,9","14,6","19","20,4","100","38,45951884372841","36,95476888188572","1284374528","[23:23:18] [Server thread/INFO]: The game is running normally [23:23:18] [Server thread/INFO]: Target tick rate: 20,0 per second. Average time per tick: 14,9ms (Target: 50,0ms) [23:23:18] [Server thread/INFO]: Percentiles: P50: 14,6ms P95: 19,0ms P99: 20,4ms, sample: 100"
"without-umce","1","2026-09-26T21:23:18.6344989+00:00",,"0","0","500","0","0","0","True","0","15","14,6","19","20,4","100","25,247078004180107","36,95476888188572","1284374528","[23:23:18] [Server thread/INFO]: The game is running normally [23:23:18] [Server thread/INFO]: Target tick rate: 20,0 per second. Average time per tick: 15,0ms (Target: 50,0ms) [23:23:18] [Server thread/INFO]: Percentiles: P50: 14,6ms P95: 19,0ms P99: 20,4ms, sample: 100"
"without-umce","1","2026-09-26T21:23:18.7583014+00:00",,"0","0","500","0","0","0","True","0","15","14,6","19","20,4","100","37,81550229877917","36,95476888188572","1284374528","[23:23:18] [Server thread/INFO]: The game is running normally [23:23:18] [Server thread/INFO]: Target tick rate: 20,0 per second. Average time per tick: 15,0ms (Target: 50,0ms) [23:23:18] [Server thread/INFO]: Percentiles: P50: 14,6ms P95: 19,0ms P99: 20,4ms, sample: 100"
"without-umce","1","2026-09-26T21:23:18.8822023+00:00",,"0","0","500","0","0","0","True","0","15","14,7","19","20,4","100","56,72206370296152","36,95476888188572","1284374528","[23:23:18] [Server thread/INFO]: The game is running normally [23:23:18] [Server thread/INFO]: Target tick rate: 20,0 per second. Average time per tick: 15,0ms (Target: 50,0ms) [23:23:18] [Server thread/INFO]: Percentiles: P50: 14,7ms P95: 19,0ms P99: 20,4ms, sample: 100"
"without-umce","1","2026-09-26T21:23:19.0199748+00:00",,"0","0","500","0","0","0","True","0","15","14,7","19","20,4","100","114,98957019045135","36,95476888188572","1284374528","[23:23:19] [Server thread/INFO]: The game is running normally [23:23:19] [Server thread/INFO]: Target tick rate: 20,0 per second. Average time per tick: 15,0ms (Target: 50,0ms) [23:23:19] [Server thread/INFO]: Percentiles: P50: 14,7ms P95: 19,0ms P99: 20,4ms, sample: 100"
"without-umce","1","2026-09-26T21:23:19.1422213+00:00",,"0","0","500","0","0","0","True","0","15,1","14,8","19,3","22","100","25,614817085615783","36,95476888188572","1284374528","[23:23:19] [Server thread/INFO]: The game is running normally [23:23:19] [Server thread/INFO]: Target tick rate: 20,0 per second. Average time per tick: 15,1ms (Target: 50,0ms) [23:23:19] [Server thread/INFO]: Percentiles: P50: 14,8ms P95: 19,3ms P99: 22,0ms, sample: 100"
"without-umce","1","2026-09-26T21:23:19.2642679+00:00",,"0","0","500","0","0","0","True","0","15,1","14,8","19,3","22","100","38,08486160265973","36,95476888188572","1284374528","[23:23:19] [Server thread/INFO]: The game is running normally [23:23:19] [Server thread/INFO]: Target tick rate: 20,0 per second. Average time per tick: 15,1ms (Target: 50,0ms) [23:23:19] [Server thread/INFO]: Percentiles: P50: 14,8ms P95: 19,3ms P99: 22,0ms, sample: 100"
"without-umce","1","2026-09-26T21:23:19.3873172+00:00",,"0","0","500","0","0","0","True","0","15,1","14,8","19,3","22","100","25,688598290331306","36,95476888188572","1284374528","[23:23:19] [Server thread/INFO]: The game is running normally [23:23:19] [Server thread/INFO]: Target tick rate: 20,0 per second. Average time per tick: 15,1ms (Target: 50,0ms) [23:23:19] [Server thread/INFO]: Percentiles: P50: 14,8ms P95: 19,3ms P99: 22,0ms, sample: 100"
"without-umce","1","2026-09-26T21:23:19.5089737+00:00",,"0","0","500","0","0","0","True","0","15,1","14,8","19,3","22","100","38,10783521481031","36,95476888188572","1284374528","[23:23:19] [Server thread/INFO]: The game is running normally [23:23:19] [Server thread/INFO]: Target tick rate: 20,0 per second. Average time per tick: 15,1ms (Target: 50,0ms) [23:23:19] [Server thread/INFO]: Percentiles: P50: 14,8ms P95: 19,3ms P99: 22,0ms, sample: 100"
"without-umce","1","2026-09-26T21:23:19.6319757+00:00",,"0","0","500","0","0","0","True","0","15,1","14,8","19,3","22","100","22,608001134379062","36,95476888188572","1284374528","[23:23:19] [Server thread/INFO]: The game is running normally [23:23:19] [Server thread/INFO]: Target tick rate: 20,0 per second. Average time per tick: 15,1ms (Target: 50,0ms) [23:23:19] [Server thread/INFO]: Percentiles: P50: 14,8ms P95: 19,3ms P99: 22,0ms, sample: 100"
"without-umce","1","2026-09-26T21:23:19.7702316+00:00",,"0","0","500","0","0","0","True","0","15,1","14,8","19,3","22","100","25,2490362947827","36,95476888188572","1284374528","[23:23:19] [Server thread/INFO]: The game is running normally [23:23:19] [Server thread/INFO]: Target tick rate: 20,0 per second. Average time per tick: 15,1ms (Target: 50,0ms) [23:23:19] [Server thread/INFO]: Percentiles: P50: 14,8ms P95: 19,3ms P99: 22,0ms, sample: 100"
"without-umce","1","2026-09-26T21:23:19.8939903+00:00",,"0","0","500","0","0","0","True","0","15,1","14,8","19,3","22","100","38,41945438227665","36,95476888188572","1284374528","[23:23:19] [Server thread/INFO]: The game is running normally [23:23:19] [Server thread/INFO]: Target tick rate: 20,0 per second. Average time per tick: 15,1ms (Target: 50,0ms) [23:23:19] [Server thread/INFO]: Percentiles: P50: 14,8ms P95: 19,3ms P99: 22,0ms, sample: 100"
"without-umce","1","2026-09-26T21:23:20.0159869+00:00",,"0","0","500","0","0","0","True","0","15,2","14,8","19,3","22","100","25,75698756164162","36,95476888188572","1284374528","[23:23:20] [Server thread/INFO]: The game is running normally [23:23:20] [Server thread/INFO]: Target tick rate: 20,0 per second. Average time per tick: 15,2ms (Target: 50,0ms) [23:23:20] [Server thread/INFO]: Percentiles: P50: 14,8ms P95: 19,3ms P99: 22,0ms, sample: 100"
"without-umce","1","2026-09-26T21:23:20.1372814+00:00",,"0","0","500","0","0","0","True","0","15,1","14,8","19,3","22","100","25,629438506160497","36,95476888188572","1284374528","[23:23:20] [Server thread/INFO]: The game is running normally [23:23:20] [Server thread/INFO]: Target tick rate: 20,0 per second. Average time per tick: 15,1ms (Target: 50,0ms) [23:23:20] [Server thread/INFO]: Percentiles: P50: 14,8ms P95: 19,3ms P99: 22,0ms, sample: 100"
"without-umce","1","2026-09-26T21:23:20.2592422+00:00",,"0","0","500","0","0","0","True","0","15,1","14,8","19,3","22","100","34,17053264479558","36,95476888188572","1284374528","[23:23:20] [Server thread/INFO]: The game is running normally [23:23:20] [Server thread/INFO]: Target tick rate: 20,0 per second. Average time per tick: 15,1ms (Target: 50,0ms) [23:23:20] [Server thread/INFO]: Percentiles: P50: 14,8ms P95: 19,3ms P99: 22,0ms, sample: 100"
"without-umce","1","2026-09-26T21:23:20.3963933+00:00",,"0","0","500","0","0","0","True","0","15,2","14,8","19,3","22","100","25,37304465168696","36,95476888188572","1284374528","[23:23:20] [Server thread/INFO]: The game is running normally [23:23:20] [Server thread/INFO]: Target tick rate: 20,0 per second. Average time per tick: 15,2ms (Target: 50,0ms) [23:23:20] [Server thread/INFO]: Percentiles: P50: 14,8ms P95: 19,3ms P99: 22,0ms, sample: 100"
"without-umce","1","2026-09-26T21:23:20.5195681+00:00",,"0","0","500","0","0","0","True","0","15,2","14,8","19,3","22","100","25,33685860249185","36,95476888188572","1284374528","[23:23:20] [Server thread/INFO]: The game is running normally [23:23:20] [Server thread/INFO]: Target tick rate: 20,0 per second. Average time per tick: 15,2ms (Target: 50,0ms) [23:23:20] [Server thread/INFO]: Percentiles: P50: 14,8ms P95: 19,3ms P99: 22,0ms, sample: 100"
"without-umce","1","2026-09-26T21:23:20.6429059+00:00",,"0","0","500","0","0","0","True","0","15,2","14,8","19,3","22","100","50,700395544205875","36,95476888188572","1284374528","[23:23:20] [Server thread/INFO]: The game is running normally [23:23:20] [Server thread/INFO]: Target tick rate: 20,0 per second. Average time per tick: 15,2ms (Target: 50,0ms) [23:23:20] [Server thread/INFO]: Percentiles: P50: 14,8ms P95: 19,3ms P99: 22,0ms, sample: 100"
"without-umce","1","2026-09-26T21:23:20.7662100+00:00",,"0","0","500","0","0","0","True","0","15,2","14,8","19,5","23,1","100","88,89125480723906","36,95476888188572","1284374528","[23:23:20] [Server thread/INFO]: The game is running normally [23:23:20] [Server thread/INFO]: Target tick rate: 20,0 per second. Average time per tick: 15,2ms (Target: 50,0ms) [23:23:20] [Server thread/INFO]: Percentiles: P50: 14,8ms P95: 19,5ms P99: 23,1ms, sample: 100"
"without-umce","1","2026-09-26T21:23:20.8892201+00:00",,"0","0","500","0","0","0","True","0","15,4","15,1","20,1","23,1","100","25,38495780816933","36,95476888188572","1284374528","[23:23:20] [Server thread/INFO]: The game is running normally [23:23:20] [Server thread/INFO]: Target tick rate: 20,0 per second. Average time per tick: 15,4ms (Target: 50,0ms) [23:23:20] [Server thread/INFO]: Percentiles: P50: 15,1ms P95: 20,1ms P99: 23,1ms, sample: 100"
"without-umce","1","2026-09-26T21:23:21.0123506+00:00",,"0","0","500","0","0","0","True","0","15,4","15,1","20,1","23,1","100","38,081489106053795","36,95476888188572","1284374528","[23:23:21] [Server thread/INFO]: The game is running normally [23:23:21] [Server thread/INFO]: Target tick rate: 20,0 per second. Average time per tick: 15,4ms (Target: 50,0ms) [23:23:21] [Server thread/INFO]: Percentiles: P50: 15,1ms P95: 20,1ms P99: 23,1ms, sample: 100"
"without-umce","1","2026-09-26T21:23:21.1354351+00:00",,"0","0","500","0","0","0","True","0","15,3","15","20,1","23,1","100","25,233500722283726","36,95476888188572","1284374528","[23:23:21] [Server thread/INFO]: The game is running normally [23:23:21] [Server thread/INFO]: Target tick rate: 20,0 per second. Average time per tick: 15,3ms (Target: 50,0ms) [23:23:21] [Server thread/INFO]: Percentiles: P50: 15,0ms P95: 20,1ms P99: 23,1ms, sample: 100"
"without-umce","1","2026-09-26T21:23:21.2592544+00:00",,"0","0","500","0","0","0","True","0","15,3","14,8","20,1","23,1","100","37,88037961999212","36,95476888188572","1284374528","[23:23:21] [Server thread/INFO]: The game is running normally [23:23:21] [Server thread/INFO]: Target tick rate: 20,0 per second. Average time per tick: 15,3ms (Target: 50,0ms) [23:23:21] [Server thread/INFO]: Percentiles: P50: 14,8ms P95: 20,1ms P99: 23,1ms, sample: 100"
"without-umce","1","2026-09-26T21:23:21.3830351+00:00",,"0","0","500","0","0","0","True","0","15,3","14,8","20,1","23,1","100","22,518870813741916","36,95476888188572","1284374528","[23:23:21] [Server thread/INFO]: The game is running normally [23:23:21] [Server thread/INFO]: Target tick rate: 20,0 per second. Average time per tick: 15,3ms (Target: 50,0ms) [23:23:21] [Server thread/INFO]: Percentiles: P50: 14,8ms P95: 20,1ms P99: 23,1ms, sample: 100"
"without-umce","1","2026-09-26T21:23:21.5217966+00:00",,"0","0","500","0","0","0","True","0","15,2","14,6","19,5","23,1","100","34,03800783800015","36,95476888188572","1284374528","[23:23:21] [Server thread/INFO]: The game is running normally [23:23:21] [Server thread/INFO]: Target tick rate: 20,0 per second. Average time per tick: 15,2ms (Target: 50,0ms) [23:23:21] [Server thread/INFO]: Percentiles: P50: 14,6ms P95: 19,5ms P99: 23,1ms, sample: 100"
"without-umce","1","2026-09-26T21:23:21.6594944+00:00",,"0","0","500","0","0","0","True","0","15,3","14,7","19,5","23,1","100","0","36,95476888188572","1284374528","[23:23:21] [Server thread/INFO]: The game is running normally [23:23:21] [Server thread/INFO]: Target tick rate: 20,0 per second. Average time per tick: 15,3ms (Target: 50,0ms) [23:23:21] [Server thread/INFO]: Percentiles: P50: 14,7ms P95: 19,5ms P99: 23,1ms, sample: 100"
"without-umce","1","2026-09-26T21:23:21.7841428+00:00",,"0","0","500","0","0","0","True","0","15,2","14,6","19,5","23,1","100","12,720585122492112","36,95476888188572","1284374528","[23:23:21] [Server thread/INFO]: The game is running normally [23:23:21] [Server thread/INFO]: Target tick rate: 20,0 per second. Average time per tick: 15,2ms (Target: 50,0ms) [23:23:21] [Server thread/INFO]: Percentiles: P50: 14,6ms P95: 19,5ms P99: 23,1ms, sample: 100"
"without-umce","1","2026-09-26T21:23:21.9069875+00:00",,"0","0","500","0","0","0","True","0","15,2","14,6","19,5","23,1","100","37,391445156421874","36,95476888188572","1284374528","[23:23:21] [Server thread/INFO]: The game is running normally [23:23:21] [Server thread/INFO]: Target tick rate: 20,0 per second. Average time per tick: 15,2ms (Target: 50,0ms) [23:23:21] [Server thread/INFO]: Percentiles: P50: 14,6ms P95: 19,5ms P99: 23,1ms, sample: 100"
"without-umce","1","2026-09-26T21:23:22.0323836+00:00",,"0","0","500","0","0","0","True","0","15,2","14,7","19,5","23,1","100","25,467418818018384","36,95476888188572","1284374528","[23:23:22] [Server thread/INFO]: The game is running normally [23:23:22] [Server thread/INFO]: Target tick rate: 20,0 per second. Average time per tick: 15,2ms (Target: 50,0ms) [23:23:22] [Server thread/INFO]: Percentiles: P50: 14,7ms P95: 19,5ms P99: 23,1ms, sample: 100"
"without-umce","1","2026-09-26T21:23:22.1550966+00:00",,"0","0","500","0","0","0","True","0","15,3","14,8","19,5","23,1","100","37,94019734568356","36,95476888188572","1284374528","[23:23:22] [Server thread/INFO]: The game is running normally [23:23:22] [Server thread/INFO]: Target tick rate: 20,0 per second. Average time per tick: 15,3ms (Target: 50,0ms) [23:23:22] [Server thread/INFO]: Percentiles: P50: 14,8ms P95: 19,5ms P99: 23,1ms, sample: 100"
"without-umce","1","2026-09-26T21:23:22.2786039+00:00",,"0","0","500","0","0","0","True","0","15,2","14,7","19,1","23,1","100","25,511453622218234","36,95476888188572","1284374528","[23:23:22] [Server thread/INFO]: The game is running normally [23:23:22] [Server thread/INFO]: Target tick rate: 20,0 per second. Average time per tick: 15,2ms (Target: 50,0ms) [23:23:22] [Server thread/INFO]: Percentiles: P50: 14,7ms P95: 19,1ms P99: 23,1ms, sample: 100"
"without-umce","1","2026-09-26T21:23:22.4011064+00:00",,"0","0","500","0","0","0","True","0","15,3","14,7","19,3","23,1","100","102,20910674964412","36,95476888188572","1284374528","[23:23:22] [Server thread/INFO]: The game is running normally [23:23:22] [Server thread/INFO]: Target tick rate: 20,0 per second. Average time per tick: 15,3ms (Target: 50,0ms) [23:23:22] [Server thread/INFO]: Percentiles: P50: 14,7ms P95: 19,3ms P99: 23,1ms, sample: 100"
"without-umce","1","2026-09-26T21:23:22.5234038+00:00",,"0","0","500","0","0","0","True","0","15,4","14,8","19,5","23,1","100","56,515995925784466","36,95476888188572","1284374528","[23:23:22] [Server thread/INFO]: The game is running normally [23:23:22] [Server thread/INFO]: Target tick rate: 20,0 per second. Average time per tick: 15,4ms (Target: 50,0ms) [23:23:22] [Server thread/INFO]: Percentiles: P50: 14,8ms P95: 19,5ms P99: 23,1ms, sample: 100"
"without-umce","1","2026-09-26T21:23:22.6616230+00:00",,"0","0","500","0","0","0","True","0","15,5","14,8","20,2","25,8","100","25,483617907195594","36,95476888188572","1284374528","[23:23:22] [Server thread/INFO]: The game is running normally [23:23:22] [Server thread/INFO]: Target tick rate: 20,0 per second. Average time per tick: 15,5ms (Target: 50,0ms) [23:23:22] [Server thread/INFO]: Percentiles: P50: 14,8ms P95: 20,2ms P99: 25,8ms, sample: 100"
"without-umce","1","2026-09-26T21:23:22.7842762+00:00",,"0","0","500","0","0","0","True","0","15,5","15","20,2","25,8","100","50,89647006513934","36,95476888188572","1284374528","[23:23:22] [Server thread/INFO]: The game is running normally [23:23:22] [Server thread/INFO]: Target tick rate: 20,0 per second. Average time per tick: 15,5ms (Target: 50,0ms) [23:23:22] [Server thread/INFO]: Percentiles: P50: 15,0ms P95: 20,2ms P99: 25,8ms, sample: 100"
"without-umce","1","2026-09-26T21:23:22.9070793+00:00",,"0","0","500","0","0","0","True","0","15,6","15,1","20,2","25,8","100","50,64308616536224","36,95476888188572","1284374528","[23:23:22] [Server thread/INFO]: The game is running normally [23:23:22] [Server thread/INFO]: Target tick rate: 20,0 per second. Average time per tick: 15,6ms (Target: 50,0ms) [23:23:22] [Server thread/INFO]: Percentiles: P50: 15,1ms P95: 20,2ms P99: 25,8ms, sample: 100"
"without-umce","1","2026-09-26T21:23:23.0304580+00:00",,"0","0","500","0","0","0","True","0","15,6","15,1","20,2","25,8","100","38,10287899257207","36,95476888188572","1284374528","[23:23:23] [Server thread/INFO]: The game is running normally [23:23:23] [Server thread/INFO]: Target tick rate: 20,0 per second. Average time per tick: 15,6ms (Target: 50,0ms) [23:23:23] [Server thread/INFO]: Percentiles: P50: 15,1ms P95: 20,2ms P99: 25,8ms, sample: 100"
"without-umce","1","2026-09-26T21:23:23.1534885+00:00",,"0","0","500","0","0","0","True","0","15,6","15,1","20,2","25,8","100","38,288372913641034","36,95476888188572","1284374528","[23:23:23] [Server thread/INFO]: The game is running normally [23:23:23] [Server thread/INFO]: Target tick rate: 20,0 per second. Average time per tick: 15,6ms (Target: 50,0ms) [23:23:23] [Server thread/INFO]: Percentiles: P50: 15,1ms P95: 20,2ms P99: 25,8ms, sample: 100"
"without-umce","1","2026-09-26T21:23:23.2759160+00:00",,"0","0","500","0","0","0","True","0","15,6","15,1","20,2","25,8","100","25,190338195404475","36,95476888188572","1284374528","[23:23:23] [Server thread/INFO]: The game is running normally [23:23:23] [Server thread/INFO]: Target tick rate: 20,0 per second. Average time per tick: 15,6ms (Target: 50,0ms) [23:23:23] [Server thread/INFO]: Percentiles: P50: 15,1ms P95: 20,2ms P99: 25,8ms, sample: 100"
"without-umce","1","2026-09-26T21:23:23.4000118+00:00",,"0","0","500","0","0","0","True","0","15,6","15,1","20,2","25,8","100","25,1227194600183","36,95476888188572","1284374528","[23:23:23] [Server thread/INFO]: The game is running normally [23:23:23] [Server thread/INFO]: Target tick rate: 20,0 per second. Average time per tick: 15,6ms (Target: 50,0ms) [23:23:23] [Server thread/INFO]: Percentiles: P50: 15,1ms P95: 20,2ms P99: 25,8ms, sample: 100"
"without-umce","1","2026-09-26T21:23:23.5243759+00:00",,"0","0","500","0","0","0","True","0","15,7","15,1","20,2","25,8","100","34,113188103939876","36,95476888188572","1284374528","[23:23:23] [Server thread/INFO]: The game is running normally [23:23:23] [Server thread/INFO]: Target tick rate: 20,0 per second. Average time per tick: 15,7ms (Target: 50,0ms) [23:23:23] [Server thread/INFO]: Percentiles: P50: 15,1ms P95: 20,2ms P99: 25,8ms, sample: 100"
"without-umce","1","2026-09-26T21:23:23.6617752+00:00",,"0","0","500","0","0","0","True","0","15,7","15,1","20,2","25,8","100","12,690056437249398","36,95476888188572","1284374528","[23:23:23] [Server thread/INFO]: The game is running normally [23:23:23] [Server thread/INFO]: Target tick rate: 20,0 per second. Average time per tick: 15,7ms (Target: 50,0ms) [23:23:23] [Server thread/INFO]: Percentiles: P50: 15,1ms P95: 20,2ms P99: 25,8ms, sample: 100"
"without-umce","1","2026-09-26T21:23:23.7849036+00:00",,"0","0","500","0","0","0","True","0","15,7","15,1","20,2","25,8","100","25,592748530157266","36,95476888188572","1284374528","[23:23:23] [Server thread/INFO]: The game is running normally [23:23:23] [Server thread/INFO]: Target tick rate: 20,0 per second. Average time per tick: 15,7ms (Target: 50,0ms) [23:23:23] [Server thread/INFO]: Percentiles: P50: 15,1ms P95: 20,2ms P99: 25,8ms, sample: 100"
"without-umce","1","2026-09-26T21:23:23.9069980+00:00",,"0","0","500","0","0","0","True","0","15,7","15,1","20,2","25,8","100","51,553960086511665","36,95476888188572","1284374528","[23:23:23] [Server thread/INFO]: The game is running normally [23:23:23] [Server thread/INFO]: Target tick rate: 20,0 per second. Average time per tick: 15,7ms (Target: 50,0ms) [23:23:23] [Server thread/INFO]: Percentiles: P50: 15,1ms P95: 20,2ms P99: 25,8ms, sample: 100"
"without-umce","1","2026-09-26T21:23:24.0282490+00:00",,"0","0","500","0","0","0","True","0","15,6","14,8","19,6","25,8","100","25,416277967055624","36,95476888188572","1284374528","[23:23:24] [Server thread/INFO]: The game is running normally [23:23:24] [Server thread/INFO]: Target tick rate: 20,0 per second. Average time per tick: 15,6ms (Target: 50,0ms) [23:23:24] [Server thread/INFO]: Percentiles: P50: 14,8ms P95: 19,6ms P99: 25,8ms, sample: 100"
"without-umce","1","2026-09-26T21:23:24.1512054+00:00",,"0","0","500","0","0","0","True","0","15,5","14,7","19,6","25,8","100","37,852237783922064","36,95476888188572","1284374528","[23:23:24] [Server thread/INFO]: The game is running normally [23:23:24] [Server thread/INFO]: Target tick rate: 20,0 per second. Average time per tick: 15,5ms (Target: 50,0ms) [23:23:24] [Server thread/INFO]: Percentiles: P50: 14,7ms P95: 19,6ms P99: 25,8ms, sample: 100"
"without-umce","1","2026-09-26T21:23:24.2750165+00:00",,"0","0","500","0","0","0","True","0","15,5","14,7","19,6","25,8","100","37,57984966456727","36,95476888188572","1284374528","[23:23:24] [Server thread/INFO]: The game is running normally [23:23:24] [Server thread/INFO]: Target tick rate: 20,0 per second. Average time per tick: 15,5ms (Target: 50,0ms) [23:23:24] [Server thread/INFO]: Percentiles: P50: 14,7ms P95: 19,6ms P99: 25,8ms, sample: 100"
"without-umce","1","2026-09-26T21:23:24.3997967+00:00",,"0","0","500","0","0","0","True","0","15,5","14,6","19,6","25,8","100","25,335174220872453","36,95476888188572","1284374528","[23:23:24] [Server thread/INFO]: The game is running normally [23:23:24] [Server thread/INFO]: Target tick rate: 20,0 per second. Average time per tick: 15,5ms (Target: 50,0ms) [23:23:24] [Server thread/INFO]: Percentiles: P50: 14,6ms P95: 19,6ms P99: 25,8ms, sample: 100"
"without-umce","1","2026-09-26T21:23:24.5231104+00:00",,"0","0","500","0","0","0","True","0","15,5","14,6","19,6","25,8","100","33,615765525105154","36,95476888188572","1284374528","[23:23:24] [Server thread/INFO]: The game is running normally [23:23:24] [Server thread/INFO]: Target tick rate: 20,0 per second. Average time per tick: 15,5ms (Target: 50,0ms) [23:23:24] [Server thread/INFO]: Percentiles: P50: 14,6ms P95: 19,6ms P99: 25,8ms, sample: 100"
"without-umce","1","2026-09-26T21:23:24.6625489+00:00",,"0","0","500","0","0","0","True","0","15,5","14,6","19,6","25,8","100","37,21038413817575","36,95476888188572","1284374528","[23:23:24] [Server thread/INFO]: The game is running normally [23:23:24] [Server thread/INFO]: Target tick rate: 20,0 per second. Average time per tick: 15,5ms (Target: 50,0ms) [23:23:24] [Server thread/INFO]: Percentiles: P50: 14,6ms P95: 19,6ms P99: 25,8ms, sample: 100"
"without-umce","1","2026-09-26T21:23:24.7885557+00:00",,"0","0","500","0","0","0","True","0","15,5","14,7","19,6","25,8","100","180,07920603798374","36,95476888188572","1284374528","[23:23:24] [Server thread/INFO]: The game is running normally [23:23:24] [Server thread/INFO]: Target tick rate: 20,0 per second. Average time per tick: 15,5ms (Target: 50,0ms) [23:23:24] [Server thread/INFO]: Percentiles: P50: 14,7ms P95: 19,6ms P99: 25,8ms, sample: 100"
"without-umce","1","2026-09-26T21:23:24.9273655+00:00",,"0","0","500","0","0","0","True","0","15,5","14,7","19,6","25,8","100","25,35970201335746","36,95476888188572","1284374528","[23:23:24] [Server thread/INFO]: The game is running normally [23:23:24] [Server thread/INFO]: Target tick rate: 20,0 per second. Average time per tick: 15,5ms (Target: 50,0ms) [23:23:24] [Server thread/INFO]: Percentiles: P50: 14,7ms P95: 19,6ms P99: 25,8ms, sample: 100"
"without-umce","1","2026-09-26T21:23:25.0506020+00:00",,"0","0","500","0","0","0","True","0","15,5","14,6","19,6","25,8","100","12,745529887757764","36,95476888188572","1284374528","[23:23:25] [Server thread/INFO]: The game is running normally [23:23:25] [Server thread/INFO]: Target tick rate: 20,0 per second. Average time per tick: 15,5ms (Target: 50,0ms) [23:23:25] [Server thread/INFO]: Percentiles: P50: 14,6ms P95: 19,6ms P99: 25,8ms, sample: 100"
"without-umce","1","2026-09-26T21:23:25.1731869+00:00",,"0","0","500","0","0","0","True","0","15,6","14,7","19,6","25,8","100","50,64140376350708","36,95476888188572","1284374528","[23:23:25] [Server thread/INFO]: The game is running normally [23:23:25] [Server thread/INFO]: Target tick rate: 20,0 per second. Average time per tick: 15,6ms (Target: 50,0ms) [23:23:25] [Server thread/INFO]: Percentiles: P50: 14,7ms P95: 19,6ms P99: 25,8ms, sample: 100"
"without-umce","1","2026-09-26T21:23:25.2965825+00:00",,"0","0","500","0","0","0","True","0","15,6","14,7","19,6","25,8","100","24,84704161183753","36,95476888188572","1284374528","[23:23:25] [Server thread/INFO]: The game is running normally [23:23:25] [Server thread/INFO]: Target tick rate: 20,0 per second. Average time per tick: 15,6ms (Target: 50,0ms) [23:23:25] [Server thread/INFO]: Percentiles: P50: 14,7ms P95: 19,6ms P99: 25,8ms, sample: 100"
"without-umce","1","2026-09-26T21:23:25.4223660+00:00",,"0","0","500","0","0","0","True","0","15,6","14,7","19,6","25,8","100","63,55113578589876","36,95476888188572","1284374528","[23:23:25] [Server thread/INFO]: The game is running normally [23:23:25] [Server thread/INFO]: Target tick rate: 20,0 per second. Average time per tick: 15,6ms (Target: 50,0ms) [23:23:25] [Server thread/INFO]: Percentiles: P50: 14,7ms P95: 19,6ms P99: 25,8ms, sample: 100"
"without-umce","1","2026-09-26T21:23:25.5453041+00:00",,"0","0","500","0","0","0","True","0","15,5","14,7","19,6","25,8","100","50,715494192061605","36,95476888188572","1284374528","[23:23:25] [Server thread/INFO]: The game is running normally [23:23:25] [Server thread/INFO]: Target tick rate: 20,0 per second. Average time per tick: 15,5ms (Target: 50,0ms) [23:23:25] [Server thread/INFO]: Percentiles: P50: 14,7ms P95: 19,6ms P99: 25,8ms, sample: 100"
"without-umce","1","2026-09-26T21:23:25.6685478+00:00",,"0","0","500","0","0","0","True","0","15,6","14,7","19,6","25,8","100","38,80692406592251","36,95476888188572","1284374528","[23:23:25] [Server thread/INFO]: The game is running normally [23:23:25] [Server thread/INFO]: Target tick rate: 20,0 per second. Average time per tick: 15,6ms (Target: 50,0ms) [23:23:25] [Server thread/INFO]: Percentiles: P50: 14,7ms P95: 19,6ms P99: 25,8ms, sample: 100"
"without-umce","1","2026-09-26T21:23:25.7893294+00:00",,"0","0","500","0","0","0","True","0","15,5","14,7","19,4","25,8","100","25,175929394609533","36,95476888188572","1284374528","[23:23:25] [Server thread/INFO]: The game is running normally [23:23:25] [Server thread/INFO]: Target tick rate: 20,0 per second. Average time per tick: 15,5ms (Target: 50,0ms) [23:23:25] [Server thread/INFO]: Percentiles: P50: 14,7ms P95: 19,4ms P99: 25,8ms, sample: 100"
"without-umce","1","2026-09-26T21:23:25.9134621+00:00",,"0","0","500","0","0","0","True","0","15,4","14,7","19,3","25,8","100","30,196056958620932","36,95476888188572","1284374528","[23:23:25] [Server thread/INFO]: The game is running normally [23:23:25] [Server thread/INFO]: Target tick rate: 20,0 per second. Average time per tick: 15,4ms (Target: 50,0ms) [23:23:25] [Server thread/INFO]: Percentiles: P50: 14,7ms P95: 19,3ms P99: 25,8ms, sample: 100"
"without-umce","1","2026-09-26T21:23:26.0687175+00:00",,"0","0","500","0","0","0","True","0","15,4","14,7","19,3","25,8","100","37,56506268857661","36,95476888188572","1284374528","[23:23:26] [Server thread/INFO]: The game is running normally [23:23:26] [Server thread/INFO]: Target tick rate: 20,0 per second. Average time per tick: 15,4ms (Target: 50,0ms) [23:23:26] [Server thread/INFO]: Percentiles: P50: 14,7ms P95: 19,3ms P99: 25,8ms, sample: 100"
"without-umce","1","2026-09-26T21:23:26.1934861+00:00",,"0","0","500","0","0","0","True","0","15,4","14,7","19,3","25,8","100","22,369939382833056","36,95476888188572","1284374528","[23:23:26] [Server thread/INFO]: The game is running normally [23:23:26] [Server thread/INFO]: Target tick rate: 20,0 per second. Average time per tick: 15,4ms (Target: 50,0ms) [23:23:26] [Server thread/INFO]: Percentiles: P50: 14,7ms P95: 19,3ms P99: 25,8ms, sample: 100"
"without-umce","1","2026-09-26T21:23:26.3331475+00:00",,"0","0","500","0","0","0","True","0","15,4","14,9","19,3","25,8","100","24,99556078840398","36,95476888188572","1284374528","[23:23:26] [Server thread/INFO]: The game is running normally [23:23:26] [Server thread/INFO]: Target tick rate: 20,0 per second. Average time per tick: 15,4ms (Target: 50,0ms) [23:23:26] [Server thread/INFO]: Percentiles: P50: 14,9ms P95: 19,3ms P99: 25,8ms, sample: 100"
"without-umce","1","2026-09-26T21:23:26.4581822+00:00",,"0","0","500","0","0","0","True","0","15,4","14,9","19,3","25,8","100","25,364621507088703","36,95476888188572","1284374528","[23:23:26] [Server thread/INFO]: The game is running normally [23:23:26] [Server thread/INFO]: Target tick rate: 20,0 per second. Average time per tick: 15,4ms (Target: 50,0ms) [23:23:26] [Server thread/INFO]: Percentiles: P50: 14,9ms P95: 19,3ms P99: 25,8ms, sample: 100"
"without-umce","1","2026-09-26T21:23:26.5813728+00:00",,"0","0","500","0","0","0","True","0","15,4","14,7","19,3","25,8","100","12,550966966658205","36,95476888188572","1284374528","[23:23:26] [Server thread/INFO]: The game is running normally [23:23:26] [Server thread/INFO]: Target tick rate: 20,0 per second. Average time per tick: 15,4ms (Target: 50,0ms) [23:23:26] [Server thread/INFO]: Percentiles: P50: 14,7ms P95: 19,3ms P99: 25,8ms, sample: 100"
"without-umce","1","2026-09-26T21:23:26.7059059+00:00",,"0","0","500","0","0","0","True","0","15,4","14,7","19,3","25,8","100","25,27096539939851","36,95476888188572","1284374528","[23:23:26] [Server thread/INFO]: The game is running normally [23:23:26] [Server thread/INFO]: Target tick rate: 20,0 per second. Average time per tick: 15,4ms (Target: 50,0ms) [23:23:26] [Server thread/INFO]: Percentiles: P50: 14,7ms P95: 19,3ms P99: 25,8ms, sample: 100"
"without-umce","1","2026-09-26T21:23:26.8295415+00:00",,"0","0","500","0","0","0","True","0","15,4","14,7","19,3","25,8","100","38,49147891036474","36,95476888188572","1284374528","[23:23:26] [Server thread/INFO]: The game is running normally [23:23:26] [Server thread/INFO]: Target tick rate: 20,0 per second. Average time per tick: 15,4ms (Target: 50,0ms) [23:23:26] [Server thread/INFO]: Percentiles: P50: 14,7ms P95: 19,3ms P99: 25,8ms, sample: 100"
"without-umce","1","2026-09-26T21:23:26.9513344+00:00",,"0","0","500","0","0","0","True","0","15,3","14,7","19,3","25,8","100","101,19654798335517","36,95476888188572","1284374528","[23:23:26] [Server thread/INFO]: The game is running normally [23:23:26] [Server thread/INFO]: Target tick rate: 20,0 per second. Average time per tick: 15,3ms (Target: 50,0ms) [23:23:26] [Server thread/INFO]: Percentiles: P50: 14,7ms P95: 19,3ms P99: 25,8ms, sample: 100"
"without-umce","1","2026-09-26T21:23:27.0748405+00:00",,"0","0","500","0","0","0","True","0","15,4","14,7","19,3","25,8","100","51,30116162246286","36,95476888188572","1284374528","[23:23:27] [Server thread/INFO]: The game is running normally [23:23:27] [Server thread/INFO]: Target tick rate: 20,0 per second. Average time per tick: 15,4ms (Target: 50,0ms) [23:23:27] [Server thread/INFO]: Percentiles: P50: 14,7ms P95: 19,3ms P99: 25,8ms, sample: 100"
"without-umce","1","2026-09-26T21:23:27.1966992+00:00",,"0","0","500","0","0","0","True","0","15,4","14,9","19,3","25,8","100","34,14024484837361","36,95476888188572","1284374528","[23:23:27] [Server thread/INFO]: The game is running normally [23:23:27] [Server thread/INFO]: Target tick rate: 20,0 per second. Average time per tick: 15,4ms (Target: 50,0ms) [23:23:27] [Server thread/INFO]: Percentiles: P50: 14,9ms P95: 19,3ms P99: 25,8ms, sample: 100"
"without-umce","1","2026-09-26T21:23:27.3339611+00:00",,"0","0","500","0","0","0","True","0","15,3","14,9","19,3","25,8","100","12,799487528998519","36,95476888188572","1284374528","[23:23:27] [Server thread/INFO]: The game is running normally [23:23:27] [Server thread/INFO]: Target tick rate: 20,0 per second. Average time per tick: 15,3ms (Target: 50,0ms) [23:23:27] [Server thread/INFO]: Percentiles: P50: 14,9ms P95: 19,3ms P99: 25,8ms, sample: 100"
"without-umce","1","2026-09-26T21:23:27.4560566+00:00",,"0","0","500","0","0","0","True","0","15,3","14,7","19,2","25,8","100","25,245487116723016","36,95476888188572","1284374528","[23:23:27] [Server thread/INFO]: The game is running normally [23:23:27] [Server thread/INFO]: Target tick rate: 20,0 per second. Average time per tick: 15,3ms (Target: 50,0ms) [23:23:27] [Server thread/INFO]: Percentiles: P50: 14,7ms P95: 19,2ms P99: 25,8ms, sample: 100"
"without-umce","1","2026-09-26T21:23:27.5798694+00:00",,"0","0","500","0","0","0","True","0","15,2","14,6","18,3","25,8","100","62,79655042974945","36,95476888188572","1284374528","[23:23:27] [Server thread/INFO]: The game is running normally [23:23:27] [Server thread/INFO]: Target tick rate: 20,0 per second. Average time per tick: 15,2ms (Target: 50,0ms) [23:23:27] [Server thread/INFO]: Percentiles: P50: 14,6ms P95: 18,3ms P99: 25,8ms, sample: 100"
"without-umce","1","2026-09-26T21:23:27.7042525+00:00",,"0","0","500","0","0","0","True","0","15,2","14,7","18,3","19,6","100","50,53960121424424","36,95476888188572","1284374528","[23:23:27] [Server thread/INFO]: The game is running normally [23:23:27] [Server thread/INFO]: Target tick rate: 20,0 per second. Average time per tick: 15,2ms (Target: 50,0ms) [23:23:27] [Server thread/INFO]: Percentiles: P50: 14,7ms P95: 18,3ms P99: 19,6ms, sample: 100"
"without-umce","1","2026-09-26T21:23:27.8279184+00:00",,"0","0","500","0","0","0","True","0","15,2","14,9","18,3","19,6","100","76,73237140268412","36,95476888188572","1284374528","[23:23:27] [Server thread/INFO]: The game is running normally [23:23:27] [Server thread/INFO]: Target tick rate: 20,0 per second. Average time per tick: 15,2ms (Target: 50,0ms) [23:23:27] [Server thread/INFO]: Percentiles: P50: 14,9ms P95: 18,3ms P99: 19,6ms, sample: 100"
"without-umce","1","2026-09-26T21:23:27.9500858+00:00",,"0","0","500","0","0","0","True","0","15,2","14,7","18,3","22,1","100","25,086760050960237","36,95476888188572","1284374528","[23:23:27] [Server thread/INFO]: The game is running normally [23:23:27] [Server thread/INFO]: Target tick rate: 20,0 per second. Average time per tick: 15,2ms (Target: 50,0ms) [23:23:27] [Server thread/INFO]: Percentiles: P50: 14,7ms P95: 18,3ms P99: 22,1ms, sample: 100"
"without-umce","1","2026-09-26T21:23:28.0746580+00:00",,"0","0","500","0","0","0","True","0","15,2","14,7","18,3","22,1","100","37,893761656121086","36,95476888188572","1284374528","[23:23:28] [Server thread/INFO]: The game is running normally [23:23:28] [Server thread/INFO]: Target tick rate: 20,0 per second. Average time per tick: 15,2ms (Target: 50,0ms) [23:23:28] [Server thread/INFO]: Percentiles: P50: 14,7ms P95: 18,3ms P99: 22,1ms, sample: 100"
"without-umce","1","2026-09-26T21:23:28.1983748+00:00",,"0","0","500","0","0","0","True","0","15,1","14,6","18,3","22,1","100","25,41877947561668","36,95476888188572","1284374528","[23:23:28] [Server thread/INFO]: The game is running normally [23:23:28] [Server thread/INFO]: Target tick rate: 20,0 per second. Average time per tick: 15,1ms (Target: 50,0ms) [23:23:28] [Server thread/INFO]: Percentiles: P50: 14,6ms P95: 18,3ms P99: 22,1ms, sample: 100"
"without-umce","1","2026-09-26T21:23:28.3213050+00:00",,"0","0","500","0","0","0","True","0","15,1","14,6","18,3","22,1","100","37,78066500418308","36,95476888188572","1284374528","[23:23:28] [Server thread/INFO]: The game is running normally [23:23:28] [Server thread/INFO]: Target tick rate: 20,0 per second. Average time per tick: 15,1ms (Target: 50,0ms) [23:23:28] [Server thread/INFO]: Percentiles: P50: 14,6ms P95: 18,3ms P99: 22,1ms, sample: 100"
"without-umce","1","2026-09-26T21:23:28.4453701+00:00",,"0","0","500","0","0","0","True","0","15,1","14,6","18,6","22,1","100","33,46113404512453","36,95476888188572","1284374528","[23:23:28] [Server thread/INFO]: The game is running normally [23:23:28] [Server thread/INFO]: Target tick rate: 20,0 per second. Average time per tick: 15,1ms (Target: 50,0ms) [23:23:28] [Server thread/INFO]: Percentiles: P50: 14,6ms P95: 18,6ms P99: 22,1ms, sample: 100"
"without-umce","1","2026-09-26T21:23:28.5854631+00:00",,"0","0","500","0","0","0","True","0","15,1","14,5","18,6","22,1","100","24,772135984361448","36,95476888188572","1284374528","[23:23:28] [Server thread/INFO]: The game is running normally [23:23:28] [Server thread/INFO]: Target tick rate: 20,0 per second. Average time per tick: 15,1ms (Target: 50,0ms) [23:23:28] [Server thread/INFO]: Percentiles: P50: 14,5ms P95: 18,6ms P99: 22,1ms, sample: 100"
"without-umce","1","2026-09-26T21:23:28.7116166+00:00",,"0","0","500","0","0","0","True","0","15","14,5","18,6","22,1","100","33,90464314594583","36,95476888188572","1284374528","[23:23:28] [Server thread/INFO]: The game is running normally [23:23:28] [Server thread/INFO]: Target tick rate: 20,0 per second. Average time per tick: 15,0ms (Target: 50,0ms) [23:23:28] [Server thread/INFO]: Percentiles: P50: 14,5ms P95: 18,6ms P99: 22,1ms, sample: 100"
"without-umce","1","2026-09-26T21:23:28.8498658+00:00",,"0","0","500","0","0","0","True","0","15,1","14,5","19,1","22,1","100","25,060968323737992","36,95476888188572","1284374528","[23:23:28] [Server thread/INFO]: The game is running normally [23:23:28] [Server thread/INFO]: Target tick rate: 20,0 per second. Average time per tick: 15,1ms (Target: 50,0ms) [23:23:28] [Server thread/INFO]: Percentiles: P50: 14,5ms P95: 19,1ms P99: 22,1ms, sample: 100"
"without-umce","1","2026-09-26T21:23:28.9745685+00:00",,"0","0","500","0","0","0","True","0","15,1","14,5","19,1","22,1","100","38,08322169025321","36,95476888188572","1284374528","[23:23:28] [Server thread/INFO]: The game is running normally [23:23:28] [Server thread/INFO]: Target tick rate: 20,0 per second. Average time per tick: 15,1ms (Target: 50,0ms) [23:23:28] [Server thread/INFO]: Percentiles: P50: 14,5ms P95: 19,1ms P99: 22,1ms, sample: 100"
"without-umce","1","2026-09-26T21:23:29.0976307+00:00",,"0","0","500","0","0","0","True","0","15","14,5","19,1","22,1","100","12,535983286425356","36,95476888188572","1284374528","[23:23:29] [Server thread/INFO]: The game is running normally [23:23:29] [Server thread/INFO]: Target tick rate: 20,0 per second. Average time per tick: 15,0ms (Target: 50,0ms) [23:23:29] [Server thread/INFO]: Percentiles: P50: 14,5ms P95: 19,1ms P99: 22,1ms, sample: 100"
"without-umce","1","2026-09-26T21:23:29.2222881+00:00",,"0","0","500","0","0","0","True","0","15,1","14,5","19,1","22,1","100","50,650843073152785","36,95476888188572","1284374528","[23:23:29] [Server thread/INFO]: The game is running normally [23:23:29] [Server thread/INFO]: Target tick rate: 20,0 per second. Average time per tick: 15,1ms (Target: 50,0ms) [23:23:29] [Server thread/INFO]: Percentiles: P50: 14,5ms P95: 19,1ms P99: 22,1ms, sample: 100"
"without-umce","1","2026-09-26T21:23:29.3456902+00:00",,"0","0","500","0","0","0","True","0","15,1","14,5","19,1","22,1","100","25,519140988966747","36,95476888188572","1284374528","[23:23:29] [Server thread/INFO]: The game is running normally [23:23:29] [Server thread/INFO]: Target tick rate: 20,0 per second. Average time per tick: 15,1ms (Target: 50,0ms) [23:23:29] [Server thread/INFO]: Percentiles: P50: 14,5ms P95: 19,1ms P99: 22,1ms, sample: 100"
"without-umce","1","2026-09-26T21:23:29.4681624+00:00",,"0","0","500","0","0","0","True","0","15,1","14,5","19,1","22,1","100","38,01095850865677","36,95476888188572","1284374528","[23:23:29] [Server thread/INFO]: The game is running normally [23:23:29] [Server thread/INFO]: Target tick rate: 20,0 per second. Average time per tick: 15,1ms (Target: 50,0ms) [23:23:29] [Server thread/INFO]: Percentiles: P50: 14,5ms P95: 19,1ms P99: 22,1ms, sample: 100"
"without-umce","1","2026-09-26T21:23:29.5914438+00:00",,"0","0","500","0","0","0","True","0","15,1","14,5","19,1","22,1","100","24,948187603984046","36,95476888188572","1284374528","[23:23:29] [Server thread/INFO]: The game is running normally [23:23:29] [Server thread/INFO]: Target tick rate: 20,0 per second. Average time per tick: 15,1ms (Target: 50,0ms) [23:23:29] [Server thread/INFO]: Percentiles: P50: 14,5ms P95: 19,1ms P99: 22,1ms, sample: 100"
"without-umce","1","2026-09-26T21:23:29.7167323+00:00",,"0","0","500","0","0","0","True","0","15,1","14,5","19,1","22,1","100","37,690199824393815","36,95476888188572","1284374528","[23:23:29] [Server thread/INFO]: The game is running normally [23:23:29] [Server thread/INFO]: Target tick rate: 20,0 per second. Average time per tick: 15,1ms (Target: 50,0ms) [23:23:29] [Server thread/INFO]: Percentiles: P50: 14,5ms P95: 19,1ms P99: 22,1ms, sample: 100"
"without-umce","1","2026-09-26T21:23:29.8410809+00:00",,"0","0","500","0","0","0","True","0","15,1","14,6","18,6","22,1","100","37,557086771893275","36,95476888188572","1284374528","[23:23:29] [Server thread/INFO]: The game is running normally [23:23:29] [Server thread/INFO]: Target tick rate: 20,0 per second. Average time per tick: 15,1ms (Target: 50,0ms) [23:23:29] [Server thread/INFO]: Percentiles: P50: 14,6ms P95: 18,6ms P99: 22,1ms, sample: 100"
"without-umce","1","2026-09-26T21:23:29.9658800+00:00",,"0","0","500","0","0","0","True","0","15,2","14,6","19,3","22,1","100","37,13668438928277","36,95476888188572","1284374528","[23:23:29] [Server thread/INFO]: The game is running normally [23:23:29] [Server thread/INFO]: Target tick rate: 20,0 per second. Average time per tick: 15,2ms (Target: 50,0ms) [23:23:29] [Server thread/INFO]: Percentiles: P50: 14,6ms P95: 19,3ms P99: 22,1ms, sample: 100"
"without-umce","1","2026-09-26T21:23:30.0921013+00:00",,"0","0","500","0","0","0","True","0","15,2","14,6","19,3","22,1","100","50,112090724532635","36,95476888188572","1284374528","[23:23:30] [Server thread/INFO]: The game is running normally [23:23:30] [Server thread/INFO]: Target tick rate: 20,0 per second. Average time per tick: 15,2ms (Target: 50,0ms) [23:23:30] [Server thread/INFO]: Percentiles: P50: 14,6ms P95: 19,3ms P99: 22,1ms, sample: 100"
"without-umce","1","2026-09-26T21:23:30.2168289+00:00",,"0","0","500","0","0","0","True","0","15,2","14,6","19,3","22,1","100","50,15314765166914","36,95476888188572","1284374528","[23:23:30] [Server thread/INFO]: The game is running normally [23:23:30] [Server thread/INFO]: Target tick rate: 20,0 per second. Average time per tick: 15,2ms (Target: 50,0ms) [23:23:30] [Server thread/INFO]: Percentiles: P50: 14,6ms P95: 19,3ms P99: 22,1ms, sample: 100"
"without-umce","1","2026-09-26T21:23:30.3414617+00:00",,"0","0","500","0","0","0","True","0","15,2","14,6","19,3","22,1","100","25,387205660737568","36,95476888188572","1284374528","[23:23:30] [Server thread/INFO]: The game is running normally [23:23:30] [Server thread/INFO]: Target tick rate: 20,0 per second. Average time per tick: 15,2ms (Target: 50,0ms) [23:23:30] [Server thread/INFO]: Percentiles: P50: 14,6ms P95: 19,3ms P99: 22,1ms, sample: 100"
"without-umce","1","2026-09-26T21:23:30.4645506+00:00",,"0","0","500","0","0","0","True","0","15,1","14,6","19,3","22,1","100","76,25429159153077","36,95476888188572","1284374528","[23:23:30] [Server thread/INFO]: The game is running normally [23:23:30] [Server thread/INFO]: Target tick rate: 20,0 per second. Average time per tick: 15,1ms (Target: 50,0ms) [23:23:30] [Server thread/INFO]: Percentiles: P50: 14,6ms P95: 19,3ms P99: 22,1ms, sample: 100"
"without-umce","1","2026-09-26T21:23:30.5874831+00:00",,"0","0","500","0","0","0","True","0","15,2","14,6","19,5","22,1","100","25,217292364849435","36,95476888188572","1284374528","[23:23:30] [Server thread/INFO]: The game is running normally [23:23:30] [Server thread/INFO]: Target tick rate: 20,0 per second. Average time per tick: 15,2ms (Target: 50,0ms) [23:23:30] [Server thread/INFO]: Percentiles: P50: 14,6ms P95: 19,5ms P99: 22,1ms, sample: 100"
"without-umce","1","2026-09-26T21:23:30.7114151+00:00",,"0","0","500","0","0","0","True","0","15,2","14,6","19,5","22,1","100","33,82300628260087","36,95476888188572","1284374528","[23:23:30] [Server thread/INFO]: The game is running normally [23:23:30] [Server thread/INFO]: Target tick rate: 20,0 per second. Average time per tick: 15,2ms (Target: 50,0ms) [23:23:30] [Server thread/INFO]: Percentiles: P50: 14,6ms P95: 19,5ms P99: 22,1ms, sample: 100"
"without-umce","1","2026-09-26T21:23:30.8500206+00:00",,"0","0","500","0","0","0","True","0","15,2","14,6","19,5","22,1","100","25,956378333525755","36,95476888188572","1284374528","[23:23:30] [Server thread/INFO]: The game is running normally [23:23:30] [Server thread/INFO]: Target tick rate: 20,0 per second. Average time per tick: 15,2ms (Target: 50,0ms) [23:23:30] [Server thread/INFO]: Percentiles: P50: 14,6ms P95: 19,5ms P99: 22,1ms, sample: 100"
"without-umce","1","2026-09-26T21:23:30.9703916+00:00",,"0","0","500","0","0","0","True","0","15,2","14,6","19,5","22,1","100","50,827760577663604","36,95476888188572","1284374528","[23:23:30] [Server thread/INFO]: The game is running normally [23:23:30] [Server thread/INFO]: Target tick rate: 20,0 per second. Average time per tick: 15,2ms (Target: 50,0ms) [23:23:30] [Server thread/INFO]: Percentiles: P50: 14,6ms P95: 19,5ms P99: 22,1ms, sample: 100"
"without-umce","1","2026-09-26T21:23:31.0933491+00:00",,"0","0","500","0","0","0","True","0","15,2","14,6","19,5","22,1","100","38,193502338053435","36,95476888188572","1284374528","[23:23:31] [Server thread/INFO]: The game is running normally [23:23:31] [Server thread/INFO]: Target tick rate: 20,0 per second. Average time per tick: 15,2ms (Target: 50,0ms) [23:23:31] [Server thread/INFO]: Percentiles: P50: 14,6ms P95: 19,5ms P99: 22,1ms, sample: 100"
"without-umce","1","2026-09-26T21:23:31.2161101+00:00",,"0","0","500","0","0","0","True","0","15,2","14,6","19,5","22,1","100","38,207791699678204","36,95476888188572","1284374528","[23:23:31] [Server thread/INFO]: The game is running normally [23:23:31] [Server thread/INFO]: Target tick rate: 20,0 per second. Average time per tick: 15,2ms (Target: 50,0ms) [23:23:31] [Server thread/INFO]: Percentiles: P50: 14,6ms P95: 19,5ms P99: 22,1ms, sample: 100"
"without-umce","1","2026-09-26T21:23:31.3387828+00:00",,"0","0","500","0","0","0","True","0","15,3","14,7","19,5","22,1","100","25,30651247914743","36,95476888188572","1284374528","[23:23:31] [Server thread/INFO]: The game is running normally [23:23:31] [Server thread/INFO]: Target tick rate: 20,0 per second. Average time per tick: 15,3ms (Target: 50,0ms) [23:23:31] [Server thread/INFO]: Percentiles: P50: 14,7ms P95: 19,5ms P99: 22,1ms, sample: 100"
"without-umce","1","2026-09-26T21:23:31.4622582+00:00",,"0","0","500","0","0","0","True","0","15,2","14,6","19,5","22,1","100","34,20239646615368","36,95476888188572","1284374528","[23:23:31] [Server thread/INFO]: The game is running normally [23:23:31] [Server thread/INFO]: Target tick rate: 20,0 per second. Average time per tick: 15,2ms (Target: 50,0ms) [23:23:31] [Server thread/INFO]: Percentiles: P50: 14,6ms P95: 19,5ms P99: 22,1ms, sample: 100"
"without-umce","1","2026-09-26T21:23:31.5993467+00:00",,"0","0","500","0","0","0","True","0","15,3","14,6","19,5","22,1","100","24,893277540528246","36,95476888188572","1284374528","[23:23:31] [Server thread/INFO]: The game is running normally [23:23:31] [Server thread/INFO]: Target tick rate: 20,0 per second. Average time per tick: 15,3ms (Target: 50,0ms) [23:23:31] [Server thread/INFO]: Percentiles: P50: 14,6ms P95: 19,5ms P99: 22,1ms, sample: 100"
"without-umce","1","2026-09-26T21:23:31.7248585+00:00",,"0","0","500","0","0","0","True","0","15,3","14,6","19,5","22,1","100","25,36315986825766","36,95476888188572","1284374528","[23:23:31] [Server thread/INFO]: The game is running normally [23:23:31] [Server thread/INFO]: Target tick rate: 20,0 per second. Average time per tick: 15,3ms (Target: 50,0ms) [23:23:31] [Server thread/INFO]: Percentiles: P50: 14,6ms P95: 19,5ms P99: 22,1ms, sample: 100"
"without-umce","1","2026-09-26T21:23:31.8480887+00:00",,"0","0","500","0","0","0","True","0","15,3","14,6","19,5","22,1","100","37,90841004647672","36,95476888188572","1284374528","[23:23:31] [Server thread/INFO]: The game is running normally [23:23:31] [Server thread/INFO]: Target tick rate: 20,0 per second. Average time per tick: 15,3ms (Target: 50,0ms) [23:23:31] [Server thread/INFO]: Percentiles: P50: 14,6ms P95: 19,5ms P99: 22,1ms, sample: 100"
"without-umce","1","2026-09-26T21:23:31.9717109+00:00",,"0","0","500","0","0","0","True","0","15,4","14,7","19,6","22,1","100","37,87661475584027","36,95476888188572","1284374528","[23:23:31] [Server thread/INFO]: The game is running normally [23:23:31] [Server thread/INFO]: Target tick rate: 20,0 per second. Average time per tick: 15,4ms (Target: 50,0ms) [23:23:31] [Server thread/INFO]: Percentiles: P50: 14,7ms P95: 19,6ms P99: 22,1ms, sample: 100"
"without-umce","1","2026-09-26T21:23:32.0954800+00:00",,"0","0","500","0","0","0","True","0","15,4","14,6","19,6","22,1","100","25,212165414395223","36,95476888188572","1284374528","[23:23:32] [Server thread/INFO]: The game is running normally [23:23:32] [Server thread/INFO]: Target tick rate: 20,0 per second. Average time per tick: 15,4ms (Target: 50,0ms) [23:23:32] [Server thread/INFO]: Percentiles: P50: 14,6ms P95: 19,6ms P99: 22,1ms, sample: 100"
"without-umce","1","2026-09-26T21:23:32.2194349+00:00",,"0","0","500","0","0","0","True","0","15,3","14,6","19,6","22,1","100","38,19680132855605","36,95476888188572","1284374528","[23:23:32] [Server thread/INFO]: The game is running normally [23:23:32] [Server thread/INFO]: Target tick rate: 20,0 per second. Average time per tick: 15,3ms (Target: 50,0ms) [23:23:32] [Server thread/INFO]: Percentiles: P50: 14,6ms P95: 19,6ms P99: 22,1ms, sample: 100"
"without-umce","1","2026-09-26T21:23:32.3421404+00:00",,"0","0","500","0","0","0","True","0","15,3","14,6","19,6","22,1","100","25,437069910021965","36,95476888188572","1284374528","[23:23:32] [Server thread/INFO]: The game is running normally [23:23:32] [Server thread/INFO]: Target tick rate: 20,0 per second. Average time per tick: 15,3ms (Target: 50,0ms) [23:23:32] [Server thread/INFO]: Percentiles: P50: 14,6ms P95: 19,6ms P99: 22,1ms, sample: 100"
"without-umce","1","2026-09-26T21:23:32.4650237+00:00",,"0","0","500","0","0","0","True","0","15,4","14,7","19,6","22,1","100","50,06905524098837","36,95476888188572","1284374528","[23:23:32] [Server thread/INFO]: The game is running normally [23:23:32] [Server thread/INFO]: Target tick rate: 20,0 per second. Average time per tick: 15,4ms (Target: 50,0ms) [23:23:32] [Server thread/INFO]: Percentiles: P50: 14,7ms P95: 19,6ms P99: 22,1ms, sample: 100"
"without-umce","1","2026-09-26T21:23:32.5898187+00:00",,"0","0","500","0","0","0","True","0","15,4","14,7","19,6","22,1","100","176,82025846878102","36,95476888188572","1284374528","[23:23:32] [Server thread/INFO]: The game is running normally [23:23:32] [Server thread/INFO]: Target tick rate: 20,0 per second. Average time per tick: 15,4ms (Target: 50,0ms) [23:23:32] [Server thread/INFO]: Percentiles: P50: 14,7ms P95: 19,6ms P99: 22,1ms, sample: 100"
"without-umce","1","2026-09-26T21:23:32.7135446+00:00",,"0","0","500","0","0","0","True","0","15,4","14,7","20,5","23,1","100","50,78769686327058","36,95476888188572","1284374528","[23:23:32] [Server thread/INFO]: The game is running normally [23:23:32] [Server thread/INFO]: Target tick rate: 20,0 per second. Average time per tick: 15,4ms (Target: 50,0ms) [23:23:32] [Server thread/INFO]: Percentiles: P50: 14,7ms P95: 20,5ms P99: 23,1ms, sample: 100"
"without-umce","1","2026-09-26T21:23:32.8365938+00:00",,"0","0","500","0","0","0","True","0","15,4","14,7","20,5","23,1","100","22,7041062828256","36,95476888188572","1284374528","[23:23:32] [Server thread/INFO]: The game is running normally [23:23:32] [Server thread/INFO]: Target tick rate: 20,0 per second. Average time per tick: 15,4ms (Target: 50,0ms) [23:23:32] [Server thread/INFO]: Percentiles: P50: 14,7ms P95: 20,5ms P99: 23,1ms, sample: 100"
"without-umce","1","2026-09-26T21:23:32.9742524+00:00",,"0","0","500","0","0","0","True","0","15,3","14,7","19,6","23,1","100","25,196025075084155","36,95476888188572","1284374528","[23:23:32] [Server thread/INFO]: The game is running normally [23:23:32] [Server thread/INFO]: Target tick rate: 20,0 per second. Average time per tick: 15,3ms (Target: 50,0ms) [23:23:32] [Server thread/INFO]: Percentiles: P50: 14,7ms P95: 19,6ms P99: 23,1ms, sample: 100"
"without-umce","1","2026-09-26T21:23:33.0982709+00:00",,"0","0","500","0","0","0","True","0","15,4","14,7","19,6","23,1","100","25,24483450294335","36,95476888188572","1284374528","[23:23:33] [Server thread/INFO]: The game is running normally [23:23:33] [Server thread/INFO]: Target tick rate: 20,0 per second. Average time per tick: 15,4ms (Target: 50,0ms) [23:23:33] [Server thread/INFO]: Percentiles: P50: 14,7ms P95: 19,6ms P99: 23,1ms, sample: 100"
"without-umce","1","2026-09-26T21:23:33.2220353+00:00",,"0","0","500","0","0","0","True","0","15,5","15","20,5","23,1","100","50,76348278102664","36,95476888188572","1284374528","[23:23:33] [Server thread/INFO]: The game is running normally [23:23:33] [Server thread/INFO]: Target tick rate: 20,0 per second. Average time per tick: 15,5ms (Target: 50,0ms) [23:23:33] [Server thread/INFO]: Percentiles: P50: 15,0ms P95: 20,5ms P99: 23,1ms, sample: 100"
"without-umce","1","2026-09-26T21:23:33.3451774+00:00",,"0","0","500","0","0","0","True","0","15,5","15","20,5","23,1","100","25,507747008859553","36,95476888188572","1284374528","[23:23:33] [Server thread/INFO]: The game is running normally [23:23:33] [Server thread/INFO]: Target tick rate: 20,0 per second. Average time per tick: 15,5ms (Target: 50,0ms) [23:23:33] [Server thread/INFO]: Percentiles: P50: 15,0ms P95: 20,5ms P99: 23,1ms, sample: 100"
"without-umce","1","2026-09-26T21:23:33.4676902+00:00",,"0","0","500","0","0","0","True","0","15,5","15,1","20,5","23,1","100","50,84942955075953","36,95476888188572","1284374528","[23:23:33] [Server thread/INFO]: The game is running normally [23:23:33] [Server thread/INFO]: Target tick rate: 20,0 per second. Average time per tick: 15,5ms (Target: 50,0ms) [23:23:33] [Server thread/INFO]: Percentiles: P50: 15,1ms P95: 20,5ms P99: 23,1ms, sample: 100"
"without-umce","1","2026-09-26T21:23:33.5905828+00:00",,"0","0","500","0","0","0","True","0","15,5","15,1","20,5","23,1","100","25,66330402104966","36,95476888188572","1284374528","[23:23:33] [Server thread/INFO]: The game is running normally [23:23:33] [Server thread/INFO]: Target tick rate: 20,0 per second. Average time per tick: 15,5ms (Target: 50,0ms) [23:23:33] [Server thread/INFO]: Percentiles: P50: 15,1ms P95: 20,5ms P99: 23,1ms, sample: 100"
"without-umce","1","2026-09-26T21:23:33.7123573+00:00",,"0","0","500","0","0","0","True","0","15,5","15,1","20,5","23,1","100","37,659767798910096","36,95476888188572","1284374528","[23:23:33] [Server thread/INFO]: The game is running normally [23:23:33] [Server thread/INFO]: Target tick rate: 20,0 per second. Average time per tick: 15,5ms (Target: 50,0ms) [23:23:33] [Server thread/INFO]: Percentiles: P50: 15,1ms P95: 20,5ms P99: 23,1ms, sample: 100"
"without-umce","1","2026-09-26T21:23:33.8368517+00:00",,"0","0","500","0","0","0","True","0","15,6","15,1","20,6","23,1","100","33,12847274736986","36,95476888188572","1284374528","[23:23:33] [Server thread/INFO]: The game is running normally [23:23:33] [Server thread/INFO]: Target tick rate: 20,0 per second. Average time per tick: 15,6ms (Target: 50,0ms) [23:23:33] [Server thread/INFO]: Percentiles: P50: 15,1ms P95: 20,6ms P99: 23,1ms, sample: 100"
"without-umce","1","2026-09-26T21:23:33.9783364+00:00",,"0","0","500","0","0","0","True","0","15,7","15,3","21,3","23,1","100","50,89609704297749","36,95476888188572","1284374528","[23:23:34] [Server thread/INFO]: The game is running normally [23:23:34] [Server thread/INFO]: Target tick rate: 20,0 per second. Average time per tick: 15,7ms (Target: 50,0ms) [23:23:34] [Server thread/INFO]: Percentiles: P50: 15,3ms P95: 21,3ms P99: 23,1ms, sample: 100"
"without-umce","1","2026-09-26T21:23:34.1011167+00:00",,"0","0","500","0","0","0","True","0","15,8","15,4","21,3","23,1","100","33,673238485548346","36,95476888188572","1284374528","[23:23:34] [Server thread/INFO]: The game is running normally [23:23:34] [Server thread/INFO]: Target tick rate: 20,0 per second. Average time per tick: 15,8ms (Target: 50,0ms) [23:23:34] [Server thread/INFO]: Percentiles: P50: 15,4ms P95: 21,3ms P99: 23,1ms, sample: 100"
"without-umce","1","2026-09-26T21:23:34.2403283+00:00",,"0","0","500","0","0","0","True","0","15,7","15,3","21,3","23,1","100","25,11866055244977","36,95476888188572","1284374528","[23:23:34] [Server thread/INFO]: The game is running normally [23:23:34] [Server thread/INFO]: Target tick rate: 20,0 per second. Average time per tick: 15,7ms (Target: 50,0ms) [23:23:34] [Server thread/INFO]: Percentiles: P50: 15,3ms P95: 21,3ms P99: 23,1ms, sample: 100"
"without-umce","1","2026-09-26T21:23:34.3647608+00:00",,"0","0","500","0","0","0","True","0","15,7","15,3","21,3","23,1","100","37,632073525244195","36,95476888188572","1284374528","[23:23:34] [Server thread/INFO]: The game is running normally [23:23:34] [Server thread/INFO]: Target tick rate: 20,0 per second. Average time per tick: 15,7ms (Target: 50,0ms) [23:23:34] [Server thread/INFO]: Percentiles: P50: 15,3ms P95: 21,3ms P99: 23,1ms, sample: 100"
"without-umce","1","2026-09-26T21:23:34.4893010+00:00",,"0","0","500","0","0","0","True","0","15,7","15,2","21,3","23,1","100","50,837683005491286","36,95476888188572","1284374528","[23:23:34] [Server thread/INFO]: The game is running normally [23:23:34] [Server thread/INFO]: Target tick rate: 20,0 per second. Average time per tick: 15,7ms (Target: 50,0ms) [23:23:34] [Server thread/INFO]: Percentiles: P50: 15,2ms P95: 21,3ms P99: 23,1ms, sample: 100"
"without-umce","1","2026-09-26T21:23:34.6122493+00:00",,"0","0","500","0","0","0","True","0","15,8","15,3","21,5","25,7","100","25,587865865541293","36,95476888188572","1284374528","[23:23:34] [Server thread/INFO]: The game is running normally [23:23:34] [Server thread/INFO]: Target tick rate: 20,0 per second. Average time per tick: 15,8ms (Target: 50,0ms) [23:23:34] [Server thread/INFO]: Percentiles: P50: 15,3ms P95: 21,5ms P99: 25,7ms, sample: 100"
"without-umce","1","2026-09-26T21:23:34.7343782+00:00",,"0","0","500","0","0","0","True","0","15,8","15,1","21,5","25,7","100","37,97320691529565","36,95476888188572","1284374528","[23:23:34] [Server thread/INFO]: The game is running normally [23:23:34] [Server thread/INFO]: Target tick rate: 20,0 per second. Average time per tick: 15,8ms (Target: 50,0ms) [23:23:34] [Server thread/INFO]: Percentiles: P50: 15,1ms P95: 21,5ms P99: 25,7ms, sample: 100"
"without-umce","1","2026-09-26T21:23:34.8578137+00:00",,"0","0","500","0","0","0","True","0","15,8","15,1","21,5","25,7","100","75,90361738423586","36,95476888188572","1284374528","[23:23:34] [Server thread/INFO]: The game is running normally [23:23:34] [Server thread/INFO]: Target tick rate: 20,0 per second. Average time per tick: 15,8ms (Target: 50,0ms) [23:23:34] [Server thread/INFO]: Percentiles: P50: 15,1ms P95: 21,5ms P99: 25,7ms, sample: 100"
"without-umce","1","2026-09-26T21:23:34.9813335+00:00",,"0","0","500","0","0","0","True","0","15,8","15,2","21,6","25,7","100","25,240287537355627","36,95476888188572","1284374528","[23:23:34] [Server thread/INFO]: The game is running normally [23:23:34] [Server thread/INFO]: Target tick rate: 20,0 per second. Average time per tick: 15,8ms (Target: 50,0ms) [23:23:34] [Server thread/INFO]: Percentiles: P50: 15,2ms P95: 21,6ms P99: 25,7ms, sample: 100"
"without-umce","1","2026-09-26T21:23:35.1051222+00:00",,"0","0","500","0","0","0","True","0","15,9","15,3","21,6","25,7","100","38,3786248867063","36,95476888188572","1284374528","[23:23:35] [Server thread/INFO]: The game is running normally [23:23:35] [Server thread/INFO]: Target tick rate: 20,0 per second. Average time per tick: 15,9ms (Target: 50,0ms) [23:23:35] [Server thread/INFO]: Percentiles: P50: 15,3ms P95: 21,6ms P99: 25,7ms, sample: 100"
"without-umce","1","2026-09-26T21:23:35.2272722+00:00",,"0","0","500","0","0","0","True","0","15,8","15,1","21,6","25,7","100","25,17400270670877","36,95476888188572","1284374528","[23:23:35] [Server thread/INFO]: The game is running normally [23:23:35] [Server thread/INFO]: Target tick rate: 20,0 per second. Average time per tick: 15,8ms (Target: 50,0ms) [23:23:35] [Server thread/INFO]: Percentiles: P50: 15,1ms P95: 21,6ms P99: 25,7ms, sample: 100"
"without-umce","1","2026-09-26T21:23:35.3514016+00:00",,"0","0","500","0","0","0","True","0","15,9","15,1","21,6","25,7","100","22,80402693575175","36,95476888188572","1284374528","[23:23:35] [Server thread/INFO]: The game is running normally [23:23:35] [Server thread/INFO]: Target tick rate: 20,0 per second. Average time per tick: 15,9ms (Target: 50,0ms) [23:23:35] [Server thread/INFO]: Percentiles: P50: 15,1ms P95: 21,6ms P99: 25,7ms, sample: 100"
"without-umce","1","2026-09-26T21:23:35.4884577+00:00",,"0","0","500","0","0","0","True","0","15,8","15,1","21,6","25,7","100","0","36,95476888188572","1284374528","[23:23:35] [Server thread/INFO]: The game is running normally [23:23:35] [Server thread/INFO]: Target tick rate: 20,0 per second. Average time per tick: 15,8ms (Target: 50,0ms) [23:23:35] [Server thread/INFO]: Percentiles: P50: 15,1ms P95: 21,6ms P99: 25,7ms, sample: 100"
"without-umce","1","2026-09-26T21:23:35.6126681+00:00",,"0","0","500","0","0","0","True","0","15,8","15,1","21,6","25,7","100","12,453702117009804","36,95476888188572","1284374528","[23:23:35] [Server thread/INFO]: The game is running normally [23:23:35] [Server thread/INFO]: Target tick rate: 20,0 per second. Average time per tick: 15,8ms (Target: 50,0ms) [23:23:35] [Server thread/INFO]: Percentiles: P50: 15,1ms P95: 21,6ms P99: 25,7ms, sample: 100"
"without-umce","1","2026-09-26T21:23:35.7381334+00:00",,"0","0","500","0","0","0","True","0","15,8","15,1","21,6","25,7","100","63,43256012594763","36,95476888188572","1284374528","[23:23:35] [Server thread/INFO]: The game is running normally [23:23:35] [Server thread/INFO]: Target tick rate: 20,0 per second. Average time per tick: 15,8ms (Target: 50,0ms) [23:23:35] [Server thread/INFO]: Percentiles: P50: 15,1ms P95: 21,6ms P99: 25,7ms, sample: 100"
"without-umce","1","2026-09-26T21:23:35.8612729+00:00",,"0","0","500","0","0","0","True","0","15,9","15,1","21,7","25,7","100","50,642963058997026","36,95476888188572","1284374528","[23:23:35] [Server thread/INFO]: The game is running normally [23:23:35] [Server thread/INFO]: Target tick rate: 20,0 per second. Average time per tick: 15,9ms (Target: 50,0ms) [23:23:35] [Server thread/INFO]: Percentiles: P50: 15,1ms P95: 21,7ms P99: 25,7ms, sample: 100"
"without-umce","1","2026-09-26T21:23:35.9846874+00:00",,"0","0","500","0","0","0","True","0","15,9","15,2","21,7","25,7","100","25,36433328328105","36,95476888188572","1284374528","[23:23:36] [Server thread/INFO]: The game is running normally [23:23:36] [Server thread/INFO]: Target tick rate: 20,0 per second. Average time per tick: 15,9ms (Target: 50,0ms) [23:23:36] [Server thread/INFO]: Percentiles: P50: 15,2ms P95: 21,7ms P99: 25,7ms, sample: 100"
"without-umce","1","2026-09-26T21:23:36.1079218+00:00",,"0","0","500","0","0","0","True","0","15,8","15,2","21,7","25,7","100","50,416643138899865","36,95476888188572","1284374528","[23:23:36] [Server thread/INFO]: The game is running normally [23:23:36] [Server thread/INFO]: Target tick rate: 20,0 per second. Average time per tick: 15,8ms (Target: 50,0ms) [23:23:36] [Server thread/INFO]: Percentiles: P50: 15,2ms P95: 21,7ms P99: 25,7ms, sample: 100"
"without-umce","1","2026-09-26T21:23:36.2318723+00:00",,"0","0","500","0","0","0","True","0","15,9","15,4","21,7","25,7","100","175,9553672620862","36,95476888188572","1284374528","[23:23:36] [Server thread/INFO]: The game is running normally [23:23:36] [Server thread/INFO]: Target tick rate: 20,0 per second. Average time per tick: 15,9ms (Target: 50,0ms) [23:23:36] [Server thread/INFO]: Percentiles: P50: 15,4ms P95: 21,7ms P99: 25,7ms, sample: 100"
"without-umce","1","2026-09-26T21:23:36.3561846+00:00",,"0","0","500","0","0","0","True","0","15,9","15,2","21,7","25,7","100","63,212582803426464","36,95476888188572","1284374528","[23:23:36] [Server thread/INFO]: The game is running normally [23:23:36] [Server thread/INFO]: Target tick rate: 20,0 per second. Average time per tick: 15,9ms (Target: 50,0ms) [23:23:36] [Server thread/INFO]: Percentiles: P50: 15,2ms P95: 21,7ms P99: 25,7ms, sample: 100"
"without-umce","1","2026-09-26T21:23:36.4797936+00:00",,"0","0","500","0","0","0","True","0","15,9","15,4","21,7","25,7","100","38,129750966970484","36,95476888188572","1284374528","[23:23:36] [Server thread/INFO]: The game is running normally [23:23:36] [Server thread/INFO]: Target tick rate: 20,0 per second. Average time per tick: 15,9ms (Target: 50,0ms) [23:23:36] [Server thread/INFO]: Percentiles: P50: 15,4ms P95: 21,7ms P99: 25,7ms, sample: 100"
"without-umce","1","2026-09-26T21:23:36.6027085+00:00",,"0","0","500","0","0","0","True","0","15,9","15,4","21,7","25,7","100","34,295334224951056","36,95476888188572","1284374528","[23:23:36] [Server thread/INFO]: The game is running normally [23:23:36] [Server thread/INFO]: Target tick rate: 20,0 per second. Average time per tick: 15,9ms (Target: 50,0ms) [23:23:36] [Server thread/INFO]: Percentiles: P50: 15,4ms P95: 21,7ms P99: 25,7ms, sample: 100"
"without-umce","1","2026-09-26T21:23:36.7393852+00:00",,"0","0","500","0","0","0","True","0","15,9","15,5","21,7","25,7","100","12,581112951420398","36,95476888188572","1284374528","[23:23:36] [Server thread/INFO]: The game is running normally [23:23:36] [Server thread/INFO]: Target tick rate: 20,0 per second. Average time per tick: 15,9ms (Target: 50,0ms) [23:23:36] [Server thread/INFO]: Percentiles: P50: 15,5ms P95: 21,7ms P99: 25,7ms, sample: 100"
"without-umce","1","2026-09-26T21:23:36.8636240+00:00",,"0","0","500","0","0","0","True","0","15,9","15,4","21,7","25,7","100","38,04924851212218","36,95476888188572","1284374528","[23:23:36] [Server thread/INFO]: The game is running normally [23:23:36] [Server thread/INFO]: Target tick rate: 20,0 per second. Average time per tick: 15,9ms (Target: 50,0ms) [23:23:36] [Server thread/INFO]: Percentiles: P50: 15,4ms P95: 21,7ms P99: 25,7ms, sample: 100"
"without-umce","1","2026-09-26T21:23:36.9868015+00:00",,"0","0","500","0","0","0","True","0","15,8","15,1","21,6","25,7","100","25,475432715509932","36,95476888188572","1284374528","[23:23:37] [Server thread/INFO]: The game is running normally [23:23:37] [Server thread/INFO]: Target tick rate: 20,0 per second. Average time per tick: 15,8ms (Target: 50,0ms) [23:23:37] [Server thread/INFO]: Percentiles: P50: 15,1ms P95: 21,6ms P99: 25,7ms, sample: 100"
"without-umce","1","2026-09-26T21:23:37.1094797+00:00",,"0","0","500","0","0","0","True","0","15,8","15,1","21,6","25,7","100","38,38830538664701","36,95476888188572","1284374528","[23:23:37] [Server thread/INFO]: The game is running normally [23:23:37] [Server thread/INFO]: Target tick rate: 20,0 per second. Average time per tick: 15,8ms (Target: 50,0ms) [23:23:37] [Server thread/INFO]: Percentiles: P50: 15,1ms P95: 21,6ms P99: 25,7ms, sample: 100"
"without-umce","1","2026-09-26T21:23:37.2315714+00:00",,"0","0","500","0","0","0","True","0","15,8","15,1","21,6","25,7","100","25,549853282522513","36,95476888188572","1284374528","[23:23:37] [Server thread/INFO]: The game is running normally [23:23:37] [Server thread/INFO]: Target tick rate: 20,0 per second. Average time per tick: 15,8ms (Target: 50,0ms) [23:23:37] [Server thread/INFO]: Percentiles: P50: 15,1ms P95: 21,6ms P99: 25,7ms, sample: 100"
"without-umce","1","2026-09-26T21:23:37.3538823+00:00",,"0","0","500","0","0","0","True","0","15,8","15,1","21,6","25,7","100","37,289597176889124","36,95476888188572","1284374528","[23:23:37] [Server thread/INFO]: The game is running normally [23:23:37] [Server thread/INFO]: Target tick rate: 20,0 per second. Average time per tick: 15,8ms (Target: 50,0ms) [23:23:37] [Server thread/INFO]: Percentiles: P50: 15,1ms P95: 21,6ms P99: 25,7ms, sample: 100"
"without-umce","1","2026-09-26T21:23:37.4795933+00:00",,"0","0","500","0","0","0","True","0","15,8","15,1","21,6","25,7","100","25,038980685130614","36,95476888188572","1284374528","[23:23:37] [Server thread/INFO]: The game is running normally [23:23:37] [Server thread/INFO]: Target tick rate: 20,0 per second. Average time per tick: 15,8ms (Target: 50,0ms) [23:23:37] [Server thread/INFO]: Percentiles: P50: 15,1ms P95: 21,6ms P99: 25,7ms, sample: 100"
"without-umce","1","2026-09-26T21:23:37.6043918+00:00",,"0","0","500","0","0","0","True","0","15,8","15,1","21,6","25,7","100","37,5588321546871","36,95476888188572","1284374528","[23:23:37] [Server thread/INFO]: The game is running normally [23:23:37] [Server thread/INFO]: Target tick rate: 20,0 per second. Average time per tick: 15,8ms (Target: 50,0ms) [23:23:37] [Server thread/INFO]: Percentiles: P50: 15,1ms P95: 21,6ms P99: 25,7ms, sample: 100"
"without-umce","1","2026-09-26T21:23:37.7291847+00:00",,"0","0","500","0","0","0","True","0","15,7","15","21,3","25,7","100","25,557271186773356","36,95476888188572","1284374528","[23:23:37] [Server thread/INFO]: The game is running normally [23:23:37] [Server thread/INFO]: Target tick rate: 20,0 per second. Average time per tick: 15,7ms (Target: 50,0ms) [23:23:37] [Server thread/INFO]: Percentiles: P50: 15,0ms P95: 21,3ms P99: 25,7ms, sample: 100"
"without-umce","1","2026-09-26T21:23:37.8514734+00:00",,"0","0","500","0","0","0","True","0","15,6","14,9","21,3","25,7","100","34,1752162425416","36,95476888188572","1284374528","[23:23:37] [Server thread/INFO]: The game is running normally [23:23:37] [Server thread/INFO]: Target tick rate: 20,0 per second. Average time per tick: 15,6ms (Target: 50,0ms) [23:23:37] [Server thread/INFO]: Percentiles: P50: 14,9ms P95: 21,3ms P99: 25,7ms, sample: 100"
"without-umce","1","2026-09-26T21:23:37.9886237+00:00",,"0","0","500","0","0","0","True","0","15,6","14,9","21,3","25,7","100","0","36,95476888188572","1284374528","[23:23:38] [Server thread/INFO]: The game is running normally [23:23:38] [Server thread/INFO]: Target tick rate: 20,0 per second. Average time per tick: 15,6ms (Target: 50,0ms) [23:23:38] [Server thread/INFO]: Percentiles: P50: 14,9ms P95: 21,3ms P99: 25,7ms, sample: 100"
"without-umce","1","2026-09-26T21:23:38.1118897+00:00",,"0","0","500","0","0","0","True","0","15,6","14,9","21,3","25,7","100","38,51415472214349","36,95476888188572","1284374528","[23:23:38] [Server thread/INFO]: The game is running normally [23:23:38] [Server thread/INFO]: Target tick rate: 20,0 per second. Average time per tick: 15,6ms (Target: 50,0ms) [23:23:38] [Server thread/INFO]: Percentiles: P50: 14,9ms P95: 21,3ms P99: 25,7ms, sample: 100"
"without-umce","1","2026-09-26T21:23:38.2335718+00:00",,"0","0","500","0","0","0","True","0","15,5","14,7","21,3","25,7","100","25,558671668805417","36,95476888188572","1284374528","[23:23:38] [Server thread/INFO]: The game is running normally [23:23:38] [Server thread/INFO]: Target tick rate: 20,0 per second. Average time per tick: 15,5ms (Target: 50,0ms) [23:23:38] [Server thread/INFO]: Percentiles: P50: 14,7ms P95: 21,3ms P99: 25,7ms, sample: 100"
"without-umce","1","2026-09-26T21:23:38.3558473+00:00",,"0","0","500","0","0","0","True","0","15,5","14,7","21,3","25,7","100","49,219962041565275","36,95476888188572","1284374528","[23:23:38] [Server thread/INFO]: The game is running normally [23:23:38] [Server thread/INFO]: Target tick rate: 20,0 per second. Average time per tick: 15,5ms (Target: 50,0ms) [23:23:38] [Server thread/INFO]: Percentiles: P50: 14,7ms P95: 21,3ms P99: 25,7ms, sample: 100"
"without-umce","1","2026-09-26T21:23:38.4828606+00:00",,"0","0","500","0","0","0","True","0","15,4","14,7","21,3","25,7","100","25,443324485841295","36,95476888188572","1284374528","[23:23:38] [Server thread/INFO]: The game is running normally [23:23:38] [Server thread/INFO]: Target tick rate: 20,0 per second. Average time per tick: 15,4ms (Target: 50,0ms) [23:23:38] [Server thread/INFO]: Percentiles: P50: 14,7ms P95: 21,3ms P99: 25,7ms, sample: 100"
"without-umce","1","2026-09-26T21:23:38.6056432+00:00",,"0","0","500","0","0","0","True","0","15,4","14,7","21,3","25,7","100","38,15082251138624","36,95476888188572","1284374528","[23:23:38] [Server thread/INFO]: The game is running normally [23:23:38] [Server thread/INFO]: Target tick rate: 20,0 per second. Average time per tick: 15,4ms (Target: 50,0ms) [23:23:38] [Server thread/INFO]: Percentiles: P50: 14,7ms P95: 21,3ms P99: 25,7ms, sample: 100"
"without-umce","1","2026-09-26T21:23:38.7285148+00:00",,"0","0","500","0","0","0","True","0","15,4","14,7","20,8","25,7","100","22,873915318935577","36,95476888188572","1284374528","[23:23:38] [Server thread/INFO]: The game is running normally [23:23:38] [Server thread/INFO]: Target tick rate: 20,0 per second. Average time per tick: 15,4ms (Target: 50,0ms) [23:23:38] [Server thread/INFO]: Percentiles: P50: 14,7ms P95: 20,8ms P99: 25,7ms, sample: 100"
"without-umce","1","2026-09-26T21:23:38.8651557+00:00",,"0","0","500","0","0","0","True","0","15,3","14,7","20,8","25,7","100","25,353776455144505","36,95476888188572","1284374528","[23:23:38] [Server thread/INFO]: The game is running normally [23:23:38] [Server thread/INFO]: Target tick rate: 20,0 per second. Average time per tick: 15,3ms (Target: 50,0ms) [23:23:38] [Server thread/INFO]: Percentiles: P50: 14,7ms P95: 20,8ms P99: 25,7ms, sample: 100"
"without-umce","1","2026-09-26T21:23:38.9883981+00:00",,"0","0","500","0","0","0","True","0","15,2","14,5","20,5","25,7","100","12,451846220296868","36,95476888188572","1284374528","[23:23:39] [Server thread/INFO]: The game is running normally [23:23:39] [Server thread/INFO]: Target tick rate: 20,0 per second. Average time per tick: 15,2ms (Target: 50,0ms) [23:23:39] [Server thread/INFO]: Percentiles: P50: 14,5ms P95: 20,5ms P99: 25,7ms, sample: 100"
"without-umce","1","2026-09-26T21:23:39.1138965+00:00",,"0","0","500","0","0","0","True","0","15,2","14,5","20,5","25,7","100","24,970075861088073","36,95476888188572","1284374528","[23:23:39] [Server thread/INFO]: The game is running normally [23:23:39] [Server thread/INFO]: Target tick rate: 20,0 per second. Average time per tick: 15,2ms (Target: 50,0ms) [23:23:39] [Server thread/INFO]: Percentiles: P50: 14,5ms P95: 20,5ms P99: 25,7ms, sample: 100"
"without-umce","1","2026-09-26T21:23:39.2390213+00:00",,"0","0","500","0","0","0","True","0","15,1","14,5","20,5","25,7","100","0","36,95476888188572","1284374528","[23:23:39] [Server thread/INFO]: The game is running normally [23:23:39] [Server thread/INFO]: Target tick rate: 20,0 per second. Average time per tick: 15,1ms (Target: 50,0ms) [23:23:39] [Server thread/INFO]: Percentiles: P50: 14,5ms P95: 20,5ms P99: 25,7ms, sample: 100"
"without-umce","1","2026-09-26T21:23:39.3622451+00:00",,"0","0","500","0","0","0","True","0","15,1","14,4","20,5","25,7","100","51,361870262381096","36,95476888188572","1284374528","[23:23:39] [Server thread/INFO]: The game is running normally [23:23:39] [Server thread/INFO]: Target tick rate: 20,0 per second. Average time per tick: 15,1ms (Target: 50,0ms) [23:23:39] [Server thread/INFO]: Percentiles: P50: 14,4ms P95: 20,5ms P99: 25,7ms, sample: 100"
"without-umce","1","2026-09-26T21:23:39.4839168+00:00",,"0","0","500","0","0","0","True","0","15,1","14,5","20,5","25,7","100","25,32236382037895","36,95476888188572","1284374528","[23:23:39] [Server thread/INFO]: The game is running normally [23:23:39] [Server thread/INFO]: Target tick rate: 20,0 per second. Average time per tick: 15,1ms (Target: 50,0ms) [23:23:39] [Server thread/INFO]: Percentiles: P50: 14,5ms P95: 20,5ms P99: 25,7ms, sample: 100"
"without-umce","1","2026-09-26T21:23:39.6073324+00:00",,"0","0","500","0","0","0","True","0","15","14,5","19,6","23","100","63,75604509317155","36,95476888188572","1284374528","[23:23:39] [Server thread/INFO]: The game is running normally [23:23:39] [Server thread/INFO]: Target tick rate: 20,0 per second. Average time per tick: 15,0ms (Target: 50,0ms) [23:23:39] [Server thread/INFO]: Percentiles: P50: 14,5ms P95: 19,6ms P99: 23,0ms, sample: 100"
"without-umce","1","2026-09-26T21:23:39.7298567+00:00",,"0","0","500","0","0","0","True","0","15","14,4","19,6","23","100","24,82592064444118","36,95476888188572","1284374528","[23:23:39] [Server thread/INFO]: The game is running normally [23:23:39] [Server thread/INFO]: Target tick rate: 20,0 per second. Average time per tick: 15,0ms (Target: 50,0ms) [23:23:39] [Server thread/INFO]: Percentiles: P50: 14,4ms P95: 19,6ms P99: 23,0ms, sample: 100"
"without-umce","1","2026-09-26T21:23:39.8557503+00:00",,"0","0","500","0","0","0","True","0","15","14,4","19,6","23","100","25,849475813989653","36,95476888188572","1284374528","[23:23:39] [Server thread/INFO]: The game is running normally [23:23:39] [Server thread/INFO]: Target tick rate: 20,0 per second. Average time per tick: 15,0ms (Target: 50,0ms) [23:23:39] [Server thread/INFO]: Percentiles: P50: 14,4ms P95: 19,6ms P99: 23,0ms, sample: 100"
"without-umce","1","2026-09-26T21:23:39.9766599+00:00",,"0","0","500","0","0","0","True","0","14,9","14,4","19","23","100","22,78952542362993","36,95476888188572","1284374528","[23:23:39] [Server thread/INFO]: The game is running normally [23:23:39] [Server thread/INFO]: Target tick rate: 20,0 per second. Average time per tick: 14,9ms (Target: 50,0ms) [23:23:39] [Server thread/INFO]: Percentiles: P50: 14,4ms P95: 19,0ms P99: 23,0ms, sample: 100"
"without-umce","1","2026-09-26T21:23:40.1137733+00:00",,"0","0","500","0","0","0","True","0","14,8","14,4","18,5","23","100","25,736750514940905","36,95476888188572","1284374528","[23:23:40] [Server thread/INFO]: The game is running normally [23:23:40] [Server thread/INFO]: Target tick rate: 20,0 per second. Average time per tick: 14,8ms (Target: 50,0ms) [23:23:40] [Server thread/INFO]: Percentiles: P50: 14,4ms P95: 18,5ms P99: 23,0ms, sample: 100"
"without-umce","1","2026-09-26T21:23:40.2351629+00:00",,"0","0","500","0","0","0","True","0","14,8","14,4","18,5","23","100","37,801992558148534","36,95476888188572","1284374528","[23:23:40] [Server thread/INFO]: The game is running normally [23:23:40] [Server thread/INFO]: Target tick rate: 20,0 per second. Average time per tick: 14,8ms (Target: 50,0ms) [23:23:40] [Server thread/INFO]: Percentiles: P50: 14,4ms P95: 18,5ms P99: 23,0ms, sample: 100"
"without-umce","1","2026-09-26T21:23:40.3591706+00:00",,"0","0","500","0","0","0","True","0","14,9","14,4","19,6","23","100","38,66789414029826","36,95476888188572","1284374528","[23:23:40] [Server thread/INFO]: The game is running normally [23:23:40] [Server thread/INFO]: Target tick rate: 20,0 per second. Average time per tick: 14,9ms (Target: 50,0ms) [23:23:40] [Server thread/INFO]: Percentiles: P50: 14,4ms P95: 19,6ms P99: 23,0ms, sample: 100"
"without-umce","1","2026-09-26T21:23:40.4804067+00:00",,"0","0","500","0","0","0","True","0","14,9","14,4","19,6","23","100","38,582882616672585","36,95476888188572","1284374528","[23:23:40] [Server thread/INFO]: The game is running normally [23:23:40] [Server thread/INFO]: Target tick rate: 20,0 per second. Average time per tick: 14,9ms (Target: 50,0ms) [23:23:40] [Server thread/INFO]: Percentiles: P50: 14,4ms P95: 19,6ms P99: 23,0ms, sample: 100"
"without-umce","1","2026-09-26T21:23:40.6019056+00:00",,"0","0","500","0","0","0","True","0","15","14,4","19,8","24,6","100","37,42455210296043","36,95476888188572","1284374528","[23:23:40] [Server thread/INFO]: The game is running normally [23:23:40] [Server thread/INFO]: Target tick rate: 20,0 per second. Average time per tick: 15,0ms (Target: 50,0ms) [23:23:40] [Server thread/INFO]: Percentiles: P50: 14,4ms P95: 19,8ms P99: 24,6ms, sample: 100"
"without-umce","1","2026-09-26T21:23:40.7271780+00:00",,"0","0","500","0","0","0","True","0","15","14,4","19,8","24,6","100","24,709241414428142","36,95476888188572","1284374528","[23:23:40] [Server thread/INFO]: The game is running normally [23:23:40] [Server thread/INFO]: Target tick rate: 20,0 per second. Average time per tick: 15,0ms (Target: 50,0ms) [23:23:40] [Server thread/INFO]: Percentiles: P50: 14,4ms P95: 19,8ms P99: 24,6ms, sample: 100"
"without-umce","1","2026-09-26T21:23:40.8536025+00:00",,"0","0","500","0","0","0","True","0","14,9","14,5","19,6","24,6","100","50,49803178871301","36,95476888188572","1284374528","[23:23:40] [Server thread/INFO]: The game is running normally [23:23:40] [Server thread/INFO]: Target tick rate: 20,0 per second. Average time per tick: 14,9ms (Target: 50,0ms) [23:23:40] [Server thread/INFO]: Percentiles: P50: 14,5ms P95: 19,6ms P99: 24,6ms, sample: 100"
"without-umce","1","2026-09-26T21:23:40.9773918+00:00",,"0","0","500","0","0","0","True","0","14,9","14,4","19,6","24,6","100","22,783660215063172","36,95476888188572","1284374528","[23:23:40] [Server thread/INFO]: The game is running normally [23:23:40] [Server thread/INFO]: Target tick rate: 20,0 per second. Average time per tick: 14,9ms (Target: 50,0ms) [23:23:40] [Server thread/INFO]: Percentiles: P50: 14,4ms P95: 19,6ms P99: 24,6ms, sample: 100"
"without-umce","1","2026-09-26T21:23:41.1145541+00:00",,"0","0","500","0","0","0","True","0","15","14,4","19,6","24,6","100","12,645309783787459","36,95476888188572","1284374528","[23:23:41] [Server thread/INFO]: The game is running normally [23:23:41] [Server thread/INFO]: Target tick rate: 20,0 per second. Average time per tick: 15,0ms (Target: 50,0ms) [23:23:41] [Server thread/INFO]: Percentiles: P50: 14,4ms P95: 19,6ms P99: 24,6ms, sample: 100"
"without-umce","1","2026-09-26T21:23:41.2381278+00:00",,"0","0","500","0","0","0","True","0","14,9","14,4","19,6","24,6","100","0","36,95476888188572","1284374528","[23:23:41] [Server thread/INFO]: The game is running normally [23:23:41] [Server thread/INFO]: Target tick rate: 20,0 per second. Average time per tick: 14,9ms (Target: 50,0ms) [23:23:41] [Server thread/INFO]: Percentiles: P50: 14,4ms P95: 19,6ms P99: 24,6ms, sample: 100"
"without-umce","1","2026-09-26T21:23:41.3615880+00:00",,"0","0","500","0","0","0","True","0","14,8","14,3","19,1","24,6","100","37,70942305186081","36,95476888188572","1284374528","[23:23:41] [Server thread/INFO]: The game is running normally [23:23:41] [Server thread/INFO]: Target tick rate: 20,0 per second. Average time per tick: 14,8ms (Target: 50,0ms) [23:23:41] [Server thread/INFO]: Percentiles: P50: 14,3ms P95: 19,1ms P99: 24,6ms, sample: 100"
"without-umce","1","2026-09-26T21:23:41.4858858+00:00",,"0","0","500","0","0","0","True","0","14,8","14,4","19,1","24,6","100","63,71262973930219","36,95476888188572","1284374528","[23:23:41] [Server thread/INFO]: The game is running normally [23:23:41] [Server thread/INFO]: Target tick rate: 20,0 per second. Average time per tick: 14,8ms (Target: 50,0ms) [23:23:41] [Server thread/INFO]: Percentiles: P50: 14,4ms P95: 19,1ms P99: 24,6ms, sample: 100"
"without-umce","1","2026-09-26T21:23:41.6085076+00:00",,"0","0","500","0","0","0","True","0","14,8","14,4","19,1","24,6","100","38,14805923020268","36,95476888188572","1284374528","[23:23:41] [Server thread/INFO]: The game is running normally [23:23:41] [Server thread/INFO]: Target tick rate: 20,0 per second. Average time per tick: 14,8ms (Target: 50,0ms) [23:23:41] [Server thread/INFO]: Percentiles: P50: 14,4ms P95: 19,1ms P99: 24,6ms, sample: 100"
"without-umce","1","2026-09-26T21:23:41.7313891+00:00",,"0","0","500","0","0","0","True","0","14,8","14,3","19,1","24,6","100","12,614794631143406","36,95476888188572","1284374528","[23:23:41] [Server thread/INFO]: The game is running normally [23:23:41] [Server thread/INFO]: Target tick rate: 20,0 per second. Average time per tick: 14,8ms (Target: 50,0ms) [23:23:41] [Server thread/INFO]: Percentiles: P50: 14,3ms P95: 19,1ms P99: 24,6ms, sample: 100"
"without-umce","1","2026-09-26T21:23:41.8552876+00:00",,"0","0","500","0","0","0","True","0","14,9","14,3","19,1","24,6","100","25,70099991282221","36,95476888188572","1284374528","[23:23:41] [Server thread/INFO]: The game is running normally [23:23:41] [Server thread/INFO]: Target tick rate: 20,0 per second. Average time per tick: 14,9ms (Target: 50,0ms) [23:23:41] [Server thread/INFO]: Percentiles: P50: 14,3ms P95: 19,1ms P99: 24,6ms, sample: 100"
"without-umce","1","2026-09-26T21:23:41.9768549+00:00",,"0","0","500","0","0","0","True","0","14,9","14,3","19,1","24,6","100","33,6870564088412","36,95476888188572","1284374528","[23:23:41] [Server thread/INFO]: The game is running normally [23:23:41] [Server thread/INFO]: Target tick rate: 20,0 per second. Average time per tick: 14,9ms (Target: 50,0ms) [23:23:41] [Server thread/INFO]: Percentiles: P50: 14,3ms P95: 19,1ms P99: 24,6ms, sample: 100"
"without-umce","1","2026-09-26T21:23:42.1159933+00:00",,"0","0","500","0","0","0","True","0","14,8","14,2","19,1","24,6","100","33,8894210783162","36,95476888188572","1284374528","[23:23:42] [Server thread/INFO]: The game is running normally [23:23:42] [Server thread/INFO]: Target tick rate: 20,0 per second. Average time per tick: 14,8ms (Target: 50,0ms) [23:23:42] [Server thread/INFO]: Percentiles: P50: 14,2ms P95: 19,1ms P99: 24,6ms, sample: 100"
"without-umce","1","2026-09-26T21:23:42.2543195+00:00",,"0","0","500","0","0","0","True","0","14,8","14,3","19,1","24,6","100","25,2852786275879","36,95476888188572","1284374528","[23:23:42] [Server thread/INFO]: The game is running normally [23:23:42] [Server thread/INFO]: Target tick rate: 20,0 per second. Average time per tick: 14,8ms (Target: 50,0ms) [23:23:42] [Server thread/INFO]: Percentiles: P50: 14,3ms P95: 19,1ms P99: 24,6ms, sample: 100"
"without-umce","1","2026-09-26T21:23:42.3778990+00:00",,"0","0","500","0","0","0","True","0","14,8","14,2","19,2","24,6","100","25,037857240147098","36,95476888188572","1284374528","[23:23:42] [Server thread/INFO]: The game is running normally [23:23:42] [Server thread/INFO]: Target tick rate: 20,0 per second. Average time per tick: 14,8ms (Target: 50,0ms) [23:23:42] [Server thread/INFO]: Percentiles: P50: 14,2ms P95: 19,2ms P99: 24,6ms, sample: 100"
"without-umce","1","2026-09-26T21:23:42.5027423+00:00",,"0","0","500","0","0","0","True","0","14,8","14,3","19,2","24,6","100","62,84504443194917","36,95476888188572","1284374528","[23:23:42] [Server thread/INFO]: The game is running normally [23:23:42] [Server thread/INFO]: Target tick rate: 20,0 per second. Average time per tick: 14,8ms (Target: 50,0ms) [23:23:42] [Server thread/INFO]: Percentiles: P50: 14,3ms P95: 19,2ms P99: 24,6ms, sample: 100"
"without-umce","1","2026-09-26T21:23:42.6270701+00:00",,"0","0","500","0","0","0","True","0","14,9","14,3","19,2","24,6","100","76,18730292884308","36,95476888188572","1284374528","[23:23:42] [Server thread/INFO]: The game is running normally [23:23:42] [Server thread/INFO]: Target tick rate: 20,0 per second. Average time per tick: 14,9ms (Target: 50,0ms) [23:23:42] [Server thread/INFO]: Percentiles: P50: 14,3ms P95: 19,2ms P99: 24,6ms, sample: 100"
"without-umce","1","2026-09-26T21:23:42.7500807+00:00",,"0","0","500","0","0","0","True","0","14,9","14,3","19,2","24,6","100","37,86293898796302","36,95476888188572","1284374528","[23:23:42] [Server thread/INFO]: The game is running normally [23:23:42] [Server thread/INFO]: Target tick rate: 20,0 per second. Average time per tick: 14,9ms (Target: 50,0ms) [23:23:42] [Server thread/INFO]: Percentiles: P50: 14,3ms P95: 19,2ms P99: 24,6ms, sample: 100"
"without-umce","1","2026-09-26T21:23:42.8738936+00:00",,"0","0","500","0","0","0","True","0","15","14,3","19,4","24,6","100","50,81796598042085","36,95476888188572","1284374528","[23:23:42] [Server thread/INFO]: The game is running normally [23:23:42] [Server thread/INFO]: Target tick rate: 20,0 per second. Average time per tick: 15,0ms (Target: 50,0ms) [23:23:42] [Server thread/INFO]: Percentiles: P50: 14,3ms P95: 19,4ms P99: 24,6ms, sample: 100"
"without-umce","1","2026-09-26T21:23:42.9968746+00:00",,"0","0","500","0","0","0","True","0","15,1","14,5","19,8","24,6","100","25,572684935520012","36,95476888188572","1284374528","[23:23:43] [Server thread/INFO]: The game is running normally [23:23:43] [Server thread/INFO]: Target tick rate: 20,0 per second. Average time per tick: 15,1ms (Target: 50,0ms) [23:23:43] [Server thread/INFO]: Percentiles: P50: 14,5ms P95: 19,8ms P99: 24,6ms, sample: 100"
"without-umce","1","2026-09-26T21:23:43.1191171+00:00",,"0","0","500","0","0","0","True","0","15,2","14,6","20,8","24,6","100","33,90577125050994","36,95476888188572","1284374528","[23:23:43] [Server thread/INFO]: The game is running normally [23:23:43] [Server thread/INFO]: Target tick rate: 20,0 per second. Average time per tick: 15,2ms (Target: 50,0ms) [23:23:43] [Server thread/INFO]: Percentiles: P50: 14,6ms P95: 20,8ms P99: 24,6ms, sample: 100"
"without-umce","1","2026-09-26T21:23:43.2573199+00:00",,"0","0","500","0","0","0","True","0","15,2","14,7","20,8","24,6","100","22,7986366050532","36,95476888188572","1284374528","[23:23:43] [Server thread/INFO]: The game is running normally [23:23:43] [Server thread/INFO]: Target tick rate: 20,0 per second. Average time per tick: 15,2ms (Target: 50,0ms) [23:23:43] [Server thread/INFO]: Percentiles: P50: 14,7ms P95: 20,8ms P99: 24,6ms, sample: 100"
"without-umce","1","2026-09-26T21:23:43.3943827+00:00",,"0","0","500","0","0","0","True","0","15,1","14,6","19,8","24,6","100","25,095725133950943","36,95476888188572","1284374528","[23:23:43] [Server thread/INFO]: The game is running normally [23:23:43] [Server thread/INFO]: Target tick rate: 20,0 per second. Average time per tick: 15,1ms (Target: 50,0ms) [23:23:43] [Server thread/INFO]: Percentiles: P50: 14,6ms P95: 19,8ms P99: 24,6ms, sample: 100"
"without-umce","1","2026-09-26T21:23:43.5189328+00:00",,"0","0","500","0","0","0","True","0","15,2","14,8","19,8","24,6","100","25,67939460724496","36,95476888188572","1284374528","[23:23:43] [Server thread/INFO]: The game is running normally [23:23:43] [Server thread/INFO]: Target tick rate: 20,0 per second. Average time per tick: 15,2ms (Target: 50,0ms) [23:23:43] [Server thread/INFO]: Percentiles: P50: 14,8ms P95: 19,8ms P99: 24,6ms, sample: 100"
"without-umce","1","2026-09-26T21:23:43.6406279+00:00",,"0","0","500","0","0","0","True","0","15,2","14,8","19,8","24,6","100","25,64630746516821","36,95476888188572","1284374528","[23:23:43] [Server thread/INFO]: The game is running normally [23:23:43] [Server thread/INFO]: Target tick rate: 20,0 per second. Average time per tick: 15,2ms (Target: 50,0ms) [23:23:43] [Server thread/INFO]: Percentiles: P50: 14,8ms P95: 19,8ms P99: 24,6ms, sample: 100"
"without-umce","1","2026-09-26T21:23:43.7624647+00:00",,"0","0","500","0","0","0","True","0","15,2","14,8","19,8","24,6","100","51,10630848094879","36,95476888188572","1284374528","[23:23:43] [Server thread/INFO]: The game is running normally [23:23:43] [Server thread/INFO]: Target tick rate: 20,0 per second. Average time per tick: 15,2ms (Target: 50,0ms) [23:23:43] [Server thread/INFO]: Percentiles: P50: 14,8ms P95: 19,8ms P99: 24,6ms, sample: 100"
"without-umce","1","2026-09-26T21:23:43.8847549+00:00",,"0","0","500","0","0","0","True","0","15,3","14,8","19,8","24,6","100","25,065591640204087","36,95476888188572","1284374528","[23:23:43] [Server thread/INFO]: The game is running normally [23:23:43] [Server thread/INFO]: Target tick rate: 20,0 per second. Average time per tick: 15,3ms (Target: 50,0ms) [23:23:43] [Server thread/INFO]: Percentiles: P50: 14,8ms P95: 19,8ms P99: 24,6ms, sample: 100"
"without-umce","1","2026-09-26T21:23:44.0094659+00:00",,"0","0","500","0","0","0","True","0","15,4","14,9","21","24,6","100","126,88397323458716","36,95476888188572","1284374528","[23:23:44] [Server thread/INFO]: The game is running normally [23:23:44] [Server thread/INFO]: Target tick rate: 20,0 per second. Average time per tick: 15,4ms (Target: 50,0ms) [23:23:44] [Server thread/INFO]: Percentiles: P50: 14,9ms P95: 21,0ms P99: 24,6ms, sample: 100"
"without-umce","1","2026-09-26T21:23:44.1325888+00:00",,"0","0","500","0","0","0","True","0","15,6","15","21,4","30,4","100","22,674815572120064","36,95476888188572","1284374528","[23:23:44] [Server thread/INFO]: The game is running normally [23:23:44] [Server thread/INFO]: Target tick rate: 20,0 per second. Average time per tick: 15,6ms (Target: 50,0ms) [23:23:44] [Server thread/INFO]: Percentiles: P50: 15,0ms P95: 21,4ms P99: 30,4ms, sample: 100"
"without-umce","1","2026-09-26T21:23:44.2703825+00:00",,"0","0","500","0","0","0","True","0","15,6","15","21,4","30,4","100","51,18264670789122","36,95476888188572","1284374528","[23:23:44] [Server thread/INFO]: The game is running normally [23:23:44] [Server thread/INFO]: Target tick rate: 20,0 per second. Average time per tick: 15,6ms (Target: 50,0ms) [23:23:44] [Server thread/INFO]: Percentiles: P50: 15,0ms P95: 21,4ms P99: 30,4ms, sample: 100"
"without-umce","1","2026-09-26T21:23:44.3924897+00:00",,"0","0","500","0","0","0","True","0","15,6","15","21,4","30,4","100","37,70114313887452","36,95476888188572","1284374528","[23:23:44] [Server thread/INFO]: The game is running normally [23:23:44] [Server thread/INFO]: Target tick rate: 20,0 per second. Average time per tick: 15,6ms (Target: 50,0ms) [23:23:44] [Server thread/INFO]: Percentiles: P50: 15,0ms P95: 21,4ms P99: 30,4ms, sample: 100"
"without-umce","1","2026-09-26T21:23:44.5168521+00:00",,"0","0","500","0","0","0","True","0","15,7","15","21,7","30,4","100","38,53812458481593","36,95476888188572","1284374528","[23:23:44] [Server thread/INFO]: The game is running normally [23:23:44] [Server thread/INFO]: Target tick rate: 20,0 per second. Average time per tick: 15,7ms (Target: 50,0ms) [23:23:44] [Server thread/INFO]: Percentiles: P50: 15,0ms P95: 21,7ms P99: 30,4ms, sample: 100"
"without-umce","1","2026-09-26T21:23:44.6384775+00:00",,"0","0","500","0","0","0","True","0","15,7","15","21,7","30,4","100","24,928166993990118","36,95476888188572","1284374528","[23:23:44] [Server thread/INFO]: The game is running normally [23:23:44] [Server thread/INFO]: Target tick rate: 20,0 per second. Average time per tick: 15,7ms (Target: 50,0ms) [23:23:44] [Server thread/INFO]: Percentiles: P50: 15,0ms P95: 21,7ms P99: 30,4ms, sample: 100"
"without-umce","1","2026-09-26T21:23:44.7638365+00:00",,"0","0","500","0","0","0","True","0","15,7","15","21,7","30,4","100","38,464631412413056","36,95476888188572","1284374528","[23:23:44] [Server thread/INFO]: The game is running normally [23:23:44] [Server thread/INFO]: Target tick rate: 20,0 per second. Average time per tick: 15,7ms (Target: 50,0ms) [23:23:44] [Server thread/INFO]: Percentiles: P50: 15,0ms P95: 21,7ms P99: 30,4ms, sample: 100"
"without-umce","1","2026-09-26T21:23:44.8856795+00:00",,"0","0","500","0","0","0","True","0","15,7","15","21,7","30,4","100","25,342180254670666","36,95476888188572","1284374528","[23:23:44] [Server thread/INFO]: The game is running normally [23:23:44] [Server thread/INFO]: Target tick rate: 20,0 per second. Average time per tick: 15,7ms (Target: 50,0ms) [23:23:44] [Server thread/INFO]: Percentiles: P50: 15,0ms P95: 21,7ms P99: 30,4ms, sample: 100"
"without-umce","1","2026-09-26T21:23:45.0090392+00:00",,"0","0","500","0","0","0","True","0","15,7","15","21,7","30,4","100","33,917596340445115","36,95476888188572","1284374528","[23:23:45] [Server thread/INFO]: The game is running normally [23:23:45] [Server thread/INFO]: Target tick rate: 20,0 per second. Average time per tick: 15,7ms (Target: 50,0ms) [23:23:45] [Server thread/INFO]: Percentiles: P50: 15,0ms P95: 21,7ms P99: 30,4ms, sample: 100"
"without-umce","1","2026-09-26T21:23:45.1472266+00:00",,"0","0","500","0","0","0","True","0","15,8","15","21,7","30,4","100","33,530162840353505","36,95476888188572","1284374528","[23:23:45] [Server thread/INFO]: The game is running normally [23:23:45] [Server thread/INFO]: Target tick rate: 20,0 per second. Average time per tick: 15,8ms (Target: 50,0ms) [23:23:45] [Server thread/INFO]: Percentiles: P50: 15,0ms P95: 21,7ms P99: 30,4ms, sample: 100"
"without-umce","1","2026-09-26T21:23:45.2869967+00:00",,"0","0","500","0","0","0","True","0","15,8","15,1","21,7","30,4","100","12,47923455370264","36,95476888188572","1284374528","[23:23:45] [Server thread/INFO]: The game is running normally [23:23:45] [Server thread/INFO]: Target tick rate: 20,0 per second. Average time per tick: 15,8ms (Target: 50,0ms) [23:23:45] [Server thread/INFO]: Percentiles: P50: 15,1ms P95: 21,7ms P99: 30,4ms, sample: 100"
"without-umce","1","2026-09-26T21:23:45.4122030+00:00",,"0","0","500","0","0","0","True","0","15,8","15,1","21,7","30,4","100","64,19948886934942","36,95476888188572","1284374528","[23:23:45] [Server thread/INFO]: The game is running normally [23:23:45] [Server thread/INFO]: Target tick rate: 20,0 per second. Average time per tick: 15,8ms (Target: 50,0ms) [23:23:45] [Server thread/INFO]: Percentiles: P50: 15,1ms P95: 21,7ms P99: 30,4ms, sample: 100"
"without-umce","1","2026-09-26T21:23:45.5338937+00:00",,"0","0","500","0","0","0","True","0","15,7","15","21,4","30,4","100","25,426204205372127","36,95476888188572","1284374528","[23:23:45] [Server thread/INFO]: The game is running normally [23:23:45] [Server thread/INFO]: Target tick rate: 20,0 per second. Average time per tick: 15,7ms (Target: 50,0ms) [23:23:45] [Server thread/INFO]: Percentiles: P50: 15,0ms P95: 21,4ms P99: 30,4ms, sample: 100"
"with-umce","1","2026-09-26T21:24:27.9332433+00:00","1eb50fb702881358824526c667271024104dd5c27a9cd35da157bce789abdbb9","0","0","500","0","0","0","True","0","15","14,8","18,1","20,1","100","37,628992185210905","37,105739125456736","1305579520","[23:24:27] [Server thread/INFO]: The game is running normally [23:24:27] [Server thread/INFO]: Target tick rate: 20,0 per second. Average time per tick: 15,0ms (Target: 50,0ms) [23:24:27] [Server thread/INFO]: Percentiles: P50: 14,8ms P95: 18,1ms P99: 20,1ms, sample: 100"
"with-umce","1","2026-09-26T21:24:28.0677562+00:00","1eb50fb702881358824526c667271024104dd5c27a9cd35da157bce789abdbb9","0","0","500","0","0","0","True","0","15","14,8","18,1","20,1","100","25,420371601092956","37,105739125456736","1305579520","[23:24:28] [Server thread/INFO]: The game is running normally [23:24:28] [Server thread/INFO]: Target tick rate: 20,0 per second. Average time per tick: 15,0ms (Target: 50,0ms) [23:24:28] [Server thread/INFO]: Percentiles: P50: 14,8ms P95: 18,1ms P99: 20,1ms, sample: 100"
"with-umce","1","2026-09-26T21:24:28.1808406+00:00","1eb50fb702881358824526c667271024104dd5c27a9cd35da157bce789abdbb9","0","0","500","0","0","0","True","0","15","14,8","18,1","20,1","100","37,588528502328685","37,105739125456736","1305579520","[23:24:28] [Server thread/INFO]: The game is running normally [23:24:28] [Server thread/INFO]: Target tick rate: 20,0 per second. Average time per tick: 15,0ms (Target: 50,0ms) [23:24:28] [Server thread/INFO]: Percentiles: P50: 14,8ms P95: 18,1ms P99: 20,1ms, sample: 100"
"with-umce","1","2026-09-26T21:24:28.3055805+00:00","1eb50fb702881358824526c667271024104dd5c27a9cd35da157bce789abdbb9","0","0","500","0","0","0","True","0","15","14,9","18,1","20,1","100","11,452088127940897","37,105739125456736","1305579520","[23:24:28] [Server thread/INFO]: The game is running normally [23:24:28] [Server thread/INFO]: Target tick rate: 20,0 per second. Average time per tick: 15,0ms (Target: 50,0ms) [23:24:28] [Server thread/INFO]: Percentiles: P50: 14,9ms P95: 18,1ms P99: 20,1ms, sample: 100"
"with-umce","1","2026-09-26T21:24:28.4419883+00:00","1eb50fb702881358824526c667271024104dd5c27a9cd35da157bce789abdbb9","0","0","500","0","0","0","True","0","15","14,8","18,1","20,1","100","50,51615385361469","37,105739125456736","1305579520","[23:24:28] [Server thread/INFO]: The game is running normally [23:24:28] [Server thread/INFO]: Target tick rate: 20,0 per second. Average time per tick: 15,0ms (Target: 50,0ms) [23:24:28] [Server thread/INFO]: Percentiles: P50: 14,8ms P95: 18,1ms P99: 20,1ms, sample: 100"
"with-umce","1","2026-09-26T21:24:28.5657024+00:00","1eb50fb702881358824526c667271024104dd5c27a9cd35da157bce789abdbb9","0","0","500","0","0","0","True","0","15","14,8","18,1","20,1","100","25,50589410605718","37,105739125456736","1305579520","[23:24:28] [Server thread/INFO]: The game is running normally [23:24:28] [Server thread/INFO]: Target tick rate: 20,0 per second. Average time per tick: 15,0ms (Target: 50,0ms) [23:24:28] [Server thread/INFO]: Percentiles: P50: 14,8ms P95: 18,1ms P99: 20,1ms, sample: 100"
"with-umce","1","2026-09-26T21:24:28.6882730+00:00","1eb50fb702881358824526c667271024104dd5c27a9cd35da157bce789abdbb9","0","0","500","0","0","0","True","0","15","14,7","18,1","20,1","100","38,28480793481741","37,105739125456736","1305579520","[23:24:28] [Server thread/INFO]: The game is running normally [23:24:28] [Server thread/INFO]: Target tick rate: 20,0 per second. Average time per tick: 15,0ms (Target: 50,0ms) [23:24:28] [Server thread/INFO]: Percentiles: P50: 14,7ms P95: 18,1ms P99: 20,1ms, sample: 100"
"with-umce","1","2026-09-26T21:24:28.8107145+00:00","1eb50fb702881358824526c667271024104dd5c27a9cd35da157bce789abdbb9","0","0","500","0","0","0","True","0","15","14,7","18,1","20,1","100","37,72268455144408","37,105739125456736","1305579520","[23:24:28] [Server thread/INFO]: The game is running normally [23:24:28] [Server thread/INFO]: Target tick rate: 20,0 per second. Average time per tick: 15,0ms (Target: 50,0ms) [23:24:28] [Server thread/INFO]: Percentiles: P50: 14,7ms P95: 18,1ms P99: 20,1ms, sample: 100"
"with-umce","1","2026-09-26T21:24:28.9349274+00:00","1eb50fb702881358824526c667271024104dd5c27a9cd35da157bce789abdbb9","0","0","500","0","0","0","True","0","15","14,9","18,3","20,1","100","101,793769081242","37,105739125456736","1305579520","[23:24:28] [Server thread/INFO]: The game is running normally [23:24:28] [Server thread/INFO]: Target tick rate: 20,0 per second. Average time per tick: 15,0ms (Target: 50,0ms) [23:24:28] [Server thread/INFO]: Percentiles: P50: 14,9ms P95: 18,3ms P99: 20,1ms, sample: 100"
"with-umce","1","2026-09-26T21:24:29.0577081+00:00","1eb50fb702881358824526c667271024104dd5c27a9cd35da157bce789abdbb9","0","0","500","0","0","0","True","0","15","14,8","18,3","20,1","100","38,016199158655894","37,105739125456736","1305579520","[23:24:29] [Server thread/INFO]: The game is running normally [23:24:29] [Server thread/INFO]: Target tick rate: 20,0 per second. Average time per tick: 15,0ms (Target: 50,0ms) [23:24:29] [Server thread/INFO]: Percentiles: P50: 14,8ms P95: 18,3ms P99: 20,1ms, sample: 100"
"with-umce","1","2026-09-26T21:24:29.1810559+00:00","1eb50fb702881358824526c667271024104dd5c27a9cd35da157bce789abdbb9","0","0","500","0","0","0","True","0","14,9","14,7","18,1","20,1","100","38,20365010917075","37,105739125456736","1305579520","[23:24:29] [Server thread/INFO]: The game is running normally [23:24:29] [Server thread/INFO]: Target tick rate: 20,0 per second. Average time per tick: 14,9ms (Target: 50,0ms) [23:24:29] [Server thread/INFO]: Percentiles: P50: 14,7ms P95: 18,1ms P99: 20,1ms, sample: 100"
"with-umce","1","2026-09-26T21:24:29.3037726+00:00","1eb50fb702881358824526c667271024104dd5c27a9cd35da157bce789abdbb9","0","0","500","0","0","0","True","0","14,8","14,7","17,9","19,5","100","33,861708421614566","37,105739125456736","1305579520","[23:24:29] [Server thread/INFO]: The game is running normally [23:24:29] [Server thread/INFO]: Target tick rate: 20,0 per second. Average time per tick: 14,8ms (Target: 50,0ms) [23:24:29] [Server thread/INFO]: Percentiles: P50: 14,7ms P95: 17,9ms P99: 19,5ms, sample: 100"
"with-umce","1","2026-09-26T21:24:29.4421462+00:00","1eb50fb702881358824526c667271024104dd5c27a9cd35da157bce789abdbb9","0","0","500","0","0","0","True","0","14,8","14,7","17,7","19,5","100","50,24463105970348","37,105739125456736","1305579520","[23:24:29] [Server thread/INFO]: The game is running normally [23:24:29] [Server thread/INFO]: Target tick rate: 20,0 per second. Average time per tick: 14,8ms (Target: 50,0ms) [23:24:29] [Server thread/INFO]: Percentiles: P50: 14,7ms P95: 17,7ms P99: 19,5ms, sample: 100"
"with-umce","1","2026-09-26T21:24:29.5665826+00:00","1eb50fb702881358824526c667271024104dd5c27a9cd35da157bce789abdbb9","0","0","500","0","0","0","True","0","14,7","14,6","17,2","19,5","100","25,13441887212814","37,105739125456736","1305579520","[23:24:29] [Server thread/INFO]: The game is running normally [23:24:29] [Server thread/INFO]: Target tick rate: 20,0 per second. Average time per tick: 14,7ms (Target: 50,0ms) [23:24:29] [Server thread/INFO]: Percentiles: P50: 14,6ms P95: 17,2ms P99: 19,5ms, sample: 100"
"with-umce","1","2026-09-26T21:24:29.6908817+00:00","1eb50fb702881358824526c667271024104dd5c27a9cd35da157bce789abdbb9","0","0","500","0","0","0","True","0","14,7","14,6","17,2","19,5","100","37,88977974216359","37,105739125456736","1305579520","[23:24:29] [Server thread/INFO]: The game is running normally [23:24:29] [Server thread/INFO]: Target tick rate: 20,0 per second. Average time per tick: 14,7ms (Target: 50,0ms) [23:24:29] [Server thread/INFO]: Percentiles: P50: 14,6ms P95: 17,2ms P99: 19,5ms, sample: 100"
"with-umce","1","2026-09-26T21:24:29.8145828+00:00","1eb50fb702881358824526c667271024104dd5c27a9cd35da157bce789abdbb9","0","0","500","0","0","0","True","0","14,7","14,6","17,2","19,5","100","12,684297772921438","37,105739125456736","1305579520","[23:24:29] [Server thread/INFO]: The game is running normally [23:24:29] [Server thread/INFO]: Target tick rate: 20,0 per second. Average time per tick: 14,7ms (Target: 50,0ms) [23:24:29] [Server thread/INFO]: Percentiles: P50: 14,6ms P95: 17,2ms P99: 19,5ms, sample: 100"
"with-umce","1","2026-09-26T21:24:29.9377773+00:00","1eb50fb702881358824526c667271024104dd5c27a9cd35da157bce789abdbb9","0","0","500","0","0","0","True","0","14,6","14,5","17,2","19,5","100","37,478831955711414","37,105739125456736","1305579520","[23:24:29] [Server thread/INFO]: The game is running normally [23:24:29] [Server thread/INFO]: Target tick rate: 20,0 per second. Average time per tick: 14,6ms (Target: 50,0ms) [23:24:29] [Server thread/INFO]: Percentiles: P50: 14,5ms P95: 17,2ms P99: 19,5ms, sample: 100"
"with-umce","1","2026-09-26T21:24:30.0628419+00:00","1eb50fb702881358824526c667271024104dd5c27a9cd35da157bce789abdbb9","0","0","500","0","0","0","True","0","14,7","14,6","17,2","19,5","100","37,49736018584292","37,105739125456736","1305579520","[23:24:30] [Server thread/INFO]: The game is running normally [23:24:30] [Server thread/INFO]: Target tick rate: 20,0 per second. Average time per tick: 14,7ms (Target: 50,0ms) [23:24:30] [Server thread/INFO]: Percentiles: P50: 14,6ms P95: 17,2ms P99: 19,5ms, sample: 100"
"with-umce","1","2026-09-26T21:24:30.1878612+00:00","1eb50fb702881358824526c667271024104dd5c27a9cd35da157bce789abdbb9","0","0","500","0","0","0","True","0","14,6","14,5","17,2","19,5","100","37,86486584730462","37,105739125456736","1305579520","[23:24:30] [Server thread/INFO]: The game is running normally [23:24:30] [Server thread/INFO]: Target tick rate: 20,0 per second. Average time per tick: 14,6ms (Target: 50,0ms) [23:24:30] [Server thread/INFO]: Percentiles: P50: 14,5ms P95: 17,2ms P99: 19,5ms, sample: 100"
"with-umce","1","2026-09-26T21:24:30.3116573+00:00","1eb50fb702881358824526c667271024104dd5c27a9cd35da157bce789abdbb9","0","0","500","0","0","0","True","0","14,6","14,5","17,2","19,5","100","25,67950011668765","37,105739125456736","1305579520","[23:24:30] [Server thread/INFO]: The game is running normally [23:24:30] [Server thread/INFO]: Target tick rate: 20,0 per second. Average time per tick: 14,6ms (Target: 50,0ms) [23:24:30] [Server thread/INFO]: Percentiles: P50: 14,5ms P95: 17,2ms P99: 19,5ms, sample: 100"
"with-umce","1","2026-09-26T21:24:30.4333739+00:00","1eb50fb702881358824526c667271024104dd5c27a9cd35da157bce789abdbb9","0","0","500","0","0","0","True","0","14,6","14,5","16,9","19,5","100","62,84949346325044","37,105739125456736","1305579520","[23:24:30] [Server thread/INFO]: The game is running normally [23:24:30] [Server thread/INFO]: Target tick rate: 20,0 per second. Average time per tick: 14,6ms (Target: 50,0ms) [23:24:30] [Server thread/INFO]: Percentiles: P50: 14,5ms P95: 16,9ms P99: 19,5ms, sample: 100"
"with-umce","1","2026-09-26T21:24:30.5576498+00:00","1eb50fb702881358824526c667271024104dd5c27a9cd35da157bce789abdbb9","0","0","500","0","0","0","True","0","14,6","14,5","16,9","19,5","100","49,66975572811491","37,105739125456736","1305579520","[23:24:30] [Server thread/INFO]: The game is running normally [23:24:30] [Server thread/INFO]: Target tick rate: 20,0 per second. Average time per tick: 14,6ms (Target: 50,0ms) [23:24:30] [Server thread/INFO]: Percentiles: P50: 14,5ms P95: 16,9ms P99: 19,5ms, sample: 100"
"with-umce","1","2026-09-26T21:24:30.6834934+00:00","1eb50fb702881358824526c667271024104dd5c27a9cd35da157bce789abdbb9","0","0","500","0","0","0","True","0","14,7","14,6","16,9","19,5","100","25,688154842443247","37,105739125456736","1305579520","[23:24:30] [Server thread/INFO]: The game is running normally [23:24:30] [Server thread/INFO]: Target tick rate: 20,0 per second. Average time per tick: 14,7ms (Target: 50,0ms) [23:24:30] [Server thread/INFO]: Percentiles: P50: 14,6ms P95: 16,9ms P99: 19,5ms, sample: 100"
"with-umce","1","2026-09-26T21:24:30.8051648+00:00","1eb50fb702881358824526c667271024104dd5c27a9cd35da157bce789abdbb9","0","0","500","0","0","0","True","0","14,7","14,7","16,9","19,5","100","25,043997294446886","37,105739125456736","1305579520","[23:24:30] [Server thread/INFO]: The game is running normally [23:24:30] [Server thread/INFO]: Target tick rate: 20,0 per second. Average time per tick: 14,7ms (Target: 50,0ms) [23:24:30] [Server thread/INFO]: Percentiles: P50: 14,7ms P95: 16,9ms P99: 19,5ms, sample: 100"
"with-umce","1","2026-09-26T21:24:30.9299126+00:00","1eb50fb702881358824526c667271024104dd5c27a9cd35da157bce789abdbb9","0","0","500","0","0","0","True","0","14,7","14,6","16,9","19,5","100","37,78371032408146","37,105739125456736","1305579520","[23:24:30] [Server thread/INFO]: The game is running normally [23:24:30] [Server thread/INFO]: Target tick rate: 20,0 per second. Average time per tick: 14,7ms (Target: 50,0ms) [23:24:30] [Server thread/INFO]: Percentiles: P50: 14,6ms P95: 16,9ms P99: 19,5ms, sample: 100"
"with-umce","1","2026-09-26T21:24:31.0539513+00:00","1eb50fb702881358824526c667271024104dd5c27a9cd35da157bce789abdbb9","0","0","500","0","0","0","True","0","14,7","14,6","16,9","19,5","100","33,94685099957634","37,105739125456736","1305579520","[23:24:31] [Server thread/INFO]: The game is running normally [23:24:31] [Server thread/INFO]: Target tick rate: 20,0 per second. Average time per tick: 14,7ms (Target: 50,0ms) [23:24:31] [Server thread/INFO]: Percentiles: P50: 14,6ms P95: 16,9ms P99: 19,5ms, sample: 100"
"with-umce","1","2026-09-26T21:24:31.1920603+00:00","1eb50fb702881358824526c667271024104dd5c27a9cd35da157bce789abdbb9","0","0","500","0","0","0","True","0","14,7","14,7","16,9","19,5","100","63,05249114843908","37,105739125456736","1305579520","[23:24:31] [Server thread/INFO]: The game is running normally [23:24:31] [Server thread/INFO]: Target tick rate: 20,0 per second. Average time per tick: 14,7ms (Target: 50,0ms) [23:24:31] [Server thread/INFO]: Percentiles: P50: 14,7ms P95: 16,9ms P99: 19,5ms, sample: 100"
"with-umce","1","2026-09-26T21:24:31.3159657+00:00","1eb50fb702881358824526c667271024104dd5c27a9cd35da157bce789abdbb9","0","0","500","0","0","0","True","0","14,8","14,7","16,9","19,5","100","25,20334055157007","37,105739125456736","1305579520","[23:24:31] [Server thread/INFO]: The game is running normally [23:24:31] [Server thread/INFO]: Target tick rate: 20,0 per second. Average time per tick: 14,8ms (Target: 50,0ms) [23:24:31] [Server thread/INFO]: Percentiles: P50: 14,7ms P95: 16,9ms P99: 19,5ms, sample: 100"
"with-umce","1","2026-09-26T21:24:31.4399560+00:00","1eb50fb702881358824526c667271024104dd5c27a9cd35da157bce789abdbb9","0","0","500","0","0","0","True","0","14,8","14,7","16,9","19,5","100","38,007999721071954","37,105739125456736","1305579520","[23:24:31] [Server thread/INFO]: The game is running normally [23:24:31] [Server thread/INFO]: Target tick rate: 20,0 per second. Average time per tick: 14,8ms (Target: 50,0ms) [23:24:31] [Server thread/INFO]: Percentiles: P50: 14,7ms P95: 16,9ms P99: 19,5ms, sample: 100"
"with-umce","1","2026-09-26T21:24:31.5632850+00:00","1eb50fb702881358824526c667271024104dd5c27a9cd35da157bce789abdbb9","0","0","500","0","0","0","True","0","14,8","14,7","16,9","19,5","100","24,995120952390092","37,105739125456736","1305579520","[23:24:31] [Server thread/INFO]: The game is running normally [23:24:31] [Server thread/INFO]: Target tick rate: 20,0 per second. Average time per tick: 14,8ms (Target: 50,0ms) [23:24:31] [Server thread/INFO]: Percentiles: P50: 14,7ms P95: 16,9ms P99: 19,5ms, sample: 100"
"with-umce","1","2026-09-26T21:24:31.6883470+00:00","1eb50fb702881358824526c667271024104dd5c27a9cd35da157bce789abdbb9","0","0","500","0","0","0","True","0","14,8","14,7","16,9","19,5","100","37,944374154599345","37,105739125456736","1305579520","[23:24:31] [Server thread/INFO]: The game is running normally [23:24:31] [Server thread/INFO]: Target tick rate: 20,0 per second. Average time per tick: 14,8ms (Target: 50,0ms) [23:24:31] [Server thread/INFO]: Percentiles: P50: 14,7ms P95: 16,9ms P99: 19,5ms, sample: 100"
"with-umce","1","2026-09-26T21:24:31.8118479+00:00","1eb50fb702881358824526c667271024104dd5c27a9cd35da157bce789abdbb9","0","0","500","0","0","0","True","0","14,9","14,9","16,9","19,5","100","25,384401062164567","37,105739125456736","1305579520","[23:24:31] [Server thread/INFO]: The game is running normally [23:24:31] [Server thread/INFO]: Target tick rate: 20,0 per second. Average time per tick: 14,9ms (Target: 50,0ms) [23:24:31] [Server thread/INFO]: Percentiles: P50: 14,9ms P95: 16,9ms P99: 19,5ms, sample: 100"
"with-umce","1","2026-09-26T21:24:31.9349326+00:00","1eb50fb702881358824526c667271024104dd5c27a9cd35da157bce789abdbb9","0","0","500","0","0","0","True","0","14,9","14,9","16,9","19,5","100","25,36750410547687","37,105739125456736","1305579520","[23:24:31] [Server thread/INFO]: The game is running normally [23:24:31] [Server thread/INFO]: Target tick rate: 20,0 per second. Average time per tick: 14,9ms (Target: 50,0ms) [23:24:31] [Server thread/INFO]: Percentiles: P50: 14,9ms P95: 16,9ms P99: 19,5ms, sample: 100"
"with-umce","1","2026-09-26T21:24:32.0581396+00:00","1eb50fb702881358824526c667271024104dd5c27a9cd35da157bce789abdbb9","0","0","500","0","0","0","True","0","14,9","14,8","16,9","19,5","100","37,630502582957696","37,105739125456736","1305579520","[23:24:32] [Server thread/INFO]: The game is running normally [23:24:32] [Server thread/INFO]: Target tick rate: 20,0 per second. Average time per tick: 14,9ms (Target: 50,0ms) [23:24:32] [Server thread/INFO]: Percentiles: P50: 14,8ms P95: 16,9ms P99: 19,5ms, sample: 100"
"with-umce","1","2026-09-26T21:24:32.1827054+00:00","1eb50fb702881358824526c667271024104dd5c27a9cd35da157bce789abdbb9","0","0","500","0","0","0","True","0","14,9","14,8","16,9","19,5","100","38,11015888785816","37,105739125456736","1305579520","[23:24:32] [Server thread/INFO]: The game is running normally [23:24:32] [Server thread/INFO]: Target tick rate: 20,0 per second. Average time per tick: 14,9ms (Target: 50,0ms) [23:24:32] [Server thread/INFO]: Percentiles: P50: 14,8ms P95: 16,9ms P99: 19,5ms, sample: 100"
"with-umce","1","2026-09-26T21:24:32.3056952+00:00","1eb50fb702881358824526c667271024104dd5c27a9cd35da157bce789abdbb9","0","0","500","0","0","0","True","0","14,9","14,9","16,9","19,5","100","22,61706593327061","37,105739125456736","1305579520","[23:24:32] [Server thread/INFO]: The game is running normally [23:24:32] [Server thread/INFO]: Target tick rate: 20,0 per second. Average time per tick: 14,9ms (Target: 50,0ms) [23:24:32] [Server thread/INFO]: Percentiles: P50: 14,9ms P95: 16,9ms P99: 19,5ms, sample: 100"
"with-umce","1","2026-09-26T21:24:32.4439036+00:00","1eb50fb702881358824526c667271024104dd5c27a9cd35da157bce789abdbb9","0","0","500","0","0","0","True","0","14,9","14,8","16,9","19,5","100","38,013116248366956","37,105739125456736","1305579520","[23:24:32] [Server thread/INFO]: The game is running normally [23:24:32] [Server thread/INFO]: Target tick rate: 20,0 per second. Average time per tick: 14,9ms (Target: 50,0ms) [23:24:32] [Server thread/INFO]: Percentiles: P50: 14,8ms P95: 16,9ms P99: 19,5ms, sample: 100"
"with-umce","1","2026-09-26T21:24:32.5671932+00:00","1eb50fb702881358824526c667271024104dd5c27a9cd35da157bce789abdbb9","0","0","500","0","0","0","True","0","14,9","14,8","16,9","19,5","100","25,177653523260123","37,105739125456736","1305579520","[23:24:32] [Server thread/INFO]: The game is running normally [23:24:32] [Server thread/INFO]: Target tick rate: 20,0 per second. Average time per tick: 14,9ms (Target: 50,0ms) [23:24:32] [Server thread/INFO]: Percentiles: P50: 14,8ms P95: 16,9ms P99: 19,5ms, sample: 100"
"with-umce","1","2026-09-26T21:24:32.6913053+00:00","1eb50fb702881358824526c667271024104dd5c27a9cd35da157bce789abdbb9","0","0","500","0","0","0","True","0","14,9","14,7","17","19,8","100","38,02215058961709","37,105739125456736","1305579520","[23:24:32] [Server thread/INFO]: The game is running normally [23:24:32] [Server thread/INFO]: Target tick rate: 20,0 per second. Average time per tick: 14,9ms (Target: 50,0ms) [23:24:32] [Server thread/INFO]: Percentiles: P50: 14,7ms P95: 17,0ms P99: 19,8ms, sample: 100"
"with-umce","1","2026-09-26T21:24:32.8145666+00:00","1eb50fb702881358824526c667271024104dd5c27a9cd35da157bce789abdbb9","0","0","500","0","0","0","True","0","14,9","14,8","17","19,8","100","25,469079315195547","37,105739125456736","1305579520","[23:24:32] [Server thread/INFO]: The game is running normally [23:24:32] [Server thread/INFO]: Target tick rate: 20,0 per second. Average time per tick: 14,9ms (Target: 50,0ms) [23:24:32] [Server thread/INFO]: Percentiles: P50: 14,8ms P95: 17,0ms P99: 19,8ms, sample: 100"
"with-umce","1","2026-09-26T21:24:32.9373170+00:00","1eb50fb702881358824526c667271024104dd5c27a9cd35da157bce789abdbb9","0","0","500","0","0","0","True","0","14,9","14,8","17","19,8","100","37,774484514274526","37,105739125456736","1305579520","[23:24:32] [Server thread/INFO]: The game is running normally [23:24:32] [Server thread/INFO]: Target tick rate: 20,0 per second. Average time per tick: 14,9ms (Target: 50,0ms) [23:24:32] [Server thread/INFO]: Percentiles: P50: 14,8ms P95: 17,0ms P99: 19,8ms, sample: 100"
"with-umce","1","2026-09-26T21:24:33.0613816+00:00","1eb50fb702881358824526c667271024104dd5c27a9cd35da157bce789abdbb9","0","0","500","0","0","0","True","0","14,9","14,8","17","19,8","100","25,318814512339376","37,105739125456736","1305579520","[23:24:33] [Server thread/INFO]: The game is running normally [23:24:33] [Server thread/INFO]: Target tick rate: 20,0 per second. Average time per tick: 14,9ms (Target: 50,0ms) [23:24:33] [Server thread/INFO]: Percentiles: P50: 14,8ms P95: 17,0ms P99: 19,8ms, sample: 100"
"with-umce","1","2026-09-26T21:24:33.1848036+00:00","1eb50fb702881358824526c667271024104dd5c27a9cd35da157bce789abdbb9","0","0","500","0","0","0","True","0","14,9","14,8","17","19,8","100","38,37274982195044","37,105739125456736","1305579520","[23:24:33] [Server thread/INFO]: The game is running normally [23:24:33] [Server thread/INFO]: Target tick rate: 20,0 per second. Average time per tick: 14,9ms (Target: 50,0ms) [23:24:33] [Server thread/INFO]: Percentiles: P50: 14,8ms P95: 17,0ms P99: 19,8ms, sample: 100"
"with-umce","1","2026-09-26T21:24:33.3069372+00:00","1eb50fb702881358824526c667271024104dd5c27a9cd35da157bce789abdbb9","0","0","500","0","0","0","True","0","14,9","14,8","17","19,8","100","12,805928509725947","37,105739125456736","1305579520","[23:24:33] [Server thread/INFO]: The game is running normally [23:24:33] [Server thread/INFO]: Target tick rate: 20,0 per second. Average time per tick: 14,9ms (Target: 50,0ms) [23:24:33] [Server thread/INFO]: Percentiles: P50: 14,8ms P95: 17,0ms P99: 19,8ms, sample: 100"
"with-umce","1","2026-09-26T21:24:33.4289985+00:00","1eb50fb702881358824526c667271024104dd5c27a9cd35da157bce789abdbb9","0","0","500","0","0","0","True","0","14,9","14,8","17","19,8","100","33,5855142721419","37,105739125456736","1305579520","[23:24:33] [Server thread/INFO]: The game is running normally [23:24:33] [Server thread/INFO]: Target tick rate: 20,0 per second. Average time per tick: 14,9ms (Target: 50,0ms) [23:24:33] [Server thread/INFO]: Percentiles: P50: 14,8ms P95: 17,0ms P99: 19,8ms, sample: 100"
"with-umce","1","2026-09-26T21:24:33.5685702+00:00","1eb50fb702881358824526c667271024104dd5c27a9cd35da157bce789abdbb9","0","0","500","0","0","0","True","0","14,9","14,8","17,6","19,8","100","37,70942305186081","37,105739125456736","1305579520","[23:24:33] [Server thread/INFO]: The game is running normally [23:24:33] [Server thread/INFO]: Target tick rate: 20,0 per second. Average time per tick: 14,9ms (Target: 50,0ms) [23:24:33] [Server thread/INFO]: Percentiles: P50: 14,8ms P95: 17,6ms P99: 19,8ms, sample: 100"
"with-umce","1","2026-09-26T21:24:33.6928527+00:00","1eb50fb702881358824526c667271024104dd5c27a9cd35da157bce789abdbb9","0","0","500","0","0","0","True","0","14,9","14,8","17,6","19,8","100","38,019436752689955","37,105739125456736","1305579520","[23:24:33] [Server thread/INFO]: The game is running normally [23:24:33] [Server thread/INFO]: Target tick rate: 20,0 per second. Average time per tick: 14,9ms (Target: 50,0ms) [23:24:33] [Server thread/INFO]: Percentiles: P50: 14,8ms P95: 17,6ms P99: 19,8ms, sample: 100"
"with-umce","1","2026-09-26T21:24:33.8161813+00:00","1eb50fb702881358824526c667271024104dd5c27a9cd35da157bce789abdbb9","0","0","500","0","0","0","True","0","14,9","14,8","17,6","19,8","100","25,60325362050489","37,105739125456736","1305579520","[23:24:33] [Server thread/INFO]: The game is running normally [23:24:33] [Server thread/INFO]: Target tick rate: 20,0 per second. Average time per tick: 14,9ms (Target: 50,0ms) [23:24:33] [Server thread/INFO]: Percentiles: P50: 14,8ms P95: 17,6ms P99: 19,8ms, sample: 100"
"with-umce","1","2026-09-26T21:24:33.9381976+00:00","1eb50fb702881358824526c667271024104dd5c27a9cd35da157bce789abdbb9","0","0","500","0","0","0","True","0","14,9","14,8","17,2","19,8","100","37,91202791942835","37,105739125456736","1305579520","[23:24:33] [Server thread/INFO]: The game is running normally [23:24:33] [Server thread/INFO]: Target tick rate: 20,0 per second. Average time per tick: 14,9ms (Target: 50,0ms) [23:24:33] [Server thread/INFO]: Percentiles: P50: 14,8ms P95: 17,2ms P99: 19,8ms, sample: 100"
"with-umce","1","2026-09-26T21:24:34.0618415+00:00","1eb50fb702881358824526c667271024104dd5c27a9cd35da157bce789abdbb9","0","0","500","0","0","0","True","0","14,9","14,8","17,2","19,8","100","25,601995071308725","37,105739125456736","1305579520","[23:24:34] [Server thread/INFO]: The game is running normally [23:24:34] [Server thread/INFO]: Target tick rate: 20,0 per second. Average time per tick: 14,9ms (Target: 50,0ms) [23:24:34] [Server thread/INFO]: Percentiles: P50: 14,8ms P95: 17,2ms P99: 19,8ms, sample: 100"
"with-umce","1","2026-09-26T21:24:34.1839034+00:00","1eb50fb702881358824526c667271024104dd5c27a9cd35da157bce789abdbb9","0","0","500","0","0","0","True","0","15","14,8","17,2","19,8","100","50,95173769882388","37,105739125456736","1305579520","[23:24:34] [Server thread/INFO]: The game is running normally [23:24:34] [Server thread/INFO]: Target tick rate: 20,0 per second. Average time per tick: 15,0ms (Target: 50,0ms) [23:24:34] [Server thread/INFO]: Percentiles: P50: 14,8ms P95: 17,2ms P99: 19,8ms, sample: 100"
"with-umce","1","2026-09-26T21:24:34.3065411+00:00","1eb50fb702881358824526c667271024104dd5c27a9cd35da157bce789abdbb9","0","0","500","0","0","0","True","0","14,9","14,8","17,2","19,8","100","51,10827267122089","37,105739125456736","1305579520","[23:24:34] [Server thread/INFO]: The game is running normally [23:24:34] [Server thread/INFO]: Target tick rate: 20,0 per second. Average time per tick: 14,9ms (Target: 50,0ms) [23:24:34] [Server thread/INFO]: Percentiles: P50: 14,8ms P95: 17,2ms P99: 19,8ms, sample: 100"
"with-umce","1","2026-09-26T21:24:34.4288507+00:00","1eb50fb702881358824526c667271024104dd5c27a9cd35da157bce789abdbb9","0","0","500","0","0","0","True","0","15","14,8","17,2","19,8","100","62,44669550072059","37,105739125456736","1305579520","[23:24:34] [Server thread/INFO]: The game is running normally [23:24:34] [Server thread/INFO]: Target tick rate: 20,0 per second. Average time per tick: 15,0ms (Target: 50,0ms) [23:24:34] [Server thread/INFO]: Percentiles: P50: 14,8ms P95: 17,2ms P99: 19,8ms, sample: 100"
"with-umce","1","2026-09-26T21:24:34.5539872+00:00","1eb50fb702881358824526c667271024104dd5c27a9cd35da157bce789abdbb9","0","0","500","0","0","0","True","0","14,9","14,8","17,2","19,8","100","49,578857354091404","37,105739125456736","1305579520","[23:24:34] [Server thread/INFO]: The game is running normally [23:24:34] [Server thread/INFO]: Target tick rate: 20,0 per second. Average time per tick: 14,9ms (Target: 50,0ms) [23:24:34] [Server thread/INFO]: Percentiles: P50: 14,8ms P95: 17,2ms P99: 19,8ms, sample: 100"
"with-umce","1","2026-09-26T21:24:34.6811159+00:00","1eb50fb702881358824526c667271024104dd5c27a9cd35da157bce789abdbb9","0","0","500","0","0","0","True","0","14,9","14,8","17,2","19,8","100","56,43503920655043","37,105739125456736","1305579520","[23:24:34] [Server thread/INFO]: The game is running normally [23:24:34] [Server thread/INFO]: Target tick rate: 20,0 per second. Average time per tick: 14,9ms (Target: 50,0ms) [23:24:34] [Server thread/INFO]: Percentiles: P50: 14,8ms P95: 17,2ms P99: 19,8ms, sample: 100"
"with-umce","1","2026-09-26T21:24:34.8184543+00:00","1eb50fb702881358824526c667271024104dd5c27a9cd35da157bce789abdbb9","0","0","500","0","0","0","True","0","15","14,9","17,5","19,8","100","24,727913818670405","37,105739125456736","1305579520","[23:24:34] [Server thread/INFO]: The game is running normally [23:24:34] [Server thread/INFO]: Target tick rate: 20,0 per second. Average time per tick: 15,0ms (Target: 50,0ms) [23:24:34] [Server thread/INFO]: Percentiles: P50: 14,9ms P95: 17,5ms P99: 19,8ms, sample: 100"
"with-umce","1","2026-09-26T21:24:34.9448186+00:00","1eb50fb702881358824526c667271024104dd5c27a9cd35da157bce789abdbb9","0","0","500","0","0","0","True","0","15","14,9","17,5","19,8","100","45,7588501276855","37,105739125456736","1305579520","[23:24:34] [Server thread/INFO]: The game is running normally [23:24:34] [Server thread/INFO]: Target tick rate: 20,0 per second. Average time per tick: 15,0ms (Target: 50,0ms) [23:24:34] [Server thread/INFO]: Percentiles: P50: 14,9ms P95: 17,5ms P99: 19,8ms, sample: 100"
"with-umce","1","2026-09-26T21:24:35.0814204+00:00","1eb50fb702881358824526c667271024104dd5c27a9cd35da157bce789abdbb9","0","0","500","0","0","0","True","0","15","14,9","17,5","20,3","100","37,886533570095544","37,105739125456736","1305579520","[23:24:35] [Server thread/INFO]: The game is running normally [23:24:35] [Server thread/INFO]: Target tick rate: 20,0 per second. Average time per tick: 15,0ms (Target: 50,0ms) [23:24:35] [Server thread/INFO]: Percentiles: P50: 14,9ms P95: 17,5ms P99: 20,3ms, sample: 100"
"with-umce","1","2026-09-26T21:24:35.2051282+00:00","1eb50fb702881358824526c667271024104dd5c27a9cd35da157bce789abdbb9","0","0","500","0","0","0","True","0","15","14,9","17,5","20,3","100","25,01951522187306","37,105739125456736","1305579520","[23:24:35] [Server thread/INFO]: The game is running normally [23:24:35] [Server thread/INFO]: Target tick rate: 20,0 per second. Average time per tick: 15,0ms (Target: 50,0ms) [23:24:35] [Server thread/INFO]: Percentiles: P50: 14,9ms P95: 17,5ms P99: 20,3ms, sample: 100"
"with-umce","1","2026-09-26T21:24:35.3300227+00:00","1eb50fb702881358824526c667271024104dd5c27a9cd35da157bce789abdbb9","0","0","500","0","0","0","True","0","15","14,9","17,5","20,3","100","38,0232917503855","37,105739125456736","1305579520","[23:24:35] [Server thread/INFO]: The game is running normally [23:24:35] [Server thread/INFO]: Target tick rate: 20,0 per second. Average time per tick: 15,0ms (Target: 50,0ms) [23:24:35] [Server thread/INFO]: Percentiles: P50: 14,9ms P95: 17,5ms P99: 20,3ms, sample: 100"
"with-umce","1","2026-09-26T21:24:35.4533433+00:00","1eb50fb702881358824526c667271024104dd5c27a9cd35da157bce789abdbb9","0","0","500","0","0","0","True","0","15","14,9","17,5","20,3","100","38,35008328615421","37,105739125456736","1305579520","[23:24:35] [Server thread/INFO]: The game is running normally [23:24:35] [Server thread/INFO]: Target tick rate: 20,0 per second. Average time per tick: 15,0ms (Target: 50,0ms) [23:24:35] [Server thread/INFO]: Percentiles: P50: 14,9ms P95: 17,5ms P99: 20,3ms, sample: 100"
"with-umce","1","2026-09-26T21:24:35.5755542+00:00","1eb50fb702881358824526c667271024104dd5c27a9cd35da157bce789abdbb9","0","0","500","0","0","0","True","0","15","14,8","17,5","20,3","100","25,344153326856045","37,105739125456736","1305579520","[23:24:35] [Server thread/INFO]: The game is running normally [23:24:35] [Server thread/INFO]: Target tick rate: 20,0 per second. Average time per tick: 15,0ms (Target: 50,0ms) [23:24:35] [Server thread/INFO]: Percentiles: P50: 14,8ms P95: 17,5ms P99: 20,3ms, sample: 100"
"with-umce","1","2026-09-26T21:24:35.6988831+00:00","1eb50fb702881358824526c667271024104dd5c27a9cd35da157bce789abdbb9","0","0","500","0","0","0","True","0","15","14,8","17,5","20,3","100","38,392078332125266","37,105739125456736","1305579520","[23:24:35] [Server thread/INFO]: The game is running normally [23:24:35] [Server thread/INFO]: Target tick rate: 20,0 per second. Average time per tick: 15,0ms (Target: 50,0ms) [23:24:35] [Server thread/INFO]: Percentiles: P50: 14,8ms P95: 17,5ms P99: 20,3ms, sample: 100"
"with-umce","1","2026-09-26T21:24:35.8209297+00:00","1eb50fb702881358824526c667271024104dd5c27a9cd35da157bce789abdbb9","0","0","500","0","0","0","True","0","15","14,8","17,5","20,3","100","12,55581814514606","37,105739125456736","1305579520","[23:24:35] [Server thread/INFO]: The game is running normally [23:24:35] [Server thread/INFO]: Target tick rate: 20,0 per second. Average time per tick: 15,0ms (Target: 50,0ms) [23:24:35] [Server thread/INFO]: Percentiles: P50: 14,8ms P95: 17,5ms P99: 20,3ms, sample: 100"
"with-umce","1","2026-09-26T21:24:35.9453775+00:00","1eb50fb702881358824526c667271024104dd5c27a9cd35da157bce789abdbb9","0","0","500","0","0","0","True","0","15","14,8","17,5","20,3","100","37,522303257055995","37,105739125456736","1305579520","[23:24:35] [Server thread/INFO]: The game is running normally [23:24:35] [Server thread/INFO]: Target tick rate: 20,0 per second. Average time per tick: 15,0ms (Target: 50,0ms) [23:24:35] [Server thread/INFO]: Percentiles: P50: 14,8ms P95: 17,5ms P99: 20,3ms, sample: 100"
"with-umce","1","2026-09-26T21:24:36.0703398+00:00","1eb50fb702881358824526c667271024104dd5c27a9cd35da157bce789abdbb9","0","0","500","0","0","0","True","0","14,9","14,7","17,5","20,3","100","22,808287765415486","37,105739125456736","1305579520","[23:24:36] [Server thread/INFO]: The game is running normally [23:24:36] [Server thread/INFO]: Target tick rate: 20,0 per second. Average time per tick: 14,9ms (Target: 50,0ms) [23:24:36] [Server thread/INFO]: Percentiles: P50: 14,7ms P95: 17,5ms P99: 20,3ms, sample: 100"
"with-umce","1","2026-09-26T21:24:36.2073129+00:00","1eb50fb702881358824526c667271024104dd5c27a9cd35da157bce789abdbb9","0","0","500","0","0","0","True","0","15","14,8","17,6","20,3","100","25,500649144524623","37,105739125456736","1305579520","[23:24:36] [Server thread/INFO]: The game is running normally [23:24:36] [Server thread/INFO]: Target tick rate: 20,0 per second. Average time per tick: 15,0ms (Target: 50,0ms) [23:24:36] [Server thread/INFO]: Percentiles: P50: 14,8ms P95: 17,6ms P99: 20,3ms, sample: 100"
"with-umce","1","2026-09-26T21:24:36.3298862+00:00","1eb50fb702881358824526c667271024104dd5c27a9cd35da157bce789abdbb9","0","0","500","0","0","0","True","0","14,9","14,8","17,6","20,3","100","25,75762446290201","37,105739125456736","1305579520","[23:24:36] [Server thread/INFO]: The game is running normally [23:24:36] [Server thread/INFO]: Target tick rate: 20,0 per second. Average time per tick: 14,9ms (Target: 50,0ms) [23:24:36] [Server thread/INFO]: Percentiles: P50: 14,8ms P95: 17,6ms P99: 20,3ms, sample: 100"
"with-umce","1","2026-09-26T21:24:36.4511975+00:00","1eb50fb702881358824526c667271024104dd5c27a9cd35da157bce789abdbb9","0","0","500","0","0","0","True","0","15","14,8","17,6","20,3","100","37,61664168252919","37,105739125456736","1305579520","[23:24:36] [Server thread/INFO]: The game is running normally [23:24:36] [Server thread/INFO]: Target tick rate: 20,0 per second. Average time per tick: 15,0ms (Target: 50,0ms) [23:24:36] [Server thread/INFO]: Percentiles: P50: 14,8ms P95: 17,6ms P99: 20,3ms, sample: 100"
"with-umce","1","2026-09-26T21:24:36.5757947+00:00","1eb50fb702881358824526c667271024104dd5c27a9cd35da157bce789abdbb9","0","0","500","0","0","0","True","0","15","14,8","17,6","20,3","100","25,44001042022827","37,105739125456736","1305579520","[23:24:36] [Server thread/INFO]: The game is running normally [23:24:36] [Server thread/INFO]: Target tick rate: 20,0 per second. Average time per tick: 15,0ms (Target: 50,0ms) [23:24:36] [Server thread/INFO]: Percentiles: P50: 14,8ms P95: 17,6ms P99: 20,3ms, sample: 100"
"with-umce","1","2026-09-26T21:24:36.6986752+00:00","1eb50fb702881358824526c667271024104dd5c27a9cd35da157bce789abdbb9","0","0","500","0","0","0","True","0","15","14,8","17,6","20,3","100","51,02449012247511","37,105739125456736","1305579520","[23:24:36] [Server thread/INFO]: The game is running normally [23:24:36] [Server thread/INFO]: Target tick rate: 20,0 per second. Average time per tick: 15,0ms (Target: 50,0ms) [23:24:36] [Server thread/INFO]: Percentiles: P50: 14,8ms P95: 17,6ms P99: 20,3ms, sample: 100"
"with-umce","1","2026-09-26T21:24:36.8211516+00:00","1eb50fb702881358824526c667271024104dd5c27a9cd35da157bce789abdbb9","0","0","500","0","0","0","True","0","14,9","14,7","17,6","20,3","100","22,745949219395413","37,105739125456736","1305579520","[23:24:36] [Server thread/INFO]: The game is running normally [23:24:36] [Server thread/INFO]: Target tick rate: 20,0 per second. Average time per tick: 14,9ms (Target: 50,0ms) [23:24:36] [Server thread/INFO]: Percentiles: P50: 14,7ms P95: 17,6ms P99: 20,3ms, sample: 100"
"with-umce","1","2026-09-26T21:24:36.9585177+00:00","1eb50fb702881358824526c667271024104dd5c27a9cd35da157bce789abdbb9","0","0","500","0","0","0","True","0","14,9","14,7","17,6","20,3","100","25,314979095902864","37,105739125456736","1305579520","[23:24:36] [Server thread/INFO]: The game is running normally [23:24:36] [Server thread/INFO]: Target tick rate: 20,0 per second. Average time per tick: 14,9ms (Target: 50,0ms) [23:24:36] [Server thread/INFO]: Percentiles: P50: 14,7ms P95: 17,6ms P99: 20,3ms, sample: 100"
"with-umce","1","2026-09-26T21:24:37.0819729+00:00","1eb50fb702881358824526c667271024104dd5c27a9cd35da157bce789abdbb9","0","0","500","0","0","0","True","0","14,9","14,7","17,6","20,3","100","12,832484541475822","37,105739125456736","1305579520","[23:24:37] [Server thread/INFO]: The game is running normally [23:24:37] [Server thread/INFO]: Target tick rate: 20,0 per second. Average time per tick: 14,9ms (Target: 50,0ms) [23:24:37] [Server thread/INFO]: Percentiles: P50: 14,7ms P95: 17,6ms P99: 20,3ms, sample: 100"
"with-umce","1","2026-09-26T21:24:37.2037535+00:00","1eb50fb702881358824526c667271024104dd5c27a9cd35da157bce789abdbb9","0","0","500","0","0","0","True","0","14,9","14,7","17,6","20,3","100","113,32610195279509","37,105739125456736","1305579520","[23:24:37] [Server thread/INFO]: The game is running normally [23:24:37] [Server thread/INFO]: Target tick rate: 20,0 per second. Average time per tick: 14,9ms (Target: 50,0ms) [23:24:37] [Server thread/INFO]: Percentiles: P50: 14,7ms P95: 17,6ms P99: 20,3ms, sample: 100"
"with-umce","1","2026-09-26T21:24:37.3278395+00:00","1eb50fb702881358824526c667271024104dd5c27a9cd35da157bce789abdbb9","0","0","500","0","0","0","True","0","14,9","14,7","17,6","20,3","100","50,616878015753585","37,105739125456736","1305579520","[23:24:37] [Server thread/INFO]: The game is running normally [23:24:37] [Server thread/INFO]: Target tick rate: 20,0 per second. Average time per tick: 14,9ms (Target: 50,0ms) [23:24:37] [Server thread/INFO]: Percentiles: P50: 14,7ms P95: 17,6ms P99: 20,3ms, sample: 100"
"with-umce","1","2026-09-26T21:24:37.4512756+00:00","1eb50fb702881358824526c667271024104dd5c27a9cd35da157bce789abdbb9","0","0","500","0","0","0","True","0","14,9","14,7","17,6","20,3","100","50,71676996658373","37,105739125456736","1305579520","[23:24:37] [Server thread/INFO]: The game is running normally [23:24:37] [Server thread/INFO]: Target tick rate: 20,0 per second. Average time per tick: 14,9ms (Target: 50,0ms) [23:24:37] [Server thread/INFO]: Percentiles: P50: 14,7ms P95: 17,6ms P99: 20,3ms, sample: 100"
"with-umce","1","2026-09-26T21:24:37.5745250+00:00","1eb50fb702881358824526c667271024104dd5c27a9cd35da157bce789abdbb9","0","0","500","0","0","0","True","0","14,9","14,7","17,6","20,3","100","25,269330633625437","37,105739125456736","1305579520","[23:24:37] [Server thread/INFO]: The game is running normally [23:24:37] [Server thread/INFO]: Target tick rate: 20,0 per second. Average time per tick: 14,9ms (Target: 50,0ms) [23:24:37] [Server thread/INFO]: Percentiles: P50: 14,7ms P95: 17,6ms P99: 20,3ms, sample: 100"
"with-umce","1","2026-09-26T21:24:37.6981815+00:00","1eb50fb702881358824526c667271024104dd5c27a9cd35da157bce789abdbb9","0","0","500","0","0","0","True","0","14,9","14,7","17,5","20,3","100","38,014565153923506","37,105739125456736","1305579520","[23:24:37] [Server thread/INFO]: The game is running normally [23:24:37] [Server thread/INFO]: Target tick rate: 20,0 per second. Average time per tick: 14,9ms (Target: 50,0ms) [23:24:37] [Server thread/INFO]: Percentiles: P50: 14,7ms P95: 17,5ms P99: 20,3ms, sample: 100"
"with-umce","1","2026-09-26T21:24:37.8214844+00:00","1eb50fb702881358824526c667271024104dd5c27a9cd35da157bce789abdbb9","0","0","500","0","0","0","True","0","14,9","14,7","17,5","20,3","100","34,172326211395294","37,105739125456736","1305579520","[23:24:37] [Server thread/INFO]: The game is running normally [23:24:37] [Server thread/INFO]: Target tick rate: 20,0 per second. Average time per tick: 14,9ms (Target: 50,0ms) [23:24:37] [Server thread/INFO]: Percentiles: P50: 14,7ms P95: 17,5ms P99: 20,3ms, sample: 100"
"with-umce","1","2026-09-26T21:24:37.9586776+00:00","1eb50fb702881358824526c667271024104dd5c27a9cd35da157bce789abdbb9","0","0","500","0","0","0","True","0","14,8","14,6","17,5","20,3","100","51,44405520729073","37,105739125456736","1305579520","[23:24:37] [Server thread/INFO]: The game is running normally [23:24:37] [Server thread/INFO]: Target tick rate: 20,0 per second. Average time per tick: 14,8ms (Target: 50,0ms) [23:24:37] [Server thread/INFO]: Percentiles: P50: 14,6ms P95: 17,5ms P99: 20,3ms, sample: 100"
"with-umce","1","2026-09-26T21:24:38.0801490+00:00","1eb50fb702881358824526c667271024104dd5c27a9cd35da157bce789abdbb9","0","0","500","0","0","0","True","0","14,8","14,6","17,5","20,3","100","63,8481668118659","37,105739125456736","1305579520","[23:24:38] [Server thread/INFO]: The game is running normally [23:24:38] [Server thread/INFO]: Target tick rate: 20,0 per second. Average time per tick: 14,8ms (Target: 50,0ms) [23:24:38] [Server thread/INFO]: Percentiles: P50: 14,6ms P95: 17,5ms P99: 20,3ms, sample: 100"
"with-umce","1","2026-09-26T21:24:38.2025444+00:00","1eb50fb702881358824526c667271024104dd5c27a9cd35da157bce789abdbb9","0","0","500","0","0","0","True","0","14,8","14,6","17,5","20,3","100","38,037855273568255","37,105739125456736","1305579520","[23:24:38] [Server thread/INFO]: The game is running normally [23:24:38] [Server thread/INFO]: Target tick rate: 20,0 per second. Average time per tick: 14,8ms (Target: 50,0ms) [23:24:38] [Server thread/INFO]: Percentiles: P50: 14,6ms P95: 17,5ms P99: 20,3ms, sample: 100"
"with-umce","1","2026-09-26T21:24:38.3257557+00:00","1eb50fb702881358824526c667271024104dd5c27a9cd35da157bce789abdbb9","0","0","500","0","0","0","True","0","14,8","14,6","17,5","20,3","100","25,131568788923776","37,105739125456736","1305579520","[23:24:38] [Server thread/INFO]: The game is running normally [23:24:38] [Server thread/INFO]: Target tick rate: 20,0 per second. Average time per tick: 14,8ms (Target: 50,0ms) [23:24:38] [Server thread/INFO]: Percentiles: P50: 14,6ms P95: 17,5ms P99: 20,3ms, sample: 100"
"with-umce","1","2026-09-26T21:24:38.4501591+00:00","1eb50fb702881358824526c667271024104dd5c27a9cd35da157bce789abdbb9","0","0","500","0","0","0","True","0","14,8","14,7","17,5","20,3","100","38,48509528704339","37,105739125456736","1305579520","[23:24:38] [Server thread/INFO]: The game is running normally [23:24:38] [Server thread/INFO]: Target tick rate: 20,0 per second. Average time per tick: 14,8ms (Target: 50,0ms) [23:24:38] [Server thread/INFO]: Percentiles: P50: 14,7ms P95: 17,5ms P99: 20,3ms, sample: 100"
"with-umce","1","2026-09-26T21:24:38.5719236+00:00","1eb50fb702881358824526c667271024104dd5c27a9cd35da157bce789abdbb9","0","0","500","0","0","0","True","0","14,8","14,7","17,5","20,3","100","25,00384058991461","37,105739125456736","1305579520","[23:24:38] [Server thread/INFO]: The game is running normally [23:24:38] [Server thread/INFO]: Target tick rate: 20,0 per second. Average time per tick: 14,8ms (Target: 50,0ms) [23:24:38] [Server thread/INFO]: Percentiles: P50: 14,7ms P95: 17,5ms P99: 20,3ms, sample: 100"
"with-umce","1","2026-09-26T21:24:38.6968945+00:00","1eb50fb702881358824526c667271024104dd5c27a9cd35da157bce789abdbb9","0","0","500","0","0","0","True","0","14,9","14,7","17,5","20,3","100","34,02661734410184","37,105739125456736","1305579520","[23:24:38] [Server thread/INFO]: The game is running normally [23:24:38] [Server thread/INFO]: Target tick rate: 20,0 per second. Average time per tick: 14,9ms (Target: 50,0ms) [23:24:38] [Server thread/INFO]: Percentiles: P50: 14,7ms P95: 17,5ms P99: 20,3ms, sample: 100"
"with-umce","1","2026-09-26T21:24:38.8346352+00:00","1eb50fb702881358824526c667271024104dd5c27a9cd35da157bce789abdbb9","0","0","500","0","0","0","True","0","14,8","14,7","17,5","20,3","100","50,68855330813774","37,105739125456736","1305579520","[23:24:38] [Server thread/INFO]: The game is running normally [23:24:38] [Server thread/INFO]: Target tick rate: 20,0 per second. Average time per tick: 14,8ms (Target: 50,0ms) [23:24:38] [Server thread/INFO]: Percentiles: P50: 14,7ms P95: 17,5ms P99: 20,3ms, sample: 100"
"with-umce","1","2026-09-26T21:24:38.9579405+00:00","1eb50fb702881358824526c667271024104dd5c27a9cd35da157bce789abdbb9","0","0","500","0","0","0","True","0","14,8","14,7","17,5","20,3","100","25,64352950154723","37,105739125456736","1305579520","[23:24:38] [Server thread/INFO]: The game is running normally [23:24:38] [Server thread/INFO]: Target tick rate: 20,0 per second. Average time per tick: 14,8ms (Target: 50,0ms) [23:24:38] [Server thread/INFO]: Percentiles: P50: 14,7ms P95: 17,5ms P99: 20,3ms, sample: 100"
"with-umce","1","2026-09-26T21:24:39.0798328+00:00","1eb50fb702881358824526c667271024104dd5c27a9cd35da157bce789abdbb9","0","0","500","0","0","0","True","0","14,8","14,7","17,5","20,3","100","25,315491784819127","37,105739125456736","1305579520","[23:24:39] [Server thread/INFO]: The game is running normally [23:24:39] [Server thread/INFO]: Target tick rate: 20,0 per second. Average time per tick: 14,8ms (Target: 50,0ms) [23:24:39] [Server thread/INFO]: Percentiles: P50: 14,7ms P95: 17,5ms P99: 20,3ms, sample: 100"
"with-umce","1","2026-09-26T21:24:39.2032678+00:00","1eb50fb702881358824526c667271024104dd5c27a9cd35da157bce789abdbb9","0","0","500","0","0","0","True","0","14,8","14,7","17,5","20,3","100","51,119893736054486","37,105739125456736","1305579520","[23:24:39] [Server thread/INFO]: The game is running normally [23:24:39] [Server thread/INFO]: Target tick rate: 20,0 per second. Average time per tick: 14,8ms (Target: 50,0ms) [23:24:39] [Server thread/INFO]: Percentiles: P50: 14,7ms P95: 17,5ms P99: 20,3ms, sample: 100"
"with-umce","1","2026-09-26T21:24:39.3255233+00:00","1eb50fb702881358824526c667271024104dd5c27a9cd35da157bce789abdbb9","0","0","500","0","0","0","True","0","14,8","14,7","18,1","20,3","100","25,13150815587808","37,105739125456736","1305579520","[23:24:39] [Server thread/INFO]: The game is running normally [23:24:39] [Server thread/INFO]: Target tick rate: 20,0 per second. Average time per tick: 14,8ms (Target: 50,0ms) [23:24:39] [Server thread/INFO]: Percentiles: P50: 14,7ms P95: 18,1ms P99: 20,3ms, sample: 100"
"with-umce","1","2026-09-26T21:24:39.4498761+00:00","1eb50fb702881358824526c667271024104dd5c27a9cd35da157bce789abdbb9","0","0","500","0","0","0","True","0","14,8","14,7","18,2","20,3","100","38,08743005116513","37,105739125456736","1305579520","[23:24:39] [Server thread/INFO]: The game is running normally [23:24:39] [Server thread/INFO]: Target tick rate: 20,0 per second. Average time per tick: 14,8ms (Target: 50,0ms) [23:24:39] [Server thread/INFO]: Percentiles: P50: 14,7ms P95: 18,2ms P99: 20,3ms, sample: 100"
"with-umce","1","2026-09-26T21:24:39.5729567+00:00","1eb50fb702881358824526c667271024104dd5c27a9cd35da157bce789abdbb9","0","0","500","0","0","0","True","0","14,8","14,7","18,2","20,3","100","25,345612775810956","37,105739125456736","1305579520","[23:24:39] [Server thread/INFO]: The game is running normally [23:24:39] [Server thread/INFO]: Target tick rate: 20,0 per second. Average time per tick: 14,8ms (Target: 50,0ms) [23:24:39] [Server thread/INFO]: Percentiles: P50: 14,7ms P95: 18,2ms P99: 20,3ms, sample: 100"
"with-umce","1","2026-09-26T21:24:39.6962349+00:00","1eb50fb702881358824526c667271024104dd5c27a9cd35da157bce789abdbb9","0","0","500","0","0","0","True","0","14,8","14,7","18,2","20,3","100","37,89415989354874","37,105739125456736","1305579520","[23:24:39] [Server thread/INFO]: The game is running normally [23:24:39] [Server thread/INFO]: Target tick rate: 20,0 per second. Average time per tick: 14,8ms (Target: 50,0ms) [23:24:39] [Server thread/INFO]: Percentiles: P50: 14,7ms P95: 18,2ms P99: 20,3ms, sample: 100"
"with-umce","1","2026-09-26T21:24:39.8199363+00:00","1eb50fb702881358824526c667271024104dd5c27a9cd35da157bce789abdbb9","0","0","500","0","0","0","True","0","14,8","14,7","18,4","20,3","100","169,28225048067128","37,105739125456736","1305579520","[23:24:39] [Server thread/INFO]: The game is running normally [23:24:39] [Server thread/INFO]: Target tick rate: 20,0 per second. Average time per tick: 14,8ms (Target: 50,0ms) [23:24:39] [Server thread/INFO]: Percentiles: P50: 14,7ms P95: 18,4ms P99: 20,3ms, sample: 100"
"with-umce","1","2026-09-26T21:24:39.9583689+00:00","1eb50fb702881358824526c667271024104dd5c27a9cd35da157bce789abdbb9","0","0","500","0","0","0","True","0","14,9","14,7","18,4","20,3","100","38,131363870420884","37,105739125456736","1305579520","[23:24:39] [Server thread/INFO]: The game is running normally [23:24:39] [Server thread/INFO]: Target tick rate: 20,0 per second. Average time per tick: 14,9ms (Target: 50,0ms) [23:24:39] [Server thread/INFO]: Percentiles: P50: 14,7ms P95: 18,4ms P99: 20,3ms, sample: 100"
"with-umce","1","2026-09-26T21:24:40.0812983+00:00","1eb50fb702881358824526c667271024104dd5c27a9cd35da157bce789abdbb9","0","0","500","0","0","0","True","0","14,8","14,7","18,2","20,1","100","12,627119739844966","37,105739125456736","1305579520","[23:24:40] [Server thread/INFO]: The game is running normally [23:24:40] [Server thread/INFO]: Target tick rate: 20,0 per second. Average time per tick: 14,8ms (Target: 50,0ms) [23:24:40] [Server thread/INFO]: Percentiles: P50: 14,7ms P95: 18,2ms P99: 20,1ms, sample: 100"
"with-umce","1","2026-09-26T21:24:40.2050514+00:00","1eb50fb702881358824526c667271024104dd5c27a9cd35da157bce789abdbb9","0","0","500","0","0","0","True","0","14,8","14,7","18,2","20,1","100","38,0089859324182","37,105739125456736","1305579520","[23:24:40] [Server thread/INFO]: The game is running normally [23:24:40] [Server thread/INFO]: Target tick rate: 20,0 per second. Average time per tick: 14,8ms (Target: 50,0ms) [23:24:40] [Server thread/INFO]: Percentiles: P50: 14,7ms P95: 18,2ms P99: 20,1ms, sample: 100"
"with-umce","1","2026-09-26T21:24:40.3284091+00:00","1eb50fb702881358824526c667271024104dd5c27a9cd35da157bce789abdbb9","0","0","500","0","0","0","True","0","14,8","14,7","18,2","20,1","100","25,203157612885953","37,105739125456736","1305579520","[23:24:40] [Server thread/INFO]: The game is running normally [23:24:40] [Server thread/INFO]: Target tick rate: 20,0 per second. Average time per tick: 14,8ms (Target: 50,0ms) [23:24:40] [Server thread/INFO]: Percentiles: P50: 14,7ms P95: 18,2ms P99: 20,1ms, sample: 100"
"with-umce","1","2026-09-26T21:24:40.4523904+00:00","1eb50fb702881358824526c667271024104dd5c27a9cd35da157bce789abdbb9","0","0","500","0","0","0","True","0","14,8","14,7","18,2","20,1","100","37,44781272818201","37,105739125456736","1305579520","[23:24:40] [Server thread/INFO]: The game is running normally [23:24:40] [Server thread/INFO]: Target tick rate: 20,0 per second. Average time per tick: 14,8ms (Target: 50,0ms) [23:24:40] [Server thread/INFO]: Percentiles: P50: 14,7ms P95: 18,2ms P99: 20,1ms, sample: 100"
"with-umce","1","2026-09-26T21:24:40.5775269+00:00","1eb50fb702881358824526c667271024104dd5c27a9cd35da157bce789abdbb9","0","0","500","0","0","0","True","0","14,8","14,7","18,2","20,1","100","25,42519054654803","37,105739125456736","1305579520","[23:24:40] [Server thread/INFO]: The game is running normally [23:24:40] [Server thread/INFO]: Target tick rate: 20,0 per second. Average time per tick: 14,8ms (Target: 50,0ms) [23:24:40] [Server thread/INFO]: Percentiles: P50: 14,7ms P95: 18,2ms P99: 20,1ms, sample: 100"
"with-umce","1","2026-09-26T21:24:40.7004851+00:00","1eb50fb702881358824526c667271024104dd5c27a9cd35da157bce789abdbb9","0","0","500","0","0","0","True","0","14,7","14,7","18,1","20,1","100","38,12568829575937","37,105739125456736","1305579520","[23:24:40] [Server thread/INFO]: The game is running normally [23:24:40] [Server thread/INFO]: Target tick rate: 20,0 per second. Average time per tick: 14,7ms (Target: 50,0ms) [23:24:40] [Server thread/INFO]: Percentiles: P50: 14,7ms P95: 18,1ms P99: 20,1ms, sample: 100"
"with-umce","1","2026-09-26T21:24:40.8234225+00:00","1eb50fb702881358824526c667271024104dd5c27a9cd35da157bce789abdbb9","0","0","500","0","0","0","True","0","14,8","14,8","18,1","20,1","100","25,59679438033642","37,105739125456736","1305579520","[23:24:40] [Server thread/INFO]: The game is running normally [23:24:40] [Server thread/INFO]: Target tick rate: 20,0 per second. Average time per tick: 14,8ms (Target: 50,0ms) [23:24:40] [Server thread/INFO]: Percentiles: P50: 14,8ms P95: 18,1ms P99: 20,1ms, sample: 100"
"with-umce","1","2026-09-26T21:24:40.9454789+00:00","1eb50fb702881358824526c667271024104dd5c27a9cd35da157bce789abdbb9","0","0","500","0","0","0","True","0","14,8","14,8","18,1","20,1","100","33,961534170193836","37,105739125456736","1305579520","[23:24:40] [Server thread/INFO]: The game is running normally [23:24:40] [Server thread/INFO]: Target tick rate: 20,0 per second. Average time per tick: 14,8ms (Target: 50,0ms) [23:24:40] [Server thread/INFO]: Percentiles: P50: 14,8ms P95: 18,1ms P99: 20,1ms, sample: 100"
"with-umce","1","2026-09-26T21:24:41.0835189+00:00","1eb50fb702881358824526c667271024104dd5c27a9cd35da157bce789abdbb9","0","0","500","0","0","0","True","0","14,8","14,8","18,1","20,1","100","50,75082805051048","37,105739125456736","1305579520","[23:24:41] [Server thread/INFO]: The game is running normally [23:24:41] [Server thread/INFO]: Target tick rate: 20,0 per second. Average time per tick: 14,8ms (Target: 50,0ms) [23:24:41] [Server thread/INFO]: Percentiles: P50: 14,8ms P95: 18,1ms P99: 20,1ms, sample: 100"
"with-umce","1","2026-09-26T21:24:41.2066987+00:00","1eb50fb702881358824526c667271024104dd5c27a9cd35da157bce789abdbb9","0","0","500","0","0","0","True","0","14,8","14,8","17,8","20,1","100","25,158032698196998","37,105739125456736","1305579520","[23:24:41] [Server thread/INFO]: The game is running normally [23:24:41] [Server thread/INFO]: Target tick rate: 20,0 per second. Average time per tick: 14,8ms (Target: 50,0ms) [23:24:41] [Server thread/INFO]: Percentiles: P50: 14,8ms P95: 17,8ms P99: 20,1ms, sample: 100"
"with-umce","1","2026-09-26T21:24:41.3308686+00:00","1eb50fb702881358824526c667271024104dd5c27a9cd35da157bce789abdbb9","0","0","500","0","0","0","True","0","14,8","14,8","17,8","20,1","100","25,602666282148757","37,105739125456736","1305579520","[23:24:41] [Server thread/INFO]: The game is running normally [23:24:41] [Server thread/INFO]: Target tick rate: 20,0 per second. Average time per tick: 14,8ms (Target: 50,0ms) [23:24:41] [Server thread/INFO]: Percentiles: P50: 14,8ms P95: 17,8ms P99: 20,1ms, sample: 100"
"with-umce","1","2026-09-26T21:24:41.4529438+00:00","1eb50fb702881358824526c667271024104dd5c27a9cd35da157bce789abdbb9","0","0","500","0","0","0","True","0","14,7","14,7","17,8","20,1","100","38,26902368474978","37,105739125456736","1305579520","[23:24:41] [Server thread/INFO]: The game is running normally [23:24:41] [Server thread/INFO]: Target tick rate: 20,0 per second. Average time per tick: 14,7ms (Target: 50,0ms) [23:24:41] [Server thread/INFO]: Percentiles: P50: 14,7ms P95: 17,8ms P99: 20,1ms, sample: 100"
"with-umce","1","2026-09-26T21:24:41.5754087+00:00","1eb50fb702881358824526c667271024104dd5c27a9cd35da157bce789abdbb9","0","0","500","0","0","0","True","0","14,8","14,8","17,8","20,1","100","25,397460091447112","37,105739125456736","1305579520","[23:24:41] [Server thread/INFO]: The game is running normally [23:24:41] [Server thread/INFO]: Target tick rate: 20,0 per second. Average time per tick: 14,8ms (Target: 50,0ms) [23:24:41] [Server thread/INFO]: Percentiles: P50: 14,8ms P95: 17,8ms P99: 20,1ms, sample: 100"
"with-umce","1","2026-09-26T21:24:41.6984744+00:00","1eb50fb702881358824526c667271024104dd5c27a9cd35da157bce789abdbb9","0","0","500","0","0","0","True","0","14,7","14,7","17,8","20,1","100","38,26558725737577","37,105739125456736","1305579520","[23:24:41] [Server thread/INFO]: The game is running normally [23:24:41] [Server thread/INFO]: Target tick rate: 20,0 per second. Average time per tick: 14,7ms (Target: 50,0ms) [23:24:41] [Server thread/INFO]: Percentiles: P50: 14,7ms P95: 17,8ms P99: 20,1ms, sample: 100"
"with-umce","1","2026-09-26T21:24:41.8209533+00:00","1eb50fb702881358824526c667271024104dd5c27a9cd35da157bce789abdbb9","0","0","500","0","0","0","True","0","14,8","14,8","17,8","20,1","100","24,845461231142295","37,105739125456736","1305579520","[23:24:41] [Server thread/INFO]: The game is running normally [23:24:41] [Server thread/INFO]: Target tick rate: 20,0 per second. Average time per tick: 14,8ms (Target: 50,0ms) [23:24:41] [Server thread/INFO]: Percentiles: P50: 14,8ms P95: 17,8ms P99: 20,1ms, sample: 100"
"with-umce","1","2026-09-26T21:24:41.9467520+00:00","1eb50fb702881358824526c667271024104dd5c27a9cd35da157bce789abdbb9","0","0","500","0","0","0","True","0","14,8","14,8","17,8","20,1","100","34,32079602281463","37,105739125456736","1305579520","[23:24:41] [Server thread/INFO]: The game is running normally [23:24:41] [Server thread/INFO]: Target tick rate: 20,0 per second. Average time per tick: 14,8ms (Target: 50,0ms) [23:24:41] [Server thread/INFO]: Percentiles: P50: 14,8ms P95: 17,8ms P99: 20,1ms, sample: 100"
"with-umce","1","2026-09-26T21:24:42.0833382+00:00","1eb50fb702881358824526c667271024104dd5c27a9cd35da157bce789abdbb9","0","0","500","0","0","0","True","0","14,8","14,8","17,8","20,1","100","37,68974525350424","37,105739125456736","1305579520","[23:24:42] [Server thread/INFO]: The game is running normally [23:24:42] [Server thread/INFO]: Target tick rate: 20,0 per second. Average time per tick: 14,8ms (Target: 50,0ms) [23:24:42] [Server thread/INFO]: Percentiles: P50: 14,8ms P95: 17,8ms P99: 20,1ms, sample: 100"
"with-umce","1","2026-09-26T21:24:42.2076870+00:00","1eb50fb702881358824526c667271024104dd5c27a9cd35da157bce789abdbb9","0","0","500","0","0","0","True","0","14,8","14,8","17,8","20,1","100","25,28626070013408","37,105739125456736","1305579520","[23:24:42] [Server thread/INFO]: The game is running normally [23:24:42] [Server thread/INFO]: Target tick rate: 20,0 per second. Average time per tick: 14,8ms (Target: 50,0ms) [23:24:42] [Server thread/INFO]: Percentiles: P50: 14,8ms P95: 17,8ms P99: 20,1ms, sample: 100"
"with-umce","1","2026-09-26T21:24:42.3312682+00:00","1eb50fb702881358824526c667271024104dd5c27a9cd35da157bce789abdbb9","0","0","500","0","0","0","True","0","14,7","14,7","17,8","20,1","100","12,814372436100363","37,105739125456736","1305579520","[23:24:42] [Server thread/INFO]: The game is running normally [23:24:42] [Server thread/INFO]: Target tick rate: 20,0 per second. Average time per tick: 14,7ms (Target: 50,0ms) [23:24:42] [Server thread/INFO]: Percentiles: P50: 14,7ms P95: 17,8ms P99: 20,1ms, sample: 100"
"with-umce","1","2026-09-26T21:24:42.4532196+00:00","1eb50fb702881358824526c667271024104dd5c27a9cd35da157bce789abdbb9","0","0","500","0","0","0","True","0","14,7","14,7","17,8","20,1","100","25,347360224516773","37,105739125456736","1305579520","[23:24:42] [Server thread/INFO]: The game is running normally [23:24:42] [Server thread/INFO]: Target tick rate: 20,0 per second. Average time per tick: 14,7ms (Target: 50,0ms) [23:24:42] [Server thread/INFO]: Percentiles: P50: 14,7ms P95: 17,8ms P99: 20,1ms, sample: 100"
"with-umce","1","2026-09-26T21:24:42.5765069+00:00","1eb50fb702881358824526c667271024104dd5c27a9cd35da157bce789abdbb9","0","0","500","0","0","0","True","0","14,7","14,7","17,8","20,1","100","24,79505400164401","37,105739125456736","1305579520","[23:24:42] [Server thread/INFO]: The game is running normally [23:24:42] [Server thread/INFO]: Target tick rate: 20,0 per second. Average time per tick: 14,7ms (Target: 50,0ms) [23:24:42] [Server thread/INFO]: Percentiles: P50: 14,7ms P95: 17,8ms P99: 20,1ms, sample: 100"
"with-umce","1","2026-09-26T21:24:42.7025167+00:00","1eb50fb702881358824526c667271024104dd5c27a9cd35da157bce789abdbb9","0","0","500","0","0","0","True","0","14,7","14,7","17,8","20,1","100","50,51121389357408","37,105739125456736","1305579520","[23:24:42] [Server thread/INFO]: The game is running normally [23:24:42] [Server thread/INFO]: Target tick rate: 20,0 per second. Average time per tick: 14,7ms (Target: 50,0ms) [23:24:42] [Server thread/INFO]: Percentiles: P50: 14,7ms P95: 17,8ms P99: 20,1ms, sample: 100"
"with-umce","1","2026-09-26T21:24:42.8262771+00:00","1eb50fb702881358824526c667271024104dd5c27a9cd35da157bce789abdbb9","0","0","500","0","0","0","True","0","14,8","14,8","17,8","20,1","100","24,999060035342673","37,105739125456736","1305579520","[23:24:42] [Server thread/INFO]: The game is running normally [23:24:42] [Server thread/INFO]: Target tick rate: 20,0 per second. Average time per tick: 14,8ms (Target: 50,0ms) [23:24:42] [Server thread/INFO]: Percentiles: P50: 14,8ms P95: 17,8ms P99: 20,1ms, sample: 100"
"with-umce","1","2026-09-26T21:24:42.9512748+00:00","1eb50fb702881358824526c667271024104dd5c27a9cd35da157bce789abdbb9","0","0","500","0","0","0","True","0","14,8","14,8","17,8","20,1","100","50,90836819538388","37,105739125456736","1305579520","[23:24:42] [Server thread/INFO]: The game is running normally [23:24:42] [Server thread/INFO]: Target tick rate: 20,0 per second. Average time per tick: 14,8ms (Target: 50,0ms) [23:24:42] [Server thread/INFO]: Percentiles: P50: 14,8ms P95: 17,8ms P99: 20,1ms, sample: 100"
"with-umce","1","2026-09-26T21:24:43.0740303+00:00","1eb50fb702881358824526c667271024104dd5c27a9cd35da157bce789abdbb9","0","0","500","0","0","0","True","0","14,9","14,8","18,1","20,1","100","25,320599300098124","37,105739125456736","1305579520","[23:24:43] [Server thread/INFO]: The game is running normally [23:24:43] [Server thread/INFO]: Target tick rate: 20,0 per second. Average time per tick: 14,9ms (Target: 50,0ms) [23:24:43] [Server thread/INFO]: Percentiles: P50: 14,8ms P95: 18,1ms P99: 20,1ms, sample: 100"
"with-umce","1","2026-09-26T21:24:43.1974721+00:00","1eb50fb702881358824526c667271024104dd5c27a9cd35da157bce789abdbb9","0","0","500","0","0","0","True","0","14,9","14,8","18,1","20,1","100","45,85907250209301","37,105739125456736","1305579520","[23:24:43] [Server thread/INFO]: The game is running normally [23:24:43] [Server thread/INFO]: Target tick rate: 20,0 per second. Average time per tick: 14,9ms (Target: 50,0ms) [23:24:43] [Server thread/INFO]: Percentiles: P50: 14,8ms P95: 18,1ms P99: 20,1ms, sample: 100"
"with-umce","1","2026-09-26T21:24:43.3337470+00:00","1eb50fb702881358824526c667271024104dd5c27a9cd35da157bce789abdbb9","0","0","500","0","0","0","True","0","14,9","14,8","18,1","20,1","100","37,6978382551631","37,105739125456736","1305579520","[23:24:43] [Server thread/INFO]: The game is running normally [23:24:43] [Server thread/INFO]: Target tick rate: 20,0 per second. Average time per tick: 14,9ms (Target: 50,0ms) [23:24:43] [Server thread/INFO]: Percentiles: P50: 14,8ms P95: 18,1ms P99: 20,1ms, sample: 100"
"with-umce","1","2026-09-26T21:24:43.4580976+00:00","1eb50fb702881358824526c667271024104dd5c27a9cd35da157bce789abdbb9","0","0","500","0","0","0","True","0","14,9","14,8","18,1","20,1","100","24,928544819130444","37,105739125456736","1305579520","[23:24:43] [Server thread/INFO]: The game is running normally [23:24:43] [Server thread/INFO]: Target tick rate: 20,0 per second. Average time per tick: 14,9ms (Target: 50,0ms) [23:24:43] [Server thread/INFO]: Percentiles: P50: 14,8ms P95: 18,1ms P99: 20,1ms, sample: 100"
"with-umce","1","2026-09-26T21:24:43.5834487+00:00","1eb50fb702881358824526c667271024104dd5c27a9cd35da157bce789abdbb9","0","0","500","0","0","0","True","0","14,9","14,8","18,1","20,1","100","37,58895049244532","37,105739125456736","1305579520","[23:24:43] [Server thread/INFO]: The game is running normally [23:24:43] [Server thread/INFO]: Target tick rate: 20,0 per second. Average time per tick: 14,9ms (Target: 50,0ms) [23:24:43] [Server thread/INFO]: Percentiles: P50: 14,8ms P95: 18,1ms P99: 20,1ms, sample: 100"
"with-umce","1","2026-09-26T21:24:43.7081384+00:00","1eb50fb702881358824526c667271024104dd5c27a9cd35da157bce789abdbb9","0","0","500","0","0","0","True","0","14,9","14,8","17,8","20,1","100","25,5550349143109","37,105739125456736","1305579520","[23:24:43] [Server thread/INFO]: The game is running normally [23:24:43] [Server thread/INFO]: Target tick rate: 20,0 per second. Average time per tick: 14,9ms (Target: 50,0ms) [23:24:43] [Server thread/INFO]: Percentiles: P50: 14,8ms P95: 17,8ms P99: 20,1ms, sample: 100"
"with-umce","1","2026-09-26T21:24:43.8304329+00:00","1eb50fb702881358824526c667271024104dd5c27a9cd35da157bce789abdbb9","0","0","500","0","0","0","True","0","14,9","14,8","17,8","20,1","100","25,3588171187028","37,105739125456736","1305579520","[23:24:43] [Server thread/INFO]: The game is running normally [23:24:43] [Server thread/INFO]: Target tick rate: 20,0 per second. Average time per tick: 14,9ms (Target: 50,0ms) [23:24:43] [Server thread/INFO]: Percentiles: P50: 14,8ms P95: 17,8ms P99: 20,1ms, sample: 100"
"with-umce","1","2026-09-26T21:24:43.9536764+00:00","1eb50fb702881358824526c667271024104dd5c27a9cd35da157bce789abdbb9","0","0","500","0","0","0","True","0","14,9","14,8","17,8","20,1","100","37,757627846321014","37,105739125456736","1305579520","[23:24:43] [Server thread/INFO]: The game is running normally [23:24:43] [Server thread/INFO]: Target tick rate: 20,0 per second. Average time per tick: 14,9ms (Target: 50,0ms) [23:24:43] [Server thread/INFO]: Percentiles: P50: 14,8ms P95: 17,8ms P99: 20,1ms, sample: 100"
"with-umce","1","2026-09-26T21:24:44.0778006+00:00","1eb50fb702881358824526c667271024104dd5c27a9cd35da157bce789abdbb9","0","0","500","0","0","0","True","0","14,9","14,8","17,8","20,1","100","25,259016054226464","37,105739125456736","1305579520","[23:24:44] [Server thread/INFO]: The game is running normally [23:24:44] [Server thread/INFO]: Target tick rate: 20,0 per second. Average time per tick: 14,9ms (Target: 50,0ms) [23:24:44] [Server thread/INFO]: Percentiles: P50: 14,8ms P95: 17,8ms P99: 20,1ms, sample: 100"
"with-umce","1","2026-09-26T21:24:44.2015320+00:00","1eb50fb702881358824526c667271024104dd5c27a9cd35da157bce789abdbb9","0","0","500","0","0","0","True","0","14,9","14,8","17,8","20,1","100","51,151983592080526","37,105739125456736","1305579520","[23:24:44] [Server thread/INFO]: The game is running normally [23:24:44] [Server thread/INFO]: Target tick rate: 20,0 per second. Average time per tick: 14,9ms (Target: 50,0ms) [23:24:44] [Server thread/INFO]: Percentiles: P50: 14,8ms P95: 17,8ms P99: 20,1ms, sample: 100"
"with-umce","1","2026-09-26T21:24:44.3237087+00:00","1eb50fb702881358824526c667271024104dd5c27a9cd35da157bce789abdbb9","0","0","500","0","0","0","True","0","14,9","14,8","17,8","20,1","100","25,31994279718523","37,105739125456736","1305579520","[23:24:44] [Server thread/INFO]: The game is running normally [23:24:44] [Server thread/INFO]: Target tick rate: 20,0 per second. Average time per tick: 14,9ms (Target: 50,0ms) [23:24:44] [Server thread/INFO]: Percentiles: P50: 14,8ms P95: 17,8ms P99: 20,1ms, sample: 100"
"with-umce","1","2026-09-26T21:24:44.4471452+00:00","1eb50fb702881358824526c667271024104dd5c27a9cd35da157bce789abdbb9","0","0","500","0","0","0","True","0","14,9","14,8","17,5","20,1","100","75,61923075682147","37,105739125456736","1305579520","[23:24:44] [Server thread/INFO]: The game is running normally [23:24:44] [Server thread/INFO]: Target tick rate: 20,0 per second. Average time per tick: 14,9ms (Target: 50,0ms) [23:24:44] [Server thread/INFO]: Percentiles: P50: 14,8ms P95: 17,5ms P99: 20,1ms, sample: 100"
"with-umce","1","2026-09-26T21:24:44.5711121+00:00","1eb50fb702881358824526c667271024104dd5c27a9cd35da157bce789abdbb9","0","0","500","0","0","0","True","0","14,9","14,9","17,5","20,1","100","44,9687844685733","37,105739125456736","1305579520","[23:24:44] [Server thread/INFO]: The game is running normally [23:24:44] [Server thread/INFO]: Target tick rate: 20,0 per second. Average time per tick: 14,9ms (Target: 50,0ms) [23:24:44] [Server thread/INFO]: Percentiles: P50: 14,9ms P95: 17,5ms P99: 20,1ms, sample: 100"
"with-umce","1","2026-09-26T21:24:44.7100890+00:00","1eb50fb702881358824526c667271024104dd5c27a9cd35da157bce789abdbb9","0","0","500","0","0","0","True","0","15","14,9","17,8","20,1","100","25,36593918505934","37,105739125456736","1305579520","[23:24:44] [Server thread/INFO]: The game is running normally [23:24:44] [Server thread/INFO]: Target tick rate: 20,0 per second. Average time per tick: 15,0ms (Target: 50,0ms) [23:24:44] [Server thread/INFO]: Percentiles: P50: 14,9ms P95: 17,8ms P99: 20,1ms, sample: 100"
"with-umce","1","2026-09-26T21:24:44.8333110+00:00","1eb50fb702881358824526c667271024104dd5c27a9cd35da157bce789abdbb9","0","0","500","0","0","0","True","0","14,9","14,9","17,5","18,4","100","37,51446557792685","37,105739125456736","1305579520","[23:24:44] [Server thread/INFO]: The game is running normally [23:24:44] [Server thread/INFO]: Target tick rate: 20,0 per second. Average time per tick: 14,9ms (Target: 50,0ms) [23:24:44] [Server thread/INFO]: Percentiles: P50: 14,9ms P95: 17,5ms P99: 18,4ms, sample: 100"
"with-umce","1","2026-09-26T21:24:44.9582374+00:00","1eb50fb702881358824526c667271024104dd5c27a9cd35da157bce789abdbb9","0","0","500","0","0","0","True","0","14,9","14,8","17,5","18,4","100","38,453997534022044","37,105739125456736","1305579520","[23:24:44] [Server thread/INFO]: The game is running normally [23:24:44] [Server thread/INFO]: Target tick rate: 20,0 per second. Average time per tick: 14,9ms (Target: 50,0ms) [23:24:44] [Server thread/INFO]: Percentiles: P50: 14,8ms P95: 17,5ms P99: 18,4ms, sample: 100"
"with-umce","1","2026-09-26T21:24:45.0801551+00:00","1eb50fb702881358824526c667271024104dd5c27a9cd35da157bce789abdbb9","0","0","500","0","0","0","True","0","14,8","14,8","17,5","18,4","100","37,441411679004695","37,105739125456736","1305579520","[23:24:45] [Server thread/INFO]: The game is running normally [23:24:45] [Server thread/INFO]: Target tick rate: 20,0 per second. Average time per tick: 14,8ms (Target: 50,0ms) [23:24:45] [Server thread/INFO]: Percentiles: P50: 14,8ms P95: 17,5ms P99: 18,4ms, sample: 100"
"with-umce","1","2026-09-26T21:24:45.2053481+00:00","1eb50fb702881358824526c667271024104dd5c27a9cd35da157bce789abdbb9","0","0","500","0","0","0","True","0","14,9","14,8","17,5","18,4","100","38,313346367363486","37,105739125456736","1305579520","[23:24:45] [Server thread/INFO]: The game is running normally [23:24:45] [Server thread/INFO]: Target tick rate: 20,0 per second. Average time per tick: 14,9ms (Target: 50,0ms) [23:24:45] [Server thread/INFO]: Percentiles: P50: 14,8ms P95: 17,5ms P99: 18,4ms, sample: 100"
"with-umce","1","2026-09-26T21:24:45.3276995+00:00","1eb50fb702881358824526c667271024104dd5c27a9cd35da157bce789abdbb9","0","0","500","0","0","0","True","0","15","14,9","17,5","18,4","100","12,715740336851153","37,105739125456736","1305579520","[23:24:45] [Server thread/INFO]: The game is running normally [23:24:45] [Server thread/INFO]: Target tick rate: 20,0 per second. Average time per tick: 15,0ms (Target: 50,0ms) [23:24:45] [Server thread/INFO]: Percentiles: P50: 14,9ms P95: 17,5ms P99: 18,4ms, sample: 100"
"with-umce","1","2026-09-26T21:24:45.4505798+00:00","1eb50fb702881358824526c667271024104dd5c27a9cd35da157bce789abdbb9","0","0","500","0","0","0","True","0","14,9","14,9","17,5","18,4","100","63,08517811216847","37,105739125456736","1305579520","[23:24:45] [Server thread/INFO]: The game is running normally [23:24:45] [Server thread/INFO]: Target tick rate: 20,0 per second. Average time per tick: 14,9ms (Target: 50,0ms) [23:24:45] [Server thread/INFO]: Percentiles: P50: 14,9ms P95: 17,5ms P99: 18,4ms, sample: 100"
"with-umce","1","2026-09-26T21:24:45.5744056+00:00","1eb50fb702881358824526c667271024104dd5c27a9cd35da157bce789abdbb9","0","0","500","0","0","0","True","0","15","14,9","17,5","18,4","100","37,7883401506858","37,105739125456736","1305579520","[23:24:45] [Server thread/INFO]: The game is running normally [23:24:45] [Server thread/INFO]: Target tick rate: 20,0 per second. Average time per tick: 15,0ms (Target: 50,0ms) [23:24:45] [Server thread/INFO]: Percentiles: P50: 14,9ms P95: 17,5ms P99: 18,4ms, sample: 100"
"with-umce","1","2026-09-26T21:24:45.6984416+00:00","1eb50fb702881358824526c667271024104dd5c27a9cd35da157bce789abdbb9","0","0","500","0","0","0","True","0","15","14,9","17,5","18,4","100","37,48686460264323","37,105739125456736","1305579520","[23:24:45] [Server thread/INFO]: The game is running normally [23:24:45] [Server thread/INFO]: Target tick rate: 20,0 per second. Average time per tick: 15,0ms (Target: 50,0ms) [23:24:45] [Server thread/INFO]: Percentiles: P50: 14,9ms P95: 17,5ms P99: 18,4ms, sample: 100"
"with-umce","1","2026-09-26T21:24:45.8235084+00:00","1eb50fb702881358824526c667271024104dd5c27a9cd35da157bce789abdbb9","0","0","500","0","0","0","True","0","14,9","14,9","17,5","18,4","100","12,600664186049512","37,105739125456736","1305579520","[23:24:45] [Server thread/INFO]: The game is running normally [23:24:45] [Server thread/INFO]: Target tick rate: 20,0 per second. Average time per tick: 14,9ms (Target: 50,0ms) [23:24:45] [Server thread/INFO]: Percentiles: P50: 14,9ms P95: 17,5ms P99: 18,4ms, sample: 100"
"with-umce","1","2026-09-26T21:24:45.9474868+00:00","1eb50fb702881358824526c667271024104dd5c27a9cd35da157bce789abdbb9","0","0","500","0","0","0","True","0","14,9","14,9","17,5","18,4","100","37,90231028226002","37,105739125456736","1305579520","[23:24:45] [Server thread/INFO]: The game is running normally [23:24:45] [Server thread/INFO]: Target tick rate: 20,0 per second. Average time per tick: 14,9ms (Target: 50,0ms) [23:24:45] [Server thread/INFO]: Percentiles: P50: 14,9ms P95: 17,5ms P99: 18,4ms, sample: 100"
"with-umce","1","2026-09-26T21:24:46.0711575+00:00","1eb50fb702881358824526c667271024104dd5c27a9cd35da157bce789abdbb9","0","0","500","0","0","0","True","0","14,9","14,9","17,5","18,4","100","22,44140996685853","37,105739125456736","1305579520","[23:24:46] [Server thread/INFO]: The game is running normally [23:24:46] [Server thread/INFO]: Target tick rate: 20,0 per second. Average time per tick: 14,9ms (Target: 50,0ms) [23:24:46] [Server thread/INFO]: Percentiles: P50: 14,9ms P95: 17,5ms P99: 18,4ms, sample: 100"
"with-umce","1","2026-09-26T21:24:46.2104271+00:00","1eb50fb702881358824526c667271024104dd5c27a9cd35da157bce789abdbb9","0","0","500","0","0","0","True","0","14,9","14,9","17,5","18,4","100","22,501569709502935","37,105739125456736","1305579520","[23:24:46] [Server thread/INFO]: The game is running normally [23:24:46] [Server thread/INFO]: Target tick rate: 20,0 per second. Average time per tick: 14,9ms (Target: 50,0ms) [23:24:46] [Server thread/INFO]: Percentiles: P50: 14,9ms P95: 17,5ms P99: 18,4ms, sample: 100"
"with-umce","1","2026-09-26T21:24:46.3493125+00:00","1eb50fb702881358824526c667271024104dd5c27a9cd35da157bce789abdbb9","0","0","500","0","0","0","True","0","14,9","14,9","17,5","18,4","100","37,45684970913508","37,105739125456736","1305579520","[23:24:46] [Server thread/INFO]: The game is running normally [23:24:46] [Server thread/INFO]: Target tick rate: 20,0 per second. Average time per tick: 14,9ms (Target: 50,0ms) [23:24:46] [Server thread/INFO]: Percentiles: P50: 14,9ms P95: 17,5ms P99: 18,4ms, sample: 100"
"with-umce","1","2026-09-26T21:24:46.4744378+00:00","1eb50fb702881358824526c667271024104dd5c27a9cd35da157bce789abdbb9","0","0","500","0","0","0","True","0","14,8","14,7","17,3","18,4","100","25,02023636717377","37,105739125456736","1305579520","[23:24:46] [Server thread/INFO]: The game is running normally [23:24:46] [Server thread/INFO]: Target tick rate: 20,0 per second. Average time per tick: 14,8ms (Target: 50,0ms) [23:24:46] [Server thread/INFO]: Percentiles: P50: 14,7ms P95: 17,3ms P99: 18,4ms, sample: 100"
"with-umce","1","2026-09-26T21:24:46.5993592+00:00","1eb50fb702881358824526c667271024104dd5c27a9cd35da157bce789abdbb9","0","0","500","0","0","0","True","0","14,8","14,8","17,3","18,4","100","38,00704437763313","37,105739125456736","1305579520","[23:24:46] [Server thread/INFO]: The game is running normally [23:24:46] [Server thread/INFO]: Target tick rate: 20,0 per second. Average time per tick: 14,8ms (Target: 50,0ms) [23:24:46] [Server thread/INFO]: Percentiles: P50: 14,8ms P95: 17,3ms P99: 18,4ms, sample: 100"
"with-umce","1","2026-09-26T21:24:46.7226787+00:00","1eb50fb702881358824526c667271024104dd5c27a9cd35da157bce789abdbb9","0","0","500","0","0","0","True","0","14,8","14,7","17,3","18,4","100","25,826553002285134","37,105739125456736","1305579520","[23:24:46] [Server thread/INFO]: The game is running normally [23:24:46] [Server thread/INFO]: Target tick rate: 20,0 per second. Average time per tick: 14,8ms (Target: 50,0ms) [23:24:46] [Server thread/INFO]: Percentiles: P50: 14,7ms P95: 17,3ms P99: 18,4ms, sample: 100"
"with-umce","1","2026-09-26T21:24:46.8436884+00:00","1eb50fb702881358824526c667271024104dd5c27a9cd35da157bce789abdbb9","0","0","500","0","0","0","True","0","14,9","14,7","17,3","18,4","100","37,710151130218485","37,105739125456736","1305579520","[23:24:46] [Server thread/INFO]: The game is running normally [23:24:46] [Server thread/INFO]: Target tick rate: 20,0 per second. Average time per tick: 14,9ms (Target: 50,0ms) [23:24:46] [Server thread/INFO]: Percentiles: P50: 14,7ms P95: 17,3ms P99: 18,4ms, sample: 100"
"with-umce","1","2026-09-26T21:24:46.9680055+00:00","1eb50fb702881358824526c667271024104dd5c27a9cd35da157bce789abdbb9","0","0","500","0","0","0","True","0","14,9","14,8","17,3","18,4","100","25,278242672747464","37,105739125456736","1305579520","[23:24:47] [Server thread/INFO]: The game is running normally [23:24:47] [Server thread/INFO]: Target tick rate: 20,0 per second. Average time per tick: 14,9ms (Target: 50,0ms) [23:24:47] [Server thread/INFO]: Percentiles: P50: 14,8ms P95: 17,3ms P99: 18,4ms, sample: 100"
"with-umce","1","2026-09-26T21:24:47.0916179+00:00","1eb50fb702881358824526c667271024104dd5c27a9cd35da157bce789abdbb9","0","0","500","0","0","0","True","0","14,9","14,7","17,3","18,4","100","37,80156577109549","37,105739125456736","1305579520","[23:24:47] [Server thread/INFO]: The game is running normally [23:24:47] [Server thread/INFO]: Target tick rate: 20,0 per second. Average time per tick: 14,9ms (Target: 50,0ms) [23:24:47] [Server thread/INFO]: Percentiles: P50: 14,7ms P95: 17,3ms P99: 18,4ms, sample: 100"
"with-umce","1","2026-09-26T21:24:47.2155985+00:00","1eb50fb702881358824526c667271024104dd5c27a9cd35da157bce789abdbb9","0","0","500","0","0","0","True","0","14,9","14,8","17,6","18,4","100","25,863809867477976","37,105739125456736","1305579520","[23:24:47] [Server thread/INFO]: The game is running normally [23:24:47] [Server thread/INFO]: Target tick rate: 20,0 per second. Average time per tick: 14,9ms (Target: 50,0ms) [23:24:47] [Server thread/INFO]: Percentiles: P50: 14,8ms P95: 17,6ms P99: 18,4ms, sample: 100"
"with-umce","1","2026-09-26T21:24:47.3364376+00:00","1eb50fb702881358824526c667271024104dd5c27a9cd35da157bce789abdbb9","0","0","500","0","0","0","True","0","14,9","14,8","17,6","18,4","100","37,542468039846675","37,105739125456736","1305579520","[23:24:47] [Server thread/INFO]: The game is running normally [23:24:47] [Server thread/INFO]: Target tick rate: 20,0 per second. Average time per tick: 14,9ms (Target: 50,0ms) [23:24:47] [Server thread/INFO]: Percentiles: P50: 14,8ms P95: 17,6ms P99: 18,4ms, sample: 100"
"with-umce","1","2026-09-26T21:24:47.4612784+00:00","1eb50fb702881358824526c667271024104dd5c27a9cd35da157bce789abdbb9","0","0","500","0","0","0","True","0","15","14,9","17,6","18,4","100","25,112241675392333","37,105739125456736","1305579520","[23:24:47] [Server thread/INFO]: The game is running normally [23:24:47] [Server thread/INFO]: Target tick rate: 20,0 per second. Average time per tick: 15,0ms (Target: 50,0ms) [23:24:47] [Server thread/INFO]: Percentiles: P50: 14,9ms P95: 17,6ms P99: 18,4ms, sample: 100"
"with-umce","1","2026-09-26T21:24:47.5857195+00:00","1eb50fb702881358824526c667271024104dd5c27a9cd35da157bce789abdbb9","0","0","500","0","0","0","True","0","15","14,9","17,6","18,4","100","34,05650582793091","37,105739125456736","1305579520","[23:24:47] [Server thread/INFO]: The game is running normally [23:24:47] [Server thread/INFO]: Target tick rate: 20,0 per second. Average time per tick: 15,0ms (Target: 50,0ms) [23:24:47] [Server thread/INFO]: Percentiles: P50: 14,9ms P95: 17,6ms P99: 18,4ms, sample: 100"
"with-umce","1","2026-09-26T21:24:47.7233901+00:00","1eb50fb702881358824526c667271024104dd5c27a9cd35da157bce789abdbb9","0","0","500","0","0","0","True","0","14,9","14,7","18","18,4","100","25,39651064134113","37,105739125456736","1305579520","[23:24:47] [Server thread/INFO]: The game is running normally [23:24:47] [Server thread/INFO]: Target tick rate: 20,0 per second. Average time per tick: 14,9ms (Target: 50,0ms) [23:24:47] [Server thread/INFO]: Percentiles: P50: 14,7ms P95: 18,0ms P99: 18,4ms, sample: 100"
"with-umce","1","2026-09-26T21:24:47.8464253+00:00","1eb50fb702881358824526c667271024104dd5c27a9cd35da157bce789abdbb9","0","0","500","0","0","0","True","0","14,9","14,7","18","18,4","100","37,75075561912447","37,105739125456736","1305579520","[23:24:47] [Server thread/INFO]: The game is running normally [23:24:47] [Server thread/INFO]: Target tick rate: 20,0 per second. Average time per tick: 14,9ms (Target: 50,0ms) [23:24:47] [Server thread/INFO]: Percentiles: P50: 14,7ms P95: 18,0ms P99: 18,4ms, sample: 100"
"with-umce","1","2026-09-26T21:24:47.9706027+00:00","1eb50fb702881358824526c667271024104dd5c27a9cd35da157bce789abdbb9","0","0","500","0","0","0","True","0","14,9","14,7","18","18,4","100","24,894269060446472","37,105739125456736","1305579520","[23:24:48] [Server thread/INFO]: The game is running normally [23:24:48] [Server thread/INFO]: Target tick rate: 20,0 per second. Average time per tick: 14,9ms (Target: 50,0ms) [23:24:48] [Server thread/INFO]: Percentiles: P50: 14,7ms P95: 18,0ms P99: 18,4ms, sample: 100"
"with-umce","1","2026-09-26T21:24:48.0961341+00:00","1eb50fb702881358824526c667271024104dd5c27a9cd35da157bce789abdbb9","0","0","500","0","0","0","True","0","14,8","14,6","17,6","18,4","100","38,36091090693786","37,105739125456736","1305579520","[23:24:48] [Server thread/INFO]: The game is running normally [23:24:48] [Server thread/INFO]: Target tick rate: 20,0 per second. Average time per tick: 14,8ms (Target: 50,0ms) [23:24:48] [Server thread/INFO]: Percentiles: P50: 14,6ms P95: 17,6ms P99: 18,4ms, sample: 100"
"with-umce","1","2026-09-26T21:24:48.2183096+00:00","1eb50fb702881358824526c667271024104dd5c27a9cd35da157bce789abdbb9","0","0","500","0","0","0","True","0","14,8","14,6","17,6","18,4","100","38,720821021833174","37,105739125456736","1305579520","[23:24:48] [Server thread/INFO]: The game is running normally [23:24:48] [Server thread/INFO]: Target tick rate: 20,0 per second. Average time per tick: 14,8ms (Target: 50,0ms) [23:24:48] [Server thread/INFO]: Percentiles: P50: 14,6ms P95: 17,6ms P99: 18,4ms, sample: 100"
"with-umce","1","2026-09-26T21:24:48.3393683+00:00","1eb50fb702881358824526c667271024104dd5c27a9cd35da157bce789abdbb9","0","0","500","0","0","0","True","0","14,9","14,7","17,9","18,4","100","38,4360878581321","37,105739125456736","1305579520","[23:24:48] [Server thread/INFO]: The game is running normally [23:24:48] [Server thread/INFO]: Target tick rate: 20,0 per second. Average time per tick: 14,9ms (Target: 50,0ms) [23:24:48] [Server thread/INFO]: Percentiles: P50: 14,7ms P95: 17,9ms P99: 18,4ms, sample: 100"
"with-umce","1","2026-09-26T21:24:48.4613175+00:00","1eb50fb702881358824526c667271024104dd5c27a9cd35da157bce789abdbb9","0","0","500","0","0","0","True","0","14,8","14,6","17,9","18,4","100","34,21999937217708","37,105739125456736","1305579520","[23:24:48] [Server thread/INFO]: The game is running normally [23:24:48] [Server thread/INFO]: Target tick rate: 20,0 per second. Average time per tick: 14,8ms (Target: 50,0ms) [23:24:48] [Server thread/INFO]: Percentiles: P50: 14,6ms P95: 17,9ms P99: 18,4ms, sample: 100"
"with-umce","1","2026-09-26T21:24:48.5983270+00:00","1eb50fb702881358824526c667271024104dd5c27a9cd35da157bce789abdbb9","0","0","500","0","0","0","True","0","14,8","14,4","17,9","18,4","100","25,231850427205504","37,105739125456736","1305579520","[23:24:48] [Server thread/INFO]: The game is running normally [23:24:48] [Server thread/INFO]: Target tick rate: 20,0 per second. Average time per tick: 14,8ms (Target: 50,0ms) [23:24:48] [Server thread/INFO]: Percentiles: P50: 14,4ms P95: 17,9ms P99: 18,4ms, sample: 100"
"with-umce","1","2026-09-26T21:24:48.7221506+00:00","1eb50fb702881358824526c667271024104dd5c27a9cd35da157bce789abdbb9","0","0","500","0","0","0","True","0","14,7","14,4","17,9","18,4","100","25,437587556176368","37,105739125456736","1305579520","[23:24:48] [Server thread/INFO]: The game is running normally [23:24:48] [Server thread/INFO]: Target tick rate: 20,0 per second. Average time per tick: 14,7ms (Target: 50,0ms) [23:24:48] [Server thread/INFO]: Percentiles: P50: 14,4ms P95: 17,9ms P99: 18,4ms, sample: 100"
"with-umce","1","2026-09-26T21:24:48.8450378+00:00","1eb50fb702881358824526c667271024104dd5c27a9cd35da157bce789abdbb9","0","0","500","0","0","0","True","0","14,7","14,4","17,9","18,4","100","49,81675405189551","37,105739125456736","1305579520","[23:24:48] [Server thread/INFO]: The game is running normally [23:24:48] [Server thread/INFO]: Target tick rate: 20,0 per second. Average time per tick: 14,7ms (Target: 50,0ms) [23:24:48] [Server thread/INFO]: Percentiles: P50: 14,4ms P95: 17,9ms P99: 18,4ms, sample: 100"
"with-umce","1","2026-09-26T21:24:48.9704673+00:00","1eb50fb702881358824526c667271024104dd5c27a9cd35da157bce789abdbb9","0","0","500","0","0","0","True","0","14,8","14,6","18","19,6","100","25,393084955105028","37,105739125456736","1305579520","[23:24:49] [Server thread/INFO]: The game is running normally [23:24:49] [Server thread/INFO]: Target tick rate: 20,0 per second. Average time per tick: 14,8ms (Target: 50,0ms) [23:24:49] [Server thread/INFO]: Percentiles: P50: 14,6ms P95: 18,0ms P99: 19,6ms, sample: 100"
"with-umce","1","2026-09-26T21:24:49.0935314+00:00","1eb50fb702881358824526c667271024104dd5c27a9cd35da157bce789abdbb9","0","0","500","0","0","0","True","0","14,8","14,6","18","19,6","100","38,02976990670841","37,105739125456736","1305579520","[23:24:49] [Server thread/INFO]: The game is running normally [23:24:49] [Server thread/INFO]: Target tick rate: 20,0 per second. Average time per tick: 14,8ms (Target: 50,0ms) [23:24:49] [Server thread/INFO]: Percentiles: P50: 14,6ms P95: 18,0ms P99: 19,6ms, sample: 100"
"with-umce","1","2026-09-26T21:24:49.2168087+00:00","1eb50fb702881358824526c667271024104dd5c27a9cd35da157bce789abdbb9","0","0","500","0","0","0","True","0","14,8","14,6","18","19,6","100","25,269882343427806","37,105739125456736","1305579520","[23:24:49] [Server thread/INFO]: The game is running normally [23:24:49] [Server thread/INFO]: Target tick rate: 20,0 per second. Average time per tick: 14,8ms (Target: 50,0ms) [23:24:49] [Server thread/INFO]: Percentiles: P50: 14,6ms P95: 18,0ms P99: 19,6ms, sample: 100"
"with-umce","1","2026-09-26T21:24:49.3404665+00:00","1eb50fb702881358824526c667271024104dd5c27a9cd35da157bce789abdbb9","0","0","500","0","0","0","True","0","14,8","14,6","18,3","20,5","100","38,396669749321966","37,105739125456736","1305579520","[23:24:49] [Server thread/INFO]: The game is running normally [23:24:49] [Server thread/INFO]: Target tick rate: 20,0 per second. Average time per tick: 14,8ms (Target: 50,0ms) [23:24:49] [Server thread/INFO]: Percentiles: P50: 14,6ms P95: 18,3ms P99: 20,5ms, sample: 100"
"with-umce","1","2026-09-26T21:24:49.4625562+00:00","1eb50fb702881358824526c667271024104dd5c27a9cd35da157bce789abdbb9","0","0","500","0","0","0","True","0","14,9","14,6","18,3","20,5","100","33,63117701586172","37,105739125456736","1305579520","[23:24:49] [Server thread/INFO]: The game is running normally [23:24:49] [Server thread/INFO]: Target tick rate: 20,0 per second. Average time per tick: 14,9ms (Target: 50,0ms) [23:24:49] [Server thread/INFO]: Percentiles: P50: 14,6ms P95: 18,3ms P99: 20,5ms, sample: 100"
"with-umce","1","2026-09-26T21:24:49.6019471+00:00","1eb50fb702881358824526c667271024104dd5c27a9cd35da157bce789abdbb9","0","0","500","0","0","0","True","0","14,9","14,6","18,4","20,5","100","34,15009430890045","37,105739125456736","1305579520","[23:24:49] [Server thread/INFO]: The game is running normally [23:24:49] [Server thread/INFO]: Target tick rate: 20,0 per second. Average time per tick: 14,9ms (Target: 50,0ms) [23:24:49] [Server thread/INFO]: Percentiles: P50: 14,6ms P95: 18,4ms P99: 20,5ms, sample: 100"
"with-umce","1","2026-09-26T21:24:49.7392096+00:00","1eb50fb702881358824526c667271024104dd5c27a9cd35da157bce789abdbb9","0","0","500","0","0","0","True","0","14,9","14,6","18,4","20,5","100","38,04084958303171","37,105739125456736","1305579520","[23:24:49] [Server thread/INFO]: The game is running normally [23:24:49] [Server thread/INFO]: Target tick rate: 20,0 per second. Average time per tick: 14,9ms (Target: 50,0ms) [23:24:49] [Server thread/INFO]: Percentiles: P50: 14,6ms P95: 18,4ms P99: 20,5ms, sample: 100"
"with-umce","1","2026-09-26T21:24:49.8623934+00:00","1eb50fb702881358824526c667271024104dd5c27a9cd35da157bce789abdbb9","0","0","500","0","0","0","True","0","14,9","14,6","18,4","20,5","100","25,437069910021965","37,105739125456736","1305579520","[23:24:49] [Server thread/INFO]: The game is running normally [23:24:49] [Server thread/INFO]: Target tick rate: 20,0 per second. Average time per tick: 14,9ms (Target: 50,0ms) [23:24:49] [Server thread/INFO]: Percentiles: P50: 14,6ms P95: 18,4ms P99: 20,5ms, sample: 100"
"with-umce","1","2026-09-26T21:24:49.9852547+00:00","1eb50fb702881358824526c667271024104dd5c27a9cd35da157bce789abdbb9","0","0","500","0","0","0","True","0","15","14,6","18,4","20,5","100","24,986786987041253","37,105739125456736","1305579520","[23:24:50] [Server thread/INFO]: The game is running normally [23:24:50] [Server thread/INFO]: Target tick rate: 20,0 per second. Average time per tick: 15,0ms (Target: 50,0ms) [23:24:50] [Server thread/INFO]: Percentiles: P50: 14,6ms P95: 18,4ms P99: 20,5ms, sample: 100"
"with-umce","1","2026-09-26T21:24:50.1103367+00:00","1eb50fb702881358824526c667271024104dd5c27a9cd35da157bce789abdbb9","0","0","500","0","0","0","True","0","15","14,7","18,4","20,5","100","38,17894379326438","37,105739125456736","1305579520","[23:24:50] [Server thread/INFO]: The game is running normally [23:24:50] [Server thread/INFO]: Target tick rate: 20,0 per second. Average time per tick: 15,0ms (Target: 50,0ms) [23:24:50] [Server thread/INFO]: Percentiles: P50: 14,7ms P95: 18,4ms P99: 20,5ms, sample: 100"
"with-umce","1","2026-09-26T21:24:50.2330951+00:00","1eb50fb702881358824526c667271024104dd5c27a9cd35da157bce789abdbb9","0","0","500","0","0","0","True","0","15","14,7","18,5","20,5","100","37,51608689806189","37,105739125456736","1305579520","[23:24:50] [Server thread/INFO]: The game is running normally [23:24:50] [Server thread/INFO]: Target tick rate: 20,0 per second. Average time per tick: 15,0ms (Target: 50,0ms) [23:24:50] [Server thread/INFO]: Percentiles: P50: 14,7ms P95: 18,5ms P99: 20,5ms, sample: 100"
"with-umce","1","2026-09-26T21:24:50.3580415+00:00","1eb50fb702881358824526c667271024104dd5c27a9cd35da157bce789abdbb9","0","0","500","0","0","0","True","0","15","14,6","18,5","20,5","100","37,771318938196856","37,105739125456736","1305579520","[23:24:50] [Server thread/INFO]: The game is running normally [23:24:50] [Server thread/INFO]: Target tick rate: 20,0 per second. Average time per tick: 15,0ms (Target: 50,0ms) [23:24:50] [Server thread/INFO]: Percentiles: P50: 14,6ms P95: 18,5ms P99: 20,5ms, sample: 100"
"with-umce","1","2026-09-26T21:24:50.4821516+00:00","1eb50fb702881358824526c667271024104dd5c27a9cd35da157bce789abdbb9","0","0","500","0","0","0","True","0","15,1","14,7","18,5","20,5","100","25,26542848549724","37,105739125456736","1305579520","[23:24:50] [Server thread/INFO]: The game is running normally [23:24:50] [Server thread/INFO]: Target tick rate: 20,0 per second. Average time per tick: 15,1ms (Target: 50,0ms) [23:24:50] [Server thread/INFO]: Percentiles: P50: 14,7ms P95: 18,5ms P99: 20,5ms, sample: 100"
"with-umce","1","2026-09-26T21:24:50.6058477+00:00","1eb50fb702881358824526c667271024104dd5c27a9cd35da157bce789abdbb9","0","0","500","0","0","0","True","0","15,1","14,7","18,5","20,5","100","37,692836551799004","37,105739125456736","1305579520","[23:24:50] [Server thread/INFO]: The game is running normally [23:24:50] [Server thread/INFO]: Target tick rate: 20,0 per second. Average time per tick: 15,1ms (Target: 50,0ms) [23:24:50] [Server thread/INFO]: Percentiles: P50: 14,7ms P95: 18,5ms P99: 20,5ms, sample: 100"
"with-umce","1","2026-09-26T21:24:50.7301865+00:00","1eb50fb702881358824526c667271024104dd5c27a9cd35da157bce789abdbb9","0","0","500","0","0","0","True","0","15,1","14,7","18,5","20,5","100","25,578482970869175","37,105739125456736","1305579520","[23:24:50] [Server thread/INFO]: The game is running normally [23:24:50] [Server thread/INFO]: Target tick rate: 20,0 per second. Average time per tick: 15,1ms (Target: 50,0ms) [23:24:50] [Server thread/INFO]: Percentiles: P50: 14,7ms P95: 18,5ms P99: 20,5ms, sample: 100"
"with-umce","1","2026-09-26T21:24:50.8523829+00:00","1eb50fb702881358824526c667271024104dd5c27a9cd35da157bce789abdbb9","0","0","500","0","0","0","True","0","15,1","14,7","18,5","20,5","100","33,994586973926964","37,105739125456736","1305579520","[23:24:50] [Server thread/INFO]: The game is running normally [23:24:50] [Server thread/INFO]: Target tick rate: 20,0 per second. Average time per tick: 15,1ms (Target: 50,0ms) [23:24:50] [Server thread/INFO]: Percentiles: P50: 14,7ms P95: 18,5ms P99: 20,5ms, sample: 100"
"with-umce","1","2026-09-26T21:24:50.9902486+00:00","1eb50fb702881358824526c667271024104dd5c27a9cd35da157bce789abdbb9","0","0","500","0","0","0","True","0","15,2","14,7","19,6","21","100","38,30094945500303","37,105739125456736","1305579520","[23:24:51] [Server thread/INFO]: The game is running normally [23:24:51] [Server thread/INFO]: Target tick rate: 20,0 per second. Average time per tick: 15,2ms (Target: 50,0ms) [23:24:51] [Server thread/INFO]: Percentiles: P50: 14,7ms P95: 19,6ms P99: 21,0ms, sample: 100"
"with-umce","1","2026-09-26T21:24:51.1126323+00:00","1eb50fb702881358824526c667271024104dd5c27a9cd35da157bce789abdbb9","0","0","500","0","0","0","True","0","15,2","14,7","19,6","21","100","25,289412031286034","37,105739125456736","1305579520","[23:24:51] [Server thread/INFO]: The game is running normally [23:24:51] [Server thread/INFO]: Target tick rate: 20,0 per second. Average time per tick: 15,2ms (Target: 50,0ms) [23:24:51] [Server thread/INFO]: Percentiles: P50: 14,7ms P95: 19,6ms P99: 21,0ms, sample: 100"
"with-umce","1","2026-09-26T21:24:51.2362246+00:00","1eb50fb702881358824526c667271024104dd5c27a9cd35da157bce789abdbb9","0","0","500","0","0","0","True","0","15,3","14,8","19,6","21","100","25,205759657233934","37,105739125456736","1305579520","[23:24:51] [Server thread/INFO]: The game is running normally [23:24:51] [Server thread/INFO]: Target tick rate: 20,0 per second. Average time per tick: 15,3ms (Target: 50,0ms) [23:24:51] [Server thread/INFO]: Percentiles: P50: 14,8ms P95: 19,6ms P99: 21,0ms, sample: 100"
"with-umce","1","2026-09-26T21:24:51.3602005+00:00","1eb50fb702881358824526c667271024104dd5c27a9cd35da157bce789abdbb9","0","0","500","0","0","0","True","0","15,3","14,8","19,6","21","100","50,236675023370104","37,105739125456736","1305579520","[23:24:51] [Server thread/INFO]: The game is running normally [23:24:51] [Server thread/INFO]: Target tick rate: 20,0 per second. Average time per tick: 15,3ms (Target: 50,0ms) [23:24:51] [Server thread/INFO]: Percentiles: P50: 14,8ms P95: 19,6ms P99: 21,0ms, sample: 100"
"with-umce","1","2026-09-26T21:24:51.4846031+00:00","1eb50fb702881358824526c667271024104dd5c27a9cd35da157bce789abdbb9","0","0","500","0","0","0","True","0","15,3","14,8","19,6","21","100","38,50678294414442","37,105739125456736","1305579520","[23:24:51] [Server thread/INFO]: The game is running normally [23:24:51] [Server thread/INFO]: Target tick rate: 20,0 per second. Average time per tick: 15,3ms (Target: 50,0ms) [23:24:51] [Server thread/INFO]: Percentiles: P50: 14,8ms P95: 19,6ms P99: 21,0ms, sample: 100"
"with-umce","1","2026-09-26T21:24:51.6063591+00:00","1eb50fb702881358824526c667271024104dd5c27a9cd35da157bce789abdbb9","0","0","500","0","0","0","True","0","15,4","14,9","19,6","21","100","25,212694289022192","37,105739125456736","1305579520","[23:24:51] [Server thread/INFO]: The game is running normally [23:24:51] [Server thread/INFO]: Target tick rate: 20,0 per second. Average time per tick: 15,4ms (Target: 50,0ms) [23:24:51] [Server thread/INFO]: Percentiles: P50: 14,9ms P95: 19,6ms P99: 21,0ms, sample: 100"
"with-umce","1","2026-09-26T21:24:51.7302998+00:00","1eb50fb702881358824526c667271024104dd5c27a9cd35da157bce789abdbb9","0","0","500","0","0","0","True","0","15,4","14,9","19,6","21","100","25,51899511505188","37,105739125456736","1305579520","[23:24:51] [Server thread/INFO]: The game is running normally [23:24:51] [Server thread/INFO]: Target tick rate: 20,0 per second. Average time per tick: 15,4ms (Target: 50,0ms) [23:24:51] [Server thread/INFO]: Percentiles: P50: 14,9ms P95: 19,6ms P99: 21,0ms, sample: 100"
"with-umce","1","2026-09-26T21:24:51.8527404+00:00","1eb50fb702881358824526c667271024104dd5c27a9cd35da157bce789abdbb9","0","0","500","0","0","0","True","0","15,4","14,9","19,6","21","100","50,582303477634525","37,105739125456736","1305579520","[23:24:51] [Server thread/INFO]: The game is running normally [23:24:51] [Server thread/INFO]: Target tick rate: 20,0 per second. Average time per tick: 15,4ms (Target: 50,0ms) [23:24:51] [Server thread/INFO]: Percentiles: P50: 14,9ms P95: 19,6ms P99: 21,0ms, sample: 100"
"with-umce","1","2026-09-26T21:24:51.9763390+00:00","1eb50fb702881358824526c667271024104dd5c27a9cd35da157bce789abdbb9","0","0","500","0","0","0","True","0","15,5","14,9","20,1","25,2","100","56,296203420070924","37,105739125456736","1305579520","[23:24:52] [Server thread/INFO]: The game is running normally [23:24:52] [Server thread/INFO]: Target tick rate: 20,0 per second. Average time per tick: 15,5ms (Target: 50,0ms) [23:24:52] [Server thread/INFO]: Percentiles: P50: 14,9ms P95: 20,1ms P99: 25,2ms, sample: 100"
"with-umce","1","2026-09-26T21:24:52.1151115+00:00","1eb50fb702881358824526c667271024104dd5c27a9cd35da157bce789abdbb9","0","0","500","0","0","0","True","0","15,7","15","20,4","26,7","100","25,659152845620582","37,105739125456736","1305579520","[23:24:52] [Server thread/INFO]: The game is running normally [23:24:52] [Server thread/INFO]: Target tick rate: 20,0 per second. Average time per tick: 15,7ms (Target: 50,0ms) [23:24:52] [Server thread/INFO]: Percentiles: P50: 15,0ms P95: 20,4ms P99: 26,7ms, sample: 100"
"with-umce","1","2026-09-26T21:24:52.2369045+00:00","1eb50fb702881358824526c667271024104dd5c27a9cd35da157bce789abdbb9","0","0","500","0","0","0","True","0","15,9","15","21","26,7","100","50,98636176006552","37,105739125456736","1305579520","[23:24:52] [Server thread/INFO]: The game is running normally [23:24:52] [Server thread/INFO]: Target tick rate: 20,0 per second. Average time per tick: 15,9ms (Target: 50,0ms) [23:24:52] [Server thread/INFO]: Percentiles: P50: 15,0ms P95: 21,0ms P99: 26,7ms, sample: 100"
"with-umce","1","2026-09-26T21:24:52.3594599+00:00","1eb50fb702881358824526c667271024104dd5c27a9cd35da157bce789abdbb9","0","0","500","0","0","0","True","0","16,1","15,1","23,6","26,7","100","49,53614355178112","37,105739125456736","1305579520","[23:24:52] [Server thread/INFO]: The game is running normally [23:24:52] [Server thread/INFO]: Target tick rate: 20,0 per second. Average time per tick: 16,1ms (Target: 50,0ms) [23:24:52] [Server thread/INFO]: Percentiles: P50: 15,1ms P95: 23,6ms P99: 26,7ms, sample: 100"
"with-umce","1","2026-09-26T21:24:52.4856645+00:00","1eb50fb702881358824526c667271024104dd5c27a9cd35da157bce789abdbb9","0","0","500","0","0","0","True","0","16,2","15,2","23,6","26,7","100","38,431518518457786","37,105739125456736","1305579520","[23:24:52] [Server thread/INFO]: The game is running normally [23:24:52] [Server thread/INFO]: Target tick rate: 20,0 per second. Average time per tick: 16,2ms (Target: 50,0ms) [23:24:52] [Server thread/INFO]: Percentiles: P50: 15,2ms P95: 23,6ms P99: 26,7ms, sample: 100"
"with-umce","1","2026-09-26T21:24:52.6076021+00:00","1eb50fb702881358824526c667271024104dd5c27a9cd35da157bce789abdbb9","0","0","500","0","0","0","True","0","16,5","15,4","25,2","32,5","100","38,59419164619974","37,105739125456736","1305579520","[23:24:52] [Server thread/INFO]: The game is running normally [23:24:52] [Server thread/INFO]: Target tick rate: 20,0 per second. Average time per tick: 16,5ms (Target: 50,0ms) [23:24:52] [Server thread/INFO]: Percentiles: P50: 15,4ms P95: 25,2ms P99: 32,5ms, sample: 100"
"with-umce","1","2026-09-26T21:24:52.7290464+00:00","1eb50fb702881358824526c667271024104dd5c27a9cd35da157bce789abdbb9","0","0","500","0","0","0","True","0","16,7","15,6","25,2","32,5","100","49,72211305456067","37,105739125456736","1305579520","[23:24:52] [Server thread/INFO]: The game is running normally [23:24:52] [Server thread/INFO]: Target tick rate: 20,0 per second. Average time per tick: 16,7ms (Target: 50,0ms) [23:24:52] [Server thread/INFO]: Percentiles: P50: 15,6ms P95: 25,2ms P99: 32,5ms, sample: 100"
"with-umce","1","2026-09-26T21:24:52.8547585+00:00","1eb50fb702881358824526c667271024104dd5c27a9cd35da157bce789abdbb9","0","0","500","0","0","0","True","0","16,8","15,9","25,2","32,5","100","38,21570369887248","37,105739125456736","1305579520","[23:24:52] [Server thread/INFO]: The game is running normally [23:24:52] [Server thread/INFO]: Target tick rate: 20,0 per second. Average time per tick: 16,8ms (Target: 50,0ms) [23:24:52] [Server thread/INFO]: Percentiles: P50: 15,9ms P95: 25,2ms P99: 32,5ms, sample: 100"
"with-umce","1","2026-09-26T21:24:52.9774151+00:00","1eb50fb702881358824526c667271024104dd5c27a9cd35da157bce789abdbb9","0","0","500","0","0","0","True","0","17","16","25,2","32,5","100","62,79715614286805","37,105739125456736","1305579520","[23:24:53] [Server thread/INFO]: The game is running normally [23:24:53] [Server thread/INFO]: Target tick rate: 20,0 per second. Average time per tick: 17,0ms (Target: 50,0ms) [23:24:53] [Server thread/INFO]: Percentiles: P50: 16,0ms P95: 25,2ms P99: 32,5ms, sample: 100"
"with-umce","1","2026-09-26T21:24:53.1018353+00:00","1eb50fb702881358824526c667271024104dd5c27a9cd35da157bce789abdbb9","0","0","500","0","0","0","True","0","17,2","16,2","25,2","32,5","100","40,507136385259805","37,105739125456736","1305579520","[23:24:53] [Server thread/INFO]: The game is running normally [23:24:53] [Server thread/INFO]: Target tick rate: 20,0 per second. Average time per tick: 17,2ms (Target: 50,0ms) [23:24:53] [Server thread/INFO]: Percentiles: P50: 16,2ms P95: 25,2ms P99: 32,5ms, sample: 100"
"with-umce","1","2026-09-26T21:24:53.2561072+00:00","1eb50fb702881358824526c667271024104dd5c27a9cd35da157bce789abdbb9","0","0","500","0","0","0","True","0","17,4","16,5","25,2","32,5","100","50,81028172472046","37,105739125456736","1305579520","[23:24:53] [Server thread/INFO]: The game is running normally [23:24:53] [Server thread/INFO]: Target tick rate: 20,0 per second. Average time per tick: 17,4ms (Target: 50,0ms) [23:24:53] [Server thread/INFO]: Percentiles: P50: 16,5ms P95: 25,2ms P99: 32,5ms, sample: 100"
"with-umce","1","2026-09-26T21:24:53.3791091+00:00","1eb50fb702881358824526c667271024104dd5c27a9cd35da157bce789abdbb9","0","0","500","0","0","0","True","0","17,5","16,6","25,2","32,5","100","38,03084981404435","37,105739125456736","1305579520","[23:24:53] [Server thread/INFO]: The game is running normally [23:24:53] [Server thread/INFO]: Target tick rate: 20,0 per second. Average time per tick: 17,5ms (Target: 50,0ms) [23:24:53] [Server thread/INFO]: Percentiles: P50: 16,6ms P95: 25,2ms P99: 32,5ms, sample: 100"
"with-umce","1","2026-09-26T21:24:53.5023563+00:00","1eb50fb702881358824526c667271024104dd5c27a9cd35da157bce789abdbb9","0","0","500","0","0","0","True","0","17,7","16,7","25,8","32,5","100","50,7931038406088","37,105739125456736","1305579520","[23:24:53] [Server thread/INFO]: The game is running normally [23:24:53] [Server thread/INFO]: Target tick rate: 20,0 per second. Average time per tick: 17,7ms (Target: 50,0ms) [23:24:53] [Server thread/INFO]: Percentiles: P50: 16,7ms P95: 25,8ms P99: 32,5ms, sample: 100"
"with-umce","1","2026-09-26T21:24:53.6254158+00:00","1eb50fb702881358824526c667271024104dd5c27a9cd35da157bce789abdbb9","0","0","500","0","0","0","True","0","17,8","17,1","25,8","32,5","100","25,384772223454227","37,105739125456736","1305579520","[23:24:53] [Server thread/INFO]: The game is running normally [23:24:53] [Server thread/INFO]: Target tick rate: 20,0 per second. Average time per tick: 17,8ms (Target: 50,0ms) [23:24:53] [Server thread/INFO]: Percentiles: P50: 17,1ms P95: 25,8ms P99: 32,5ms, sample: 100"
"with-umce","1","2026-09-26T21:24:53.7485378+00:00","1eb50fb702881358824526c667271024104dd5c27a9cd35da157bce789abdbb9","0","0","500","0","0","0","True","0","17,9","17,2","25,8","32,5","100","38,51842721557993","37,105739125456736","1305579520","[23:24:53] [Server thread/INFO]: The game is running normally [23:24:53] [Server thread/INFO]: Target tick rate: 20,0 per second. Average time per tick: 17,9ms (Target: 50,0ms) [23:24:53] [Server thread/INFO]: Percentiles: P50: 17,2ms P95: 25,8ms P99: 32,5ms, sample: 100"
"with-umce","1","2026-09-26T21:24:53.8702259+00:00","1eb50fb702881358824526c667271024104dd5c27a9cd35da157bce789abdbb9","0","0","500","0","0","0","True","0","17,9","17,2","25,8","32,5","100","25,27339750484845","37,105739125456736","1305579520","[23:24:53] [Server thread/INFO]: The game is running normally [23:24:53] [Server thread/INFO]: Target tick rate: 20,0 per second. Average time per tick: 17,9ms (Target: 50,0ms) [23:24:53] [Server thread/INFO]: Percentiles: P50: 17,2ms P95: 25,8ms P99: 32,5ms, sample: 100"
"with-umce","1","2026-09-26T21:24:53.9938781+00:00","1eb50fb702881358824526c667271024104dd5c27a9cd35da157bce789abdbb9","0","0","500","0","0","0","True","0","18","17,2","25,8","32,5","100","76,33252156241069","37,105739125456736","1305579520","[23:24:54] [Server thread/INFO]: The game is running normally [23:24:54] [Server thread/INFO]: Target tick rate: 20,0 per second. Average time per tick: 18,0ms (Target: 50,0ms) [23:24:54] [Server thread/INFO]: Percentiles: P50: 17,2ms P95: 25,8ms P99: 32,5ms, sample: 100"
"with-umce","1","2026-09-26T21:24:54.1167383+00:00","1eb50fb702881358824526c667271024104dd5c27a9cd35da157bce789abdbb9","0","0","500","0","0","0","True","0","18,1","17,4","25,8","32,5","100","33,56656276249052","37,105739125456736","1305579520","[23:24:54] [Server thread/INFO]: The game is running normally [23:24:54] [Server thread/INFO]: Target tick rate: 20,0 per second. Average time per tick: 18,1ms (Target: 50,0ms) [23:24:54] [Server thread/INFO]: Percentiles: P50: 17,4ms P95: 25,8ms P99: 32,5ms, sample: 100"
"with-umce","1","2026-09-26T21:24:54.2563324+00:00","1eb50fb702881358824526c667271024104dd5c27a9cd35da157bce789abdbb9","0","0","500","0","0","0","True","0","18,2","17,6","25,8","32,5","100","22,404340634878075","37,105739125456736","1305579520","[23:24:54] [Server thread/INFO]: The game is running normally [23:24:54] [Server thread/INFO]: Target tick rate: 20,0 per second. Average time per tick: 18,2ms (Target: 50,0ms) [23:24:54] [Server thread/INFO]: Percentiles: P50: 17,6ms P95: 25,8ms P99: 32,5ms, sample: 100"
"with-umce","1","2026-09-26T21:24:54.3958106+00:00","1eb50fb702881358824526c667271024104dd5c27a9cd35da157bce789abdbb9","0","0","500","0","0","0","True","0","18,3","17,6","25,8","32,5","100","75,86154438729767","37,105739125456736","1305579520","[23:24:54] [Server thread/INFO]: The game is running normally [23:24:54] [Server thread/INFO]: Target tick rate: 20,0 per second. Average time per tick: 18,3ms (Target: 50,0ms) [23:24:54] [Server thread/INFO]: Percentiles: P50: 17,6ms P95: 25,8ms P99: 32,5ms, sample: 100"
"with-umce","1","2026-09-26T21:24:54.5193819+00:00","1eb50fb702881358824526c667271024104dd5c27a9cd35da157bce789abdbb9","0","0","500","0","0","0","True","0","18,3","17,9","25,8","32,5","100","63,13554767713714","37,105739125456736","1305579520","[23:24:54] [Server thread/INFO]: The game is running normally [23:24:54] [Server thread/INFO]: Target tick rate: 20,0 per second. Average time per tick: 18,3ms (Target: 50,0ms) [23:24:54] [Server thread/INFO]: Percentiles: P50: 17,9ms P95: 25,8ms P99: 32,5ms, sample: 100"
"with-umce","1","2026-09-26T21:24:54.6431293+00:00","1eb50fb702881358824526c667271024104dd5c27a9cd35da157bce789abdbb9","0","0","500","0","0","0","True","0","18,4","17,9","25,8","32,5","100","38,16911994019968","37,105739125456736","1305579520","[23:24:54] [Server thread/INFO]: The game is running normally [23:24:54] [Server thread/INFO]: Target tick rate: 20,0 per second. Average time per tick: 18,4ms (Target: 50,0ms) [23:24:54] [Server thread/INFO]: Percentiles: P50: 17,9ms P95: 25,8ms P99: 32,5ms, sample: 100"
"with-umce","1","2026-09-26T21:24:54.7659330+00:00","1eb50fb702881358824526c667271024104dd5c27a9cd35da157bce789abdbb9","0","0","500","0","0","0","True","0","18,4","17,9","25,8","32,5","100","76,63408389776892","37,105739125456736","1305579520","[23:24:54] [Server thread/INFO]: The game is running normally [23:24:54] [Server thread/INFO]: Target tick rate: 20,0 per second. Average time per tick: 18,4ms (Target: 50,0ms) [23:24:54] [Server thread/INFO]: Percentiles: P50: 17,9ms P95: 25,8ms P99: 32,5ms, sample: 100"
"with-umce","1","2026-09-26T21:24:54.8882631+00:00","1eb50fb702881358824526c667271024104dd5c27a9cd35da157bce789abdbb9","0","0","500","0","0","0","True","0","18,5","18,1","25,8","32,5","100","140,46791855762024","37,105739125456736","1305579520","[23:24:54] [Server thread/INFO]: The game is running normally [23:24:54] [Server thread/INFO]: Target tick rate: 20,0 per second. Average time per tick: 18,5ms (Target: 50,0ms) [23:24:54] [Server thread/INFO]: Percentiles: P50: 18,1ms P95: 25,8ms P99: 32,5ms, sample: 100"
"with-umce","1","2026-09-26T21:24:55.0106336+00:00","1eb50fb702881358824526c667271024104dd5c27a9cd35da157bce789abdbb9","0","0","500","0","0","0","True","0","18,6","18,1","25,8","32,5","100","25,32006588888826","37,105739125456736","1305579520","[23:24:55] [Server thread/INFO]: The game is running normally [23:24:55] [Server thread/INFO]: Target tick rate: 20,0 per second. Average time per tick: 18,6ms (Target: 50,0ms) [23:24:55] [Server thread/INFO]: Percentiles: P50: 18,1ms P95: 25,8ms P99: 32,5ms, sample: 100"
"with-umce","1","2026-09-26T21:24:55.1340791+00:00","1eb50fb702881358824526c667271024104dd5c27a9cd35da157bce789abdbb9","0","0","500","0","0","0","True","0","18,6","18,1","25,8","32,5","100","37,75188054700965","37,105739125456736","1305579520","[23:24:55] [Server thread/INFO]: The game is running normally [23:24:55] [Server thread/INFO]: Target tick rate: 20,0 per second. Average time per tick: 18,6ms (Target: 50,0ms) [23:24:55] [Server thread/INFO]: Percentiles: P50: 18,1ms P95: 25,8ms P99: 32,5ms, sample: 100"
"with-umce","1","2026-09-26T21:24:55.2582531+00:00","1eb50fb702881358824526c667271024104dd5c27a9cd35da157bce789abdbb9","0","0","500","0","0","0","True","0","18,5","17,9","25,8","32,5","100","33,671908110709644","37,105739125456736","1305579520","[23:24:55] [Server thread/INFO]: The game is running normally [23:24:55] [Server thread/INFO]: Target tick rate: 20,0 per second. Average time per tick: 18,5ms (Target: 50,0ms) [23:24:55] [Server thread/INFO]: Percentiles: P50: 17,9ms P95: 25,8ms P99: 32,5ms, sample: 100"
"with-umce","1","2026-09-26T21:24:55.3974428+00:00","1eb50fb702881358824526c667271024104dd5c27a9cd35da157bce789abdbb9","0","0","500","0","0","0","True","0","18,6","18,1","25,8","32,5","100","66,3647278019719","37,105739125456736","1305579520","[23:24:55] [Server thread/INFO]: The game is running normally [23:24:55] [Server thread/INFO]: Target tick rate: 20,0 per second. Average time per tick: 18,6ms (Target: 50,0ms) [23:24:55] [Server thread/INFO]: Percentiles: P50: 18,1ms P95: 25,8ms P99: 32,5ms, sample: 100"
"with-umce","1","2026-09-26T21:24:55.5387322+00:00","1eb50fb702881358824526c667271024104dd5c27a9cd35da157bce789abdbb9","0","0","500","0","0","0","True","0","18,7","18,3","25,8","32,5","100","90,14030879906427","37,105739125456736","1305579520","[23:24:55] [Server thread/INFO]: The game is running normally [23:24:55] [Server thread/INFO]: Target tick rate: 20,0 per second. Average time per tick: 18,7ms (Target: 50,0ms) [23:24:55] [Server thread/INFO]: Percentiles: P50: 18,3ms P95: 25,8ms P99: 32,5ms, sample: 100"
"with-umce","1","2026-09-26T21:24:55.6773706+00:00","1eb50fb702881358824526c667271024104dd5c27a9cd35da157bce789abdbb9","0","0","500","0","0","0","True","0","18,7","18,3","25,8","32,5","100","38,45996061700033","37,105739125456736","1305579520","[23:24:55] [Server thread/INFO]: The game is running normally [23:24:55] [Server thread/INFO]: Target tick rate: 20,0 per second. Average time per tick: 18,7ms (Target: 50,0ms) [23:24:55] [Server thread/INFO]: Percentiles: P50: 18,3ms P95: 25,8ms P99: 32,5ms, sample: 100"
"with-umce","1","2026-09-26T21:24:55.7992450+00:00","1eb50fb702881358824526c667271024104dd5c27a9cd35da157bce789abdbb9","0","0","500","0","0","0","True","0","18,8","18,4","25,8","32,5","100","25,183273793358545","37,105739125456736","1305579520","[23:24:55] [Server thread/INFO]: The game is running normally [23:24:55] [Server thread/INFO]: Target tick rate: 20,0 per second. Average time per tick: 18,8ms (Target: 50,0ms) [23:24:55] [Server thread/INFO]: Percentiles: P50: 18,4ms P95: 25,8ms P99: 32,5ms, sample: 100"
"with-umce","1","2026-09-26T21:24:55.9233676+00:00","1eb50fb702881358824526c667271024104dd5c27a9cd35da157bce789abdbb9","0","0","500","0","0","0","True","0","18,7","18,3","25,8","32,5","100","37,732765886198784","37,105739125456736","1305579520","[23:24:55] [Server thread/INFO]: The game is running normally [23:24:55] [Server thread/INFO]: Target tick rate: 20,0 per second. Average time per tick: 18,7ms (Target: 50,0ms) [23:24:55] [Server thread/INFO]: Percentiles: P50: 18,3ms P95: 25,8ms P99: 32,5ms, sample: 100"
"with-umce","1","2026-09-26T21:24:56.0475922+00:00","1eb50fb702881358824526c667271024104dd5c27a9cd35da157bce789abdbb9","0","0","500","0","0","0","True","0","18,6","18,3","25,8","32,5","100","37,74239676900928","37,105739125456736","1305579520","[23:24:56] [Server thread/INFO]: The game is running normally [23:24:56] [Server thread/INFO]: Target tick rate: 20,0 per second. Average time per tick: 18,6ms (Target: 50,0ms) [23:24:56] [Server thread/INFO]: Percentiles: P50: 18,3ms P95: 25,8ms P99: 32,5ms, sample: 100"
"with-umce","1","2026-09-26T21:24:56.1717546+00:00","1eb50fb702881358824526c667271024104dd5c27a9cd35da157bce789abdbb9","0","0","500","0","0","0","True","0","18,6","18,3","25,8","32,5","100","25,410367267218675","37,105739125456736","1305579520","[23:24:56] [Server thread/INFO]: The game is running normally [23:24:56] [Server thread/INFO]: Target tick rate: 20,0 per second. Average time per tick: 18,6ms (Target: 50,0ms) [23:24:56] [Server thread/INFO]: Percentiles: P50: 18,3ms P95: 25,8ms P99: 32,5ms, sample: 100"
"with-umce","1","2026-09-26T21:24:56.2947411+00:00","1eb50fb702881358824526c667271024104dd5c27a9cd35da157bce789abdbb9","0","0","500","0","0","0","True","0","18,6","18,3","25,8","32,5","100","37,65547191243205","37,105739125456736","1305579520","[23:24:56] [Server thread/INFO]: The game is running normally [23:24:56] [Server thread/INFO]: Target tick rate: 20,0 per second. Average time per tick: 18,6ms (Target: 50,0ms) [23:24:56] [Server thread/INFO]: Percentiles: P50: 18,3ms P95: 25,8ms P99: 32,5ms, sample: 100"
"with-umce","1","2026-09-26T21:24:56.4192306+00:00","1eb50fb702881358824526c667271024104dd5c27a9cd35da157bce789abdbb9","0","0","500","0","0","0","True","0","18,7","18,3","25,8","32,5","100","25,179885099148315","37,105739125456736","1305579520","[23:24:56] [Server thread/INFO]: The game is running normally [23:24:56] [Server thread/INFO]: Target tick rate: 20,0 per second. Average time per tick: 18,7ms (Target: 50,0ms) [23:24:56] [Server thread/INFO]: Percentiles: P50: 18,3ms P95: 25,8ms P99: 32,5ms, sample: 100"
"with-umce","1","2026-09-26T21:24:56.5433286+00:00","1eb50fb702881358824526c667271024104dd5c27a9cd35da157bce789abdbb9","0","0","500","0","0","0","True","0","18,7","18,2","25,8","32,5","100","37,706571682304336","37,105739125456736","1305579520","[23:24:56] [Server thread/INFO]: The game is running normally [23:24:56] [Server thread/INFO]: Target tick rate: 20,0 per second. Average time per tick: 18,7ms (Target: 50,0ms) [23:24:56] [Server thread/INFO]: Percentiles: P50: 18,2ms P95: 25,8ms P99: 32,5ms, sample: 100"
"with-umce","1","2026-09-26T21:24:56.6676699+00:00","1eb50fb702881358824526c667271024104dd5c27a9cd35da157bce789abdbb9","0","0","500","0","0","0","True","0","18,7","18,2","25,8","32,5","100","25,412164986346554","37,105739125456736","1305579520","[23:24:56] [Server thread/INFO]: The game is running normally [23:24:56] [Server thread/INFO]: Target tick rate: 20,0 per second. Average time per tick: 18,7ms (Target: 50,0ms) [23:24:56] [Server thread/INFO]: Percentiles: P50: 18,2ms P95: 25,8ms P99: 32,5ms, sample: 100"
"with-umce","1","2026-09-26T21:24:56.7906358+00:00","1eb50fb702881358824526c667271024104dd5c27a9cd35da157bce789abdbb9","0","0","500","0","0","0","True","0","18,7","18,2","25,8","32,5","100","37,935775844278396","37,105739125456736","1305579520","[23:24:56] [Server thread/INFO]: The game is running normally [23:24:56] [Server thread/INFO]: Target tick rate: 20,0 per second. Average time per tick: 18,7ms (Target: 50,0ms) [23:24:56] [Server thread/INFO]: Percentiles: P50: 18,2ms P95: 25,8ms P99: 32,5ms, sample: 100"
"with-umce","1","2026-09-26T21:24:56.9141748+00:00","1eb50fb702881358824526c667271024104dd5c27a9cd35da157bce789abdbb9","0","0","500","0","0","0","True","0","18,7","18,3","25,8","32,5","100","25,011785553352738","37,105739125456736","1305579520","[23:24:56] [Server thread/INFO]: The game is running normally [23:24:56] [Server thread/INFO]: Target tick rate: 20,0 per second. Average time per tick: 18,7ms (Target: 50,0ms) [23:24:56] [Server thread/INFO]: Percentiles: P50: 18,3ms P95: 25,8ms P99: 32,5ms, sample: 100"
"with-umce","1","2026-09-26T21:24:57.0391268+00:00","1eb50fb702881358824526c667271024104dd5c27a9cd35da157bce789abdbb9","0","0","500","0","0","0","True","0","18,6","18,1","25,8","32,5","100","37,51963027055755","37,105739125456736","1305579520","[23:24:57] [Server thread/INFO]: The game is running normally [23:24:57] [Server thread/INFO]: Target tick rate: 20,0 per second. Average time per tick: 18,6ms (Target: 50,0ms) [23:24:57] [Server thread/INFO]: Percentiles: P50: 18,1ms P95: 25,8ms P99: 32,5ms, sample: 100"
"with-umce","1","2026-09-26T21:24:57.1640781+00:00","1eb50fb702881358824526c667271024104dd5c27a9cd35da157bce789abdbb9","0","0","500","0","0","0","True","0","18,3","17,7","24,9","32,5","100","33,60284909148649","37,105739125456736","1305579520","[23:24:57] [Server thread/INFO]: The game is running normally [23:24:57] [Server thread/INFO]: Target tick rate: 20,0 per second. Average time per tick: 18,3ms (Target: 50,0ms) [23:24:57] [Server thread/INFO]: Percentiles: P50: 17,7ms P95: 24,9ms P99: 32,5ms, sample: 100"
"with-umce","1","2026-09-26T21:24:57.3035586+00:00","1eb50fb702881358824526c667271024104dd5c27a9cd35da157bce789abdbb9","0","0","500","0","0","0","True","0","18,1","17,6","24,3","32,5","100","22,551583590240973","37,105739125456736","1305579520","[23:24:57] [Server thread/INFO]: The game is running normally [23:24:57] [Server thread/INFO]: Target tick rate: 20,0 per second. Average time per tick: 18,1ms (Target: 50,0ms) [23:24:57] [Server thread/INFO]: Percentiles: P50: 17,6ms P95: 24,3ms P99: 32,5ms, sample: 100"
"with-umce","1","2026-09-26T21:24:57.4421376+00:00","1eb50fb702881358824526c667271024104dd5c27a9cd35da157bce789abdbb9","0","0","500","0","0","0","True","0","17,9","17,2","24,3","32,5","100","36,82342118845186","37,105739125456736","1305579520","[23:24:57] [Server thread/INFO]: The game is running normally [23:24:57] [Server thread/INFO]: Target tick rate: 20,0 per second. Average time per tick: 17,9ms (Target: 50,0ms) [23:24:57] [Server thread/INFO]: Percentiles: P50: 17,2ms P95: 24,3ms P99: 32,5ms, sample: 100"
"with-umce","1","2026-09-26T21:24:57.5694332+00:00","1eb50fb702881358824526c667271024104dd5c27a9cd35da157bce789abdbb9","0","0","500","0","0","0","True","0","17,7","17,2","24,3","27,7","100","33,73277739317414","37,105739125456736","1305579520","[23:24:57] [Server thread/INFO]: The game is running normally [23:24:57] [Server thread/INFO]: Target tick rate: 20,0 per second. Average time per tick: 17,7ms (Target: 50,0ms) [23:24:57] [Server thread/INFO]: Percentiles: P50: 17,2ms P95: 24,3ms P99: 27,7ms, sample: 100"
"with-umce","1","2026-09-26T21:24:57.7083822+00:00","1eb50fb702881358824526c667271024104dd5c27a9cd35da157bce789abdbb9","0","0","500","0","0","0","True","0","17,5","17,1","23,8","27,7","100","25,208707934733244","37,105739125456736","1305579520","[23:24:57] [Server thread/INFO]: The game is running normally [23:24:57] [Server thread/INFO]: Target tick rate: 20,0 per second. Average time per tick: 17,5ms (Target: 50,0ms) [23:24:57] [Server thread/INFO]: Percentiles: P50: 17,1ms P95: 23,8ms P99: 27,7ms, sample: 100"
"with-umce","1","2026-09-26T21:24:57.8323411+00:00","1eb50fb702881358824526c667271024104dd5c27a9cd35da157bce789abdbb9","0","0","500","0","0","0","True","0","17,3","17","23,8","27,7","100","37,552332931172884","37,105739125456736","1305579520","[23:24:57] [Server thread/INFO]: The game is running normally [23:24:57] [Server thread/INFO]: Target tick rate: 20,0 per second. Average time per tick: 17,3ms (Target: 50,0ms) [23:24:57] [Server thread/INFO]: Percentiles: P50: 17,0ms P95: 23,8ms P99: 27,7ms, sample: 100"
"with-umce","2","2026-09-26T21:25:39.4557013+00:00","1eb50fb702881358824526c667271024104dd5c27a9cd35da157bce789abdbb9","0","0","500","0","0","0","True","0","16,1","15,6","23,2","25,7","100","38,77989154039934","36,909084926511035","1320091648","[23:25:39] [Server thread/INFO]: The game is running normally [23:25:39] [Server thread/INFO]: Target tick rate: 20,0 per second. Average time per tick: 16,1ms (Target: 50,0ms) [23:25:39] [Server thread/INFO]: Percentiles: P50: 15,6ms P95: 23,2ms P99: 25,7ms, sample: 100"
"with-umce","2","2026-09-26T21:25:39.5819620+00:00","1eb50fb702881358824526c667271024104dd5c27a9cd35da157bce789abdbb9","0","0","500","0","0","0","True","0","16,1","15,6","23,2","25,7","100","25,764313828304964","36,909084926511035","1320091648","[23:25:39] [Server thread/INFO]: The game is running normally [23:25:39] [Server thread/INFO]: Target tick rate: 20,0 per second. Average time per tick: 16,1ms (Target: 50,0ms) [23:25:39] [Server thread/INFO]: Percentiles: P50: 15,6ms P95: 23,2ms P99: 25,7ms, sample: 100"
"with-umce","2","2026-09-26T21:25:39.6979514+00:00","1eb50fb702881358824526c667271024104dd5c27a9cd35da157bce789abdbb9","0","0","500","0","0","0","True","0","16,1","15,6","23,2","25,7","100","38,12091343807944","36,909084926511035","1320091648","[23:25:39] [Server thread/INFO]: The game is running normally [23:25:39] [Server thread/INFO]: Target tick rate: 20,0 per second. Average time per tick: 16,1ms (Target: 50,0ms) [23:25:39] [Server thread/INFO]: Percentiles: P50: 15,6ms P95: 23,2ms P99: 25,7ms, sample: 100"
"with-umce","2","2026-09-26T21:25:39.8209417+00:00","1eb50fb702881358824526c667271024104dd5c27a9cd35da157bce789abdbb9","0","0","500","0","0","0","True","0","16,1","15,6","23,2","25,7","100","34,13537196450067","36,909084926511035","1320091648","[23:25:39] [Server thread/INFO]: The game is running normally [23:25:39] [Server thread/INFO]: Target tick rate: 20,0 per second. Average time per tick: 16,1ms (Target: 50,0ms) [23:25:39] [Server thread/INFO]: Percentiles: P50: 15,6ms P95: 23,2ms P99: 25,7ms, sample: 100"
"with-umce","2","2026-09-26T21:25:39.9582456+00:00","1eb50fb702881358824526c667271024104dd5c27a9cd35da157bce789abdbb9","0","0","500","0","0","0","True","0","16","15,6","21,4","25,5","100","37,25595856898969","36,909084926511035","1320091648","[23:25:39] [Server thread/INFO]: The game is running normally [23:25:39] [Server thread/INFO]: Target tick rate: 20,0 per second. Average time per tick: 16,0ms (Target: 50,0ms) [23:25:39] [Server thread/INFO]: Percentiles: P50: 15,6ms P95: 21,4ms P99: 25,5ms, sample: 100"
"with-umce","2","2026-09-26T21:25:40.0840641+00:00","1eb50fb702881358824526c667271024104dd5c27a9cd35da157bce789abdbb9","0","0","500","0","0","0","True","0","16","15,6","21,4","25,5","100","38,3665939304253","36,909084926511035","1320091648","[23:25:40] [Server thread/INFO]: The game is running normally [23:25:40] [Server thread/INFO]: Target tick rate: 20,0 per second. Average time per tick: 16,0ms (Target: 50,0ms) [23:25:40] [Server thread/INFO]: Percentiles: P50: 15,6ms P95: 21,4ms P99: 25,5ms, sample: 100"
"with-umce","2","2026-09-26T21:25:40.2062354+00:00","1eb50fb702881358824526c667271024104dd5c27a9cd35da157bce789abdbb9","0","0","500","0","0","0","True","0","16","15,6","21,4","25,5","100","25,083558349574098","36,909084926511035","1320091648","[23:25:40] [Server thread/INFO]: The game is running normally [23:25:40] [Server thread/INFO]: Target tick rate: 20,0 per second. Average time per tick: 16,0ms (Target: 50,0ms) [23:25:40] [Server thread/INFO]: Percentiles: P50: 15,6ms P95: 21,4ms P99: 25,5ms, sample: 100"
"with-umce","2","2026-09-26T21:25:40.3307978+00:00","1eb50fb702881358824526c667271024104dd5c27a9cd35da157bce789abdbb9","0","0","500","0","0","0","True","0","16,1","15,6","21,4","25,5","100","25,779957135149672","36,909084926511035","1320091648","[23:25:40] [Server thread/INFO]: The game is running normally [23:25:40] [Server thread/INFO]: Target tick rate: 20,0 per second. Average time per tick: 16,1ms (Target: 50,0ms) [23:25:40] [Server thread/INFO]: Percentiles: P50: 15,6ms P95: 21,4ms P99: 25,5ms, sample: 100"
"with-umce","2","2026-09-26T21:25:40.4520635+00:00","1eb50fb702881358824526c667271024104dd5c27a9cd35da157bce789abdbb9","0","0","500","0","0","0","True","0","16,2","15,7","21,4","25,5","100","37,69838397583443","36,909084926511035","1320091648","[23:25:40] [Server thread/INFO]: The game is running normally [23:25:40] [Server thread/INFO]: Target tick rate: 20,0 per second. Average time per tick: 16,2ms (Target: 50,0ms) [23:25:40] [Server thread/INFO]: Percentiles: P50: 15,7ms P95: 21,4ms P99: 25,5ms, sample: 100"
"with-umce","2","2026-09-26T21:25:40.5763812+00:00","1eb50fb702881358824526c667271024104dd5c27a9cd35da157bce789abdbb9","0","0","500","0","0","0","True","0","16,2","15,7","21,4","25,5","100","25,27906060583999","36,909084926511035","1320091648","[23:25:40] [Server thread/INFO]: The game is running normally [23:25:40] [Server thread/INFO]: Target tick rate: 20,0 per second. Average time per tick: 16,2ms (Target: 50,0ms) [23:25:40] [Server thread/INFO]: Percentiles: P50: 15,7ms P95: 21,4ms P99: 25,5ms, sample: 100"
"with-umce","2","2026-09-26T21:25:40.7000172+00:00","1eb50fb702881358824526c667271024104dd5c27a9cd35da157bce789abdbb9","0","0","500","0","0","0","True","0","16,2","15,7","23,2","25,5","100","51,17904230500581","36,909084926511035","1320091648","[23:25:40] [Server thread/INFO]: The game is running normally [23:25:40] [Server thread/INFO]: Target tick rate: 20,0 per second. Average time per tick: 16,2ms (Target: 50,0ms) [23:25:40] [Server thread/INFO]: Percentiles: P50: 15,7ms P95: 23,2ms P99: 25,5ms, sample: 100"
"with-umce","2","2026-09-26T21:25:40.8221136+00:00","1eb50fb702881358824526c667271024104dd5c27a9cd35da157bce789abdbb9","0","0","500","0","0","0","True","0","16,3","15,7","23,2","25,5","100","25,446307883225472","36,909084926511035","1320091648","[23:25:40] [Server thread/INFO]: The game is running normally [23:25:40] [Server thread/INFO]: Target tick rate: 20,0 per second. Average time per tick: 16,3ms (Target: 50,0ms) [23:25:40] [Server thread/INFO]: Percentiles: P50: 15,7ms P95: 23,2ms P99: 25,5ms, sample: 100"
"with-umce","2","2026-09-26T21:25:40.9449100+00:00","1eb50fb702881358824526c667271024104dd5c27a9cd35da157bce789abdbb9","0","0","500","0","0","0","True","0","16,3","15,7","23,2","25,5","100","34,1931154213686","36,909084926511035","1320091648","[23:25:40] [Server thread/INFO]: The game is running normally [23:25:40] [Server thread/INFO]: Target tick rate: 20,0 per second. Average time per tick: 16,3ms (Target: 50,0ms) [23:25:40] [Server thread/INFO]: Percentiles: P50: 15,7ms P95: 23,2ms P99: 25,5ms, sample: 100"
"with-umce","2","2026-09-26T21:25:41.0820112+00:00","1eb50fb702881358824526c667271024104dd5c27a9cd35da157bce789abdbb9","0","0","500","0","0","0","True","0","16,2","15,7","23,2","25,5","100","38,58269207184324","36,909084926511035","1320091648","[23:25:41] [Server thread/INFO]: The game is running normally [23:25:41] [Server thread/INFO]: Target tick rate: 20,0 per second. Average time per tick: 16,2ms (Target: 50,0ms) [23:25:41] [Server thread/INFO]: Percentiles: P50: 15,7ms P95: 23,2ms P99: 25,5ms, sample: 100"
"with-umce","2","2026-09-26T21:25:41.2035083+00:00","1eb50fb702881358824526c667271024104dd5c27a9cd35da157bce789abdbb9","0","0","500","0","0","0","True","0","16,2","15,8","23,2","25,5","100","25,16437368893613","36,909084926511035","1320091648","[23:25:41] [Server thread/INFO]: The game is running normally [23:25:41] [Server thread/INFO]: Target tick rate: 20,0 per second. Average time per tick: 16,2ms (Target: 50,0ms) [23:25:41] [Server thread/INFO]: Percentiles: P50: 15,8ms P95: 23,2ms P99: 25,5ms, sample: 100"
"with-umce","2","2026-09-26T21:25:41.3276983+00:00","1eb50fb702881358824526c667271024104dd5c27a9cd35da157bce789abdbb9","0","0","500","0","0","0","True","0","16,1","15,6","23,2","25,5","100","25,53738837096795","36,909084926511035","1320091648","[23:25:41] [Server thread/INFO]: The game is running normally [23:25:41] [Server thread/INFO]: Target tick rate: 20,0 per second. Average time per tick: 16,1ms (Target: 50,0ms) [23:25:41] [Server thread/INFO]: Percentiles: P50: 15,6ms P95: 23,2ms P99: 25,5ms, sample: 100"
"with-umce","2","2026-09-26T21:25:41.4500606+00:00","1eb50fb702881358824526c667271024104dd5c27a9cd35da157bce789abdbb9","0","0","500","0","0","0","True","0","16","15,4","21,4","25,5","100","50,55664892734969","36,909084926511035","1320091648","[23:25:41] [Server thread/INFO]: The game is running normally [23:25:41] [Server thread/INFO]: Target tick rate: 20,0 per second. Average time per tick: 16,0ms (Target: 50,0ms) [23:25:41] [Server thread/INFO]: Percentiles: P50: 15,4ms P95: 21,4ms P99: 25,5ms, sample: 100"
"with-umce","2","2026-09-26T21:25:41.5736742+00:00","1eb50fb702881358824526c667271024104dd5c27a9cd35da157bce789abdbb9","0","0","500","0","0","0","True","0","15,9","15,4","20,7","25,5","100","24,724294447754204","36,909084926511035","1320091648","[23:25:41] [Server thread/INFO]: The game is running normally [23:25:41] [Server thread/INFO]: Target tick rate: 20,0 per second. Average time per tick: 15,9ms (Target: 50,0ms) [23:25:41] [Server thread/INFO]: Percentiles: P50: 15,4ms P95: 20,7ms P99: 25,5ms, sample: 100"
"with-umce","2","2026-09-26T21:25:41.7001060+00:00","1eb50fb702881358824526c667271024104dd5c27a9cd35da157bce789abdbb9","0","0","500","0","0","0","True","0","15,8","15,4","20,7","25,5","100","75,03259415890263","36,909084926511035","1320091648","[23:25:41] [Server thread/INFO]: The game is running normally [23:25:41] [Server thread/INFO]: Target tick rate: 20,0 per second. Average time per tick: 15,8ms (Target: 50,0ms) [23:25:41] [Server thread/INFO]: Percentiles: P50: 15,4ms P95: 20,7ms P99: 25,5ms, sample: 100"
"with-umce","2","2026-09-26T21:25:41.8250103+00:00","1eb50fb702881358824526c667271024104dd5c27a9cd35da157bce789abdbb9","0","0","500","0","0","0","True","0","15,8","15,3","20,6","25,5","100","37,72650996583488","36,909084926511035","1320091648","[23:25:41] [Server thread/INFO]: The game is running normally [23:25:41] [Server thread/INFO]: Target tick rate: 20,0 per second. Average time per tick: 15,8ms (Target: 50,0ms) [23:25:41] [Server thread/INFO]: Percentiles: P50: 15,3ms P95: 20,6ms P99: 25,5ms, sample: 100"
"with-umce","2","2026-09-26T21:25:41.9492519+00:00","1eb50fb702881358824526c667271024104dd5c27a9cd35da157bce789abdbb9","0","0","500","0","0","0","True","0","15,8","15,1","20,6","25,5","100","50,85667044226588","36,909084926511035","1320091648","[23:25:41] [Server thread/INFO]: The game is running normally [23:25:41] [Server thread/INFO]: Target tick rate: 20,0 per second. Average time per tick: 15,8ms (Target: 50,0ms) [23:25:41] [Server thread/INFO]: Percentiles: P50: 15,1ms P95: 20,6ms P99: 25,5ms, sample: 100"
"with-umce","2","2026-09-26T21:25:42.0721501+00:00","1eb50fb702881358824526c667271024104dd5c27a9cd35da157bce789abdbb9","0","0","500","0","0","0","True","0","15,9","15,4","20,6","25,5","100","25,31452794683382","36,909084926511035","1320091648","[23:25:42] [Server thread/INFO]: The game is running normally [23:25:42] [Server thread/INFO]: Target tick rate: 20,0 per second. Average time per tick: 15,9ms (Target: 50,0ms) [23:25:42] [Server thread/INFO]: Percentiles: P50: 15,4ms P95: 20,6ms P99: 25,5ms, sample: 100"
"with-umce","2","2026-09-26T21:25:42.1955950+00:00","1eb50fb702881358824526c667271024104dd5c27a9cd35da157bce789abdbb9","0","0","500","0","0","0","True","0","15,9","15,4","20,6","25,5","100","22,719589375229464","36,909084926511035","1320091648","[23:25:42] [Server thread/INFO]: The game is running normally [23:25:42] [Server thread/INFO]: Target tick rate: 20,0 per second. Average time per tick: 15,9ms (Target: 50,0ms) [23:25:42] [Server thread/INFO]: Percentiles: P50: 15,4ms P95: 20,6ms P99: 25,5ms, sample: 100"
"with-umce","2","2026-09-26T21:25:42.3331484+00:00","1eb50fb702881358824526c667271024104dd5c27a9cd35da157bce789abdbb9","0","0","500","0","0","0","True","0","15,9","15,3","20,6","25,5","100","38,23524853523312","36,909084926511035","1320091648","[23:25:42] [Server thread/INFO]: The game is running normally [23:25:42] [Server thread/INFO]: Target tick rate: 20,0 per second. Average time per tick: 15,9ms (Target: 50,0ms) [23:25:42] [Server thread/INFO]: Percentiles: P50: 15,3ms P95: 20,6ms P99: 25,5ms, sample: 100"
"with-umce","2","2026-09-26T21:25:42.4557614+00:00","1eb50fb702881358824526c667271024104dd5c27a9cd35da157bce789abdbb9","0","0","500","0","0","0","True","0","15,8","15,3","20,2","25,1","100","25,525060708804386","36,909084926511035","1320091648","[23:25:42] [Server thread/INFO]: The game is running normally [23:25:42] [Server thread/INFO]: Target tick rate: 20,0 per second. Average time per tick: 15,8ms (Target: 50,0ms) [23:25:42] [Server thread/INFO]: Percentiles: P50: 15,3ms P95: 20,2ms P99: 25,1ms, sample: 100"
"with-umce","2","2026-09-26T21:25:42.5781974+00:00","1eb50fb702881358824526c667271024104dd5c27a9cd35da157bce789abdbb9","0","0","500","0","0","0","True","0","15,8","15,4","20,2","25,1","100","25,647128342333765","36,909084926511035","1320091648","[23:25:42] [Server thread/INFO]: The game is running normally [23:25:42] [Server thread/INFO]: Target tick rate: 20,0 per second. Average time per tick: 15,8ms (Target: 50,0ms) [23:25:42] [Server thread/INFO]: Percentiles: P50: 15,4ms P95: 20,2ms P99: 25,1ms, sample: 100"
"with-umce","2","2026-09-26T21:25:42.7000386+00:00","1eb50fb702881358824526c667271024104dd5c27a9cd35da157bce789abdbb9","0","0","500","0","0","0","True","0","15,8","15,4","20,2","25,1","100","37,95958427878004","36,909084926511035","1320091648","[23:25:42] [Server thread/INFO]: The game is running normally [23:25:42] [Server thread/INFO]: Target tick rate: 20,0 per second. Average time per tick: 15,8ms (Target: 50,0ms) [23:25:42] [Server thread/INFO]: Percentiles: P50: 15,4ms P95: 20,2ms P99: 25,1ms, sample: 100"
"with-umce","2","2026-09-26T21:25:42.8235193+00:00","1eb50fb702881358824526c667271024104dd5c27a9cd35da157bce789abdbb9","0","0","500","0","0","0","True","0","15,8","15,4","20,2","25,1","100","24,992642166146286","36,909084926511035","1320091648","[23:25:42] [Server thread/INFO]: The game is running normally [23:25:42] [Server thread/INFO]: Target tick rate: 20,0 per second. Average time per tick: 15,8ms (Target: 50,0ms) [23:25:42] [Server thread/INFO]: Percentiles: P50: 15,4ms P95: 20,2ms P99: 25,1ms, sample: 100"
"with-umce","2","2026-09-26T21:25:42.9485513+00:00","1eb50fb702881358824526c667271024104dd5c27a9cd35da157bce789abdbb9","0","0","500","0","0","0","True","0","15,8","15,4","20,2","25,1","100","38,17913037104006","36,909084926511035","1320091648","[23:25:42] [Server thread/INFO]: The game is running normally [23:25:42] [Server thread/INFO]: Target tick rate: 20,0 per second. Average time per tick: 15,8ms (Target: 50,0ms) [23:25:42] [Server thread/INFO]: Percentiles: P50: 15,4ms P95: 20,2ms P99: 25,1ms, sample: 100"
"with-umce","2","2026-09-26T21:25:43.0713324+00:00","1eb50fb702881358824526c667271024104dd5c27a9cd35da157bce789abdbb9","0","0","500","0","0","0","True","0","15,7","15,3","20,2","23,7","100","50,4639045820418","36,909084926511035","1320091648","[23:25:43] [Server thread/INFO]: The game is running normally [23:25:43] [Server thread/INFO]: Target tick rate: 20,0 per second. Average time per tick: 15,7ms (Target: 50,0ms) [23:25:43] [Server thread/INFO]: Percentiles: P50: 15,3ms P95: 20,2ms P99: 23,7ms, sample: 100"
"with-umce","2","2026-09-26T21:25:43.1952156+00:00","1eb50fb702881358824526c667271024104dd5c27a9cd35da157bce789abdbb9","0","0","500","0","0","0","True","0","15,7","15,1","20,2","23,7","100","56,644704834865735","36,909084926511035","1320091648","[23:25:43] [Server thread/INFO]: The game is running normally [23:25:43] [Server thread/INFO]: Target tick rate: 20,0 per second. Average time per tick: 15,7ms (Target: 50,0ms) [23:25:43] [Server thread/INFO]: Percentiles: P50: 15,1ms P95: 20,2ms P99: 23,7ms, sample: 100"
"with-umce","2","2026-09-26T21:25:43.3330827+00:00","1eb50fb702881358824526c667271024104dd5c27a9cd35da157bce789abdbb9","0","0","500","0","0","0","True","0","15,8","15,3","20,2","23,7","100","37,52795081776908","36,909084926511035","1320091648","[23:25:43] [Server thread/INFO]: The game is running normally [23:25:43] [Server thread/INFO]: Target tick rate: 20,0 per second. Average time per tick: 15,8ms (Target: 50,0ms) [23:25:43] [Server thread/INFO]: Percentiles: P50: 15,3ms P95: 20,2ms P99: 23,7ms, sample: 100"
"with-umce","2","2026-09-26T21:25:43.4580299+00:00","1eb50fb702881358824526c667271024104dd5c27a9cd35da157bce789abdbb9","0","0","500","0","0","0","True","0","15,8","15,1","20,2","23,7","100","38,345220692594445","36,909084926511035","1320091648","[23:25:43] [Server thread/INFO]: The game is running normally [23:25:43] [Server thread/INFO]: Target tick rate: 20,0 per second. Average time per tick: 15,8ms (Target: 50,0ms) [23:25:43] [Server thread/INFO]: Percentiles: P50: 15,1ms P95: 20,2ms P99: 23,7ms, sample: 100"
"with-umce","2","2026-09-26T21:25:43.5802764+00:00","1eb50fb702881358824526c667271024104dd5c27a9cd35da157bce789abdbb9","0","0","500","0","0","0","True","0","15,8","15,1","20,2","23,7","100","25,83317144545894","36,909084926511035","1320091648","[23:25:43] [Server thread/INFO]: The game is running normally [23:25:43] [Server thread/INFO]: Target tick rate: 20,0 per second. Average time per tick: 15,8ms (Target: 50,0ms) [23:25:43] [Server thread/INFO]: Percentiles: P50: 15,1ms P95: 20,2ms P99: 23,7ms, sample: 100"
"with-umce","2","2026-09-26T21:25:43.7012348+00:00","1eb50fb702881358824526c667271024104dd5c27a9cd35da157bce789abdbb9","0","0","500","0","0","0","True","0","15,7","15,1","20,2","23,7","100","38,0133320358116","36,909084926511035","1320091648","[23:25:43] [Server thread/INFO]: The game is running normally [23:25:43] [Server thread/INFO]: Target tick rate: 20,0 per second. Average time per tick: 15,7ms (Target: 50,0ms) [23:25:43] [Server thread/INFO]: Percentiles: P50: 15,1ms P95: 20,2ms P99: 23,7ms, sample: 100"
"with-umce","2","2026-09-26T21:25:43.8245476+00:00","1eb50fb702881358824526c667271024104dd5c27a9cd35da157bce789abdbb9","0","0","500","0","0","0","True","0","15,8","15,3","20,2","23,7","100","25,49338885045619","36,909084926511035","1320091648","[23:25:43] [Server thread/INFO]: The game is running normally [23:25:43] [Server thread/INFO]: Target tick rate: 20,0 per second. Average time per tick: 15,8ms (Target: 50,0ms) [23:25:43] [Server thread/INFO]: Percentiles: P50: 15,3ms P95: 20,2ms P99: 23,7ms, sample: 100"
"with-umce","2","2026-09-26T21:25:43.9471424+00:00","1eb50fb702881358824526c667271024104dd5c27a9cd35da157bce789abdbb9","0","0","500","0","0","0","True","0","15,8","15,4","20,2","23,7","100","50,74477085285315","36,909084926511035","1320091648","[23:25:43] [Server thread/INFO]: The game is running normally [23:25:43] [Server thread/INFO]: Target tick rate: 20,0 per second. Average time per tick: 15,8ms (Target: 50,0ms) [23:25:43] [Server thread/INFO]: Percentiles: P50: 15,4ms P95: 20,2ms P99: 23,7ms, sample: 100"
"with-umce","2","2026-09-26T21:25:44.0702657+00:00","1eb50fb702881358824526c667271024104dd5c27a9cd35da157bce789abdbb9","0","0","500","0","0","0","True","0","15,8","15,4","20,2","23,7","100","25,035971684115736","36,909084926511035","1320091648","[23:25:44] [Server thread/INFO]: The game is running normally [23:25:44] [Server thread/INFO]: Target tick rate: 20,0 per second. Average time per tick: 15,8ms (Target: 50,0ms) [23:25:44] [Server thread/INFO]: Percentiles: P50: 15,4ms P95: 20,2ms P99: 23,7ms, sample: 100"
"with-umce","2","2026-09-26T21:25:44.1951044+00:00","1eb50fb702881358824526c667271024104dd5c27a9cd35da157bce789abdbb9","0","0","500","0","0","0","True","0","15,8","15,4","20,2","23,7","100","33,974161517693744","36,909084926511035","1320091648","[23:25:44] [Server thread/INFO]: The game is running normally [23:25:44] [Server thread/INFO]: Target tick rate: 20,0 per second. Average time per tick: 15,8ms (Target: 50,0ms) [23:25:44] [Server thread/INFO]: Percentiles: P50: 15,4ms P95: 20,2ms P99: 23,7ms, sample: 100"
"with-umce","2","2026-09-26T21:25:44.3330665+00:00","1eb50fb702881358824526c667271024104dd5c27a9cd35da157bce789abdbb9","0","0","500","0","0","0","True","0","15,7","15,1","20,2","23,7","100","37,78495904714998","36,909084926511035","1320091648","[23:25:44] [Server thread/INFO]: The game is running normally [23:25:44] [Server thread/INFO]: Target tick rate: 20,0 per second. Average time per tick: 15,7ms (Target: 50,0ms) [23:25:44] [Server thread/INFO]: Percentiles: P50: 15,1ms P95: 20,2ms P99: 23,7ms, sample: 100"
"with-umce","2","2026-09-26T21:25:44.4571220+00:00","1eb50fb702881358824526c667271024104dd5c27a9cd35da157bce789abdbb9","0","0","500","0","0","0","True","0","15,7","15,1","20,2","23,7","100","38,305080867643795","36,909084926511035","1320091648","[23:25:44] [Server thread/INFO]: The game is running normally [23:25:44] [Server thread/INFO]: Target tick rate: 20,0 per second. Average time per tick: 15,7ms (Target: 50,0ms) [23:25:44] [Server thread/INFO]: Percentiles: P50: 15,1ms P95: 20,2ms P99: 23,7ms, sample: 100"
"with-umce","2","2026-09-26T21:25:44.5794926+00:00","1eb50fb702881358824526c667271024104dd5c27a9cd35da157bce789abdbb9","0","0","500","0","0","0","True","0","15,8","15,3","20,2","23,7","100","25,45789589879407","36,909084926511035","1320091648","[23:25:44] [Server thread/INFO]: The game is running normally [23:25:44] [Server thread/INFO]: Target tick rate: 20,0 per second. Average time per tick: 15,8ms (Target: 50,0ms) [23:25:44] [Server thread/INFO]: Percentiles: P50: 15,3ms P95: 20,2ms P99: 23,7ms, sample: 100"
"with-umce","2","2026-09-26T21:25:44.7023290+00:00","1eb50fb702881358824526c667271024104dd5c27a9cd35da157bce789abdbb9","0","0","500","0","0","0","True","0","15,8","15,4","20,2","23,7","100","38,11626375234796","36,909084926511035","1320091648","[23:25:44] [Server thread/INFO]: The game is running normally [23:25:44] [Server thread/INFO]: Target tick rate: 20,0 per second. Average time per tick: 15,8ms (Target: 50,0ms) [23:25:44] [Server thread/INFO]: Percentiles: P50: 15,4ms P95: 20,2ms P99: 23,7ms, sample: 100"
"with-umce","2","2026-09-26T21:25:44.8252411+00:00","1eb50fb702881358824526c667271024104dd5c27a9cd35da157bce789abdbb9","0","0","500","0","0","0","True","0","15,7","15,4","20,2","23,7","100","25,707998272422515","36,909084926511035","1320091648","[23:25:44] [Server thread/INFO]: The game is running normally [23:25:44] [Server thread/INFO]: Target tick rate: 20,0 per second. Average time per tick: 15,7ms (Target: 50,0ms) [23:25:44] [Server thread/INFO]: Percentiles: P50: 15,4ms P95: 20,2ms P99: 23,7ms, sample: 100"
"with-umce","2","2026-09-26T21:25:44.9468137+00:00","1eb50fb702881358824526c667271024104dd5c27a9cd35da157bce789abdbb9","0","0","500","0","0","0","True","0","15,7","15,4","20,2","23,7","100","38,05301688376843","36,909084926511035","1320091648","[23:25:44] [Server thread/INFO]: The game is running normally [23:25:44] [Server thread/INFO]: Target tick rate: 20,0 per second. Average time per tick: 15,7ms (Target: 50,0ms) [23:25:44] [Server thread/INFO]: Percentiles: P50: 15,4ms P95: 20,2ms P99: 23,7ms, sample: 100"
"with-umce","2","2026-09-26T21:25:45.0700032+00:00","1eb50fb702881358824526c667271024104dd5c27a9cd35da157bce789abdbb9","0","0","500","0","0","0","True","0","15,7","15,4","20,2","23,7","100","33,886407701015976","36,909084926511035","1320091648","[23:25:45] [Server thread/INFO]: The game is running normally [23:25:45] [Server thread/INFO]: Target tick rate: 20,0 per second. Average time per tick: 15,7ms (Target: 50,0ms) [23:25:45] [Server thread/INFO]: Percentiles: P50: 15,4ms P95: 20,2ms P99: 23,7ms, sample: 100"
"with-umce","2","2026-09-26T21:25:45.2083158+00:00","1eb50fb702881358824526c667271024104dd5c27a9cd35da157bce789abdbb9","0","0","500","0","0","0","True","0","15,8","15,4","20,2","23,7","100","37,63155993352761","36,909084926511035","1320091648","[23:25:45] [Server thread/INFO]: The game is running normally [23:25:45] [Server thread/INFO]: Target tick rate: 20,0 per second. Average time per tick: 15,8ms (Target: 50,0ms) [23:25:45] [Server thread/INFO]: Percentiles: P50: 15,4ms P95: 20,2ms P99: 23,7ms, sample: 100"
"with-umce","2","2026-09-26T21:25:45.3328682+00:00","1eb50fb702881358824526c667271024104dd5c27a9cd35da157bce789abdbb9","0","0","500","0","0","0","True","0","15,8","15,4","20,2","23,7","100","37,36345897551986","36,909084926511035","1320091648","[23:25:45] [Server thread/INFO]: The game is running normally [23:25:45] [Server thread/INFO]: Target tick rate: 20,0 per second. Average time per tick: 15,8ms (Target: 50,0ms) [23:25:45] [Server thread/INFO]: Percentiles: P50: 15,4ms P95: 20,2ms P99: 23,7ms, sample: 100"
"with-umce","2","2026-09-26T21:25:45.4583075+00:00","1eb50fb702881358824526c667271024104dd5c27a9cd35da157bce789abdbb9","0","0","500","0","0","0","True","0","15,8","15,4","19,9","23,7","100","37,739631564582474","36,909084926511035","1320091648","[23:25:45] [Server thread/INFO]: The game is running normally [23:25:45] [Server thread/INFO]: Target tick rate: 20,0 per second. Average time per tick: 15,8ms (Target: 50,0ms) [23:25:45] [Server thread/INFO]: Percentiles: P50: 15,4ms P95: 19,9ms P99: 23,7ms, sample: 100"
"with-umce","2","2026-09-26T21:25:45.5825430+00:00","1eb50fb702881358824526c667271024104dd5c27a9cd35da157bce789abdbb9","0","0","500","0","0","0","True","0","15,8","15,4","19,9","23,7","100","37,5312560300218","36,909084926511035","1320091648","[23:25:45] [Server thread/INFO]: The game is running normally [23:25:45] [Server thread/INFO]: Target tick rate: 20,0 per second. Average time per tick: 15,8ms (Target: 50,0ms) [23:25:45] [Server thread/INFO]: Percentiles: P50: 15,4ms P95: 19,9ms P99: 23,7ms, sample: 100"
"with-umce","2","2026-09-26T21:25:45.7074254+00:00","1eb50fb702881358824526c667271024104dd5c27a9cd35da157bce789abdbb9","0","0","500","0","0","0","True","0","15,7","15,4","19,5","21,3","100","63,02609139005104","36,909084926511035","1320091648","[23:25:45] [Server thread/INFO]: The game is running normally [23:25:45] [Server thread/INFO]: Target tick rate: 20,0 per second. Average time per tick: 15,7ms (Target: 50,0ms) [23:25:45] [Server thread/INFO]: Percentiles: P50: 15,4ms P95: 19,5ms P99: 21,3ms, sample: 100"
"with-umce","2","2026-09-26T21:25:45.8314200+00:00","1eb50fb702881358824526c667271024104dd5c27a9cd35da157bce789abdbb9","0","0","500","0","0","0","True","0","15,8","15,4","19,5","21,3","100","25,18686639918886","36,909084926511035","1320091648","[23:25:45] [Server thread/INFO]: The game is running normally [23:25:45] [Server thread/INFO]: Target tick rate: 20,0 per second. Average time per tick: 15,8ms (Target: 50,0ms) [23:25:45] [Server thread/INFO]: Percentiles: P50: 15,4ms P95: 19,5ms P99: 21,3ms, sample: 100"
"with-umce","2","2026-09-26T21:25:45.9554653+00:00","1eb50fb702881358824526c667271024104dd5c27a9cd35da157bce789abdbb9","0","0","500","0","0","0","True","0","15,7","15,4","19,3","21,3","100","49,34022254413976","36,909084926511035","1320091648","[23:25:45] [Server thread/INFO]: The game is running normally [23:25:45] [Server thread/INFO]: Target tick rate: 20,0 per second. Average time per tick: 15,7ms (Target: 50,0ms) [23:25:45] [Server thread/INFO]: Percentiles: P50: 15,4ms P95: 19,3ms P99: 21,3ms, sample: 100"
"with-umce","2","2026-09-26T21:25:46.0821346+00:00","1eb50fb702881358824526c667271024104dd5c27a9cd35da157bce789abdbb9","0","0","500","0","0","0","True","0","15,9","15,5","19,5","21,3","100","25,454225564350725","36,909084926511035","1320091648","[23:25:46] [Server thread/INFO]: The game is running normally [23:25:46] [Server thread/INFO]: Target tick rate: 20,0 per second. Average time per tick: 15,9ms (Target: 50,0ms) [23:25:46] [Server thread/INFO]: Percentiles: P50: 15,5ms P95: 19,5ms P99: 21,3ms, sample: 100"
"with-umce","2","2026-09-26T21:25:46.2049128+00:00","1eb50fb702881358824526c667271024104dd5c27a9cd35da157bce789abdbb9","0","0","500","0","0","0","True","0","15,9","15,5","19,5","21,3","100","76,87476015074833","36,909084926511035","1320091648","[23:25:46] [Server thread/INFO]: The game is running normally [23:25:46] [Server thread/INFO]: Target tick rate: 20,0 per second. Average time per tick: 15,9ms (Target: 50,0ms) [23:25:46] [Server thread/INFO]: Percentiles: P50: 15,5ms P95: 19,5ms P99: 21,3ms, sample: 100"
"with-umce","2","2026-09-26T21:25:46.3268474+00:00","1eb50fb702881358824526c667271024104dd5c27a9cd35da157bce789abdbb9","0","0","500","0","0","0","True","0","16","15,7","19,5","23,2","100","37,64491787585489","36,909084926511035","1320091648","[23:25:46] [Server thread/INFO]: The game is running normally [23:25:46] [Server thread/INFO]: Target tick rate: 20,0 per second. Average time per tick: 16,0ms (Target: 50,0ms) [23:25:46] [Server thread/INFO]: Percentiles: P50: 15,7ms P95: 19,5ms P99: 23,2ms, sample: 100"
"with-umce","2","2026-09-26T21:25:46.4513629+00:00","1eb50fb702881358824526c667271024104dd5c27a9cd35da157bce789abdbb9","0","0","500","0","0","0","True","0","16,1","15,8","19,8","23,2","100","50,873560074755645","36,909084926511035","1320091648","[23:25:46] [Server thread/INFO]: The game is running normally [23:25:46] [Server thread/INFO]: Target tick rate: 20,0 per second. Average time per tick: 16,1ms (Target: 50,0ms) [23:25:46] [Server thread/INFO]: Percentiles: P50: 15,8ms P95: 19,8ms P99: 23,2ms, sample: 100"
"with-umce","2","2026-09-26T21:25:46.5742156+00:00","1eb50fb702881358824526c667271024104dd5c27a9cd35da157bce789abdbb9","0","0","500","0","0","0","True","0","16,1","15,8","19,8","23,2","100","37,92549369890678","36,909084926511035","1320091648","[23:25:46] [Server thread/INFO]: The game is running normally [23:25:46] [Server thread/INFO]: Target tick rate: 20,0 per second. Average time per tick: 16,1ms (Target: 50,0ms) [23:25:46] [Server thread/INFO]: Percentiles: P50: 15,8ms P95: 19,8ms P99: 23,2ms, sample: 100"
"with-umce","2","2026-09-26T21:25:46.6978378+00:00","1eb50fb702881358824526c667271024104dd5c27a9cd35da157bce789abdbb9","0","0","500","0","0","0","True","0","16,1","15,9","19,8","23,2","100","63,329874677777596","36,909084926511035","1320091648","[23:25:46] [Server thread/INFO]: The game is running normally [23:25:46] [Server thread/INFO]: Target tick rate: 20,0 per second. Average time per tick: 16,1ms (Target: 50,0ms) [23:25:46] [Server thread/INFO]: Percentiles: P50: 15,9ms P95: 19,8ms P99: 23,2ms, sample: 100"
"with-umce","2","2026-09-26T21:25:46.8211736+00:00","1eb50fb702881358824526c667271024104dd5c27a9cd35da157bce789abdbb9","0","0","500","0","0","0","True","0","16,2","15,9","19,8","23,2","100","25,19789418174576","36,909084926511035","1320091648","[23:25:46] [Server thread/INFO]: The game is running normally [23:25:46] [Server thread/INFO]: Target tick rate: 20,0 per second. Average time per tick: 16,2ms (Target: 50,0ms) [23:25:46] [Server thread/INFO]: Percentiles: P50: 15,9ms P95: 19,8ms P99: 23,2ms, sample: 100"
"with-umce","2","2026-09-26T21:25:46.9451986+00:00","1eb50fb702881358824526c667271024104dd5c27a9cd35da157bce789abdbb9","0","0","500","0","0","0","True","0","16,3","15,9","20,4","23,7","100","33,769424172784184","36,909084926511035","1320091648","[23:25:46] [Server thread/INFO]: The game is running normally [23:25:46] [Server thread/INFO]: Target tick rate: 20,0 per second. Average time per tick: 16,3ms (Target: 50,0ms) [23:25:46] [Server thread/INFO]: Percentiles: P50: 15,9ms P95: 20,4ms P99: 23,7ms, sample: 100"
"with-umce","2","2026-09-26T21:25:47.0839972+00:00","1eb50fb702881358824526c667271024104dd5c27a9cd35da157bce789abdbb9","0","0","500","0","0","0","True","0","16,3","15,9","20,9","23,7","100","25,600925401770684","36,909084926511035","1320091648","[23:25:47] [Server thread/INFO]: The game is running normally [23:25:47] [Server thread/INFO]: Target tick rate: 20,0 per second. Average time per tick: 16,3ms (Target: 50,0ms) [23:25:47] [Server thread/INFO]: Percentiles: P50: 15,9ms P95: 20,9ms P99: 23,7ms, sample: 100"
"with-umce","2","2026-09-26T21:25:47.2060826+00:00","1eb50fb702881358824526c667271024104dd5c27a9cd35da157bce789abdbb9","0","0","500","0","0","0","True","0","16,3","15,9","20,9","23,7","100","12,594884824312441","36,909084926511035","1320091648","[23:25:47] [Server thread/INFO]: The game is running normally [23:25:47] [Server thread/INFO]: Target tick rate: 20,0 per second. Average time per tick: 16,3ms (Target: 50,0ms) [23:25:47] [Server thread/INFO]: Percentiles: P50: 15,9ms P95: 20,9ms P99: 23,7ms, sample: 100"
"with-umce","2","2026-09-26T21:25:47.3301558+00:00","1eb50fb702881358824526c667271024104dd5c27a9cd35da157bce789abdbb9","0","0","500","0","0","0","True","0","16,4","16","20,9","23,7","100","63,09541884859038","36,909084926511035","1320091648","[23:25:47] [Server thread/INFO]: The game is running normally [23:25:47] [Server thread/INFO]: Target tick rate: 20,0 per second. Average time per tick: 16,4ms (Target: 50,0ms) [23:25:47] [Server thread/INFO]: Percentiles: P50: 16,0ms P95: 20,9ms P99: 23,7ms, sample: 100"
"with-umce","2","2026-09-26T21:25:47.4539347+00:00","1eb50fb702881358824526c667271024104dd5c27a9cd35da157bce789abdbb9","0","0","500","0","0","0","True","0","16,4","16","20,9","23,7","100","51,07256471711111","36,909084926511035","1320091648","[23:25:47] [Server thread/INFO]: The game is running normally [23:25:47] [Server thread/INFO]: Target tick rate: 20,0 per second. Average time per tick: 16,4ms (Target: 50,0ms) [23:25:47] [Server thread/INFO]: Percentiles: P50: 16,0ms P95: 20,9ms P99: 23,7ms, sample: 100"
"with-umce","2","2026-09-26T21:25:47.5763167+00:00","1eb50fb702881358824526c667271024104dd5c27a9cd35da157bce789abdbb9","0","0","500","0","0","0","True","0","16,4","16","20,9","23,7","100","25,198605327751206","36,909084926511035","1320091648","[23:25:47] [Server thread/INFO]: The game is running normally [23:25:47] [Server thread/INFO]: Target tick rate: 20,0 per second. Average time per tick: 16,4ms (Target: 50,0ms) [23:25:47] [Server thread/INFO]: Percentiles: P50: 16,0ms P95: 20,9ms P99: 23,7ms, sample: 100"
"with-umce","2","2026-09-26T21:25:47.7003557+00:00","1eb50fb702881358824526c667271024104dd5c27a9cd35da157bce789abdbb9","0","0","500","0","0","0","True","0","16,5","16","20,9","23,7","100","51,1567984520362","36,909084926511035","1320091648","[23:25:47] [Server thread/INFO]: The game is running normally [23:25:47] [Server thread/INFO]: Target tick rate: 20,0 per second. Average time per tick: 16,5ms (Target: 50,0ms) [23:25:47] [Server thread/INFO]: Percentiles: P50: 16,0ms P95: 20,9ms P99: 23,7ms, sample: 100"
"with-umce","2","2026-09-26T21:25:47.8225405+00:00","1eb50fb702881358824526c667271024104dd5c27a9cd35da157bce789abdbb9","0","0","500","0","0","0","True","0","16,4","16","20,9","23,7","100","38,00497976716224","36,909084926511035","1320091648","[23:25:47] [Server thread/INFO]: The game is running normally [23:25:47] [Server thread/INFO]: Target tick rate: 20,0 per second. Average time per tick: 16,4ms (Target: 50,0ms) [23:25:47] [Server thread/INFO]: Percentiles: P50: 16,0ms P95: 20,9ms P99: 23,7ms, sample: 100"
"with-umce","2","2026-09-26T21:25:47.9458538+00:00","1eb50fb702881358824526c667271024104dd5c27a9cd35da157bce789abdbb9","0","0","500","0","0","0","True","0","16,4","15,9","20,9","23,7","100","36,62321102938763","36,909084926511035","1320091648","[23:25:47] [Server thread/INFO]: The game is running normally [23:25:47] [Server thread/INFO]: Target tick rate: 20,0 per second. Average time per tick: 16,4ms (Target: 50,0ms) [23:25:47] [Server thread/INFO]: Percentiles: P50: 15,9ms P95: 20,9ms P99: 23,7ms, sample: 100"
"with-umce","2","2026-09-26T21:25:48.0738843+00:00","1eb50fb702881358824526c667271024104dd5c27a9cd35da157bce789abdbb9","0","0","500","0","0","0","True","0","16,4","16","20,4","23,7","100","34,64507917924976","36,909084926511035","1320091648","[23:25:48] [Server thread/INFO]: The game is running normally [23:25:48] [Server thread/INFO]: Target tick rate: 20,0 per second. Average time per tick: 16,4ms (Target: 50,0ms) [23:25:48] [Server thread/INFO]: Percentiles: P50: 16,0ms P95: 20,4ms P99: 23,7ms, sample: 100"
"with-umce","2","2026-09-26T21:25:48.2091667+00:00","1eb50fb702881358824526c667271024104dd5c27a9cd35da157bce789abdbb9","0","0","500","0","0","0","True","0","16,6","16","20,9","26,8","100","33,48673532370154","36,909084926511035","1320091648","[23:25:48] [Server thread/INFO]: The game is running normally [23:25:48] [Server thread/INFO]: Target tick rate: 20,0 per second. Average time per tick: 16,6ms (Target: 50,0ms) [23:25:48] [Server thread/INFO]: Percentiles: P50: 16,0ms P95: 20,9ms P99: 26,8ms, sample: 100"
"with-umce","2","2026-09-26T21:25:48.3491184+00:00","1eb50fb702881358824526c667271024104dd5c27a9cd35da157bce789abdbb9","0","0","500","0","0","0","True","0","16,5","16","20,9","26,8","100","25,33344898897245","36,909084926511035","1320091648","[23:25:48] [Server thread/INFO]: The game is running normally [23:25:48] [Server thread/INFO]: Target tick rate: 20,0 per second. Average time per tick: 16,5ms (Target: 50,0ms) [23:25:48] [Server thread/INFO]: Percentiles: P50: 16,0ms P95: 20,9ms P99: 26,8ms, sample: 100"
"with-umce","2","2026-09-26T21:25:48.4724746+00:00","1eb50fb702881358824526c667271024104dd5c27a9cd35da157bce789abdbb9","0","0","500","0","0","0","True","0","16,5","16","20,9","26,8","100","37,76118657530406","36,909084926511035","1320091648","[23:25:48] [Server thread/INFO]: The game is running normally [23:25:48] [Server thread/INFO]: Target tick rate: 20,0 per second. Average time per tick: 16,5ms (Target: 50,0ms) [23:25:48] [Server thread/INFO]: Percentiles: P50: 16,0ms P95: 20,9ms P99: 26,8ms, sample: 100"
"with-umce","2","2026-09-26T21:25:48.5966319+00:00","1eb50fb702881358824526c667271024104dd5c27a9cd35da157bce789abdbb9","0","0","500","0","0","0","True","0","16,5","15,9","20,9","26,8","100","50,39095317108253","36,909084926511035","1320091648","[23:25:48] [Server thread/INFO]: The game is running normally [23:25:48] [Server thread/INFO]: Target tick rate: 20,0 per second. Average time per tick: 16,5ms (Target: 50,0ms) [23:25:48] [Server thread/INFO]: Percentiles: P50: 15,9ms P95: 20,9ms P99: 26,8ms, sample: 100"
"with-umce","2","2026-09-26T21:25:48.7206437+00:00","1eb50fb702881358824526c667271024104dd5c27a9cd35da157bce789abdbb9","0","0","500","0","0","0","True","0","16,4","15,9","20,9","26,8","100","25,771559249433235","36,909084926511035","1320091648","[23:25:48] [Server thread/INFO]: The game is running normally [23:25:48] [Server thread/INFO]: Target tick rate: 20,0 per second. Average time per tick: 16,4ms (Target: 50,0ms) [23:25:48] [Server thread/INFO]: Percentiles: P50: 15,9ms P95: 20,9ms P99: 26,8ms, sample: 100"
"with-umce","2","2026-09-26T21:25:48.8419220+00:00","1eb50fb702881358824526c667271024104dd5c27a9cd35da157bce789abdbb9","0","0","500","0","0","0","True","0","16,4","15,9","20,9","26,8","100","25,529752577892296","36,909084926511035","1320091648","[23:25:48] [Server thread/INFO]: The game is running normally [23:25:48] [Server thread/INFO]: Target tick rate: 20,0 per second. Average time per tick: 16,4ms (Target: 50,0ms) [23:25:48] [Server thread/INFO]: Percentiles: P50: 15,9ms P95: 20,9ms P99: 26,8ms, sample: 100"
"with-umce","2","2026-09-26T21:25:48.9643344+00:00","1eb50fb702881358824526c667271024104dd5c27a9cd35da157bce789abdbb9","0","0","500","0","0","0","True","0","16,4","15,9","20,9","26,8","100","37,560066057639375","36,909084926511035","1320091648","[23:25:48] [Server thread/INFO]: The game is running normally [23:25:48] [Server thread/INFO]: Target tick rate: 20,0 per second. Average time per tick: 16,4ms (Target: 50,0ms) [23:25:48] [Server thread/INFO]: Percentiles: P50: 15,9ms P95: 20,9ms P99: 26,8ms, sample: 100"
"with-umce","2","2026-09-26T21:25:49.0891135+00:00","1eb50fb702881358824526c667271024104dd5c27a9cd35da157bce789abdbb9","0","0","500","0","0","0","True","0","16,4","15,9","20,9","26,8","100","25,090486329900152","36,909084926511035","1320091648","[23:25:49] [Server thread/INFO]: The game is running normally [23:25:49] [Server thread/INFO]: Target tick rate: 20,0 per second. Average time per tick: 16,4ms (Target: 50,0ms) [23:25:49] [Server thread/INFO]: Percentiles: P50: 15,9ms P95: 20,9ms P99: 26,8ms, sample: 100"
"with-umce","2","2026-09-26T21:25:49.2136487+00:00","1eb50fb702881358824526c667271024104dd5c27a9cd35da157bce789abdbb9","0","0","500","0","0","0","True","0","16,4","15,9","20,9","26,8","100","34,25022870019377","36,909084926511035","1320091648","[23:25:49] [Server thread/INFO]: The game is running normally [23:25:49] [Server thread/INFO]: Target tick rate: 20,0 per second. Average time per tick: 16,4ms (Target: 50,0ms) [23:25:49] [Server thread/INFO]: Percentiles: P50: 15,9ms P95: 20,9ms P99: 26,8ms, sample: 100"
"with-umce","2","2026-09-26T21:25:49.3505082+00:00","1eb50fb702881358824526c667271024104dd5c27a9cd35da157bce789abdbb9","0","0","500","0","0","0","True","0","16,3","15,9","20,9","26,8","100","56,15187347805962","36,909084926511035","1320091648","[23:25:49] [Server thread/INFO]: The game is running normally [23:25:49] [Server thread/INFO]: Target tick rate: 20,0 per second. Average time per tick: 16,3ms (Target: 50,0ms) [23:25:49] [Server thread/INFO]: Percentiles: P50: 15,9ms P95: 20,9ms P99: 26,8ms, sample: 100"
"with-umce","2","2026-09-26T21:25:49.4896465+00:00","1eb50fb702881358824526c667271024104dd5c27a9cd35da157bce789abdbb9","0","0","500","0","0","0","True","0","16,4","15,8","20,9","26,8","100","24,891393870265258","36,909084926511035","1320091648","[23:25:49] [Server thread/INFO]: The game is running normally [23:25:49] [Server thread/INFO]: Target tick rate: 20,0 per second. Average time per tick: 16,4ms (Target: 50,0ms) [23:25:49] [Server thread/INFO]: Percentiles: P50: 15,8ms P95: 20,9ms P99: 26,8ms, sample: 100"
"with-umce","2","2026-09-26T21:25:49.6152470+00:00","1eb50fb702881358824526c667271024104dd5c27a9cd35da157bce789abdbb9","0","0","500","0","0","0","True","0","16,3","15,8","20,9","26,8","100","38,1931600226185","36,909084926511035","1320091648","[23:25:49] [Server thread/INFO]: The game is running normally [23:25:49] [Server thread/INFO]: Target tick rate: 20,0 per second. Average time per tick: 16,3ms (Target: 50,0ms) [23:25:49] [Server thread/INFO]: Percentiles: P50: 15,8ms P95: 20,9ms P99: 26,8ms, sample: 100"
"with-umce","2","2026-09-26T21:25:49.7379183+00:00","1eb50fb702881358824526c667271024104dd5c27a9cd35da157bce789abdbb9","0","0","500","0","0","0","True","0","16,3","15,8","20,9","26,8","100","12,668460115228259","36,909084926511035","1320091648","[23:25:49] [Server thread/INFO]: The game is running normally [23:25:49] [Server thread/INFO]: Target tick rate: 20,0 per second. Average time per tick: 16,3ms (Target: 50,0ms) [23:25:49] [Server thread/INFO]: Percentiles: P50: 15,8ms P95: 20,9ms P99: 26,8ms, sample: 100"
"with-umce","2","2026-09-26T21:25:49.8612746+00:00","1eb50fb702881358824526c667271024104dd5c27a9cd35da157bce789abdbb9","0","0","500","0","0","0","True","0","16,3","15,8","20,9","26,8","100","37,8303039498469","36,909084926511035","1320091648","[23:25:49] [Server thread/INFO]: The game is running normally [23:25:49] [Server thread/INFO]: Target tick rate: 20,0 per second. Average time per tick: 16,3ms (Target: 50,0ms) [23:25:49] [Server thread/INFO]: Percentiles: P50: 15,8ms P95: 20,9ms P99: 26,8ms, sample: 100"
"with-umce","2","2026-09-26T21:25:49.9851804+00:00","1eb50fb702881358824526c667271024104dd5c27a9cd35da157bce789abdbb9","0","0","500","0","0","0","True","0","16,3","15,8","20,9","26,8","100","25,500212161765184","36,909084926511035","1320091648","[23:25:50] [Server thread/INFO]: The game is running normally [23:25:50] [Server thread/INFO]: Target tick rate: 20,0 per second. Average time per tick: 16,3ms (Target: 50,0ms) [23:25:50] [Server thread/INFO]: Percentiles: P50: 15,8ms P95: 20,9ms P99: 26,8ms, sample: 100"
"with-umce","2","2026-09-26T21:25:50.1077248+00:00","1eb50fb702881358824526c667271024104dd5c27a9cd35da157bce789abdbb9","0","0","500","0","0","0","True","0","16,3","15,8","20,9","26,8","100","37,94849043940911","36,909084926511035","1320091648","[23:25:50] [Server thread/INFO]: The game is running normally [23:25:50] [Server thread/INFO]: Target tick rate: 20,0 per second. Average time per tick: 16,3ms (Target: 50,0ms) [23:25:50] [Server thread/INFO]: Percentiles: P50: 15,8ms P95: 20,9ms P99: 26,8ms, sample: 100"
"with-umce","2","2026-09-26T21:25:50.2312711+00:00","1eb50fb702881358824526c667271024104dd5c27a9cd35da157bce789abdbb9","0","0","500","0","0","0","True","0","16,2","15,7","20,9","26,8","100","25,289493894509224","36,909084926511035","1320091648","[23:25:50] [Server thread/INFO]: The game is running normally [23:25:50] [Server thread/INFO]: Target tick rate: 20,0 per second. Average time per tick: 16,2ms (Target: 50,0ms) [23:25:50] [Server thread/INFO]: Percentiles: P50: 15,7ms P95: 20,9ms P99: 26,8ms, sample: 100"
"with-umce","2","2026-09-26T21:25:50.3548214+00:00","1eb50fb702881358824526c667271024104dd5c27a9cd35da157bce789abdbb9","0","0","500","0","0","0","True","0","16,2","15,7","20,9","26,8","100","37,21652914084005","36,909084926511035","1320091648","[23:25:50] [Server thread/INFO]: The game is running normally [23:25:50] [Server thread/INFO]: Target tick rate: 20,0 per second. Average time per tick: 16,2ms (Target: 50,0ms) [23:25:50] [Server thread/INFO]: Percentiles: P50: 15,7ms P95: 20,9ms P99: 26,8ms, sample: 100"
"with-umce","2","2026-09-26T21:25:50.4807905+00:00","1eb50fb702881358824526c667271024104dd5c27a9cd35da157bce789abdbb9","0","0","500","0","0","0","True","0","16,1","15,6","20,9","26,8","100","25,105745399623213","36,909084926511035","1320091648","[23:25:50] [Server thread/INFO]: The game is running normally [23:25:50] [Server thread/INFO]: Target tick rate: 20,0 per second. Average time per tick: 16,1ms (Target: 50,0ms) [23:25:50] [Server thread/INFO]: Percentiles: P50: 15,6ms P95: 20,9ms P99: 26,8ms, sample: 100"
"with-umce","2","2026-09-26T21:25:50.6052429+00:00","1eb50fb702881358824526c667271024104dd5c27a9cd35da157bce789abdbb9","0","0","500","0","0","0","True","0","16,1","15,5","20,9","26,8","100","37,83906832343261","36,909084926511035","1320091648","[23:25:50] [Server thread/INFO]: The game is running normally [23:25:50] [Server thread/INFO]: Target tick rate: 20,0 per second. Average time per tick: 16,1ms (Target: 50,0ms) [23:25:50] [Server thread/INFO]: Percentiles: P50: 15,5ms P95: 20,9ms P99: 26,8ms, sample: 100"
"with-umce","2","2026-09-26T21:25:50.7291169+00:00","1eb50fb702881358824526c667271024104dd5c27a9cd35da157bce789abdbb9","0","0","500","0","0","0","True","0","16,1","15,5","20,9","26,8","100","89,46698535318089","36,909084926511035","1320091648","[23:25:50] [Server thread/INFO]: The game is running normally [23:25:50] [Server thread/INFO]: Target tick rate: 20,0 per second. Average time per tick: 16,1ms (Target: 50,0ms) [23:25:50] [Server thread/INFO]: Percentiles: P50: 15,5ms P95: 20,9ms P99: 26,8ms, sample: 100"
"with-umce","2","2026-09-26T21:25:50.8513716+00:00","1eb50fb702881358824526c667271024104dd5c27a9cd35da157bce789abdbb9","0","0","500","0","0","0","True","0","16,1","15,5","20,9","26,8","100","56,04729710340395","36,909084926511035","1320091648","[23:25:50] [Server thread/INFO]: The game is running normally [23:25:50] [Server thread/INFO]: Target tick rate: 20,0 per second. Average time per tick: 16,1ms (Target: 50,0ms) [23:25:50] [Server thread/INFO]: Percentiles: P50: 15,5ms P95: 20,9ms P99: 26,8ms, sample: 100"
"with-umce","2","2026-09-26T21:25:50.9907883+00:00","1eb50fb702881358824526c667271024104dd5c27a9cd35da157bce789abdbb9","0","0","500","0","0","0","True","0","16","15,5","20,9","26,8","100","24,68511665198725","36,909084926511035","1320091648","[23:25:51] [Server thread/INFO]: The game is running normally [23:25:51] [Server thread/INFO]: Target tick rate: 20,0 per second. Average time per tick: 16,0ms (Target: 50,0ms) [23:25:51] [Server thread/INFO]: Percentiles: P50: 15,5ms P95: 20,9ms P99: 26,8ms, sample: 100"
"with-umce","2","2026-09-26T21:25:51.1173646+00:00","1eb50fb702881358824526c667271024104dd5c27a9cd35da157bce789abdbb9","0","0","500","0","0","0","True","0","16","15,5","20,9","26,8","100","56,10566033399835","36,909084926511035","1320091648","[23:25:51] [Server thread/INFO]: The game is running normally [23:25:51] [Server thread/INFO]: Target tick rate: 20,0 per second. Average time per tick: 16,0ms (Target: 50,0ms) [23:25:51] [Server thread/INFO]: Percentiles: P50: 15,5ms P95: 20,9ms P99: 26,8ms, sample: 100"
"with-umce","2","2026-09-26T21:25:51.2566184+00:00","1eb50fb702881358824526c667271024104dd5c27a9cd35da157bce789abdbb9","0","0","500","0","0","0","True","0","15,8","15,4","20,9","26,8","100","80,88090116298416","36,909084926511035","1320091648","[23:25:51] [Server thread/INFO]: The game is running normally [23:25:51] [Server thread/INFO]: Target tick rate: 20,0 per second. Average time per tick: 15,8ms (Target: 50,0ms) [23:25:51] [Server thread/INFO]: Percentiles: P50: 15,4ms P95: 20,9ms P99: 26,8ms, sample: 100"
"with-umce","2","2026-09-26T21:25:51.3918237+00:00","1eb50fb702881358824526c667271024104dd5c27a9cd35da157bce789abdbb9","0","0","500","0","0","0","True","0","15,8","15,4","20,9","26,8","100","25,22181069194928","36,909084926511035","1320091648","[23:25:51] [Server thread/INFO]: The game is running normally [23:25:51] [Server thread/INFO]: Target tick rate: 20,0 per second. Average time per tick: 15,8ms (Target: 50,0ms) [23:25:51] [Server thread/INFO]: Percentiles: P50: 15,4ms P95: 20,9ms P99: 26,8ms, sample: 100"
"with-umce","2","2026-09-26T21:25:51.5157255+00:00","1eb50fb702881358824526c667271024104dd5c27a9cd35da157bce789abdbb9","0","0","500","0","0","0","True","0","15,7","15,3","20,6","26,8","100","38,672551769655975","36,909084926511035","1320091648","[23:25:51] [Server thread/INFO]: The game is running normally [23:25:51] [Server thread/INFO]: Target tick rate: 20,0 per second. Average time per tick: 15,7ms (Target: 50,0ms) [23:25:51] [Server thread/INFO]: Percentiles: P50: 15,3ms P95: 20,6ms P99: 26,8ms, sample: 100"
"with-umce","2","2026-09-26T21:25:51.6369439+00:00","1eb50fb702881358824526c667271024104dd5c27a9cd35da157bce789abdbb9","0","0","500","0","0","0","True","0","15,6","15,3","20,6","26,8","100","25,10727837905804","36,909084926511035","1320091648","[23:25:51] [Server thread/INFO]: The game is running normally [23:25:51] [Server thread/INFO]: Target tick rate: 20,0 per second. Average time per tick: 15,6ms (Target: 50,0ms) [23:25:51] [Server thread/INFO]: Percentiles: P50: 15,3ms P95: 20,6ms P99: 26,8ms, sample: 100"
"with-umce","2","2026-09-26T21:25:51.7614146+00:00","1eb50fb702881358824526c667271024104dd5c27a9cd35da157bce789abdbb9","0","0","500","0","0","0","True","0","15,6","15,3","20,6","26,8","100","38,09275372211915","36,909084926511035","1320091648","[23:25:51] [Server thread/INFO]: The game is running normally [23:25:51] [Server thread/INFO]: Target tick rate: 20,0 per second. Average time per tick: 15,6ms (Target: 50,0ms) [23:25:51] [Server thread/INFO]: Percentiles: P50: 15,3ms P95: 20,6ms P99: 26,8ms, sample: 100"
"with-umce","2","2026-09-26T21:25:51.8844786+00:00","1eb50fb702881358824526c667271024104dd5c27a9cd35da157bce789abdbb9","0","0","500","0","0","0","True","0","15,4","15,2","20,2","26,8","100","25,118923029189393","36,909084926511035","1320091648","[23:25:51] [Server thread/INFO]: The game is running normally [23:25:51] [Server thread/INFO]: Target tick rate: 20,0 per second. Average time per tick: 15,4ms (Target: 50,0ms) [23:25:51] [Server thread/INFO]: Percentiles: P50: 15,2ms P95: 20,2ms P99: 26,8ms, sample: 100"
"with-umce","2","2026-09-26T21:25:52.0088791+00:00","1eb50fb702881358824526c667271024104dd5c27a9cd35da157bce789abdbb9","0","0","500","0","0","0","True","0","15,4","15,2","19,9","26,8","100","33,937437826613895","36,909084926511035","1320091648","[23:25:52] [Server thread/INFO]: The game is running normally [23:25:52] [Server thread/INFO]: Target tick rate: 20,0 per second. Average time per tick: 15,4ms (Target: 50,0ms) [23:25:52] [Server thread/INFO]: Percentiles: P50: 15,2ms P95: 19,9ms P99: 26,8ms, sample: 100"
"with-umce","2","2026-09-26T21:25:52.1470011+00:00","1eb50fb702881358824526c667271024104dd5c27a9cd35da157bce789abdbb9","0","0","500","0","0","0","True","0","15,4","15,2","19,9","26,8","100","33,53412074429652","36,909084926511035","1320091648","[23:25:52] [Server thread/INFO]: The game is running normally [23:25:52] [Server thread/INFO]: Target tick rate: 20,0 per second. Average time per tick: 15,4ms (Target: 50,0ms) [23:25:52] [Server thread/INFO]: Percentiles: P50: 15,2ms P95: 19,9ms P99: 26,8ms, sample: 100"
"with-umce","2","2026-09-26T21:25:52.2868006+00:00","1eb50fb702881358824526c667271024104dd5c27a9cd35da157bce789abdbb9","0","0","500","0","0","0","True","0","15,4","15,2","19,9","26,8","100","24,938949451742136","36,909084926511035","1320091648","[23:25:52] [Server thread/INFO]: The game is running normally [23:25:52] [Server thread/INFO]: Target tick rate: 20,0 per second. Average time per tick: 15,4ms (Target: 50,0ms) [23:25:52] [Server thread/INFO]: Percentiles: P50: 15,2ms P95: 19,9ms P99: 26,8ms, sample: 100"
"with-umce","2","2026-09-26T21:25:52.4120721+00:00","1eb50fb702881358824526c667271024104dd5c27a9cd35da157bce789abdbb9","0","0","500","0","0","0","True","0","15,4","15,2","19,9","26,8","100","38,191635237496975","36,909084926511035","1320091648","[23:25:52] [Server thread/INFO]: The game is running normally [23:25:52] [Server thread/INFO]: Target tick rate: 20,0 per second. Average time per tick: 15,4ms (Target: 50,0ms) [23:25:52] [Server thread/INFO]: Percentiles: P50: 15,2ms P95: 19,9ms P99: 26,8ms, sample: 100"
"with-umce","2","2026-09-26T21:25:52.5348306+00:00","1eb50fb702881358824526c667271024104dd5c27a9cd35da157bce789abdbb9","0","0","500","0","0","0","True","0","15,3","15,2","19,5","26,8","100","12,776326387100204","36,909084926511035","1320091648","[23:25:52] [Server thread/INFO]: The game is running normally [23:25:52] [Server thread/INFO]: Target tick rate: 20,0 per second. Average time per tick: 15,3ms (Target: 50,0ms) [23:25:52] [Server thread/INFO]: Percentiles: P50: 15,2ms P95: 19,5ms P99: 26,8ms, sample: 100"
"with-umce","2","2026-09-26T21:25:52.6571251+00:00","1eb50fb702881358824526c667271024104dd5c27a9cd35da157bce789abdbb9","0","0","500","0","0","0","True","0","15,3","15,1","19,5","26,8","100","38,28940500510934","36,909084926511035","1320091648","[23:25:52] [Server thread/INFO]: The game is running normally [23:25:52] [Server thread/INFO]: Target tick rate: 20,0 per second. Average time per tick: 15,3ms (Target: 50,0ms) [23:25:52] [Server thread/INFO]: Percentiles: P50: 15,1ms P95: 19,5ms P99: 26,8ms, sample: 100"
"with-umce","2","2026-09-26T21:25:52.7795324+00:00","1eb50fb702881358824526c667271024104dd5c27a9cd35da157bce789abdbb9","0","0","500","0","0","0","True","0","15,3","15,1","19,5","26,8","100","25,241469998594557","36,909084926511035","1320091648","[23:25:52] [Server thread/INFO]: The game is running normally [23:25:52] [Server thread/INFO]: Target tick rate: 20,0 per second. Average time per tick: 15,3ms (Target: 50,0ms) [23:25:52] [Server thread/INFO]: Percentiles: P50: 15,1ms P95: 19,5ms P99: 26,8ms, sample: 100"
"with-umce","2","2026-09-26T21:25:52.9033568+00:00","1eb50fb702881358824526c667271024104dd5c27a9cd35da157bce789abdbb9","0","0","500","0","0","0","True","0","15,3","15","19,5","26,8","100","38,01465764100701","36,909084926511035","1320091648","[23:25:52] [Server thread/INFO]: The game is running normally [23:25:52] [Server thread/INFO]: Target tick rate: 20,0 per second. Average time per tick: 15,3ms (Target: 50,0ms) [23:25:52] [Server thread/INFO]: Percentiles: P50: 15,0ms P95: 19,5ms P99: 26,8ms, sample: 100"
"with-umce","2","2026-09-26T21:25:53.0266398+00:00","1eb50fb702881358824526c667271024104dd5c27a9cd35da157bce789abdbb9","0","0","500","0","0","0","True","0","15,2","15","18,6","26,8","100","25,02765054832579","36,909084926511035","1320091648","[23:25:53] [Server thread/INFO]: The game is running normally [23:25:53] [Server thread/INFO]: Target tick rate: 20,0 per second. Average time per tick: 15,2ms (Target: 50,0ms) [23:25:53] [Server thread/INFO]: Percentiles: P50: 15,0ms P95: 18,6ms P99: 26,8ms, sample: 100"
"with-umce","2","2026-09-26T21:25:53.1515121+00:00","1eb50fb702881358824526c667271024104dd5c27a9cd35da157bce789abdbb9","0","0","500","0","0","0","True","0","15","15","17,7","20,6","100","37,58768455051945","36,909084926511035","1320091648","[23:25:53] [Server thread/INFO]: The game is running normally [23:25:53] [Server thread/INFO]: Target tick rate: 20,0 per second. Average time per tick: 15,0ms (Target: 50,0ms) [23:25:53] [Server thread/INFO]: Percentiles: P50: 15,0ms P95: 17,7ms P99: 20,6ms, sample: 100"
"with-umce","2","2026-09-26T21:25:53.2762205+00:00","1eb50fb702881358824526c667271024104dd5c27a9cd35da157bce789abdbb9","0","0","500","0","0","0","True","0","15","15","17,7","20,6","100","25,356718313230527","36,909084926511035","1320091648","[23:25:53] [Server thread/INFO]: The game is running normally [23:25:53] [Server thread/INFO]: Target tick rate: 20,0 per second. Average time per tick: 15,0ms (Target: 50,0ms) [23:25:53] [Server thread/INFO]: Percentiles: P50: 15,0ms P95: 17,7ms P99: 20,6ms, sample: 100"
"with-umce","2","2026-09-26T21:25:53.3994647+00:00","1eb50fb702881358824526c667271024104dd5c27a9cd35da157bce789abdbb9","0","0","500","0","0","0","True","0","15,1","15,1","18,4","22,5","100","37,381754035634486","36,909084926511035","1320091648","[23:25:53] [Server thread/INFO]: The game is running normally [23:25:53] [Server thread/INFO]: Target tick rate: 20,0 per second. Average time per tick: 15,1ms (Target: 50,0ms) [23:25:53] [Server thread/INFO]: Percentiles: P50: 15,1ms P95: 18,4ms P99: 22,5ms, sample: 100"
"with-umce","2","2026-09-26T21:25:53.5248755+00:00","1eb50fb702881358824526c667271024104dd5c27a9cd35da157bce789abdbb9","0","0","500","0","0","0","True","0","15,1","15,1","18,4","22,5","100","22,826147296945894","36,909084926511035","1320091648","[23:25:53] [Server thread/INFO]: The game is running normally [23:25:53] [Server thread/INFO]: Target tick rate: 20,0 per second. Average time per tick: 15,1ms (Target: 50,0ms) [23:25:53] [Server thread/INFO]: Percentiles: P50: 15,1ms P95: 18,4ms P99: 22,5ms, sample: 100"
"with-umce","2","2026-09-26T21:25:53.6617762+00:00","1eb50fb702881358824526c667271024104dd5c27a9cd35da157bce789abdbb9","0","0","500","0","0","0","True","0","15,2","15,2","18,4","22,5","100","38,96651249089743","36,909084926511035","1320091648","[23:25:53] [Server thread/INFO]: The game is running normally [23:25:53] [Server thread/INFO]: Target tick rate: 20,0 per second. Average time per tick: 15,2ms (Target: 50,0ms) [23:25:53] [Server thread/INFO]: Percentiles: P50: 15,2ms P95: 18,4ms P99: 22,5ms, sample: 100"
"with-umce","2","2026-09-26T21:25:53.7820570+00:00","1eb50fb702881358824526c667271024104dd5c27a9cd35da157bce789abdbb9","0","0","500","0","0","0","True","0","15,2","15,2","18,4","22,5","100","37,90347490971897","36,909084926511035","1320091648","[23:25:53] [Server thread/INFO]: The game is running normally [23:25:53] [Server thread/INFO]: Target tick rate: 20,0 per second. Average time per tick: 15,2ms (Target: 50,0ms) [23:25:53] [Server thread/INFO]: Percentiles: P50: 15,2ms P95: 18,4ms P99: 22,5ms, sample: 100"
"with-umce","2","2026-09-26T21:25:53.9057147+00:00","1eb50fb702881358824526c667271024104dd5c27a9cd35da157bce789abdbb9","0","0","500","0","0","0","True","0","15,3","15,2","18,4","22,5","100","37,706874998994486","36,909084926511035","1320091648","[23:25:53] [Server thread/INFO]: The game is running normally [23:25:53] [Server thread/INFO]: Target tick rate: 20,0 per second. Average time per tick: 15,3ms (Target: 50,0ms) [23:25:53] [Server thread/INFO]: Percentiles: P50: 15,2ms P95: 18,4ms P99: 22,5ms, sample: 100"
"with-umce","2","2026-09-26T21:25:54.0300553+00:00","1eb50fb702881358824526c667271024104dd5c27a9cd35da157bce789abdbb9","0","0","500","0","0","0","True","0","15,3","15,2","18,4","22,5","100","37,91417444160004","36,909084926511035","1320091648","[23:25:54] [Server thread/INFO]: The game is running normally [23:25:54] [Server thread/INFO]: Target tick rate: 20,0 per second. Average time per tick: 15,3ms (Target: 50,0ms) [23:25:54] [Server thread/INFO]: Percentiles: P50: 15,2ms P95: 18,4ms P99: 22,5ms, sample: 100"
"with-umce","2","2026-09-26T21:25:54.1536778+00:00","1eb50fb702881358824526c667271024104dd5c27a9cd35da157bce789abdbb9","0","0","500","0","0","0","True","0","15,4","15,2","18,6","22,5","100","62,92380440744502","36,909084926511035","1320091648","[23:25:54] [Server thread/INFO]: The game is running normally [23:25:54] [Server thread/INFO]: Target tick rate: 20,0 per second. Average time per tick: 15,4ms (Target: 50,0ms) [23:25:54] [Server thread/INFO]: Percentiles: P50: 15,2ms P95: 18,6ms P99: 22,5ms, sample: 100"
"with-umce","2","2026-09-26T21:25:54.2778454+00:00","1eb50fb702881358824526c667271024104dd5c27a9cd35da157bce789abdbb9","0","0","500","0","0","0","True","0","15,4","15,3","18,6","22,5","100","25,00740219104855","36,909084926511035","1320091648","[23:25:54] [Server thread/INFO]: The game is running normally [23:25:54] [Server thread/INFO]: Target tick rate: 20,0 per second. Average time per tick: 15,4ms (Target: 50,0ms) [23:25:54] [Server thread/INFO]: Percentiles: P50: 15,3ms P95: 18,6ms P99: 22,5ms, sample: 100"
"with-umce","2","2026-09-26T21:25:54.4027972+00:00","1eb50fb702881358824526c667271024104dd5c27a9cd35da157bce789abdbb9","0","0","500","0","0","0","True","0","15,5","15,3","18,4","22,5","100","38,15808967781955","36,909084926511035","1320091648","[23:25:54] [Server thread/INFO]: The game is running normally [23:25:54] [Server thread/INFO]: Target tick rate: 20,0 per second. Average time per tick: 15,5ms (Target: 50,0ms) [23:25:54] [Server thread/INFO]: Percentiles: P50: 15,3ms P95: 18,4ms P99: 22,5ms, sample: 100"
"with-umce","2","2026-09-26T21:25:54.5256540+00:00","1eb50fb702881358824526c667271024104dd5c27a9cd35da157bce789abdbb9","0","0","500","0","0","0","True","0","15,5","15,3","18,4","22,5","100","38,460307731691046","36,909084926511035","1320091648","[23:25:54] [Server thread/INFO]: The game is running normally [23:25:54] [Server thread/INFO]: Target tick rate: 20,0 per second. Average time per tick: 15,5ms (Target: 50,0ms) [23:25:54] [Server thread/INFO]: Percentiles: P50: 15,3ms P95: 18,4ms P99: 22,5ms, sample: 100"
"with-umce","2","2026-09-26T21:25:54.6475241+00:00","1eb50fb702881358824526c667271024104dd5c27a9cd35da157bce789abdbb9","0","0","500","0","0","0","True","0","15,5","15,3","18,4","22,5","100","22,948277153503042","36,909084926511035","1320091648","[23:25:54] [Server thread/INFO]: The game is running normally [23:25:54] [Server thread/INFO]: Target tick rate: 20,0 per second. Average time per tick: 15,5ms (Target: 50,0ms) [23:25:54] [Server thread/INFO]: Percentiles: P50: 15,3ms P95: 18,4ms P99: 22,5ms, sample: 100"
"with-umce","2","2026-09-26T21:25:54.7837136+00:00","1eb50fb702881358824526c667271024104dd5c27a9cd35da157bce789abdbb9","0","0","500","0","0","0","True","0","15,5","15,3","18,4","22,5","100","25,72086320039968","36,909084926511035","1320091648","[23:25:54] [Server thread/INFO]: The game is running normally [23:25:54] [Server thread/INFO]: Target tick rate: 20,0 per second. Average time per tick: 15,5ms (Target: 50,0ms) [23:25:54] [Server thread/INFO]: Percentiles: P50: 15,3ms P95: 18,4ms P99: 22,5ms, sample: 100"
"with-umce","2","2026-09-26T21:25:54.9052052+00:00","1eb50fb702881358824526c667271024104dd5c27a9cd35da157bce789abdbb9","0","0","500","0","0","0","True","0","15,5","15,3","18,4","22,5","100","38,19378241888251","36,909084926511035","1320091648","[23:25:54] [Server thread/INFO]: The game is running normally [23:25:54] [Server thread/INFO]: Target tick rate: 20,0 per second. Average time per tick: 15,5ms (Target: 50,0ms) [23:25:54] [Server thread/INFO]: Percentiles: P50: 15,3ms P95: 18,4ms P99: 22,5ms, sample: 100"
"with-umce","2","2026-09-26T21:25:55.0279403+00:00","1eb50fb702881358824526c667271024104dd5c27a9cd35da157bce789abdbb9","0","0","500","0","0","0","True","0","15,5","15,3","18,4","22,5","100","37,620838132080245","36,909084926511035","1320091648","[23:25:55] [Server thread/INFO]: The game is running normally [23:25:55] [Server thread/INFO]: Target tick rate: 20,0 per second. Average time per tick: 15,5ms (Target: 50,0ms) [23:25:55] [Server thread/INFO]: Percentiles: P50: 15,3ms P95: 18,4ms P99: 22,5ms, sample: 100"
"with-umce","2","2026-09-26T21:25:55.1525669+00:00","1eb50fb702881358824526c667271024104dd5c27a9cd35da157bce789abdbb9","0","0","500","0","0","0","True","0","15,7","15,4","19,5","24,9","100","62,688265398645214","36,909084926511035","1320091648","[23:25:55] [Server thread/INFO]: The game is running normally [23:25:55] [Server thread/INFO]: Target tick rate: 20,0 per second. Average time per tick: 15,7ms (Target: 50,0ms) [23:25:55] [Server thread/INFO]: Percentiles: P50: 15,4ms P95: 19,5ms P99: 24,9ms, sample: 100"
"with-umce","2","2026-09-26T21:25:55.2772108+00:00","1eb50fb702881358824526c667271024104dd5c27a9cd35da157bce789abdbb9","0","0","500","0","0","0","True","0","16","15,5","21","25,7","100","25,388010034966396","36,909084926511035","1320091648","[23:25:55] [Server thread/INFO]: The game is running normally [23:25:55] [Server thread/INFO]: Target tick rate: 20,0 per second. Average time per tick: 16,0ms (Target: 50,0ms) [23:25:55] [Server thread/INFO]: Percentiles: P50: 15,5ms P95: 21,0ms P99: 25,7ms, sample: 100"
"with-umce","2","2026-09-26T21:25:55.4002482+00:00","1eb50fb702881358824526c667271024104dd5c27a9cd35da157bce789abdbb9","0","0","500","0","0","0","True","0","16,1","15,6","21","25,7","100","37,586268002318924","36,909084926511035","1320091648","[23:25:55] [Server thread/INFO]: The game is running normally [23:25:55] [Server thread/INFO]: Target tick rate: 20,0 per second. Average time per tick: 16,1ms (Target: 50,0ms) [23:25:55] [Server thread/INFO]: Percentiles: P50: 15,6ms P95: 21,0ms P99: 25,7ms, sample: 100"
"with-umce","2","2026-09-26T21:25:55.5249804+00:00","1eb50fb702881358824526c667271024104dd5c27a9cd35da157bce789abdbb9","0","0","500","0","0","0","True","0","16,2","15,8","21","25,7","100","25,474913527953518","36,909084926511035","1320091648","[23:25:55] [Server thread/INFO]: The game is running normally [23:25:55] [Server thread/INFO]: Target tick rate: 20,0 per second. Average time per tick: 16,2ms (Target: 50,0ms) [23:25:55] [Server thread/INFO]: Percentiles: P50: 15,8ms P95: 21,0ms P99: 25,7ms, sample: 100"
"with-umce","2","2026-09-26T21:25:55.6476143+00:00","1eb50fb702881358824526c667271024104dd5c27a9cd35da157bce789abdbb9","0","0","500","0","0","0","True","0","16,2","15,8","21","25,7","100","33,37303686447949","36,909084926511035","1320091648","[23:25:55] [Server thread/INFO]: The game is running normally [23:25:55] [Server thread/INFO]: Target tick rate: 20,0 per second. Average time per tick: 16,2ms (Target: 50,0ms) [23:25:55] [Server thread/INFO]: Percentiles: P50: 15,8ms P95: 21,0ms P99: 25,7ms, sample: 100"
"with-umce","2","2026-09-26T21:25:55.7880854+00:00","1eb50fb702881358824526c667271024104dd5c27a9cd35da157bce789abdbb9","0","0","500","0","0","0","True","0","16,2","15,8","21","25,7","100","33,77701620864432","36,909084926511035","1320091648","[23:25:55] [Server thread/INFO]: The game is running normally [23:25:55] [Server thread/INFO]: Target tick rate: 20,0 per second. Average time per tick: 16,2ms (Target: 50,0ms) [23:25:55] [Server thread/INFO]: Percentiles: P50: 15,8ms P95: 21,0ms P99: 25,7ms, sample: 100"
"with-umce","2","2026-09-26T21:25:55.9268520+00:00","1eb50fb702881358824526c667271024104dd5c27a9cd35da157bce789abdbb9","0","0","500","0","0","0","True","0","16,3","15,8","21,9","25,7","100","38,21944279109965","36,909084926511035","1320091648","[23:25:55] [Server thread/INFO]: The game is running normally [23:25:55] [Server thread/INFO]: Target tick rate: 20,0 per second. Average time per tick: 16,3ms (Target: 50,0ms) [23:25:55] [Server thread/INFO]: Percentiles: P50: 15,8ms P95: 21,9ms P99: 25,7ms, sample: 100"
"with-umce","2","2026-09-26T21:25:56.0495131+00:00","1eb50fb702881358824526c667271024104dd5c27a9cd35da157bce789abdbb9","0","0","500","0","0","0","True","0","16,3","15,8","21,9","25,7","100","50,97118456217383","36,909084926511035","1320091648","[23:25:56] [Server thread/INFO]: The game is running normally [23:25:56] [Server thread/INFO]: Target tick rate: 20,0 per second. Average time per tick: 16,3ms (Target: 50,0ms) [23:25:56] [Server thread/INFO]: Percentiles: P50: 15,8ms P95: 21,9ms P99: 25,7ms, sample: 100"
"with-umce","2","2026-09-26T21:25:56.1721066+00:00","1eb50fb702881358824526c667271024104dd5c27a9cd35da157bce789abdbb9","0","0","500","0","0","0","True","0","16,4","15,9","21,9","25,7","100","50,89821090752732","36,909084926511035","1320091648","[23:25:56] [Server thread/INFO]: The game is running normally [23:25:56] [Server thread/INFO]: Target tick rate: 20,0 per second. Average time per tick: 16,4ms (Target: 50,0ms) [23:25:56] [Server thread/INFO]: Percentiles: P50: 15,9ms P95: 21,9ms P99: 25,7ms, sample: 100"
"with-umce","2","2026-09-26T21:25:56.2949045+00:00","1eb50fb702881358824526c667271024104dd5c27a9cd35da157bce789abdbb9","0","0","500","0","0","0","True","0","16,5","16","22,3","25,7","100","51,01091388704796","36,909084926511035","1320091648","[23:25:56] [Server thread/INFO]: The game is running normally [23:25:56] [Server thread/INFO]: Target tick rate: 20,0 per second. Average time per tick: 16,5ms (Target: 50,0ms) [23:25:56] [Server thread/INFO]: Percentiles: P50: 16,0ms P95: 22,3ms P99: 25,7ms, sample: 100"
"with-umce","2","2026-09-26T21:25:56.4174442+00:00","1eb50fb702881358824526c667271024104dd5c27a9cd35da157bce789abdbb9","0","0","500","0","0","0","True","0","16,5","16","22,3","25,7","100","38,28646525467544","36,909084926511035","1320091648","[23:25:56] [Server thread/INFO]: The game is running normally [23:25:56] [Server thread/INFO]: Target tick rate: 20,0 per second. Average time per tick: 16,5ms (Target: 50,0ms) [23:25:56] [Server thread/INFO]: Percentiles: P50: 16,0ms P95: 22,3ms P99: 25,7ms, sample: 100"
"with-umce","2","2026-09-26T21:25:56.5398659+00:00","1eb50fb702881358824526c667271024104dd5c27a9cd35da157bce789abdbb9","0","0","500","0","0","0","True","0","16,6","16,1","22,5","25,7","100","33,821639644228824","36,909084926511035","1320091648","[23:25:56] [Server thread/INFO]: The game is running normally [23:25:56] [Server thread/INFO]: Target tick rate: 20,0 per second. Average time per tick: 16,6ms (Target: 50,0ms) [23:25:56] [Server thread/INFO]: Percentiles: P50: 16,1ms P95: 22,5ms P99: 25,7ms, sample: 100"
"with-umce","2","2026-09-26T21:25:56.6784568+00:00","1eb50fb702881358824526c667271024104dd5c27a9cd35da157bce789abdbb9","0","0","500","0","0","0","True","0","16,6","16,1","22,5","25,7","100","34,124810539051886","36,909084926511035","1320091648","[23:25:56] [Server thread/INFO]: The game is running normally [23:25:56] [Server thread/INFO]: Target tick rate: 20,0 per second. Average time per tick: 16,6ms (Target: 50,0ms) [23:25:56] [Server thread/INFO]: Percentiles: P50: 16,1ms P95: 22,5ms P99: 25,7ms, sample: 100"
"with-umce","2","2026-09-26T21:25:56.8158270+00:00","1eb50fb702881358824526c667271024104dd5c27a9cd35da157bce789abdbb9","0","0","500","0","0","0","True","0","16,6","16,1","22,5","25,7","100","25,421054001639966","36,909084926511035","1320091648","[23:25:56] [Server thread/INFO]: The game is running normally [23:25:56] [Server thread/INFO]: Target tick rate: 20,0 per second. Average time per tick: 16,6ms (Target: 50,0ms) [23:25:56] [Server thread/INFO]: Percentiles: P50: 16,1ms P95: 22,5ms P99: 25,7ms, sample: 100"
"with-umce","2","2026-09-26T21:25:56.9387406+00:00","1eb50fb702881358824526c667271024104dd5c27a9cd35da157bce789abdbb9","0","0","500","0","0","0","True","0","16,7","16,1","22,5","25,7","100","37,91233455057202","36,909084926511035","1320091648","[23:25:56] [Server thread/INFO]: The game is running normally [23:25:56] [Server thread/INFO]: Target tick rate: 20,0 per second. Average time per tick: 16,7ms (Target: 50,0ms) [23:25:56] [Server thread/INFO]: Percentiles: P50: 16,1ms P95: 22,5ms P99: 25,7ms, sample: 100"
"with-umce","2","2026-09-26T21:25:57.0623890+00:00","1eb50fb702881358824526c667271024104dd5c27a9cd35da157bce789abdbb9","0","0","500","0","0","0","True","0","16,7","16,2","22,5","25,7","100","38,19873119094476","36,909084926511035","1320091648","[23:25:57] [Server thread/INFO]: The game is running normally [23:25:57] [Server thread/INFO]: Target tick rate: 20,0 per second. Average time per tick: 16,7ms (Target: 50,0ms) [23:25:57] [Server thread/INFO]: Percentiles: P50: 16,2ms P95: 22,5ms P99: 25,7ms, sample: 100"
"with-umce","2","2026-09-26T21:25:57.1851141+00:00","1eb50fb702881358824526c667271024104dd5c27a9cd35da157bce789abdbb9","0","0","500","0","0","0","True","0","16,7","16,3","22,5","25,7","100","12,464391725717968","36,909084926511035","1320091648","[23:25:57] [Server thread/INFO]: The game is running normally [23:25:57] [Server thread/INFO]: Target tick rate: 20,0 per second. Average time per tick: 16,7ms (Target: 50,0ms) [23:25:57] [Server thread/INFO]: Percentiles: P50: 16,3ms P95: 22,5ms P99: 25,7ms, sample: 100"
"with-umce","2","2026-09-26T21:25:57.3104630+00:00","1eb50fb702881358824526c667271024104dd5c27a9cd35da157bce789abdbb9","0","0","500","0","0","0","True","0","16,7","16,1","22,5","25,7","100","37,63313096409859","36,909084926511035","1320091648","[23:25:57] [Server thread/INFO]: The game is running normally [23:25:57] [Server thread/INFO]: Target tick rate: 20,0 per second. Average time per tick: 16,7ms (Target: 50,0ms) [23:25:57] [Server thread/INFO]: Percentiles: P50: 16,1ms P95: 22,5ms P99: 25,7ms, sample: 100"
"with-umce","2","2026-09-26T21:25:57.4350369+00:00","1eb50fb702881358824526c667271024104dd5c27a9cd35da157bce789abdbb9","0","0","500","0","0","0","True","0","16,6","16,1","22,5","25,7","100","62,97772382182282","36,909084926511035","1320091648","[23:25:57] [Server thread/INFO]: The game is running normally [23:25:57] [Server thread/INFO]: Target tick rate: 20,0 per second. Average time per tick: 16,6ms (Target: 50,0ms) [23:25:57] [Server thread/INFO]: Percentiles: P50: 16,1ms P95: 22,5ms P99: 25,7ms, sample: 100"
"with-umce","2","2026-09-26T21:25:57.5590731+00:00","1eb50fb702881358824526c667271024104dd5c27a9cd35da157bce789abdbb9","0","0","500","0","0","0","True","0","16,7","16,3","22,5","25,7","100","38,23565398262572","36,909084926511035","1320091648","[23:25:57] [Server thread/INFO]: The game is running normally [23:25:57] [Server thread/INFO]: Target tick rate: 20,0 per second. Average time per tick: 16,7ms (Target: 50,0ms) [23:25:57] [Server thread/INFO]: Percentiles: P50: 16,3ms P95: 22,5ms P99: 25,7ms, sample: 100"
"with-umce","2","2026-09-26T21:25:57.6816618+00:00","1eb50fb702881358824526c667271024104dd5c27a9cd35da157bce789abdbb9","0","0","500","0","0","0","True","0","16,8","16,4","22,5","25,7","100","25,10187344318181","36,909084926511035","1320091648","[23:25:57] [Server thread/INFO]: The game is running normally [23:25:57] [Server thread/INFO]: Target tick rate: 20,0 per second. Average time per tick: 16,8ms (Target: 50,0ms) [23:25:57] [Server thread/INFO]: Percentiles: P50: 16,4ms P95: 22,5ms P99: 25,7ms, sample: 100"
"with-umce","2","2026-09-26T21:25:57.8061796+00:00","1eb50fb702881358824526c667271024104dd5c27a9cd35da157bce789abdbb9","0","0","500","0","0","0","True","0","16,8","16,4","22,5","25,7","100","34,43364278924627","36,909084926511035","1320091648","[23:25:57] [Server thread/INFO]: The game is running normally [23:25:57] [Server thread/INFO]: Target tick rate: 20,0 per second. Average time per tick: 16,8ms (Target: 50,0ms) [23:25:57] [Server thread/INFO]: Percentiles: P50: 16,4ms P95: 22,5ms P99: 25,7ms, sample: 100"
"with-umce","2","2026-09-26T21:25:57.9422845+00:00","1eb50fb702881358824526c667271024104dd5c27a9cd35da157bce789abdbb9","0","0","500","0","0","0","True","0","16,8","16,4","22,5","25,7","100","38,30326544019951","36,909084926511035","1320091648","[23:25:57] [Server thread/INFO]: The game is running normally [23:25:57] [Server thread/INFO]: Target tick rate: 20,0 per second. Average time per tick: 16,8ms (Target: 50,0ms) [23:25:57] [Server thread/INFO]: Percentiles: P50: 16,4ms P95: 22,5ms P99: 25,7ms, sample: 100"
"with-umce","2","2026-09-26T21:25:58.0646602+00:00","1eb50fb702881358824526c667271024104dd5c27a9cd35da157bce789abdbb9","0","0","500","0","0","0","True","0","16,9","16,4","22,5","25,7","100","37,62675701904576","36,909084926511035","1320091648","[23:25:58] [Server thread/INFO]: The game is running normally [23:25:58] [Server thread/INFO]: Target tick rate: 20,0 per second. Average time per tick: 16,9ms (Target: 50,0ms) [23:25:58] [Server thread/INFO]: Percentiles: P50: 16,4ms P95: 22,5ms P99: 25,7ms, sample: 100"
"with-umce","2","2026-09-26T21:25:58.1892450+00:00","1eb50fb702881358824526c667271024104dd5c27a9cd35da157bce789abdbb9","0","0","500","0","0","0","True","0","16,9","16,4","22,5","25,7","100","25,378876166514665","36,909084926511035","1320091648","[23:25:58] [Server thread/INFO]: The game is running normally [23:25:58] [Server thread/INFO]: Target tick rate: 20,0 per second. Average time per tick: 16,9ms (Target: 50,0ms) [23:25:58] [Server thread/INFO]: Percentiles: P50: 16,4ms P95: 22,5ms P99: 25,7ms, sample: 100"
"with-umce","2","2026-09-26T21:25:58.3123762+00:00","1eb50fb702881358824526c667271024104dd5c27a9cd35da157bce789abdbb9","0","0","500","0","0","0","True","0","16,8","16,4","22,5","25,7","100","38,535558352494924","36,909084926511035","1320091648","[23:25:58] [Server thread/INFO]: The game is running normally [23:25:58] [Server thread/INFO]: Target tick rate: 20,0 per second. Average time per tick: 16,8ms (Target: 50,0ms) [23:25:58] [Server thread/INFO]: Percentiles: P50: 16,4ms P95: 22,5ms P99: 25,7ms, sample: 100"
"with-umce","2","2026-09-26T21:25:58.4340260+00:00","1eb50fb702881358824526c667271024104dd5c27a9cd35da157bce789abdbb9","0","0","500","0","0","0","True","0","16,9","16,6","22,4","25,7","100","37,883073640654295","36,909084926511035","1320091648","[23:25:58] [Server thread/INFO]: The game is running normally [23:25:58] [Server thread/INFO]: Target tick rate: 20,0 per second. Average time per tick: 16,9ms (Target: 50,0ms) [23:25:58] [Server thread/INFO]: Percentiles: P50: 16,6ms P95: 22,4ms P99: 25,7ms, sample: 100"
"with-umce","2","2026-09-26T21:25:58.5577695+00:00","1eb50fb702881358824526c667271024104dd5c27a9cd35da157bce789abdbb9","0","0","500","0","0","0","True","0","16,9","16,4","22,4","25,7","100","63,32900196735345","36,909084926511035","1320091648","[23:25:58] [Server thread/INFO]: The game is running normally [23:25:58] [Server thread/INFO]: Target tick rate: 20,0 per second. Average time per tick: 16,9ms (Target: 50,0ms) [23:25:58] [Server thread/INFO]: Percentiles: P50: 16,4ms P95: 22,4ms P99: 25,7ms, sample: 100"
"with-umce","2","2026-09-26T21:25:58.6811159+00:00","1eb50fb702881358824526c667271024104dd5c27a9cd35da157bce789abdbb9","0","0","500","0","0","0","True","0","16,9","16,6","22,4","25,7","100","25,10054273397521","36,909084926511035","1320091648","[23:25:58] [Server thread/INFO]: The game is running normally [23:25:58] [Server thread/INFO]: Target tick rate: 20,0 per second. Average time per tick: 16,9ms (Target: 50,0ms) [23:25:58] [Server thread/INFO]: Percentiles: P50: 16,6ms P95: 22,4ms P99: 25,7ms, sample: 100"
"with-umce","2","2026-09-26T21:25:58.8056239+00:00","1eb50fb702881358824526c667271024104dd5c27a9cd35da157bce789abdbb9","0","0","500","0","0","0","True","0","16,9","16,6","22,4","25,7","100","50,09076446521096","36,909084926511035","1320091648","[23:25:58] [Server thread/INFO]: The game is running normally [23:25:58] [Server thread/INFO]: Target tick rate: 20,0 per second. Average time per tick: 16,9ms (Target: 50,0ms) [23:25:58] [Server thread/INFO]: Percentiles: P50: 16,6ms P95: 22,4ms P99: 25,7ms, sample: 100"
"with-umce","2","2026-09-26T21:25:58.9303916+00:00","1eb50fb702881358824526c667271024104dd5c27a9cd35da157bce789abdbb9","0","0","500","0","0","0","True","0","16,8","16,4","22,4","25,7","100","45,4466129548297","36,909084926511035","1320091648","[23:25:58] [Server thread/INFO]: The game is running normally [23:25:58] [Server thread/INFO]: Target tick rate: 20,0 per second. Average time per tick: 16,8ms (Target: 50,0ms) [23:25:58] [Server thread/INFO]: Percentiles: P50: 16,4ms P95: 22,4ms P99: 25,7ms, sample: 100"
"with-umce","2","2026-09-26T21:25:59.0679188+00:00","1eb50fb702881358824526c667271024104dd5c27a9cd35da157bce789abdbb9","0","0","500","0","0","0","True","0","16,8","16,4","22,4","25,7","100","25,50125262152877","36,909084926511035","1320091648","[23:25:59] [Server thread/INFO]: The game is running normally [23:25:59] [Server thread/INFO]: Target tick rate: 20,0 per second. Average time per tick: 16,8ms (Target: 50,0ms) [23:25:59] [Server thread/INFO]: Percentiles: P50: 16,4ms P95: 22,4ms P99: 25,7ms, sample: 100"
"with-umce","2","2026-09-26T21:25:59.1904648+00:00","1eb50fb702881358824526c667271024104dd5c27a9cd35da157bce789abdbb9","0","0","500","0","0","0","True","0","16,7","16,3","22,4","25,7","100","12,851567479982398","36,909084926511035","1320091648","[23:25:59] [Server thread/INFO]: The game is running normally [23:25:59] [Server thread/INFO]: Target tick rate: 20,0 per second. Average time per tick: 16,7ms (Target: 50,0ms) [23:25:59] [Server thread/INFO]: Percentiles: P50: 16,3ms P95: 22,4ms P99: 25,7ms, sample: 100"
"with-umce","2","2026-09-26T21:25:59.3120679+00:00","1eb50fb702881358824526c667271024104dd5c27a9cd35da157bce789abdbb9","0","0","500","0","0","0","True","0","16,7","16,1","22,4","25,7","100","37,75878359927599","36,909084926511035","1320091648","[23:25:59] [Server thread/INFO]: The game is running normally [23:25:59] [Server thread/INFO]: Target tick rate: 20,0 per second. Average time per tick: 16,7ms (Target: 50,0ms) [23:25:59] [Server thread/INFO]: Percentiles: P50: 16,1ms P95: 22,4ms P99: 25,7ms, sample: 100"
"with-umce","2","2026-09-26T21:25:59.4361770+00:00","1eb50fb702881358824526c667271024104dd5c27a9cd35da157bce789abdbb9","0","0","500","0","0","0","True","0","16,7","16,1","22,4","25,7","100","25,67300235287932","36,909084926511035","1320091648","[23:25:59] [Server thread/INFO]: The game is running normally [23:25:59] [Server thread/INFO]: Target tick rate: 20,0 per second. Average time per tick: 16,7ms (Target: 50,0ms) [23:25:59] [Server thread/INFO]: Percentiles: P50: 16,1ms P95: 22,4ms P99: 25,7ms, sample: 100"
"with-umce","2","2026-09-26T21:25:59.5579056+00:00","1eb50fb702881358824526c667271024104dd5c27a9cd35da157bce789abdbb9","0","0","500","0","0","0","True","0","16,7","16,1","22,4","25,7","100","64,15973536213602","36,909084926511035","1320091648","[23:25:59] [Server thread/INFO]: The game is running normally [23:25:59] [Server thread/INFO]: Target tick rate: 20,0 per second. Average time per tick: 16,7ms (Target: 50,0ms) [23:25:59] [Server thread/INFO]: Percentiles: P50: 16,1ms P95: 22,4ms P99: 25,7ms, sample: 100"
"with-umce","2","2026-09-26T21:25:59.6796979+00:00","1eb50fb702881358824526c667271024104dd5c27a9cd35da157bce789abdbb9","0","0","500","0","0","0","True","0","16,7","16,1","22,4","25,7","100","33,59839329795378","36,909084926511035","1320091648","[23:25:59] [Server thread/INFO]: The game is running normally [23:25:59] [Server thread/INFO]: Target tick rate: 20,0 per second. Average time per tick: 16,7ms (Target: 50,0ms) [23:25:59] [Server thread/INFO]: Percentiles: P50: 16,1ms P95: 22,4ms P99: 25,7ms, sample: 100"
"with-umce","2","2026-09-26T21:25:59.8191946+00:00","1eb50fb702881358824526c667271024104dd5c27a9cd35da157bce789abdbb9","0","0","500","0","0","0","True","0","16,7","16,1","22,4","25,7","100","25,541333233075086","36,909084926511035","1320091648","[23:25:59] [Server thread/INFO]: The game is running normally [23:25:59] [Server thread/INFO]: Target tick rate: 20,0 per second. Average time per tick: 16,7ms (Target: 50,0ms) [23:25:59] [Server thread/INFO]: Percentiles: P50: 16,1ms P95: 22,4ms P99: 25,7ms, sample: 100"
"with-umce","2","2026-09-26T21:25:59.9415624+00:00","1eb50fb702881358824526c667271024104dd5c27a9cd35da157bce789abdbb9","0","0","500","0","0","0","True","0","16,9","16,3","22,4","25,7","100","12,796395224753839","36,909084926511035","1320091648","[23:25:59] [Server thread/INFO]: The game is running normally [23:25:59] [Server thread/INFO]: Target tick rate: 20,0 per second. Average time per tick: 16,9ms (Target: 50,0ms) [23:25:59] [Server thread/INFO]: Percentiles: P50: 16,3ms P95: 22,4ms P99: 25,7ms, sample: 100"
"with-umce","2","2026-09-26T21:26:00.0636992+00:00","1eb50fb702881358824526c667271024104dd5c27a9cd35da157bce789abdbb9","0","0","500","0","0","0","True","0","16,8","16,3","22,4","25,7","100","37,81016434011483","36,909084926511035","1320091648","[23:26:00] [Server thread/INFO]: The game is running normally [23:26:00] [Server thread/INFO]: Target tick rate: 20,0 per second. Average time per tick: 16,8ms (Target: 50,0ms) [23:26:00] [Server thread/INFO]: Percentiles: P50: 16,3ms P95: 22,4ms P99: 25,7ms, sample: 100"
"with-umce","2","2026-09-26T21:26:00.1876183+00:00","1eb50fb702881358824526c667271024104dd5c27a9cd35da157bce789abdbb9","0","0","500","0","0","0","True","0","16,6","16,2","21,9","25,2","100","37,5360646509166","36,909084926511035","1320091648","[23:26:00] [Server thread/INFO]: The game is running normally [23:26:00] [Server thread/INFO]: Target tick rate: 20,0 per second. Average time per tick: 16,6ms (Target: 50,0ms) [23:26:00] [Server thread/INFO]: Percentiles: P50: 16,2ms P95: 21,9ms P99: 25,2ms, sample: 100"
"with-umce","2","2026-09-26T21:26:00.3124977+00:00","1eb50fb702881358824526c667271024104dd5c27a9cd35da157bce789abdbb9","0","0","500","0","0","0","True","0","16,5","16,1","21,9","24,4","100","50,500153520466704","36,909084926511035","1320091648","[23:26:00] [Server thread/INFO]: The game is running normally [23:26:00] [Server thread/INFO]: Target tick rate: 20,0 per second. Average time per tick: 16,5ms (Target: 50,0ms) [23:26:00] [Server thread/INFO]: Percentiles: P50: 16,1ms P95: 21,9ms P99: 24,4ms, sample: 100"
"with-umce","2","2026-09-26T21:26:00.4362726+00:00","1eb50fb702881358824526c667271024104dd5c27a9cd35da157bce789abdbb9","0","0","500","0","0","0","True","0","16,4","15,9","21,9","24,4","100","49,49609020484254","36,909084926511035","1320091648","[23:26:00] [Server thread/INFO]: The game is running normally [23:26:00] [Server thread/INFO]: Target tick rate: 20,0 per second. Average time per tick: 16,4ms (Target: 50,0ms) [23:26:00] [Server thread/INFO]: Percentiles: P50: 15,9ms P95: 21,9ms P99: 24,4ms, sample: 100"
"with-umce","2","2026-09-26T21:26:00.5625503+00:00","1eb50fb702881358824526c667271024104dd5c27a9cd35da157bce789abdbb9","0","0","500","0","0","0","True","0","16,4","15,9","21,9","24,4","100","37,723686370703724","36,909084926511035","1320091648","[23:26:00] [Server thread/INFO]: The game is running normally [23:26:00] [Server thread/INFO]: Target tick rate: 20,0 per second. Average time per tick: 16,4ms (Target: 50,0ms) [23:26:00] [Server thread/INFO]: Percentiles: P50: 15,9ms P95: 21,9ms P99: 24,4ms, sample: 100"
"with-umce","2","2026-09-26T21:26:00.6868365+00:00","1eb50fb702881358824526c667271024104dd5c27a9cd35da157bce789abdbb9","0","0","500","0","0","0","True","0","16,5","16,1","21,9","24,4","100","37,60176541792708","36,909084926511035","1320091648","[23:26:00] [Server thread/INFO]: The game is running normally [23:26:00] [Server thread/INFO]: Target tick rate: 20,0 per second. Average time per tick: 16,5ms (Target: 50,0ms) [23:26:00] [Server thread/INFO]: Percentiles: P50: 16,1ms P95: 21,9ms P99: 24,4ms, sample: 100"
"with-umce","2","2026-09-26T21:26:00.8114535+00:00","1eb50fb702881358824526c667271024104dd5c27a9cd35da157bce789abdbb9","0","0","500","0","0","0","True","0","16,6","16,1","21,9","24,4","100","37,87309543777662","36,909084926511035","1320091648","[23:26:00] [Server thread/INFO]: The game is running normally [23:26:00] [Server thread/INFO]: Target tick rate: 20,0 per second. Average time per tick: 16,6ms (Target: 50,0ms) [23:26:00] [Server thread/INFO]: Percentiles: P50: 16,1ms P95: 21,9ms P99: 24,4ms, sample: 100"
"with-umce","2","2026-09-26T21:26:00.9352230+00:00","1eb50fb702881358824526c667271024104dd5c27a9cd35da157bce789abdbb9","0","0","500","0","0","0","True","0","16,5","15,9","21,9","24,4","100","25,430197566187683","36,909084926511035","1320091648","[23:26:00] [Server thread/INFO]: The game is running normally [23:26:00] [Server thread/INFO]: Target tick rate: 20,0 per second. Average time per tick: 16,5ms (Target: 50,0ms) [23:26:00] [Server thread/INFO]: Percentiles: P50: 15,9ms P95: 21,9ms P99: 24,4ms, sample: 100"
"with-umce","2","2026-09-26T21:26:01.0581357+00:00","1eb50fb702881358824526c667271024104dd5c27a9cd35da157bce789abdbb9","0","0","500","0","0","0","True","0","16,5","15,9","21,9","24,4","100","62,35737620913447","36,909084926511035","1320091648","[23:26:01] [Server thread/INFO]: The game is running normally [23:26:01] [Server thread/INFO]: Target tick rate: 20,0 per second. Average time per tick: 16,5ms (Target: 50,0ms) [23:26:01] [Server thread/INFO]: Percentiles: P50: 15,9ms P95: 21,9ms P99: 24,4ms, sample: 100"
"with-umce","2","2026-09-26T21:26:01.1834065+00:00","1eb50fb702881358824526c667271024104dd5c27a9cd35da157bce789abdbb9","0","0","500","0","0","0","True","0","16,6","15,9","22,3","24,4","100","25,094495833510667","36,909084926511035","1320091648","[23:26:01] [Server thread/INFO]: The game is running normally [23:26:01] [Server thread/INFO]: Target tick rate: 20,0 per second. Average time per tick: 16,6ms (Target: 50,0ms) [23:26:01] [Server thread/INFO]: Percentiles: P50: 15,9ms P95: 22,3ms P99: 24,4ms, sample: 100"
"with-umce","2","2026-09-26T21:26:01.3079449+00:00","1eb50fb702881358824526c667271024104dd5c27a9cd35da157bce789abdbb9","0","0","500","0","0","0","True","0","16,5","15,9","21,9","24,4","100","38,1442409723262","36,909084926511035","1320091648","[23:26:01] [Server thread/INFO]: The game is running normally [23:26:01] [Server thread/INFO]: Target tick rate: 20,0 per second. Average time per tick: 16,5ms (Target: 50,0ms) [23:26:01] [Server thread/INFO]: Percentiles: P50: 15,9ms P95: 21,9ms P99: 24,4ms, sample: 100"
"with-umce","2","2026-09-26T21:26:01.4308243+00:00","1eb50fb702881358824526c667271024104dd5c27a9cd35da157bce789abdbb9","0","0","500","0","0","0","True","0","16,4","15,8","21,3","22,6","100","45,26505769303193","36,909084926511035","1320091648","[23:26:01] [Server thread/INFO]: The game is running normally [23:26:01] [Server thread/INFO]: Target tick rate: 20,0 per second. Average time per tick: 16,4ms (Target: 50,0ms) [23:26:01] [Server thread/INFO]: Percentiles: P50: 15,8ms P95: 21,3ms P99: 22,6ms, sample: 100"
"with-umce","2","2026-09-26T21:26:01.5688898+00:00","1eb50fb702881358824526c667271024104dd5c27a9cd35da157bce789abdbb9","0","0","500","0","0","0","True","0","16,4","15,8","21,3","22,6","100","33,62401217135442","36,909084926511035","1320091648","[23:26:01] [Server thread/INFO]: The game is running normally [23:26:01] [Server thread/INFO]: Target tick rate: 20,0 per second. Average time per tick: 16,4ms (Target: 50,0ms) [23:26:01] [Server thread/INFO]: Percentiles: P50: 15,8ms P95: 21,3ms P99: 22,6ms, sample: 100"
"with-umce","2","2026-09-26T21:26:01.7083141+00:00","1eb50fb702881358824526c667271024104dd5c27a9cd35da157bce789abdbb9","0","0","500","0","0","0","True","0","16,5","15,9","21,3","22,6","100","25,151897338406105","36,909084926511035","1320091648","[23:26:01] [Server thread/INFO]: The game is running normally [23:26:01] [Server thread/INFO]: Target tick rate: 20,0 per second. Average time per tick: 16,5ms (Target: 50,0ms) [23:26:01] [Server thread/INFO]: Percentiles: P50: 15,9ms P95: 21,3ms P99: 22,6ms, sample: 100"
"with-umce","2","2026-09-26T21:26:01.8325371+00:00","1eb50fb702881358824526c667271024104dd5c27a9cd35da157bce789abdbb9","0","0","500","0","0","0","True","0","16,5","16,1","21,3","22,6","100","25,4225223209746","36,909084926511035","1320091648","[23:26:01] [Server thread/INFO]: The game is running normally [23:26:01] [Server thread/INFO]: Target tick rate: 20,0 per second. Average time per tick: 16,5ms (Target: 50,0ms) [23:26:01] [Server thread/INFO]: Percentiles: P50: 16,1ms P95: 21,3ms P99: 22,6ms, sample: 100"
"with-umce","2","2026-09-26T21:26:01.9554604+00:00","1eb50fb702881358824526c667271024104dd5c27a9cd35da157bce789abdbb9","0","0","500","0","0","0","True","0","16,4","15,9","21,3","22,6","100","38,163091344733004","36,909084926511035","1320091648","[23:26:01] [Server thread/INFO]: The game is running normally [23:26:01] [Server thread/INFO]: Target tick rate: 20,0 per second. Average time per tick: 16,4ms (Target: 50,0ms) [23:26:01] [Server thread/INFO]: Percentiles: P50: 15,9ms P95: 21,3ms P99: 22,6ms, sample: 100"
"with-umce","2","2026-09-26T21:26:02.0783196+00:00","1eb50fb702881358824526c667271024104dd5c27a9cd35da157bce789abdbb9","0","0","500","0","0","0","True","0","16,3","15,8","21,3","22,6","100","25,118943219935037","36,909084926511035","1320091648","[23:26:02] [Server thread/INFO]: The game is running normally [23:26:02] [Server thread/INFO]: Target tick rate: 20,0 per second. Average time per tick: 16,3ms (Target: 50,0ms) [23:26:02] [Server thread/INFO]: Percentiles: P50: 15,8ms P95: 21,3ms P99: 22,6ms, sample: 100"
"with-umce","2","2026-09-26T21:26:02.2027490+00:00","1eb50fb702881358824526c667271024104dd5c27a9cd35da157bce789abdbb9","0","0","500","0","0","0","True","0","16,3","15,8","21,3","22,6","100","25,243243898203083","36,909084926511035","1320091648","[23:26:02] [Server thread/INFO]: The game is running normally [23:26:02] [Server thread/INFO]: Target tick rate: 20,0 per second. Average time per tick: 16,3ms (Target: 50,0ms) [23:26:02] [Server thread/INFO]: Percentiles: P50: 15,8ms P95: 21,3ms P99: 22,6ms, sample: 100"
"with-umce","2","2026-09-26T21:26:02.3265071+00:00","1eb50fb702881358824526c667271024104dd5c27a9cd35da157bce789abdbb9","0","0","500","0","0","0","True","0","16,3","15,8","21,3","22,6","100","25,59666858334521","36,909084926511035","1320091648","[23:26:02] [Server thread/INFO]: The game is running normally [23:26:02] [Server thread/INFO]: Target tick rate: 20,0 per second. Average time per tick: 16,3ms (Target: 50,0ms) [23:26:02] [Server thread/INFO]: Percentiles: P50: 15,8ms P95: 21,3ms P99: 22,6ms, sample: 100"
"with-umce","2","2026-09-26T21:26:02.4485800+00:00","1eb50fb702881358824526c667271024104dd5c27a9cd35da157bce789abdbb9","0","0","500","0","0","0","True","0","16,3","15,7","21,3","22,6","100","50,439061946431295","36,909084926511035","1320091648","[23:26:02] [Server thread/INFO]: The game is running normally [23:26:02] [Server thread/INFO]: Target tick rate: 20,0 per second. Average time per tick: 16,3ms (Target: 50,0ms) [23:26:02] [Server thread/INFO]: Percentiles: P50: 15,7ms P95: 21,3ms P99: 22,6ms, sample: 100"
"with-umce","2","2026-09-26T21:26:02.5725051+00:00","1eb50fb702881358824526c667271024104dd5c27a9cd35da157bce789abdbb9","0","0","500","0","0","0","True","0","16,2","15,6","21,3","22,6","100","34,0494801597765","36,909084926511035","1320091648","[23:26:02] [Server thread/INFO]: The game is running normally [23:26:02] [Server thread/INFO]: Target tick rate: 20,0 per second. Average time per tick: 16,2ms (Target: 50,0ms) [23:26:02] [Server thread/INFO]: Percentiles: P50: 15,6ms P95: 21,3ms P99: 22,6ms, sample: 100"
"with-umce","2","2026-09-26T21:26:02.7102122+00:00","1eb50fb702881358824526c667271024104dd5c27a9cd35da157bce789abdbb9","0","0","500","0","0","0","True","0","16,2","15,6","21,3","22,6","100","22,445584720051485","36,909084926511035","1320091648","[23:26:02] [Server thread/INFO]: The game is running normally [23:26:02] [Server thread/INFO]: Target tick rate: 20,0 per second. Average time per tick: 16,2ms (Target: 50,0ms) [23:26:02] [Server thread/INFO]: Percentiles: P50: 15,6ms P95: 21,3ms P99: 22,6ms, sample: 100"
"with-umce","2","2026-09-26T21:26:02.8493784+00:00","1eb50fb702881358824526c667271024104dd5c27a9cd35da157bce789abdbb9","0","0","500","0","0","0","True","0","16,2","15,5","21,3","22,6","100","37,586268002318924","36,909084926511035","1320091648","[23:26:02] [Server thread/INFO]: The game is running normally [23:26:02] [Server thread/INFO]: Target tick rate: 20,0 per second. Average time per tick: 16,2ms (Target: 50,0ms) [23:26:02] [Server thread/INFO]: Percentiles: P50: 15,5ms P95: 21,3ms P99: 22,6ms, sample: 100"
"with-umce","2","2026-09-26T21:26:02.9741209+00:00","1eb50fb702881358824526c667271024104dd5c27a9cd35da157bce789abdbb9","0","0","500","0","0","0","True","0","16,2","15,5","21,3","22,6","100","12,50835558152846","36,909084926511035","1320091648","[23:26:03] [Server thread/INFO]: The game is running normally [23:26:03] [Server thread/INFO]: Target tick rate: 20,0 per second. Average time per tick: 16,2ms (Target: 50,0ms) [23:26:03] [Server thread/INFO]: Percentiles: P50: 15,5ms P95: 21,3ms P99: 22,6ms, sample: 100"
"with-umce","2","2026-09-26T21:26:03.0990123+00:00","1eb50fb702881358824526c667271024104dd5c27a9cd35da157bce789abdbb9","0","0","500","0","0","0","True","0","16,1","15,5","21,2","22,6","100","38,216794191862576","36,909084926511035","1320091648","[23:26:03] [Server thread/INFO]: The game is running normally [23:26:03] [Server thread/INFO]: Target tick rate: 20,0 per second. Average time per tick: 16,1ms (Target: 50,0ms) [23:26:03] [Server thread/INFO]: Percentiles: P50: 15,5ms P95: 21,2ms P99: 22,6ms, sample: 100"
"with-umce","2","2026-09-26T21:26:03.2216688+00:00","1eb50fb702881358824526c667271024104dd5c27a9cd35da157bce789abdbb9","0","0","500","0","0","0","True","0","16","15,5","21,2","22,6","100","38,14700370036108","36,909084926511035","1320091648","[23:26:03] [Server thread/INFO]: The game is running normally [23:26:03] [Server thread/INFO]: Target tick rate: 20,0 per second. Average time per tick: 16,0ms (Target: 50,0ms) [23:26:03] [Server thread/INFO]: Percentiles: P50: 15,5ms P95: 21,2ms P99: 22,6ms, sample: 100"
"with-umce","2","2026-09-26T21:26:03.3445603+00:00","1eb50fb702881358824526c667271024104dd5c27a9cd35da157bce789abdbb9","0","0","500","0","0","0","True","0","16","15,6","21,2","22,6","100","201,28062786673934","36,909084926511035","1320091648","[23:26:03] [Server thread/INFO]: The game is running normally [23:26:03] [Server thread/INFO]: Target tick rate: 20,0 per second. Average time per tick: 16,0ms (Target: 50,0ms) [23:26:03] [Server thread/INFO]: Percentiles: P50: 15,6ms P95: 21,2ms P99: 22,6ms, sample: 100"
"with-umce","2","2026-09-26T21:26:03.4687757+00:00","1eb50fb702881358824526c667271024104dd5c27a9cd35da157bce789abdbb9","0","0","500","0","0","0","True","0","16","15,5","21,3","22,6","100","25,998855218407023","36,909084926511035","1320091648","[23:26:03] [Server thread/INFO]: The game is running normally [23:26:03] [Server thread/INFO]: Target tick rate: 20,0 per second. Average time per tick: 16,0ms (Target: 50,0ms) [23:26:03] [Server thread/INFO]: Percentiles: P50: 15,5ms P95: 21,3ms P99: 22,6ms, sample: 100"
"with-umce","2","2026-09-26T21:26:03.5889848+00:00","1eb50fb702881358824526c667271024104dd5c27a9cd35da157bce789abdbb9","0","0","500","0","0","0","True","0","16","15,6","21,3","22,6","100","37,62098910094865","36,909084926511035","1320091648","[23:26:03] [Server thread/INFO]: The game is running normally [23:26:03] [Server thread/INFO]: Target tick rate: 20,0 per second. Average time per tick: 16,0ms (Target: 50,0ms) [23:26:03] [Server thread/INFO]: Percentiles: P50: 15,6ms P95: 21,3ms P99: 22,6ms, sample: 100"
"with-umce","2","2026-09-26T21:26:03.7135499+00:00","1eb50fb702881358824526c667271024104dd5c27a9cd35da157bce789abdbb9","0","0","500","0","0","0","True","0","15,9","15,6","21,3","22,6","100","25,118135615426475","36,909084926511035","1320091648","[23:26:03] [Server thread/INFO]: The game is running normally [23:26:03] [Server thread/INFO]: Target tick rate: 20,0 per second. Average time per tick: 15,9ms (Target: 50,0ms) [23:26:03] [Server thread/INFO]: Percentiles: P50: 15,6ms P95: 21,3ms P99: 22,6ms, sample: 100"
"with-umce","2","2026-09-26T21:26:03.8379845+00:00","1eb50fb702881358824526c667271024104dd5c27a9cd35da157bce789abdbb9","0","0","500","0","0","0","True","0","15,9","15,5","21,3","22,6","100","37,60689383503671","36,909084926511035","1320091648","[23:26:03] [Server thread/INFO]: The game is running normally [23:26:03] [Server thread/INFO]: Target tick rate: 20,0 per second. Average time per tick: 15,9ms (Target: 50,0ms) [23:26:03] [Server thread/INFO]: Percentiles: P50: 15,5ms P95: 21,3ms P99: 22,6ms, sample: 100"
"with-umce","2","2026-09-26T21:26:03.9626062+00:00","1eb50fb702881358824526c667271024104dd5c27a9cd35da157bce789abdbb9","0","0","500","0","0","0","True","0","16","15,6","21,3","22,6","100","34,15661399564981","36,909084926511035","1320091648","[23:26:03] [Server thread/INFO]: The game is running normally [23:26:03] [Server thread/INFO]: Target tick rate: 20,0 per second. Average time per tick: 16,0ms (Target: 50,0ms) [23:26:03] [Server thread/INFO]: Percentiles: P50: 15,6ms P95: 21,3ms P99: 22,6ms, sample: 100"
"with-umce","2","2026-09-26T21:26:04.0998710+00:00","1eb50fb702881358824526c667271024104dd5c27a9cd35da157bce789abdbb9","0","0","500","0","0","0","True","0","16","15,6","21,3","22,6","100","37,88830970854089","36,909084926511035","1320091648","[23:26:04] [Server thread/INFO]: The game is running normally [23:26:04] [Server thread/INFO]: Target tick rate: 20,0 per second. Average time per tick: 16,0ms (Target: 50,0ms) [23:26:04] [Server thread/INFO]: Percentiles: P50: 15,6ms P95: 21,3ms P99: 22,6ms, sample: 100"
"with-umce","2","2026-09-26T21:26:04.2235583+00:00","1eb50fb702881358824526c667271024104dd5c27a9cd35da157bce789abdbb9","0","0","500","0","0","0","True","0","16","15,6","21,3","22,6","100","25,35196642020499","36,909084926511035","1320091648","[23:26:04] [Server thread/INFO]: The game is running normally [23:26:04] [Server thread/INFO]: Target tick rate: 20,0 per second. Average time per tick: 16,0ms (Target: 50,0ms) [23:26:04] [Server thread/INFO]: Percentiles: P50: 15,6ms P95: 21,3ms P99: 22,6ms, sample: 100"
"with-umce","2","2026-09-26T21:26:04.3468529+00:00","1eb50fb702881358824526c667271024104dd5c27a9cd35da157bce789abdbb9","0","0","500","0","0","0","True","0","16","15,6","21,3","22,6","100","38,48828683400895","36,909084926511035","1320091648","[23:26:04] [Server thread/INFO]: The game is running normally [23:26:04] [Server thread/INFO]: Target tick rate: 20,0 per second. Average time per tick: 16,0ms (Target: 50,0ms) [23:26:04] [Server thread/INFO]: Percentiles: P50: 15,6ms P95: 21,3ms P99: 22,6ms, sample: 100"
"with-umce","2","2026-09-26T21:26:04.4687960+00:00","1eb50fb702881358824526c667271024104dd5c27a9cd35da157bce789abdbb9","0","0","500","0","0","0","True","0","16","15,6","21,3","22,6","100","25,319511985649306","36,909084926511035","1320091648","[23:26:04] [Server thread/INFO]: The game is running normally [23:26:04] [Server thread/INFO]: Target tick rate: 20,0 per second. Average time per tick: 16,0ms (Target: 50,0ms) [23:26:04] [Server thread/INFO]: Percentiles: P50: 15,6ms P95: 21,3ms P99: 22,6ms, sample: 100"
"with-umce","2","2026-09-26T21:26:04.5920477+00:00","1eb50fb702881358824526c667271024104dd5c27a9cd35da157bce789abdbb9","0","0","500","0","0","0","True","0","16","15,6","21,3","22,6","100","38,30958887988074","36,909084926511035","1320091648","[23:26:04] [Server thread/INFO]: The game is running normally [23:26:04] [Server thread/INFO]: Target tick rate: 20,0 per second. Average time per tick: 16,0ms (Target: 50,0ms) [23:26:04] [Server thread/INFO]: Percentiles: P50: 15,6ms P95: 21,3ms P99: 22,6ms, sample: 100"
"with-umce","2","2026-09-26T21:26:04.7144061+00:00","1eb50fb702881358824526c667271024104dd5c27a9cd35da157bce789abdbb9","0","0","500","0","0","0","True","0","16","15,6","21,3","22,6","100","12,711509346315209","36,909084926511035","1320091648","[23:26:04] [Server thread/INFO]: The game is running normally [23:26:04] [Server thread/INFO]: Target tick rate: 20,0 per second. Average time per tick: 16,0ms (Target: 50,0ms) [23:26:04] [Server thread/INFO]: Percentiles: P50: 15,6ms P95: 21,3ms P99: 22,6ms, sample: 100"
"with-umce","2","2026-09-26T21:26:04.8373262+00:00","1eb50fb702881358824526c667271024104dd5c27a9cd35da157bce789abdbb9","0","0","500","0","0","0","True","0","15,9","15,5","21,3","22,6","100","45,132675623878","36,909084926511035","1320091648","[23:26:04] [Server thread/INFO]: The game is running normally [23:26:04] [Server thread/INFO]: Target tick rate: 20,0 per second. Average time per tick: 15,9ms (Target: 50,0ms) [23:26:04] [Server thread/INFO]: Percentiles: P50: 15,5ms P95: 21,3ms P99: 22,6ms, sample: 100"
"with-umce","2","2026-09-26T21:26:04.9758376+00:00","1eb50fb702881358824526c667271024104dd5c27a9cd35da157bce789abdbb9","0","0","500","0","0","0","True","0","15,9","15,5","20,5","22,6","100","34,51899483632657","36,909084926511035","1320091648","[23:26:05] [Server thread/INFO]: The game is running normally [23:26:05] [Server thread/INFO]: Target tick rate: 20,0 per second. Average time per tick: 15,9ms (Target: 50,0ms) [23:26:05] [Server thread/INFO]: Percentiles: P50: 15,5ms P95: 20,5ms P99: 22,6ms, sample: 100"
"with-umce","2","2026-09-26T21:26:05.1115930+00:00","1eb50fb702881358824526c667271024104dd5c27a9cd35da157bce789abdbb9","0","0","500","0","0","0","True","0","15,8","15,5","20,5","22,6","100","25,227837647360847","36,909084926511035","1320091648","[23:26:05] [Server thread/INFO]: The game is running normally [23:26:05] [Server thread/INFO]: Target tick rate: 20,0 per second. Average time per tick: 15,8ms (Target: 50,0ms) [23:26:05] [Server thread/INFO]: Percentiles: P50: 15,5ms P95: 20,5ms P99: 22,6ms, sample: 100"
"with-umce","2","2026-09-26T21:26:05.2354638+00:00","1eb50fb702881358824526c667271024104dd5c27a9cd35da157bce789abdbb9","0","0","500","0","0","0","True","0","15,8","15,4","20,5","22,6","100","25,0001000004","36,909084926511035","1320091648","[23:26:05] [Server thread/INFO]: The game is running normally [23:26:05] [Server thread/INFO]: Target tick rate: 20,0 per second. Average time per tick: 15,8ms (Target: 50,0ms) [23:26:05] [Server thread/INFO]: Percentiles: P50: 15,4ms P95: 20,5ms P99: 22,6ms, sample: 100"
"with-umce","2","2026-09-26T21:26:05.3604666+00:00","1eb50fb702881358824526c667271024104dd5c27a9cd35da157bce789abdbb9","0","0","500","0","0","0","True","0","15,8","15,4","20,5","22,6","100","37,812116333059606","36,909084926511035","1320091648","[23:26:05] [Server thread/INFO]: The game is running normally [23:26:05] [Server thread/INFO]: Target tick rate: 20,0 per second. Average time per tick: 15,8ms (Target: 50,0ms) [23:26:05] [Server thread/INFO]: Percentiles: P50: 15,4ms P95: 20,5ms P99: 22,6ms, sample: 100"
"with-umce","2","2026-09-26T21:26:05.4844544+00:00","1eb50fb702881358824526c667271024104dd5c27a9cd35da157bce789abdbb9","0","0","500","0","0","0","True","0","15,8","15,4","20,5","22,6","100","25,25221916502022","36,909084926511035","1320091648","[23:26:05] [Server thread/INFO]: The game is running normally [23:26:05] [Server thread/INFO]: Target tick rate: 20,0 per second. Average time per tick: 15,8ms (Target: 50,0ms) [23:26:05] [Server thread/INFO]: Percentiles: P50: 15,4ms P95: 20,5ms P99: 22,6ms, sample: 100"
"with-umce","2","2026-09-26T21:26:05.6082144+00:00","1eb50fb702881358824526c667271024104dd5c27a9cd35da157bce789abdbb9","0","0","500","0","0","0","True","0","15,8","15,4","20,4","22,6","100","37,74504080490544","36,909084926511035","1320091648","[23:26:05] [Server thread/INFO]: The game is running normally [23:26:05] [Server thread/INFO]: Target tick rate: 20,0 per second. Average time per tick: 15,8ms (Target: 50,0ms) [23:26:05] [Server thread/INFO]: Percentiles: P50: 15,4ms P95: 20,4ms P99: 22,6ms, sample: 100"
"with-umce","2","2026-09-26T21:26:05.7323979+00:00","1eb50fb702881358824526c667271024104dd5c27a9cd35da157bce789abdbb9","0","0","500","0","0","0","True","0","15,6","15,4","19,6","22,6","100","12,763677147994121","36,909084926511035","1320091648","[23:26:05] [Server thread/INFO]: The game is running normally [23:26:05] [Server thread/INFO]: Target tick rate: 20,0 per second. Average time per tick: 15,6ms (Target: 50,0ms) [23:26:05] [Server thread/INFO]: Percentiles: P50: 15,4ms P95: 19,6ms P99: 22,6ms, sample: 100"
"with-umce","2","2026-09-26T21:26:05.8547937+00:00","1eb50fb702881358824526c667271024104dd5c27a9cd35da157bce789abdbb9","0","0","500","0","0","0","True","0","15,6","15,4","19,6","22,6","100","37,566567958422326","36,909084926511035","1320091648","[23:26:05] [Server thread/INFO]: The game is running normally [23:26:05] [Server thread/INFO]: Target tick rate: 20,0 per second. Average time per tick: 15,6ms (Target: 50,0ms) [23:26:05] [Server thread/INFO]: Percentiles: P50: 15,4ms P95: 19,6ms P99: 22,6ms, sample: 100"
"with-umce","2","2026-09-26T21:26:05.9795755+00:00","1eb50fb702881358824526c667271024104dd5c27a9cd35da157bce789abdbb9","0","0","500","0","0","0","True","0","15,5","15,2","19,6","22,6","100","25,59679438033642","36,909084926511035","1320091648","[23:26:06] [Server thread/INFO]: The game is running normally [23:26:06] [Server thread/INFO]: Target tick rate: 20,0 per second. Average time per tick: 15,5ms (Target: 50,0ms) [23:26:06] [Server thread/INFO]: Percentiles: P50: 15,2ms P95: 19,6ms P99: 22,6ms, sample: 100"
"with-umce","2","2026-09-26T21:26:06.1016716+00:00","1eb50fb702881358824526c667271024104dd5c27a9cd35da157bce789abdbb9","0","0","500","0","0","0","True","0","15,4","15,2","19,5","22,6","100","45,449223763617496","36,909084926511035","1320091648","[23:26:06] [Server thread/INFO]: The game is running normally [23:26:06] [Server thread/INFO]: Target tick rate: 20,0 per second. Average time per tick: 15,4ms (Target: 50,0ms) [23:26:06] [Server thread/INFO]: Percentiles: P50: 15,2ms P95: 19,5ms P99: 22,6ms, sample: 100"
"with-umce","2","2026-09-26T21:26:06.2391962+00:00","1eb50fb702881358824526c667271024104dd5c27a9cd35da157bce789abdbb9","0","0","500","0","0","0","True","0","15,4","15,2","19,4","22,6","100","50,25800449185941","36,909084926511035","1320091648","[23:26:06] [Server thread/INFO]: The game is running normally [23:26:06] [Server thread/INFO]: Target tick rate: 20,0 per second. Average time per tick: 15,4ms (Target: 50,0ms) [23:26:06] [Server thread/INFO]: Percentiles: P50: 15,2ms P95: 19,4ms P99: 22,6ms, sample: 100"
"with-umce","2","2026-09-26T21:26:06.3635245+00:00","1eb50fb702881358824526c667271024104dd5c27a9cd35da157bce789abdbb9","0","0","500","0","0","0","True","0","15,5","15,3","19,5","22,6","100","38,19832652622178","36,909084926511035","1320091648","[23:26:06] [Server thread/INFO]: The game is running normally [23:26:06] [Server thread/INFO]: Target tick rate: 20,0 per second. Average time per tick: 15,5ms (Target: 50,0ms) [23:26:06] [Server thread/INFO]: Percentiles: P50: 15,3ms P95: 19,5ms P99: 22,6ms, sample: 100"
"with-umce","2","2026-09-26T21:26:06.4862612+00:00","1eb50fb702881358824526c667271024104dd5c27a9cd35da157bce789abdbb9","0","0","500","0","0","0","True","0","15,6","15,4","19,5","22,8","100","25,18418707055924","36,909084926511035","1320091648","[23:26:06] [Server thread/INFO]: The game is running normally [23:26:06] [Server thread/INFO]: Target tick rate: 20,0 per second. Average time per tick: 15,6ms (Target: 50,0ms) [23:26:06] [Server thread/INFO]: Percentiles: P50: 15,4ms P95: 19,5ms P99: 22,8ms, sample: 100"
"with-umce","2","2026-09-26T21:26:06.6103524+00:00","1eb50fb702881358824526c667271024104dd5c27a9cd35da157bce789abdbb9","0","0","500","0","0","0","True","0","15,6","15,4","19,5","22,8","100","50,59876555203658","36,909084926511035","1320091648","[23:26:06] [Server thread/INFO]: The game is running normally [23:26:06] [Server thread/INFO]: Target tick rate: 20,0 per second. Average time per tick: 15,6ms (Target: 50,0ms) [23:26:06] [Server thread/INFO]: Percentiles: P50: 15,4ms P95: 19,5ms P99: 22,8ms, sample: 100"
"with-umce","2","2026-09-26T21:26:06.7338747+00:00","1eb50fb702881358824526c667271024104dd5c27a9cd35da157bce789abdbb9","0","0","500","0","0","0","True","0","15,6","15,4","19,5","22,8","100","25,271517180588244","36,909084926511035","1320091648","[23:26:06] [Server thread/INFO]: The game is running normally [23:26:06] [Server thread/INFO]: Target tick rate: 20,0 per second. Average time per tick: 15,6ms (Target: 50,0ms) [23:26:06] [Server thread/INFO]: Percentiles: P50: 15,4ms P95: 19,5ms P99: 22,8ms, sample: 100"
"with-umce","2","2026-09-26T21:26:06.8575282+00:00","1eb50fb702881358824526c667271024104dd5c27a9cd35da157bce789abdbb9","0","0","500","0","0","0","True","0","15,6","15,4","19,5","22,8","100","38,33556190733221","36,909084926511035","1320091648","[23:26:06] [Server thread/INFO]: The game is running normally [23:26:06] [Server thread/INFO]: Target tick rate: 20,0 per second. Average time per tick: 15,6ms (Target: 50,0ms) [23:26:06] [Server thread/INFO]: Percentiles: P50: 15,4ms P95: 19,5ms P99: 22,8ms, sample: 100"
"with-umce","2","2026-09-26T21:26:06.9798115+00:00","1eb50fb702881358824526c667271024104dd5c27a9cd35da157bce789abdbb9","0","0","500","0","0","0","True","0","15,6","15,4","19,5","22,8","100","163,74260991814685","36,909084926511035","1320091648","[23:26:07] [Server thread/INFO]: The game is running normally [23:26:07] [Server thread/INFO]: Target tick rate: 20,0 per second. Average time per tick: 15,6ms (Target: 50,0ms) [23:26:07] [Server thread/INFO]: Percentiles: P50: 15,4ms P95: 19,5ms P99: 22,8ms, sample: 100"
"with-umce","2","2026-09-26T21:26:07.1038619+00:00","1eb50fb702881358824526c667271024104dd5c27a9cd35da157bce789abdbb9","0","0","500","0","0","0","True","0","15,8","15,4","19,6","22,8","100","34,26923372165705","36,909084926511035","1320091648","[23:26:07] [Server thread/INFO]: The game is running normally [23:26:07] [Server thread/INFO]: Target tick rate: 20,0 per second. Average time per tick: 15,8ms (Target: 50,0ms) [23:26:07] [Server thread/INFO]: Percentiles: P50: 15,4ms P95: 19,6ms P99: 22,8ms, sample: 100"
"with-umce","2","2026-09-26T21:26:07.2406209+00:00","1eb50fb702881358824526c667271024104dd5c27a9cd35da157bce789abdbb9","0","0","500","0","0","0","True","0","15,9","15,5","21,4","24,1","100","37,797054611603514","36,909084926511035","1320091648","[23:26:07] [Server thread/INFO]: The game is running normally [23:26:07] [Server thread/INFO]: Target tick rate: 20,0 per second. Average time per tick: 15,9ms (Target: 50,0ms) [23:26:07] [Server thread/INFO]: Percentiles: P50: 15,5ms P95: 21,4ms P99: 24,1ms, sample: 100"
"with-umce","2","2026-09-26T21:26:07.3646690+00:00","1eb50fb702881358824526c667271024104dd5c27a9cd35da157bce789abdbb9","0","0","500","0","0","0","True","0","15,9","15,5","21,4","24,1","100","25,347812544612147","36,909084926511035","1320091648","[23:26:07] [Server thread/INFO]: The game is running normally [23:26:07] [Server thread/INFO]: Target tick rate: 20,0 per second. Average time per tick: 15,9ms (Target: 50,0ms) [23:26:07] [Server thread/INFO]: Percentiles: P50: 15,5ms P95: 21,4ms P99: 24,1ms, sample: 100"
"with-umce","2","2026-09-26T21:26:07.4879350+00:00","1eb50fb702881358824526c667271024104dd5c27a9cd35da157bce789abdbb9","0","0","500","0","0","0","True","0","16","15,5","21,4","24,1","100","25,371767433854785","36,909084926511035","1320091648","[23:26:07] [Server thread/INFO]: The game is running normally [23:26:07] [Server thread/INFO]: Target tick rate: 20,0 per second. Average time per tick: 16,0ms (Target: 50,0ms) [23:26:07] [Server thread/INFO]: Percentiles: P50: 15,5ms P95: 21,4ms P99: 24,1ms, sample: 100"
"with-umce","2","2026-09-26T21:26:07.6110848+00:00","1eb50fb702881358824526c667271024104dd5c27a9cd35da157bce789abdbb9","0","0","500","0","0","0","True","0","16","15,5","21,4","24,1","100","50,61236917714815","36,909084926511035","1320091648","[23:26:07] [Server thread/INFO]: The game is running normally [23:26:07] [Server thread/INFO]: Target tick rate: 20,0 per second. Average time per tick: 16,0ms (Target: 50,0ms) [23:26:07] [Server thread/INFO]: Percentiles: P50: 15,5ms P95: 21,4ms P99: 24,1ms, sample: 100"
"with-umce","2","2026-09-26T21:26:07.7346027+00:00","1eb50fb702881358824526c667271024104dd5c27a9cd35da157bce789abdbb9","0","0","500","0","0","0","True","0","16,1","15,6","21,4","24,1","100","25,404686493974417","36,909084926511035","1320091648","[23:26:07] [Server thread/INFO]: The game is running normally [23:26:07] [Server thread/INFO]: Target tick rate: 20,0 per second. Average time per tick: 16,1ms (Target: 50,0ms) [23:26:07] [Server thread/INFO]: Percentiles: P50: 15,6ms P95: 21,4ms P99: 24,1ms, sample: 100"
"with-umce","2","2026-09-26T21:26:07.8575981+00:00","1eb50fb702881358824526c667271024104dd5c27a9cd35da157bce789abdbb9","0","0","500","0","0","0","True","0","16,1","15,7","21,4","24,1","100","38,06210110918038","36,909084926511035","1320091648","[23:26:07] [Server thread/INFO]: The game is running normally [23:26:07] [Server thread/INFO]: Target tick rate: 20,0 per second. Average time per tick: 16,1ms (Target: 50,0ms) [23:26:07] [Server thread/INFO]: Percentiles: P50: 15,7ms P95: 21,4ms P99: 24,1ms, sample: 100"
"with-umce","2","2026-09-26T21:26:07.9807812+00:00","1eb50fb702881358824526c667271024104dd5c27a9cd35da157bce789abdbb9","0","0","500","0","0","0","True","0","16,1","15,9","21,4","24,1","100","63,40450328201999","36,909084926511035","1320091648","[23:26:08] [Server thread/INFO]: The game is running normally [23:26:08] [Server thread/INFO]: Target tick rate: 20,0 per second. Average time per tick: 16,1ms (Target: 50,0ms) [23:26:08] [Server thread/INFO]: Percentiles: P50: 15,9ms P95: 21,4ms P99: 24,1ms, sample: 100"
"with-umce","2","2026-09-26T21:26:08.1039623+00:00","1eb50fb702881358824526c667271024104dd5c27a9cd35da157bce789abdbb9","0","0","500","0","0","0","True","0","16,2","15,9","21,4","24,1","100","37,75075561912447","36,909084926511035","1320091648","[23:26:08] [Server thread/INFO]: The game is running normally [23:26:08] [Server thread/INFO]: Target tick rate: 20,0 per second. Average time per tick: 16,2ms (Target: 50,0ms) [23:26:08] [Server thread/INFO]: Percentiles: P50: 15,9ms P95: 21,4ms P99: 24,1ms, sample: 100"
"with-umce","2","2026-09-26T21:26:08.2281323+00:00","1eb50fb702881358824526c667271024104dd5c27a9cd35da157bce789abdbb9","0","0","500","0","0","0","True","0","16,2","15,9","21,8","24,1","100","34,03076744371765","36,909084926511035","1320091648","[23:26:08] [Server thread/INFO]: The game is running normally [23:26:08] [Server thread/INFO]: Target tick rate: 20,0 per second. Average time per tick: 16,2ms (Target: 50,0ms) [23:26:08] [Server thread/INFO]: Percentiles: P50: 15,9ms P95: 21,8ms P99: 24,1ms, sample: 100"
"with-umce","2","2026-09-26T21:26:08.3658899+00:00","1eb50fb702881358824526c667271024104dd5c27a9cd35da157bce789abdbb9","0","0","500","0","0","0","True","0","16,3","16","21,8","24,1","100","33,41440708050394","36,909084926511035","1320091648","[23:26:08] [Server thread/INFO]: The game is running normally [23:26:08] [Server thread/INFO]: Target tick rate: 20,0 per second. Average time per tick: 16,3ms (Target: 50,0ms) [23:26:08] [Server thread/INFO]: Percentiles: P50: 16,0ms P95: 21,8ms P99: 24,1ms, sample: 100"
"with-umce","2","2026-09-26T21:26:08.5061842+00:00","1eb50fb702881358824526c667271024104dd5c27a9cd35da157bce789abdbb9","0","0","500","0","0","0","True","0","16,2","15,9","21,4","24,1","100","24,886794947144427","36,909084926511035","1320091648","[23:26:08] [Server thread/INFO]: The game is running normally [23:26:08] [Server thread/INFO]: Target tick rate: 20,0 per second. Average time per tick: 16,2ms (Target: 50,0ms) [23:26:08] [Server thread/INFO]: Percentiles: P50: 15,9ms P95: 21,4ms P99: 24,1ms, sample: 100"
"with-umce","2","2026-09-26T21:26:08.6317452+00:00","1eb50fb702881358824526c667271024104dd5c27a9cd35da157bce789abdbb9","0","0","500","0","0","0","True","0","16,2","16","21,4","24,1","100","22,332116084125975","36,909084926511035","1320091648","[23:26:08] [Server thread/INFO]: The game is running normally [23:26:08] [Server thread/INFO]: Target tick rate: 20,0 per second. Average time per tick: 16,2ms (Target: 50,0ms) [23:26:08] [Server thread/INFO]: Percentiles: P50: 16,0ms P95: 21,4ms P99: 24,1ms, sample: 100"
"with-umce","2","2026-09-26T21:26:08.7716509+00:00","1eb50fb702881358824526c667271024104dd5c27a9cd35da157bce789abdbb9","0","0","500","0","0","0","True","0","16,2","16","21,4","24,1","100","25,47032483018425","36,909084926511035","1320091648","[23:26:08] [Server thread/INFO]: The game is running normally [23:26:08] [Server thread/INFO]: Target tick rate: 20,0 per second. Average time per tick: 16,2ms (Target: 50,0ms) [23:26:08] [Server thread/INFO]: Percentiles: P50: 16,0ms P95: 21,4ms P99: 24,1ms, sample: 100"
"with-umce","2","2026-09-26T21:26:08.8943458+00:00","1eb50fb702881358824526c667271024104dd5c27a9cd35da157bce789abdbb9","0","0","500","0","0","0","True","0","16,2","16,1","21,4","24,1","100","38,34352691736039","36,909084926511035","1320091648","[23:26:08] [Server thread/INFO]: The game is running normally [23:26:08] [Server thread/INFO]: Target tick rate: 20,0 per second. Average time per tick: 16,2ms (Target: 50,0ms) [23:26:08] [Server thread/INFO]: Percentiles: P50: 16,1ms P95: 21,4ms P99: 24,1ms, sample: 100"
"with-umce","2","2026-09-26T21:26:09.0166186+00:00","1eb50fb702881358824526c667271024104dd5c27a9cd35da157bce789abdbb9","0","0","500","0","0","0","True","0","16,2","16","21,4","24,1","100","25,024003023700338","36,909084926511035","1320091648","[23:26:09] [Server thread/INFO]: The game is running normally [23:26:09] [Server thread/INFO]: Target tick rate: 20,0 per second. Average time per tick: 16,2ms (Target: 50,0ms) [23:26:09] [Server thread/INFO]: Percentiles: P50: 16,0ms P95: 21,4ms P99: 24,1ms, sample: 100"
"with-umce","2","2026-09-26T21:26:09.1414759+00:00","1eb50fb702881358824526c667271024104dd5c27a9cd35da157bce789abdbb9","0","0","500","0","0","0","True","0","16,2","16,1","21,4","24,1","100","25,32324617274587","36,909084926511035","1320091648","[23:26:09] [Server thread/INFO]: The game is running normally [23:26:09] [Server thread/INFO]: Target tick rate: 20,0 per second. Average time per tick: 16,2ms (Target: 50,0ms) [23:26:09] [Server thread/INFO]: Percentiles: P50: 16,1ms P95: 21,4ms P99: 24,1ms, sample: 100"
"with-umce","2","2026-09-26T21:26:09.2649234+00:00","1eb50fb702881358824526c667271024104dd5c27a9cd35da157bce789abdbb9","0","0","500","0","0","0","True","0","16,1","16","21,4","24,1","100","49,56875185882819","36,909084926511035","1320091648","[23:26:09] [Server thread/INFO]: The game is running normally [23:26:09] [Server thread/INFO]: Target tick rate: 20,0 per second. Average time per tick: 16,1ms (Target: 50,0ms) [23:26:09] [Server thread/INFO]: Percentiles: P50: 16,0ms P95: 21,4ms P99: 24,1ms, sample: 100"
"with-umce","2","2026-09-26T21:26:09.3910056+00:00","1eb50fb702881358824526c667271024104dd5c27a9cd35da157bce789abdbb9","0","0","500","0","0","0","True","0","16,3","16,1","21,4","24,1","100","25,69047783466677","36,909084926511035","1320091648","[23:26:09] [Server thread/INFO]: The game is running normally [23:26:09] [Server thread/INFO]: Target tick rate: 20,0 per second. Average time per tick: 16,3ms (Target: 50,0ms) [23:26:09] [Server thread/INFO]: Percentiles: P50: 16,1ms P95: 21,4ms P99: 24,1ms, sample: 100"
"without-umce","2","2026-09-26T21:26:51.0748859+00:00",,"0","0","500","0","0","0","True","0","16,3","15,3","23,1","28,1","100","12,734197166936564","38,13467176214783","1334546432","[23:26:51] [Server thread/INFO]: The game is running normally [23:26:51] [Server thread/INFO]: Target tick rate: 20,0 per second. Average time per tick: 16,3ms (Target: 50,0ms) [23:26:51] [Server thread/INFO]: Percentiles: P50: 15,3ms P95: 23,1ms P99: 28,1ms, sample: 100"
"without-umce","2","2026-09-26T21:26:51.2032418+00:00",,"0","0","500","0","0","0","True","0","16,2","15,2","23,1","28,1","100","37,27788345919672","38,13467176214783","1334546432","[23:26:51] [Server thread/INFO]: The game is running normally [23:26:51] [Server thread/INFO]: Target tick rate: 20,0 per second. Average time per tick: 16,2ms (Target: 50,0ms) [23:26:51] [Server thread/INFO]: Percentiles: P50: 15,2ms P95: 23,1ms P99: 28,1ms, sample: 100"
"without-umce","2","2026-09-26T21:26:51.3234553+00:00",,"0","0","500","0","0","0","True","0","16,3","15,2","23,1","28,1","100","25,577519938188342","38,13467176214783","1334546432","[23:26:51] [Server thread/INFO]: The game is running normally [23:26:51] [Server thread/INFO]: Target tick rate: 20,0 per second. Average time per tick: 16,3ms (Target: 50,0ms) [23:26:51] [Server thread/INFO]: Percentiles: P50: 15,2ms P95: 23,1ms P99: 28,1ms, sample: 100"
"without-umce","2","2026-09-26T21:26:51.4456023+00:00",,"0","0","500","0","0","0","True","0","16,2","15,2","23,1","28,1","100","37,67708228674771","38,13467176214783","1334546432","[23:26:51] [Server thread/INFO]: The game is running normally [23:26:51] [Server thread/INFO]: Target tick rate: 20,0 per second. Average time per tick: 16,2ms (Target: 50,0ms) [23:26:51] [Server thread/INFO]: Percentiles: P50: 15,2ms P95: 23,1ms P99: 28,1ms, sample: 100"
"without-umce","2","2026-09-26T21:26:51.5700460+00:00",,"0","0","500","0","0","0","True","0","16,3","15,3","23,1","28,1","100","22,601787602503627","38,13467176214783","1334546432","[23:26:51] [Server thread/INFO]: The game is running normally [23:26:51] [Server thread/INFO]: Target tick rate: 20,0 per second. Average time per tick: 16,3ms (Target: 50,0ms) [23:26:51] [Server thread/INFO]: Percentiles: P50: 15,3ms P95: 23,1ms P99: 28,1ms, sample: 100"
"without-umce","2","2026-09-26T21:26:51.7082757+00:00",,"0","0","500","0","0","0","True","0","16,3","15,3","23,1","28,1","100","37,8712595314386","38,13467176214783","1334546432","[23:26:51] [Server thread/INFO]: The game is running normally [23:26:51] [Server thread/INFO]: Target tick rate: 20,0 per second. Average time per tick: 16,3ms (Target: 50,0ms) [23:26:51] [Server thread/INFO]: Percentiles: P50: 15,3ms P95: 23,1ms P99: 28,1ms, sample: 100"
"without-umce","2","2026-09-26T21:26:51.8320537+00:00",,"0","0","500","0","0","0","True","0","16,3","15,4","23,1","28,1","100","50,173520101920474","38,13467176214783","1334546432","[23:26:51] [Server thread/INFO]: The game is running normally [23:26:51] [Server thread/INFO]: Target tick rate: 20,0 per second. Average time per tick: 16,3ms (Target: 50,0ms) [23:26:51] [Server thread/INFO]: Percentiles: P50: 15,4ms P95: 23,1ms P99: 28,1ms, sample: 100"
"without-umce","2","2026-09-26T21:26:51.9566267+00:00",,"0","0","500","0","0","0","True","0","16,3","15,4","23,1","28,1","100","25,092601737451893","38,13467176214783","1334546432","[23:26:51] [Server thread/INFO]: The game is running normally [23:26:51] [Server thread/INFO]: Target tick rate: 20,0 per second. Average time per tick: 16,3ms (Target: 50,0ms) [23:26:51] [Server thread/INFO]: Percentiles: P50: 15,4ms P95: 23,1ms P99: 28,1ms, sample: 100"
"without-umce","2","2026-09-26T21:26:52.0811603+00:00",,"0","0","500","0","0","0","True","0","16,3","15,3","23,1","28,1","100","25,236924244810275","38,13467176214783","1334546432","[23:26:52] [Server thread/INFO]: The game is running normally [23:26:52] [Server thread/INFO]: Target tick rate: 20,0 per second. Average time per tick: 16,3ms (Target: 50,0ms) [23:26:52] [Server thread/INFO]: Percentiles: P50: 15,3ms P95: 23,1ms P99: 28,1ms, sample: 100"
"without-umce","2","2026-09-26T21:26:52.2049952+00:00",,"0","0","500","0","0","0","True","0","16,4","15,4","23,1","28,1","100","63,72988480899797","38,13467176214783","1334546432","[23:26:52] [Server thread/INFO]: The game is running normally [23:26:52] [Server thread/INFO]: Target tick rate: 20,0 per second. Average time per tick: 16,4ms (Target: 50,0ms) [23:26:52] [Server thread/INFO]: Percentiles: P50: 15,4ms P95: 23,1ms P99: 28,1ms, sample: 100"
"without-umce","2","2026-09-26T21:26:52.3275776+00:00",,"0","0","500","0","0","0","True","0","16,5","15,7","23,1","28,1","100","25,544151737983217","38,13467176214783","1334546432","[23:26:52] [Server thread/INFO]: The game is running normally [23:26:52] [Server thread/INFO]: Target tick rate: 20,0 per second. Average time per tick: 16,5ms (Target: 50,0ms) [23:26:52] [Server thread/INFO]: Percentiles: P50: 15,7ms P95: 23,1ms P99: 28,1ms, sample: 100"
"without-umce","2","2026-09-26T21:26:52.4499493+00:00",,"0","0","500","0","0","0","True","0","16,6","15,8","23,1","28,1","100","37,776493712782596","38,13467176214783","1334546432","[23:26:52] [Server thread/INFO]: The game is running normally [23:26:52] [Server thread/INFO]: Target tick rate: 20,0 per second. Average time per tick: 16,6ms (Target: 50,0ms) [23:26:52] [Server thread/INFO]: Percentiles: P50: 15,8ms P95: 23,1ms P99: 28,1ms, sample: 100"
"without-umce","2","2026-09-26T21:26:52.5739813+00:00",,"0","0","500","0","0","0","True","0","16,6","15,8","23,1","28,1","100","25,450763563628133","38,13467176214783","1334546432","[23:26:52] [Server thread/INFO]: The game is running normally [23:26:52] [Server thread/INFO]: Target tick rate: 20,0 per second. Average time per tick: 16,6ms (Target: 50,0ms) [23:26:52] [Server thread/INFO]: Percentiles: P50: 15,8ms P95: 23,1ms P99: 28,1ms, sample: 100"
"without-umce","2","2026-09-26T21:26:52.6968096+00:00",,"0","0","500","0","0","0","True","0","16,6","15,8","23,1","28,1","100","37,73489215669701","38,13467176214783","1334546432","[23:26:52] [Server thread/INFO]: The game is running normally [23:26:52] [Server thread/INFO]: Target tick rate: 20,0 per second. Average time per tick: 16,6ms (Target: 50,0ms) [23:26:52] [Server thread/INFO]: Percentiles: P50: 15,8ms P95: 23,1ms P99: 28,1ms, sample: 100"
"without-umce","2","2026-09-26T21:26:52.8210016+00:00",,"0","0","500","0","0","0","True","0","16,6","15,8","23,1","28,1","100","12,560117747587048","38,13467176214783","1334546432","[23:26:52] [Server thread/INFO]: The game is running normally [23:26:52] [Server thread/INFO]: Target tick rate: 20,0 per second. Average time per tick: 16,6ms (Target: 50,0ms) [23:26:52] [Server thread/INFO]: Percentiles: P50: 15,8ms P95: 23,1ms P99: 28,1ms, sample: 100"
"without-umce","2","2026-09-26T21:26:52.9454278+00:00",,"0","0","500","0","0","0","True","0","16,4","15,7","23","26,1","100","44,97153481732203","38,13467176214783","1334546432","[23:26:52] [Server thread/INFO]: The game is running normally [23:26:52] [Server thread/INFO]: Target tick rate: 20,0 per second. Average time per tick: 16,4ms (Target: 50,0ms) [23:26:52] [Server thread/INFO]: Percentiles: P50: 15,7ms P95: 23,0ms P99: 26,1ms, sample: 100"
"without-umce","2","2026-09-26T21:26:53.0844116+00:00",,"0","0","500","0","0","0","True","0","16,2","15,6","21,2","25,9","100","33,66109968927663","38,13467176214783","1334546432","[23:26:53] [Server thread/INFO]: The game is running normally [23:26:53] [Server thread/INFO]: Target tick rate: 20,0 per second. Average time per tick: 16,2ms (Target: 50,0ms) [23:26:53] [Server thread/INFO]: Percentiles: P50: 15,6ms P95: 21,2ms P99: 25,9ms, sample: 100"
"without-umce","2","2026-09-26T21:26:53.2236365+00:00",,"0","0","500","0","0","0","True","0","16,1","15,6","20,7","23,5","100","38,219567440108406","38,13467176214783","1334546432","[23:26:53] [Server thread/INFO]: The game is running normally [23:26:53] [Server thread/INFO]: Target tick rate: 20,0 per second. Average time per tick: 16,1ms (Target: 50,0ms) [23:26:53] [Server thread/INFO]: Percentiles: P50: 15,6ms P95: 20,7ms P99: 23,5ms, sample: 100"
"without-umce","2","2026-09-26T21:26:53.3462738+00:00",,"0","0","500","0","0","0","True","0","16","15,4","20,7","23,5","100","12,694613502844001","38,13467176214783","1334546432","[23:26:53] [Server thread/INFO]: The game is running normally [23:26:53] [Server thread/INFO]: Target tick rate: 20,0 per second. Average time per tick: 16,0ms (Target: 50,0ms) [23:26:53] [Server thread/INFO]: Percentiles: P50: 15,4ms P95: 20,7ms P99: 23,5ms, sample: 100"
"without-umce","2","2026-09-26T21:26:53.4693768+00:00",,"0","0","500","0","0","0","True","0","15,9","15,2","20,7","23","100","25,324005455398552","38,13467176214783","1334546432","[23:26:53] [Server thread/INFO]: The game is running normally [23:26:53] [Server thread/INFO]: Target tick rate: 20,0 per second. Average time per tick: 15,9ms (Target: 50,0ms) [23:26:53] [Server thread/INFO]: Percentiles: P50: 15,2ms P95: 20,7ms P99: 23,0ms, sample: 100"
"without-umce","2","2026-09-26T21:26:53.5928015+00:00",,"0","0","500","0","0","0","True","0","15,8","15,2","20,4","21,2","100","38,239677734351105","38,13467176214783","1334546432","[23:26:53] [Server thread/INFO]: The game is running normally [23:26:53] [Server thread/INFO]: Target tick rate: 20,0 per second. Average time per tick: 15,8ms (Target: 50,0ms) [23:26:53] [Server thread/INFO]: Percentiles: P50: 15,2ms P95: 20,4ms P99: 21,2ms, sample: 100"
"without-umce","2","2026-09-26T21:26:53.7153791+00:00",,"0","0","500","0","0","0","True","0","15,8","15,2","20,4","21,2","100","25,334229421917478","38,13467176214783","1334546432","[23:26:53] [Server thread/INFO]: The game is running normally [23:26:53] [Server thread/INFO]: Target tick rate: 20,0 per second. Average time per tick: 15,8ms (Target: 50,0ms) [23:26:53] [Server thread/INFO]: Percentiles: P50: 15,2ms P95: 20,4ms P99: 21,2ms, sample: 100"
"without-umce","2","2026-09-26T21:26:53.8387057+00:00",,"0","0","500","0","0","0","True","0","15,7","15,2","20,4","21,2","100","38,100680081899185","38,13467176214783","1334546432","[23:26:53] [Server thread/INFO]: The game is running normally [23:26:53] [Server thread/INFO]: Target tick rate: 20,0 per second. Average time per tick: 15,7ms (Target: 50,0ms) [23:26:53] [Server thread/INFO]: Percentiles: P50: 15,2ms P95: 20,4ms P99: 21,2ms, sample: 100"
"without-umce","2","2026-09-26T21:26:53.9617512+00:00",,"0","0","500","0","0","0","True","0","15,7","15,2","20,4","21,2","100","25,317768374421036","38,13467176214783","1334546432","[23:26:53] [Server thread/INFO]: The game is running normally [23:26:53] [Server thread/INFO]: Target tick rate: 20,0 per second. Average time per tick: 15,7ms (Target: 50,0ms) [23:26:53] [Server thread/INFO]: Percentiles: P50: 15,2ms P95: 20,4ms P99: 21,2ms, sample: 100"
"without-umce","2","2026-09-26T21:26:54.0851621+00:00",,"0","0","500","0","0","0","True","0","15,8","15,4","20,4","21,2","100","89,85119922598584","38,13467176214783","1334546432","[23:26:54] [Server thread/INFO]: The game is running normally [23:26:54] [Server thread/INFO]: Target tick rate: 20,0 per second. Average time per tick: 15,8ms (Target: 50,0ms) [23:26:54] [Server thread/INFO]: Percentiles: P50: 15,4ms P95: 20,4ms P99: 21,2ms, sample: 100"
"without-umce","2","2026-09-26T21:26:54.2242992+00:00",,"0","0","500","0","0","0","True","0","15,8","15,2","20,4","21,2","100","25,08122303266899","38,13467176214783","1334546432","[23:26:54] [Server thread/INFO]: The game is running normally [23:26:54] [Server thread/INFO]: Target tick rate: 20,0 per second. Average time per tick: 15,8ms (Target: 50,0ms) [23:26:54] [Server thread/INFO]: Percentiles: P50: 15,2ms P95: 20,4ms P99: 21,2ms, sample: 100"
"without-umce","2","2026-09-26T21:26:54.3488552+00:00",,"0","0","500","0","0","0","True","0","15,8","15,2","20,4","21,2","100","38,36643691821135","38,13467176214783","1334546432","[23:26:54] [Server thread/INFO]: The game is running normally [23:26:54] [Server thread/INFO]: Target tick rate: 20,0 per second. Average time per tick: 15,8ms (Target: 50,0ms) [23:26:54] [Server thread/INFO]: Percentiles: P50: 15,2ms P95: 20,4ms P99: 21,2ms, sample: 100"
"without-umce","2","2026-09-26T21:26:54.4710291+00:00",,"0","0","500","0","0","0","True","0","15,7","15,2","20,4","21,2","100","25,27456262874862","38,13467176214783","1334546432","[23:26:54] [Server thread/INFO]: The game is running normally [23:26:54] [Server thread/INFO]: Target tick rate: 20,0 per second. Average time per tick: 15,7ms (Target: 50,0ms) [23:26:54] [Server thread/INFO]: Percentiles: P50: 15,2ms P95: 20,4ms P99: 21,2ms, sample: 100"
"without-umce","2","2026-09-26T21:26:54.5947106+00:00",,"0","0","500","0","0","0","True","0","15,6","15,2","20,4","21,2","100","37,748323571784624","38,13467176214783","1334546432","[23:26:54] [Server thread/INFO]: The game is running normally [23:26:54] [Server thread/INFO]: Target tick rate: 20,0 per second. Average time per tick: 15,6ms (Target: 50,0ms) [23:26:54] [Server thread/INFO]: Percentiles: P50: 15,2ms P95: 20,4ms P99: 21,2ms, sample: 100"
"without-umce","2","2026-09-26T21:26:54.7188966+00:00",,"0","0","500","0","0","0","True","0","15,7","15,2","20,4","21,2","100","49,98848265359661","38,13467176214783","1334546432","[23:26:54] [Server thread/INFO]: The game is running normally [23:26:54] [Server thread/INFO]: Target tick rate: 20,0 per second. Average time per tick: 15,7ms (Target: 50,0ms) [23:26:54] [Server thread/INFO]: Percentiles: P50: 15,2ms P95: 20,4ms P99: 21,2ms, sample: 100"
"without-umce","2","2026-09-26T21:26:54.8439031+00:00",,"0","0","500","0","0","0","True","0","15,8","15,4","20,4","21,2","100","38,329888072638305","38,13467176214783","1334546432","[23:26:54] [Server thread/INFO]: The game is running normally [23:26:54] [Server thread/INFO]: Target tick rate: 20,0 per second. Average time per tick: 15,8ms (Target: 50,0ms) [23:26:54] [Server thread/INFO]: Percentiles: P50: 15,4ms P95: 20,4ms P99: 21,2ms, sample: 100"
"without-umce","2","2026-09-26T21:26:54.9662064+00:00",,"0","0","500","0","0","0","True","0","15,8","15,4","20,4","21,2","100","38,22009720746643","38,13467176214783","1334546432","[23:26:55] [Server thread/INFO]: The game is running normally [23:26:55] [Server thread/INFO]: Target tick rate: 20,0 per second. Average time per tick: 15,8ms (Target: 50,0ms) [23:26:55] [Server thread/INFO]: Percentiles: P50: 15,4ms P95: 20,4ms P99: 21,2ms, sample: 100"
"without-umce","2","2026-09-26T21:26:55.0888697+00:00",,"0","0","500","0","0","0","True","0","15,8","15,4","20,4","21,2","100","37,794464229706485","38,13467176214783","1334546432","[23:26:55] [Server thread/INFO]: The game is running normally [23:26:55] [Server thread/INFO]: Target tick rate: 20,0 per second. Average time per tick: 15,8ms (Target: 50,0ms) [23:26:55] [Server thread/INFO]: Percentiles: P50: 15,4ms P95: 20,4ms P99: 21,2ms, sample: 100"
"without-umce","2","2026-09-26T21:26:55.2129002+00:00",,"0","0","500","0","0","0","True","0","15,8","15,5","20,4","21,2","100","25,495593545576327","38,13467176214783","1334546432","[23:26:55] [Server thread/INFO]: The game is running normally [23:26:55] [Server thread/INFO]: Target tick rate: 20,0 per second. Average time per tick: 15,8ms (Target: 50,0ms) [23:26:55] [Server thread/INFO]: Percentiles: P50: 15,5ms P95: 20,4ms P99: 21,2ms, sample: 100"
"without-umce","2","2026-09-26T21:26:55.3354482+00:00",,"0","0","500","0","0","0","True","0","15,9","15,5","20,4","21,2","100","22,262639301786642","38,13467176214783","1334546432","[23:26:55] [Server thread/INFO]: The game is running normally [23:26:55] [Server thread/INFO]: Target tick rate: 20,0 per second. Average time per tick: 15,9ms (Target: 50,0ms) [23:26:55] [Server thread/INFO]: Percentiles: P50: 15,5ms P95: 20,4ms P99: 21,2ms, sample: 100"
"without-umce","2","2026-09-26T21:26:55.4758320+00:00",,"0","0","500","0","0","0","True","0","15,8","15,4","20,4","21,2","100","33,65587931414524","38,13467176214783","1334546432","[23:26:55] [Server thread/INFO]: The game is running normally [23:26:55] [Server thread/INFO]: Target tick rate: 20,0 per second. Average time per tick: 15,8ms (Target: 50,0ms) [23:26:55] [Server thread/INFO]: Percentiles: P50: 15,4ms P95: 20,4ms P99: 21,2ms, sample: 100"
"without-umce","2","2026-09-26T21:26:55.6151113+00:00",,"0","0","500","0","0","0","True","0","15,8","15,4","20,4","21,2","100","24,832055839943294","38,13467176214783","1334546432","[23:26:55] [Server thread/INFO]: The game is running normally [23:26:55] [Server thread/INFO]: Target tick rate: 20,0 per second. Average time per tick: 15,8ms (Target: 50,0ms) [23:26:55] [Server thread/INFO]: Percentiles: P50: 15,4ms P95: 20,4ms P99: 21,2ms, sample: 100"
"without-umce","2","2026-09-26T21:26:55.7409086+00:00",,"0","0","500","0","0","0","True","0","15,8","15,4","20,4","21,2","100","50,842190720852784","38,13467176214783","1334546432","[23:26:55] [Server thread/INFO]: The game is running normally [23:26:55] [Server thread/INFO]: Target tick rate: 20,0 per second. Average time per tick: 15,8ms (Target: 50,0ms) [23:26:55] [Server thread/INFO]: Percentiles: P50: 15,4ms P95: 20,4ms P99: 21,2ms, sample: 100"
"without-umce","2","2026-09-26T21:26:55.8638397+00:00",,"0","0","500","0","0","0","True","0","15,8","15,4","20,4","21,2","100","51,03724003671415","38,13467176214783","1334546432","[23:26:55] [Server thread/INFO]: The game is running normally [23:26:55] [Server thread/INFO]: Target tick rate: 20,0 per second. Average time per tick: 15,8ms (Target: 50,0ms) [23:26:55] [Server thread/INFO]: Percentiles: P50: 15,4ms P95: 20,4ms P99: 21,2ms, sample: 100"
"without-umce","2","2026-09-26T21:26:55.9862945+00:00",,"0","0","500","0","0","0","True","0","15,7","15,4","20,4","21,2","100","12,6553674146765","38,13467176214783","1334546432","[23:26:56] [Server thread/INFO]: The game is running normally [23:26:56] [Server thread/INFO]: Target tick rate: 20,0 per second. Average time per tick: 15,7ms (Target: 50,0ms) [23:26:56] [Server thread/INFO]: Percentiles: P50: 15,4ms P95: 20,4ms P99: 21,2ms, sample: 100"
"without-umce","2","2026-09-26T21:26:56.1097941+00:00",,"0","0","500","0","0","0","True","0","15,7","15,4","20,4","21,2","100","50,675073053185315","38,13467176214783","1334546432","[23:26:56] [Server thread/INFO]: The game is running normally [23:26:56] [Server thread/INFO]: Target tick rate: 20,0 per second. Average time per tick: 15,7ms (Target: 50,0ms) [23:26:56] [Server thread/INFO]: Percentiles: P50: 15,4ms P95: 20,4ms P99: 21,2ms, sample: 100"
"without-umce","2","2026-09-26T21:26:56.2331395+00:00",,"0","0","500","0","0","0","True","0","15,6","15,4","20,4","21,2","100","25,304463302455144","38,13467176214783","1334546432","[23:26:56] [Server thread/INFO]: The game is running normally [23:26:56] [Server thread/INFO]: Target tick rate: 20,0 per second. Average time per tick: 15,6ms (Target: 50,0ms) [23:26:56] [Server thread/INFO]: Percentiles: P50: 15,4ms P95: 20,4ms P99: 21,2ms, sample: 100"
"without-umce","2","2026-09-26T21:26:56.3566562+00:00",,"0","0","500","0","0","0","True","0","15,6","15,4","20,4","21,2","100","75,31408988043738","38,13467176214783","1334546432","[23:26:56] [Server thread/INFO]: The game is running normally [23:26:56] [Server thread/INFO]: Target tick rate: 20,0 per second. Average time per tick: 15,6ms (Target: 50,0ms) [23:26:56] [Server thread/INFO]: Percentiles: P50: 15,4ms P95: 20,4ms P99: 21,2ms, sample: 100"
"without-umce","2","2026-09-26T21:26:56.4810722+00:00",,"0","0","500","0","0","0","True","0","15,6","15,4","20,4","21,2","100","37,21339729935926","38,13467176214783","1334546432","[23:26:56] [Server thread/INFO]: The game is running normally [23:26:56] [Server thread/INFO]: Target tick rate: 20,0 per second. Average time per tick: 15,6ms (Target: 50,0ms) [23:26:56] [Server thread/INFO]: Percentiles: P50: 15,4ms P95: 20,4ms P99: 21,2ms, sample: 100"
"without-umce","2","2026-09-26T21:26:56.6070528+00:00",,"0","0","500","0","0","0","True","0","15,6","15,3","20,4","21,2","100","25,455262274731112","38,13467176214783","1334546432","[23:26:56] [Server thread/INFO]: The game is running normally [23:26:56] [Server thread/INFO]: Target tick rate: 20,0 per second. Average time per tick: 15,6ms (Target: 50,0ms) [23:26:56] [Server thread/INFO]: Percentiles: P50: 15,3ms P95: 20,4ms P99: 21,2ms, sample: 100"
"without-umce","2","2026-09-26T21:26:56.7298132+00:00",,"0","0","500","0","0","0","True","0","15,6","15,3","20,4","21,2","100","25,16344158578801","38,13467176214783","1334546432","[23:26:56] [Server thread/INFO]: The game is running normally [23:26:56] [Server thread/INFO]: Target tick rate: 20,0 per second. Average time per tick: 15,6ms (Target: 50,0ms) [23:26:56] [Server thread/INFO]: Percentiles: P50: 15,3ms P95: 20,4ms P99: 21,2ms, sample: 100"
"without-umce","2","2026-09-26T21:26:56.8540099+00:00",,"0","0","500","0","0","0","True","0","15,6","15,2","20,4","21,2","100","176,5961466115337","38,13467176214783","1334546432","[23:26:56] [Server thread/INFO]: The game is running normally [23:26:56] [Server thread/INFO]: Target tick rate: 20,0 per second. Average time per tick: 15,6ms (Target: 50,0ms) [23:26:56] [Server thread/INFO]: Percentiles: P50: 15,2ms P95: 20,4ms P99: 21,2ms, sample: 100"
"without-umce","2","2026-09-26T21:26:56.9779059+00:00",,"0","0","500","0","0","0","True","0","15,6","15,2","20,7","21,3","100","37,309185899634905","38,13467176214783","1334546432","[23:26:57] [Server thread/INFO]: The game is running normally [23:26:57] [Server thread/INFO]: Target tick rate: 20,0 per second. Average time per tick: 15,6ms (Target: 50,0ms) [23:26:57] [Server thread/INFO]: Percentiles: P50: 15,2ms P95: 20,7ms P99: 21,3ms, sample: 100"
"without-umce","2","2026-09-26T21:26:57.1035616+00:00",,"0","0","500","0","0","0","True","0","15,6","15,2","20,7","21,3","100","37,64401092820695","38,13467176214783","1334546432","[23:26:57] [Server thread/INFO]: The game is running normally [23:26:57] [Server thread/INFO]: Target tick rate: 20,0 per second. Average time per tick: 15,6ms (Target: 50,0ms) [23:26:57] [Server thread/INFO]: Percentiles: P50: 15,2ms P95: 20,7ms P99: 21,3ms, sample: 100"
"without-umce","2","2026-09-26T21:26:57.2280470+00:00",,"0","0","500","0","0","0","True","0","15,6","15,2","20,4","21,3","100","24,999860000783997","38,13467176214783","1334546432","[23:26:57] [Server thread/INFO]: The game is running normally [23:26:57] [Server thread/INFO]: Target tick rate: 20,0 per second. Average time per tick: 15,6ms (Target: 50,0ms) [23:26:57] [Server thread/INFO]: Percentiles: P50: 15,2ms P95: 20,4ms P99: 21,3ms, sample: 100"
"without-umce","2","2026-09-26T21:26:57.3530233+00:00",,"0","0","500","0","0","0","True","0","15,5","15,2","20,4","21,3","100","37,64742732540629","38,13467176214783","1334546432","[23:26:57] [Server thread/INFO]: The game is running normally [23:26:57] [Server thread/INFO]: Target tick rate: 20,0 per second. Average time per tick: 15,5ms (Target: 50,0ms) [23:26:57] [Server thread/INFO]: Percentiles: P50: 15,2ms P95: 20,4ms P99: 21,3ms, sample: 100"
"without-umce","2","2026-09-26T21:26:57.4775544+00:00",,"0","0","500","0","0","0","True","0","15,4","15,1","20,4","21,3","100","25,193303176613526","38,13467176214783","1334546432","[23:26:57] [Server thread/INFO]: The game is running normally [23:26:57] [Server thread/INFO]: Target tick rate: 20,0 per second. Average time per tick: 15,4ms (Target: 50,0ms) [23:26:57] [Server thread/INFO]: Percentiles: P50: 15,1ms P95: 20,4ms P99: 21,3ms, sample: 100"
"without-umce","2","2026-09-26T21:26:57.6015919+00:00",,"0","0","500","0","0","0","True","0","15,4","15,1","20,4","21,3","100","37,7261759701764","38,13467176214783","1334546432","[23:26:57] [Server thread/INFO]: The game is running normally [23:26:57] [Server thread/INFO]: Target tick rate: 20,0 per second. Average time per tick: 15,4ms (Target: 50,0ms) [23:26:57] [Server thread/INFO]: Percentiles: P50: 15,1ms P95: 20,4ms P99: 21,3ms, sample: 100"
"without-umce","2","2026-09-26T21:26:57.7258894+00:00",,"0","0","500","0","0","0","True","0","15,3","15","20,4","21,3","100","33,637162121433924","38,13467176214783","1334546432","[23:26:57] [Server thread/INFO]: The game is running normally [23:26:57] [Server thread/INFO]: Target tick rate: 20,0 per second. Average time per tick: 15,3ms (Target: 50,0ms) [23:26:57] [Server thread/INFO]: Percentiles: P50: 15,0ms P95: 20,4ms P99: 21,3ms, sample: 100"
"without-umce","2","2026-09-26T21:26:57.8652190+00:00",,"0","0","500","0","0","0","True","0","15,3","15,1","20,4","21,3","100","24,83738467505548","38,13467176214783","1334546432","[23:26:57] [Server thread/INFO]: The game is running normally [23:26:57] [Server thread/INFO]: Target tick rate: 20,0 per second. Average time per tick: 15,3ms (Target: 50,0ms) [23:26:57] [Server thread/INFO]: Percentiles: P50: 15,1ms P95: 20,4ms P99: 21,3ms, sample: 100"
"without-umce","2","2026-09-26T21:26:57.9910066+00:00",,"0","0","500","0","0","0","True","0","15,3","15,1","20,4","21,3","100","51,513762828987495","38,13467176214783","1334546432","[23:26:58] [Server thread/INFO]: The game is running normally [23:26:58] [Server thread/INFO]: Target tick rate: 20,0 per second. Average time per tick: 15,3ms (Target: 50,0ms) [23:26:58] [Server thread/INFO]: Percentiles: P50: 15,1ms P95: 20,4ms P99: 21,3ms, sample: 100"
"without-umce","2","2026-09-26T21:26:58.1123539+00:00",,"0","0","500","0","0","0","True","0","15,3","15,1","19,7","21,3","100","37,980714304813155","38,13467176214783","1334546432","[23:26:58] [Server thread/INFO]: The game is running normally [23:26:58] [Server thread/INFO]: Target tick rate: 20,0 per second. Average time per tick: 15,3ms (Target: 50,0ms) [23:26:58] [Server thread/INFO]: Percentiles: P50: 15,1ms P95: 19,7ms P99: 21,3ms, sample: 100"
"without-umce","2","2026-09-26T21:26:58.2357392+00:00",,"0","0","500","0","0","0","True","0","15,4","15,2","20,4","23,8","100","50,486977187156434","38,13467176214783","1334546432","[23:26:58] [Server thread/INFO]: The game is running normally [23:26:58] [Server thread/INFO]: Target tick rate: 20,0 per second. Average time per tick: 15,4ms (Target: 50,0ms) [23:26:58] [Server thread/INFO]: Percentiles: P50: 15,2ms P95: 20,4ms P99: 23,8ms, sample: 100"
"without-umce","2","2026-09-26T21:26:58.3595545+00:00",,"0","0","500","0","0","0","True","0","15,5","15,2","20,4","23,8","100","37,356134056521526","38,13467176214783","1334546432","[23:26:58] [Server thread/INFO]: The game is running normally [23:26:58] [Server thread/INFO]: Target tick rate: 20,0 per second. Average time per tick: 15,5ms (Target: 50,0ms) [23:26:58] [Server thread/INFO]: Percentiles: P50: 15,2ms P95: 20,4ms P99: 23,8ms, sample: 100"
"without-umce","2","2026-09-26T21:26:58.4850492+00:00",,"0","0","500","0","0","0","True","0","15,5","15,2","21","23,8","100","62,46961477937132","38,13467176214783","1334546432","[23:26:58] [Server thread/INFO]: The game is running normally [23:26:58] [Server thread/INFO]: Target tick rate: 20,0 per second. Average time per tick: 15,5ms (Target: 50,0ms) [23:26:58] [Server thread/INFO]: Percentiles: P50: 15,2ms P95: 21,0ms P99: 23,8ms, sample: 100"
"without-umce","2","2026-09-26T21:26:58.6100832+00:00",,"0","0","500","0","0","0","True","0","15,6","15,2","21,1","23,8","100","37,760426106773195","38,13467176214783","1334546432","[23:26:58] [Server thread/INFO]: The game is running normally [23:26:58] [Server thread/INFO]: Target tick rate: 20,0 per second. Average time per tick: 15,6ms (Target: 50,0ms) [23:26:58] [Server thread/INFO]: Percentiles: P50: 15,2ms P95: 21,1ms P99: 23,8ms, sample: 100"
"without-umce","2","2026-09-26T21:26:58.7342672+00:00",,"0","0","500","0","0","0","True","0","15,5","15,2","21,1","23,8","100","50,33596234708941","38,13467176214783","1334546432","[23:26:58] [Server thread/INFO]: The game is running normally [23:26:58] [Server thread/INFO]: Target tick rate: 20,0 per second. Average time per tick: 15,5ms (Target: 50,0ms) [23:26:58] [Server thread/INFO]: Percentiles: P50: 15,2ms P95: 21,1ms P99: 23,8ms, sample: 100"
"without-umce","2","2026-09-26T21:26:58.8583840+00:00",,"0","0","500","0","0","0","True","0","15,6","15,2","21,1","23,8","100","37,89290394239793","38,13467176214783","1334546432","[23:26:58] [Server thread/INFO]: The game is running normally [23:26:58] [Server thread/INFO]: Target tick rate: 20,0 per second. Average time per tick: 15,6ms (Target: 50,0ms) [23:26:58] [Server thread/INFO]: Percentiles: P50: 15,2ms P95: 21,1ms P99: 23,8ms, sample: 100"
"without-umce","2","2026-09-26T21:26:58.9820842+00:00",,"0","0","500","0","0","0","True","0","15,6","15,2","21,1","23,8","100","25,00258026628348","38,13467176214783","1334546432","[23:26:59] [Server thread/INFO]: The game is running normally [23:26:59] [Server thread/INFO]: Target tick rate: 20,0 per second. Average time per tick: 15,6ms (Target: 50,0ms) [23:26:59] [Server thread/INFO]: Percentiles: P50: 15,2ms P95: 21,1ms P99: 23,8ms, sample: 100"
"without-umce","2","2026-09-26T21:26:59.1070889+00:00",,"0","0","500","0","0","0","True","0","15,6","15,2","21,1","23,8","100","25,089479118327606","38,13467176214783","1334546432","[23:26:59] [Server thread/INFO]: The game is running normally [23:26:59] [Server thread/INFO]: Target tick rate: 20,0 per second. Average time per tick: 15,6ms (Target: 50,0ms) [23:26:59] [Server thread/INFO]: Percentiles: P50: 15,2ms P95: 21,1ms P99: 23,8ms, sample: 100"
"without-umce","2","2026-09-26T21:26:59.2316517+00:00",,"0","0","500","0","0","0","True","0","15,6","15,2","21,1","23,8","100","25,1841058876813","38,13467176214783","1334546432","[23:26:59] [Server thread/INFO]: The game is running normally [23:26:59] [Server thread/INFO]: Target tick rate: 20,0 per second. Average time per tick: 15,6ms (Target: 50,0ms) [23:26:59] [Server thread/INFO]: Percentiles: P50: 15,2ms P95: 21,1ms P99: 23,8ms, sample: 100"
"without-umce","2","2026-09-26T21:26:59.3557404+00:00",,"0","0","500","0","0","0","True","0","15,6","15,2","21,1","23,8","100","37,73574273199532","38,13467176214783","1334546432","[23:26:59] [Server thread/INFO]: The game is running normally [23:26:59] [Server thread/INFO]: Target tick rate: 20,0 per second. Average time per tick: 15,6ms (Target: 50,0ms) [23:26:59] [Server thread/INFO]: Percentiles: P50: 15,2ms P95: 21,1ms P99: 23,8ms, sample: 100"
"without-umce","2","2026-09-26T21:26:59.4799836+00:00",,"0","0","500","0","0","0","True","0","15,7","15,2","21,1","23,8","100","25,723446200955678","38,13467176214783","1334546432","[23:26:59] [Server thread/INFO]: The game is running normally [23:26:59] [Server thread/INFO]: Target tick rate: 20,0 per second. Average time per tick: 15,7ms (Target: 50,0ms) [23:26:59] [Server thread/INFO]: Percentiles: P50: 15,2ms P95: 21,1ms P99: 23,8ms, sample: 100"
"without-umce","2","2026-09-26T21:26:59.6014293+00:00",,"0","0","500","0","0","0","True","0","15,7","15,2","21,1","23,8","100","22,34586537134538","38,13467176214783","1334546432","[23:26:59] [Server thread/INFO]: The game is running normally [23:26:59] [Server thread/INFO]: Target tick rate: 20,0 per second. Average time per tick: 15,7ms (Target: 50,0ms) [23:26:59] [Server thread/INFO]: Percentiles: P50: 15,2ms P95: 21,1ms P99: 23,8ms, sample: 100"
"without-umce","2","2026-09-26T21:26:59.7412888+00:00",,"0","0","500","0","0","0","True","0","15,6","15,1","21,1","23,8","100","22,5760705211424","38,13467176214783","1334546432","[23:26:59] [Server thread/INFO]: The game is running normally [23:26:59] [Server thread/INFO]: Target tick rate: 20,0 per second. Average time per tick: 15,6ms (Target: 50,0ms) [23:26:59] [Server thread/INFO]: Percentiles: P50: 15,1ms P95: 21,1ms P99: 23,8ms, sample: 100"
"without-umce","2","2026-09-26T21:26:59.8797074+00:00",,"0","0","500","0","0","0","True","0","15,5","15","21,1","23,8","100","37,78218760276755","38,13467176214783","1334546432","[23:26:59] [Server thread/INFO]: The game is running normally [23:26:59] [Server thread/INFO]: Target tick rate: 20,0 per second. Average time per tick: 15,5ms (Target: 50,0ms) [23:26:59] [Server thread/INFO]: Percentiles: P50: 15,0ms P95: 21,1ms P99: 23,8ms, sample: 100"
"without-umce","2","2026-09-26T21:27:00.0037633+00:00",,"0","0","500","0","0","0","True","0","15,5","15","21,1","23,8","100","12,518687897293079","38,13467176214783","1334546432","[23:27:00] [Server thread/INFO]: The game is running normally [23:27:00] [Server thread/INFO]: Target tick rate: 20,0 per second. Average time per tick: 15,5ms (Target: 50,0ms) [23:27:00] [Server thread/INFO]: Percentiles: P50: 15,0ms P95: 21,1ms P99: 23,8ms, sample: 100"
"without-umce","2","2026-09-26T21:27:00.1285666+00:00",,"0","0","500","0","0","0","True","0","15,4","15","21,1","23,8","100","37,626364382140984","38,13467176214783","1334546432","[23:27:00] [Server thread/INFO]: The game is running normally [23:27:00] [Server thread/INFO]: Target tick rate: 20,0 per second. Average time per tick: 15,4ms (Target: 50,0ms) [23:27:00] [Server thread/INFO]: Percentiles: P50: 15,0ms P95: 21,1ms P99: 23,8ms, sample: 100"
"without-umce","2","2026-09-26T21:27:00.2531667+00:00",,"0","0","500","0","0","0","True","0","15,4","15","21,1","23,8","100","38,40862516377438","38,13467176214783","1334546432","[23:27:00] [Server thread/INFO]: The game is running normally [23:27:00] [Server thread/INFO]: Target tick rate: 20,0 per second. Average time per tick: 15,4ms (Target: 50,0ms) [23:27:00] [Server thread/INFO]: Percentiles: P50: 15,0ms P95: 21,1ms P99: 23,8ms, sample: 100"
"without-umce","2","2026-09-26T21:27:00.3752534+00:00",,"0","0","500","0","0","0","True","0","15,5","15","21,1","23,8","100","25,241368057917025","38,13467176214783","1334546432","[23:27:00] [Server thread/INFO]: The game is running normally [23:27:00] [Server thread/INFO]: Target tick rate: 20,0 per second. Average time per tick: 15,5ms (Target: 50,0ms) [23:27:00] [Server thread/INFO]: Percentiles: P50: 15,0ms P95: 21,1ms P99: 23,8ms, sample: 100"
"without-umce","2","2026-09-26T21:27:00.4989969+00:00",,"0","0","500","0","0","0","True","0","15,5","15,1","21,1","23,8","100","37,45173220753093","38,13467176214783","1334546432","[23:27:00] [Server thread/INFO]: The game is running normally [23:27:00] [Server thread/INFO]: Target tick rate: 20,0 per second. Average time per tick: 15,5ms (Target: 50,0ms) [23:27:00] [Server thread/INFO]: Percentiles: P50: 15,1ms P95: 21,1ms P99: 23,8ms, sample: 100"
"without-umce","2","2026-09-26T21:27:00.6241746+00:00",,"0","0","500","0","0","0","True","0","15,6","15,2","21,1","23,8","100","25,40507890207785","38,13467176214783","1334546432","[23:27:00] [Server thread/INFO]: The game is running normally [23:27:00] [Server thread/INFO]: Target tick rate: 20,0 per second. Average time per tick: 15,6ms (Target: 50,0ms) [23:27:00] [Server thread/INFO]: Percentiles: P50: 15,2ms P95: 21,1ms P99: 23,8ms, sample: 100"
"without-umce","2","2026-09-26T21:27:00.7471942+00:00",,"0","0","500","0","0","0","True","0","15,6","15,1","21,1","23,8","100","38,01857334036254","38,13467176214783","1334546432","[23:27:00] [Server thread/INFO]: The game is running normally [23:27:00] [Server thread/INFO]: Target tick rate: 20,0 per second. Average time per tick: 15,6ms (Target: 50,0ms) [23:27:00] [Server thread/INFO]: Percentiles: P50: 15,1ms P95: 21,1ms P99: 23,8ms, sample: 100"
"without-umce","2","2026-09-26T21:27:00.8704950+00:00",,"0","0","500","0","0","0","True","0","15,6","15,1","21,1","23,8","100","25,702944693842973","38,13467176214783","1334546432","[23:27:00] [Server thread/INFO]: The game is running normally [23:27:00] [Server thread/INFO]: Target tick rate: 20,0 per second. Average time per tick: 15,6ms (Target: 50,0ms) [23:27:00] [Server thread/INFO]: Percentiles: P50: 15,1ms P95: 21,1ms P99: 23,8ms, sample: 100"
"without-umce","2","2026-09-26T21:27:00.9920847+00:00",,"0","0","500","0","0","0","True","0","15,6","15,2","21,1","23,8","100","33,89993534604331","38,13467176214783","1334546432","[23:27:01] [Server thread/INFO]: The game is running normally [23:27:01] [Server thread/INFO]: Target tick rate: 20,0 per second. Average time per tick: 15,6ms (Target: 50,0ms) [23:27:01] [Server thread/INFO]: Percentiles: P50: 15,2ms P95: 21,1ms P99: 23,8ms, sample: 100"
"without-umce","2","2026-09-26T21:27:01.1303411+00:00",,"0","0","500","0","0","0","True","0","15,6","15,1","21,1","23,8","100","38,46254834998744","38,13467176214783","1334546432","[23:27:01] [Server thread/INFO]: The game is running normally [23:27:01] [Server thread/INFO]: Target tick rate: 20,0 per second. Average time per tick: 15,6ms (Target: 50,0ms) [23:27:01] [Server thread/INFO]: Percentiles: P50: 15,1ms P95: 21,1ms P99: 23,8ms, sample: 100"
"without-umce","2","2026-09-26T21:27:01.2522173+00:00",,"0","0","500","0","0","0","True","0","15,7","15,2","21,3","23,8","100","37,8199568348226","38,13467176214783","1334546432","[23:27:01] [Server thread/INFO]: The game is running normally [23:27:01] [Server thread/INFO]: Target tick rate: 20,0 per second. Average time per tick: 15,7ms (Target: 50,0ms) [23:27:01] [Server thread/INFO]: Percentiles: P50: 15,2ms P95: 21,3ms P99: 23,8ms, sample: 100"
"without-umce","2","2026-09-26T21:27:01.3761552+00:00",,"0","0","500","0","0","0","True","0","15,7","15,2","21,3","23,8","100","25,41288827843743","38,13467176214783","1334546432","[23:27:01] [Server thread/INFO]: The game is running normally [23:27:01] [Server thread/INFO]: Target tick rate: 20,0 per second. Average time per tick: 15,7ms (Target: 50,0ms) [23:27:01] [Server thread/INFO]: Percentiles: P50: 15,2ms P95: 21,3ms P99: 23,8ms, sample: 100"
"without-umce","2","2026-09-26T21:27:01.4991243+00:00",,"0","0","500","0","0","0","True","0","15,7","15,2","21,3","23,8","100","127,42858494328306","38,13467176214783","1334546432","[23:27:01] [Server thread/INFO]: The game is running normally [23:27:01] [Server thread/INFO]: Target tick rate: 20,0 per second. Average time per tick: 15,7ms (Target: 50,0ms) [23:27:01] [Server thread/INFO]: Percentiles: P50: 15,2ms P95: 21,3ms P99: 23,8ms, sample: 100"
"without-umce","2","2026-09-26T21:27:01.6217120+00:00",,"0","0","500","0","0","0","True","0","15,8","15,3","21,3","23,8","100","63,13258853714216","38,13467176214783","1334546432","[23:27:01] [Server thread/INFO]: The game is running normally [23:27:01] [Server thread/INFO]: Target tick rate: 20,0 per second. Average time per tick: 15,8ms (Target: 50,0ms) [23:27:01] [Server thread/INFO]: Percentiles: P50: 15,3ms P95: 21,3ms P99: 23,8ms, sample: 100"
"without-umce","2","2026-09-26T21:27:01.7454565+00:00",,"0","0","500","0","0","0","True","0","15,9","15,3","21,3","23,8","100","37,02846471888384","38,13467176214783","1334546432","[23:27:01] [Server thread/INFO]: The game is running normally [23:27:01] [Server thread/INFO]: Target tick rate: 20,0 per second. Average time per tick: 15,9ms (Target: 50,0ms) [23:27:01] [Server thread/INFO]: Percentiles: P50: 15,3ms P95: 21,3ms P99: 23,8ms, sample: 100"
"without-umce","2","2026-09-26T21:27:01.8720545+00:00",,"0","0","500","0","0","0","True","0","16","15,3","21,3","23,8","100","25,34172813556243","38,13467176214783","1334546432","[23:27:01] [Server thread/INFO]: The game is running normally [23:27:01] [Server thread/INFO]: Target tick rate: 20,0 per second. Average time per tick: 16,0ms (Target: 50,0ms) [23:27:01] [Server thread/INFO]: Percentiles: P50: 15,3ms P95: 21,3ms P99: 23,8ms, sample: 100"
"without-umce","2","2026-09-26T21:27:01.9953953+00:00",,"0","0","500","0","0","0","True","0","15,9","15,3","21,1","23,8","100","51,21364036388725","38,13467176214783","1334546432","[23:27:02] [Server thread/INFO]: The game is running normally [23:27:02] [Server thread/INFO]: Target tick rate: 20,0 per second. Average time per tick: 15,9ms (Target: 50,0ms) [23:27:02] [Server thread/INFO]: Percentiles: P50: 15,3ms P95: 21,1ms P99: 23,8ms, sample: 100"
"without-umce","2","2026-09-26T21:27:02.1174469+00:00",,"0","0","500","0","0","0","True","0","15,9","15,3","21,1","23,8","100","33,47626059992316","38,13467176214783","1334546432","[23:27:02] [Server thread/INFO]: The game is running normally [23:27:02] [Server thread/INFO]: Target tick rate: 20,0 per second. Average time per tick: 15,9ms (Target: 50,0ms) [23:27:02] [Server thread/INFO]: Percentiles: P50: 15,3ms P95: 21,1ms P99: 23,8ms, sample: 100"
"without-umce","2","2026-09-26T21:27:02.2574471+00:00",,"0","0","500","0","0","0","True","0","15,9","15,3","21,3","23,8","100","11,277932280437604","38,13467176214783","1334546432","[23:27:02] [Server thread/INFO]: The game is running normally [23:27:02] [Server thread/INFO]: Target tick rate: 20,0 per second. Average time per tick: 15,9ms (Target: 50,0ms) [23:27:02] [Server thread/INFO]: Percentiles: P50: 15,3ms P95: 21,3ms P99: 23,8ms, sample: 100"
"without-umce","2","2026-09-26T21:27:02.3959941+00:00",,"0","0","500","0","0","0","True","0","15,9","15,3","21,3","23,8","100","38,65733887414985","38,13467176214783","1334546432","[23:27:02] [Server thread/INFO]: The game is running normally [23:27:02] [Server thread/INFO]: Target tick rate: 20,0 per second. Average time per tick: 15,9ms (Target: 50,0ms) [23:27:02] [Server thread/INFO]: Percentiles: P50: 15,3ms P95: 21,3ms P99: 23,8ms, sample: 100"
"without-umce","2","2026-09-26T21:27:02.5172506+00:00",,"0","0","500","0","0","0","True","0","15,9","15,3","21,3","23,8","100","25,308008587715936","38,13467176214783","1334546432","[23:27:02] [Server thread/INFO]: The game is running normally [23:27:02] [Server thread/INFO]: Target tick rate: 20,0 per second. Average time per tick: 15,9ms (Target: 50,0ms) [23:27:02] [Server thread/INFO]: Percentiles: P50: 15,3ms P95: 21,3ms P99: 23,8ms, sample: 100"
"without-umce","2","2026-09-26T21:27:02.6407785+00:00",,"0","0","500","0","0","0","True","0","15,9","15,3","21,3","23,8","100","38,21349174710861","38,13467176214783","1334546432","[23:27:02] [Server thread/INFO]: The game is running normally [23:27:02] [Server thread/INFO]: Target tick rate: 20,0 per second. Average time per tick: 15,9ms (Target: 50,0ms) [23:27:02] [Server thread/INFO]: Percentiles: P50: 15,3ms P95: 21,3ms P99: 23,8ms, sample: 100"
"without-umce","2","2026-09-26T21:27:02.7634035+00:00",,"0","0","500","0","0","0","True","0","15,9","15,3","21,3","23,8","100","50,84872625974668","38,13467176214783","1334546432","[23:27:02] [Server thread/INFO]: The game is running normally [23:27:02] [Server thread/INFO]: Target tick rate: 20,0 per second. Average time per tick: 15,9ms (Target: 50,0ms) [23:27:02] [Server thread/INFO]: Percentiles: P50: 15,3ms P95: 21,3ms P99: 23,8ms, sample: 100"
"without-umce","2","2026-09-26T21:27:02.8863005+00:00",,"0","0","500","0","0","0","True","0","15,9","15,3","21,3","23,8","100","38,102259555437065","38,13467176214783","1334546432","[23:27:02] [Server thread/INFO]: The game is running normally [23:27:02] [Server thread/INFO]: Target tick rate: 20,0 per second. Average time per tick: 15,9ms (Target: 50,0ms) [23:27:02] [Server thread/INFO]: Percentiles: P50: 15,3ms P95: 21,3ms P99: 23,8ms, sample: 100"
"without-umce","2","2026-09-26T21:27:03.0093780+00:00",,"0","0","500","0","0","0","True","0","16","15,4","21,3","23,8","100","38,15631921556306","38,13467176214783","1334546432","[23:27:03] [Server thread/INFO]: The game is running normally [23:27:03] [Server thread/INFO]: Target tick rate: 20,0 per second. Average time per tick: 16,0ms (Target: 50,0ms) [23:27:03] [Server thread/INFO]: Percentiles: P50: 15,4ms P95: 21,3ms P99: 23,8ms, sample: 100"
"without-umce","2","2026-09-26T21:27:03.1321769+00:00",,"0","0","500","0","0","0","True","0","16,1","15,6","21,3","23,8","100","33,91639382812075","38,13467176214783","1334546432","[23:27:03] [Server thread/INFO]: The game is running normally [23:27:03] [Server thread/INFO]: Target tick rate: 20,0 per second. Average time per tick: 16,1ms (Target: 50,0ms) [23:27:03] [Server thread/INFO]: Percentiles: P50: 15,6ms P95: 21,3ms P99: 23,8ms, sample: 100"
"without-umce","2","2026-09-26T21:27:03.2704015+00:00",,"0","0","500","0","0","0","True","0","15,9","15,4","21,3","22,8","100","12,908561122966333","38,13467176214783","1334546432","[23:27:03] [Server thread/INFO]: The game is running normally [23:27:03] [Server thread/INFO]: Target tick rate: 20,0 per second. Average time per tick: 15,9ms (Target: 50,0ms) [23:27:03] [Server thread/INFO]: Percentiles: P50: 15,4ms P95: 21,3ms P99: 22,8ms, sample: 100"
"without-umce","2","2026-09-26T21:27:03.3914084+00:00",,"0","0","500","0","0","0","True","0","15,8","15,3","21,1","22,8","100","38,25980920292268","38,13467176214783","1334546432","[23:27:03] [Server thread/INFO]: The game is running normally [23:27:03] [Server thread/INFO]: Target tick rate: 20,0 per second. Average time per tick: 15,8ms (Target: 50,0ms) [23:27:03] [Server thread/INFO]: Percentiles: P50: 15,3ms P95: 21,1ms P99: 22,8ms, sample: 100"
"without-umce","2","2026-09-26T21:27:03.5139368+00:00",,"0","0","500","0","0","0","True","0","15,7","15,3","20,7","22,8","100","25,16246903003312","38,13467176214783","1334546432","[23:27:03] [Server thread/INFO]: The game is running normally [23:27:03] [Server thread/INFO]: Target tick rate: 20,0 per second. Average time per tick: 15,7ms (Target: 50,0ms) [23:27:03] [Server thread/INFO]: Percentiles: P50: 15,3ms P95: 20,7ms P99: 22,8ms, sample: 100"
"without-umce","2","2026-09-26T21:27:03.6381475+00:00",,"0","0","500","0","0","0","True","0","15,7","15,3","20,7","22,8","100","38,4788401266785","38,13467176214783","1334546432","[23:27:03] [Server thread/INFO]: The game is running normally [23:27:03] [Server thread/INFO]: Target tick rate: 20,0 per second. Average time per tick: 15,7ms (Target: 50,0ms) [23:27:03] [Server thread/INFO]: Percentiles: P50: 15,3ms P95: 20,7ms P99: 22,8ms, sample: 100"
"without-umce","2","2026-09-26T21:27:03.7599476+00:00",,"0","0","500","0","0","0","True","0","15,7","15,3","20,7","22,8","100","38,3599063486361","38,13467176214783","1334546432","[23:27:03] [Server thread/INFO]: The game is running normally [23:27:03] [Server thread/INFO]: Target tick rate: 20,0 per second. Average time per tick: 15,7ms (Target: 50,0ms) [23:27:03] [Server thread/INFO]: Percentiles: P50: 15,3ms P95: 20,7ms P99: 22,8ms, sample: 100"
"without-umce","2","2026-09-26T21:27:03.8821557+00:00",,"0","0","500","0","0","0","True","0","15,6","15,3","20,7","22,8","100","33,35558224792786","38,13467176214783","1334546432","[23:27:03] [Server thread/INFO]: The game is running normally [23:27:03] [Server thread/INFO]: Target tick rate: 20,0 per second. Average time per tick: 15,6ms (Target: 50,0ms) [23:27:03] [Server thread/INFO]: Percentiles: P50: 15,3ms P95: 20,7ms P99: 22,8ms, sample: 100"
"without-umce","2","2026-09-26T21:27:04.0226783+00:00",,"0","0","500","0","0","0","True","0","15,6","15,3","20,7","22,8","100","22,2408056509439","38,13467176214783","1334546432","[23:27:04] [Server thread/INFO]: The game is running normally [23:27:04] [Server thread/INFO]: Target tick rate: 20,0 per second. Average time per tick: 15,6ms (Target: 50,0ms) [23:27:04] [Server thread/INFO]: Percentiles: P50: 15,3ms P95: 20,7ms P99: 22,8ms, sample: 100"
"without-umce","2","2026-09-26T21:27:04.1631950+00:00",,"0","0","500","0","0","0","True","0","15,6","15,3","20,7","22,8","100","33,731976330407136","38,13467176214783","1334546432","[23:27:04] [Server thread/INFO]: The game is running normally [23:27:04] [Server thread/INFO]: Target tick rate: 20,0 per second. Average time per tick: 15,6ms (Target: 50,0ms) [23:27:04] [Server thread/INFO]: Percentiles: P50: 15,3ms P95: 20,7ms P99: 22,8ms, sample: 100"
"without-umce","2","2026-09-26T21:27:04.3021542+00:00",,"0","0","500","0","0","0","True","0","15,7","15,4","20,7","22,8","100","25,33307932699128","38,13467176214783","1334546432","[23:27:04] [Server thread/INFO]: The game is running normally [23:27:04] [Server thread/INFO]: Target tick rate: 20,0 per second. Average time per tick: 15,7ms (Target: 50,0ms) [23:27:04] [Server thread/INFO]: Percentiles: P50: 15,4ms P95: 20,7ms P99: 22,8ms, sample: 100"
"without-umce","2","2026-09-26T21:27:04.4255446+00:00",,"0","0","500","0","0","0","True","0","15,7","15,4","20,7","22,8","100","187,93932697072677","38,13467176214783","1334546432","[23:27:04] [Server thread/INFO]: The game is running normally [23:27:04] [Server thread/INFO]: Target tick rate: 20,0 per second. Average time per tick: 15,7ms (Target: 50,0ms) [23:27:04] [Server thread/INFO]: Percentiles: P50: 15,4ms P95: 20,7ms P99: 22,8ms, sample: 100"
"without-umce","2","2026-09-26T21:27:04.5502299+00:00",,"0","0","500","0","0","0","True","0","15,8","15,4","21","22,8","100","12,626660557383223","38,13467176214783","1334546432","[23:27:04] [Server thread/INFO]: The game is running normally [23:27:04] [Server thread/INFO]: Target tick rate: 20,0 per second. Average time per tick: 15,8ms (Target: 50,0ms) [23:27:04] [Server thread/INFO]: Percentiles: P50: 15,4ms P95: 21,0ms P99: 22,8ms, sample: 100"
"without-umce","2","2026-09-26T21:27:04.6739921+00:00",,"0","0","500","0","0","0","True","0","15,8","15,4","21","22,8","100","25,421219437593145","38,13467176214783","1334546432","[23:27:04] [Server thread/INFO]: The game is running normally [23:27:04] [Server thread/INFO]: Target tick rate: 20,0 per second. Average time per tick: 15,8ms (Target: 50,0ms) [23:27:04] [Server thread/INFO]: Percentiles: P50: 15,4ms P95: 21,0ms P99: 22,8ms, sample: 100"
"without-umce","2","2026-09-26T21:27:04.7969038+00:00",,"0","0","500","0","0","0","True","0","15,8","15,4","21","22,8","100","37,68456392025585","38,13467176214783","1334546432","[23:27:04] [Server thread/INFO]: The game is running normally [23:27:04] [Server thread/INFO]: Target tick rate: 20,0 per second. Average time per tick: 15,8ms (Target: 50,0ms) [23:27:04] [Server thread/INFO]: Percentiles: P50: 15,4ms P95: 21,0ms P99: 22,8ms, sample: 100"
"without-umce","2","2026-09-26T21:27:04.9212786+00:00",,"0","0","500","0","0","0","True","0","15,8","15,4","21","22,8","100","25,55008306843007","38,13467176214783","1334546432","[23:27:04] [Server thread/INFO]: The game is running normally [23:27:04] [Server thread/INFO]: Target tick rate: 20,0 per second. Average time per tick: 15,8ms (Target: 50,0ms) [23:27:04] [Server thread/INFO]: Percentiles: P50: 15,4ms P95: 21,0ms P99: 22,8ms, sample: 100"
"without-umce","2","2026-09-26T21:27:05.0435864+00:00",,"0","0","500","0","0","0","True","0","15,8","15,4","21","22,8","100","37,4212357829241","38,13467176214783","1334546432","[23:27:05] [Server thread/INFO]: The game is running normally [23:27:05] [Server thread/INFO]: Target tick rate: 20,0 per second. Average time per tick: 15,8ms (Target: 50,0ms) [23:27:05] [Server thread/INFO]: Percentiles: P50: 15,4ms P95: 21,0ms P99: 22,8ms, sample: 100"
"without-umce","2","2026-09-26T21:27:05.1688482+00:00",,"0","0","500","0","0","0","True","0","15,8","15,4","21","22,8","100","25,28495128702425","38,13467176214783","1334546432","[23:27:05] [Server thread/INFO]: The game is running normally [23:27:05] [Server thread/INFO]: Target tick rate: 20,0 per second. Average time per tick: 15,8ms (Target: 50,0ms) [23:27:05] [Server thread/INFO]: Percentiles: P50: 15,4ms P95: 21,0ms P99: 22,8ms, sample: 100"
"without-umce","2","2026-09-26T21:27:05.2924423+00:00",,"0","0","500","0","0","0","True","0","15,7","15,3","21","22,8","100","51,228878333463115","38,13467176214783","1334546432","[23:27:05] [Server thread/INFO]: The game is running normally [23:27:05] [Server thread/INFO]: Target tick rate: 20,0 per second. Average time per tick: 15,7ms (Target: 50,0ms) [23:27:05] [Server thread/INFO]: Percentiles: P50: 15,3ms P95: 21,0ms P99: 22,8ms, sample: 100"
"without-umce","2","2026-09-26T21:27:05.4145280+00:00",,"0","0","500","0","0","0","True","0","15,8","15,4","21","22,8","100","33,93547228765987","38,13467176214783","1334546432","[23:27:05] [Server thread/INFO]: The game is running normally [23:27:05] [Server thread/INFO]: Target tick rate: 20,0 per second. Average time per tick: 15,8ms (Target: 50,0ms) [23:27:05] [Server thread/INFO]: Percentiles: P50: 15,4ms P95: 21,0ms P99: 22,8ms, sample: 100"
"without-umce","2","2026-09-26T21:27:05.5525949+00:00",,"0","0","500","0","0","0","True","0","15,7","15,4","21","22,8","100","37,53609470867186","38,13467176214783","1334546432","[23:27:05] [Server thread/INFO]: The game is running normally [23:27:05] [Server thread/INFO]: Target tick rate: 20,0 per second. Average time per tick: 15,7ms (Target: 50,0ms) [23:27:05] [Server thread/INFO]: Percentiles: P50: 15,4ms P95: 21,0ms P99: 22,8ms, sample: 100"
"without-umce","2","2026-09-26T21:27:05.6774433+00:00",,"0","0","500","0","0","0","True","0","15,7","15,4","21","22,8","100","38,20078577488307","38,13467176214783","1334546432","[23:27:05] [Server thread/INFO]: The game is running normally [23:27:05] [Server thread/INFO]: Target tick rate: 20,0 per second. Average time per tick: 15,7ms (Target: 50,0ms) [23:27:05] [Server thread/INFO]: Percentiles: P50: 15,4ms P95: 21,0ms P99: 22,8ms, sample: 100"
"without-umce","2","2026-09-26T21:27:05.8001611+00:00",,"0","0","500","0","0","0","True","0","15,8","15,4","21","22,8","100","25,185039522378823","38,13467176214783","1334546432","[23:27:05] [Server thread/INFO]: The game is running normally [23:27:05] [Server thread/INFO]: Target tick rate: 20,0 per second. Average time per tick: 15,8ms (Target: 50,0ms) [23:27:05] [Server thread/INFO]: Percentiles: P50: 15,4ms P95: 21,0ms P99: 22,8ms, sample: 100"
"without-umce","2","2026-09-26T21:27:05.9242583+00:00",,"0","0","500","0","0","0","True","0","15,7","15,4","21","22,8","100","25,478859884207754","38,13467176214783","1334546432","[23:27:05] [Server thread/INFO]: The game is running normally [23:27:05] [Server thread/INFO]: Target tick rate: 20,0 per second. Average time per tick: 15,7ms (Target: 50,0ms) [23:27:05] [Server thread/INFO]: Percentiles: P50: 15,4ms P95: 21,0ms P99: 22,8ms, sample: 100"
"without-umce","2","2026-09-26T21:27:06.0469162+00:00",,"0","0","500","0","0","0","True","0","15,7","15,4","21","22,8","100","38,059288861680166","38,13467176214783","1334546432","[23:27:06] [Server thread/INFO]: The game is running normally [23:27:06] [Server thread/INFO]: Target tick rate: 20,0 per second. Average time per tick: 15,7ms (Target: 50,0ms) [23:27:06] [Server thread/INFO]: Percentiles: P50: 15,4ms P95: 21,0ms P99: 22,8ms, sample: 100"
"without-umce","2","2026-09-26T21:27:06.1700832+00:00",,"0","0","500","0","0","0","True","0","15,8","15,4","21,3","24,5","100","25,611815037618634","38,13467176214783","1334546432","[23:27:06] [Server thread/INFO]: The game is running normally [23:27:06] [Server thread/INFO]: Target tick rate: 20,0 per second. Average time per tick: 15,8ms (Target: 50,0ms) [23:27:06] [Server thread/INFO]: Percentiles: P50: 15,4ms P95: 21,3ms P99: 24,5ms, sample: 100"
"without-umce","2","2026-09-26T21:27:06.2921076+00:00",,"0","0","500","0","0","0","True","0","15,7","15,4","21","24,5","100","50,61761590219219","38,13467176214783","1334546432","[23:27:06] [Server thread/INFO]: The game is running normally [23:27:06] [Server thread/INFO]: Target tick rate: 20,0 per second. Average time per tick: 15,7ms (Target: 50,0ms) [23:27:06] [Server thread/INFO]: Percentiles: P50: 15,4ms P95: 21,0ms P99: 24,5ms, sample: 100"
"without-umce","2","2026-09-26T21:27:06.4155487+00:00",,"0","0","500","0","0","0","True","0","15,8","15,4","21","24,5","100","44,97625973106356","38,13467176214783","1334546432","[23:27:06] [Server thread/INFO]: The game is running normally [23:27:06] [Server thread/INFO]: Target tick rate: 20,0 per second. Average time per tick: 15,8ms (Target: 50,0ms) [23:27:06] [Server thread/INFO]: Percentiles: P50: 15,4ms P95: 21,0ms P99: 24,5ms, sample: 100"
"without-umce","2","2026-09-26T21:27:06.5545316+00:00",,"0","0","500","0","0","0","True","0","16","15,4","21,3","24,5","100","34,12520802726814","38,13467176214783","1334546432","[23:27:06] [Server thread/INFO]: The game is running normally [23:27:06] [Server thread/INFO]: Target tick rate: 20,0 per second. Average time per tick: 16,0ms (Target: 50,0ms) [23:27:06] [Server thread/INFO]: Percentiles: P50: 15,4ms P95: 21,3ms P99: 24,5ms, sample: 100"
"without-umce","2","2026-09-26T21:27:06.6918915+00:00",,"0","0","500","0","0","0","True","0","16","15,4","21,3","24,5","100","50,53175577234352","38,13467176214783","1334546432","[23:27:06] [Server thread/INFO]: The game is running normally [23:27:06] [Server thread/INFO]: Target tick rate: 20,0 per second. Average time per tick: 16,0ms (Target: 50,0ms) [23:27:06] [Server thread/INFO]: Percentiles: P50: 15,4ms P95: 21,3ms P99: 24,5ms, sample: 100"
"without-umce","2","2026-09-26T21:27:06.8155705+00:00",,"0","0","500","0","0","0","True","0","15,9","15,4","21,3","24,5","100","25,359352163903377","38,13467176214783","1334546432","[23:27:06] [Server thread/INFO]: The game is running normally [23:27:06] [Server thread/INFO]: Target tick rate: 20,0 per second. Average time per tick: 15,9ms (Target: 50,0ms) [23:27:06] [Server thread/INFO]: Percentiles: P50: 15,4ms P95: 21,3ms P99: 24,5ms, sample: 100"
"without-umce","2","2026-09-26T21:27:06.9387768+00:00",,"0","0","500","0","0","0","True","0","15,9","15,4","21,3","24,5","100","38,33026418649074","38,13467176214783","1334546432","[23:27:06] [Server thread/INFO]: The game is running normally [23:27:06] [Server thread/INFO]: Target tick rate: 20,0 per second. Average time per tick: 15,9ms (Target: 50,0ms) [23:27:06] [Server thread/INFO]: Percentiles: P50: 15,4ms P95: 21,3ms P99: 24,5ms, sample: 100"
"without-umce","2","2026-09-26T21:27:07.0610684+00:00",,"0","0","500","0","0","0","True","0","15,9","15,4","21,3","24,5","100","24,646626527499325","38,13467176214783","1334546432","[23:27:07] [Server thread/INFO]: The game is running normally [23:27:07] [Server thread/INFO]: Target tick rate: 20,0 per second. Average time per tick: 15,9ms (Target: 50,0ms) [23:27:07] [Server thread/INFO]: Percentiles: P50: 15,4ms P95: 21,3ms P99: 24,5ms, sample: 100"
"without-umce","2","2026-09-26T21:27:07.1878922+00:00",,"0","0","500","0","0","0","True","0","15,9","15,4","21","24,5","100","37,68638176968013","38,13467176214783","1334546432","[23:27:07] [Server thread/INFO]: The game is running normally [23:27:07] [Server thread/INFO]: Target tick rate: 20,0 per second. Average time per tick: 15,9ms (Target: 50,0ms) [23:27:07] [Server thread/INFO]: Percentiles: P50: 15,4ms P95: 21,0ms P99: 24,5ms, sample: 100"
"without-umce","2","2026-09-26T21:27:07.3122459+00:00",,"0","0","500","0","0","0","True","0","15,9","15,4","21","24,5","100","25,47723965318343","38,13467176214783","1334546432","[23:27:07] [Server thread/INFO]: The game is running normally [23:27:07] [Server thread/INFO]: Target tick rate: 20,0 per second. Average time per tick: 15,9ms (Target: 50,0ms) [23:27:07] [Server thread/INFO]: Percentiles: P50: 15,4ms P95: 21,0ms P99: 24,5ms, sample: 100"
"without-umce","2","2026-09-26T21:27:07.4348980+00:00",,"0","0","500","0","0","0","True","0","15,9","15,4","21","24,5","100","37,791630453886555","38,13467176214783","1334546432","[23:27:07] [Server thread/INFO]: The game is running normally [23:27:07] [Server thread/INFO]: Target tick rate: 20,0 per second. Average time per tick: 15,9ms (Target: 50,0ms) [23:27:07] [Server thread/INFO]: Percentiles: P50: 15,4ms P95: 21,0ms P99: 24,5ms, sample: 100"
"without-umce","2","2026-09-26T21:27:07.5589680+00:00",,"0","0","500","0","0","0","True","0","15,9","15,4","21","24,5","100","24,979017625194835","38,13467176214783","1334546432","[23:27:07] [Server thread/INFO]: The game is running normally [23:27:07] [Server thread/INFO]: Target tick rate: 20,0 per second. Average time per tick: 15,9ms (Target: 50,0ms) [23:27:07] [Server thread/INFO]: Percentiles: P50: 15,4ms P95: 21,0ms P99: 24,5ms, sample: 100"
"without-umce","2","2026-09-26T21:27:07.6840412+00:00",,"0","0","500","0","0","0","True","0","16","15,4","21","24,5","100","37,164862139173785","38,13467176214783","1334546432","[23:27:07] [Server thread/INFO]: The game is running normally [23:27:07] [Server thread/INFO]: Target tick rate: 20,0 per second. Average time per tick: 16,0ms (Target: 50,0ms) [23:27:07] [Server thread/INFO]: Percentiles: P50: 15,4ms P95: 21,0ms P99: 24,5ms, sample: 100"
"without-umce","2","2026-09-26T21:27:07.8102127+00:00",,"0","0","500","0","0","0","True","0","16","15,4","21","24,5","100","25,50712240480334","38,13467176214783","1334546432","[23:27:07] [Server thread/INFO]: The game is running normally [23:27:07] [Server thread/INFO]: Target tick rate: 20,0 per second. Average time per tick: 16,0ms (Target: 50,0ms) [23:27:07] [Server thread/INFO]: Percentiles: P50: 15,4ms P95: 21,0ms P99: 24,5ms, sample: 100"
"without-umce","2","2026-09-26T21:27:07.9326834+00:00",,"0","0","500","0","0","0","True","0","16","15,5","20,8","24,5","100","50,38932810466791","38,13467176214783","1334546432","[23:27:07] [Server thread/INFO]: The game is running normally [23:27:07] [Server thread/INFO]: Target tick rate: 20,0 per second. Average time per tick: 16,0ms (Target: 50,0ms) [23:27:07] [Server thread/INFO]: Percentiles: P50: 15,5ms P95: 20,8ms P99: 24,5ms, sample: 100"
"without-umce","2","2026-09-26T21:27:08.0567534+00:00",,"0","0","500","0","0","0","True","0","16","15,5","20,8","24,5","100","37,32088958669553","38,13467176214783","1334546432","[23:27:08] [Server thread/INFO]: The game is running normally [23:27:08] [Server thread/INFO]: Target tick rate: 20,0 per second. Average time per tick: 16,0ms (Target: 50,0ms) [23:27:08] [Server thread/INFO]: Percentiles: P50: 15,5ms P95: 20,8ms P99: 24,5ms, sample: 100"
"without-umce","2","2026-09-26T21:27:08.1823132+00:00",,"0","0","500","0","0","0","True","0","16,1","15,5","20,8","24,5","100","37,75403938018137","38,13467176214783","1334546432","[23:27:08] [Server thread/INFO]: The game is running normally [23:27:08] [Server thread/INFO]: Target tick rate: 20,0 per second. Average time per tick: 16,1ms (Target: 50,0ms) [23:27:08] [Server thread/INFO]: Percentiles: P50: 15,5ms P95: 20,8ms P99: 24,5ms, sample: 100"
"without-umce","2","2026-09-26T21:27:08.3065243+00:00",,"0","0","500","0","0","0","True","0","16,1","15,5","20,9","24,5","100","25,299157477338024","38,13467176214783","1334546432","[23:27:08] [Server thread/INFO]: The game is running normally [23:27:08] [Server thread/INFO]: Target tick rate: 20,0 per second. Average time per tick: 16,1ms (Target: 50,0ms) [23:27:08] [Server thread/INFO]: Percentiles: P50: 15,5ms P95: 20,9ms P99: 24,5ms, sample: 100"
"without-umce","2","2026-09-26T21:27:08.4300278+00:00",,"0","0","500","0","0","0","True","0","16,2","15,5","20,9","24,5","100","56,31880806694387","38,13467176214783","1334546432","[23:27:08] [Server thread/INFO]: The game is running normally [23:27:08] [Server thread/INFO]: Target tick rate: 20,0 per second. Average time per tick: 16,2ms (Target: 50,0ms) [23:27:08] [Server thread/INFO]: Percentiles: P50: 15,5ms P95: 20,9ms P99: 24,5ms, sample: 100"
"without-umce","2","2026-09-26T21:27:08.5687162+00:00",,"0","0","500","0","0","0","True","0","16,3","15,8","20,9","24,5","100","24,915148968672288","38,13467176214783","1334546432","[23:27:08] [Server thread/INFO]: The game is running normally [23:27:08] [Server thread/INFO]: Target tick rate: 20,0 per second. Average time per tick: 16,3ms (Target: 50,0ms) [23:27:08] [Server thread/INFO]: Percentiles: P50: 15,8ms P95: 20,9ms P99: 24,5ms, sample: 100"
"without-umce","2","2026-09-26T21:27:08.6941380+00:00",,"0","0","500","0","0","0","True","0","16,4","15,8","20,9","24,5","100","75,76504511959968","38,13467176214783","1334546432","[23:27:08] [Server thread/INFO]: The game is running normally [23:27:08] [Server thread/INFO]: Target tick rate: 20,0 per second. Average time per tick: 16,4ms (Target: 50,0ms) [23:27:08] [Server thread/INFO]: Percentiles: P50: 15,8ms P95: 20,9ms P99: 24,5ms, sample: 100"
"without-umce","2","2026-09-26T21:27:08.8179087+00:00",,"0","0","500","0","0","0","True","0","16,4","16,3","20,9","24,5","100","12,672631657491005","38,13467176214783","1334546432","[23:27:08] [Server thread/INFO]: The game is running normally [23:27:08] [Server thread/INFO]: Target tick rate: 20,0 per second. Average time per tick: 16,4ms (Target: 50,0ms) [23:27:08] [Server thread/INFO]: Percentiles: P50: 16,3ms P95: 20,9ms P99: 24,5ms, sample: 100"
"without-umce","2","2026-09-26T21:27:08.9412104+00:00",,"0","0","500","0","0","0","True","0","16,4","16,3","20,9","24,5","100","63,53284068443878","38,13467176214783","1334546432","[23:27:08] [Server thread/INFO]: The game is running normally [23:27:08] [Server thread/INFO]: Target tick rate: 20,0 per second. Average time per tick: 16,4ms (Target: 50,0ms) [23:27:08] [Server thread/INFO]: Percentiles: P50: 16,3ms P95: 20,9ms P99: 24,5ms, sample: 100"
"without-umce","2","2026-09-26T21:27:09.0641846+00:00",,"0","0","500","0","0","0","True","0","16,4","16,3","21","24,5","100","12,285166830599932","38,13467176214783","1334546432","[23:27:09] [Server thread/INFO]: The game is running normally [23:27:09] [Server thread/INFO]: Target tick rate: 20,0 per second. Average time per tick: 16,4ms (Target: 50,0ms) [23:27:09] [Server thread/INFO]: Percentiles: P50: 16,3ms P95: 21,0ms P99: 24,5ms, sample: 100"
"without-umce","2","2026-09-26T21:27:09.1913525+00:00",,"0","0","500","0","0","0","True","0","16,5","16,3","21","24,5","100","37,64231807618243","38,13467176214783","1334546432","[23:27:09] [Server thread/INFO]: The game is running normally [23:27:09] [Server thread/INFO]: Target tick rate: 20,0 per second. Average time per tick: 16,5ms (Target: 50,0ms) [23:27:09] [Server thread/INFO]: Percentiles: P50: 16,3ms P95: 21,0ms P99: 24,5ms, sample: 100"
"without-umce","2","2026-09-26T21:27:09.3158726+00:00",,"0","0","500","0","0","0","True","0","16,4","15,8","20,9","24,5","100","64,29358529012146","38,13467176214783","1334546432","[23:27:09] [Server thread/INFO]: The game is running normally [23:27:09] [Server thread/INFO]: Target tick rate: 20,0 per second. Average time per tick: 16,4ms (Target: 50,0ms) [23:27:09] [Server thread/INFO]: Percentiles: P50: 15,8ms P95: 20,9ms P99: 24,5ms, sample: 100"
"without-umce","2","2026-09-26T21:27:09.4374120+00:00",,"0","0","500","0","0","0","True","0","16,4","15,9","21,2","24,5","100","37,95153214889469","38,13467176214783","1334546432","[23:27:09] [Server thread/INFO]: The game is running normally [23:27:09] [Server thread/INFO]: Target tick rate: 20,0 per second. Average time per tick: 16,4ms (Target: 50,0ms) [23:27:09] [Server thread/INFO]: Percentiles: P50: 15,9ms P95: 21,2ms P99: 24,5ms, sample: 100"
"without-umce","2","2026-09-26T21:27:09.5609043+00:00",,"0","0","500","0","0","0","True","0","16,4","15,9","20,9","24,5","100","24,823573895609126","38,13467176214783","1334546432","[23:27:09] [Server thread/INFO]: The game is running normally [23:27:09] [Server thread/INFO]: Target tick rate: 20,0 per second. Average time per tick: 16,4ms (Target: 50,0ms) [23:27:09] [Server thread/INFO]: Percentiles: P50: 15,9ms P95: 20,9ms P99: 24,5ms, sample: 100"
"without-umce","2","2026-09-26T21:27:09.6867993+00:00",,"0","0","500","0","0","0","True","0","16,4","15,9","20,9","24,5","100","49,891794675707324","38,13467176214783","1334546432","[23:27:09] [Server thread/INFO]: The game is running normally [23:27:09] [Server thread/INFO]: Target tick rate: 20,0 per second. Average time per tick: 16,4ms (Target: 50,0ms) [23:27:09] [Server thread/INFO]: Percentiles: P50: 15,9ms P95: 20,9ms P99: 24,5ms, sample: 100"
"without-umce","2","2026-09-26T21:27:09.8120568+00:00",,"0","0","500","0","0","0","True","0","16,5","16,1","20,9","24,5","100","76,3149990109576","38,13467176214783","1334546432","[23:27:09] [Server thread/INFO]: The game is running normally [23:27:09] [Server thread/INFO]: Target tick rate: 20,0 per second. Average time per tick: 16,5ms (Target: 50,0ms) [23:27:09] [Server thread/INFO]: Percentiles: P50: 16,1ms P95: 20,9ms P99: 24,5ms, sample: 100"
"without-umce","2","2026-09-26T21:27:09.9349068+00:00",,"0","0","500","0","0","0","True","0","16,5","16,3","20,9","24,5","100","37,83570867593988","38,13467176214783","1334546432","[23:27:09] [Server thread/INFO]: The game is running normally [23:27:09] [Server thread/INFO]: Target tick rate: 20,0 per second. Average time per tick: 16,5ms (Target: 50,0ms) [23:27:09] [Server thread/INFO]: Percentiles: P50: 16,3ms P95: 20,9ms P99: 24,5ms, sample: 100"
"without-umce","2","2026-09-26T21:27:10.0588187+00:00",,"0","0","500","0","0","0","True","0","16,5","16,3","20,9","24,5","100","12,59451934880894","38,13467176214783","1334546432","[23:27:10] [Server thread/INFO]: The game is running normally [23:27:10] [Server thread/INFO]: Target tick rate: 20,0 per second. Average time per tick: 16,5ms (Target: 50,0ms) [23:27:10] [Server thread/INFO]: Percentiles: P50: 16,3ms P95: 20,9ms P99: 24,5ms, sample: 100"
"without-umce","2","2026-09-26T21:27:10.1828412+00:00",,"0","0","500","0","0","0","True","0","16,5","16,2","20,9","24,5","100","38,18830602784589","38,13467176214783","1334546432","[23:27:10] [Server thread/INFO]: The game is running normally [23:27:10] [Server thread/INFO]: Target tick rate: 20,0 per second. Average time per tick: 16,5ms (Target: 50,0ms) [23:27:10] [Server thread/INFO]: Percentiles: P50: 16,2ms P95: 20,9ms P99: 24,5ms, sample: 100"
"without-umce","2","2026-09-26T21:27:10.3056231+00:00",,"0","0","500","0","0","0","True","0","16,6","16,3","21,2","24,5","100","37,94422057916439","38,13467176214783","1334546432","[23:27:10] [Server thread/INFO]: The game is running normally [23:27:10] [Server thread/INFO]: Target tick rate: 20,0 per second. Average time per tick: 16,6ms (Target: 50,0ms) [23:27:10] [Server thread/INFO]: Percentiles: P50: 16,3ms P95: 21,2ms P99: 24,5ms, sample: 100"
"without-umce","2","2026-09-26T21:27:10.4291440+00:00",,"0","0","500","0","0","0","True","0","16,5","16,3","21,2","24,5","100","33,19606392057023","38,13467176214783","1334546432","[23:27:10] [Server thread/INFO]: The game is running normally [23:27:10] [Server thread/INFO]: Target tick rate: 20,0 per second. Average time per tick: 16,5ms (Target: 50,0ms) [23:27:10] [Server thread/INFO]: Percentiles: P50: 16,3ms P95: 21,2ms P99: 24,5ms, sample: 100"
"without-umce","2","2026-09-26T21:27:10.5703512+00:00",,"0","0","500","0","0","0","True","0","16,5","16,2","21,2","24,5","100","24,921705968529267","38,13467176214783","1334546432","[23:27:10] [Server thread/INFO]: The game is running normally [23:27:10] [Server thread/INFO]: Target tick rate: 20,0 per second. Average time per tick: 16,5ms (Target: 50,0ms) [23:27:10] [Server thread/INFO]: Percentiles: P50: 16,2ms P95: 21,2ms P99: 24,5ms, sample: 100"
"without-umce","2","2026-09-26T21:27:10.6957285+00:00",,"0","0","500","0","0","0","True","0","16,5","16,2","21,2","24,5","100","34,15263221166982","38,13467176214783","1334546432","[23:27:10] [Server thread/INFO]: The game is running normally [23:27:10] [Server thread/INFO]: Target tick rate: 20,0 per second. Average time per tick: 16,5ms (Target: 50,0ms) [23:27:10] [Server thread/INFO]: Percentiles: P50: 16,2ms P95: 21,2ms P99: 24,5ms, sample: 100"
"without-umce","2","2026-09-26T21:27:10.8329877+00:00",,"0","0","500","0","0","0","True","0","16,5","16","21,2","24,5","100","37,66348967598552","38,13467176214783","1334546432","[23:27:10] [Server thread/INFO]: The game is running normally [23:27:10] [Server thread/INFO]: Target tick rate: 20,0 per second. Average time per tick: 16,5ms (Target: 50,0ms) [23:27:10] [Server thread/INFO]: Percentiles: P50: 16,0ms P95: 21,2ms P99: 24,5ms, sample: 100"
"without-umce","2","2026-09-26T21:27:10.9574643+00:00",,"0","0","500","0","0","0","True","0","16,5","16,1","21,2","24,5","100","37,64966494810169","38,13467176214783","1334546432","[23:27:10] [Server thread/INFO]: The game is running normally [23:27:10] [Server thread/INFO]: Target tick rate: 20,0 per second. Average time per tick: 16,5ms (Target: 50,0ms) [23:27:10] [Server thread/INFO]: Percentiles: P50: 16,1ms P95: 21,2ms P99: 24,5ms, sample: 100"
"without-umce","2","2026-09-26T21:27:11.0819479+00:00",,"0","0","500","0","0","0","True","0","16,5","16,1","20,9","24,1","100","12,893999359632415","38,13467176214783","1334546432","[23:27:11] [Server thread/INFO]: The game is running normally [23:27:11] [Server thread/INFO]: Target tick rate: 20,0 per second. Average time per tick: 16,5ms (Target: 50,0ms) [23:27:11] [Server thread/INFO]: Percentiles: P50: 16,1ms P95: 20,9ms P99: 24,1ms, sample: 100"
"without-umce","2","2026-09-26T21:27:11.2031237+00:00",,"0","0","500","0","0","0","True","0","16,5","16,1","20,9","24,1","100","37,70017283769905","38,13467176214783","1334546432","[23:27:11] [Server thread/INFO]: The game is running normally [23:27:11] [Server thread/INFO]: Target tick rate: 20,0 per second. Average time per tick: 16,5ms (Target: 50,0ms) [23:27:11] [Server thread/INFO]: Percentiles: P50: 16,1ms P95: 20,9ms P99: 24,1ms, sample: 100"
"without-umce","2","2026-09-26T21:27:11.3274675+00:00",,"0","0","500","0","0","0","True","0","16,4","16,1","20,9","24,1","100","12,604882708037035","38,13467176214783","1334546432","[23:27:11] [Server thread/INFO]: The game is running normally [23:27:11] [Server thread/INFO]: Target tick rate: 20,0 per second. Average time per tick: 16,4ms (Target: 50,0ms) [23:27:11] [Server thread/INFO]: Percentiles: P50: 16,1ms P95: 20,9ms P99: 24,1ms, sample: 100"
"without-umce","2","2026-09-26T21:27:11.4514148+00:00",,"0","0","500","0","0","0","True","0","16,3","15,9","20,9","24,1","100","51,32892643702516","38,13467176214783","1334546432","[23:27:11] [Server thread/INFO]: The game is running normally [23:27:11] [Server thread/INFO]: Target tick rate: 20,0 per second. Average time per tick: 16,3ms (Target: 50,0ms) [23:27:11] [Server thread/INFO]: Percentiles: P50: 15,9ms P95: 20,9ms P99: 24,1ms, sample: 100"
"without-umce","2","2026-09-26T21:27:11.5732058+00:00",,"0","0","500","0","0","0","True","0","16,2","15,8","20,8","24,1","100","12,70232259428172","38,13467176214783","1334546432","[23:27:11] [Server thread/INFO]: The game is running normally [23:27:11] [Server thread/INFO]: Target tick rate: 20,0 per second. Average time per tick: 16,2ms (Target: 50,0ms) [23:27:11] [Server thread/INFO]: Percentiles: P50: 15,8ms P95: 20,8ms P99: 24,1ms, sample: 100"
"without-umce","2","2026-09-26T21:27:11.6961996+00:00",,"0","0","500","0","0","0","True","0","16,1","15,8","20,8","24,1","100","45,05131164190767","38,13467176214783","1334546432","[23:27:11] [Server thread/INFO]: The game is running normally [23:27:11] [Server thread/INFO]: Target tick rate: 20,0 per second. Average time per tick: 16,1ms (Target: 50,0ms) [23:27:11] [Server thread/INFO]: Percentiles: P50: 15,8ms P95: 20,8ms P99: 24,1ms, sample: 100"
"without-umce","2","2026-09-26T21:27:11.8349351+00:00",,"0","0","500","0","0","0","True","0","16,1","15,7","20,8","24,1","100","45,0944458072988","38,13467176214783","1334546432","[23:27:11] [Server thread/INFO]: The game is running normally [23:27:11] [Server thread/INFO]: Target tick rate: 20,0 per second. Average time per tick: 16,1ms (Target: 50,0ms) [23:27:11] [Server thread/INFO]: Percentiles: P50: 15,7ms P95: 20,8ms P99: 24,1ms, sample: 100"
"without-umce","2","2026-09-26T21:27:11.9735261+00:00",,"0","0","500","0","0","0","True","0","16,1","15,7","20,8","24,1","100","193,1503428701873","38,13467176214783","1334546432","[23:27:12] [Server thread/INFO]: The game is running normally [23:27:12] [Server thread/INFO]: Target tick rate: 20,0 per second. Average time per tick: 16,1ms (Target: 50,0ms) [23:27:12] [Server thread/INFO]: Percentiles: P50: 15,7ms P95: 20,8ms P99: 24,1ms, sample: 100"
"without-umce","2","2026-09-26T21:27:12.0948705+00:00",,"0","0","500","0","0","0","True","0","16,2","15,8","20,9","24,1","100","51,098411452584756","38,13467176214783","1334546432","[23:27:12] [Server thread/INFO]: The game is running normally [23:27:12] [Server thread/INFO]: Target tick rate: 20,0 per second. Average time per tick: 16,2ms (Target: 50,0ms) [23:27:12] [Server thread/INFO]: Percentiles: P50: 15,8ms P95: 20,9ms P99: 24,1ms, sample: 100"
"without-umce","2","2026-09-26T21:27:12.2171754+00:00",,"0","0","500","0","0","0","True","0","16,2","15,8","20,9","24,1","100","25,22791911242933","38,13467176214783","1334546432","[23:27:12] [Server thread/INFO]: The game is running normally [23:27:12] [Server thread/INFO]: Target tick rate: 20,0 per second. Average time per tick: 16,2ms (Target: 50,0ms) [23:27:12] [Server thread/INFO]: Percentiles: P50: 15,8ms P95: 20,9ms P99: 24,1ms, sample: 100"
"without-umce","2","2026-09-26T21:27:12.3410547+00:00",,"0","0","500","0","0","0","True","0","16,2","15,9","20,9","24,1","100","37,59437692382958","38,13467176214783","1334546432","[23:27:12] [Server thread/INFO]: The game is running normally [23:27:12] [Server thread/INFO]: Target tick rate: 20,0 per second. Average time per tick: 16,2ms (Target: 50,0ms) [23:27:12] [Server thread/INFO]: Percentiles: P50: 15,9ms P95: 20,9ms P99: 24,1ms, sample: 100"
"without-umce","2","2026-09-26T21:27:12.4657379+00:00",,"0","0","500","0","0","0","True","0","16,2","15,9","20,9","24,1","100","38,036497185502064","38,13467176214783","1334546432","[23:27:12] [Server thread/INFO]: The game is running normally [23:27:12] [Server thread/INFO]: Target tick rate: 20,0 per second. Average time per tick: 16,2ms (Target: 50,0ms) [23:27:12] [Server thread/INFO]: Percentiles: P50: 15,9ms P95: 20,9ms P99: 24,1ms, sample: 100"
"without-umce","2","2026-09-26T21:27:12.5889749+00:00",,"0","0","500","0","0","0","True","0","16,3","15,9","20,9","24,1","100","38,39742460793669","38,13467176214783","1334546432","[23:27:12] [Server thread/INFO]: The game is running normally [23:27:12] [Server thread/INFO]: Target tick rate: 20,0 per second. Average time per tick: 16,3ms (Target: 50,0ms) [23:27:12] [Server thread/INFO]: Percentiles: P50: 15,9ms P95: 20,9ms P99: 24,1ms, sample: 100"
"without-umce","2","2026-09-26T21:27:12.7110434+00:00",,"0","0","500","0","0","0","True","0","16,2","15,8","20,9","24,1","100","22,578011545491986","38,13467176214783","1334546432","[23:27:12] [Server thread/INFO]: The game is running normally [23:27:12] [Server thread/INFO]: Target tick rate: 20,0 per second. Average time per tick: 16,2ms (Target: 50,0ms) [23:27:12] [Server thread/INFO]: Percentiles: P50: 15,8ms P95: 20,9ms P99: 24,1ms, sample: 100"
"without-umce","2","2026-09-26T21:27:12.8494504+00:00",,"0","0","500","0","0","0","True","0","16,1","15,8","20,9","24,1","100","25,178606966376694","38,13467176214783","1334546432","[23:27:12] [Server thread/INFO]: The game is running normally [23:27:12] [Server thread/INFO]: Target tick rate: 20,0 per second. Average time per tick: 16,1ms (Target: 50,0ms) [23:27:12] [Server thread/INFO]: Percentiles: P50: 15,8ms P95: 20,9ms P99: 24,1ms, sample: 100"
"without-umce","2","2026-09-26T21:27:12.9735836+00:00",,"0","0","500","0","0","0","True","0","16","15,8","20,9","24,1","100","25,480729637635484","38,13467176214783","1334546432","[23:27:13] [Server thread/INFO]: The game is running normally [23:27:13] [Server thread/INFO]: Target tick rate: 20,0 per second. Average time per tick: 16,0ms (Target: 50,0ms) [23:27:13] [Server thread/INFO]: Percentiles: P50: 15,8ms P95: 20,9ms P99: 24,1ms, sample: 100"
"without-umce","2","2026-09-26T21:27:13.0962220+00:00",,"0","0","500","0","0","0","True","0","16","15,7","20,9","24,1","100","25,511057921122255","38,13467176214783","1334546432","[23:27:13] [Server thread/INFO]: The game is running normally [23:27:13] [Server thread/INFO]: Target tick rate: 20,0 per second. Average time per tick: 16,0ms (Target: 50,0ms) [23:27:13] [Server thread/INFO]: Percentiles: P50: 15,7ms P95: 20,9ms P99: 24,1ms, sample: 100"
"without-umce","2","2026-09-26T21:27:13.2187182+00:00",,"0","0","500","0","0","0","True","0","15,9","15,6","20,9","24,1","100","37,7843499036348","38,13467176214783","1334546432","[23:27:13] [Server thread/INFO]: The game is running normally [23:27:13] [Server thread/INFO]: Target tick rate: 20,0 per second. Average time per tick: 15,9ms (Target: 50,0ms) [23:27:13] [Server thread/INFO]: Percentiles: P50: 15,6ms P95: 20,9ms P99: 24,1ms, sample: 100"
"without-umce","2","2026-09-26T21:27:13.3427699+00:00",,"0","0","500","0","0","0","True","0","15,8","15,5","20,8","24,1","100","38,473250113470435","38,13467176214783","1334546432","[23:27:13] [Server thread/INFO]: The game is running normally [23:27:13] [Server thread/INFO]: Target tick rate: 20,0 per second. Average time per tick: 15,8ms (Target: 50,0ms) [23:27:13] [Server thread/INFO]: Percentiles: P50: 15,5ms P95: 20,8ms P99: 24,1ms, sample: 100"
"without-umce","2","2026-09-26T21:27:13.4646188+00:00",,"0","0","500","0","0","0","True","0","15,6","15,4","20,4","24,1","100","25,328931637821405","38,13467176214783","1334546432","[23:27:13] [Server thread/INFO]: The game is running normally [23:27:13] [Server thread/INFO]: Target tick rate: 20,0 per second. Average time per tick: 15,6ms (Target: 50,0ms) [23:27:13] [Server thread/INFO]: Percentiles: P50: 15,4ms P95: 20,4ms P99: 24,1ms, sample: 100"
"without-umce","2","2026-09-26T21:27:13.5879991+00:00",,"0","0","500","0","0","0","True","0","15,5","15,3","20,4","24,1","100","38,13862362487379","38,13467176214783","1334546432","[23:27:13] [Server thread/INFO]: The game is running normally [23:27:13] [Server thread/INFO]: Target tick rate: 20,0 per second. Average time per tick: 15,5ms (Target: 50,0ms) [23:27:13] [Server thread/INFO]: Percentiles: P50: 15,3ms P95: 20,4ms P99: 24,1ms, sample: 100"
"without-umce","2","2026-09-26T21:27:13.7108830+00:00",,"0","0","500","0","0","0","True","0","15,4","15,3","20,4","24,1","100","22,47205554948311","38,13467176214783","1334546432","[23:27:13] [Server thread/INFO]: The game is running normally [23:27:13] [Server thread/INFO]: Target tick rate: 20,0 per second. Average time per tick: 15,4ms (Target: 50,0ms) [23:27:13] [Server thread/INFO]: Percentiles: P50: 15,3ms P95: 20,4ms P99: 24,1ms, sample: 100"
"without-umce","2","2026-09-26T21:27:13.8499615+00:00",,"0","0","500","0","0","0","True","0","15,3","15,3","20,4","24,1","100","33,705126342991996","38,13467176214783","1334546432","[23:27:13] [Server thread/INFO]: The game is running normally [23:27:13] [Server thread/INFO]: Target tick rate: 20,0 per second. Average time per tick: 15,3ms (Target: 50,0ms) [23:27:13] [Server thread/INFO]: Percentiles: P50: 15,3ms P95: 20,4ms P99: 24,1ms, sample: 100"
"without-umce","2","2026-09-26T21:27:13.9890376+00:00",,"0","0","500","0","0","0","True","0","15,3","15,3","19,3","24,1","100","37,95675642410511","38,13467176214783","1334546432","[23:27:14] [Server thread/INFO]: The game is running normally [23:27:14] [Server thread/INFO]: Target tick rate: 20,0 per second. Average time per tick: 15,3ms (Target: 50,0ms) [23:27:14] [Server thread/INFO]: Percentiles: P50: 15,3ms P95: 19,3ms P99: 24,1ms, sample: 100"
"without-umce","2","2026-09-26T21:27:14.1125427+00:00",,"0","0","500","0","0","0","True","0","15,3","15,3","19,3","24,1","100","25,76046967312643","38,13467176214783","1334546432","[23:27:14] [Server thread/INFO]: The game is running normally [23:27:14] [Server thread/INFO]: Target tick rate: 20,0 per second. Average time per tick: 15,3ms (Target: 50,0ms) [23:27:14] [Server thread/INFO]: Percentiles: P50: 15,3ms P95: 19,3ms P99: 24,1ms, sample: 100"
"without-umce","2","2026-09-26T21:27:14.2338575+00:00",,"0","0","500","0","0","0","True","0","15,3","15,3","19,3","24,1","100","25,198666284990868","38,13467176214783","1334546432","[23:27:14] [Server thread/INFO]: The game is running normally [23:27:14] [Server thread/INFO]: Target tick rate: 20,0 per second. Average time per tick: 15,3ms (Target: 50,0ms) [23:27:14] [Server thread/INFO]: Percentiles: P50: 15,3ms P95: 19,3ms P99: 24,1ms, sample: 100"
"without-umce","2","2026-09-26T21:27:14.3578420+00:00",,"0","0","500","0","0","0","True","0","15,3","15,3","19,3","24,1","100","38,35855655626494","38,13467176214783","1334546432","[23:27:14] [Server thread/INFO]: The game is running normally [23:27:14] [Server thread/INFO]: Target tick rate: 20,0 per second. Average time per tick: 15,3ms (Target: 50,0ms) [23:27:14] [Server thread/INFO]: Percentiles: P50: 15,3ms P95: 19,3ms P99: 24,1ms, sample: 100"
"without-umce","2","2026-09-26T21:27:14.4800371+00:00",,"0","0","500","0","0","0","True","0","15,2","15,3","18,3","22","100","25,195232820076207","38,13467176214783","1334546432","[23:27:14] [Server thread/INFO]: The game is running normally [23:27:14] [Server thread/INFO]: Target tick rate: 20,0 per second. Average time per tick: 15,2ms (Target: 50,0ms) [23:27:14] [Server thread/INFO]: Percentiles: P50: 15,3ms P95: 18,3ms P99: 22,0ms, sample: 100"
"without-umce","2","2026-09-26T21:27:14.6040734+00:00",,"0","0","500","0","0","0","True","0","15,2","15,3","18,3","22","100","37,85342990433075","38,13467176214783","1334546432","[23:27:14] [Server thread/INFO]: The game is running normally [23:27:14] [Server thread/INFO]: Target tick rate: 20,0 per second. Average time per tick: 15,2ms (Target: 50,0ms) [23:27:14] [Server thread/INFO]: Percentiles: P50: 15,3ms P95: 18,3ms P99: 22,0ms, sample: 100"
"without-umce","2","2026-09-26T21:27:14.7279290+00:00",,"0","0","500","0","0","0","True","0","15,2","15,3","18,3","22","100","25,194664052333955","38,13467176214783","1334546432","[23:27:14] [Server thread/INFO]: The game is running normally [23:27:14] [Server thread/INFO]: Target tick rate: 20,0 per second. Average time per tick: 15,2ms (Target: 50,0ms) [23:27:14] [Server thread/INFO]: Percentiles: P50: 15,3ms P95: 18,3ms P99: 22,0ms, sample: 100"
"without-umce","2","2026-09-26T21:27:14.8519837+00:00",,"0","0","500","0","0","0","True","0","15,2","15,3","18,3","22","100","49,96214867616294","38,13467176214783","1334546432","[23:27:14] [Server thread/INFO]: The game is running normally [23:27:14] [Server thread/INFO]: Target tick rate: 20,0 per second. Average time per tick: 15,2ms (Target: 50,0ms) [23:27:14] [Server thread/INFO]: Percentiles: P50: 15,3ms P95: 18,3ms P99: 22,0ms, sample: 100"
"without-umce","2","2026-09-26T21:27:14.9770798+00:00",,"0","0","500","0","0","0","True","0","15,2","15,1","18,9","22","100","45,08045960430176","38,13467176214783","1334546432","[23:27:15] [Server thread/INFO]: The game is running normally [23:27:15] [Server thread/INFO]: Target tick rate: 20,0 per second. Average time per tick: 15,2ms (Target: 50,0ms) [23:27:15] [Server thread/INFO]: Percentiles: P50: 15,1ms P95: 18,9ms P99: 22,0ms, sample: 100"
"without-umce","2","2026-09-26T21:27:15.1156973+00:00",,"0","0","500","0","0","0","True","0","15,3","15,3","19,2","22","100","45,39633909394718","38,13467176214783","1334546432","[23:27:15] [Server thread/INFO]: The game is running normally [23:27:15] [Server thread/INFO]: Target tick rate: 20,0 per second. Average time per tick: 15,3ms (Target: 50,0ms) [23:27:15] [Server thread/INFO]: Percentiles: P50: 15,3ms P95: 19,2ms P99: 22,0ms, sample: 100"
"without-umce","2","2026-09-26T21:27:15.2533502+00:00",,"0","0","500","0","0","0","True","0","15,3","15,3","18,9","22","100","24,892563695091983","38,13467176214783","1334546432","[23:27:15] [Server thread/INFO]: The game is running normally [23:27:15] [Server thread/INFO]: Target tick rate: 20,0 per second. Average time per tick: 15,3ms (Target: 50,0ms) [23:27:15] [Server thread/INFO]: Percentiles: P50: 15,3ms P95: 18,9ms P99: 22,0ms, sample: 100"
"without-umce","2","2026-09-26T21:27:15.3789212+00:00",,"0","0","500","0","0","0","True","0","15,3","15,3","18,9","22","100","25,328787930366502","38,13467176214783","1334546432","[23:27:15] [Server thread/INFO]: The game is running normally [23:27:15] [Server thread/INFO]: Target tick rate: 20,0 per second. Average time per tick: 15,3ms (Target: 50,0ms) [23:27:15] [Server thread/INFO]: Percentiles: P50: 15,3ms P95: 18,9ms P99: 22,0ms, sample: 100"
"without-umce","2","2026-09-26T21:27:15.5022861+00:00",,"0","0","500","0","0","0","True","0","15,3","15,3","18,9","22","100","37,580060561019195","38,13467176214783","1334546432","[23:27:15] [Server thread/INFO]: The game is running normally [23:27:15] [Server thread/INFO]: Target tick rate: 20,0 per second. Average time per tick: 15,3ms (Target: 50,0ms) [23:27:15] [Server thread/INFO]: Percentiles: P50: 15,3ms P95: 18,9ms P99: 22,0ms, sample: 100"
"without-umce","2","2026-09-26T21:27:15.6270346+00:00",,"0","0","500","0","0","0","True","0","15,2","15,3","18,8","22","100","25,112100416258176","38,13467176214783","1334546432","[23:27:15] [Server thread/INFO]: The game is running normally [23:27:15] [Server thread/INFO]: Target tick rate: 20,0 per second. Average time per tick: 15,2ms (Target: 50,0ms) [23:27:15] [Server thread/INFO]: Percentiles: P50: 15,3ms P95: 18,8ms P99: 22,0ms, sample: 100"
"without-umce","2","2026-09-26T21:27:15.7514732+00:00",,"0","0","500","0","0","0","True","0","15,3","15,3","18,8","22","100","50,30379467681221","38,13467176214783","1334546432","[23:27:15] [Server thread/INFO]: The game is running normally [23:27:15] [Server thread/INFO]: Target tick rate: 20,0 per second. Average time per tick: 15,3ms (Target: 50,0ms) [23:27:15] [Server thread/INFO]: Percentiles: P50: 15,3ms P95: 18,8ms P99: 22,0ms, sample: 100"
"without-umce","2","2026-09-26T21:27:15.8757165+00:00",,"0","0","500","0","0","0","True","0","15,2","15","18,8","22","100","161,6766133435639","38,13467176214783","1334546432","[23:27:15] [Server thread/INFO]: The game is running normally [23:27:15] [Server thread/INFO]: Target tick rate: 20,0 per second. Average time per tick: 15,2ms (Target: 50,0ms) [23:27:15] [Server thread/INFO]: Percentiles: P50: 15,0ms P95: 18,8ms P99: 22,0ms, sample: 100"
"without-umce","2","2026-09-26T21:27:16.0013593+00:00",,"0","0","500","0","0","0","True","0","15,3","15","18,9","22","100","38,19894909088538","38,13467176214783","1334546432","[23:27:16] [Server thread/INFO]: The game is running normally [23:27:16] [Server thread/INFO]: Target tick rate: 20,0 per second. Average time per tick: 15,3ms (Target: 50,0ms) [23:27:16] [Server thread/INFO]: Percentiles: P50: 15,0ms P95: 18,9ms P99: 22,0ms, sample: 100"
"without-umce","2","2026-09-26T21:27:16.1240484+00:00",,"0","0","500","0","0","0","True","0","15,4","15,3","18,9","22","100","38,54297284519087","38,13467176214783","1334546432","[23:27:16] [Server thread/INFO]: The game is running normally [23:27:16] [Server thread/INFO]: Target tick rate: 20,0 per second. Average time per tick: 15,4ms (Target: 50,0ms) [23:27:16] [Server thread/INFO]: Percentiles: P50: 15,3ms P95: 18,9ms P99: 22,0ms, sample: 100"
"without-umce","2","2026-09-26T21:27:16.2456655+00:00",,"0","0","500","0","0","0","True","0","15,4","15,3","18,9","22","100","25,09377040123534","38,13467176214783","1334546432","[23:27:16] [Server thread/INFO]: The game is running normally [23:27:16] [Server thread/INFO]: Target tick rate: 20,0 per second. Average time per tick: 15,4ms (Target: 50,0ms) [23:27:16] [Server thread/INFO]: Percentiles: P50: 15,3ms P95: 18,9ms P99: 22,0ms, sample: 100"
"without-umce","2","2026-09-26T21:27:16.3702354+00:00",,"0","0","500","0","0","0","True","0","15,5","15,3","18,9","22","100","25,228611586754536","38,13467176214783","1334546432","[23:27:16] [Server thread/INFO]: The game is running normally [23:27:16] [Server thread/INFO]: Target tick rate: 20,0 per second. Average time per tick: 15,5ms (Target: 50,0ms) [23:27:16] [Server thread/INFO]: Percentiles: P50: 15,3ms P95: 18,9ms P99: 22,0ms, sample: 100"
"without-umce","2","2026-09-26T21:27:16.4940804+00:00",,"0","0","500","0","0","0","True","0","15,6","15,4","19,2","25","100","25,28875714457967","38,13467176214783","1334546432","[23:27:16] [Server thread/INFO]: The game is running normally [23:27:16] [Server thread/INFO]: Target tick rate: 20,0 per second. Average time per tick: 15,6ms (Target: 50,0ms) [23:27:16] [Server thread/INFO]: Percentiles: P50: 15,4ms P95: 19,2ms P99: 25,0ms, sample: 100"
"without-umce","2","2026-09-26T21:27:16.6176438+00:00",,"0","0","500","0","0","0","True","0","15,6","15,4","18,9","25","100","33,79408641337143","38,13467176214783","1334546432","[23:27:16] [Server thread/INFO]: The game is running normally [23:27:16] [Server thread/INFO]: Target tick rate: 20,0 per second. Average time per tick: 15,6ms (Target: 50,0ms) [23:27:16] [Server thread/INFO]: Percentiles: P50: 15,4ms P95: 18,9ms P99: 25,0ms, sample: 100"
"without-umce","2","2026-09-26T21:27:16.7563789+00:00",,"0","0","500","0","0","0","True","0","15,6","15,4","18,9","25","100","11,340444124452391","38,13467176214783","1334546432","[23:27:16] [Server thread/INFO]: The game is running normally [23:27:16] [Server thread/INFO]: Target tick rate: 20,0 per second. Average time per tick: 15,6ms (Target: 50,0ms) [23:27:16] [Server thread/INFO]: Percentiles: P50: 15,4ms P95: 18,9ms P99: 25,0ms, sample: 100"
"without-umce","2","2026-09-26T21:27:16.8941249+00:00",,"0","0","500","0","0","0","True","0","15,6","15,4","18,9","25","100","38,184106451179325","38,13467176214783","1334546432","[23:27:16] [Server thread/INFO]: The game is running normally [23:27:16] [Server thread/INFO]: Target tick rate: 20,0 per second. Average time per tick: 15,6ms (Target: 50,0ms) [23:27:16] [Server thread/INFO]: Percentiles: P50: 15,4ms P95: 18,9ms P99: 25,0ms, sample: 100"
"without-umce","2","2026-09-26T21:27:17.0168874+00:00",,"0","0","500","0","0","0","True","0","15,6","15,4","18,9","25","100","50,199674224194155","38,13467176214783","1334546432","[23:27:17] [Server thread/INFO]: The game is running normally [23:27:17] [Server thread/INFO]: Target tick rate: 20,0 per second. Average time per tick: 15,6ms (Target: 50,0ms) [23:27:17] [Server thread/INFO]: Percentiles: P50: 15,4ms P95: 18,9ms P99: 25,0ms, sample: 100"
"without-umce","2","2026-09-26T21:27:17.1413898+00:00",,"0","0","500","0","0","0","True","0","15,7","15,4","19,2","25,7","100","50,421768005008296","38,13467176214783","1334546432","[23:27:17] [Server thread/INFO]: The game is running normally [23:27:17] [Server thread/INFO]: Target tick rate: 20,0 per second. Average time per tick: 15,7ms (Target: 50,0ms) [23:27:17] [Server thread/INFO]: Percentiles: P50: 15,4ms P95: 19,2ms P99: 25,7ms, sample: 100"
"without-umce","2","2026-09-26T21:27:17.2653450+00:00",,"0","0","500","0","0","0","True","0","15,8","15,4","20","25,7","100","25,45729447206052","38,13467176214783","1334546432","[23:27:17] [Server thread/INFO]: The game is running normally [23:27:17] [Server thread/INFO]: Target tick rate: 20,0 per second. Average time per tick: 15,8ms (Target: 50,0ms) [23:27:17] [Server thread/INFO]: Percentiles: P50: 15,4ms P95: 20,0ms P99: 25,7ms, sample: 100"
"without-umce","2","2026-09-26T21:27:17.3880971+00:00",,"0","0","500","0","0","0","True","0","15,8","15,6","20","25,7","100","37,6678781995598","38,13467176214783","1334546432","[23:27:17] [Server thread/INFO]: The game is running normally [23:27:17] [Server thread/INFO]: Target tick rate: 20,0 per second. Average time per tick: 15,8ms (Target: 50,0ms) [23:27:17] [Server thread/INFO]: Percentiles: P50: 15,6ms P95: 20,0ms P99: 25,7ms, sample: 100"
"without-umce","2","2026-09-26T21:27:17.5125735+00:00",,"0","0","500","0","0","0","True","0","15,8","15,6","20","25,7","100","24,908476294702744","38,13467176214783","1334546432","[23:27:17] [Server thread/INFO]: The game is running normally [23:27:17] [Server thread/INFO]: Target tick rate: 20,0 per second. Average time per tick: 15,8ms (Target: 50,0ms) [23:27:17] [Server thread/INFO]: Percentiles: P50: 15,6ms P95: 20,0ms P99: 25,7ms, sample: 100"
"without-umce","2","2026-09-26T21:27:17.6379928+00:00",,"0","0","500","0","0","0","True","0","15,8","15,5","20","25,7","100","50,65371660501772","38,13467176214783","1334546432","[23:27:17] [Server thread/INFO]: The game is running normally [23:27:17] [Server thread/INFO]: Target tick rate: 20,0 per second. Average time per tick: 15,8ms (Target: 50,0ms) [23:27:17] [Server thread/INFO]: Percentiles: P50: 15,5ms P95: 20,0ms P99: 25,7ms, sample: 100"
"without-umce","2","2026-09-26T21:27:17.7613923+00:00",,"0","0","500","0","0","0","True","0","15,8","15,4","20","25,7","100","25,119771068454394","38,13467176214783","1334546432","[23:27:17] [Server thread/INFO]: The game is running normally [23:27:17] [Server thread/INFO]: Target tick rate: 20,0 per second. Average time per tick: 15,8ms (Target: 50,0ms) [23:27:17] [Server thread/INFO]: Percentiles: P50: 15,4ms P95: 20,0ms P99: 25,7ms, sample: 100"
"without-umce","2","2026-09-26T21:27:17.8858047+00:00",,"0","0","500","0","0","0","True","0","15,8","15,5","20","25,7","100","38,08907032603432","38,13467176214783","1334546432","[23:27:17] [Server thread/INFO]: The game is running normally [23:27:17] [Server thread/INFO]: Target tick rate: 20,0 per second. Average time per tick: 15,8ms (Target: 50,0ms) [23:27:17] [Server thread/INFO]: Percentiles: P50: 15,5ms P95: 20,0ms P99: 25,7ms, sample: 100"
"without-umce","2","2026-09-26T21:27:18.0088730+00:00",,"0","0","500","0","0","0","True","0","15,9","15,8","20","25,7","100","25,16757578661761","38,13467176214783","1334546432","[23:27:18] [Server thread/INFO]: The game is running normally [23:27:18] [Server thread/INFO]: Target tick rate: 20,0 per second. Average time per tick: 15,9ms (Target: 50,0ms) [23:27:18] [Server thread/INFO]: Percentiles: P50: 15,8ms P95: 20,0ms P99: 25,7ms, sample: 100"
"without-umce","2","2026-09-26T21:27:18.1330434+00:00",,"0","0","500","0","0","0","True","0","15,9","15,8","20","25,7","100","45,43683335078108","38,13467176214783","1334546432","[23:27:18] [Server thread/INFO]: The game is running normally [23:27:18] [Server thread/INFO]: Target tick rate: 20,0 per second. Average time per tick: 15,9ms (Target: 50,0ms) [23:27:18] [Server thread/INFO]: Percentiles: P50: 15,8ms P95: 20,0ms P99: 25,7ms, sample: 100"
"without-umce","2","2026-09-26T21:27:18.2705832+00:00",,"0","0","500","0","0","0","True","0","16","15,8","21,6","25,7","100","38,05246084756935","38,13467176214783","1334546432","[23:27:18] [Server thread/INFO]: The game is running normally [23:27:18] [Server thread/INFO]: Target tick rate: 20,0 per second. Average time per tick: 16,0ms (Target: 50,0ms) [23:27:18] [Server thread/INFO]: Percentiles: P50: 15,8ms P95: 21,6ms P99: 25,7ms, sample: 100"
"without-umce","2","2026-09-26T21:27:18.3937740+00:00",,"0","0","500","0","0","0","True","0","16","15,8","21,6","25,7","100","50,90720715730897","38,13467176214783","1334546432","[23:27:18] [Server thread/INFO]: The game is running normally [23:27:18] [Server thread/INFO]: Target tick rate: 20,0 per second. Average time per tick: 16,0ms (Target: 50,0ms) [23:27:18] [Server thread/INFO]: Percentiles: P50: 15,8ms P95: 21,6ms P99: 25,7ms, sample: 100"
"without-umce","2","2026-09-26T21:27:18.5165689+00:00",,"0","0","500","0","0","0","True","0","16,2","15,9","21,6","25,7","100","63,10770192647115","38,13467176214783","1334546432","[23:27:18] [Server thread/INFO]: The game is running normally [23:27:18] [Server thread/INFO]: Target tick rate: 20,0 per second. Average time per tick: 16,2ms (Target: 50,0ms) [23:27:18] [Server thread/INFO]: Percentiles: P50: 15,9ms P95: 21,6ms P99: 25,7ms, sample: 100"
"without-umce","2","2026-09-26T21:27:18.6403487+00:00",,"0","0","500","0","0","0","True","0","16,3","16","22,4","25,7","100","37,987270313768775","38,13467176214783","1334546432","[23:27:18] [Server thread/INFO]: The game is running normally [23:27:18] [Server thread/INFO]: Target tick rate: 20,0 per second. Average time per tick: 16,3ms (Target: 50,0ms) [23:27:18] [Server thread/INFO]: Percentiles: P50: 16,0ms P95: 22,4ms P99: 25,7ms, sample: 100"
"without-umce","2","2026-09-26T21:27:18.7637399+00:00",,"0","0","500","0","0","0","True","0","16,4","16","22,4","25,7","100","25,250382795803183","38,13467176214783","1334546432","[23:27:18] [Server thread/INFO]: The game is running normally [23:27:18] [Server thread/INFO]: Target tick rate: 20,0 per second. Average time per tick: 16,4ms (Target: 50,0ms) [23:27:18] [Server thread/INFO]: Percentiles: P50: 16,0ms P95: 22,4ms P99: 25,7ms, sample: 100"
"without-umce","2","2026-09-26T21:27:18.8874904+00:00",,"0","0","500","0","0","0","True","0","16,4","16","22,4","25,7","100","38,37849919804288","38,13467176214783","1334546432","[23:27:18] [Server thread/INFO]: The game is running normally [23:27:18] [Server thread/INFO]: Target tick rate: 20,0 per second. Average time per tick: 16,4ms (Target: 50,0ms) [23:27:18] [Server thread/INFO]: Percentiles: P50: 16,0ms P95: 22,4ms P99: 25,7ms, sample: 100"
"without-umce","2","2026-09-26T21:27:19.0096416+00:00",,"0","0","500","0","0","0","True","0","16,4","16","22,4","25,7","100","22,440717011427893","38,13467176214783","1334546432","[23:27:19] [Server thread/INFO]: The game is running normally [23:27:19] [Server thread/INFO]: Target tick rate: 20,0 per second. Average time per tick: 16,4ms (Target: 50,0ms) [23:27:19] [Server thread/INFO]: Percentiles: P50: 16,0ms P95: 22,4ms P99: 25,7ms, sample: 100"
"without-umce","2","2026-09-26T21:27:19.1489224+00:00",,"0","0","500","0","0","0","True","0","16,5","16,1","22,4","25,7","100","33,5847683134607","38,13467176214783","1334546432","[23:27:19] [Server thread/INFO]: The game is running normally [23:27:19] [Server thread/INFO]: Target tick rate: 20,0 per second. Average time per tick: 16,5ms (Target: 50,0ms) [23:27:19] [Server thread/INFO]: Percentiles: P50: 16,1ms P95: 22,4ms P99: 25,7ms, sample: 100"
"without-umce","2","2026-09-26T21:27:19.2884664+00:00",,"0","0","500","0","0","0","True","0","16,5","16,1","22,4","25,7","100","63,14810159630318","38,13467176214783","1334546432","[23:27:19] [Server thread/INFO]: The game is running normally [23:27:19] [Server thread/INFO]: Target tick rate: 20,0 per second. Average time per tick: 16,5ms (Target: 50,0ms) [23:27:19] [Server thread/INFO]: Percentiles: P50: 16,1ms P95: 22,4ms P99: 25,7ms, sample: 100"
"without-umce","2","2026-09-26T21:27:19.4121800+00:00",,"0","0","500","0","0","0","True","0","16,6","16,1","22,4","25,7","100","33,38618143279602","38,13467176214783","1334546432","[23:27:19] [Server thread/INFO]: The game is running normally [23:27:19] [Server thread/INFO]: Target tick rate: 20,0 per second. Average time per tick: 16,6ms (Target: 50,0ms) [23:27:19] [Server thread/INFO]: Percentiles: P50: 16,1ms P95: 22,4ms P99: 25,7ms, sample: 100"
"without-umce","2","2026-09-26T21:27:19.5525813+00:00",,"0","0","500","0","0","0","True","0","16,6","16,2","22,4","25,7","100","25,646833662433504","38,13467176214783","1334546432","[23:27:19] [Server thread/INFO]: The game is running normally [23:27:19] [Server thread/INFO]: Target tick rate: 20,0 per second. Average time per tick: 16,6ms (Target: 50,0ms) [23:27:19] [Server thread/INFO]: Percentiles: P50: 16,2ms P95: 22,4ms P99: 25,7ms, sample: 100"
"without-umce","2","2026-09-26T21:27:19.6744453+00:00",,"0","0","500","0","0","0","True","0","16,6","16,2","22,4","25,7","100","100,30887107581665","38,13467176214783","1334546432","[23:27:19] [Server thread/INFO]: The game is running normally [23:27:19] [Server thread/INFO]: Target tick rate: 20,0 per second. Average time per tick: 16,6ms (Target: 50,0ms) [23:27:19] [Server thread/INFO]: Percentiles: P50: 16,2ms P95: 22,4ms P99: 25,7ms, sample: 100"
"without-umce","2","2026-09-26T21:27:19.7990695+00:00",,"0","0","500","0","0","0","True","0","16,6","16,2","22,4","25,7","100","50,31104299219494","38,13467176214783","1334546432","[23:27:19] [Server thread/INFO]: The game is running normally [23:27:19] [Server thread/INFO]: Target tick rate: 20,0 per second. Average time per tick: 16,6ms (Target: 50,0ms) [23:27:19] [Server thread/INFO]: Percentiles: P50: 16,2ms P95: 22,4ms P99: 25,7ms, sample: 100"
"without-umce","2","2026-09-26T21:27:19.9232733+00:00",,"0","0","500","0","0","0","True","0","16,7","16,2","22,4","25,7","100","24,8502820208806","38,13467176214783","1334546432","[23:27:19] [Server thread/INFO]: The game is running normally [23:27:19] [Server thread/INFO]: Target tick rate: 20,0 per second. Average time per tick: 16,7ms (Target: 50,0ms) [23:27:19] [Server thread/INFO]: Percentiles: P50: 16,2ms P95: 22,4ms P99: 25,7ms, sample: 100"
"without-umce","2","2026-09-26T21:27:20.0490611+00:00",,"0","0","500","0","0","0","True","0","16,7","16,2","22,4","25,7","100","38,3257199716451","38,13467176214783","1334546432","[23:27:20] [Server thread/INFO]: The game is running normally [23:27:20] [Server thread/INFO]: Target tick rate: 20,0 per second. Average time per tick: 16,7ms (Target: 50,0ms) [23:27:20] [Server thread/INFO]: Percentiles: P50: 16,2ms P95: 22,4ms P99: 25,7ms, sample: 100"
"without-umce","2","2026-09-26T21:27:20.1713249+00:00",,"0","0","500","0","0","0","True","0","16,6","16,2","22,4","25,7","100","25,06713982731348","38,13467176214783","1334546432","[23:27:20] [Server thread/INFO]: The game is running normally [23:27:20] [Server thread/INFO]: Target tick rate: 20,0 per second. Average time per tick: 16,6ms (Target: 50,0ms) [23:27:20] [Server thread/INFO]: Percentiles: P50: 16,2ms P95: 22,4ms P99: 25,7ms, sample: 100"
"without-umce","2","2026-09-26T21:27:20.2960153+00:00",,"0","0","500","0","0","0","True","0","16,6","16,1","22,4","25,7","100","25,328397875494513","38,13467176214783","1334546432","[23:27:20] [Server thread/INFO]: The game is running normally [23:27:20] [Server thread/INFO]: Target tick rate: 20,0 per second. Average time per tick: 16,6ms (Target: 50,0ms) [23:27:20] [Server thread/INFO]: Percentiles: P50: 16,1ms P95: 22,4ms P99: 25,7ms, sample: 100"
"without-umce","2","2026-09-26T21:27:20.4194023+00:00",,"0","0","500","0","0","0","True","0","16,5","16,1","22,4","25,7","100","25,48501032856499","38,13467176214783","1334546432","[23:27:20] [Server thread/INFO]: The game is running normally [23:27:20] [Server thread/INFO]: Target tick rate: 20,0 per second. Average time per tick: 16,5ms (Target: 50,0ms) [23:27:20] [Server thread/INFO]: Percentiles: P50: 16,1ms P95: 22,4ms P99: 25,7ms, sample: 100"
"without-umce","2","2026-09-26T21:27:20.5419943+00:00",,"0","0","500","0","0","0","True","0","16,5","16,1","22,4","25,7","100","25,544799038044175","38,13467176214783","1334546432","[23:27:20] [Server thread/INFO]: The game is running normally [23:27:20] [Server thread/INFO]: Target tick rate: 20,0 per second. Average time per tick: 16,5ms (Target: 50,0ms) [23:27:20] [Server thread/INFO]: Percentiles: P50: 16,1ms P95: 22,4ms P99: 25,7ms, sample: 100"
"without-umce","2","2026-09-26T21:27:20.6643334+00:00",,"0","0","500","0","0","0","True","0","16,5","16,1","22,4","25,7","100","100,71144354143331","38,13467176214783","1334546432","[23:27:20] [Server thread/INFO]: The game is running normally [23:27:20] [Server thread/INFO]: Target tick rate: 20,0 per second. Average time per tick: 16,5ms (Target: 50,0ms) [23:27:20] [Server thread/INFO]: Percentiles: P50: 16,1ms P95: 22,4ms P99: 25,7ms, sample: 100"
"without-umce","2","2026-09-26T21:27:20.8039548+00:00",,"0","0","500","0","0","0","True","0","16,5","16,1","22,4","25,7","100","89,6475060063829","38,13467176214783","1334546432","[23:27:20] [Server thread/INFO]: The game is running normally [23:27:20] [Server thread/INFO]: Target tick rate: 20,0 per second. Average time per tick: 16,5ms (Target: 50,0ms) [23:27:20] [Server thread/INFO]: Percentiles: P50: 16,1ms P95: 22,4ms P99: 25,7ms, sample: 100"
"without-umce","2","2026-09-26T21:27:20.9433856+00:00",,"0","0","500","0","0","0","True","0","16,6","16,2","22,4","25,7","100","37,72134887519967","38,13467176214783","1334546432","[23:27:20] [Server thread/INFO]: The game is running normally [23:27:20] [Server thread/INFO]: Target tick rate: 20,0 per second. Average time per tick: 16,6ms (Target: 50,0ms) [23:27:20] [Server thread/INFO]: Percentiles: P50: 16,2ms P95: 22,4ms P99: 25,7ms, sample: 100"
"without-umce","2","2026-09-26T21:27:21.0676761+00:00",,"0","0","500","0","0","0","True","0","16,5","16,1","22,4","25,7","100","12,756080874777329","38,13467176214783","1334546432","[23:27:21] [Server thread/INFO]: The game is running normally [23:27:21] [Server thread/INFO]: Target tick rate: 20,0 per second. Average time per tick: 16,5ms (Target: 50,0ms) [23:27:21] [Server thread/INFO]: Percentiles: P50: 16,1ms P95: 22,4ms P99: 25,7ms, sample: 100"
