"condition","repeat","time_utc","artifact_sha256","small_box_section_probe_enabled","inside_wall_loop_enabled","poi_candidate_collection_enabled","brain_task_launch_cache_enabled","brain_running_task_buffer_enabled","inventory_scan_patch","umce_tick_profiler_enabled","players_observed","pigs_in_seed_world","villagers_in_seed_world","tnt_in_seed_world","hopper_rows","redstone_clock_pairs","idle_clients","save_all_interval_seconds","tick_mean_ms","tick_p50_ms","tick_p95_ms","tick_p99_ms","tick_sample_count","sample_cpu_percent_one_core","process_cpu_percent_one_core","working_set_bytes","response"
"without-umce","1","2026-09-29T20:04:54.0132592+00:00",,"False","False","False","False","False","none","False","0","2000","500","0","0","0","False","0","48,5","47,1","63,2","77,8","100","123,7055451752858","127,56072771544949","1677488128","[22:04:54] [Server thread/INFO]: The game is running normally [22:04:54] [Server thread/INFO]: Target tick rate: 20,0 per second. Average time per tick: 48,5ms (Target: 50,0ms) [22:04:54] [Server thread/INFO]: Percentiles: P50: 47,1ms P95: 63,2ms P99: 77,8ms, sample: 100"
"without-umce","1","2026-09-29T20:04:54.1605612+00:00",,"False","False","False","False","False","none","False","0","2000","500","0","0","0","False","0","48,5","46,9","63,2","77,8","100","124,49784360680485","127,56072771544949","1677488128","[22:04:54] [Server thread/INFO]: The game is running normally [22:04:54] [Server thread/INFO]: Target tick rate: 20,0 per second. Average time per tick: 48,5ms (Target: 50,0ms) [22:04:54] [Server thread/INFO]: Percentiles: P50: 46,9ms P95: 63,2ms P99: 77,8ms, sample: 100"
"without-umce","1","2026-09-29T20:04:54.2766653+00:00",,"False","False","False","False","False","none","False","0","2000","500","0","0","0","False","0","48,3","46,7","63,2","77,8","100","138,20484470801085","127,56072771544949","1677488128","[22:04:54] [Server thread/INFO]: The game is running normally [22:04:54] [Server thread/INFO]: Target tick rate: 20,0 per second. Average time per tick: 48,3ms (Target: 50,0ms) [22:04:54] [Server thread/INFO]: Percentiles: P50: 46,7ms P95: 63,2ms P99: 77,8ms, sample: 100"
"without-umce","1","2026-09-29T20:04:54.4009275+00:00",,"False","False","False","False","False","none","False","0","2000","500","0","0","0","False","0","47,9","46,5","63,2","77,8","100","87,00400755373767","127,56072771544949","1677488128","[22:04:54] [Server thread/INFO]: The game is running normally [22:04:54] [Server thread/INFO]: Target tick rate: 20,0 per second. Average time per tick: 47,9ms (Target: 50,0ms) [22:04:54] [Server thread/INFO]: Percentiles: P50: 46,5ms P95: 63,2ms P99: 77,8ms, sample: 100"
"without-umce","1","2026-09-29T20:04:54.5266998+00:00",,"False","False","False","False","False","none","False","0","2000","500","0","0","0","False","0","47,6","46,5","61,4","77,8","100","99,3533290518672","127,56072771544949","1677488128","[22:04:54] [Server thread/INFO]: The game is running normally [22:04:54] [Server thread/INFO]: Target tick rate: 20,0 per second. Average time per tick: 47,6ms (Target: 50,0ms) [22:04:54] [Server thread/INFO]: Percentiles: P50: 46,5ms P95: 61,4ms P99: 77,8ms, sample: 100"
"without-umce","1","2026-09-29T20:04:54.6528087+00:00",,"False","False","False","False","False","none","False","0","2000","500","0","0","0","False","0","47,5","46,5","59,6","77,8","100","99,97008894938634","127,56072771544949","1677488128","[22:04:54] [Server thread/INFO]: The game is running normally [22:04:54] [Server thread/INFO]: Target tick rate: 20,0 per second. Average time per tick: 47,5ms (Target: 50,0ms) [22:04:54] [Server thread/INFO]: Percentiles: P50: 46,5ms P95: 59,6ms P99: 77,8ms, sample: 100"
"without-umce","1","2026-09-29T20:04:54.7775204+00:00",,"False","False","False","False","False","none","False","0","2000","500","0","0","0","False","0","47,5","46,2","59,6","77,8","100","299,9673635508457","127,56072771544949","1677488128","[22:04:54] [Server thread/INFO]: The game is running normally [22:04:54] [Server thread/INFO]: Target tick rate: 20,0 per second. Average time per tick: 47,5ms (Target: 50,0ms) [22:04:54] [Server thread/INFO]: Percentiles: P50: 46,2ms P95: 59,6ms P99: 77,8ms, sample: 100"
"without-umce","1","2026-09-29T20:04:54.9026240+00:00",,"False","False","False","False","False","none","False","0","2000","500","0","0","0","False","0","47,5","46,2","59,6","77,8","100","201,3646076732803","127,56072771544949","1677488128","[22:04:54] [Server thread/INFO]: The game is running normally [22:04:54] [Server thread/INFO]: Target tick rate: 20,0 per second. Average time per tick: 47,5ms (Target: 50,0ms) [22:04:54] [Server thread/INFO]: Percentiles: P50: 46,2ms P95: 59,6ms P99: 77,8ms, sample: 100"
"without-umce","1","2026-09-29T20:04:55.0267127+00:00",,"False","False","False","False","False","none","False","0","2000","500","0","0","0","False","0","47,4","46,2","59,6","77,8","100","159,63035699831272","127,56072771544949","1677488128","[22:04:55] [Server thread/INFO]: The game is running normally [22:04:55] [Server thread/INFO]: Target tick rate: 20,0 per second. Average time per tick: 47,4ms (Target: 50,0ms) [22:04:55] [Server thread/INFO]: Percentiles: P50: 46,2ms P95: 59,6ms P99: 77,8ms, sample: 100"
"without-umce","1","2026-09-29T20:04:55.1539959+00:00",,"False","False","False","False","False","none","False","0","2000","500","0","0","0","False","0","46,7","46","58,2","63,2","100","112,48677155566504","127,56072771544949","1677488128","[22:04:55] [Server thread/INFO]: The game is running normally [22:04:55] [Server thread/INFO]: Target tick rate: 20,0 per second. Average time per tick: 46,7ms (Target: 50,0ms) [22:04:55] [Server thread/INFO]: Percentiles: P50: 46,0ms P95: 58,2ms P99: 63,2ms, sample: 100"
"without-umce","1","2026-09-29T20:04:55.2789398+00:00",,"False","False","False","False","False","none","False","0","2000","500","0","0","0","False","0","46,2","45,5","56,8","59,6","100","134,13398805027128","127,56072771544949","1677488128","[22:04:55] [Server thread/INFO]: The game is running normally [22:04:55] [Server thread/INFO]: Target tick rate: 20,0 per second. Average time per tick: 46,2ms (Target: 50,0ms) [22:04:55] [Server thread/INFO]: Percentiles: P50: 45,5ms P95: 56,8ms P99: 59,6ms, sample: 100"
"without-umce","1","2026-09-29T20:04:55.4070406+00:00",,"False","False","False","False","False","none","False","0","2000","500","0","0","0","False","0","46,1","45,5","56,5","59,6","100","129,51972015451184","127,56072771544949","1677488128","[22:04:55] [Server thread/INFO]: The game is running normally [22:04:55] [Server thread/INFO]: Target tick rate: 20,0 per second. Average time per tick: 46,1ms (Target: 50,0ms) [22:04:55] [Server thread/INFO]: Percentiles: P50: 45,5ms P95: 56,5ms P99: 59,6ms, sample: 100"
"without-umce","1","2026-09-29T20:04:55.5276948+00:00",,"False","False","False","False","False","none","False","0","2000","500","0","0","0","False","0","46,2","45,5","56,5","59,6","100","89,23909141346562","127,56072771544949","1677488128","[22:04:55] [Server thread/INFO]: The game is running normally [22:04:55] [Server thread/INFO]: Target tick rate: 20,0 per second. Average time per tick: 46,2ms (Target: 50,0ms) [22:04:55] [Server thread/INFO]: Percentiles: P50: 45,5ms P95: 56,5ms P99: 59,6ms, sample: 100"
"without-umce","1","2026-09-29T20:04:55.6502660+00:00",,"False","False","False","False","False","none","False","0","2000","500","0","0","0","False","0","46,1","45,5","56,5","59,6","100","148,95363053620923","127,56072771544949","1677488128","[22:04:55] [Server thread/INFO]: The game is running normally [22:04:55] [Server thread/INFO]: Target tick rate: 20,0 per second. Average time per tick: 46,1ms (Target: 50,0ms) [22:04:55] [Server thread/INFO]: Percentiles: P50: 45,5ms P95: 56,5ms P99: 59,6ms, sample: 100"
"without-umce","1","2026-09-29T20:04:55.7762130+00:00",,"False","False","False","False","False","none","False","0","2000","500","0","0","0","False","0","46","45,5","56,2","59,6","100","99,45664843825213","127,56072771544949","1677488128","[22:04:55] [Server thread/INFO]: The game is running normally [22:04:55] [Server thread/INFO]: Target tick rate: 20,0 per second. Average time per tick: 46,0ms (Target: 50,0ms) [22:04:55] [Server thread/INFO]: Percentiles: P50: 45,5ms P95: 56,2ms P99: 59,6ms, sample: 100"
"without-umce","1","2026-09-29T20:04:55.9018446+00:00",,"False","False","False","False","False","none","False","0","2000","500","0","0","0","False","0","45,9","45,5","56,2","59,6","100","111,97006806187674","127,56072771544949","1677488128","[22:04:55] [Server thread/INFO]: The game is running normally [22:04:55] [Server thread/INFO]: Target tick rate: 20,0 per second. Average time per tick: 45,9ms (Target: 50,0ms) [22:04:55] [Server thread/INFO]: Percentiles: P50: 45,5ms P95: 56,2ms P99: 59,6ms, sample: 100"
"without-umce","1","2026-09-29T20:04:56.0274589+00:00",,"False","False","False","False","False","none","False","0","2000","500","0","0","0","False","0","46","45,5","56,2","59,6","100","114,46457845290286","127,56072771544949","1677488128","[22:04:56] [Server thread/INFO]: The game is running normally [22:04:56] [Server thread/INFO]: Target tick rate: 20,0 per second. Average time per tick: 46,0ms (Target: 50,0ms) [22:04:56] [Server thread/INFO]: Percentiles: P50: 45,5ms P95: 56,2ms P99: 59,6ms, sample: 100"
"without-umce","1","2026-09-29T20:04:56.1502564+00:00",,"False","False","False","False","False","none","False","0","2000","500","0","0","0","False","0","45,8","45","56,2","59,6","100","161,29839150266176","127,56072771544949","1677488128","[22:04:56] [Server thread/INFO]: The game is running normally [22:04:56] [Server thread/INFO]: Target tick rate: 20,0 per second. Average time per tick: 45,8ms (Target: 50,0ms) [22:04:56] [Server thread/INFO]: Percentiles: P50: 45,0ms P95: 56,2ms P99: 59,6ms, sample: 100"
"without-umce","1","2026-09-29T20:04:56.2762110+00:00",,"False","False","False","False","False","none","False","0","2000","500","0","0","0","False","0","45,6","44,7","56,2","59,6","100","252,56484652947614","127,56072771544949","1677488128","[22:04:56] [Server thread/INFO]: The game is running normally [22:04:56] [Server thread/INFO]: Target tick rate: 20,0 per second. Average time per tick: 45,6ms (Target: 50,0ms) [22:04:56] [Server thread/INFO]: Percentiles: P50: 44,7ms P95: 56,2ms P99: 59,6ms, sample: 100"
"without-umce","1","2026-09-29T20:04:56.3998997+00:00",,"False","False","False","False","False","none","False","0","2000","500","0","0","0","False","0","45,7","45,2","56,2","59,6","100","252,81862427835455","127,56072771544949","1677488128","[22:04:56] [Server thread/INFO]: The game is running normally [22:04:56] [Server thread/INFO]: Target tick rate: 20,0 per second. Average time per tick: 45,7ms (Target: 50,0ms) [22:04:56] [Server thread/INFO]: Percentiles: P50: 45,2ms P95: 56,2ms P99: 59,6ms, sample: 100"
"without-umce","1","2026-09-29T20:04:56.5238816+00:00",,"False","False","False","False","False","none","False","0","2000","500","0","0","0","False","0","46,3","45,5","56,5","100,4","100","125,30745437004234","127,56072771544949","1677488128","[22:04:56] [Server thread/INFO]: The game is running normally [22:04:56] [Server thread/INFO]: Target tick rate: 20,0 per second. Average time per tick: 46,3ms (Target: 50,0ms) [22:04:56] [Server thread/INFO]: Percentiles: P50: 45,5ms P95: 56,5ms P99: 100,4ms, sample: 100"
"without-umce","1","2026-09-29T20:04:56.6481980+00:00",,"False","False","False","False","False","none","False","0","2000","500","0","0","0","False","0","46,2","45","56,8","100,4","100","185,6390060917316","127,56072771544949","1677488128","[22:04:56] [Server thread/INFO]: The game is running normally [22:04:56] [Server thread/INFO]: Target tick rate: 20,0 per second. Average time per tick: 46,2ms (Target: 50,0ms) [22:04:56] [Server thread/INFO]: Percentiles: P50: 45,0ms P95: 56,8ms P99: 100,4ms, sample: 100"
"without-umce","1","2026-09-29T20:04:56.7744710+00:00",,"False","False","False","False","False","none","False","0","2000","500","0","0","0","False","0","46,2","45","56,8","100,4","100","208,9556113382363","127,56072771544949","1677488128","[22:04:56] [Server thread/INFO]: The game is running normally [22:04:56] [Server thread/INFO]: Target tick rate: 20,0 per second. Average time per tick: 46,2ms (Target: 50,0ms) [22:04:56] [Server thread/INFO]: Percentiles: P50: 45,0ms P95: 56,8ms P99: 100,4ms, sample: 100"
"without-umce","1","2026-09-29T20:04:56.9017116+00:00",,"False","False","False","False","False","none","False","0","2000","500","0","0","0","False","0","46,3","45","58,6","100,4","100","138,97333975878675","127,56072771544949","1677488128","[22:04:56] [Server thread/INFO]: The game is running normally [22:04:56] [Server thread/INFO]: Target tick rate: 20,0 per second. Average time per tick: 46,3ms (Target: 50,0ms) [22:04:56] [Server thread/INFO]: Percentiles: P50: 45,0ms P95: 58,6ms P99: 100,4ms, sample: 100"
"without-umce","1","2026-09-29T20:04:57.0252756+00:00",,"False","False","False","False","False","none","False","0","2000","500","0","0","0","False","0","46,6","45,2","59,1","100,4","100","237,5497904360754","127,56072771544949","1677488128","[22:04:57] [Server thread/INFO]: The game is running normally [22:04:57] [Server thread/INFO]: Target tick rate: 20,0 per second. Average time per tick: 46,6ms (Target: 50,0ms) [22:04:57] [Server thread/INFO]: Percentiles: P50: 45,2ms P95: 59,1ms P99: 100,4ms, sample: 100"
"without-umce","1","2026-09-29T20:04:57.1502115+00:00",,"False","False","False","False","False","none","False","0","2000","500","0","0","0","False","0","46,7","45,5","59,1","100,4","100","188,5142064305966","127,56072771544949","1677488128","[22:04:57] [Server thread/INFO]: The game is running normally [22:04:57] [Server thread/INFO]: Target tick rate: 20,0 per second. Average time per tick: 46,7ms (Target: 50,0ms) [22:04:57] [Server thread/INFO]: Percentiles: P50: 45,5ms P95: 59,1ms P99: 100,4ms, sample: 100"
"without-umce","1","2026-09-29T20:04:57.2746315+00:00",,"False","False","False","False","False","none","False","0","2000","500","0","0","0","False","0","46,8","45,8","59,1","100,4","100","235,20123718821725","127,56072771544949","1677488128","[22:04:57] [Server thread/INFO]: The game is running normally [22:04:57] [Server thread/INFO]: Target tick rate: 20,0 per second. Average time per tick: 46,8ms (Target: 50,0ms) [22:04:57] [Server thread/INFO]: Percentiles: P50: 45,8ms P95: 59,1ms P99: 100,4ms, sample: 100"
"without-umce","1","2026-09-29T20:04:57.4007800+00:00",,"False","False","False","False","False","none","False","0","2000","500","0","0","0","False","0","47","45,9","59,1","100,4","100","189,29267737178174","127,56072771544949","1677488128","[22:04:57] [Server thread/INFO]: The game is running normally [22:04:57] [Server thread/INFO]: Target tick rate: 20,0 per second. Average time per tick: 47,0ms (Target: 50,0ms) [22:04:57] [Server thread/INFO]: Percentiles: P50: 45,9ms P95: 59,1ms P99: 100,4ms, sample: 100"
"without-umce","1","2026-09-29T20:04:57.5245973+00:00",,"False","False","False","False","False","none","False","0","2000","500","0","0","0","False","0","47,3","46,2","59,1","100,4","100","137,97263907240645","127,56072771544949","1677488128","[22:04:57] [Server thread/INFO]: The game is running normally [22:04:57] [Server thread/INFO]: Target tick rate: 20,0 per second. Average time per tick: 47,3ms (Target: 50,0ms) [22:04:57] [Server thread/INFO]: Percentiles: P50: 46,2ms P95: 59,1ms P99: 100,4ms, sample: 100"
"without-umce","1","2026-09-29T20:04:57.6492056+00:00",,"False","False","False","False","False","none","False","0","2000","500","0","0","0","False","0","47,2","46,2","59,1","100,4","100","137,2587540139451","127,56072771544949","1677488128","[22:04:57] [Server thread/INFO]: The game is running normally [22:04:57] [Server thread/INFO]: Target tick rate: 20,0 per second. Average time per tick: 47,2ms (Target: 50,0ms) [22:04:57] [Server thread/INFO]: Percentiles: P50: 46,2ms P95: 59,1ms P99: 100,4ms, sample: 100"
"without-umce","1","2026-09-29T20:04:57.7744074+00:00",,"False","False","False","False","False","none","False","0","2000","500","0","0","0","False","0","47","46,2","59,6","100,4","100","327,9796293365971","127,56072771544949","1677488128","[22:04:57] [Server thread/INFO]: The game is running normally [22:04:57] [Server thread/INFO]: Target tick rate: 20,0 per second. Average time per tick: 47,0ms (Target: 50,0ms) [22:04:57] [Server thread/INFO]: Percentiles: P50: 46,2ms P95: 59,6ms P99: 100,4ms, sample: 100"
"without-umce","1","2026-09-29T20:04:57.8982244+00:00",,"False","False","False","False","False","none","False","0","2000","500","0","0","0","False","0","47,2","46,2","59,6","100,4","100","175,13043714958903","127,56072771544949","1677488128","[22:04:57] [Server thread/INFO]: The game is running normally [22:04:57] [Server thread/INFO]: Target tick rate: 20,0 per second. Average time per tick: 47,2ms (Target: 50,0ms) [22:04:57] [Server thread/INFO]: Percentiles: P50: 46,2ms P95: 59,6ms P99: 100,4ms, sample: 100"
"without-umce","1","2026-09-29T20:04:58.0231208+00:00",,"False","False","False","False","False","none","False","0","2000","500","0","0","0","False","0","47,2","46,2","59,6","100,4","100","199,95808878459073","127,56072771544949","1677488128","[22:04:58] [Server thread/INFO]: The game is running normally [22:04:58] [Server thread/INFO]: Target tick rate: 20,0 per second. Average time per tick: 47,2ms (Target: 50,0ms) [22:04:58] [Server thread/INFO]: Percentiles: P50: 46,2ms P95: 59,6ms P99: 100,4ms, sample: 100"
"without-umce","1","2026-09-29T20:04:58.1481555+00:00",,"False","False","False","False","False","none","False","0","2000","500","0","0","0","False","0","47,4","46,4","60","100,4","100","247,22436263581517","127,56072771544949","1677488128","[22:04:58] [Server thread/INFO]: The game is running normally [22:04:58] [Server thread/INFO]: Target tick rate: 20,0 per second. Average time per tick: 47,4ms (Target: 50,0ms) [22:04:58] [Server thread/INFO]: Percentiles: P50: 46,4ms P95: 60,0ms P99: 100,4ms, sample: 100"
"without-umce","1","2026-09-29T20:04:58.2745891+00:00",,"False","False","False","False","False","none","False","0","2000","500","0","0","0","False","0","47,3","46,2","60","100,4","100","202,9230661837639","127,56072771544949","1677488128","[22:04:58] [Server thread/INFO]: The game is running normally [22:04:58] [Server thread/INFO]: Target tick rate: 20,0 per second. Average time per tick: 47,3ms (Target: 50,0ms) [22:04:58] [Server thread/INFO]: Percentiles: P50: 46,2ms P95: 60,0ms P99: 100,4ms, sample: 100"
"without-umce","1","2026-09-29T20:04:58.3977602+00:00",,"False","False","False","False","False","none","False","0","2000","500","0","0","0","False","0","47,5","46,2","61,6","100,4","100","99,41369777599628","127,56072771544949","1677488128","[22:04:58] [Server thread/INFO]: The game is running normally [22:04:58] [Server thread/INFO]: Target tick rate: 20,0 per second. Average time per tick: 47,5ms (Target: 50,0ms) [22:04:58] [Server thread/INFO]: Percentiles: P50: 46,2ms P95: 61,6ms P99: 100,4ms, sample: 100"
"without-umce","1","2026-09-29T20:04:58.5235120+00:00",,"False","False","False","False","False","none","False","0","2000","500","0","0","0","False","0","47,7","46,4","61,6","100,4","100","159,79423615798407","127,56072771544949","1677488128","[22:04:58] [Server thread/INFO]: The game is running normally [22:04:58] [Server thread/INFO]: Target tick rate: 20,0 per second. Average time per tick: 47,7ms (Target: 50,0ms) [22:04:58] [Server thread/INFO]: Percentiles: P50: 46,4ms P95: 61,6ms P99: 100,4ms, sample: 100"
"without-umce","1","2026-09-29T20:04:58.6506022+00:00",,"False","False","False","False","False","none","False","0","2000","500","0","0","0","False","0","47,9","46,6","61,6","100,4","100","112,73846439989865","127,56072771544949","1677488128","[22:04:58] [Server thread/INFO]: The game is running normally [22:04:58] [Server thread/INFO]: Target tick rate: 20,0 per second. Average time per tick: 47,9ms (Target: 50,0ms) [22:04:58] [Server thread/INFO]: Percentiles: P50: 46,6ms P95: 61,6ms P99: 100,4ms, sample: 100"
"without-umce","1","2026-09-29T20:04:58.7753672+00:00",,"False","False","False","False","False","none","False","0","2000","500","0","0","0","False","0","47,8","46,6","61,6","100,4","100","152,3593763585378","127,56072771544949","1677488128","[22:04:58] [Server thread/INFO]: The game is running normally [22:04:58] [Server thread/INFO]: Target tick rate: 20,0 per second. Average time per tick: 47,8ms (Target: 50,0ms) [22:04:58] [Server thread/INFO]: Percentiles: P50: 46,6ms P95: 61,6ms P99: 100,4ms, sample: 100"
"without-umce","1","2026-09-29T20:04:58.8984000+00:00",,"False","False","False","False","False","none","False","0","2000","500","0","0","0","False","0","47,9","46,6","61,6","100,4","100","175,34001936555367","127,56072771544949","1677488128","[22:04:58] [Server thread/INFO]: The game is running normally [22:04:58] [Server thread/INFO]: Target tick rate: 20,0 per second. Average time per tick: 47,9ms (Target: 50,0ms) [22:04:58] [Server thread/INFO]: Percentiles: P50: 46,6ms P95: 61,6ms P99: 100,4ms, sample: 100"
"without-umce","1","2026-09-29T20:04:59.0231535+00:00",,"False","False","False","False","False","none","False","0","2000","500","0","0","0","False","0","48","46,6","61,6","100,4","100","163,4006644625174","127,56072771544949","1677488128","[22:04:59] [Server thread/INFO]: The game is running normally [22:04:59] [Server thread/INFO]: Target tick rate: 20,0 per second. Average time per tick: 48,0ms (Target: 50,0ms) [22:04:59] [Server thread/INFO]: Percentiles: P50: 46,6ms P95: 61,6ms P99: 100,4ms, sample: 100"
"without-umce","1","2026-09-29T20:04:59.1474729+00:00",,"False","False","False","False","False","none","False","0","2000","500","0","0","0","False","0","48,1","47,3","61,6","100,4","100","174,05093506129776","127,56072771544949","1677488128","[22:04:59] [Server thread/INFO]: The game is running normally [22:04:59] [Server thread/INFO]: Target tick rate: 20,0 per second. Average time per tick: 48,1ms (Target: 50,0ms) [22:04:59] [Server thread/INFO]: Percentiles: P50: 47,3ms P95: 61,6ms P99: 100,4ms, sample: 100"
"without-umce","1","2026-09-29T20:04:59.2731460+00:00",,"False","False","False","False","False","none","False","0","2000","500","0","0","0","False","0","48,2","47,4","61,6","100,4","100","125,4827572637451","127,56072771544949","1677488128","[22:04:59] [Server thread/INFO]: The game is running normally [22:04:59] [Server thread/INFO]: Target tick rate: 20,0 per second. Average time per tick: 48,2ms (Target: 50,0ms) [22:04:59] [Server thread/INFO]: Percentiles: P50: 47,4ms P95: 61,6ms P99: 100,4ms, sample: 100"
"without-umce","1","2026-09-29T20:04:59.3976664+00:00",,"False","False","False","False","False","none","False","0","2000","500","0","0","0","False","0","48,1","47,3","61,6","100,4","100","99,59221194214199","127,56072771544949","1677488128","[22:04:59] [Server thread/INFO]: The game is running normally [22:04:59] [Server thread/INFO]: Target tick rate: 20,0 per second. Average time per tick: 48,1ms (Target: 50,0ms) [22:04:59] [Server thread/INFO]: Percentiles: P50: 47,3ms P95: 61,6ms P99: 100,4ms, sample: 100"
"without-umce","1","2026-09-29T20:04:59.5388597+00:00",,"False","False","False","False","False","none","False","0","2000","500","0","0","0","False","0","47,8","46,6","61,6","100,4","100","100,41587345564851","127,56072771544949","1677488128","[22:04:59] [Server thread/INFO]: The game is running normally [22:04:59] [Server thread/INFO]: Target tick rate: 20,0 per second. Average time per tick: 47,8ms (Target: 50,0ms) [22:04:59] [Server thread/INFO]: Percentiles: P50: 46,6ms P95: 61,6ms P99: 100,4ms, sample: 100"
"without-umce","1","2026-09-29T20:04:59.6789637+00:00",,"False","False","False","False","False","none","False","0","2000","500","0","0","0","False","0","47,5","46,4","61,6","100,4","100","124,10258039500542","127,56072771544949","1677488128","[22:04:59] [Server thread/INFO]: The game is running normally [22:04:59] [Server thread/INFO]: Target tick rate: 20,0 per second. Average time per tick: 47,5ms (Target: 50,0ms) [22:04:59] [Server thread/INFO]: Percentiles: P50: 46,4ms P95: 61,6ms P99: 100,4ms, sample: 100"
"without-umce","1","2026-09-29T20:04:59.8174052+00:00",,"False","False","False","False","False","none","False","0","2000","500","0","0","0","False","0","47,4","46,3","61,6","100,4","100","76,20173179103737","127,56072771544949","1677488128","[22:04:59] [Server thread/INFO]: The game is running normally [22:04:59] [Server thread/INFO]: Target tick rate: 20,0 per second. Average time per tick: 47,4ms (Target: 50,0ms) [22:04:59] [Server thread/INFO]: Percentiles: P50: 46,3ms P95: 61,6ms P99: 100,4ms, sample: 100"
"without-umce","1","2026-09-29T20:04:59.9405679+00:00",,"False","False","False","False","False","none","False","0","2000","500","0","0","0","False","0","47,3","46,2","61,6","100,4","100","113,5811104416276","127,56072771544949","1677488128","[22:04:59] [Server thread/INFO]: The game is running normally [22:04:59] [Server thread/INFO]: Target tick rate: 20,0 per second. Average time per tick: 47,3ms (Target: 50,0ms) [22:04:59] [Server thread/INFO]: Percentiles: P50: 46,2ms P95: 61,6ms P99: 100,4ms, sample: 100"
"without-umce","1","2026-09-29T20:05:00.0642640+00:00",,"False","False","False","False","False","none","False","0","2000","500","0","0","0","False","0","47,3","46,2","61,6","100,4","100","75,78819725141472","127,56072771544949","1677488128","[22:05:00] [Server thread/INFO]: The game is running normally [22:05:00] [Server thread/INFO]: Target tick rate: 20,0 per second. Average time per tick: 47,3ms (Target: 50,0ms) [22:05:00] [Server thread/INFO]: Percentiles: P50: 46,2ms P95: 61,6ms P99: 100,4ms, sample: 100"
"without-umce","1","2026-09-29T20:05:00.1879395+00:00",,"False","False","False","False","False","none","False","0","2000","500","0","0","0","False","0","47,5","46,2","61,6","100,4","100","110,73942039873279","127,56072771544949","1677488128","[22:05:00] [Server thread/INFO]: The game is running normally [22:05:00] [Server thread/INFO]: Target tick rate: 20,0 per second. Average time per tick: 47,5ms (Target: 50,0ms) [22:05:00] [Server thread/INFO]: Percentiles: P50: 46,2ms P95: 61,6ms P99: 100,4ms, sample: 100"
"without-umce","1","2026-09-29T20:05:00.3149439+00:00",,"False","False","False","False","False","none","False","0","2000","500","0","0","0","False","0","47,5","46,2","61,6","100,4","100","75,75347435734793","127,56072771544949","1677488128","[22:05:00] [Server thread/INFO]: The game is running normally [22:05:00] [Server thread/INFO]: Target tick rate: 20,0 per second. Average time per tick: 47,5ms (Target: 50,0ms) [22:05:00] [Server thread/INFO]: Percentiles: P50: 46,2ms P95: 61,6ms P99: 100,4ms, sample: 100"
"without-umce","1","2026-09-29T20:05:00.4386919+00:00",,"False","False","False","False","False","none","False","0","2000","500","0","0","0","False","0","47,4","46,2","61,6","100,4","100","112,60323464552302","127,56072771544949","1677488128","[22:05:00] [Server thread/INFO]: The game is running normally [22:05:00] [Server thread/INFO]: Target tick rate: 20,0 per second. Average time per tick: 47,4ms (Target: 50,0ms) [22:05:00] [Server thread/INFO]: Percentiles: P50: 46,2ms P95: 61,6ms P99: 100,4ms, sample: 100"
"without-umce","1","2026-09-29T20:05:00.5635782+00:00",,"False","False","False","False","False","none","False","0","2000","500","0","0","0","False","0","47,6","46,4","61,6","100,4","100","101,8926768510435","127,56072771544949","1677488128","[22:05:00] [Server thread/INFO]: The game is running normally [22:05:00] [Server thread/INFO]: Target tick rate: 20,0 per second. Average time per tick: 47,6ms (Target: 50,0ms) [22:05:00] [Server thread/INFO]: Percentiles: P50: 46,4ms P95: 61,6ms P99: 100,4ms, sample: 100"
"without-umce","1","2026-09-29T20:05:00.6862398+00:00",,"False","False","False","False","False","none","False","0","2000","500","0","0","0","False","0","47,7","46,4","61,6","100,4","100","126,00877585599272","127,56072771544949","1677488128","[22:05:00] [Server thread/INFO]: The game is running normally [22:05:00] [Server thread/INFO]: Target tick rate: 20,0 per second. Average time per tick: 47,7ms (Target: 50,0ms) [22:05:00] [Server thread/INFO]: Percentiles: P50: 46,4ms P95: 61,6ms P99: 100,4ms, sample: 100"
"without-umce","1","2026-09-29T20:05:00.8102347+00:00",,"False","False","False","False","False","none","False","0","2000","500","0","0","0","False","0","48","46,6","61,6","100,4","100","87,04201970909861","127,56072771544949","1677488128","[22:05:00] [Server thread/INFO]: The game is running normally [22:05:00] [Server thread/INFO]: Target tick rate: 20,0 per second. Average time per tick: 48,0ms (Target: 50,0ms) [22:05:00] [Server thread/INFO]: Percentiles: P50: 46,6ms P95: 61,6ms P99: 100,4ms, sample: 100"
"without-umce","1","2026-09-29T20:05:00.9359076+00:00",,"False","False","False","False","False","none","False","0","2000","500","0","0","0","False","0","48,1","46,6","61,6","100,4","100","101,08778544157974","127,56072771544949","1677488128","[22:05:00] [Server thread/INFO]: The game is running normally [22:05:00] [Server thread/INFO]: Target tick rate: 20,0 per second. Average time per tick: 48,1ms (Target: 50,0ms) [22:05:00] [Server thread/INFO]: Percentiles: P50: 46,6ms P95: 61,6ms P99: 100,4ms, sample: 100"
"without-umce","1","2026-09-29T20:05:01.0595632+00:00",,"False","False","False","False","False","none","False","0","2000","500","0","0","0","False","0","48,1","46,6","61,6","100,4","100","88,6279142883999","127,56072771544949","1677488128","[22:05:01] [Server thread/INFO]: The game is running normally [22:05:01] [Server thread/INFO]: Target tick rate: 20,0 per second. Average time per tick: 48,1ms (Target: 50,0ms) [22:05:01] [Server thread/INFO]: Percentiles: P50: 46,6ms P95: 61,6ms P99: 100,4ms, sample: 100"
"without-umce","1","2026-09-29T20:05:01.1829664+00:00",,"False","False","False","False","False","none","False","0","2000","500","0","0","0","False","0","48,2","47,2","61,6","100,4","100","100,24081854246643","127,56072771544949","1677488128","[22:05:01] [Server thread/INFO]: The game is running normally [22:05:01] [Server thread/INFO]: Target tick rate: 20,0 per second. Average time per tick: 48,2ms (Target: 50,0ms) [22:05:01] [Server thread/INFO]: Percentiles: P50: 47,2ms P95: 61,6ms P99: 100,4ms, sample: 100"
"without-umce","1","2026-09-29T20:05:01.3077365+00:00",,"False","False","False","False","False","none","False","0","2000","500","0","0","0","False","0","48,3","47,2","61,6","100,4","100","87,86721466352179","127,56072771544949","1677488128","[22:05:01] [Server thread/INFO]: The game is running normally [22:05:01] [Server thread/INFO]: Target tick rate: 20,0 per second. Average time per tick: 48,3ms (Target: 50,0ms) [22:05:01] [Server thread/INFO]: Percentiles: P50: 47,2ms P95: 61,6ms P99: 100,4ms, sample: 100"
"without-umce","1","2026-09-29T20:05:01.4321422+00:00",,"False","False","False","False","False","none","False","0","2000","500","0","0","0","False","0","47,8","47,2","60","63,3","100","100,41539842018462","127,56072771544949","1677488128","[22:05:01] [Server thread/INFO]: The game is running normally [22:05:01] [Server thread/INFO]: Target tick rate: 20,0 per second. Average time per tick: 47,8ms (Target: 50,0ms) [22:05:01] [Server thread/INFO]: Percentiles: P50: 47,2ms P95: 60,0ms P99: 63,3ms, sample: 100"
"without-umce","1","2026-09-29T20:05:01.5566735+00:00",,"False","False","False","False","False","none","False","0","2000","500","0","0","0","False","0","47,8","46,8","61,6","63,3","100","112,12907701324019","127,56072771544949","1677488128","[22:05:01] [Server thread/INFO]: The game is running normally [22:05:01] [Server thread/INFO]: Target tick rate: 20,0 per second. Average time per tick: 47,8ms (Target: 50,0ms) [22:05:01] [Server thread/INFO]: Percentiles: P50: 46,8ms P95: 61,6ms P99: 63,3ms, sample: 100"
"without-umce","1","2026-09-29T20:05:01.6820296+00:00",,"False","False","False","False","False","none","False","0","2000","500","0","0","0","False","0","47,9","46,8","61,6","63,3","100","86,88381994892225","127,56072771544949","1677488128","[22:05:01] [Server thread/INFO]: The game is running normally [22:05:01] [Server thread/INFO]: Target tick rate: 20,0 per second. Average time per tick: 47,9ms (Target: 50,0ms) [22:05:01] [Server thread/INFO]: Percentiles: P50: 46,8ms P95: 61,6ms P99: 63,3ms, sample: 100"
"without-umce","1","2026-09-29T20:05:01.8079482+00:00",,"False","False","False","False","False","none","False","0","2000","500","0","0","0","False","0","47,8","46,7","61,6","63,3","100","99,73176145439227","127,56072771544949","1677488128","[22:05:01] [Server thread/INFO]: The game is running normally [22:05:01] [Server thread/INFO]: Target tick rate: 20,0 per second. Average time per tick: 47,8ms (Target: 50,0ms) [22:05:01] [Server thread/INFO]: Percentiles: P50: 46,7ms P95: 61,6ms P99: 63,3ms, sample: 100"
"without-umce","1","2026-09-29T20:05:01.9332529+00:00",,"False","False","False","False","False","none","False","0","2000","500","0","0","0","False","0","47,6","46,5","60","63,3","100","150,67345005235399","127,56072771544949","1677488128","[22:05:01] [Server thread/INFO]: The game is running normally [22:05:01] [Server thread/INFO]: Target tick rate: 20,0 per second. Average time per tick: 47,6ms (Target: 50,0ms) [22:05:01] [Server thread/INFO]: Percentiles: P50: 46,5ms P95: 60,0ms P99: 63,3ms, sample: 100"
"without-umce","1","2026-09-29T20:05:02.0577012+00:00",,"False","False","False","False","False","none","False","0","2000","500","0","0","0","False","0","47,5","46,3","60","63,3","100","61,971998572165155","127,56072771544949","1677488128","[22:05:02] [Server thread/INFO]: The game is running normally [22:05:02] [Server thread/INFO]: Target tick rate: 20,0 per second. Average time per tick: 47,5ms (Target: 50,0ms) [22:05:02] [Server thread/INFO]: Percentiles: P50: 46,3ms P95: 60,0ms P99: 63,3ms, sample: 100"
"without-umce","1","2026-09-29T20:05:02.1837691+00:00",,"False","False","False","False","False","none","False","0","2000","500","0","0","0","False","0","47,3","46,2","60","63,3","100","125,68291066338053","127,56072771544949","1677488128","[22:05:02] [Server thread/INFO]: The game is running normally [22:05:02] [Server thread/INFO]: Target tick rate: 20,0 per second. Average time per tick: 47,3ms (Target: 50,0ms) [22:05:02] [Server thread/INFO]: Percentiles: P50: 46,2ms P95: 60,0ms P99: 63,3ms, sample: 100"
"without-umce","1","2026-09-29T20:05:02.3080909+00:00",,"False","False","False","False","False","none","False","0","2000","500","0","0","0","False","0","47,1","46,1","60","63,3","100","86,17789323317395","127,56072771544949","1677488128","[22:05:02] [Server thread/INFO]: The game is running normally [22:05:02] [Server thread/INFO]: Target tick rate: 20,0 per second. Average time per tick: 47,1ms (Target: 50,0ms) [22:05:02] [Server thread/INFO]: Percentiles: P50: 46,1ms P95: 60,0ms P99: 63,3ms, sample: 100"
"without-umce","1","2026-09-29T20:05:02.4349822+00:00",,"False","False","False","False","False","none","False","0","2000","500","0","0","0","False","0","46,8","46,1","59,8","62,4","100","97,7377999768557","127,56072771544949","1677488128","[22:05:02] [Server thread/INFO]: The game is running normally [22:05:02] [Server thread/INFO]: Target tick rate: 20,0 per second. Average time per tick: 46,8ms (Target: 50,0ms) [22:05:02] [Server thread/INFO]: Percentiles: P50: 46,1ms P95: 59,8ms P99: 62,4ms, sample: 100"
"without-umce","1","2026-09-29T20:05:02.5629086+00:00",,"False","False","False","False","False","none","False","0","2000","500","0","0","0","False","0","47","46,1","59,8","62,4","100","102,8518768410486","127,56072771544949","1677488128","[22:05:02] [Server thread/INFO]: The game is running normally [22:05:02] [Server thread/INFO]: Target tick rate: 20,0 per second. Average time per tick: 47,0ms (Target: 50,0ms) [22:05:02] [Server thread/INFO]: Percentiles: P50: 46,1ms P95: 59,8ms P99: 62,4ms, sample: 100"
"without-umce","1","2026-09-29T20:05:02.6844236+00:00",,"False","False","False","False","False","none","False","0","2000","500","0","0","0","False","0","46,8","46","59,6","62,3","100","100,25681786464207","127,56072771544949","1677488128","[22:05:02] [Server thread/INFO]: The game is running normally [22:05:02] [Server thread/INFO]: Target tick rate: 20,0 per second. Average time per tick: 46,8ms (Target: 50,0ms) [22:05:02] [Server thread/INFO]: Percentiles: P50: 46,0ms P95: 59,6ms P99: 62,3ms, sample: 100"
"without-umce","1","2026-09-29T20:05:02.8090790+00:00",,"False","False","False","False","False","none","False","0","2000","500","0","0","0","False","0","46,6","45,8","59,6","62,3","100","73,15788446906885","127,56072771544949","1677488128","[22:05:02] [Server thread/INFO]: The game is running normally [22:05:02] [Server thread/INFO]: Target tick rate: 20,0 per second. Average time per tick: 46,6ms (Target: 50,0ms) [22:05:02] [Server thread/INFO]: Percentiles: P50: 45,8ms P95: 59,6ms P99: 62,3ms, sample: 100"
"without-umce","1","2026-09-29T20:05:02.9372454+00:00",,"False","False","False","False","False","none","False","0","2000","500","0","0","0","False","0","46,4","45,5","59,6","62,3","100","87,95320527614693","127,56072771544949","1677488128","[22:05:02] [Server thread/INFO]: The game is running normally [22:05:02] [Server thread/INFO]: Target tick rate: 20,0 per second. Average time per tick: 46,4ms (Target: 50,0ms) [22:05:02] [Server thread/INFO]: Percentiles: P50: 45,5ms P95: 59,6ms P99: 62,3ms, sample: 100"
"without-umce","1","2026-09-29T20:05:03.0616620+00:00",,"False","False","False","False","False","none","False","0","2000","500","0","0","0","False","0","46,3","45,2","59,6","62,3","100","75,18459321325719","127,56072771544949","1677488128","[22:05:03] [Server thread/INFO]: The game is running normally [22:05:03] [Server thread/INFO]: Target tick rate: 20,0 per second. Average time per tick: 46,3ms (Target: 50,0ms) [22:05:03] [Server thread/INFO]: Percentiles: P50: 45,2ms P95: 59,6ms P99: 62,3ms, sample: 100"
"without-umce","1","2026-09-29T20:05:03.1862909+00:00",,"False","False","False","False","False","none","False","0","2000","500","0","0","0","False","0","46,1","45,1","59,4","62,3","100","100,1042686061802","127,56072771544949","1677488128","[22:05:03] [Server thread/INFO]: The game is running normally [22:05:03] [Server thread/INFO]: Target tick rate: 20,0 per second. Average time per tick: 46,1ms (Target: 50,0ms) [22:05:03] [Server thread/INFO]: Percentiles: P50: 45,1ms P95: 59,4ms P99: 62,3ms, sample: 100"
"without-umce","1","2026-09-29T20:05:03.3111722+00:00",,"False","False","False","False","False","none","False","0","2000","500","0","0","0","False","0","45,8","45,1","55,6","62,3","100","74,49699628110994","127,56072771544949","1677488128","[22:05:03] [Server thread/INFO]: The game is running normally [22:05:03] [Server thread/INFO]: Target tick rate: 20,0 per second. Average time per tick: 45,8ms (Target: 50,0ms) [22:05:03] [Server thread/INFO]: Percentiles: P50: 45,1ms P95: 55,6ms P99: 62,3ms, sample: 100"
"without-umce","1","2026-09-29T20:05:03.4369954+00:00",,"False","False","False","False","False","none","False","0","2000","500","0","0","0","False","0","45,7","44,6","55,6","62,3","100","101,55426775716994","127,56072771544949","1677488128","[22:05:03] [Server thread/INFO]: The game is running normally [22:05:03] [Server thread/INFO]: Target tick rate: 20,0 per second. Average time per tick: 45,7ms (Target: 50,0ms) [22:05:03] [Server thread/INFO]: Percentiles: P50: 44,6ms P95: 55,6ms P99: 62,3ms, sample: 100"
"without-umce","1","2026-09-29T20:05:03.5601490+00:00",,"False","False","False","False","False","none","False","0","2000","500","0","0","0","False","0","45,6","44,5","55,6","62,3","100","100,61852217954208","127,56072771544949","1677488128","[22:05:03] [Server thread/INFO]: The game is running normally [22:05:03] [Server thread/INFO]: Target tick rate: 20,0 per second. Average time per tick: 45,6ms (Target: 50,0ms) [22:05:03] [Server thread/INFO]: Percentiles: P50: 44,5ms P95: 55,6ms P99: 62,3ms, sample: 100"
"without-umce","1","2026-09-29T20:05:03.6843397+00:00",,"False","False","False","False","False","none","False","0","2000","500","0","0","0","False","0","45,4","44,5","55,6","62,3","100","100,1287254894893","127,56072771544949","1677488128","[22:05:03] [Server thread/INFO]: The game is running normally [22:05:03] [Server thread/INFO]: Target tick rate: 20,0 per second. Average time per tick: 45,4ms (Target: 50,0ms) [22:05:03] [Server thread/INFO]: Percentiles: P50: 44,5ms P95: 55,6ms P99: 62,3ms, sample: 100"
"without-umce","1","2026-09-29T20:05:03.8091469+00:00",,"False","False","False","False","False","none","False","0","2000","500","0","0","0","False","0","45,3","44,4","55,6","62,3","100","74,21944889981047","127,56072771544949","1677488128","[22:05:03] [Server thread/INFO]: The game is running normally [22:05:03] [Server thread/INFO]: Target tick rate: 20,0 per second. Average time per tick: 45,3ms (Target: 50,0ms) [22:05:03] [Server thread/INFO]: Percentiles: P50: 44,4ms P95: 55,6ms P99: 62,3ms, sample: 100"
"without-umce","1","2026-09-29T20:05:03.9354846+00:00",,"False","False","False","False","False","none","False","0","2000","500","0","0","0","False","0","45,1","44,1","55,1","62,3","100","115,45045174478985","127,56072771544949","1677488128","[22:05:03] [Server thread/INFO]: The game is running normally [22:05:03] [Server thread/INFO]: Target tick rate: 20,0 per second. Average time per tick: 45,1ms (Target: 50,0ms) [22:05:03] [Server thread/INFO]: Percentiles: P50: 44,1ms P95: 55,1ms P99: 62,3ms, sample: 100"
"without-umce","1","2026-09-29T20:05:04.0572748+00:00",,"False","False","False","False","False","none","False","0","2000","500","0","0","0","False","0","45","44,1","52,8","62,3","100","62,34916490027326","127,56072771544949","1677488128","[22:05:04] [Server thread/INFO]: The game is running normally [22:05:04] [Server thread/INFO]: Target tick rate: 20,0 per second. Average time per tick: 45,0ms (Target: 50,0ms) [22:05:04] [Server thread/INFO]: Percentiles: P50: 44,1ms P95: 52,8ms P99: 62,3ms, sample: 100"
"without-umce","1","2026-09-29T20:05:04.1826664+00:00",,"False","False","False","False","False","none","False","0","2000","500","0","0","0","False","0","44,7","43,9","52,8","62,3","100","100,53023668034682","127,56072771544949","1677488128","[22:05:04] [Server thread/INFO]: The game is running normally [22:05:04] [Server thread/INFO]: Target tick rate: 20,0 per second. Average time per tick: 44,7ms (Target: 50,0ms) [22:05:04] [Server thread/INFO]: Percentiles: P50: 43,9ms P95: 52,8ms P99: 62,3ms, sample: 100"
"without-umce","1","2026-09-29T20:05:04.3069202+00:00",,"False","False","False","False","False","none","False","0","2000","500","0","0","0","False","0","44,5","43,9","52","62,3","100","138,43816777538018","127,56072771544949","1677488128","[22:05:04] [Server thread/INFO]: The game is running normally [22:05:04] [Server thread/INFO]: Target tick rate: 20,0 per second. Average time per tick: 44,5ms (Target: 50,0ms) [22:05:04] [Server thread/INFO]: Percentiles: P50: 43,9ms P95: 52,0ms P99: 62,3ms, sample: 100"
"without-umce","1","2026-09-29T20:05:04.4310852+00:00",,"False","False","False","False","False","none","False","0","2000","500","0","0","0","False","0","44,6","43,9","52,8","62,3","100","99,95873703335263","127,56072771544949","1677488128","[22:05:04] [Server thread/INFO]: The game is running normally [22:05:04] [Server thread/INFO]: Target tick rate: 20,0 per second. Average time per tick: 44,6ms (Target: 50,0ms) [22:05:04] [Server thread/INFO]: Percentiles: P50: 43,9ms P95: 52,8ms P99: 62,3ms, sample: 100"
"without-umce","1","2026-09-29T20:05:04.5561255+00:00",,"False","False","False","False","False","none","False","0","2000","500","0","0","0","False","0","44,7","43,9","52,8","62,3","100","87,58962170092438","127,56072771544949","1677488128","[22:05:04] [Server thread/INFO]: The game is running normally [22:05:04] [Server thread/INFO]: Target tick rate: 20,0 per second. Average time per tick: 44,7ms (Target: 50,0ms) [22:05:04] [Server thread/INFO]: Percentiles: P50: 43,9ms P95: 52,8ms P99: 62,3ms, sample: 100"
"without-umce","1","2026-09-29T20:05:04.6810155+00:00",,"False","False","False","False","False","none","False","0","2000","500","0","0","0","False","0","44,8","44","52,8","62,3","100","137,81300088761597","127,56072771544949","1677488128","[22:05:04] [Server thread/INFO]: The game is running normally [22:05:04] [Server thread/INFO]: Target tick rate: 20,0 per second. Average time per tick: 44,8ms (Target: 50,0ms) [22:05:04] [Server thread/INFO]: Percentiles: P50: 44,0ms P95: 52,8ms P99: 62,3ms, sample: 100"
"without-umce","1","2026-09-29T20:05:04.8057630+00:00",,"False","False","False","False","False","none","False","0","2000","500","0","0","0","False","0","45","44,1","53,3","62,3","100","100,02440595505304","127,56072771544949","1677488128","[22:05:04] [Server thread/INFO]: The game is running normally [22:05:04] [Server thread/INFO]: Target tick rate: 20,0 per second. Average time per tick: 45,0ms (Target: 50,0ms) [22:05:04] [Server thread/INFO]: Percentiles: P50: 44,1ms P95: 53,3ms P99: 62,3ms, sample: 100"
"without-umce","1","2026-09-29T20:05:04.9306837+00:00",,"False","False","False","False","False","none","False","0","2000","500","0","0","0","False","0","45,1","44,2","53,3","62,3","100","87,11758863293686","127,56072771544949","1677488128","[22:05:04] [Server thread/INFO]: The game is running normally [22:05:04] [Server thread/INFO]: Target tick rate: 20,0 per second. Average time per tick: 45,1ms (Target: 50,0ms) [22:05:04] [Server thread/INFO]: Percentiles: P50: 44,2ms P95: 53,3ms P99: 62,3ms, sample: 100"
"without-umce","1","2026-09-29T20:05:05.0563510+00:00",,"False","False","False","False","False","none","False","0","2000","500","0","0","0","False","0","45,1","44,2","53,3","62,3","100","63,393801891630474","127,56072771544949","1677488128","[22:05:05] [Server thread/INFO]: The game is running normally [22:05:05] [Server thread/INFO]: Target tick rate: 20,0 per second. Average time per tick: 45,1ms (Target: 50,0ms) [22:05:05] [Server thread/INFO]: Percentiles: P50: 44,2ms P95: 53,3ms P99: 62,3ms, sample: 100"
"without-umce","1","2026-09-29T20:05:05.1794796+00:00",,"False","False","False","False","False","none","False","0","2000","500","0","0","0","False","0","45","44","53,3","62,3","100","124,67852888113289","127,56072771544949","1677488128","[22:05:05] [Server thread/INFO]: The game is running normally [22:05:05] [Server thread/INFO]: Target tick rate: 20,0 per second. Average time per tick: 45,0ms (Target: 50,0ms) [22:05:05] [Server thread/INFO]: Percentiles: P50: 44,0ms P95: 53,3ms P99: 62,3ms, sample: 100"
"without-umce","1","2026-09-29T20:05:05.3047915+00:00",,"False","False","False","False","False","none","False","0","2000","500","0","0","0","False","0","45","44","53,3","62,3","100","78,89006457625125","127,56072771544949","1677488128","[22:05:05] [Server thread/INFO]: The game is running normally [22:05:05] [Server thread/INFO]: Target tick rate: 20,0 per second. Average time per tick: 45,0ms (Target: 50,0ms) [22:05:05] [Server thread/INFO]: Percentiles: P50: 44,0ms P95: 53,3ms P99: 62,3ms, sample: 100"
"without-umce","1","2026-09-29T20:05:05.4434534+00:00",,"False","False","False","False","False","none","False","0","2000","500","0","0","0","False","0","45,1","44,1","53,3","62,3","100","100,96066088040926","127,56072771544949","1677488128","[22:05:05] [Server thread/INFO]: The game is running normally [22:05:05] [Server thread/INFO]: Target tick rate: 20,0 per second. Average time per tick: 45,1ms (Target: 50,0ms) [22:05:05] [Server thread/INFO]: Percentiles: P50: 44,1ms P95: 53,3ms P99: 62,3ms, sample: 100"
"without-umce","1","2026-09-29T20:05:05.5672583+00:00",,"False","False","False","False","False","none","False","0","2000","500","0","0","0","False","0","45,1","44,1","53,5","62,3","100","98,80446596186148","127,56072771544949","1677488128","[22:05:05] [Server thread/INFO]: The game is running normally [22:05:05] [Server thread/INFO]: Target tick rate: 20,0 per second. Average time per tick: 45,1ms (Target: 50,0ms) [22:05:05] [Server thread/INFO]: Percentiles: P50: 44,1ms P95: 53,5ms P99: 62,3ms, sample: 100"
"without-umce","1","2026-09-29T20:05:05.6937828+00:00",,"False","False","False","False","False","none","False","0","2000","500","0","0","0","False","0","45,1","44,1","53,3","62,3","100","110,60247735392154","127,56072771544949","1677488128","[22:05:05] [Server thread/INFO]: The game is running normally [22:05:05] [Server thread/INFO]: Target tick rate: 20,0 per second. Average time per tick: 45,1ms (Target: 50,0ms) [22:05:05] [Server thread/INFO]: Percentiles: P50: 44,1ms P95: 53,3ms P99: 62,3ms, sample: 100"
"without-umce","1","2026-09-29T20:05:05.8351256+00:00",,"False","False","False","False","False","none","False","0","2000","500","0","0","0","False","0","45,3","44,1","53,5","66,6","100","113,00624083745402","127,56072771544949","1677488128","[22:05:05] [Server thread/INFO]: The game is running normally [22:05:05] [Server thread/INFO]: Target tick rate: 20,0 per second. Average time per tick: 45,3ms (Target: 50,0ms) [22:05:05] [Server thread/INFO]: Percentiles: P50: 44,1ms P95: 53,5ms P99: 66,6ms, sample: 100"
"without-umce","1","2026-09-29T20:05:05.9732895+00:00",,"False","False","False","False","False","none","False","0","2000","500","0","0","0","False","0","45,3","44,1","53,5","66,6","100","111,3505946220731","127,56072771544949","1677488128","[22:05:05] [Server thread/INFO]: The game is running normally [22:05:05] [Server thread/INFO]: Target tick rate: 20,0 per second. Average time per tick: 45,3ms (Target: 50,0ms) [22:05:05] [Server thread/INFO]: Percentiles: P50: 44,1ms P95: 53,5ms P99: 66,6ms, sample: 100"
"umce-passive","1","2026-09-29T20:05:32.2666172+00:00","6181ee353c3d79aca0a796e4aedb26e41e15f1d06a1c855ab91eac390bf59223","False","False","False","False","False","none","False","0","2000","500","0","0","0","False","0","47,7","47","56,6","74,8","100","126,03632104617002","125,20104965255754","1943355392","[22:05:32] [Server thread/INFO]: The game is running normally [22:05:32] [Server thread/INFO]: Target tick rate: 20,0 per second. Average time per tick: 47,7ms (Target: 50,0ms) [22:05:32] [Server thread/INFO]: Percentiles: P50: 47,0ms P95: 56,6ms P99: 74,8ms, sample: 100"
"umce-passive","1","2026-09-29T20:05:32.3981492+00:00","6181ee353c3d79aca0a796e4aedb26e41e15f1d06a1c855ab91eac390bf59223","False","False","False","False","False","none","False","0","2000","500","0","0","0","False","0","47,8","47","62,4","74,8","100","110,85955353931098","125,20104965255754","1943355392","[22:05:32] [Server thread/INFO]: The game is running normally [22:05:32] [Server thread/INFO]: Target tick rate: 20,0 per second. Average time per tick: 47,8ms (Target: 50,0ms) [22:05:32] [Server thread/INFO]: Percentiles: P50: 47,0ms P95: 62,4ms P99: 74,8ms, sample: 100"
"umce-passive","1","2026-09-29T20:05:32.5317493+00:00","6181ee353c3d79aca0a796e4aedb26e41e15f1d06a1c855ab91eac390bf59223","False","False","False","False","False","none","False","0","2000","500","0","0","0","False","0","47,7","46,9","62,4","74,8","100","88,13946947896378","125,20104965255754","1943355392","[22:05:32] [Server thread/INFO]: The game is running normally [22:05:32] [Server thread/INFO]: Target tick rate: 20,0 per second. Average time per tick: 47,7ms (Target: 50,0ms) [22:05:32] [Server thread/INFO]: Percentiles: P50: 46,9ms P95: 62,4ms P99: 74,8ms, sample: 100"
"umce-passive","1","2026-09-29T20:05:32.6557524+00:00","6181ee353c3d79aca0a796e4aedb26e41e15f1d06a1c855ab91eac390bf59223","False","False","False","False","False","none","False","0","2000","500","0","0","0","False","0","47,7","47","62,4","74,8","100","100,64258276242151","125,20104965255754","1943355392","[22:05:32] [Server thread/INFO]: The game is running normally [22:05:32] [Server thread/INFO]: Target tick rate: 20,0 per second. Average time per tick: 47,7ms (Target: 50,0ms) [22:05:32] [Server thread/INFO]: Percentiles: P50: 47,0ms P95: 62,4ms P99: 74,8ms, sample: 100"
"umce-passive","1","2026-09-29T20:05:32.7799272+00:00","6181ee353c3d79aca0a796e4aedb26e41e15f1d06a1c855ab91eac390bf59223","False","False","False","False","False","none","False","0","2000","500","0","0","0","False","0","47,5","46,9","62,4","74,8","100","126,31580649307708","125,20104965255754","1943355392","[22:05:32] [Server thread/INFO]: The game is running normally [22:05:32] [Server thread/INFO]: Target tick rate: 20,0 per second. Average time per tick: 47,5ms (Target: 50,0ms) [22:05:32] [Server thread/INFO]: Percentiles: P50: 46,9ms P95: 62,4ms P99: 74,8ms, sample: 100"
"umce-passive","1","2026-09-29T20:05:32.9036413+00:00","6181ee353c3d79aca0a796e4aedb26e41e15f1d06a1c855ab91eac390bf59223","False","False","False","False","False","none","False","0","2000","500","0","0","0","False","0","47,2","46,5","56,6","74,8","100","138,01706714033455","125,20104965255754","1943355392","[22:05:32] [Server thread/INFO]: The game is running normally [22:05:32] [Server thread/INFO]: Target tick rate: 20,0 per second. Average time per tick: 47,2ms (Target: 50,0ms) [22:05:32] [Server thread/INFO]: Percentiles: P50: 46,5ms P95: 56,6ms P99: 74,8ms, sample: 100"
"umce-passive","1","2026-09-29T20:05:33.0281481+00:00","6181ee353c3d79aca0a796e4aedb26e41e15f1d06a1c855ab91eac390bf59223","False","False","False","False","False","none","False","0","2000","500","0","0","0","False","0","47","46,4","56,6","74,8","100","112,28817957804398","125,20104965255754","1943355392","[22:05:33] [Server thread/INFO]: The game is running normally [22:05:33] [Server thread/INFO]: Target tick rate: 20,0 per second. Average time per tick: 47,0ms (Target: 50,0ms) [22:05:33] [Server thread/INFO]: Percentiles: P50: 46,4ms P95: 56,6ms P99: 74,8ms, sample: 100"
"umce-passive","1","2026-09-29T20:05:33.1534166+00:00","6181ee353c3d79aca0a796e4aedb26e41e15f1d06a1c855ab91eac390bf59223","False","False","False","False","False","none","False","0","2000","500","0","0","0","False","0","46,8","45,9","56,6","74,8","100","189,5006722978518","125,20104965255754","1943355392","[22:05:33] [Server thread/INFO]: The game is running normally [22:05:33] [Server thread/INFO]: Target tick rate: 20,0 per second. Average time per tick: 46,8ms (Target: 50,0ms) [22:05:33] [Server thread/INFO]: Percentiles: P50: 45,9ms P95: 56,6ms P99: 74,8ms, sample: 100"
"umce-passive","1","2026-09-29T20:05:33.2770929+00:00","6181ee353c3d79aca0a796e4aedb26e41e15f1d06a1c855ab91eac390bf59223","False","False","False","False","False","none","False","0","2000","500","0","0","0","False","0","46,6","45,7","56,6","66,5","100","151,02759173415922","125,20104965255754","1943355392","[22:05:33] [Server thread/INFO]: The game is running normally [22:05:33] [Server thread/INFO]: Target tick rate: 20,0 per second. Average time per tick: 46,6ms (Target: 50,0ms) [22:05:33] [Server thread/INFO]: Percentiles: P50: 45,7ms P95: 56,6ms P99: 66,5ms, sample: 100"
"umce-passive","1","2026-09-29T20:05:33.4012222+00:00","6181ee353c3d79aca0a796e4aedb26e41e15f1d06a1c855ab91eac390bf59223","False","False","False","False","False","none","False","0","2000","500","0","0","0","False","0","46,5","45,7","55,3","66,5","100","100,53322824259874","125,20104965255754","1943355392","[22:05:33] [Server thread/INFO]: The game is running normally [22:05:33] [Server thread/INFO]: Target tick rate: 20,0 per second. Average time per tick: 46,5ms (Target: 50,0ms) [22:05:33] [Server thread/INFO]: Percentiles: P50: 45,7ms P95: 55,3ms P99: 66,5ms, sample: 100"
"umce-passive","1","2026-09-29T20:05:33.5256352+00:00","6181ee353c3d79aca0a796e4aedb26e41e15f1d06a1c855ab91eac390bf59223","False","False","False","False","False","none","False","0","2000","500","0","0","0","False","0","46,3","45,6","55,3","66,5","100","101,96964567587521","125,20104965255754","1943355392","[22:05:33] [Server thread/INFO]: The game is running normally [22:05:33] [Server thread/INFO]: Target tick rate: 20,0 per second. Average time per tick: 46,3ms (Target: 50,0ms) [22:05:33] [Server thread/INFO]: Percentiles: P50: 45,6ms P95: 55,3ms P99: 66,5ms, sample: 100"
"umce-passive","1","2026-09-29T20:05:33.6481983+00:00","6181ee353c3d79aca0a796e4aedb26e41e15f1d06a1c855ab91eac390bf59223","False","False","False","False","False","none","False","0","2000","500","0","0","0","False","0","46","45,1","55,3","66,5","100","126,33899116395202","125,20104965255754","1943355392","[22:05:33] [Server thread/INFO]: The game is running normally [22:05:33] [Server thread/INFO]: Target tick rate: 20,0 per second. Average time per tick: 46,0ms (Target: 50,0ms) [22:05:33] [Server thread/INFO]: Percentiles: P50: 45,1ms P95: 55,3ms P99: 66,5ms, sample: 100"
"umce-passive","1","2026-09-29T20:05:33.7718743+00:00","6181ee353c3d79aca0a796e4aedb26e41e15f1d06a1c855ab91eac390bf59223","False","False","False","False","False","none","False","0","2000","500","0","0","0","False","0","45,9","44,8","55,3","66,5","100","106,44414560605378","125,20104965255754","1943355392","[22:05:33] [Server thread/INFO]: The game is running normally [22:05:33] [Server thread/INFO]: Target tick rate: 20,0 per second. Average time per tick: 45,9ms (Target: 50,0ms) [22:05:33] [Server thread/INFO]: Percentiles: P50: 44,8ms P95: 55,3ms P99: 66,5ms, sample: 100"
"umce-passive","1","2026-09-29T20:05:33.9195110+00:00","6181ee353c3d79aca0a796e4aedb26e41e15f1d06a1c855ab91eac390bf59223","False","False","False","False","False","none","False","0","2000","500","0","0","0","False","0","45,9","44,9","55,3","66,5","100","104,29338312716617","125,20104965255754","1943355392","[22:05:33] [Server thread/INFO]: The game is running normally [22:05:33] [Server thread/INFO]: Target tick rate: 20,0 per second. Average time per tick: 45,9ms (Target: 50,0ms) [22:05:33] [Server thread/INFO]: Percentiles: P50: 44,9ms P95: 55,3ms P99: 66,5ms, sample: 100"
"umce-passive","1","2026-09-29T20:05:34.0384739+00:00","6181ee353c3d79aca0a796e4aedb26e41e15f1d06a1c855ab91eac390bf59223","False","False","False","False","False","none","False","0","2000","500","0","0","0","False","0","46","44,9","56,7","66,5","100","136,0651117574506","125,20104965255754","1943355392","[22:05:34] [Server thread/INFO]: The game is running normally [22:05:34] [Server thread/INFO]: Target tick rate: 20,0 per second. Average time per tick: 46,0ms (Target: 50,0ms) [22:05:34] [Server thread/INFO]: Percentiles: P50: 44,9ms P95: 56,7ms P99: 66,5ms, sample: 100"
"umce-passive","1","2026-09-29T20:05:34.1648209+00:00","6181ee353c3d79aca0a796e4aedb26e41e15f1d06a1c855ab91eac390bf59223","False","False","False","False","False","none","False","0","2000","500","0","0","0","False","0","45,9","44,9","56,7","66,5","100","227,72228326303969","125,20104965255754","1943355392","[22:05:34] [Server thread/INFO]: The game is running normally [22:05:34] [Server thread/INFO]: Target tick rate: 20,0 per second. Average time per tick: 45,9ms (Target: 50,0ms) [22:05:34] [Server thread/INFO]: Percentiles: P50: 44,9ms P95: 56,7ms P99: 66,5ms, sample: 100"
"umce-passive","1","2026-09-29T20:05:34.2883049+00:00","6181ee353c3d79aca0a796e4aedb26e41e15f1d06a1c855ab91eac390bf59223","False","False","False","False","False","none","False","0","2000","500","0","0","0","False","0","46","45,1","56,7","66,5","100","160,6216264516241","125,20104965255754","1943355392","[22:05:34] [Server thread/INFO]: The game is running normally [22:05:34] [Server thread/INFO]: Target tick rate: 20,0 per second. Average time per tick: 46,0ms (Target: 50,0ms) [22:05:34] [Server thread/INFO]: Percentiles: P50: 45,1ms P95: 56,7ms P99: 66,5ms, sample: 100"
"umce-passive","1","2026-09-29T20:05:34.4147935+00:00","6181ee353c3d79aca0a796e4aedb26e41e15f1d06a1c855ab91eac390bf59223","False","False","False","False","False","none","False","0","2000","500","0","0","0","False","0","46,6","45,3","57,3","106,4","100","151,57663957419496","125,20104965255754","1943355392","[22:05:34] [Server thread/INFO]: The game is running normally [22:05:34] [Server thread/INFO]: Target tick rate: 20,0 per second. Average time per tick: 46,6ms (Target: 50,0ms) [22:05:34] [Server thread/INFO]: Percentiles: P50: 45,3ms P95: 57,3ms P99: 106,4ms, sample: 100"
"umce-passive","1","2026-09-29T20:05:34.5384366+00:00","6181ee353c3d79aca0a796e4aedb26e41e15f1d06a1c855ab91eac390bf59223","False","False","False","False","False","none","False","0","2000","500","0","0","0","False","0","46,6","45,1","57,3","106,4","100","175,8229922621808","125,20104965255754","1943355392","[22:05:34] [Server thread/INFO]: The game is running normally [22:05:34] [Server thread/INFO]: Target tick rate: 20,0 per second. Average time per tick: 46,6ms (Target: 50,0ms) [22:05:34] [Server thread/INFO]: Percentiles: P50: 45,1ms P95: 57,3ms P99: 106,4ms, sample: 100"
"umce-passive","1","2026-09-29T20:05:34.6628440+00:00","6181ee353c3d79aca0a796e4aedb26e41e15f1d06a1c855ab91eac390bf59223","False","False","False","False","False","none","False","0","2000","500","0","0","0","False","0","46,8","45,3","57,3","106,4","100","199,77625059932876","125,20104965255754","1943355392","[22:05:34] [Server thread/INFO]: The game is running normally [22:05:34] [Server thread/INFO]: Target tick rate: 20,0 per second. Average time per tick: 46,8ms (Target: 50,0ms) [22:05:34] [Server thread/INFO]: Percentiles: P50: 45,3ms P95: 57,3ms P99: 106,4ms, sample: 100"
"umce-passive","1","2026-09-29T20:05:34.8036685+00:00","6181ee353c3d79aca0a796e4aedb26e41e15f1d06a1c855ab91eac390bf59223","False","False","False","False","False","none","False","0","2000","500","0","0","0","False","0","46,9","45,6","57,3","106,4","100","230,80074935183123","125,20104965255754","1943355392","[22:05:34] [Server thread/INFO]: The game is running normally [22:05:34] [Server thread/INFO]: Target tick rate: 20,0 per second. Average time per tick: 46,9ms (Target: 50,0ms) [22:05:34] [Server thread/INFO]: Percentiles: P50: 45,6ms P95: 57,3ms P99: 106,4ms, sample: 100"
"umce-passive","1","2026-09-29T20:05:34.9593823+00:00","6181ee353c3d79aca0a796e4aedb26e41e15f1d06a1c855ab91eac390bf59223","False","False","False","False","False","none","False","0","2000","500","0","0","0","False","0","47,2","45,7","60,1","106,4","100","222,34760650806103","125,20104965255754","1943355392","[22:05:34] [Server thread/INFO]: The game is running normally [22:05:34] [Server thread/INFO]: Target tick rate: 20,0 per second. Average time per tick: 47,2ms (Target: 50,0ms) [22:05:34] [Server thread/INFO]: Percentiles: P50: 45,7ms P95: 60,1ms P99: 106,4ms, sample: 100"
"umce-passive","1","2026-09-29T20:05:35.1008476+00:00","6181ee353c3d79aca0a796e4aedb26e41e15f1d06a1c855ab91eac390bf59223","False","False","False","False","False","none","False","0","2000","500","0","0","0","False","0","47,3","45,7","60,1","106,4","100","169,54406300998852","125,20104965255754","1943355392","[22:05:35] [Server thread/INFO]: The game is running normally [22:05:35] [Server thread/INFO]: Target tick rate: 20,0 per second. Average time per tick: 47,3ms (Target: 50,0ms) [22:05:35] [Server thread/INFO]: Percentiles: P50: 45,7ms P95: 60,1ms P99: 106,4ms, sample: 100"
"umce-passive","1","2026-09-29T20:05:35.2381303+00:00","6181ee353c3d79aca0a796e4aedb26e41e15f1d06a1c855ab91eac390bf59223","False","False","False","False","False","none","False","0","2000","500","0","0","0","False","0","47,4","45,7","60,1","106,4","100","148,40729293225107","125,20104965255754","1943355392","[22:05:35] [Server thread/INFO]: The game is running normally [22:05:35] [Server thread/INFO]: Target tick rate: 20,0 per second. Average time per tick: 47,4ms (Target: 50,0ms) [22:05:35] [Server thread/INFO]: Percentiles: P50: 45,7ms P95: 60,1ms P99: 106,4ms, sample: 100"
"umce-passive","1","2026-09-29T20:05:35.3645150+00:00","6181ee353c3d79aca0a796e4aedb26e41e15f1d06a1c855ab91eac390bf59223","False","False","False","False","False","none","False","0","2000","500","0","0","0","False","0","47,5","45,9","60,1","106,4","100","164,03881531874205","125,20104965255754","1943355392","[22:05:35] [Server thread/INFO]: The game is running normally [22:05:35] [Server thread/INFO]: Target tick rate: 20,0 per second. Average time per tick: 47,5ms (Target: 50,0ms) [22:05:35] [Server thread/INFO]: Percentiles: P50: 45,9ms P95: 60,1ms P99: 106,4ms, sample: 100"
"umce-passive","1","2026-09-29T20:05:35.4883186+00:00","6181ee353c3d79aca0a796e4aedb26e41e15f1d06a1c855ab91eac390bf59223","False","False","False","False","False","none","False","0","2000","500","0","0","0","False","0","47,6","45,9","60,1","106,4","100","250,51807137159648","125,20104965255754","1943355392","[22:05:35] [Server thread/INFO]: The game is running normally [22:05:35] [Server thread/INFO]: Target tick rate: 20,0 per second. Average time per tick: 47,6ms (Target: 50,0ms) [22:05:35] [Server thread/INFO]: Percentiles: P50: 45,9ms P95: 60,1ms P99: 106,4ms, sample: 100"
"umce-passive","1","2026-09-29T20:05:35.6130388+00:00","6181ee353c3d79aca0a796e4aedb26e41e15f1d06a1c855ab91eac390bf59223","False","False","False","False","False","none","False","0","2000","500","0","0","0","False","0","47,7","45,9","60,1","106,4","100","460,59314438225744","125,20104965255754","1943355392","[22:05:35] [Server thread/INFO]: The game is running normally [22:05:35] [Server thread/INFO]: Target tick rate: 20,0 per second. Average time per tick: 47,7ms (Target: 50,0ms) [22:05:35] [Server thread/INFO]: Percentiles: P50: 45,9ms P95: 60,1ms P99: 106,4ms, sample: 100"
"umce-passive","1","2026-09-29T20:05:35.7385661+00:00","6181ee353c3d79aca0a796e4aedb26e41e15f1d06a1c855ab91eac390bf59223","False","False","False","False","False","none","False","0","2000","500","0","0","0","False","0","48","46,2","62,8","106,4","100","427,86429473467183","125,20104965255754","1943355392","[22:05:35] [Server thread/INFO]: The game is running normally [22:05:35] [Server thread/INFO]: Target tick rate: 20,0 per second. Average time per tick: 48,0ms (Target: 50,0ms) [22:05:35] [Server thread/INFO]: Percentiles: P50: 46,2ms P95: 62,8ms P99: 106,4ms, sample: 100"
"umce-passive","1","2026-09-29T20:05:35.8627075+00:00","6181ee353c3d79aca0a796e4aedb26e41e15f1d06a1c855ab91eac390bf59223","False","False","False","False","False","none","False","0","2000","500","0","0","0","False","0","48,4","46,5","62,8","106,4","100","112,85798553010149","125,20104965255754","1943355392","[22:05:35] [Server thread/INFO]: The game is running normally [22:05:35] [Server thread/INFO]: Target tick rate: 20,0 per second. Average time per tick: 48,4ms (Target: 50,0ms) [22:05:35] [Server thread/INFO]: Percentiles: P50: 46,5ms P95: 62,8ms P99: 106,4ms, sample: 100"
"umce-passive","1","2026-09-29T20:05:35.9873394+00:00","6181ee353c3d79aca0a796e4aedb26e41e15f1d06a1c855ab91eac390bf59223","False","False","False","False","False","none","False","0","2000","500","0","0","0","False","0","48,4","46,7","62,8","106,4","100","88,49525301349092","125,20104965255754","1943355392","[22:05:36] [Server thread/INFO]: The game is running normally [22:05:36] [Server thread/INFO]: Target tick rate: 20,0 per second. Average time per tick: 48,4ms (Target: 50,0ms) [22:05:36] [Server thread/INFO]: Percentiles: P50: 46,7ms P95: 62,8ms P99: 106,4ms, sample: 100"
"umce-passive","1","2026-09-29T20:05:36.1109275+00:00","6181ee353c3d79aca0a796e4aedb26e41e15f1d06a1c855ab91eac390bf59223","False","False","False","False","False","none","False","0","2000","500","0","0","0","False","0","48,4","46,5","62,8","106,4","100","112,96696022679346","125,20104965255754","1943355392","[22:05:36] [Server thread/INFO]: The game is running normally [22:05:36] [Server thread/INFO]: Target tick rate: 20,0 per second. Average time per tick: 48,4ms (Target: 50,0ms) [22:05:36] [Server thread/INFO]: Percentiles: P50: 46,5ms P95: 62,8ms P99: 106,4ms, sample: 100"
"umce-passive","1","2026-09-29T20:05:36.2354047+00:00","6181ee353c3d79aca0a796e4aedb26e41e15f1d06a1c855ab91eac390bf59223","False","False","False","False","False","none","False","0","2000","500","0","0","0","False","0","48,6","46,7","62,8","106,4","100","100,87226262940902","125,20104965255754","1943355392","[22:05:36] [Server thread/INFO]: The game is running normally [22:05:36] [Server thread/INFO]: Target tick rate: 20,0 per second. Average time per tick: 48,6ms (Target: 50,0ms) [22:05:36] [Server thread/INFO]: Percentiles: P50: 46,7ms P95: 62,8ms P99: 106,4ms, sample: 100"
"umce-passive","1","2026-09-29T20:05:36.3593573+00:00","6181ee353c3d79aca0a796e4aedb26e41e15f1d06a1c855ab91eac390bf59223","False","False","False","False","False","none","False","0","2000","500","0","0","0","False","0","48,7","46,8","62,8","106,4","100","137,73856319144758","125,20104965255754","1943355392","[22:05:36] [Server thread/INFO]: The game is running normally [22:05:36] [Server thread/INFO]: Target tick rate: 20,0 per second. Average time per tick: 48,7ms (Target: 50,0ms) [22:05:36] [Server thread/INFO]: Percentiles: P50: 46,8ms P95: 62,8ms P99: 106,4ms, sample: 100"
"umce-passive","1","2026-09-29T20:05:36.4841098+00:00","6181ee353c3d79aca0a796e4aedb26e41e15f1d06a1c855ab91eac390bf59223","False","False","False","False","False","none","False","0","2000","500","0","0","0","False","0","48,7","46,8","62,8","106,4","100","185,29601507825322","125,20104965255754","1943355392","[22:05:36] [Server thread/INFO]: The game is running normally [22:05:36] [Server thread/INFO]: Target tick rate: 20,0 per second. Average time per tick: 48,7ms (Target: 50,0ms) [22:05:36] [Server thread/INFO]: Percentiles: P50: 46,8ms P95: 62,8ms P99: 106,4ms, sample: 100"
"umce-passive","1","2026-09-29T20:05:36.6106092+00:00","6181ee353c3d79aca0a796e4aedb26e41e15f1d06a1c855ab91eac390bf59223","False","False","False","False","False","none","False","0","2000","500","0","0","0","False","0","48,8","47,3","62,8","106,4","100","174,29959450942332","125,20104965255754","1943355392","[22:05:36] [Server thread/INFO]: The game is running normally [22:05:36] [Server thread/INFO]: Target tick rate: 20,0 per second. Average time per tick: 48,8ms (Target: 50,0ms) [22:05:36] [Server thread/INFO]: Percentiles: P50: 47,3ms P95: 62,8ms P99: 106,4ms, sample: 100"
"umce-passive","1","2026-09-29T20:05:36.7361795+00:00","6181ee353c3d79aca0a796e4aedb26e41e15f1d06a1c855ab91eac390bf59223","False","False","False","False","False","none","False","0","2000","500","0","0","0","False","0","48,8","47,4","62,8","106,4","100","205,90095669820522","125,20104965255754","1943355392","[22:05:36] [Server thread/INFO]: The game is running normally [22:05:36] [Server thread/INFO]: Target tick rate: 20,0 per second. Average time per tick: 48,8ms (Target: 50,0ms) [22:05:36] [Server thread/INFO]: Percentiles: P50: 47,4ms P95: 62,8ms P99: 106,4ms, sample: 100"
"umce-passive","1","2026-09-29T20:05:36.8651208+00:00","6181ee353c3d79aca0a796e4aedb26e41e15f1d06a1c855ab91eac390bf59223","False","False","False","False","False","none","False","0","2000","500","0","0","0","False","0","48,5","47,4","60,1","106,4","100","160,05613488762776","125,20104965255754","1943355392","[22:05:36] [Server thread/INFO]: The game is running normally [22:05:36] [Server thread/INFO]: Target tick rate: 20,0 per second. Average time per tick: 48,5ms (Target: 50,0ms) [22:05:36] [Server thread/INFO]: Percentiles: P50: 47,4ms P95: 60,1ms P99: 106,4ms, sample: 100"
"umce-passive","1","2026-09-29T20:05:36.9921952+00:00","6181ee353c3d79aca0a796e4aedb26e41e15f1d06a1c855ab91eac390bf59223","False","False","False","False","False","none","False","0","2000","500","0","0","0","False","0","48,5","47,4","60,1","106,4","100","163,69127965683055","125,20104965255754","1943355392","[22:05:36] [Server thread/INFO]: The game is running normally [22:05:36] [Server thread/INFO]: Target tick rate: 20,0 per second. Average time per tick: 48,5ms (Target: 50,0ms) [22:05:36] [Server thread/INFO]: Percentiles: P50: 47,4ms P95: 60,1ms P99: 106,4ms, sample: 100"
"umce-passive","1","2026-09-29T20:05:37.1161033+00:00","6181ee353c3d79aca0a796e4aedb26e41e15f1d06a1c855ab91eac390bf59223","False","False","False","False","False","none","False","0","2000","500","0","0","0","False","0","48,7","47,7","60,1","106,4","100","111,91624486677489","125,20104965255754","1943355392","[22:05:37] [Server thread/INFO]: The game is running normally [22:05:37] [Server thread/INFO]: Target tick rate: 20,0 per second. Average time per tick: 48,7ms (Target: 50,0ms) [22:05:37] [Server thread/INFO]: Percentiles: P50: 47,7ms P95: 60,1ms P99: 106,4ms, sample: 100"
"umce-passive","1","2026-09-29T20:05:37.2418612+00:00","6181ee353c3d79aca0a796e4aedb26e41e15f1d06a1c855ab91eac390bf59223","False","False","False","False","False","none","False","0","2000","500","0","0","0","False","0","48,4","47,3","59,9","106,4","100","150,11288488943686","125,20104965255754","1943355392","[22:05:37] [Server thread/INFO]: The game is running normally [22:05:37] [Server thread/INFO]: Target tick rate: 20,0 per second. Average time per tick: 48,4ms (Target: 50,0ms) [22:05:37] [Server thread/INFO]: Percentiles: P50: 47,3ms P95: 59,9ms P99: 106,4ms, sample: 100"
"umce-passive","1","2026-09-29T20:05:37.3666475+00:00","6181ee353c3d79aca0a796e4aedb26e41e15f1d06a1c855ab91eac390bf59223","False","False","False","False","False","none","False","0","2000","500","0","0","0","False","0","48,4","47,4","59,9","106,4","100","78,94968586145566","125,20104965255754","1943355392","[22:05:37] [Server thread/INFO]: The game is running normally [22:05:37] [Server thread/INFO]: Target tick rate: 20,0 per second. Average time per tick: 48,4ms (Target: 50,0ms) [22:05:37] [Server thread/INFO]: Percentiles: P50: 47,4ms P95: 59,9ms P99: 106,4ms, sample: 100"
"umce-passive","1","2026-09-29T20:05:37.5052251+00:00","6181ee353c3d79aca0a796e4aedb26e41e15f1d06a1c855ab91eac390bf59223","False","False","False","False","False","none","False","0","2000","500","0","0","0","False","0","48,3","47,3","59,9","106,4","100","88,09552575409771","125,20104965255754","1943355392","[22:05:37] [Server thread/INFO]: The game is running normally [22:05:37] [Server thread/INFO]: Target tick rate: 20,0 per second. Average time per tick: 48,3ms (Target: 50,0ms) [22:05:37] [Server thread/INFO]: Percentiles: P50: 47,3ms P95: 59,9ms P99: 106,4ms, sample: 100"
"umce-passive","1","2026-09-29T20:05:37.6293574+00:00","6181ee353c3d79aca0a796e4aedb26e41e15f1d06a1c855ab91eac390bf59223","False","False","False","False","False","none","False","0","2000","500","0","0","0","False","0","48,4","47,3","59,9","106,4","100","99,65201516305063","125,20104965255754","1943355392","[22:05:37] [Server thread/INFO]: The game is running normally [22:05:37] [Server thread/INFO]: Target tick rate: 20,0 per second. Average time per tick: 48,4ms (Target: 50,0ms) [22:05:37] [Server thread/INFO]: Percentiles: P50: 47,3ms P95: 59,9ms P99: 106,4ms, sample: 100"
"umce-passive","1","2026-09-29T20:05:37.7547995+00:00","6181ee353c3d79aca0a796e4aedb26e41e15f1d06a1c855ab91eac390bf59223","False","False","False","False","False","none","False","0","2000","500","0","0","0","False","0","48,5","47,3","59,9","106,4","100","112,73909707708107","125,20104965255754","1943355392","[22:05:37] [Server thread/INFO]: The game is running normally [22:05:37] [Server thread/INFO]: Target tick rate: 20,0 per second. Average time per tick: 48,5ms (Target: 50,0ms) [22:05:37] [Server thread/INFO]: Percentiles: P50: 47,3ms P95: 59,9ms P99: 106,4ms, sample: 100"
"umce-passive","1","2026-09-29T20:05:37.8795330+00:00","6181ee353c3d79aca0a796e4aedb26e41e15f1d06a1c855ab91eac390bf59223","False","False","False","False","False","none","False","0","2000","500","0","0","0","False","0","48,5","47,3","59,9","106,4","100","75,82356523616917","125,20104965255754","1943355392","[22:05:37] [Server thread/INFO]: The game is running normally [22:05:37] [Server thread/INFO]: Target tick rate: 20,0 per second. Average time per tick: 48,5ms (Target: 50,0ms) [22:05:37] [Server thread/INFO]: Percentiles: P50: 47,3ms P95: 59,9ms P99: 106,4ms, sample: 100"
"umce-passive","1","2026-09-29T20:05:38.0032446+00:00","6181ee353c3d79aca0a796e4aedb26e41e15f1d06a1c855ab91eac390bf59223","False","False","False","False","False","none","False","0","2000","500","0","0","0","False","0","48,6","47,3","59,9","106,4","100","87,53228190556676","125,20104965255754","1943355392","[22:05:38] [Server thread/INFO]: The game is running normally [22:05:38] [Server thread/INFO]: Target tick rate: 20,0 per second. Average time per tick: 48,6ms (Target: 50,0ms) [22:05:38] [Server thread/INFO]: Percentiles: P50: 47,3ms P95: 59,9ms P99: 106,4ms, sample: 100"
"umce-passive","1","2026-09-29T20:05:38.1281041+00:00","6181ee353c3d79aca0a796e4aedb26e41e15f1d06a1c855ab91eac390bf59223","False","False","False","False","False","none","False","0","2000","500","0","0","0","False","0","48,5","47,3","59,9","106,4","100","86,45356603669188","125,20104965255754","1943355392","[22:05:38] [Server thread/INFO]: The game is running normally [22:05:38] [Server thread/INFO]: Target tick rate: 20,0 per second. Average time per tick: 48,5ms (Target: 50,0ms) [22:05:38] [Server thread/INFO]: Percentiles: P50: 47,3ms P95: 59,9ms P99: 106,4ms, sample: 100"
"umce-passive","1","2026-09-29T20:05:38.2546416+00:00","6181ee353c3d79aca0a796e4aedb26e41e15f1d06a1c855ab91eac390bf59223","False","False","False","False","False","none","False","0","2000","500","0","0","0","False","0","48,3","46,7","59,9","106,4","100","102,17059383183864","125,20104965255754","1943355392","[22:05:38] [Server thread/INFO]: The game is running normally [22:05:38] [Server thread/INFO]: Target tick rate: 20,0 per second. Average time per tick: 48,3ms (Target: 50,0ms) [22:05:38] [Server thread/INFO]: Percentiles: P50: 46,7ms P95: 59,9ms P99: 106,4ms, sample: 100"
"umce-passive","1","2026-09-29T20:05:38.3769884+00:00","6181ee353c3d79aca0a796e4aedb26e41e15f1d06a1c855ab91eac390bf59223","False","False","False","False","False","none","False","0","2000","500","0","0","0","False","0","48,3","46,7","59,9","106,4","100","87,49510027438463","125,20104965255754","1943355392","[22:05:38] [Server thread/INFO]: The game is running normally [22:05:38] [Server thread/INFO]: Target tick rate: 20,0 per second. Average time per tick: 48,3ms (Target: 50,0ms) [22:05:38] [Server thread/INFO]: Percentiles: P50: 46,7ms P95: 59,9ms P99: 106,4ms, sample: 100"
"umce-passive","1","2026-09-29T20:05:38.5019645+00:00","6181ee353c3d79aca0a796e4aedb26e41e15f1d06a1c855ab91eac390bf59223","False","False","False","False","False","none","False","0","2000","500","0","0","0","False","0","48,2","46,7","59,9","106,4","100","74,43441752190158","125,20104965255754","1943355392","[22:05:38] [Server thread/INFO]: The game is running normally [22:05:38] [Server thread/INFO]: Target tick rate: 20,0 per second. Average time per tick: 48,2ms (Target: 50,0ms) [22:05:38] [Server thread/INFO]: Percentiles: P50: 46,7ms P95: 59,9ms P99: 106,4ms, sample: 100"
"umce-passive","1","2026-09-29T20:05:38.6279332+00:00","6181ee353c3d79aca0a796e4aedb26e41e15f1d06a1c855ab91eac390bf59223","False","False","False","False","False","none","False","0","2000","500","0","0","0","False","0","48,2","46,7","59,9","106,4","100","86,27945629940609","125,20104965255754","1943355392","[22:05:38] [Server thread/INFO]: The game is running normally [22:05:38] [Server thread/INFO]: Target tick rate: 20,0 per second. Average time per tick: 48,2ms (Target: 50,0ms) [22:05:38] [Server thread/INFO]: Percentiles: P50: 46,7ms P95: 59,9ms P99: 106,4ms, sample: 100"
"umce-passive","1","2026-09-29T20:05:38.7547184+00:00","6181ee353c3d79aca0a796e4aedb26e41e15f1d06a1c855ab91eac390bf59223","False","False","False","False","False","none","False","0","2000","500","0","0","0","False","0","48,1","46,5","59,9","106,4","100","100,15431777282437","125,20104965255754","1943355392","[22:05:38] [Server thread/INFO]: The game is running normally [22:05:38] [Server thread/INFO]: Target tick rate: 20,0 per second. Average time per tick: 48,1ms (Target: 50,0ms) [22:05:38] [Server thread/INFO]: Percentiles: P50: 46,5ms P95: 59,9ms P99: 106,4ms, sample: 100"
"umce-passive","1","2026-09-29T20:05:38.8794926+00:00","6181ee353c3d79aca0a796e4aedb26e41e15f1d06a1c855ab91eac390bf59223","False","False","False","False","False","none","False","0","2000","500","0","0","0","False","0","48,1","46,8","59,9","106,4","100","87,31858690384857","125,20104965255754","1943355392","[22:05:38] [Server thread/INFO]: The game is running normally [22:05:38] [Server thread/INFO]: Target tick rate: 20,0 per second. Average time per tick: 48,1ms (Target: 50,0ms) [22:05:38] [Server thread/INFO]: Percentiles: P50: 46,8ms P95: 59,9ms P99: 106,4ms, sample: 100"
"umce-passive","1","2026-09-29T20:05:39.0047970+00:00","6181ee353c3d79aca0a796e4aedb26e41e15f1d06a1c855ab91eac390bf59223","False","False","False","False","False","none","False","0","2000","500","0","0","0","False","0","47,9","46,4","59,9","106,4","100","88,07474052678157","125,20104965255754","1943355392","[22:05:39] [Server thread/INFO]: The game is running normally [22:05:39] [Server thread/INFO]: Target tick rate: 20,0 per second. Average time per tick: 47,9ms (Target: 50,0ms) [22:05:39] [Server thread/INFO]: Percentiles: P50: 46,4ms P95: 59,9ms P99: 106,4ms, sample: 100"
"umce-passive","1","2026-09-29T20:05:39.1289455+00:00","6181ee353c3d79aca0a796e4aedb26e41e15f1d06a1c855ab91eac390bf59223","False","False","False","False","False","none","False","0","2000","500","0","0","0","False","0","47,9","46,3","59,9","106,4","100","86,85353179216456","125,20104965255754","1943355392","[22:05:39] [Server thread/INFO]: The game is running normally [22:05:39] [Server thread/INFO]: Target tick rate: 20,0 per second. Average time per tick: 47,9ms (Target: 50,0ms) [22:05:39] [Server thread/INFO]: Percentiles: P50: 46,3ms P95: 59,9ms P99: 106,4ms, sample: 100"
"umce-passive","1","2026-09-29T20:05:39.2549590+00:00","6181ee353c3d79aca0a796e4aedb26e41e15f1d06a1c855ab91eac390bf59223","False","False","False","False","False","none","False","0","2000","500","0","0","0","False","0","47,3","46,1","58,9","67,2","100","88,84446552794122","125,20104965255754","1943355392","[22:05:39] [Server thread/INFO]: The game is running normally [22:05:39] [Server thread/INFO]: Target tick rate: 20,0 per second. Average time per tick: 47,3ms (Target: 50,0ms) [22:05:39] [Server thread/INFO]: Percentiles: P50: 46,1ms P95: 58,9ms P99: 67,2ms, sample: 100"
"umce-passive","1","2026-09-29T20:05:39.3779995+00:00","6181ee353c3d79aca0a796e4aedb26e41e15f1d06a1c855ab91eac390bf59223","False","False","False","False","False","none","False","0","2000","500","0","0","0","False","0","47,2","45,7","58,9","67,2","100","99,95394122388403","125,20104965255754","1943355392","[22:05:39] [Server thread/INFO]: The game is running normally [22:05:39] [Server thread/INFO]: Target tick rate: 20,0 per second. Average time per tick: 47,2ms (Target: 50,0ms) [22:05:39] [Server thread/INFO]: Percentiles: P50: 45,7ms P95: 58,9ms P99: 67,2ms, sample: 100"
"umce-passive","1","2026-09-29T20:05:39.5030488+00:00","6181ee353c3d79aca0a796e4aedb26e41e15f1d06a1c855ab91eac390bf59223","False","False","False","False","False","none","False","0","2000","500","0","0","0","False","0","47,1","45,4","58,9","67,2","100","150,8541968039829","125,20104965255754","1943355392","[22:05:39] [Server thread/INFO]: The game is running normally [22:05:39] [Server thread/INFO]: Target tick rate: 20,0 per second. Average time per tick: 47,1ms (Target: 50,0ms) [22:05:39] [Server thread/INFO]: Percentiles: P50: 45,4ms P95: 58,9ms P99: 67,2ms, sample: 100"
"umce-passive","1","2026-09-29T20:05:39.6273619+00:00","6181ee353c3d79aca0a796e4aedb26e41e15f1d06a1c855ab91eac390bf59223","False","False","False","False","False","none","False","0","2000","500","0","0","0","False","0","47","45,4","58,9","67,2","100","88,47399248850748","125,20104965255754","1943355392","[22:05:39] [Server thread/INFO]: The game is running normally [22:05:39] [Server thread/INFO]: Target tick rate: 20,0 per second. Average time per tick: 47,0ms (Target: 50,0ms) [22:05:39] [Server thread/INFO]: Percentiles: P50: 45,4ms P95: 58,9ms P99: 67,2ms, sample: 100"
"umce-passive","1","2026-09-29T20:05:39.7509581+00:00","6181ee353c3d79aca0a796e4aedb26e41e15f1d06a1c855ab91eac390bf59223","False","False","False","False","False","none","False","0","2000","500","0","0","0","False","0","46,8","45,3","58,9","67,2","100","138,59456443205863","125,20104965255754","1943355392","[22:05:39] [Server thread/INFO]: The game is running normally [22:05:39] [Server thread/INFO]: Target tick rate: 20,0 per second. Average time per tick: 46,8ms (Target: 50,0ms) [22:05:39] [Server thread/INFO]: Percentiles: P50: 45,3ms P95: 58,9ms P99: 67,2ms, sample: 100"
"umce-passive","1","2026-09-29T20:05:39.8749690+00:00","6181ee353c3d79aca0a796e4aedb26e41e15f1d06a1c855ab91eac390bf59223","False","False","False","False","False","none","False","0","2000","500","0","0","0","False","0","46,8","45,3","58,9","67,2","100","99,55669395316534","125,20104965255754","1943355392","[22:05:39] [Server thread/INFO]: The game is running normally [22:05:39] [Server thread/INFO]: Target tick rate: 20,0 per second. Average time per tick: 46,8ms (Target: 50,0ms) [22:05:39] [Server thread/INFO]: Percentiles: P50: 45,3ms P95: 58,9ms P99: 67,2ms, sample: 100"
"umce-passive","1","2026-09-29T20:05:40.0005352+00:00","6181ee353c3d79aca0a796e4aedb26e41e15f1d06a1c855ab91eac390bf59223","False","False","False","False","False","none","False","0","2000","500","0","0","0","False","0","46,7","45,3","57,4","67,2","100","75,15048132380278","125,20104965255754","1943355392","[22:05:40] [Server thread/INFO]: The game is running normally [22:05:40] [Server thread/INFO]: Target tick rate: 20,0 per second. Average time per tick: 46,7ms (Target: 50,0ms) [22:05:40] [Server thread/INFO]: Percentiles: P50: 45,3ms P95: 57,4ms P99: 67,2ms, sample: 100"
"umce-passive","1","2026-09-29T20:05:40.1253092+00:00","6181ee353c3d79aca0a796e4aedb26e41e15f1d06a1c855ab91eac390bf59223","False","False","False","False","False","none","False","0","2000","500","0","0","0","False","0","46,5","44,9","57,4","67,2","100","113,4444019574151","125,20104965255754","1943355392","[22:05:40] [Server thread/INFO]: The game is running normally [22:05:40] [Server thread/INFO]: Target tick rate: 20,0 per second. Average time per tick: 46,5ms (Target: 50,0ms) [22:05:40] [Server thread/INFO]: Percentiles: P50: 44,9ms P95: 57,4ms P99: 67,2ms, sample: 100"
"umce-passive","1","2026-09-29T20:05:40.2492745+00:00","6181ee353c3d79aca0a796e4aedb26e41e15f1d06a1c855ab91eac390bf59223","False","False","False","False","False","none","False","0","2000","500","0","0","0","False","0","46,3","44,7","57,4","67,2","100","75,73554359943773","125,20104965255754","1943355392","[22:05:40] [Server thread/INFO]: The game is running normally [22:05:40] [Server thread/INFO]: Target tick rate: 20,0 per second. Average time per tick: 46,3ms (Target: 50,0ms) [22:05:40] [Server thread/INFO]: Percentiles: P50: 44,7ms P95: 57,4ms P99: 67,2ms, sample: 100"
"umce-passive","1","2026-09-29T20:05:40.3730195+00:00","6181ee353c3d79aca0a796e4aedb26e41e15f1d06a1c855ab91eac390bf59223","False","False","False","False","False","none","False","0","2000","500","0","0","0","False","0","46,4","44,6","58,9","67,2","100","84,80443999218443","125,20104965255754","1943355392","[22:05:40] [Server thread/INFO]: The game is running normally [22:05:40] [Server thread/INFO]: Target tick rate: 20,0 per second. Average time per tick: 46,4ms (Target: 50,0ms) [22:05:40] [Server thread/INFO]: Percentiles: P50: 44,6ms P95: 58,9ms P99: 67,2ms, sample: 100"
"umce-passive","1","2026-09-29T20:05:40.5019892+00:00","6181ee353c3d79aca0a796e4aedb26e41e15f1d06a1c855ab91eac390bf59223","False","False","False","False","False","none","False","0","2000","500","0","0","0","False","0","46,2","44,5","58,9","67,2","100","162,3025103054603","125,20104965255754","1943355392","[22:05:40] [Server thread/INFO]: The game is running normally [22:05:40] [Server thread/INFO]: Target tick rate: 20,0 per second. Average time per tick: 46,2ms (Target: 50,0ms) [22:05:40] [Server thread/INFO]: Percentiles: P50: 44,5ms P95: 58,9ms P99: 67,2ms, sample: 100"
"umce-passive","1","2026-09-29T20:05:40.6271719+00:00","6181ee353c3d79aca0a796e4aedb26e41e15f1d06a1c855ab91eac390bf59223","False","False","False","False","False","none","False","0","2000","500","0","0","0","False","0","46,1","44,5","58,9","67,2","100","88,66383698986374","125,20104965255754","1943355392","[22:05:40] [Server thread/INFO]: The game is running normally [22:05:40] [Server thread/INFO]: Target tick rate: 20,0 per second. Average time per tick: 46,1ms (Target: 50,0ms) [22:05:40] [Server thread/INFO]: Percentiles: P50: 44,5ms P95: 58,9ms P99: 67,2ms, sample: 100"
"umce-passive","1","2026-09-29T20:05:40.7505301+00:00","6181ee353c3d79aca0a796e4aedb26e41e15f1d06a1c855ab91eac390bf59223","False","False","False","False","False","none","False","0","2000","500","0","0","0","False","0","45,6","44","56","64,3","100","87,44487475095698","125,20104965255754","1943355392","[22:05:40] [Server thread/INFO]: The game is running normally [22:05:40] [Server thread/INFO]: Target tick rate: 20,0 per second. Average time per tick: 45,6ms (Target: 50,0ms) [22:05:40] [Server thread/INFO]: Percentiles: P50: 44,0ms P95: 56,0ms P99: 64,3ms, sample: 100"
"umce-passive","1","2026-09-29T20:05:40.8755779+00:00","6181ee353c3d79aca0a796e4aedb26e41e15f1d06a1c855ab91eac390bf59223","False","False","False","False","False","none","False","0","2000","500","0","0","0","False","0","45,6","44","56","64,3","100","100,71540164093588","125,20104965255754","1943355392","[22:05:40] [Server thread/INFO]: The game is running normally [22:05:40] [Server thread/INFO]: Target tick rate: 20,0 per second. Average time per tick: 45,6ms (Target: 50,0ms) [22:05:40] [Server thread/INFO]: Percentiles: P50: 44,0ms P95: 56,0ms P99: 64,3ms, sample: 100"
"umce-passive","1","2026-09-29T20:05:40.9997345+00:00","6181ee353c3d79aca0a796e4aedb26e41e15f1d06a1c855ab91eac390bf59223","False","False","False","False","False","none","False","0","2000","500","0","0","0","False","0","45,6","44","56","64,3","100","74,66579589756252","125,20104965255754","1943355392","[22:05:41] [Server thread/INFO]: The game is running normally [22:05:41] [Server thread/INFO]: Target tick rate: 20,0 per second. Average time per tick: 45,6ms (Target: 50,0ms) [22:05:41] [Server thread/INFO]: Percentiles: P50: 44,0ms P95: 56,0ms P99: 64,3ms, sample: 100"
"umce-passive","1","2026-09-29T20:05:41.1252694+00:00","6181ee353c3d79aca0a796e4aedb26e41e15f1d06a1c855ab91eac390bf59223","False","False","False","False","False","none","False","0","2000","500","0","0","0","False","0","45,6","44","56","64,3","100","100,26807672994518","125,20104965255754","1943355392","[22:05:41] [Server thread/INFO]: The game is running normally [22:05:41] [Server thread/INFO]: Target tick rate: 20,0 per second. Average time per tick: 45,6ms (Target: 50,0ms) [22:05:41] [Server thread/INFO]: Percentiles: P50: 44,0ms P95: 56,0ms P99: 64,3ms, sample: 100"
"umce-passive","1","2026-09-29T20:05:41.2499554+00:00","6181ee353c3d79aca0a796e4aedb26e41e15f1d06a1c855ab91eac390bf59223","False","False","False","False","False","none","False","0","2000","500","0","0","0","False","0","45,3","43,9","54,3","64,3","100","137,97762334095705","125,20104965255754","1943355392","[22:05:41] [Server thread/INFO]: The game is running normally [22:05:41] [Server thread/INFO]: Target tick rate: 20,0 per second. Average time per tick: 45,3ms (Target: 50,0ms) [22:05:41] [Server thread/INFO]: Percentiles: P50: 43,9ms P95: 54,3ms P99: 64,3ms, sample: 100"
"umce-passive","1","2026-09-29T20:05:41.3745113+00:00","6181ee353c3d79aca0a796e4aedb26e41e15f1d06a1c855ab91eac390bf59223","False","False","False","False","False","none","False","0","2000","500","0","0","0","False","0","45,4","43,9","54,3","64,3","100","124,61568522676068","125,20104965255754","1943355392","[22:05:41] [Server thread/INFO]: The game is running normally [22:05:41] [Server thread/INFO]: Target tick rate: 20,0 per second. Average time per tick: 45,4ms (Target: 50,0ms) [22:05:41] [Server thread/INFO]: Percentiles: P50: 43,9ms P95: 54,3ms P99: 64,3ms, sample: 100"
"umce-passive","1","2026-09-29T20:05:41.4999205+00:00","6181ee353c3d79aca0a796e4aedb26e41e15f1d06a1c855ab91eac390bf59223","False","False","False","False","False","none","False","0","2000","500","0","0","0","False","0","45,4","43,9","54,8","64,3","100","76,1175888870756","125,20104965255754","1943355392","[22:05:41] [Server thread/INFO]: The game is running normally [22:05:41] [Server thread/INFO]: Target tick rate: 20,0 per second. Average time per tick: 45,4ms (Target: 50,0ms) [22:05:41] [Server thread/INFO]: Percentiles: P50: 43,9ms P95: 54,8ms P99: 64,3ms, sample: 100"
"umce-passive","1","2026-09-29T20:05:41.6230449+00:00","6181ee353c3d79aca0a796e4aedb26e41e15f1d06a1c855ab91eac390bf59223","False","False","False","False","False","none","False","0","2000","500","0","0","0","False","0","45,3","43,8","54,8","64,3","100","110,98404670918983","125,20104965255754","1943355392","[22:05:41] [Server thread/INFO]: The game is running normally [22:05:41] [Server thread/INFO]: Target tick rate: 20,0 per second. Average time per tick: 45,3ms (Target: 50,0ms) [22:05:41] [Server thread/INFO]: Percentiles: P50: 43,8ms P95: 54,8ms P99: 64,3ms, sample: 100"
"umce-passive","1","2026-09-29T20:05:41.7498345+00:00","6181ee353c3d79aca0a796e4aedb26e41e15f1d06a1c855ab91eac390bf59223","False","False","False","False","False","none","False","0","2000","500","0","0","0","False","0","45,1","43,8","54,8","64,3","100","75,9084111377679","125,20104965255754","1943355392","[22:05:41] [Server thread/INFO]: The game is running normally [22:05:41] [Server thread/INFO]: Target tick rate: 20,0 per second. Average time per tick: 45,1ms (Target: 50,0ms) [22:05:41] [Server thread/INFO]: Percentiles: P50: 43,8ms P95: 54,8ms P99: 64,3ms, sample: 100"
"umce-passive","1","2026-09-29T20:05:41.8732587+00:00","6181ee353c3d79aca0a796e4aedb26e41e15f1d06a1c855ab91eac390bf59223","False","False","False","False","False","none","False","0","2000","500","0","0","0","False","0","45","43,7","54,8","64,3","100","100,89611897024615","125,20104965255754","1943355392","[22:05:41] [Server thread/INFO]: The game is running normally [22:05:41] [Server thread/INFO]: Target tick rate: 20,0 per second. Average time per tick: 45,0ms (Target: 50,0ms) [22:05:41] [Server thread/INFO]: Percentiles: P50: 43,7ms P95: 54,8ms P99: 64,3ms, sample: 100"
"umce-passive","1","2026-09-29T20:05:41.9971419+00:00","6181ee353c3d79aca0a796e4aedb26e41e15f1d06a1c855ab91eac390bf59223","False","False","False","False","False","none","False","0","2000","500","0","0","0","False","0","44,7","43,7","54,3","64,3","100","74,8280750148459","125,20104965255754","1943355392","[22:05:42] [Server thread/INFO]: The game is running normally [22:05:42] [Server thread/INFO]: Target tick rate: 20,0 per second. Average time per tick: 44,7ms (Target: 50,0ms) [22:05:42] [Server thread/INFO]: Percentiles: P50: 43,7ms P95: 54,3ms P99: 64,3ms, sample: 100"
"umce-passive","1","2026-09-29T20:05:42.1224323+00:00","6181ee353c3d79aca0a796e4aedb26e41e15f1d06a1c855ab91eac390bf59223","False","False","False","False","False","none","False","0","2000","500","0","0","0","False","0","44,5","43,6","52,6","64,3","100","99,80398497351202","125,20104965255754","1943355392","[22:05:42] [Server thread/INFO]: The game is running normally [22:05:42] [Server thread/INFO]: Target tick rate: 20,0 per second. Average time per tick: 44,5ms (Target: 50,0ms) [22:05:42] [Server thread/INFO]: Percentiles: P50: 43,6ms P95: 52,6ms P99: 64,3ms, sample: 100"
"umce-passive","1","2026-09-29T20:05:42.2476719+00:00","6181ee353c3d79aca0a796e4aedb26e41e15f1d06a1c855ab91eac390bf59223","False","False","False","False","False","none","False","0","2000","500","0","0","0","False","0","44,5","43,5","52,6","64,3","100","75,1157985149907","125,20104965255754","1943355392","[22:05:42] [Server thread/INFO]: The game is running normally [22:05:42] [Server thread/INFO]: Target tick rate: 20,0 per second. Average time per tick: 44,5ms (Target: 50,0ms) [22:05:42] [Server thread/INFO]: Percentiles: P50: 43,5ms P95: 52,6ms P99: 64,3ms, sample: 100"
"umce-passive","1","2026-09-29T20:05:42.3725185+00:00","6181ee353c3d79aca0a796e4aedb26e41e15f1d06a1c855ab91eac390bf59223","False","False","False","False","False","none","False","0","2000","500","0","0","0","False","0","44,5","43,5","52,6","64,3","100","101,58026384864051","125,20104965255754","1943355392","[22:05:42] [Server thread/INFO]: The game is running normally [22:05:42] [Server thread/INFO]: Target tick rate: 20,0 per second. Average time per tick: 44,5ms (Target: 50,0ms) [22:05:42] [Server thread/INFO]: Percentiles: P50: 43,5ms P95: 52,6ms P99: 64,3ms, sample: 100"
"umce-passive","1","2026-09-29T20:05:42.4955390+00:00","6181ee353c3d79aca0a796e4aedb26e41e15f1d06a1c855ab91eac390bf59223","False","False","False","False","False","none","False","0","2000","500","0","0","0","False","0","44,5","43,6","52,6","64,3","100","98,54399279761665","125,20104965255754","1943355392","[22:05:42] [Server thread/INFO]: The game is running normally [22:05:42] [Server thread/INFO]: Target tick rate: 20,0 per second. Average time per tick: 44,5ms (Target: 50,0ms) [22:05:42] [Server thread/INFO]: Percentiles: P50: 43,6ms P95: 52,6ms P99: 64,3ms, sample: 100"
"umce-passive","1","2026-09-29T20:05:42.6224162+00:00","6181ee353c3d79aca0a796e4aedb26e41e15f1d06a1c855ab91eac390bf59223","False","False","False","False","False","none","False","0","2000","500","0","0","0","False","0","44,6","43,7","52,6","64,3","100","114,12069648317546","125,20104965255754","1943355392","[22:05:42] [Server thread/INFO]: The game is running normally [22:05:42] [Server thread/INFO]: Target tick rate: 20,0 per second. Average time per tick: 44,6ms (Target: 50,0ms) [22:05:42] [Server thread/INFO]: Percentiles: P50: 43,7ms P95: 52,6ms P99: 64,3ms, sample: 100"
"umce-passive","1","2026-09-29T20:05:42.7456037+00:00","6181ee353c3d79aca0a796e4aedb26e41e15f1d06a1c855ab91eac390bf59223","False","False","False","False","False","none","False","0","2000","500","0","0","0","False","0","44,5","43,5","52,6","64,3","100","100,80897183719917","125,20104965255754","1943355392","[22:05:42] [Server thread/INFO]: The game is running normally [22:05:42] [Server thread/INFO]: Target tick rate: 20,0 per second. Average time per tick: 44,5ms (Target: 50,0ms) [22:05:42] [Server thread/INFO]: Percentiles: P50: 43,5ms P95: 52,6ms P99: 64,3ms, sample: 100"
"umce-passive","1","2026-09-29T20:05:42.8696088+00:00","6181ee353c3d79aca0a796e4aedb26e41e15f1d06a1c855ab91eac390bf59223","False","False","False","False","False","none","False","0","2000","500","0","0","0","False","0","44,5","43,5","52,3","64,3","100","111,72818172067358","125,20104965255754","1943355392","[22:05:42] [Server thread/INFO]: The game is running normally [22:05:42] [Server thread/INFO]: Target tick rate: 20,0 per second. Average time per tick: 44,5ms (Target: 50,0ms) [22:05:42] [Server thread/INFO]: Percentiles: P50: 43,5ms P95: 52,3ms P99: 64,3ms, sample: 100"
"umce-passive","1","2026-09-29T20:05:42.9955595+00:00","6181ee353c3d79aca0a796e4aedb26e41e15f1d06a1c855ab91eac390bf59223","False","False","False","False","False","none","False","0","2000","500","0","0","0","False","0","44,5","43,5","54,2","64,3","100","74,95430785393225","125,20104965255754","1943355392","[22:05:42] [Server thread/INFO]: The game is running normally [22:05:42] [Server thread/INFO]: Target tick rate: 20,0 per second. Average time per tick: 44,5ms (Target: 50,0ms) [22:05:42] [Server thread/INFO]: Percentiles: P50: 43,5ms P95: 54,2ms P99: 64,3ms, sample: 100"
"umce-passive","1","2026-09-29T20:05:43.1205349+00:00","6181ee353c3d79aca0a796e4aedb26e41e15f1d06a1c855ab91eac390bf59223","False","False","False","False","False","none","False","0","2000","500","0","0","0","False","0","44,5","43,5","54,2","64,3","100","99,2955575961896","125,20104965255754","1943355392","[22:05:43] [Server thread/INFO]: The game is running normally [22:05:43] [Server thread/INFO]: Target tick rate: 20,0 per second. Average time per tick: 44,5ms (Target: 50,0ms) [22:05:43] [Server thread/INFO]: Percentiles: P50: 43,5ms P95: 54,2ms P99: 64,3ms, sample: 100"
"umce-passive","1","2026-09-29T20:05:43.2464653+00:00","6181ee353c3d79aca0a796e4aedb26e41e15f1d06a1c855ab91eac390bf59223","False","False","False","False","False","none","False","0","2000","500","0","0","0","False","0","44,4","43,4","54,2","64,3","100","100,48829271194589","125,20104965255754","1943355392","[22:05:43] [Server thread/INFO]: The game is running normally [22:05:43] [Server thread/INFO]: Target tick rate: 20,0 per second. Average time per tick: 44,4ms (Target: 50,0ms) [22:05:43] [Server thread/INFO]: Percentiles: P50: 43,4ms P95: 54,2ms P99: 64,3ms, sample: 100"
"umce-passive","1","2026-09-29T20:05:43.3708295+00:00","6181ee353c3d79aca0a796e4aedb26e41e15f1d06a1c855ab91eac390bf59223","False","False","False","False","False","none","False","0","2000","500","0","0","0","False","0","44,5","43,5","54,2","64,3","100","99,78542142975745","125,20104965255754","1943355392","[22:05:43] [Server thread/INFO]: The game is running normally [22:05:43] [Server thread/INFO]: Target tick rate: 20,0 per second. Average time per tick: 44,5ms (Target: 50,0ms) [22:05:43] [Server thread/INFO]: Percentiles: P50: 43,5ms P95: 54,2ms P99: 64,3ms, sample: 100"
"umce-passive","1","2026-09-29T20:05:43.4961489+00:00","6181ee353c3d79aca0a796e4aedb26e41e15f1d06a1c855ab91eac390bf59223","False","False","False","False","False","none","False","0","2000","500","0","0","0","False","0","44,6","43,5","54,2","64,3","100","111,65632480973761","125,20104965255754","1943355392","[22:05:43] [Server thread/INFO]: The game is running normally [22:05:43] [Server thread/INFO]: Target tick rate: 20,0 per second. Average time per tick: 44,6ms (Target: 50,0ms) [22:05:43] [Server thread/INFO]: Percentiles: P50: 43,5ms P95: 54,2ms P99: 64,3ms, sample: 100"
"umce-passive","1","2026-09-29T20:05:43.6220316+00:00","6181ee353c3d79aca0a796e4aedb26e41e15f1d06a1c855ab91eac390bf59223","False","False","False","False","False","none","False","0","2000","500","0","0","0","False","0","44,8","43,7","54,2","64,3","100","123,75816110817613","125,20104965255754","1943355392","[22:05:43] [Server thread/INFO]: The game is running normally [22:05:43] [Server thread/INFO]: Target tick rate: 20,0 per second. Average time per tick: 44,8ms (Target: 50,0ms) [22:05:43] [Server thread/INFO]: Percentiles: P50: 43,7ms P95: 54,2ms P99: 64,3ms, sample: 100"
"umce-passive","1","2026-09-29T20:05:43.7482826+00:00","6181ee353c3d79aca0a796e4aedb26e41e15f1d06a1c855ab91eac390bf59223","False","False","False","False","False","none","False","0","2000","500","0","0","0","False","0","44,8","43,6","54,2","64,3","100","74,94957392666214","125,20104965255754","1943355392","[22:05:43] [Server thread/INFO]: The game is running normally [22:05:43] [Server thread/INFO]: Target tick rate: 20,0 per second. Average time per tick: 44,8ms (Target: 50,0ms) [22:05:43] [Server thread/INFO]: Percentiles: P50: 43,6ms P95: 54,2ms P99: 64,3ms, sample: 100"
"umce-passive","1","2026-09-29T20:05:43.8735092+00:00","6181ee353c3d79aca0a796e4aedb26e41e15f1d06a1c855ab91eac390bf59223","False","False","False","False","False","none","False","0","2000","500","0","0","0","False","0","44,8","43,6","54,2","64,3","100","99,64327706809621","125,20104965255754","1943355392","[22:05:43] [Server thread/INFO]: The game is running normally [22:05:43] [Server thread/INFO]: Target tick rate: 20,0 per second. Average time per tick: 44,8ms (Target: 50,0ms) [22:05:43] [Server thread/INFO]: Percentiles: P50: 43,6ms P95: 54,2ms P99: 64,3ms, sample: 100"
"umce-passive","1","2026-09-29T20:05:43.9988348+00:00","6181ee353c3d79aca0a796e4aedb26e41e15f1d06a1c855ab91eac390bf59223","False","False","False","False","False","none","False","0","2000","500","0","0","0","False","0","44,8","43,5","54,2","64,3","100","87,0136286214575","125,20104965255754","1943355392","[22:05:44] [Server thread/INFO]: The game is running normally [22:05:44] [Server thread/INFO]: Target tick rate: 20,0 per second. Average time per tick: 44,8ms (Target: 50,0ms) [22:05:44] [Server thread/INFO]: Percentiles: P50: 43,5ms P95: 54,2ms P99: 64,3ms, sample: 100"
"umce-passive","1","2026-09-29T20:05:44.1245396+00:00","6181ee353c3d79aca0a796e4aedb26e41e15f1d06a1c855ab91eac390bf59223","False","False","False","False","False","none","False","0","2000","500","0","0","0","False","0","44,8","43,5","53,2","64,3","100","101,65560382615428","125,20104965255754","1943355392","[22:05:44] [Server thread/INFO]: The game is running normally [22:05:44] [Server thread/INFO]: Target tick rate: 20,0 per second. Average time per tick: 44,8ms (Target: 50,0ms) [22:05:44] [Server thread/INFO]: Percentiles: P50: 43,5ms P95: 53,2ms P99: 64,3ms, sample: 100"
"umce-passive","1","2026-09-29T20:05:44.2475074+00:00","6181ee353c3d79aca0a796e4aedb26e41e15f1d06a1c855ab91eac390bf59223","False","False","False","False","False","none","False","0","2000","500","0","0","0","False","0","44,8","43,5","53,2","64,3","100","112,87628438161454","125,20104965255754","1943355392","[22:05:44] [Server thread/INFO]: The game is running normally [22:05:44] [Server thread/INFO]: Target tick rate: 20,0 per second. Average time per tick: 44,8ms (Target: 50,0ms) [22:05:44] [Server thread/INFO]: Percentiles: P50: 43,5ms P95: 53,2ms P99: 64,3ms, sample: 100"
"patch-enabled","1","2026-09-29T20:06:09.4526102+00:00","6181ee353c3d79aca0a796e4aedb26e41e15f1d06a1c855ab91eac390bf59223","False","False","False","False","True","none","False","0","2000","500","0","0","0","False","0","60,2","56","87,4","120","100","199,66312836981444","122,09725316331948","1954705408","[22:06:09] [Server thread/INFO]: The game is running, but can't keep up with the target tick rate [22:06:09] [Server thread/INFO]: Target tick rate: 20,0 per second. Average time per tick: 60,2ms (Target: 50,0ms) [22:06:09] [Server thread/INFO]: Percentiles: P50: 56,0ms P95: 87,4ms P99: 120,0ms, sample: 100"
"patch-enabled","1","2026-09-29T20:06:09.5848378+00:00","6181ee353c3d79aca0a796e4aedb26e41e15f1d06a1c855ab91eac390bf59223","False","False","False","False","True","none","False","0","2000","500","0","0","0","False","0","58,7","55,5","82,8","97,7","100","234,45940538593894","122,09725316331948","1954705408","[22:06:09] [Server thread/INFO]: The game is running, but can't keep up with the target tick rate [22:06:09] [Server thread/INFO]: Target tick rate: 20,0 per second. Average time per tick: 58,7ms (Target: 50,0ms) [22:06:09] [Server thread/INFO]: Percentiles: P50: 55,5ms P95: 82,8ms P99: 97,7ms, sample: 100"
"patch-enabled","1","2026-09-29T20:06:09.7178663+00:00","6181ee353c3d79aca0a796e4aedb26e41e15f1d06a1c855ab91eac390bf59223","False","False","False","False","True","none","False","0","2000","500","0","0","0","False","0","57,6","55,3","81,9","97,7","100","150,17071406775221","122,09725316331948","1954705408","[22:06:09] [Server thread/INFO]: The game is running, but can't keep up with the target tick rate [22:06:09] [Server thread/INFO]: Target tick rate: 20,0 per second. Average time per tick: 57,6ms (Target: 50,0ms) [22:06:09] [Server thread/INFO]: Percentiles: P50: 55,3ms P95: 81,9ms P99: 97,7ms, sample: 100"
"patch-enabled","1","2026-09-29T20:06:09.8427227+00:00","6181ee353c3d79aca0a796e4aedb26e41e15f1d06a1c855ab91eac390bf59223","False","False","False","False","True","none","False","0","2000","500","0","0","0","False","0","56,7","54,7","77,8","85,8","100","125,2644583244145","122,09725316331948","1954705408","[22:06:09] [Server thread/INFO]: The game is running, but can't keep up with the target tick rate [22:06:09] [Server thread/INFO]: Target tick rate: 20,0 per second. Average time per tick: 56,7ms (Target: 50,0ms) [22:06:09] [Server thread/INFO]: Percentiles: P50: 54,7ms P95: 77,8ms P99: 85,8ms, sample: 100"
"patch-enabled","1","2026-09-29T20:06:09.9674549+00:00","6181ee353c3d79aca0a796e4aedb26e41e15f1d06a1c855ab91eac390bf59223","False","False","False","False","True","none","False","0","2000","500","0","0","0","False","0","55,2","53,9","71,5","81,9","100","177,33155528893897","122,09725316331948","1954705408","[22:06:10] [Server thread/INFO]: The game is running, but can't keep up with the target tick rate [22:06:10] [Server thread/INFO]: Target tick rate: 20,0 per second. Average time per tick: 55,2ms (Target: 50,0ms) [22:06:10] [Server thread/INFO]: Percentiles: P50: 53,9ms P95: 71,5ms P99: 81,9ms, sample: 100"
"patch-enabled","1","2026-09-29T20:06:10.0908323+00:00","6181ee353c3d79aca0a796e4aedb26e41e15f1d06a1c855ab91eac390bf59223","False","False","False","False","True","none","False","0","2000","500","0","0","0","False","0","54,6","53,2","71,5","81,9","100","136,1653615918216","122,09725316331948","1954705408","[22:06:10] [Server thread/INFO]: The game is running, but can't keep up with the target tick rate [22:06:10] [Server thread/INFO]: Target tick rate: 20,0 per second. Average time per tick: 54,6ms (Target: 50,0ms) [22:06:10] [Server thread/INFO]: Percentiles: P50: 53,2ms P95: 71,5ms P99: 81,9ms, sample: 100"
"patch-enabled","1","2026-09-29T20:06:10.2170562+00:00","6181ee353c3d79aca0a796e4aedb26e41e15f1d06a1c855ab91eac390bf59223","False","False","False","False","True","none","False","0","2000","500","0","0","0","False","0","54,1","52,3","71,5","81,9","100","137,35857561055138","122,09725316331948","1954705408","[22:06:10] [Server thread/INFO]: The game is running, but can't keep up with the target tick rate [22:06:10] [Server thread/INFO]: Target tick rate: 20,0 per second. Average time per tick: 54,1ms (Target: 50,0ms) [22:06:10] [Server thread/INFO]: Percentiles: P50: 52,3ms P95: 71,5ms P99: 81,9ms, sample: 100"
"patch-enabled","1","2026-09-29T20:06:10.3421733+00:00","6181ee353c3d79aca0a796e4aedb26e41e15f1d06a1c855ab91eac390bf59223","False","False","False","False","True","none","False","0","2000","500","0","0","0","False","0","53,8","52,3","68,1","81,9","100","115,64898302910282","122,09725316331948","1954705408","[22:06:10] [Server thread/INFO]: The game is running, but can't keep up with the target tick rate [22:06:10] [Server thread/INFO]: Target tick rate: 20,0 per second. Average time per tick: 53,8ms (Target: 50,0ms) [22:06:10] [Server thread/INFO]: Percentiles: P50: 52,3ms P95: 68,1ms P99: 81,9ms, sample: 100"
"patch-enabled","1","2026-09-29T20:06:10.4638019+00:00","6181ee353c3d79aca0a796e4aedb26e41e15f1d06a1c855ab91eac390bf59223","False","False","False","False","True","none","False","0","2000","500","0","0","0","False","0","53,2","52","68,1","81,9","100","98,87840250470859","122,09725316331948","1954705408","[22:06:10] [Server thread/INFO]: The game is running, but can't keep up with the target tick rate [22:06:10] [Server thread/INFO]: Target tick rate: 20,0 per second. Average time per tick: 53,2ms (Target: 50,0ms) [22:06:10] [Server thread/INFO]: Percentiles: P50: 52,0ms P95: 68,1ms P99: 81,9ms, sample: 100"
"patch-enabled","1","2026-09-29T20:06:10.5901791+00:00","6181ee353c3d79aca0a796e4aedb26e41e15f1d06a1c855ab91eac390bf59223","False","False","False","False","True","none","False","0","2000","500","0","0","0","False","0","52,8","51,7","68,1","81,9","100","100,09681363815082","122,09725316331948","1954705408","[22:06:10] [Server thread/INFO]: The game is running, but can't keep up with the target tick rate [22:06:10] [Server thread/INFO]: Target tick rate: 20,0 per second. Average time per tick: 52,8ms (Target: 50,0ms) [22:06:10] [Server thread/INFO]: Percentiles: P50: 51,7ms P95: 68,1ms P99: 81,9ms, sample: 100"
"patch-enabled","1","2026-09-29T20:06:10.7150920+00:00","6181ee353c3d79aca0a796e4aedb26e41e15f1d06a1c855ab91eac390bf59223","False","False","False","False","True","none","False","0","2000","500","0","0","0","False","0","52,2","51,4","68,1","81,9","100","100,77126293802246","122,09725316331948","1954705408","[22:06:10] [Server thread/INFO]: The game is running, but can't keep up with the target tick rate [22:06:10] [Server thread/INFO]: Target tick rate: 20,0 per second. Average time per tick: 52,2ms (Target: 50,0ms) [22:06:10] [Server thread/INFO]: Percentiles: P50: 51,4ms P95: 68,1ms P99: 81,9ms, sample: 100"
"patch-enabled","1","2026-09-29T20:06:10.8391611+00:00","6181ee353c3d79aca0a796e4aedb26e41e15f1d06a1c855ab91eac390bf59223","False","False","False","False","True","none","False","0","2000","500","0","0","0","False","0","51,6","50,8","68,1","81,9","100","100,83914301249276","122,09725316331948","1954705408","[22:06:10] [Server thread/INFO]: The game is running, but can't keep up with the target tick rate [22:06:10] [Server thread/INFO]: Target tick rate: 20,0 per second. Average time per tick: 51,6ms (Target: 50,0ms) [22:06:10] [Server thread/INFO]: Percentiles: P50: 50,8ms P95: 68,1ms P99: 81,9ms, sample: 100"
"patch-enabled","1","2026-09-29T20:06:10.9630516+00:00","6181ee353c3d79aca0a796e4aedb26e41e15f1d06a1c855ab91eac390bf59223","False","False","False","False","True","none","False","0","2000","500","0","0","0","False","0","50,8","50,1","67,9","81,9","100","111,57765447703107","122,09725316331948","1954705408","[22:06:10] [Server thread/INFO]: The game is running, but can't keep up with the target tick rate [22:06:10] [Server thread/INFO]: Target tick rate: 20,0 per second. Average time per tick: 50,8ms (Target: 50,0ms) [22:06:10] [Server thread/INFO]: Percentiles: P50: 50,1ms P95: 67,9ms P99: 81,9ms, sample: 100"
"patch-enabled","1","2026-09-29T20:06:11.0891065+00:00","6181ee353c3d79aca0a796e4aedb26e41e15f1d06a1c855ab91eac390bf59223","False","False","False","False","True","none","False","0","2000","500","0","0","0","False","0","50,3","49,2","67,9","81,9","100","113,6419653817279","122,09725316331948","1954705408","[22:06:11] [Server thread/INFO]: The game is running, but can't keep up with the target tick rate [22:06:11] [Server thread/INFO]: Target tick rate: 20,0 per second. Average time per tick: 50,3ms (Target: 50,0ms) [22:06:11] [Server thread/INFO]: Percentiles: P50: 49,2ms P95: 67,9ms P99: 81,9ms, sample: 100"
"patch-enabled","1","2026-09-29T20:06:11.2128258+00:00","6181ee353c3d79aca0a796e4aedb26e41e15f1d06a1c855ab91eac390bf59223","False","False","False","False","True","none","False","0","2000","500","0","0","0","False","0","49,3","48,7","67,9","81,9","100","99,11179969584572","122,09725316331948","1954705408","[22:06:11] [Server thread/INFO]: The game is running normally [22:06:11] [Server thread/INFO]: Target tick rate: 20,0 per second. Average time per tick: 49,3ms (Target: 50,0ms) [22:06:11] [Server thread/INFO]: Percentiles: P50: 48,7ms P95: 67,9ms P99: 81,9ms, sample: 100"
"patch-enabled","1","2026-09-29T20:06:11.3389604+00:00","6181ee353c3d79aca0a796e4aedb26e41e15f1d06a1c855ab91eac390bf59223","False","False","False","False","True","none","False","0","2000","500","0","0","0","False","0","48,7","48","67,9","81,9","100","98,37918327963142","122,09725316331948","1954705408","[22:06:11] [Server thread/INFO]: The game is running normally [22:06:11] [Server thread/INFO]: Target tick rate: 20,0 per second. Average time per tick: 48,7ms (Target: 50,0ms) [22:06:11] [Server thread/INFO]: Percentiles: P50: 48,0ms P95: 67,9ms P99: 81,9ms, sample: 100"
"patch-enabled","1","2026-09-29T20:06:11.4660305+00:00","6181ee353c3d79aca0a796e4aedb26e41e15f1d06a1c855ab91eac390bf59223","False","False","False","False","True","none","False","0","2000","500","0","0","0","False","0","47,9","47,2","67","81,9","100","97,43800409551419","122,09725316331948","1954705408","[22:06:11] [Server thread/INFO]: The game is running normally [22:06:11] [Server thread/INFO]: Target tick rate: 20,0 per second. Average time per tick: 47,9ms (Target: 50,0ms) [22:06:11] [Server thread/INFO]: Percentiles: P50: 47,2ms P95: 67,0ms P99: 81,9ms, sample: 100"
"patch-enabled","1","2026-09-29T20:06:11.5943357+00:00","6181ee353c3d79aca0a796e4aedb26e41e15f1d06a1c855ab91eac390bf59223","False","False","False","False","True","none","False","0","2000","500","0","0","0","False","0","47,5","46,7","67","81,9","100","127,97107894566572","122,09725316331948","1954705408","[22:06:11] [Server thread/INFO]: The game is running normally [22:06:11] [Server thread/INFO]: Target tick rate: 20,0 per second. Average time per tick: 47,5ms (Target: 50,0ms) [22:06:11] [Server thread/INFO]: Percentiles: P50: 46,7ms P95: 67,0ms P99: 81,9ms, sample: 100"
"patch-enabled","1","2026-09-29T20:06:11.7164112+00:00","6181ee353c3d79aca0a796e4aedb26e41e15f1d06a1c855ab91eac390bf59223","False","False","False","False","True","none","False","0","2000","500","0","0","0","False","0","47,3","46,4","67","81,9","100","112,8124453486376","122,09725316331948","1954705408","[22:06:11] [Server thread/INFO]: The game is running normally [22:06:11] [Server thread/INFO]: Target tick rate: 20,0 per second. Average time per tick: 47,3ms (Target: 50,0ms) [22:06:11] [Server thread/INFO]: Percentiles: P50: 46,4ms P95: 67,0ms P99: 81,9ms, sample: 100"
"patch-enabled","1","2026-09-29T20:06:11.8410541+00:00","6181ee353c3d79aca0a796e4aedb26e41e15f1d06a1c855ab91eac390bf59223","False","False","False","False","True","none","False","0","2000","500","0","0","0","False","0","46,9","45,2","67","81,9","100","113,22053548784466","122,09725316331948","1954705408","[22:06:11] [Server thread/INFO]: The game is running normally [22:06:11] [Server thread/INFO]: Target tick rate: 20,0 per second. Average time per tick: 46,9ms (Target: 50,0ms) [22:06:11] [Server thread/INFO]: Percentiles: P50: 45,2ms P95: 67,0ms P99: 81,9ms, sample: 100"
"patch-enabled","1","2026-09-29T20:06:11.9652848+00:00","6181ee353c3d79aca0a796e4aedb26e41e15f1d06a1c855ab91eac390bf59223","False","False","False","False","True","none","False","0","2000","500","0","0","0","False","0","46,5","44,8","67","81,9","100","383,27631544519744","122,09725316331948","1954705408","[22:06:12] [Server thread/INFO]: The game is running normally [22:06:12] [Server thread/INFO]: Target tick rate: 20,0 per second. Average time per tick: 46,5ms (Target: 50,0ms) [22:06:12] [Server thread/INFO]: Percentiles: P50: 44,8ms P95: 67,0ms P99: 81,9ms, sample: 100"
"patch-enabled","1","2026-09-29T20:06:12.0875807+00:00","6181ee353c3d79aca0a796e4aedb26e41e15f1d06a1c855ab91eac390bf59223","False","False","False","False","True","none","False","0","2000","500","0","0","0","False","0","46,4","44,5","67","81,9","100","299,6986230646462","122,09725316331948","1954705408","[22:06:12] [Server thread/INFO]: The game is running normally [22:06:12] [Server thread/INFO]: Target tick rate: 20,0 per second. Average time per tick: 46,4ms (Target: 50,0ms) [22:06:12] [Server thread/INFO]: Percentiles: P50: 44,5ms P95: 67,0ms P99: 81,9ms, sample: 100"
"patch-enabled","1","2026-09-29T20:06:12.2126921+00:00","6181ee353c3d79aca0a796e4aedb26e41e15f1d06a1c855ab91eac390bf59223","False","False","False","False","True","none","False","0","2000","500","0","0","0","False","0","46,3","44,5","67","81,9","100","125,39202562892629","122,09725316331948","1954705408","[22:06:12] [Server thread/INFO]: The game is running normally [22:06:12] [Server thread/INFO]: Target tick rate: 20,0 per second. Average time per tick: 46,3ms (Target: 50,0ms) [22:06:12] [Server thread/INFO]: Percentiles: P50: 44,5ms P95: 67,0ms P99: 81,9ms, sample: 100"
"patch-enabled","1","2026-09-29T20:06:12.3373096+00:00","6181ee353c3d79aca0a796e4aedb26e41e15f1d06a1c855ab91eac390bf59223","False","False","False","False","True","none","False","0","2000","500","0","0","0","False","0","46,1","43,8","67","81,9","100","113,68027407758309","122,09725316331948","1954705408","[22:06:12] [Server thread/INFO]: The game is running normally [22:06:12] [Server thread/INFO]: Target tick rate: 20,0 per second. Average time per tick: 46,1ms (Target: 50,0ms) [22:06:12] [Server thread/INFO]: Percentiles: P50: 43,8ms P95: 67,0ms P99: 81,9ms, sample: 100"
"patch-enabled","1","2026-09-29T20:06:12.4610169+00:00","6181ee353c3d79aca0a796e4aedb26e41e15f1d06a1c855ab91eac390bf59223","False","False","False","False","True","none","False","0","2000","500","0","0","0","False","0","45,6","43,3","65,7","81,3","100","124,1467641195591","122,09725316331948","1954705408","[22:06:12] [Server thread/INFO]: The game is running normally [22:06:12] [Server thread/INFO]: Target tick rate: 20,0 per second. Average time per tick: 45,6ms (Target: 50,0ms) [22:06:12] [Server thread/INFO]: Percentiles: P50: 43,3ms P95: 65,7ms P99: 81,3ms, sample: 100"
"patch-enabled","1","2026-09-29T20:06:12.5869117+00:00","6181ee353c3d79aca0a796e4aedb26e41e15f1d06a1c855ab91eac390bf59223","False","False","False","False","True","none","False","0","2000","500","0","0","0","False","0","45,4","42,7","65,7","81,3","100","211,94825629920194","122,09725316331948","1954705408","[22:06:12] [Server thread/INFO]: The game is running normally [22:06:12] [Server thread/INFO]: Target tick rate: 20,0 per second. Average time per tick: 45,4ms (Target: 50,0ms) [22:06:12] [Server thread/INFO]: Percentiles: P50: 42,7ms P95: 65,7ms P99: 81,3ms, sample: 100"
"patch-enabled","1","2026-09-29T20:06:12.7121739+00:00","6181ee353c3d79aca0a796e4aedb26e41e15f1d06a1c855ab91eac390bf59223","False","False","False","False","True","none","False","0","2000","500","0","0","0","False","0","45,4","42,7","65,7","81,3","100","198,5152646327587","122,09725316331948","1954705408","[22:06:12] [Server thread/INFO]: The game is running normally [22:06:12] [Server thread/INFO]: Target tick rate: 20,0 per second. Average time per tick: 45,4ms (Target: 50,0ms) [22:06:12] [Server thread/INFO]: Percentiles: P50: 42,7ms P95: 65,7ms P99: 81,3ms, sample: 100"
"patch-enabled","1","2026-09-29T20:06:12.8381569+00:00","6181ee353c3d79aca0a796e4aedb26e41e15f1d06a1c855ab91eac390bf59223","False","False","False","False","True","none","False","0","2000","500","0","0","0","False","0","45,5","42,7","65,7","81,3","100","137,31281517035976","122,09725316331948","1954705408","[22:06:12] [Server thread/INFO]: The game is running normally [22:06:12] [Server thread/INFO]: Target tick rate: 20,0 per second. Average time per tick: 45,5ms (Target: 50,0ms) [22:06:12] [Server thread/INFO]: Percentiles: P50: 42,7ms P95: 65,7ms P99: 81,3ms, sample: 100"
"patch-enabled","1","2026-09-29T20:06:12.9632725+00:00","6181ee353c3d79aca0a796e4aedb26e41e15f1d06a1c855ab91eac390bf59223","False","False","False","False","True","none","False","0","2000","500","0","0","0","False","0","45,1","42,4","65,7","81,3","100","98,82938569235125","122,09725316331948","1954705408","[22:06:13] [Server thread/INFO]: The game is running normally [22:06:13] [Server thread/INFO]: Target tick rate: 20,0 per second. Average time per tick: 45,1ms (Target: 50,0ms) [22:06:13] [Server thread/INFO]: Percentiles: P50: 42,4ms P95: 65,7ms P99: 81,3ms, sample: 100"
"patch-enabled","1","2026-09-29T20:06:13.0897920+00:00","6181ee353c3d79aca0a796e4aedb26e41e15f1d06a1c855ab91eac390bf59223","False","False","False","False","True","none","False","0","2000","500","0","0","0","False","0","44,9","42,4","64,6","68,1","100","114,99596440828903","122,09725316331948","1954705408","[22:06:13] [Server thread/INFO]: The game is running normally [22:06:13] [Server thread/INFO]: Target tick rate: 20,0 per second. Average time per tick: 44,9ms (Target: 50,0ms) [22:06:13] [Server thread/INFO]: Percentiles: P50: 42,4ms P95: 64,6ms P99: 68,1ms, sample: 100"
"patch-enabled","1","2026-09-29T20:06:13.2121333+00:00","6181ee353c3d79aca0a796e4aedb26e41e15f1d06a1c855ab91eac390bf59223","False","False","False","False","True","none","False","0","2000","500","0","0","0","False","0","45","42,4","64,6","68,1","100","75,3831272057103","122,09725316331948","1954705408","[22:06:13] [Server thread/INFO]: The game is running normally [22:06:13] [Server thread/INFO]: Target tick rate: 20,0 per second. Average time per tick: 45,0ms (Target: 50,0ms) [22:06:13] [Server thread/INFO]: Percentiles: P50: 42,4ms P95: 64,6ms P99: 68,1ms, sample: 100"
"patch-enabled","1","2026-09-29T20:06:13.3364086+00:00","6181ee353c3d79aca0a796e4aedb26e41e15f1d06a1c855ab91eac390bf59223","False","False","False","False","True","none","False","0","2000","500","0","0","0","False","0","44,9","42,4","64,6","68,1","100","98,90578551370479","122,09725316331948","1954705408","[22:06:13] [Server thread/INFO]: The game is running normally [22:06:13] [Server thread/INFO]: Target tick rate: 20,0 per second. Average time per tick: 44,9ms (Target: 50,0ms) [22:06:13] [Server thread/INFO]: Percentiles: P50: 42,4ms P95: 64,6ms P99: 68,1ms, sample: 100"
"patch-enabled","1","2026-09-29T20:06:13.4628484+00:00","6181ee353c3d79aca0a796e4aedb26e41e15f1d06a1c855ab91eac390bf59223","False","False","False","False","True","none","False","0","2000","500","0","0","0","False","0","44,5","42,1","64,6","68,1","100","87,42607251308294","122,09725316331948","1954705408","[22:06:13] [Server thread/INFO]: The game is running normally [22:06:13] [Server thread/INFO]: Target tick rate: 20,0 per second. Average time per tick: 44,5ms (Target: 50,0ms) [22:06:13] [Server thread/INFO]: Percentiles: P50: 42,1ms P95: 64,6ms P99: 68,1ms, sample: 100"
"patch-enabled","1","2026-09-29T20:06:13.5879150+00:00","6181ee353c3d79aca0a796e4aedb26e41e15f1d06a1c855ab91eac390bf59223","False","False","False","False","True","none","False","0","2000","500","0","0","0","False","0","44,4","42,1","61,8","68,1","100","113,64435317876894","122,09725316331948","1954705408","[22:06:13] [Server thread/INFO]: The game is running normally [22:06:13] [Server thread/INFO]: Target tick rate: 20,0 per second. Average time per tick: 44,4ms (Target: 50,0ms) [22:06:13] [Server thread/INFO]: Percentiles: P50: 42,1ms P95: 61,8ms P99: 68,1ms, sample: 100"
"patch-enabled","1","2026-09-29T20:06:13.7116517+00:00","6181ee353c3d79aca0a796e4aedb26e41e15f1d06a1c855ab91eac390bf59223","False","False","False","False","True","none","False","0","2000","500","0","0","0","False","0","44,3","42,1","60,7","68,1","100","124,88989706674596","122,09725316331948","1954705408","[22:06:13] [Server thread/INFO]: The game is running normally [22:06:13] [Server thread/INFO]: Target tick rate: 20,0 per second. Average time per tick: 44,3ms (Target: 50,0ms) [22:06:13] [Server thread/INFO]: Percentiles: P50: 42,1ms P95: 60,7ms P99: 68,1ms, sample: 100"
"patch-enabled","1","2026-09-29T20:06:13.8367779+00:00","6181ee353c3d79aca0a796e4aedb26e41e15f1d06a1c855ab91eac390bf59223","False","False","False","False","True","none","False","0","2000","500","0","0","0","False","0","44,1","42,1","58,5","64,6","100","112,6080136066515","122,09725316331948","1954705408","[22:06:13] [Server thread/INFO]: The game is running normally [22:06:13] [Server thread/INFO]: Target tick rate: 20,0 per second. Average time per tick: 44,1ms (Target: 50,0ms) [22:06:13] [Server thread/INFO]: Percentiles: P50: 42,1ms P95: 58,5ms P99: 64,6ms, sample: 100"
"patch-enabled","1","2026-09-29T20:06:13.9616555+00:00","6181ee353c3d79aca0a796e4aedb26e41e15f1d06a1c855ab91eac390bf59223","False","False","False","False","True","none","False","0","2000","500","0","0","0","False","0","44","42,1","58,5","64,6","100","111,83756374244078","122,09725316331948","1954705408","[22:06:13] [Server thread/INFO]: The game is running normally [22:06:13] [Server thread/INFO]: Target tick rate: 20,0 per second. Average time per tick: 44,0ms (Target: 50,0ms) [22:06:13] [Server thread/INFO]: Percentiles: P50: 42,1ms P95: 58,5ms P99: 64,6ms, sample: 100"
"patch-enabled","1","2026-09-29T20:06:14.0874035+00:00","6181ee353c3d79aca0a796e4aedb26e41e15f1d06a1c855ab91eac390bf59223","False","False","False","False","True","none","False","0","2000","500","0","0","0","False","0","44","42,1","58,5","64,6","100","113,84851286518554","122,09725316331948","1954705408","[22:06:14] [Server thread/INFO]: The game is running normally [22:06:14] [Server thread/INFO]: Target tick rate: 20,0 per second. Average time per tick: 44,0ms (Target: 50,0ms) [22:06:14] [Server thread/INFO]: Percentiles: P50: 42,1ms P95: 58,5ms P99: 64,6ms, sample: 100"
"patch-enabled","1","2026-09-29T20:06:14.2108967+00:00","6181ee353c3d79aca0a796e4aedb26e41e15f1d06a1c855ab91eac390bf59223","False","False","False","False","True","none","False","0","2000","500","0","0","0","False","0","44,1","42,1","58,5","64,6","100","101,26457399748972","122,09725316331948","1954705408","[22:06:14] [Server thread/INFO]: The game is running normally [22:06:14] [Server thread/INFO]: Target tick rate: 20,0 per second. Average time per tick: 44,1ms (Target: 50,0ms) [22:06:14] [Server thread/INFO]: Percentiles: P50: 42,1ms P95: 58,5ms P99: 64,6ms, sample: 100"
"patch-enabled","1","2026-09-29T20:06:14.3497756+00:00","6181ee353c3d79aca0a796e4aedb26e41e15f1d06a1c855ab91eac390bf59223","False","False","False","False","True","none","False","0","2000","500","0","0","0","False","0","44,3","42,3","58,5","64,6","100","181,63984451629312","122,09725316331948","1954705408","[22:06:14] [Server thread/INFO]: The game is running normally [22:06:14] [Server thread/INFO]: Target tick rate: 20,0 per second. Average time per tick: 44,3ms (Target: 50,0ms) [22:06:14] [Server thread/INFO]: Percentiles: P50: 42,3ms P95: 58,5ms P99: 64,6ms, sample: 100"
"patch-enabled","1","2026-09-29T20:06:14.4874701+00:00","6181ee353c3d79aca0a796e4aedb26e41e15f1d06a1c855ab91eac390bf59223","False","False","False","False","True","none","False","0","2000","500","0","0","0","False","0","45","42,4","60,7","80","100","87,38018429129977","122,09725316331948","1954705408","[22:06:14] [Server thread/INFO]: The game is running normally [22:06:14] [Server thread/INFO]: Target tick rate: 20,0 per second. Average time per tick: 45,0ms (Target: 50,0ms) [22:06:14] [Server thread/INFO]: Percentiles: P50: 42,4ms P95: 60,7ms P99: 80,0ms, sample: 100"
"patch-enabled","1","2026-09-29T20:06:14.6128588+00:00","6181ee353c3d79aca0a796e4aedb26e41e15f1d06a1c855ab91eac390bf59223","False","False","False","False","True","none","False","0","2000","500","0","0","0","False","0","45,4","42,5","61,8","80","100","99,61048316662523","122,09725316331948","1954705408","[22:06:14] [Server thread/INFO]: The game is running normally [22:06:14] [Server thread/INFO]: Target tick rate: 20,0 per second. Average time per tick: 45,4ms (Target: 50,0ms) [22:06:14] [Server thread/INFO]: Percentiles: P50: 42,5ms P95: 61,8ms P99: 80,0ms, sample: 100"
"patch-enabled","1","2026-09-29T20:06:14.7380802+00:00","6181ee353c3d79aca0a796e4aedb26e41e15f1d06a1c855ab91eac390bf59223","False","False","False","False","True","none","False","0","2000","500","0","0","0","False","0","45,4","42,4","61,8","80","100","111,24313061308115","122,09725316331948","1954705408","[22:06:14] [Server thread/INFO]: The game is running normally [22:06:14] [Server thread/INFO]: Target tick rate: 20,0 per second. Average time per tick: 45,4ms (Target: 50,0ms) [22:06:14] [Server thread/INFO]: Percentiles: P50: 42,4ms P95: 61,8ms P99: 80,0ms, sample: 100"
"patch-enabled","1","2026-09-29T20:06:14.8644924+00:00","6181ee353c3d79aca0a796e4aedb26e41e15f1d06a1c855ab91eac390bf59223","False","False","False","False","True","none","False","0","2000","500","0","0","0","False","0","45,4","42,5","61,8","80","100","88,82559768968173","122,09725316331948","1954705408","[22:06:14] [Server thread/INFO]: The game is running normally [22:06:14] [Server thread/INFO]: Target tick rate: 20,0 per second. Average time per tick: 45,4ms (Target: 50,0ms) [22:06:14] [Server thread/INFO]: Percentiles: P50: 42,5ms P95: 61,8ms P99: 80,0ms, sample: 100"
"patch-enabled","1","2026-09-29T20:06:15.0052191+00:00","6181ee353c3d79aca0a796e4aedb26e41e15f1d06a1c855ab91eac390bf59223","False","False","False","False","True","none","False","0","2000","500","0","0","0","False","0","45,6","42,7","61,8","80","100","113,56249066263966","122,09725316331948","1954705408","[22:06:15] [Server thread/INFO]: The game is running normally [22:06:15] [Server thread/INFO]: Target tick rate: 20,0 per second. Average time per tick: 45,6ms (Target: 50,0ms) [22:06:15] [Server thread/INFO]: Percentiles: P50: 42,7ms P95: 61,8ms P99: 80,0ms, sample: 100"
"patch-enabled","1","2026-09-29T20:06:15.1291011+00:00","6181ee353c3d79aca0a796e4aedb26e41e15f1d06a1c855ab91eac390bf59223","False","False","False","False","True","none","False","0","2000","500","0","0","0","False","0","45,8","44,2","61,8","80","100","99,83052769618295","122,09725316331948","1954705408","[22:06:15] [Server thread/INFO]: The game is running normally [22:06:15] [Server thread/INFO]: Target tick rate: 20,0 per second. Average time per tick: 45,8ms (Target: 50,0ms) [22:06:15] [Server thread/INFO]: Percentiles: P50: 44,2ms P95: 61,8ms P99: 80,0ms, sample: 100"
"patch-enabled","1","2026-09-29T20:06:15.2542505+00:00","6181ee353c3d79aca0a796e4aedb26e41e15f1d06a1c855ab91eac390bf59223","False","False","False","False","True","none","False","0","2000","500","0","0","0","False","0","45,9","44,7","61,8","80","100","99,26425335413911","122,09725316331948","1954705408","[22:06:15] [Server thread/INFO]: The game is running normally [22:06:15] [Server thread/INFO]: Target tick rate: 20,0 per second. Average time per tick: 45,9ms (Target: 50,0ms) [22:06:15] [Server thread/INFO]: Percentiles: P50: 44,7ms P95: 61,8ms P99: 80,0ms, sample: 100"
"patch-enabled","1","2026-09-29T20:06:15.3802170+00:00","6181ee353c3d79aca0a796e4aedb26e41e15f1d06a1c855ab91eac390bf59223","False","False","False","False","True","none","False","0","2000","500","0","0","0","False","0","46","44,7","61,8","80","100","112,96124334884199","122,09725316331948","1954705408","[22:06:15] [Server thread/INFO]: The game is running normally [22:06:15] [Server thread/INFO]: Target tick rate: 20,0 per second. Average time per tick: 46,0ms (Target: 50,0ms) [22:06:15] [Server thread/INFO]: Percentiles: P50: 44,7ms P95: 61,8ms P99: 80,0ms, sample: 100"
"patch-enabled","1","2026-09-29T20:06:15.5046787+00:00","6181ee353c3d79aca0a796e4aedb26e41e15f1d06a1c855ab91eac390bf59223","False","False","False","False","True","none","False","0","2000","500","0","0","0","False","0","46,2","45","61,8","80","100","98,55852247370854","122,09725316331948","1954705408","[22:06:15] [Server thread/INFO]: The game is running normally [22:06:15] [Server thread/INFO]: Target tick rate: 20,0 per second. Average time per tick: 46,2ms (Target: 50,0ms) [22:06:15] [Server thread/INFO]: Percentiles: P50: 45,0ms P95: 61,8ms P99: 80,0ms, sample: 100"
"patch-enabled","1","2026-09-29T20:06:15.6319464+00:00","6181ee353c3d79aca0a796e4aedb26e41e15f1d06a1c855ab91eac390bf59223","False","False","False","False","True","none","False","0","2000","500","0","0","0","False","0","46,3","45,2","61,8","80","100","100,42928385796996","122,09725316331948","1954705408","[22:06:15] [Server thread/INFO]: The game is running normally [22:06:15] [Server thread/INFO]: Target tick rate: 20,0 per second. Average time per tick: 46,3ms (Target: 50,0ms) [22:06:15] [Server thread/INFO]: Percentiles: P50: 45,2ms P95: 61,8ms P99: 80,0ms, sample: 100"
"patch-enabled","1","2026-09-29T20:06:15.7715175+00:00","6181ee353c3d79aca0a796e4aedb26e41e15f1d06a1c855ab91eac390bf59223","False","False","False","False","True","none","False","0","2000","500","0","0","0","False","0","46,7","45,5","62,5","80","100","114,19594684579629","122,09725316331948","1954705408","[22:06:15] [Server thread/INFO]: The game is running normally [22:06:15] [Server thread/INFO]: Target tick rate: 20,0 per second. Average time per tick: 46,7ms (Target: 50,0ms) [22:06:15] [Server thread/INFO]: Percentiles: P50: 45,5ms P95: 62,5ms P99: 80,0ms, sample: 100"
"patch-enabled","1","2026-09-29T20:06:15.8946957+00:00","6181ee353c3d79aca0a796e4aedb26e41e15f1d06a1c855ab91eac390bf59223","False","False","False","False","True","none","False","0","2000","500","0","0","0","False","0","46,9","45,6","62,5","80","100","101,81317038882042","122,09725316331948","1954705408","[22:06:15] [Server thread/INFO]: The game is running normally [22:06:15] [Server thread/INFO]: Target tick rate: 20,0 per second. Average time per tick: 46,9ms (Target: 50,0ms) [22:06:15] [Server thread/INFO]: Percentiles: P50: 45,6ms P95: 62,5ms P99: 80,0ms, sample: 100"
"patch-enabled","1","2026-09-29T20:06:16.0174560+00:00","6181ee353c3d79aca0a796e4aedb26e41e15f1d06a1c855ab91eac390bf59223","False","False","False","False","True","none","False","0","2000","500","0","0","0","False","0","47,2","45,9","62,5","80","100","100,51172529582611","122,09725316331948","1954705408","[22:06:16] [Server thread/INFO]: The game is running normally [22:06:16] [Server thread/INFO]: Target tick rate: 20,0 per second. Average time per tick: 47,2ms (Target: 50,0ms) [22:06:16] [Server thread/INFO]: Percentiles: P50: 45,9ms P95: 62,5ms P99: 80,0ms, sample: 100"
"patch-enabled","1","2026-09-29T20:06:16.1418267+00:00","6181ee353c3d79aca0a796e4aedb26e41e15f1d06a1c855ab91eac390bf59223","False","False","False","False","True","none","False","0","2000","500","0","0","0","False","0","47,5","46,2","62,5","80","100","99,49456759660922","122,09725316331948","1954705408","[22:06:16] [Server thread/INFO]: The game is running normally [22:06:16] [Server thread/INFO]: Target tick rate: 20,0 per second. Average time per tick: 47,5ms (Target: 50,0ms) [22:06:16] [Server thread/INFO]: Percentiles: P50: 46,2ms P95: 62,5ms P99: 80,0ms, sample: 100"
"patch-enabled","1","2026-09-29T20:06:16.2674517+00:00","6181ee353c3d79aca0a796e4aedb26e41e15f1d06a1c855ab91eac390bf59223","False","False","False","False","True","none","False","0","2000","500","0","0","0","False","0","47,8","46,5","62,5","80","100","87,70262815208257","122,09725316331948","1954705408","[22:06:16] [Server thread/INFO]: The game is running normally [22:06:16] [Server thread/INFO]: Target tick rate: 20,0 per second. Average time per tick: 47,8ms (Target: 50,0ms) [22:06:16] [Server thread/INFO]: Percentiles: P50: 46,5ms P95: 62,5ms P99: 80,0ms, sample: 100"
"patch-enabled","1","2026-09-29T20:06:16.3921781+00:00","6181ee353c3d79aca0a796e4aedb26e41e15f1d06a1c855ab91eac390bf59223","False","False","False","False","True","none","False","0","2000","500","0","0","0","False","0","48,2","47,6","62,5","80","100","176,99451579964304","122,09725316331948","1954705408","[22:06:16] [Server thread/INFO]: The game is running normally [22:06:16] [Server thread/INFO]: Target tick rate: 20,0 per second. Average time per tick: 48,2ms (Target: 50,0ms) [22:06:16] [Server thread/INFO]: Percentiles: P50: 47,6ms P95: 62,5ms P99: 80,0ms, sample: 100"
"patch-enabled","1","2026-09-29T20:06:16.5157373+00:00","6181ee353c3d79aca0a796e4aedb26e41e15f1d06a1c855ab91eac390bf59223","False","False","False","False","True","none","False","0","2000","500","0","0","0","False","0","48,6","48,4","63,6","80","100","126,58802141099667","122,09725316331948","1954705408","[22:06:16] [Server thread/INFO]: The game is running normally [22:06:16] [Server thread/INFO]: Target tick rate: 20,0 per second. Average time per tick: 48,6ms (Target: 50,0ms) [22:06:16] [Server thread/INFO]: Percentiles: P50: 48,4ms P95: 63,6ms P99: 80,0ms, sample: 100"
"patch-enabled","1","2026-09-29T20:06:16.6391810+00:00","6181ee353c3d79aca0a796e4aedb26e41e15f1d06a1c855ab91eac390bf59223","False","False","False","False","True","none","False","0","2000","500","0","0","0","False","0","48,7","48,5","63,6","80","100","99,04387009564468","122,09725316331948","1954705408","[22:06:16] [Server thread/INFO]: The game is running normally [22:06:16] [Server thread/INFO]: Target tick rate: 20,0 per second. Average time per tick: 48,7ms (Target: 50,0ms) [22:06:16] [Server thread/INFO]: Percentiles: P50: 48,5ms P95: 63,6ms P99: 80,0ms, sample: 100"
"patch-enabled","1","2026-09-29T20:06:16.7654099+00:00","6181ee353c3d79aca0a796e4aedb26e41e15f1d06a1c855ab91eac390bf59223","False","False","False","False","True","none","False","0","2000","500","0","0","0","False","0","48,9","48,5","63,6","80","100","101,33174228987039","122,09725316331948","1954705408","[22:06:16] [Server thread/INFO]: The game is running normally [22:06:16] [Server thread/INFO]: Target tick rate: 20,0 per second. Average time per tick: 48,9ms (Target: 50,0ms) [22:06:16] [Server thread/INFO]: Percentiles: P50: 48,5ms P95: 63,6ms P99: 80,0ms, sample: 100"
"patch-enabled","1","2026-09-29T20:06:16.8887341+00:00","6181ee353c3d79aca0a796e4aedb26e41e15f1d06a1c855ab91eac390bf59223","False","False","False","False","True","none","False","0","2000","500","0","0","0","False","0","49,1","48,5","63,6","80","100","100,19807154783575","122,09725316331948","1954705408","[22:06:16] [Server thread/INFO]: The game is running normally [22:06:16] [Server thread/INFO]: Target tick rate: 20,0 per second. Average time per tick: 49,1ms (Target: 50,0ms) [22:06:16] [Server thread/INFO]: Percentiles: P50: 48,5ms P95: 63,6ms P99: 80,0ms, sample: 100"
"patch-enabled","1","2026-09-29T20:06:17.0134965+00:00","6181ee353c3d79aca0a796e4aedb26e41e15f1d06a1c855ab91eac390bf59223","False","False","False","False","True","none","False","0","2000","500","0","0","0","False","0","48,9","48,4","63,6","80","100","100,19365429502143","122,09725316331948","1954705408","[22:06:17] [Server thread/INFO]: The game is running normally [22:06:17] [Server thread/INFO]: Target tick rate: 20,0 per second. Average time per tick: 48,9ms (Target: 50,0ms) [22:06:17] [Server thread/INFO]: Percentiles: P50: 48,4ms P95: 63,6ms P99: 80,0ms, sample: 100"
"patch-enabled","1","2026-09-29T20:06:17.1382559+00:00","6181ee353c3d79aca0a796e4aedb26e41e15f1d06a1c855ab91eac390bf59223","False","False","False","False","True","none","False","0","2000","500","0","0","0","False","0","48,8","48,4","63,6","80","100","99,48063151896578","122,09725316331948","1954705408","[22:06:17] [Server thread/INFO]: The game is running normally [22:06:17] [Server thread/INFO]: Target tick rate: 20,0 per second. Average time per tick: 48,8ms (Target: 50,0ms) [22:06:17] [Server thread/INFO]: Percentiles: P50: 48,4ms P95: 63,6ms P99: 80,0ms, sample: 100"
"patch-enabled","1","2026-09-29T20:06:17.2639529+00:00","6181ee353c3d79aca0a796e4aedb26e41e15f1d06a1c855ab91eac390bf59223","False","False","False","False","True","none","False","0","2000","500","0","0","0","False","0","48,4","47,6","63,6","80","100","100,4869194167257","122,09725316331948","1954705408","[22:06:17] [Server thread/INFO]: The game is running normally [22:06:17] [Server thread/INFO]: Target tick rate: 20,0 per second. Average time per tick: 48,4ms (Target: 50,0ms) [22:06:17] [Server thread/INFO]: Percentiles: P50: 47,6ms P95: 63,6ms P99: 80,0ms, sample: 100"
"patch-enabled","1","2026-09-29T20:06:17.3883111+00:00","6181ee353c3d79aca0a796e4aedb26e41e15f1d06a1c855ab91eac390bf59223","False","False","False","False","True","none","False","0","2000","500","0","0","0","False","0","48,6","47,6","63,6","80","100","126,55398165149504","122,09725316331948","1954705408","[22:06:17] [Server thread/INFO]: The game is running normally [22:06:17] [Server thread/INFO]: Target tick rate: 20,0 per second. Average time per tick: 48,6ms (Target: 50,0ms) [22:06:17] [Server thread/INFO]: Percentiles: P50: 47,6ms P95: 63,6ms P99: 80,0ms, sample: 100"
"patch-enabled","1","2026-09-29T20:06:17.5117517+00:00","6181ee353c3d79aca0a796e4aedb26e41e15f1d06a1c855ab91eac390bf59223","False","False","False","False","True","none","False","0","2000","500","0","0","0","False","0","48,8","48,5","63,6","80","100","98,77027062263988","122,09725316331948","1954705408","[22:06:17] [Server thread/INFO]: The game is running normally [22:06:17] [Server thread/INFO]: Target tick rate: 20,0 per second. Average time per tick: 48,8ms (Target: 50,0ms) [22:06:17] [Server thread/INFO]: Percentiles: P50: 48,5ms P95: 63,6ms P99: 80,0ms, sample: 100"
"patch-enabled","1","2026-09-29T20:06:17.6383329+00:00","6181ee353c3d79aca0a796e4aedb26e41e15f1d06a1c855ab91eac390bf59223","False","False","False","False","True","none","False","0","2000","500","0","0","0","False","0","48,8","48,4","64,6","80","100","101,88553445483495","122,09725316331948","1954705408","[22:06:17] [Server thread/INFO]: The game is running normally [22:06:17] [Server thread/INFO]: Target tick rate: 20,0 per second. Average time per tick: 48,8ms (Target: 50,0ms) [22:06:17] [Server thread/INFO]: Percentiles: P50: 48,4ms P95: 64,6ms P99: 80,0ms, sample: 100"
"patch-enabled","1","2026-09-29T20:06:17.7610149+00:00","6181ee353c3d79aca0a796e4aedb26e41e15f1d06a1c855ab91eac390bf59223","False","False","False","False","True","none","False","0","2000","500","0","0","0","False","0","49","48,4","64,9","80","100","99,7741910508138","122,09725316331948","1954705408","[22:06:17] [Server thread/INFO]: The game is running normally [22:06:17] [Server thread/INFO]: Target tick rate: 20,0 per second. Average time per tick: 49,0ms (Target: 50,0ms) [22:06:17] [Server thread/INFO]: Percentiles: P50: 48,4ms P95: 64,9ms P99: 80,0ms, sample: 100"
"patch-enabled","1","2026-09-29T20:06:17.8863359+00:00","6181ee353c3d79aca0a796e4aedb26e41e15f1d06a1c855ab91eac390bf59223","False","False","False","False","True","none","False","0","2000","500","0","0","0","False","0","49,2","48,5","64,9","80","100","100,10755555769117","122,09725316331948","1954705408","[22:06:17] [Server thread/INFO]: The game is running normally [22:06:17] [Server thread/INFO]: Target tick rate: 20,0 per second. Average time per tick: 49,2ms (Target: 50,0ms) [22:06:17] [Server thread/INFO]: Percentiles: P50: 48,5ms P95: 64,9ms P99: 80,0ms, sample: 100"
"patch-enabled","1","2026-09-29T20:06:18.0111530+00:00","6181ee353c3d79aca0a796e4aedb26e41e15f1d06a1c855ab91eac390bf59223","False","False","False","False","True","none","False","0","2000","500","0","0","0","False","0","49,1","48,5","64,9","80","100","100,74446127100825","122,09725316331948","1954705408","[22:06:18] [Server thread/INFO]: The game is running normally [22:06:18] [Server thread/INFO]: Target tick rate: 20,0 per second. Average time per tick: 49,1ms (Target: 50,0ms) [22:06:18] [Server thread/INFO]: Percentiles: P50: 48,5ms P95: 64,9ms P99: 80,0ms, sample: 100"
"patch-enabled","1","2026-09-29T20:06:18.1352577+00:00","6181ee353c3d79aca0a796e4aedb26e41e15f1d06a1c855ab91eac390bf59223","False","False","False","False","True","none","False","0","2000","500","0","0","0","False","0","49,1","48,4","64,9","80","100","111,98611810125696","122,09725316331948","1954705408","[22:06:18] [Server thread/INFO]: The game is running normally [22:06:18] [Server thread/INFO]: Target tick rate: 20,0 per second. Average time per tick: 49,1ms (Target: 50,0ms) [22:06:18] [Server thread/INFO]: Percentiles: P50: 48,4ms P95: 64,9ms P99: 80,0ms, sample: 100"
"patch-enabled","1","2026-09-29T20:06:18.2607798+00:00","6181ee353c3d79aca0a796e4aedb26e41e15f1d06a1c855ab91eac390bf59223","False","False","False","False","True","none","False","0","2000","500","0","0","0","False","0","49,1","48,5","64,9","80","100","115,04799086324648","122,09725316331948","1954705408","[22:06:18] [Server thread/INFO]: The game is running normally [22:06:18] [Server thread/INFO]: Target tick rate: 20,0 per second. Average time per tick: 49,1ms (Target: 50,0ms) [22:06:18] [Server thread/INFO]: Percentiles: P50: 48,5ms P95: 64,9ms P99: 80,0ms, sample: 100"
"patch-enabled","1","2026-09-29T20:06:18.3830291+00:00","6181ee353c3d79aca0a796e4aedb26e41e15f1d06a1c855ab91eac390bf59223","False","False","False","False","True","none","False","0","2000","500","0","0","0","False","0","49,4","49","64,9","80","100","99,74489246303654","122,09725316331948","1954705408","[22:06:18] [Server thread/INFO]: The game is running normally [22:06:18] [Server thread/INFO]: Target tick rate: 20,0 per second. Average time per tick: 49,4ms (Target: 50,0ms) [22:06:18] [Server thread/INFO]: Percentiles: P50: 49,0ms P95: 64,9ms P99: 80,0ms, sample: 100"
"patch-enabled","1","2026-09-29T20:06:18.5084683+00:00","6181ee353c3d79aca0a796e4aedb26e41e15f1d06a1c855ab91eac390bf59223","False","False","False","False","True","none","False","0","2000","500","0","0","0","False","0","49,4","49,2","64,9","80","100","88,33929396409407","122,09725316331948","1954705408","[22:06:18] [Server thread/INFO]: The game is running normally [22:06:18] [Server thread/INFO]: Target tick rate: 20,0 per second. Average time per tick: 49,4ms (Target: 50,0ms) [22:06:18] [Server thread/INFO]: Percentiles: P50: 49,2ms P95: 64,9ms P99: 80,0ms, sample: 100"
"patch-enabled","1","2026-09-29T20:06:18.6321613+00:00","6181ee353c3d79aca0a796e4aedb26e41e15f1d06a1c855ab91eac390bf59223","False","False","False","False","True","none","False","0","2000","500","0","0","0","False","0","49,2","48,9","64,9","80","100","99,2376957165835","122,09725316331948","1954705408","[22:06:18] [Server thread/INFO]: The game is running normally [22:06:18] [Server thread/INFO]: Target tick rate: 20,0 per second. Average time per tick: 49,2ms (Target: 50,0ms) [22:06:18] [Server thread/INFO]: Percentiles: P50: 48,9ms P95: 64,9ms P99: 80,0ms, sample: 100"
"patch-enabled","1","2026-09-29T20:06:18.7581894+00:00","6181ee353c3d79aca0a796e4aedb26e41e15f1d06a1c855ab91eac390bf59223","False","False","False","False","True","none","False","0","2000","500","0","0","0","False","0","48,9","47,6","64,9","80","100","101,8715386314985","122,09725316331948","1954705408","[22:06:18] [Server thread/INFO]: The game is running normally [22:06:18] [Server thread/INFO]: Target tick rate: 20,0 per second. Average time per tick: 48,9ms (Target: 50,0ms) [22:06:18] [Server thread/INFO]: Percentiles: P50: 47,6ms P95: 64,9ms P99: 80,0ms, sample: 100"
"patch-enabled","1","2026-09-29T20:06:18.8962273+00:00","6181ee353c3d79aca0a796e4aedb26e41e15f1d06a1c855ab91eac390bf59223","False","False","False","False","True","none","False","0","2000","500","0","0","0","False","0","48,9","47,6","64,9","80","100","98,35945177501654","122,09725316331948","1954705408","[22:06:18] [Server thread/INFO]: The game is running normally [22:06:18] [Server thread/INFO]: Target tick rate: 20,0 per second. Average time per tick: 48,9ms (Target: 50,0ms) [22:06:18] [Server thread/INFO]: Percentiles: P50: 47,6ms P95: 64,9ms P99: 80,0ms, sample: 100"
"patch-enabled","1","2026-09-29T20:06:19.0391187+00:00","6181ee353c3d79aca0a796e4aedb26e41e15f1d06a1c855ab91eac390bf59223","False","False","False","False","True","none","False","0","2000","500","0","0","0","False","0","48,4","47,4","64,9","80","100","100,82059901953984","122,09725316331948","1954705408","[22:06:19] [Server thread/INFO]: The game is running normally [22:06:19] [Server thread/INFO]: Target tick rate: 20,0 per second. Average time per tick: 48,4ms (Target: 50,0ms) [22:06:19] [Server thread/INFO]: Percentiles: P50: 47,4ms P95: 64,9ms P99: 80,0ms, sample: 100"
"patch-enabled","1","2026-09-29T20:06:19.1631484+00:00","6181ee353c3d79aca0a796e4aedb26e41e15f1d06a1c855ab91eac390bf59223","False","False","False","False","True","none","False","0","2000","500","0","0","0","False","0","48,1","46,7","64,9","80","100","97,91948511584658","122,09725316331948","1954705408","[22:06:19] [Server thread/INFO]: The game is running normally [22:06:19] [Server thread/INFO]: Target tick rate: 20,0 per second. Average time per tick: 48,1ms (Target: 50,0ms) [22:06:19] [Server thread/INFO]: Percentiles: P50: 46,7ms P95: 64,9ms P99: 80,0ms, sample: 100"
"patch-enabled","1","2026-09-29T20:06:19.2908469+00:00","6181ee353c3d79aca0a796e4aedb26e41e15f1d06a1c855ab91eac390bf59223","False","False","False","False","True","none","False","0","2000","500","0","0","0","False","0","47,2","45,8","62,5","72","100","100,28802721415906","122,09725316331948","1954705408","[22:06:19] [Server thread/INFO]: The game is running normally [22:06:19] [Server thread/INFO]: Target tick rate: 20,0 per second. Average time per tick: 47,2ms (Target: 50,0ms) [22:06:19] [Server thread/INFO]: Percentiles: P50: 45,8ms P95: 62,5ms P99: 72,0ms, sample: 100"
"patch-enabled","1","2026-09-29T20:06:19.4154381+00:00","6181ee353c3d79aca0a796e4aedb26e41e15f1d06a1c855ab91eac390bf59223","False","False","False","False","True","none","False","0","2000","500","0","0","0","False","0","46,9","45,6","60,2","72","100","101,68429872406541","122,09725316331948","1954705408","[22:06:19] [Server thread/INFO]: The game is running normally [22:06:19] [Server thread/INFO]: Target tick rate: 20,0 per second. Average time per tick: 46,9ms (Target: 50,0ms) [22:06:19] [Server thread/INFO]: Percentiles: P50: 45,6ms P95: 60,2ms P99: 72,0ms, sample: 100"
"patch-enabled","1","2026-09-29T20:06:19.5383595+00:00","6181ee353c3d79aca0a796e4aedb26e41e15f1d06a1c855ab91eac390bf59223","False","False","False","False","True","none","False","0","2000","500","0","0","0","False","0","47,3","46,2","60,7","72","100","210,04241530205428","122,09725316331948","1954705408","[22:06:19] [Server thread/INFO]: The game is running normally [22:06:19] [Server thread/INFO]: Target tick rate: 20,0 per second. Average time per tick: 47,3ms (Target: 50,0ms) [22:06:19] [Server thread/INFO]: Percentiles: P50: 46,2ms P95: 60,7ms P99: 72,0ms, sample: 100"
"patch-enabled","1","2026-09-29T20:06:19.6798885+00:00","6181ee353c3d79aca0a796e4aedb26e41e15f1d06a1c855ab91eac390bf59223","False","False","False","False","True","none","False","0","2000","500","0","0","0","False","0","47,5","46,7","60,7","72","100","102,1850339345144","122,09725316331948","1954705408","[22:06:19] [Server thread/INFO]: The game is running normally [22:06:19] [Server thread/INFO]: Target tick rate: 20,0 per second. Average time per tick: 47,5ms (Target: 50,0ms) [22:06:19] [Server thread/INFO]: Percentiles: P50: 46,7ms P95: 60,7ms P99: 72,0ms, sample: 100"
"patch-enabled","1","2026-09-29T20:06:19.8173120+00:00","6181ee353c3d79aca0a796e4aedb26e41e15f1d06a1c855ab91eac390bf59223","False","False","False","False","True","none","False","0","2000","500","0","0","0","False","0","47,5","46,7","60,7","72","100","112,47876400935503","122,09725316331948","1954705408","[22:06:19] [Server thread/INFO]: The game is running normally [22:06:19] [Server thread/INFO]: Target tick rate: 20,0 per second. Average time per tick: 47,5ms (Target: 50,0ms) [22:06:19] [Server thread/INFO]: Percentiles: P50: 46,7ms P95: 60,7ms P99: 72,0ms, sample: 100"
"patch-enabled","1","2026-09-29T20:06:19.9423492+00:00","6181ee353c3d79aca0a796e4aedb26e41e15f1d06a1c855ab91eac390bf59223","False","False","False","False","True","none","False","0","2000","500","0","0","0","False","0","47,4","45,6","60,7","72","100","99,7524366195185","122,09725316331948","1954705408","[22:06:19] [Server thread/INFO]: The game is running normally [22:06:19] [Server thread/INFO]: Target tick rate: 20,0 per second. Average time per tick: 47,4ms (Target: 50,0ms) [22:06:19] [Server thread/INFO]: Percentiles: P50: 45,6ms P95: 60,7ms P99: 72,0ms, sample: 100"
"patch-enabled","1","2026-09-29T20:06:20.0833163+00:00","6181ee353c3d79aca0a796e4aedb26e41e15f1d06a1c855ab91eac390bf59223","False","False","False","False","True","none","False","0","2000","500","0","0","0","False","0","47,6","46,7","60,7","72","100","99,03476754163223","122,09725316331948","1954705408","[22:06:20] [Server thread/INFO]: The game is running normally [22:06:20] [Server thread/INFO]: Target tick rate: 20,0 per second. Average time per tick: 47,6ms (Target: 50,0ms) [22:06:20] [Server thread/INFO]: Percentiles: P50: 46,7ms P95: 60,7ms P99: 72,0ms, sample: 100"
"patch-enabled","1","2026-09-29T20:06:20.2095356+00:00","6181ee353c3d79aca0a796e4aedb26e41e15f1d06a1c855ab91eac390bf59223","False","False","False","False","True","none","False","0","2000","500","0","0","0","False","0","47,6","46,8","60,7","72","100","97,40391298791567","122,09725316331948","1954705408","[22:06:20] [Server thread/INFO]: The game is running normally [22:06:20] [Server thread/INFO]: Target tick rate: 20,0 per second. Average time per tick: 47,6ms (Target: 50,0ms) [22:06:20] [Server thread/INFO]: Percentiles: P50: 46,8ms P95: 60,7ms P99: 72,0ms, sample: 100"
"patch-enabled","1","2026-09-29T20:06:20.3378713+00:00","6181ee353c3d79aca0a796e4aedb26e41e15f1d06a1c855ab91eac390bf59223","False","False","False","False","True","none","False","0","2000","500","0","0","0","False","0","47,8","47","60,7","72","100","101,49531010471068","122,09725316331948","1954705408","[22:06:20] [Server thread/INFO]: The game is running normally [22:06:20] [Server thread/INFO]: Target tick rate: 20,0 per second. Average time per tick: 47,8ms (Target: 50,0ms) [22:06:20] [Server thread/INFO]: Percentiles: P50: 47,0ms P95: 60,7ms P99: 72,0ms, sample: 100"
"patch-enabled","1","2026-09-29T20:06:20.4610198+00:00","6181ee353c3d79aca0a796e4aedb26e41e15f1d06a1c855ab91eac390bf59223","False","False","False","False","True","none","False","0","2000","500","0","0","0","False","0","48","47,1","60,7","72","100","101,02849704080796","122,09725316331948","1954705408","[22:06:20] [Server thread/INFO]: The game is running normally [22:06:20] [Server thread/INFO]: Target tick rate: 20,0 per second. Average time per tick: 48,0ms (Target: 50,0ms) [22:06:20] [Server thread/INFO]: Percentiles: P50: 47,1ms P95: 60,7ms P99: 72,0ms, sample: 100"
"patch-enabled","1","2026-09-29T20:06:20.6002431+00:00","6181ee353c3d79aca0a796e4aedb26e41e15f1d06a1c855ab91eac390bf59223","False","False","False","False","True","none","False","0","2000","500","0","0","0","False","0","47,7","47","60,2","72","100","100,85771191236262","122,09725316331948","1954705408","[22:06:20] [Server thread/INFO]: The game is running normally [22:06:20] [Server thread/INFO]: Target tick rate: 20,0 per second. Average time per tick: 47,7ms (Target: 50,0ms) [22:06:20] [Server thread/INFO]: Percentiles: P50: 47,0ms P95: 60,2ms P99: 72,0ms, sample: 100"
"patch-enabled","1","2026-09-29T20:06:20.7396403+00:00","6181ee353c3d79aca0a796e4aedb26e41e15f1d06a1c855ab91eac390bf59223","False","False","False","False","True","none","False","0","2000","500","0","0","0","False","0","47,9","47,4","60,2","72","100","110,9139307897072","122,09725316331948","1954705408","[22:06:20] [Server thread/INFO]: The game is running normally [22:06:20] [Server thread/INFO]: Target tick rate: 20,0 per second. Average time per tick: 47,9ms (Target: 50,0ms) [22:06:20] [Server thread/INFO]: Percentiles: P50: 47,4ms P95: 60,2ms P99: 72,0ms, sample: 100"
"patch-enabled","1","2026-09-29T20:06:20.8664329+00:00","6181ee353c3d79aca0a796e4aedb26e41e15f1d06a1c855ab91eac390bf59223","False","False","False","False","True","none","False","0","2000","500","0","0","0","False","0","47,8","47,4","60,2","72","100","133,63086096047448","122,09725316331948","1954705408","[22:06:20] [Server thread/INFO]: The game is running normally [22:06:20] [Server thread/INFO]: Target tick rate: 20,0 per second. Average time per tick: 47,8ms (Target: 50,0ms) [22:06:20] [Server thread/INFO]: Percentiles: P50: 47,4ms P95: 60,2ms P99: 72,0ms, sample: 100"
"patch-enabled","1","2026-09-29T20:06:21.0067145+00:00","6181ee353c3d79aca0a796e4aedb26e41e15f1d06a1c855ab91eac390bf59223","False","False","False","False","True","none","False","0","2000","500","0","0","0","False","0","47,6","47,1","60,2","72","100","99,03421830310809","122,09725316331948","1954705408","[22:06:21] [Server thread/INFO]: The game is running normally [22:06:21] [Server thread/INFO]: Target tick rate: 20,0 per second. Average time per tick: 47,6ms (Target: 50,0ms) [22:06:21] [Server thread/INFO]: Percentiles: P50: 47,1ms P95: 60,2ms P99: 72,0ms, sample: 100"
"patch-enabled","1","2026-09-29T20:06:21.1329447+00:00","6181ee353c3d79aca0a796e4aedb26e41e15f1d06a1c855ab91eac390bf59223","False","False","False","False","True","none","False","0","2000","500","0","0","0","False","0","47,5","47","60,2","72","100","201,5755142191368","122,09725316331948","1954705408","[22:06:21] [Server thread/INFO]: The game is running normally [22:06:21] [Server thread/INFO]: Target tick rate: 20,0 per second. Average time per tick: 47,5ms (Target: 50,0ms) [22:06:21] [Server thread/INFO]: Percentiles: P50: 47,0ms P95: 60,2ms P99: 72,0ms, sample: 100"
"patch-enabled","1","2026-09-29T20:06:21.2570885+00:00","6181ee353c3d79aca0a796e4aedb26e41e15f1d06a1c855ab91eac390bf59223","False","False","False","False","True","none","False","0","2000","500","0","0","0","False","0","47,4","47","58,2","72","100","198,53449775139828","122,09725316331948","1954705408","[22:06:21] [Server thread/INFO]: The game is running normally [22:06:21] [Server thread/INFO]: Target tick rate: 20,0 per second. Average time per tick: 47,4ms (Target: 50,0ms) [22:06:21] [Server thread/INFO]: Percentiles: P50: 47,0ms P95: 58,2ms P99: 72,0ms, sample: 100"
"patch-enabled","1","2026-09-29T20:06:21.3828802+00:00","6181ee353c3d79aca0a796e4aedb26e41e15f1d06a1c855ab91eac390bf59223","False","False","False","False","True","none","False","0","2000","500","0","0","0","False","0","47,5","47","58,2","72","100","188,1144570625491","122,09725316331948","1954705408","[22:06:21] [Server thread/INFO]: The game is running normally [22:06:21] [Server thread/INFO]: Target tick rate: 20,0 per second. Average time per tick: 47,5ms (Target: 50,0ms) [22:06:21] [Server thread/INFO]: Percentiles: P50: 47,0ms P95: 58,2ms P99: 72,0ms, sample: 100"
"patch-enabled","2","2026-09-29T20:06:48.4521955+00:00","6181ee353c3d79aca0a796e4aedb26e41e15f1d06a1c855ab91eac390bf59223","False","False","False","False","True","none","False","0","2000","500","0","0","0","False","0","51,5","50,4","64,1","67,7","100","112,96097113099135","130,1965084421152","1943814144","[22:06:48] [Server thread/INFO]: The game is running, but can't keep up with the target tick rate [22:06:48] [Server thread/INFO]: Target tick rate: 20,0 per second. Average time per tick: 51,5ms (Target: 50,0ms) [22:06:48] [Server thread/INFO]: Percentiles: P50: 50,4ms P95: 64,1ms P99: 67,7ms, sample: 100"
"patch-enabled","2","2026-09-29T20:06:48.5898516+00:00","6181ee353c3d79aca0a796e4aedb26e41e15f1d06a1c855ab91eac390bf59223","False","False","False","False","True","none","False","0","2000","500","0","0","0","False","0","51,5","50,3","64,1","67,7","100","101,09960422874933","130,1965084421152","1943814144","[22:06:48] [Server thread/INFO]: The game is running, but can't keep up with the target tick rate [22:06:48] [Server thread/INFO]: Target tick rate: 20,0 per second. Average time per tick: 51,5ms (Target: 50,0ms) [22:06:48] [Server thread/INFO]: Percentiles: P50: 50,3ms P95: 64,1ms P99: 67,7ms, sample: 100"
"patch-enabled","2","2026-09-29T20:06:48.7158777+00:00","6181ee353c3d79aca0a796e4aedb26e41e15f1d06a1c855ab91eac390bf59223","False","False","False","False","True","none","False","0","2000","500","0","0","0","False","0","51,5","50,3","64,1","67,7","100","136,7835823092968","130,1965084421152","1943814144","[22:06:48] [Server thread/INFO]: The game is running, but can't keep up with the target tick rate [22:06:48] [Server thread/INFO]: Target tick rate: 20,0 per second. Average time per tick: 51,5ms (Target: 50,0ms) [22:06:48] [Server thread/INFO]: Percentiles: P50: 50,3ms P95: 64,1ms P99: 67,7ms, sample: 100"
"patch-enabled","2","2026-09-29T20:06:48.8415565+00:00","6181ee353c3d79aca0a796e4aedb26e41e15f1d06a1c855ab91eac390bf59223","False","False","False","False","True","none","False","0","2000","500","0","0","0","False","0","51,6","50,3","64,1","67,7","100","125,15930276055363","130,1965084421152","1943814144","[22:06:48] [Server thread/INFO]: The game is running, but can't keep up with the target tick rate [22:06:48] [Server thread/INFO]: Target tick rate: 20,0 per second. Average time per tick: 51,6ms (Target: 50,0ms) [22:06:48] [Server thread/INFO]: Percentiles: P50: 50,3ms P95: 64,1ms P99: 67,7ms, sample: 100"
"patch-enabled","2","2026-09-29T20:06:48.9663789+00:00","6181ee353c3d79aca0a796e4aedb26e41e15f1d06a1c855ab91eac390bf59223","False","False","False","False","True","none","False","0","2000","500","0","0","0","False","0","51,5","50,2","64,1","67,7","100","136,7246074064764","130,1965084421152","1943814144","[22:06:48] [Server thread/INFO]: The game is running, but can't keep up with the target tick rate [22:06:48] [Server thread/INFO]: Target tick rate: 20,0 per second. Average time per tick: 51,5ms (Target: 50,0ms) [22:06:48] [Server thread/INFO]: Percentiles: P50: 50,2ms P95: 64,1ms P99: 67,7ms, sample: 100"
"patch-enabled","2","2026-09-29T20:06:49.0920907+00:00","6181ee353c3d79aca0a796e4aedb26e41e15f1d06a1c855ab91eac390bf59223","False","False","False","False","True","none","False","0","2000","500","0","0","0","False","0","51,1","49,9","62,7","66,8","100","137,54885735413217","130,1965084421152","1943814144","[22:06:49] [Server thread/INFO]: The game is running, but can't keep up with the target tick rate [22:06:49] [Server thread/INFO]: Target tick rate: 20,0 per second. Average time per tick: 51,1ms (Target: 50,0ms) [22:06:49] [Server thread/INFO]: Percentiles: P50: 49,9ms P95: 62,7ms P99: 66,8ms, sample: 100"
"patch-enabled","2","2026-09-29T20:06:49.2170923+00:00","6181ee353c3d79aca0a796e4aedb26e41e15f1d06a1c855ab91eac390bf59223","False","False","False","False","True","none","False","0","2000","500","0","0","0","False","0","51,2","50,2","62,7","66,8","100","112,15545843169782","130,1965084421152","1943814144","[22:06:49] [Server thread/INFO]: The game is running, but can't keep up with the target tick rate [22:06:49] [Server thread/INFO]: Target tick rate: 20,0 per second. Average time per tick: 51,2ms (Target: 50,0ms) [22:06:49] [Server thread/INFO]: Percentiles: P50: 50,2ms P95: 62,7ms P99: 66,8ms, sample: 100"
"patch-enabled","2","2026-09-29T20:06:49.3424037+00:00","6181ee353c3d79aca0a796e4aedb26e41e15f1d06a1c855ab91eac390bf59223","False","False","False","False","True","none","False","0","2000","500","0","0","0","False","0","51","49,9","62,7","66,8","100","139,68012742891042","130,1965084421152","1943814144","[22:06:49] [Server thread/INFO]: The game is running, but can't keep up with the target tick rate [22:06:49] [Server thread/INFO]: Target tick rate: 20,0 per second. Average time per tick: 51,0ms (Target: 50,0ms) [22:06:49] [Server thread/INFO]: Percentiles: P50: 49,9ms P95: 62,7ms P99: 66,8ms, sample: 100"
"patch-enabled","2","2026-09-29T20:06:49.4655392+00:00","6181ee353c3d79aca0a796e4aedb26e41e15f1d06a1c855ab91eac390bf59223","False","False","False","False","True","none","False","0","2000","500","0","0","0","False","0","51","50,2","62,7","66,8","100","149,8350615642301","130,1965084421152","1943814144","[22:06:49] [Server thread/INFO]: The game is running, but can't keep up with the target tick rate [22:06:49] [Server thread/INFO]: Target tick rate: 20,0 per second. Average time per tick: 51,0ms (Target: 50,0ms) [22:06:49] [Server thread/INFO]: Percentiles: P50: 50,2ms P95: 62,7ms P99: 66,8ms, sample: 100"
"patch-enabled","2","2026-09-29T20:06:49.5905949+00:00","6181ee353c3d79aca0a796e4aedb26e41e15f1d06a1c855ab91eac390bf59223","False","False","False","False","True","none","False","0","2000","500","0","0","0","False","0","51,1","50,3","62,7","66,8","100","175,9464511500262","130,1965084421152","1943814144","[22:06:49] [Server thread/INFO]: The game is running, but can't keep up with the target tick rate [22:06:49] [Server thread/INFO]: Target tick rate: 20,0 per second. Average time per tick: 51,1ms (Target: 50,0ms) [22:06:49] [Server thread/INFO]: Percentiles: P50: 50,3ms P95: 62,7ms P99: 66,8ms, sample: 100"
"patch-enabled","2","2026-09-29T20:06:49.7149396+00:00","6181ee353c3d79aca0a796e4aedb26e41e15f1d06a1c855ab91eac390bf59223","False","False","False","False","True","none","False","0","2000","500","0","0","0","False","0","51,1","50,4","62,7","66,8","100","164,24440699784267","130,1965084421152","1943814144","[22:06:49] [Server thread/INFO]: The game is running, but can't keep up with the target tick rate [22:06:49] [Server thread/INFO]: Target tick rate: 20,0 per second. Average time per tick: 51,1ms (Target: 50,0ms) [22:06:49] [Server thread/INFO]: Percentiles: P50: 50,4ms P95: 62,7ms P99: 66,8ms, sample: 100"
"patch-enabled","2","2026-09-29T20:06:49.8386341+00:00","6181ee353c3d79aca0a796e4aedb26e41e15f1d06a1c855ab91eac390bf59223","False","False","False","False","True","none","False","0","2000","500","0","0","0","False","0","51","50,2","62,4","66,8","100","137,16761543427967","130,1965084421152","1943814144","[22:06:49] [Server thread/INFO]: The game is running, but can't keep up with the target tick rate [22:06:49] [Server thread/INFO]: Target tick rate: 20,0 per second. Average time per tick: 51,0ms (Target: 50,0ms) [22:06:49] [Server thread/INFO]: Percentiles: P50: 50,2ms P95: 62,4ms P99: 66,8ms, sample: 100"
"patch-enabled","2","2026-09-29T20:06:49.9639076+00:00","6181ee353c3d79aca0a796e4aedb26e41e15f1d06a1c855ab91eac390bf59223","False","False","False","False","True","none","False","0","2000","500","0","0","0","False","0","50,9","50,2","62,4","66,8","100","160,62124541661098","130,1965084421152","1943814144","[22:06:49] [Server thread/INFO]: The game is running, but can't keep up with the target tick rate [22:06:49] [Server thread/INFO]: Target tick rate: 20,0 per second. Average time per tick: 50,9ms (Target: 50,0ms) [22:06:49] [Server thread/INFO]: Percentiles: P50: 50,2ms P95: 62,4ms P99: 66,8ms, sample: 100"
"patch-enabled","2","2026-09-29T20:06:50.0903849+00:00","6181ee353c3d79aca0a796e4aedb26e41e15f1d06a1c855ab91eac390bf59223","False","False","False","False","True","none","False","0","2000","500","0","0","0","False","0","50,6","49,6","61,6","66,8","100","113,74574338151436","130,1965084421152","1943814144","[22:06:50] [Server thread/INFO]: The game is running, but can't keep up with the target tick rate [22:06:50] [Server thread/INFO]: Target tick rate: 20,0 per second. Average time per tick: 50,6ms (Target: 50,0ms) [22:06:50] [Server thread/INFO]: Percentiles: P50: 49,6ms P95: 61,6ms P99: 66,8ms, sample: 100"
"patch-enabled","2","2026-09-29T20:06:50.2139997+00:00","6181ee353c3d79aca0a796e4aedb26e41e15f1d06a1c855ab91eac390bf59223","False","False","False","False","True","none","False","0","2000","500","0","0","0","False","0","50,2","49,3","61,4","64,6","100","200,22008191403992","130,1965084421152","1943814144","[22:06:50] [Server thread/INFO]: The game is running, but can't keep up with the target tick rate [22:06:50] [Server thread/INFO]: Target tick rate: 20,0 per second. Average time per tick: 50,2ms (Target: 50,0ms) [22:06:50] [Server thread/INFO]: Percentiles: P50: 49,3ms P95: 61,4ms P99: 64,6ms, sample: 100"
"patch-enabled","2","2026-09-29T20:06:50.3388918+00:00","6181ee353c3d79aca0a796e4aedb26e41e15f1d06a1c855ab91eac390bf59223","False","False","False","False","True","none","False","0","2000","500","0","0","0","False","0","50,2","49,3","61,4","64,6","100","149,6691712638384","130,1965084421152","1943814144","[22:06:50] [Server thread/INFO]: The game is running, but can't keep up with the target tick rate [22:06:50] [Server thread/INFO]: Target tick rate: 20,0 per second. Average time per tick: 50,2ms (Target: 50,0ms) [22:06:50] [Server thread/INFO]: Percentiles: P50: 49,3ms P95: 61,4ms P99: 64,6ms, sample: 100"
"patch-enabled","2","2026-09-29T20:06:50.4641245+00:00","6181ee353c3d79aca0a796e4aedb26e41e15f1d06a1c855ab91eac390bf59223","False","False","False","False","True","none","False","0","2000","500","0","0","0","False","0","50,3","49,6","61,4","64,6","100","174,57473594324227","130,1965084421152","1943814144","[22:06:50] [Server thread/INFO]: The game is running, but can't keep up with the target tick rate [22:06:50] [Server thread/INFO]: Target tick rate: 20,0 per second. Average time per tick: 50,3ms (Target: 50,0ms) [22:06:50] [Server thread/INFO]: Percentiles: P50: 49,6ms P95: 61,4ms P99: 64,6ms, sample: 100"
"patch-enabled","2","2026-09-29T20:06:50.5894547+00:00","6181ee353c3d79aca0a796e4aedb26e41e15f1d06a1c855ab91eac390bf59223","False","False","False","False","True","none","False","0","2000","500","0","0","0","False","0","50,4","49,6","61,4","64,6","100","74,18796817553783","130,1965084421152","1943814144","[22:06:50] [Server thread/INFO]: The game is running, but can't keep up with the target tick rate [22:06:50] [Server thread/INFO]: Target tick rate: 20,0 per second. Average time per tick: 50,4ms (Target: 50,0ms) [22:06:50] [Server thread/INFO]: Percentiles: P50: 49,6ms P95: 61,4ms P99: 64,6ms, sample: 100"
"patch-enabled","2","2026-09-29T20:06:50.7162483+00:00","6181ee353c3d79aca0a796e4aedb26e41e15f1d06a1c855ab91eac390bf59223","False","False","False","False","True","none","False","0","2000","500","0","0","0","False","0","50,3","49,6","61,4","64,6","100","100,58386924418868","130,1965084421152","1943814144","[22:06:50] [Server thread/INFO]: The game is running, but can't keep up with the target tick rate [22:06:50] [Server thread/INFO]: Target tick rate: 20,0 per second. Average time per tick: 50,3ms (Target: 50,0ms) [22:06:50] [Server thread/INFO]: Percentiles: P50: 49,6ms P95: 61,4ms P99: 64,6ms, sample: 100"
"patch-enabled","2","2026-09-29T20:06:50.8400972+00:00","6181ee353c3d79aca0a796e4aedb26e41e15f1d06a1c855ab91eac390bf59223","False","False","False","False","True","none","False","0","2000","500","0","0","0","False","0","50,5","49,9","61,4","64,6","100","99,95410107678553","130,1965084421152","1943814144","[22:06:50] [Server thread/INFO]: The game is running, but can't keep up with the target tick rate [22:06:50] [Server thread/INFO]: Target tick rate: 20,0 per second. Average time per tick: 50,5ms (Target: 50,0ms) [22:06:50] [Server thread/INFO]: Percentiles: P50: 49,9ms P95: 61,4ms P99: 64,6ms, sample: 100"
"patch-enabled","2","2026-09-29T20:06:50.9651468+00:00","6181ee353c3d79aca0a796e4aedb26e41e15f1d06a1c855ab91eac390bf59223","False","False","False","False","True","none","False","0","2000","500","0","0","0","False","0","50,6","49,9","61,4","64,6","100","126,16679047834374","130,1965084421152","1943814144","[22:06:51] [Server thread/INFO]: The game is running, but can't keep up with the target tick rate [22:06:51] [Server thread/INFO]: Target tick rate: 20,0 per second. Average time per tick: 50,6ms (Target: 50,0ms) [22:06:51] [Server thread/INFO]: Percentiles: P50: 49,9ms P95: 61,4ms P99: 64,6ms, sample: 100"
"patch-enabled","2","2026-09-29T20:06:51.0892479+00:00","6181ee353c3d79aca0a796e4aedb26e41e15f1d06a1c855ab91eac390bf59223","False","False","False","False","True","none","False","0","2000","500","0","0","0","False","0","50,6","49,9","61,4","64,6","100","100,71588853571183","130,1965084421152","1943814144","[22:06:51] [Server thread/INFO]: The game is running, but can't keep up with the target tick rate [22:06:51] [Server thread/INFO]: Target tick rate: 20,0 per second. Average time per tick: 50,6ms (Target: 50,0ms) [22:06:51] [Server thread/INFO]: Percentiles: P50: 49,9ms P95: 61,4ms P99: 64,6ms, sample: 100"
"patch-enabled","2","2026-09-29T20:06:51.2131283+00:00","6181ee353c3d79aca0a796e4aedb26e41e15f1d06a1c855ab91eac390bf59223","False","False","False","False","True","none","False","0","2000","500","0","0","0","False","0","50,6","49,9","61,4","64,6","100","100,87389068982408","130,1965084421152","1943814144","[22:06:51] [Server thread/INFO]: The game is running, but can't keep up with the target tick rate [22:06:51] [Server thread/INFO]: Target tick rate: 20,0 per second. Average time per tick: 50,6ms (Target: 50,0ms) [22:06:51] [Server thread/INFO]: Percentiles: P50: 49,9ms P95: 61,4ms P99: 64,6ms, sample: 100"
"patch-enabled","2","2026-09-29T20:06:51.3370021+00:00","6181ee353c3d79aca0a796e4aedb26e41e15f1d06a1c855ab91eac390bf59223","False","False","False","False","True","none","False","0","2000","500","0","0","0","False","0","50,4","49,6","61,4","64,6","100","99,5865167823198","130,1965084421152","1943814144","[22:06:51] [Server thread/INFO]: The game is running, but can't keep up with the target tick rate [22:06:51] [Server thread/INFO]: Target tick rate: 20,0 per second. Average time per tick: 50,4ms (Target: 50,0ms) [22:06:51] [Server thread/INFO]: Percentiles: P50: 49,6ms P95: 61,4ms P99: 64,6ms, sample: 100"
"patch-enabled","2","2026-09-29T20:06:51.4625520+00:00","6181ee353c3d79aca0a796e4aedb26e41e15f1d06a1c855ab91eac390bf59223","False","False","False","False","True","none","False","0","2000","500","0","0","0","False","0","50","49,4","59","64,6","100","280,3396860684836","130,1965084421152","1943814144","[22:06:51] [Server thread/INFO]: The game is running, but can't keep up with the target tick rate [22:06:51] [Server thread/INFO]: Target tick rate: 20,0 per second. Average time per tick: 50,0ms (Target: 50,0ms) [22:06:51] [Server thread/INFO]: Percentiles: P50: 49,4ms P95: 59,0ms P99: 64,6ms, sample: 100"
"patch-enabled","2","2026-09-29T20:06:51.5851747+00:00","6181ee353c3d79aca0a796e4aedb26e41e15f1d06a1c855ab91eac390bf59223","False","False","False","False","True","none","False","0","2000","500","0","0","0","False","0","49,9","49,1","59","64,6","100","70,01026070380874","130,1965084421152","1943814144","[22:06:51] [Server thread/INFO]: The game is running normally [22:06:51] [Server thread/INFO]: Target tick rate: 20,0 per second. Average time per tick: 49,9ms (Target: 50,0ms) [22:06:51] [Server thread/INFO]: Percentiles: P50: 49,1ms P95: 59,0ms P99: 64,6ms, sample: 100"
"patch-enabled","2","2026-09-29T20:06:51.7414028+00:00","6181ee353c3d79aca0a796e4aedb26e41e15f1d06a1c855ab91eac390bf59223","False","False","False","False","True","none","False","0","2000","500","0","0","0","False","0","49,4","49,1","58,4","64,6","100","100,13409958616579","130,1965084421152","1943814144","[22:06:51] [Server thread/INFO]: The game is running normally [22:06:51] [Server thread/INFO]: Target tick rate: 20,0 per second. Average time per tick: 49,4ms (Target: 50,0ms) [22:06:51] [Server thread/INFO]: Percentiles: P50: 49,1ms P95: 58,4ms P99: 64,6ms, sample: 100"
"patch-enabled","2","2026-09-29T20:06:51.8662136+00:00","6181ee353c3d79aca0a796e4aedb26e41e15f1d06a1c855ab91eac390bf59223","False","False","False","False","True","none","False","0","2000","500","0","0","0","False","0","49,2","49","57,4","64,6","100","86,3546608620544","130,1965084421152","1943814144","[22:06:51] [Server thread/INFO]: The game is running normally [22:06:51] [Server thread/INFO]: Target tick rate: 20,0 per second. Average time per tick: 49,2ms (Target: 50,0ms) [22:06:51] [Server thread/INFO]: Percentiles: P50: 49,0ms P95: 57,4ms P99: 64,6ms, sample: 100"
"patch-enabled","2","2026-09-29T20:06:51.9928632+00:00","6181ee353c3d79aca0a796e4aedb26e41e15f1d06a1c855ab91eac390bf59223","False","False","False","False","True","none","False","0","2000","500","0","0","0","False","0","49","48,8","57,3","64,6","100","98,93858684037644","130,1965084421152","1943814144","[22:06:52] [Server thread/INFO]: The game is running normally [22:06:52] [Server thread/INFO]: Target tick rate: 20,0 per second. Average time per tick: 49,0ms (Target: 50,0ms) [22:06:52] [Server thread/INFO]: Percentiles: P50: 48,8ms P95: 57,3ms P99: 64,6ms, sample: 100"
"patch-enabled","2","2026-09-29T20:06:52.1192799+00:00","6181ee353c3d79aca0a796e4aedb26e41e15f1d06a1c855ab91eac390bf59223","False","False","False","False","True","none","False","0","2000","500","0","0","0","False","0","48,8","48,6","56,7","64,6","100","101,21023146375094","130,1965084421152","1943814144","[22:06:52] [Server thread/INFO]: The game is running normally [22:06:52] [Server thread/INFO]: Target tick rate: 20,0 per second. Average time per tick: 48,8ms (Target: 50,0ms) [22:06:52] [Server thread/INFO]: Percentiles: P50: 48,6ms P95: 56,7ms P99: 64,6ms, sample: 100"
"patch-enabled","2","2026-09-29T20:06:52.2427332+00:00","6181ee353c3d79aca0a796e4aedb26e41e15f1d06a1c855ab91eac390bf59223","False","False","False","False","True","none","False","0","2000","500","0","0","0","False","0","48,8","48,5","56,7","64,6","100","112,810508668901","130,1965084421152","1943814144","[22:06:52] [Server thread/INFO]: The game is running normally [22:06:52] [Server thread/INFO]: Target tick rate: 20,0 per second. Average time per tick: 48,8ms (Target: 50,0ms) [22:06:52] [Server thread/INFO]: Percentiles: P50: 48,5ms P95: 56,7ms P99: 64,6ms, sample: 100"
"patch-enabled","2","2026-09-29T20:06:52.3812414+00:00","6181ee353c3d79aca0a796e4aedb26e41e15f1d06a1c855ab91eac390bf59223","False","False","False","False","True","none","False","0","2000","500","0","0","0","False","0","48,8","48,6","56,7","64,6","100","100,90312331491785","130,1965084421152","1943814144","[22:06:52] [Server thread/INFO]: The game is running normally [22:06:52] [Server thread/INFO]: Target tick rate: 20,0 per second. Average time per tick: 48,8ms (Target: 50,0ms) [22:06:52] [Server thread/INFO]: Percentiles: P50: 48,6ms P95: 56,7ms P99: 64,6ms, sample: 100"
"patch-enabled","2","2026-09-29T20:06:52.5050926+00:00","6181ee353c3d79aca0a796e4aedb26e41e15f1d06a1c855ab91eac390bf59223","False","False","False","False","True","none","False","0","2000","500","0","0","0","False","0","48,9","48,6","57,3","64,6","100","87,45641172439656","130,1965084421152","1943814144","[22:06:52] [Server thread/INFO]: The game is running normally [22:06:52] [Server thread/INFO]: Target tick rate: 20,0 per second. Average time per tick: 48,9ms (Target: 50,0ms) [22:06:52] [Server thread/INFO]: Percentiles: P50: 48,6ms P95: 57,3ms P99: 64,6ms, sample: 100"
"patch-enabled","2","2026-09-29T20:06:52.6301660+00:00","6181ee353c3d79aca0a796e4aedb26e41e15f1d06a1c855ab91eac390bf59223","False","False","False","False","True","none","False","0","2000","500","0","0","0","False","0","48,9","48,5","57,3","64,6","100","100,58824002768188","130,1965084421152","1943814144","[22:06:52] [Server thread/INFO]: The game is running normally [22:06:52] [Server thread/INFO]: Target tick rate: 20,0 per second. Average time per tick: 48,9ms (Target: 50,0ms) [22:06:52] [Server thread/INFO]: Percentiles: P50: 48,5ms P95: 57,3ms P99: 64,6ms, sample: 100"
"patch-enabled","2","2026-09-29T20:06:52.7544444+00:00","6181ee353c3d79aca0a796e4aedb26e41e15f1d06a1c855ab91eac390bf59223","False","False","False","False","True","none","False","0","2000","500","0","0","0","False","0","48,9","48,5","57,3","64,6","100","113,87404983492819","130,1965084421152","1943814144","[22:06:52] [Server thread/INFO]: The game is running normally [22:06:52] [Server thread/INFO]: Target tick rate: 20,0 per second. Average time per tick: 48,9ms (Target: 50,0ms) [22:06:52] [Server thread/INFO]: Percentiles: P50: 48,5ms P95: 57,3ms P99: 64,6ms, sample: 100"
"patch-enabled","2","2026-09-29T20:06:52.8779418+00:00","6181ee353c3d79aca0a796e4aedb26e41e15f1d06a1c855ab91eac390bf59223","False","False","False","False","True","none","False","0","2000","500","0","0","0","False","0","48,6","48,5","55,4","60,7","100","100,4347619977358","130,1965084421152","1943814144","[22:06:52] [Server thread/INFO]: The game is running normally [22:06:52] [Server thread/INFO]: Target tick rate: 20,0 per second. Average time per tick: 48,6ms (Target: 50,0ms) [22:06:52] [Server thread/INFO]: Percentiles: P50: 48,5ms P95: 55,4ms P99: 60,7ms, sample: 100"
"patch-enabled","2","2026-09-29T20:06:53.0024072+00:00","6181ee353c3d79aca0a796e4aedb26e41e15f1d06a1c855ab91eac390bf59223","False","False","False","False","True","none","False","0","2000","500","0","0","0","False","0","48,6","48,5","55,4","60,7","100","124,56144406772636","130,1965084421152","1943814144","[22:06:53] [Server thread/INFO]: The game is running normally [22:06:53] [Server thread/INFO]: Target tick rate: 20,0 per second. Average time per tick: 48,6ms (Target: 50,0ms) [22:06:53] [Server thread/INFO]: Percentiles: P50: 48,5ms P95: 55,4ms P99: 60,7ms, sample: 100"
"patch-enabled","2","2026-09-29T20:06:53.1278368+00:00","6181ee353c3d79aca0a796e4aedb26e41e15f1d06a1c855ab91eac390bf59223","False","False","False","False","True","none","False","0","2000","500","0","0","0","False","0","48,6","48,5","55,4","60,7","100","163,92007237096414","130,1965084421152","1943814144","[22:06:53] [Server thread/INFO]: The game is running normally [22:06:53] [Server thread/INFO]: Target tick rate: 20,0 per second. Average time per tick: 48,6ms (Target: 50,0ms) [22:06:53] [Server thread/INFO]: Percentiles: P50: 48,5ms P95: 55,4ms P99: 60,7ms, sample: 100"
"patch-enabled","2","2026-09-29T20:06:53.2517453+00:00","6181ee353c3d79aca0a796e4aedb26e41e15f1d06a1c855ab91eac390bf59223","False","False","False","False","True","none","False","0","2000","500","0","0","0","False","0","48,8","48,5","56,2","60,7","100","100,75615479047153","130,1965084421152","1943814144","[22:06:53] [Server thread/INFO]: The game is running normally [22:06:53] [Server thread/INFO]: Target tick rate: 20,0 per second. Average time per tick: 48,8ms (Target: 50,0ms) [22:06:53] [Server thread/INFO]: Percentiles: P50: 48,5ms P95: 56,2ms P99: 60,7ms, sample: 100"
"patch-enabled","2","2026-09-29T20:06:53.3758135+00:00","6181ee353c3d79aca0a796e4aedb26e41e15f1d06a1c855ab91eac390bf59223","False","False","False","False","True","none","False","0","2000","500","0","0","0","False","0","48,9","48,6","56,7","60,7","100","86,80831137496429","130,1965084421152","1943814144","[22:06:53] [Server thread/INFO]: The game is running normally [22:06:53] [Server thread/INFO]: Target tick rate: 20,0 per second. Average time per tick: 48,9ms (Target: 50,0ms) [22:06:53] [Server thread/INFO]: Percentiles: P50: 48,6ms P95: 56,7ms P99: 60,7ms, sample: 100"
"patch-enabled","2","2026-09-29T20:06:53.5017908+00:00","6181ee353c3d79aca0a796e4aedb26e41e15f1d06a1c855ab91eac390bf59223","False","False","False","False","True","none","False","0","2000","500","0","0","0","False","0","49","48,8","56,7","60,7","100","100,81628933145896","130,1965084421152","1943814144","[22:06:53] [Server thread/INFO]: The game is running normally [22:06:53] [Server thread/INFO]: Target tick rate: 20,0 per second. Average time per tick: 49,0ms (Target: 50,0ms) [22:06:53] [Server thread/INFO]: Percentiles: P50: 48,8ms P95: 56,7ms P99: 60,7ms, sample: 100"
"patch-enabled","2","2026-09-29T20:06:53.6257962+00:00","6181ee353c3d79aca0a796e4aedb26e41e15f1d06a1c855ab91eac390bf59223","False","False","False","False","True","none","False","0","2000","500","0","0","0","False","0","49","48,6","56,7","60,7","100","87,62758576487366","130,1965084421152","1943814144","[22:06:53] [Server thread/INFO]: The game is running normally [22:06:53] [Server thread/INFO]: Target tick rate: 20,0 per second. Average time per tick: 49,0ms (Target: 50,0ms) [22:06:53] [Server thread/INFO]: Percentiles: P50: 48,6ms P95: 56,7ms P99: 60,7ms, sample: 100"
"patch-enabled","2","2026-09-29T20:06:53.7506331+00:00","6181ee353c3d79aca0a796e4aedb26e41e15f1d06a1c855ab91eac390bf59223","False","False","False","False","True","none","False","0","2000","500","0","0","0","False","0","48,8","48,5","56,2","60,7","100","100,37266362550878","130,1965084421152","1943814144","[22:06:53] [Server thread/INFO]: The game is running normally [22:06:53] [Server thread/INFO]: Target tick rate: 20,0 per second. Average time per tick: 48,8ms (Target: 50,0ms) [22:06:53] [Server thread/INFO]: Percentiles: P50: 48,5ms P95: 56,2ms P99: 60,7ms, sample: 100"
"patch-enabled","2","2026-09-29T20:06:53.8751517+00:00","6181ee353c3d79aca0a796e4aedb26e41e15f1d06a1c855ab91eac390bf59223","False","False","False","False","True","none","False","0","2000","500","0","0","0","False","0","49","48,6","56,2","60,7","100","112,17666198948153","130,1965084421152","1943814144","[22:06:53] [Server thread/INFO]: The game is running normally [22:06:53] [Server thread/INFO]: Target tick rate: 20,0 per second. Average time per tick: 49,0ms (Target: 50,0ms) [22:06:53] [Server thread/INFO]: Percentiles: P50: 48,6ms P95: 56,2ms P99: 60,7ms, sample: 100"
"patch-enabled","2","2026-09-29T20:06:54.0005137+00:00","6181ee353c3d79aca0a796e4aedb26e41e15f1d06a1c855ab91eac390bf59223","False","False","False","False","True","none","False","0","2000","500","0","0","0","False","0","49,1","48,8","56,2","60,7","100","112,06616944484512","130,1965084421152","1943814144","[22:06:54] [Server thread/INFO]: The game is running normally [22:06:54] [Server thread/INFO]: Target tick rate: 20,0 per second. Average time per tick: 49,1ms (Target: 50,0ms) [22:06:54] [Server thread/INFO]: Percentiles: P50: 48,8ms P95: 56,2ms P99: 60,7ms, sample: 100"
"patch-enabled","2","2026-09-29T20:06:54.1259804+00:00","6181ee353c3d79aca0a796e4aedb26e41e15f1d06a1c855ab91eac390bf59223","False","False","False","False","True","none","False","0","2000","500","0","0","0","False","0","48,8","48,5","56,2","60,7","100","126,00958882567129","130,1965084421152","1943814144","[22:06:54] [Server thread/INFO]: The game is running normally [22:06:54] [Server thread/INFO]: Target tick rate: 20,0 per second. Average time per tick: 48,8ms (Target: 50,0ms) [22:06:54] [Server thread/INFO]: Percentiles: P50: 48,5ms P95: 56,2ms P99: 60,7ms, sample: 100"
"patch-enabled","2","2026-09-29T20:06:54.2500361+00:00","6181ee353c3d79aca0a796e4aedb26e41e15f1d06a1c855ab91eac390bf59223","False","False","False","False","True","none","False","0","2000","500","0","0","0","False","0","48,9","48,6","56,2","60,7","100","100,81628933145896","130,1965084421152","1943814144","[22:06:54] [Server thread/INFO]: The game is running normally [22:06:54] [Server thread/INFO]: Target tick rate: 20,0 per second. Average time per tick: 48,9ms (Target: 50,0ms) [22:06:54] [Server thread/INFO]: Percentiles: P50: 48,6ms P95: 56,2ms P99: 60,7ms, sample: 100"
"patch-enabled","2","2026-09-29T20:06:54.3739800+00:00","6181ee353c3d79aca0a796e4aedb26e41e15f1d06a1c855ab91eac390bf59223","False","False","False","False","True","none","False","0","2000","500","0","0","0","False","0","48,8","48,5","56,2","60,7","100","111,16126268127687","130,1965084421152","1943814144","[22:06:54] [Server thread/INFO]: The game is running normally [22:06:54] [Server thread/INFO]: Target tick rate: 20,0 per second. Average time per tick: 48,8ms (Target: 50,0ms) [22:06:54] [Server thread/INFO]: Percentiles: P50: 48,5ms P95: 56,2ms P99: 60,7ms, sample: 100"
"patch-enabled","2","2026-09-29T20:06:54.5005068+00:00","6181ee353c3d79aca0a796e4aedb26e41e15f1d06a1c855ab91eac390bf59223","False","False","False","False","True","none","False","0","2000","500","0","0","0","False","0","48,5","48,2","56,2","60,7","100","100,14605300370059","130,1965084421152","1943814144","[22:06:54] [Server thread/INFO]: The game is running normally [22:06:54] [Server thread/INFO]: Target tick rate: 20,0 per second. Average time per tick: 48,5ms (Target: 50,0ms) [22:06:54] [Server thread/INFO]: Percentiles: P50: 48,2ms P95: 56,2ms P99: 60,7ms, sample: 100"
"patch-enabled","2","2026-09-29T20:06:54.6253130+00:00","6181ee353c3d79aca0a796e4aedb26e41e15f1d06a1c855ab91eac390bf59223","False","False","False","False","True","none","False","0","2000","500","0","0","0","False","0","48,3","48,1","55,4","60,7","100","87,73731188117621","130,1965084421152","1943814144","[22:06:54] [Server thread/INFO]: The game is running normally [22:06:54] [Server thread/INFO]: Target tick rate: 20,0 per second. Average time per tick: 48,3ms (Target: 50,0ms) [22:06:54] [Server thread/INFO]: Percentiles: P50: 48,1ms P95: 55,4ms P99: 60,7ms, sample: 100"
"patch-enabled","2","2026-09-29T20:06:54.7499854+00:00","6181ee353c3d79aca0a796e4aedb26e41e15f1d06a1c855ab91eac390bf59223","False","False","False","False","True","none","False","0","2000","500","0","0","0","False","0","48,3","48,1","55,4","60,7","100","137,10524657406395","130,1965084421152","1943814144","[22:06:54] [Server thread/INFO]: The game is running normally [22:06:54] [Server thread/INFO]: Target tick rate: 20,0 per second. Average time per tick: 48,3ms (Target: 50,0ms) [22:06:54] [Server thread/INFO]: Percentiles: P50: 48,1ms P95: 55,4ms P99: 60,7ms, sample: 100"
"patch-enabled","2","2026-09-29T20:06:54.8753104+00:00","6181ee353c3d79aca0a796e4aedb26e41e15f1d06a1c855ab91eac390bf59223","False","False","False","False","True","none","False","0","2000","500","0","0","0","False","0","48,2","47,5","55,4","60,7","100","113,3836669467159","130,1965084421152","1943814144","[22:06:54] [Server thread/INFO]: The game is running normally [22:06:54] [Server thread/INFO]: Target tick rate: 20,0 per second. Average time per tick: 48,2ms (Target: 50,0ms) [22:06:54] [Server thread/INFO]: Percentiles: P50: 47,5ms P95: 55,4ms P99: 60,7ms, sample: 100"
"patch-enabled","2","2026-09-29T20:06:54.9993648+00:00","6181ee353c3d79aca0a796e4aedb26e41e15f1d06a1c855ab91eac390bf59223","False","False","False","False","True","none","False","0","2000","500","0","0","0","False","0","48,3","47,5","55,8","60,7","100","212,8105331299432","130,1965084421152","1943814144","[22:06:55] [Server thread/INFO]: The game is running normally [22:06:55] [Server thread/INFO]: Target tick rate: 20,0 per second. Average time per tick: 48,3ms (Target: 50,0ms) [22:06:55] [Server thread/INFO]: Percentiles: P50: 47,5ms P95: 55,8ms P99: 60,7ms, sample: 100"
"patch-enabled","2","2026-09-29T20:06:55.1241767+00:00","6181ee353c3d79aca0a796e4aedb26e41e15f1d06a1c855ab91eac390bf59223","False","False","False","False","True","none","False","0","2000","500","0","0","0","False","0","48,3","47,9","55,8","60,7","100","188,56956658165115","130,1965084421152","1943814144","[22:06:55] [Server thread/INFO]: The game is running normally [22:06:55] [Server thread/INFO]: Target tick rate: 20,0 per second. Average time per tick: 48,3ms (Target: 50,0ms) [22:06:55] [Server thread/INFO]: Percentiles: P50: 47,9ms P95: 55,8ms P99: 60,7ms, sample: 100"
"patch-enabled","2","2026-09-29T20:06:55.2485232+00:00","6181ee353c3d79aca0a796e4aedb26e41e15f1d06a1c855ab91eac390bf59223","False","False","False","False","True","none","False","0","2000","500","0","0","0","False","0","48,2","47,5","55,8","60,7","100","99,11030659971567","130,1965084421152","1943814144","[22:06:55] [Server thread/INFO]: The game is running normally [22:06:55] [Server thread/INFO]: Target tick rate: 20,0 per second. Average time per tick: 48,2ms (Target: 50,0ms) [22:06:55] [Server thread/INFO]: Percentiles: P50: 47,5ms P95: 55,8ms P99: 60,7ms, sample: 100"
"patch-enabled","2","2026-09-29T20:06:55.3745774+00:00","6181ee353c3d79aca0a796e4aedb26e41e15f1d06a1c855ab91eac390bf59223","False","False","False","False","True","none","False","0","2000","500","0","0","0","False","0","48,3","47,5","56,2","60,7","100","161,9187763603768","130,1965084421152","1943814144","[22:06:55] [Server thread/INFO]: The game is running normally [22:06:55] [Server thread/INFO]: Target tick rate: 20,0 per second. Average time per tick: 48,3ms (Target: 50,0ms) [22:06:55] [Server thread/INFO]: Percentiles: P50: 47,5ms P95: 56,2ms P99: 60,7ms, sample: 100"
"patch-enabled","2","2026-09-29T20:06:55.5000374+00:00","6181ee353c3d79aca0a796e4aedb26e41e15f1d06a1c855ab91eac390bf59223","False","False","False","False","True","none","False","0","2000","500","0","0","0","False","0","48,2","47,5","56,2","60,7","100","202,8269204869793","130,1965084421152","1943814144","[22:06:55] [Server thread/INFO]: The game is running normally [22:06:55] [Server thread/INFO]: Target tick rate: 20,0 per second. Average time per tick: 48,2ms (Target: 50,0ms) [22:06:55] [Server thread/INFO]: Percentiles: P50: 47,5ms P95: 56,2ms P99: 60,7ms, sample: 100"
"patch-enabled","2","2026-09-29T20:06:55.6232898+00:00","6181ee353c3d79aca0a796e4aedb26e41e15f1d06a1c855ab91eac390bf59223","False","False","False","False","True","none","False","0","2000","500","0","0","0","False","0","48,2","47,5","56,2","60,7","100","137,3606613451315","130,1965084421152","1943814144","[22:06:55] [Server thread/INFO]: The game is running normally [22:06:55] [Server thread/INFO]: Target tick rate: 20,0 per second. Average time per tick: 48,2ms (Target: 50,0ms) [22:06:55] [Server thread/INFO]: Percentiles: P50: 47,5ms P95: 56,2ms P99: 60,7ms, sample: 100"
"patch-enabled","2","2026-09-29T20:06:55.7484392+00:00","6181ee353c3d79aca0a796e4aedb26e41e15f1d06a1c855ab91eac390bf59223","False","False","False","False","True","none","False","0","2000","500","0","0","0","False","0","48,3","47,5","57,4","60,7","100","125,43833170631456","130,1965084421152","1943814144","[22:06:55] [Server thread/INFO]: The game is running normally [22:06:55] [Server thread/INFO]: Target tick rate: 20,0 per second. Average time per tick: 48,3ms (Target: 50,0ms) [22:06:55] [Server thread/INFO]: Percentiles: P50: 47,5ms P95: 57,4ms P99: 60,7ms, sample: 100"
"patch-enabled","2","2026-09-29T20:06:55.8729822+00:00","6181ee353c3d79aca0a796e4aedb26e41e15f1d06a1c855ab91eac390bf59223","False","False","False","False","True","none","False","0","2000","500","0","0","0","False","0","48,2","47,5","57,4","60,7","100","101,32221436862481","130,1965084421152","1943814144","[22:06:55] [Server thread/INFO]: The game is running normally [22:06:55] [Server thread/INFO]: Target tick rate: 20,0 per second. Average time per tick: 48,2ms (Target: 50,0ms) [22:06:55] [Server thread/INFO]: Percentiles: P50: 47,5ms P95: 57,4ms P99: 60,7ms, sample: 100"
"patch-enabled","2","2026-09-29T20:06:55.9963595+00:00","6181ee353c3d79aca0a796e4aedb26e41e15f1d06a1c855ab91eac390bf59223","False","False","False","False","True","none","False","0","2000","500","0","0","0","False","0","48,2","47,5","57,4","60,7","100","163,31172459593162","130,1965084421152","1943814144","[22:06:56] [Server thread/INFO]: The game is running normally [22:06:56] [Server thread/INFO]: Target tick rate: 20,0 per second. Average time per tick: 48,2ms (Target: 50,0ms) [22:06:56] [Server thread/INFO]: Percentiles: P50: 47,5ms P95: 57,4ms P99: 60,7ms, sample: 100"
"patch-enabled","2","2026-09-29T20:06:56.1207772+00:00","6181ee353c3d79aca0a796e4aedb26e41e15f1d06a1c855ab91eac390bf59223","False","False","False","False","True","none","False","0","2000","500","0","0","0","False","0","48,1","47,5","57,4","60,7","100","162,56489590644586","130,1965084421152","1943814144","[22:06:56] [Server thread/INFO]: The game is running normally [22:06:56] [Server thread/INFO]: Target tick rate: 20,0 per second. Average time per tick: 48,1ms (Target: 50,0ms) [22:06:56] [Server thread/INFO]: Percentiles: P50: 47,5ms P95: 57,4ms P99: 60,7ms, sample: 100"
"patch-enabled","2","2026-09-29T20:06:56.2456777+00:00","6181ee353c3d79aca0a796e4aedb26e41e15f1d06a1c855ab91eac390bf59223","False","False","False","False","True","none","False","0","2000","500","0","0","0","False","0","48,2","47,5","57,4","60,7","100","227,54983240196344","130,1965084421152","1943814144","[22:06:56] [Server thread/INFO]: The game is running normally [22:06:56] [Server thread/INFO]: Target tick rate: 20,0 per second. Average time per tick: 48,2ms (Target: 50,0ms) [22:06:56] [Server thread/INFO]: Percentiles: P50: 47,5ms P95: 57,4ms P99: 60,7ms, sample: 100"
"patch-enabled","2","2026-09-29T20:06:56.3693982+00:00","6181ee353c3d79aca0a796e4aedb26e41e15f1d06a1c855ab91eac390bf59223","False","False","False","False","True","none","False","0","2000","500","0","0","0","False","0","48,2","47,5","57,4","60,7","100","136,29277313269978","130,1965084421152","1943814144","[22:06:56] [Server thread/INFO]: The game is running normally [22:06:56] [Server thread/INFO]: Target tick rate: 20,0 per second. Average time per tick: 48,2ms (Target: 50,0ms) [22:06:56] [Server thread/INFO]: Percentiles: P50: 47,5ms P95: 57,4ms P99: 60,7ms, sample: 100"
"patch-enabled","2","2026-09-29T20:06:56.4953827+00:00","6181ee353c3d79aca0a796e4aedb26e41e15f1d06a1c855ab91eac390bf59223","False","False","False","False","True","none","False","0","2000","500","0","0","0","False","0","48,3","47,5","57,4","60,7","100","174,48130198545763","130,1965084421152","1943814144","[22:06:56] [Server thread/INFO]: The game is running normally [22:06:56] [Server thread/INFO]: Target tick rate: 20,0 per second. Average time per tick: 48,3ms (Target: 50,0ms) [22:06:56] [Server thread/INFO]: Percentiles: P50: 47,5ms P95: 57,4ms P99: 60,7ms, sample: 100"
"patch-enabled","2","2026-09-29T20:06:56.6207938+00:00","6181ee353c3d79aca0a796e4aedb26e41e15f1d06a1c855ab91eac390bf59223","False","False","False","False","True","none","False","0","2000","500","0","0","0","False","0","48,4","47,9","58,8","60,7","100","151,06981600904967","130,1965084421152","1943814144","[22:06:56] [Server thread/INFO]: The game is running normally [22:06:56] [Server thread/INFO]: Target tick rate: 20,0 per second. Average time per tick: 48,4ms (Target: 50,0ms) [22:06:56] [Server thread/INFO]: Percentiles: P50: 47,9ms P95: 58,8ms P99: 60,7ms, sample: 100"
"patch-enabled","2","2026-09-29T20:06:56.7448699+00:00","6181ee353c3d79aca0a796e4aedb26e41e15f1d06a1c855ab91eac390bf59223","False","False","False","False","True","none","False","0","2000","500","0","0","0","False","0","48,4","47,5","58,8","60,7","100","188,3663344453812","130,1965084421152","1943814144","[22:06:56] [Server thread/INFO]: The game is running normally [22:06:56] [Server thread/INFO]: Target tick rate: 20,0 per second. Average time per tick: 48,4ms (Target: 50,0ms) [22:06:56] [Server thread/INFO]: Percentiles: P50: 47,5ms P95: 58,8ms P99: 60,7ms, sample: 100"
"patch-enabled","2","2026-09-29T20:06:56.8693006+00:00","6181ee353c3d79aca0a796e4aedb26e41e15f1d06a1c855ab91eac390bf59223","False","False","False","False","True","none","False","0","2000","500","0","0","0","False","0","48,5","47,9","58,8","60,7","100","199,95888845253415","130,1965084421152","1943814144","[22:06:56] [Server thread/INFO]: The game is running normally [22:06:56] [Server thread/INFO]: Target tick rate: 20,0 per second. Average time per tick: 48,5ms (Target: 50,0ms) [22:06:56] [Server thread/INFO]: Percentiles: P50: 47,9ms P95: 58,8ms P99: 60,7ms, sample: 100"
"patch-enabled","2","2026-09-29T20:06:56.9943373+00:00","6181ee353c3d79aca0a796e4aedb26e41e15f1d06a1c855ab91eac390bf59223","False","False","False","False","True","none","False","0","2000","500","0","0","0","False","0","48,8","48,1","58,9","62,9","100","227,1359868200558","130,1965084421152","1943814144","[22:06:57] [Server thread/INFO]: The game is running normally [22:06:57] [Server thread/INFO]: Target tick rate: 20,0 per second. Average time per tick: 48,8ms (Target: 50,0ms) [22:06:57] [Server thread/INFO]: Percentiles: P50: 48,1ms P95: 58,9ms P99: 62,9ms, sample: 100"
"patch-enabled","2","2026-09-29T20:06:57.1181482+00:00","6181ee353c3d79aca0a796e4aedb26e41e15f1d06a1c855ab91eac390bf59223","False","False","False","False","True","none","False","0","2000","500","0","0","0","False","0","49","48,1","59,9","63,3","100","112,28808991670918","130,1965084421152","1943814144","[22:06:57] [Server thread/INFO]: The game is running normally [22:06:57] [Server thread/INFO]: Target tick rate: 20,0 per second. Average time per tick: 49,0ms (Target: 50,0ms) [22:06:57] [Server thread/INFO]: Percentiles: P50: 48,1ms P95: 59,9ms P99: 63,3ms, sample: 100"
"patch-enabled","2","2026-09-29T20:06:57.2433931+00:00","6181ee353c3d79aca0a796e4aedb26e41e15f1d06a1c855ab91eac390bf59223","False","False","False","False","True","none","False","0","2000","500","0","0","0","False","0","49","48,1","59,9","63,3","100","88,20315555609317","130,1965084421152","1943814144","[22:06:57] [Server thread/INFO]: The game is running normally [22:06:57] [Server thread/INFO]: Target tick rate: 20,0 per second. Average time per tick: 49,0ms (Target: 50,0ms) [22:06:57] [Server thread/INFO]: Percentiles: P50: 48,1ms P95: 59,9ms P99: 63,3ms, sample: 100"
"patch-enabled","2","2026-09-29T20:06:57.3673830+00:00","6181ee353c3d79aca0a796e4aedb26e41e15f1d06a1c855ab91eac390bf59223","False","False","False","False","True","none","False","0","2000","500","0","0","0","False","0","48,8","48,1","58,9","63,3","100","99,52435321113336","130,1965084421152","1943814144","[22:06:57] [Server thread/INFO]: The game is running normally [22:06:57] [Server thread/INFO]: Target tick rate: 20,0 per second. Average time per tick: 48,8ms (Target: 50,0ms) [22:06:57] [Server thread/INFO]: Percentiles: P50: 48,1ms P95: 58,9ms P99: 63,3ms, sample: 100"
"patch-enabled","2","2026-09-29T20:06:57.4930088+00:00","6181ee353c3d79aca0a796e4aedb26e41e15f1d06a1c855ab91eac390bf59223","False","False","False","False","True","none","False","0","2000","500","0","0","0","False","0","48,7","47,9","58,9","63,3","100","100,48780801522913","130,1965084421152","1943814144","[22:06:57] [Server thread/INFO]: The game is running normally [22:06:57] [Server thread/INFO]: Target tick rate: 20,0 per second. Average time per tick: 48,7ms (Target: 50,0ms) [22:06:57] [Server thread/INFO]: Percentiles: P50: 47,9ms P95: 58,9ms P99: 63,3ms, sample: 100"
"patch-enabled","2","2026-09-29T20:06:57.6173533+00:00","6181ee353c3d79aca0a796e4aedb26e41e15f1d06a1c855ab91eac390bf59223","False","False","False","False","True","none","False","0","2000","500","0","0","0","False","0","48,8","48,1","58,9","63,3","100","100,94509735234918","130,1965084421152","1943814144","[22:06:57] [Server thread/INFO]: The game is running normally [22:06:57] [Server thread/INFO]: Target tick rate: 20,0 per second. Average time per tick: 48,8ms (Target: 50,0ms) [22:06:57] [Server thread/INFO]: Percentiles: P50: 48,1ms P95: 58,9ms P99: 63,3ms, sample: 100"
"patch-enabled","2","2026-09-29T20:06:57.7566822+00:00","6181ee353c3d79aca0a796e4aedb26e41e15f1d06a1c855ab91eac390bf59223","False","False","False","False","True","none","False","0","2000","500","0","0","0","False","0","48,7","47,8","58,9","63,3","100","123,0480551427107","130,1965084421152","1943814144","[22:06:57] [Server thread/INFO]: The game is running normally [22:06:57] [Server thread/INFO]: Target tick rate: 20,0 per second. Average time per tick: 48,7ms (Target: 50,0ms) [22:06:57] [Server thread/INFO]: Percentiles: P50: 47,8ms P95: 58,9ms P99: 63,3ms, sample: 100"
"patch-enabled","2","2026-09-29T20:06:57.8963483+00:00","6181ee353c3d79aca0a796e4aedb26e41e15f1d06a1c855ab91eac390bf59223","False","False","False","False","True","none","False","0","2000","500","0","0","0","False","0","48,7","47,5","58,9","63,3","100","123,51739599242376","130,1965084421152","1943814144","[22:06:57] [Server thread/INFO]: The game is running normally [22:06:57] [Server thread/INFO]: Target tick rate: 20,0 per second. Average time per tick: 48,7ms (Target: 50,0ms) [22:06:57] [Server thread/INFO]: Percentiles: P50: 47,5ms P95: 58,9ms P99: 63,3ms, sample: 100"
"patch-enabled","2","2026-09-29T20:06:58.0228439+00:00","6181ee353c3d79aca0a796e4aedb26e41e15f1d06a1c855ab91eac390bf59223","False","False","False","False","True","none","False","0","2000","500","0","0","0","False","0","48,8","47,8","58,9","63,3","100","124,97470511968378","130,1965084421152","1943814144","[22:06:58] [Server thread/INFO]: The game is running normally [22:06:58] [Server thread/INFO]: Target tick rate: 20,0 per second. Average time per tick: 48,8ms (Target: 50,0ms) [22:06:58] [Server thread/INFO]: Percentiles: P50: 47,8ms P95: 58,9ms P99: 63,3ms, sample: 100"
"patch-enabled","2","2026-09-29T20:06:58.1479380+00:00","6181ee353c3d79aca0a796e4aedb26e41e15f1d06a1c855ab91eac390bf59223","False","False","False","False","True","none","False","0","2000","500","0","0","0","False","0","48,6","47,5","58,9","63,3","100","148,4940329157813","130,1965084421152","1943814144","[22:06:58] [Server thread/INFO]: The game is running normally [22:06:58] [Server thread/INFO]: Target tick rate: 20,0 per second. Average time per tick: 48,6ms (Target: 50,0ms) [22:06:58] [Server thread/INFO]: Percentiles: P50: 47,5ms P95: 58,9ms P99: 63,3ms, sample: 100"
"patch-enabled","2","2026-09-29T20:06:58.2741404+00:00","6181ee353c3d79aca0a796e4aedb26e41e15f1d06a1c855ab91eac390bf59223","False","False","False","False","True","none","False","0","2000","500","0","0","0","False","0","48,6","47,8","58,9","63,3","100","135,14419344864197","130,1965084421152","1943814144","[22:06:58] [Server thread/INFO]: The game is running normally [22:06:58] [Server thread/INFO]: Target tick rate: 20,0 per second. Average time per tick: 48,6ms (Target: 50,0ms) [22:06:58] [Server thread/INFO]: Percentiles: P50: 47,8ms P95: 58,9ms P99: 63,3ms, sample: 100"
"patch-enabled","2","2026-09-29T20:06:58.4128841+00:00","6181ee353c3d79aca0a796e4aedb26e41e15f1d06a1c855ab91eac390bf59223","False","False","False","False","True","none","False","0","2000","500","0","0","0","False","0","48,8","47,9","58,9","63,3","100","160,44654098979618","130,1965084421152","1943814144","[22:06:58] [Server thread/INFO]: The game is running normally [22:06:58] [Server thread/INFO]: Target tick rate: 20,0 per second. Average time per tick: 48,8ms (Target: 50,0ms) [22:06:58] [Server thread/INFO]: Percentiles: P50: 47,9ms P95: 58,9ms P99: 63,3ms, sample: 100"
"patch-enabled","2","2026-09-29T20:06:58.5394853+00:00","6181ee353c3d79aca0a796e4aedb26e41e15f1d06a1c855ab91eac390bf59223","False","False","False","False","True","none","False","0","2000","500","0","0","0","False","0","48,8","47,9","58,9","63,3","100","215,21009771855017","130,1965084421152","1943814144","[22:06:58] [Server thread/INFO]: The game is running normally [22:06:58] [Server thread/INFO]: Target tick rate: 20,0 per second. Average time per tick: 48,8ms (Target: 50,0ms) [22:06:58] [Server thread/INFO]: Percentiles: P50: 47,9ms P95: 58,9ms P99: 63,3ms, sample: 100"
"patch-enabled","2","2026-09-29T20:06:58.6629016+00:00","6181ee353c3d79aca0a796e4aedb26e41e15f1d06a1c855ab91eac390bf59223","False","False","False","False","True","none","False","0","2000","500","0","0","0","False","0","49","48,2","58,9","63,3","100","320,34222406213655","130,1965084421152","1943814144","[22:06:58] [Server thread/INFO]: The game is running normally [22:06:58] [Server thread/INFO]: Target tick rate: 20,0 per second. Average time per tick: 49,0ms (Target: 50,0ms) [22:06:58] [Server thread/INFO]: Percentiles: P50: 48,2ms P95: 58,9ms P99: 63,3ms, sample: 100"
"patch-enabled","2","2026-09-29T20:06:58.7897196+00:00","6181ee353c3d79aca0a796e4aedb26e41e15f1d06a1c855ab91eac390bf59223","False","False","False","False","True","none","False","0","2000","500","0","0","0","False","0","49","48,2","59,7","63,3","100","162,90034388513212","130,1965084421152","1943814144","[22:06:58] [Server thread/INFO]: The game is running normally [22:06:58] [Server thread/INFO]: Target tick rate: 20,0 per second. Average time per tick: 49,0ms (Target: 50,0ms) [22:06:58] [Server thread/INFO]: Percentiles: P50: 48,2ms P95: 59,7ms P99: 63,3ms, sample: 100"
"patch-enabled","2","2026-09-29T20:06:58.9147704+00:00","6181ee353c3d79aca0a796e4aedb26e41e15f1d06a1c855ab91eac390bf59223","False","False","False","False","True","none","False","0","2000","500","0","0","0","False","0","49,1","48,2","59,7","63,3","100","102,78861398188288","130,1965084421152","1943814144","[22:06:58] [Server thread/INFO]: The game is running normally [22:06:58] [Server thread/INFO]: Target tick rate: 20,0 per second. Average time per tick: 49,1ms (Target: 50,0ms) [22:06:58] [Server thread/INFO]: Percentiles: P50: 48,2ms P95: 59,7ms P99: 63,3ms, sample: 100"
"patch-enabled","2","2026-09-29T20:06:59.0512202+00:00","6181ee353c3d79aca0a796e4aedb26e41e15f1d06a1c855ab91eac390bf59223","False","False","False","False","True","none","False","0","2000","500","0","0","0","False","0","49,2","48,4","59,7","63,3","100","100,78003749017395","130,1965084421152","1943814144","[22:06:59] [Server thread/INFO]: The game is running normally [22:06:59] [Server thread/INFO]: Target tick rate: 20,0 per second. Average time per tick: 49,2ms (Target: 50,0ms) [22:06:59] [Server thread/INFO]: Percentiles: P50: 48,4ms P95: 59,7ms P99: 63,3ms, sample: 100"
"patch-enabled","2","2026-09-29T20:06:59.1754336+00:00","6181ee353c3d79aca0a796e4aedb26e41e15f1d06a1c855ab91eac390bf59223","False","False","False","False","True","none","False","0","2000","500","0","0","0","False","0","49,2","48,2","59,7","63,3","100","124,28105893029999","130,1965084421152","1943814144","[22:06:59] [Server thread/INFO]: The game is running normally [22:06:59] [Server thread/INFO]: Target tick rate: 20,0 per second. Average time per tick: 49,2ms (Target: 50,0ms) [22:06:59] [Server thread/INFO]: Percentiles: P50: 48,2ms P95: 59,7ms P99: 63,3ms, sample: 100"
"patch-enabled","2","2026-09-29T20:06:59.3009981+00:00","6181ee353c3d79aca0a796e4aedb26e41e15f1d06a1c855ab91eac390bf59223","False","False","False","False","True","none","False","0","2000","500","0","0","0","False","0","49,3","48,5","59,7","63,3","100","99,19060466592605","130,1965084421152","1943814144","[22:06:59] [Server thread/INFO]: The game is running normally [22:06:59] [Server thread/INFO]: Target tick rate: 20,0 per second. Average time per tick: 49,3ms (Target: 50,0ms) [22:06:59] [Server thread/INFO]: Percentiles: P50: 48,5ms P95: 59,7ms P99: 63,3ms, sample: 100"
"patch-enabled","2","2026-09-29T20:06:59.4270390+00:00","6181ee353c3d79aca0a796e4aedb26e41e15f1d06a1c855ab91eac390bf59223","False","False","False","False","True","none","False","0","2000","500","0","0","0","False","0","49,6","48,6","59,7","63,3","100","89,20844884553053","130,1965084421152","1943814144","[22:06:59] [Server thread/INFO]: The game is running normally [22:06:59] [Server thread/INFO]: Target tick rate: 20,0 per second. Average time per tick: 49,6ms (Target: 50,0ms) [22:06:59] [Server thread/INFO]: Percentiles: P50: 48,6ms P95: 59,7ms P99: 63,3ms, sample: 100"
"patch-enabled","2","2026-09-29T20:06:59.5496408+00:00","6181ee353c3d79aca0a796e4aedb26e41e15f1d06a1c855ab91eac390bf59223","False","False","False","False","True","none","False","0","2000","500","0","0","0","False","0","49,8","48,9","59,7","63,3","100","100,45873476643747","130,1965084421152","1943814144","[22:06:59] [Server thread/INFO]: The game is running normally [22:06:59] [Server thread/INFO]: Target tick rate: 20,0 per second. Average time per tick: 49,8ms (Target: 50,0ms) [22:06:59] [Server thread/INFO]: Percentiles: P50: 48,9ms P95: 59,7ms P99: 63,3ms, sample: 100"
"patch-enabled","2","2026-09-29T20:06:59.6740391+00:00","6181ee353c3d79aca0a796e4aedb26e41e15f1d06a1c855ab91eac390bf59223","False","False","False","False","True","none","False","0","2000","500","0","0","0","False","0","49,9","48,9","59,7","63,3","100","99,61056254467535","130,1965084421152","1943814144","[22:06:59] [Server thread/INFO]: The game is running normally [22:06:59] [Server thread/INFO]: Target tick rate: 20,0 per second. Average time per tick: 49,9ms (Target: 50,0ms) [22:06:59] [Server thread/INFO]: Percentiles: P50: 48,9ms P95: 59,7ms P99: 63,3ms, sample: 100"
"patch-enabled","2","2026-09-29T20:06:59.7995785+00:00","6181ee353c3d79aca0a796e4aedb26e41e15f1d06a1c855ab91eac390bf59223","False","False","False","False","True","none","False","0","2000","500","0","0","0","False","0","49,9","48,9","59,7","63,3","100","101,27706325684349","130,1965084421152","1943814144","[22:06:59] [Server thread/INFO]: The game is running normally [22:06:59] [Server thread/INFO]: Target tick rate: 20,0 per second. Average time per tick: 49,9ms (Target: 50,0ms) [22:06:59] [Server thread/INFO]: Percentiles: P50: 48,9ms P95: 59,7ms P99: 63,3ms, sample: 100"
"patch-enabled","2","2026-09-29T20:06:59.9229697+00:00","6181ee353c3d79aca0a796e4aedb26e41e15f1d06a1c855ab91eac390bf59223","False","False","False","False","True","none","False","0","2000","500","0","0","0","False","0","49,9","48,9","59,7","63,3","100","86,40405101690162","130,1965084421152","1943814144","[22:06:59] [Server thread/INFO]: The game is running normally [22:06:59] [Server thread/INFO]: Target tick rate: 20,0 per second. Average time per tick: 49,9ms (Target: 50,0ms) [22:06:59] [Server thread/INFO]: Percentiles: P50: 48,9ms P95: 59,7ms P99: 63,3ms, sample: 100"
"patch-enabled","2","2026-09-29T20:07:00.0495645+00:00","6181ee353c3d79aca0a796e4aedb26e41e15f1d06a1c855ab91eac390bf59223","False","False","False","False","True","none","False","0","2000","500","0","0","0","False","0","50,1","49","59,9","63,3","100","125,63743408557659","130,1965084421152","1943814144","[22:07:00] [Server thread/INFO]: The game is running, but can't keep up with the target tick rate [22:07:00] [Server thread/INFO]: Target tick rate: 20,0 per second. Average time per tick: 50,1ms (Target: 50,0ms) [22:07:00] [Server thread/INFO]: Percentiles: P50: 49,0ms P95: 59,9ms P99: 63,3ms, sample: 100"
"patch-enabled","2","2026-09-29T20:07:00.1738996+00:00","6181ee353c3d79aca0a796e4aedb26e41e15f1d06a1c855ab91eac390bf59223","False","False","False","False","True","none","False","0","2000","500","0","0","0","False","0","50","48,9","59,9","63,3","100","100,01280163860974","130,1965084421152","1943814144","[22:07:00] [Server thread/INFO]: The game is running, but can't keep up with the target tick rate [22:07:00] [Server thread/INFO]: Target tick rate: 20,0 per second. Average time per tick: 50,0ms (Target: 50,0ms) [22:07:00] [Server thread/INFO]: Percentiles: P50: 48,9ms P95: 59,9ms P99: 63,3ms, sample: 100"
"patch-enabled","2","2026-09-29T20:07:00.2988994+00:00","6181ee353c3d79aca0a796e4aedb26e41e15f1d06a1c855ab91eac390bf59223","False","False","False","False","True","none","False","0","2000","500","0","0","0","False","0","49,9","48,9","59,9","63,3","100","138,12643098982505","130,1965084421152","1943814144","[22:07:00] [Server thread/INFO]: The game is running normally [22:07:00] [Server thread/INFO]: Target tick rate: 20,0 per second. Average time per tick: 49,9ms (Target: 50,0ms) [22:07:00] [Server thread/INFO]: Percentiles: P50: 48,9ms P95: 59,9ms P99: 63,3ms, sample: 100"
"patch-enabled","2","2026-09-29T20:07:00.4233236+00:00","6181ee353c3d79aca0a796e4aedb26e41e15f1d06a1c855ab91eac390bf59223","False","False","False","False","True","none","False","0","2000","500","0","0","0","False","0","49,9","48,9","59,9","63,3","100","136,5630681023633","130,1965084421152","1943814144","[22:07:00] [Server thread/INFO]: The game is running normally [22:07:00] [Server thread/INFO]: Target tick rate: 20,0 per second. Average time per tick: 49,9ms (Target: 50,0ms) [22:07:00] [Server thread/INFO]: Percentiles: P50: 48,9ms P95: 59,9ms P99: 63,3ms, sample: 100"
"umce-passive","2","2026-09-29T20:07:27.2162447+00:00","6181ee353c3d79aca0a796e4aedb26e41e15f1d06a1c855ab91eac390bf59223","False","False","False","False","False","none","False","0","2000","500","0","0","0","False","0","48,6","48,3","62,9","85,4","100","162,52691445703408","129,7880157716223","1980882944","[22:07:27] [Server thread/INFO]: The game is running normally [22:07:27] [Server thread/INFO]: Target tick rate: 20,0 per second. Average time per tick: 48,6ms (Target: 50,0ms) [22:07:27] [Server thread/INFO]: Percentiles: P50: 48,3ms P95: 62,9ms P99: 85,4ms, sample: 100"
"umce-passive","2","2026-09-29T20:07:27.3477698+00:00","6181ee353c3d79aca0a796e4aedb26e41e15f1d06a1c855ab91eac390bf59223","False","False","False","False","False","none","False","0","2000","500","0","0","0","False","0","48,6","48,3","62,9","85,4","100","185,1610456710829","129,7880157716223","1980882944","[22:07:27] [Server thread/INFO]: The game is running normally [22:07:27] [Server thread/INFO]: Target tick rate: 20,0 per second. Average time per tick: 48,6ms (Target: 50,0ms) [22:07:27] [Server thread/INFO]: Percentiles: P50: 48,3ms P95: 62,9ms P99: 85,4ms, sample: 100"
"umce-passive","2","2026-09-29T20:07:27.4679088+00:00","6181ee353c3d79aca0a796e4aedb26e41e15f1d06a1c855ab91eac390bf59223","False","False","False","False","False","none","False","0","2000","500","0","0","0","False","0","48,7","48,3","62,9","85,4","100","204,77770970056582","129,7880157716223","1980882944","[22:07:27] [Server thread/INFO]: The game is running normally [22:07:27] [Server thread/INFO]: Target tick rate: 20,0 per second. Average time per tick: 48,7ms (Target: 50,0ms) [22:07:27] [Server thread/INFO]: Percentiles: P50: 48,3ms P95: 62,9ms P99: 85,4ms, sample: 100"
"umce-passive","2","2026-09-29T20:07:27.5900446+00:00","6181ee353c3d79aca0a796e4aedb26e41e15f1d06a1c855ab91eac390bf59223","False","False","False","False","False","none","False","0","2000","500","0","0","0","False","0","49","48,6","62,9","85,4","100","101,24326732272304","129,7880157716223","1980882944","[22:07:27] [Server thread/INFO]: The game is running normally [22:07:27] [Server thread/INFO]: Target tick rate: 20,0 per second. Average time per tick: 49,0ms (Target: 50,0ms) [22:07:27] [Server thread/INFO]: Percentiles: P50: 48,6ms P95: 62,9ms P99: 85,4ms, sample: 100"
"umce-passive","2","2026-09-29T20:07:27.7134436+00:00","6181ee353c3d79aca0a796e4aedb26e41e15f1d06a1c855ab91eac390bf59223","False","False","False","False","False","none","False","0","2000","500","0","0","0","False","0","49,3","48,6","62,9","85,4","100","111,54552723257629","129,7880157716223","1980882944","[22:07:27] [Server thread/INFO]: The game is running normally [22:07:27] [Server thread/INFO]: Target tick rate: 20,0 per second. Average time per tick: 49,3ms (Target: 50,0ms) [22:07:27] [Server thread/INFO]: Percentiles: P50: 48,6ms P95: 62,9ms P99: 85,4ms, sample: 100"
"umce-passive","2","2026-09-29T20:07:27.8395322+00:00","6181ee353c3d79aca0a796e4aedb26e41e15f1d06a1c855ab91eac390bf59223","False","False","False","False","False","none","False","0","2000","500","0","0","0","False","0","49,4","48,6","62,9","85,4","100","151,79076674980755","129,7880157716223","1980882944","[22:07:27] [Server thread/INFO]: The game is running normally [22:07:27] [Server thread/INFO]: Target tick rate: 20,0 per second. Average time per tick: 49,4ms (Target: 50,0ms) [22:07:27] [Server thread/INFO]: Percentiles: P50: 48,6ms P95: 62,9ms P99: 85,4ms, sample: 100"
"umce-passive","2","2026-09-29T20:07:27.9630338+00:00","6181ee353c3d79aca0a796e4aedb26e41e15f1d06a1c855ab91eac390bf59223","False","False","False","False","False","none","False","0","2000","500","0","0","0","False","0","49,8","48,9","62,9","85,4","100","99,90201610260657","129,7880157716223","1980882944","[22:07:27] [Server thread/INFO]: The game is running normally [22:07:27] [Server thread/INFO]: Target tick rate: 20,0 per second. Average time per tick: 49,8ms (Target: 50,0ms) [22:07:27] [Server thread/INFO]: Percentiles: P50: 48,9ms P95: 62,9ms P99: 85,4ms, sample: 100"
"umce-passive","2","2026-09-29T20:07:28.0881691+00:00","6181ee353c3d79aca0a796e4aedb26e41e15f1d06a1c855ab91eac390bf59223","False","False","False","False","False","none","False","0","2000","500","0","0","0","False","0","50,1","48,9","62,9","85,4","100","100,76313971494511","129,7880157716223","1980882944","[22:07:28] [Server thread/INFO]: The game is running, but can't keep up with the target tick rate [22:07:28] [Server thread/INFO]: Target tick rate: 20,0 per second. Average time per tick: 50,1ms (Target: 50,0ms) [22:07:28] [Server thread/INFO]: Percentiles: P50: 48,9ms P95: 62,9ms P99: 85,4ms, sample: 100"
"umce-passive","2","2026-09-29T20:07:28.2122270+00:00","6181ee353c3d79aca0a796e4aedb26e41e15f1d06a1c855ab91eac390bf59223","False","False","False","False","False","none","False","0","2000","500","0","0","0","False","0","50,2","48,9","62,9","85,4","100","99,16518778316619","129,7880157716223","1980882944","[22:07:28] [Server thread/INFO]: The game is running, but can't keep up with the target tick rate [22:07:28] [Server thread/INFO]: Target tick rate: 20,0 per second. Average time per tick: 50,2ms (Target: 50,0ms) [22:07:28] [Server thread/INFO]: Percentiles: P50: 48,9ms P95: 62,9ms P99: 85,4ms, sample: 100"
"umce-passive","2","2026-09-29T20:07:28.3382523+00:00","6181ee353c3d79aca0a796e4aedb26e41e15f1d06a1c855ab91eac390bf59223","False","False","False","False","False","none","False","0","2000","500","0","0","0","False","0","50,2","48,9","62,9","85,4","100","125,60016784201629","129,7880157716223","1980882944","[22:07:28] [Server thread/INFO]: The game is running, but can't keep up with the target tick rate [22:07:28] [Server thread/INFO]: Target tick rate: 20,0 per second. Average time per tick: 50,2ms (Target: 50,0ms) [22:07:28] [Server thread/INFO]: Percentiles: P50: 48,9ms P95: 62,9ms P99: 85,4ms, sample: 100"
"umce-passive","2","2026-09-29T20:07:28.4627047+00:00","6181ee353c3d79aca0a796e4aedb26e41e15f1d06a1c855ab91eac390bf59223","False","False","False","False","False","none","False","0","2000","500","0","0","0","False","0","49,9","48,6","62,9","85,4","100","190,25519969997515","129,7880157716223","1980882944","[22:07:28] [Server thread/INFO]: The game is running normally [22:07:28] [Server thread/INFO]: Target tick rate: 20,0 per second. Average time per tick: 49,9ms (Target: 50,0ms) [22:07:28] [Server thread/INFO]: Percentiles: P50: 48,6ms P95: 62,9ms P99: 85,4ms, sample: 100"
"umce-passive","2","2026-09-29T20:07:28.5858463+00:00","6181ee353c3d79aca0a796e4aedb26e41e15f1d06a1c855ab91eac390bf59223","False","False","False","False","False","none","False","0","2000","500","0","0","0","False","0","49,9","48,9","62,9","85,4","100","162,88519089943898","129,7880157716223","1980882944","[22:07:28] [Server thread/INFO]: The game is running normally [22:07:28] [Server thread/INFO]: Target tick rate: 20,0 per second. Average time per tick: 49,9ms (Target: 50,0ms) [22:07:28] [Server thread/INFO]: Percentiles: P50: 48,9ms P95: 62,9ms P99: 85,4ms, sample: 100"
"umce-passive","2","2026-09-29T20:07:28.7105943+00:00","6181ee353c3d79aca0a796e4aedb26e41e15f1d06a1c855ab91eac390bf59223","False","False","False","False","False","none","False","0","2000","500","0","0","0","False","0","50","48,9","62,9","85,4","100","611,3545660849832","129,7880157716223","1980882944","[22:07:28] [Server thread/INFO]: The game is running normally [22:07:28] [Server thread/INFO]: Target tick rate: 20,0 per second. Average time per tick: 50,0ms (Target: 50,0ms) [22:07:28] [Server thread/INFO]: Percentiles: P50: 48,9ms P95: 62,9ms P99: 85,4ms, sample: 100"
"umce-passive","2","2026-09-29T20:07:28.8358095+00:00","6181ee353c3d79aca0a796e4aedb26e41e15f1d06a1c855ab91eac390bf59223","False","False","False","False","False","none","False","0","2000","500","0","0","0","False","0","50,3","48,9","64,5","85,4","100","338,9074419374733","129,7880157716223","1980882944","[22:07:28] [Server thread/INFO]: The game is running, but can't keep up with the target tick rate [22:07:28] [Server thread/INFO]: Target tick rate: 20,0 per second. Average time per tick: 50,3ms (Target: 50,0ms) [22:07:28] [Server thread/INFO]: Percentiles: P50: 48,9ms P95: 64,5ms P99: 85,4ms, sample: 100"
"umce-passive","2","2026-09-29T20:07:28.9740959+00:00","6181ee353c3d79aca0a796e4aedb26e41e15f1d06a1c855ab91eac390bf59223","False","False","False","False","False","none","False","0","2000","500","0","0","0","False","0","50,5","48,9","65,9","85,4","100","99,03078352099595","129,7880157716223","1980882944","[22:07:28] [Server thread/INFO]: The game is running, but can't keep up with the target tick rate [22:07:28] [Server thread/INFO]: Target tick rate: 20,0 per second. Average time per tick: 50,5ms (Target: 50,0ms) [22:07:28] [Server thread/INFO]: Percentiles: P50: 48,9ms P95: 65,9ms P99: 85,4ms, sample: 100"
"umce-passive","2","2026-09-29T20:07:29.1161481+00:00","6181ee353c3d79aca0a796e4aedb26e41e15f1d06a1c855ab91eac390bf59223","False","False","False","False","False","none","False","0","2000","500","0","0","0","False","0","50,3","48,6","65,9","85,4","100","100,04474000773145","129,7880157716223","1980882944","[22:07:29] [Server thread/INFO]: The game is running, but can't keep up with the target tick rate [22:07:29] [Server thread/INFO]: Target tick rate: 20,0 per second. Average time per tick: 50,3ms (Target: 50,0ms) [22:07:29] [Server thread/INFO]: Percentiles: P50: 48,6ms P95: 65,9ms P99: 85,4ms, sample: 100"
"umce-passive","2","2026-09-29T20:07:29.2410674+00:00","6181ee353c3d79aca0a796e4aedb26e41e15f1d06a1c855ab91eac390bf59223","False","False","False","False","False","none","False","0","2000","500","0","0","0","False","0","50,2","48,6","65,9","85,4","100","213,53090021390852","129,7880157716223","1980882944","[22:07:29] [Server thread/INFO]: The game is running, but can't keep up with the target tick rate [22:07:29] [Server thread/INFO]: Target tick rate: 20,0 per second. Average time per tick: 50,2ms (Target: 50,0ms) [22:07:29] [Server thread/INFO]: Percentiles: P50: 48,6ms P95: 65,9ms P99: 85,4ms, sample: 100"
"umce-passive","2","2026-09-29T20:07:29.3800783+00:00","6181ee353c3d79aca0a796e4aedb26e41e15f1d06a1c855ab91eac390bf59223","False","False","False","False","False","none","False","0","2000","500","0","0","0","False","0","50,2","48,9","65,9","85,4","100","216,14841228056613","129,7880157716223","1980882944","[22:07:29] [Server thread/INFO]: The game is running, but can't keep up with the target tick rate [22:07:29] [Server thread/INFO]: Target tick rate: 20,0 per second. Average time per tick: 50,2ms (Target: 50,0ms) [22:07:29] [Server thread/INFO]: Percentiles: P50: 48,9ms P95: 65,9ms P99: 85,4ms, sample: 100"
"umce-passive","2","2026-09-29T20:07:29.5029800+00:00","6181ee353c3d79aca0a796e4aedb26e41e15f1d06a1c855ab91eac390bf59223","False","False","False","False","False","none","False","0","2000","500","0","0","0","False","0","50,2","48,9","65,9","85,4","100","215,2721891429067","129,7880157716223","1980882944","[22:07:29] [Server thread/INFO]: The game is running, but can't keep up with the target tick rate [22:07:29] [Server thread/INFO]: Target tick rate: 20,0 per second. Average time per tick: 50,2ms (Target: 50,0ms) [22:07:29] [Server thread/INFO]: Percentiles: P50: 48,9ms P95: 65,9ms P99: 85,4ms, sample: 100"
"umce-passive","2","2026-09-29T20:07:29.6263959+00:00","6181ee353c3d79aca0a796e4aedb26e41e15f1d06a1c855ab91eac390bf59223","False","False","False","False","False","none","False","0","2000","500","0","0","0","False","0","50","48,9","65,9","85,4","100","224,73714743236312","129,7880157716223","1980882944","[22:07:29] [Server thread/INFO]: The game is running, but can't keep up with the target tick rate [22:07:29] [Server thread/INFO]: Target tick rate: 20,0 per second. Average time per tick: 50,0ms (Target: 50,0ms) [22:07:29] [Server thread/INFO]: Percentiles: P50: 48,9ms P95: 65,9ms P99: 85,4ms, sample: 100"
"umce-passive","2","2026-09-29T20:07:29.7515032+00:00","6181ee353c3d79aca0a796e4aedb26e41e15f1d06a1c855ab91eac390bf59223","False","False","False","False","False","none","False","0","2000","500","0","0","0","False","0","49,9","48,9","65,9","85,4","100","125,60097554780111","129,7880157716223","1980882944","[22:07:29] [Server thread/INFO]: The game is running normally [22:07:29] [Server thread/INFO]: Target tick rate: 20,0 per second. Average time per tick: 49,9ms (Target: 50,0ms) [22:07:29] [Server thread/INFO]: Percentiles: P50: 48,9ms P95: 65,9ms P99: 85,4ms, sample: 100"
"umce-passive","2","2026-09-29T20:07:29.8759895+00:00","6181ee353c3d79aca0a796e4aedb26e41e15f1d06a1c855ab91eac390bf59223","False","False","False","False","False","none","False","0","2000","500","0","0","0","False","0","50","49","65,9","85,4","100","224,43173883726405","129,7880157716223","1980882944","[22:07:29] [Server thread/INFO]: The game is running normally [22:07:29] [Server thread/INFO]: Target tick rate: 20,0 per second. Average time per tick: 50,0ms (Target: 50,0ms) [22:07:29] [Server thread/INFO]: Percentiles: P50: 49,0ms P95: 65,9ms P99: 85,4ms, sample: 100"
"umce-passive","2","2026-09-29T20:07:30.0012464+00:00","6181ee353c3d79aca0a796e4aedb26e41e15f1d06a1c855ab91eac390bf59223","False","False","False","False","False","none","False","0","2000","500","0","0","0","False","0","50,1","49,1","65,9","85,4","100","273,438121450276","129,7880157716223","1980882944","[22:07:30] [Server thread/INFO]: The game is running, but can't keep up with the target tick rate [22:07:30] [Server thread/INFO]: Target tick rate: 20,0 per second. Average time per tick: 50,1ms (Target: 50,0ms) [22:07:30] [Server thread/INFO]: Percentiles: P50: 49,1ms P95: 65,9ms P99: 85,4ms, sample: 100"
"umce-passive","2","2026-09-29T20:07:30.1269695+00:00","6181ee353c3d79aca0a796e4aedb26e41e15f1d06a1c855ab91eac390bf59223","False","False","False","False","False","none","False","0","2000","500","0","0","0","False","0","50,2","49,3","65,9","85,4","100","276,5388835793423","129,7880157716223","1980882944","[22:07:30] [Server thread/INFO]: The game is running, but can't keep up with the target tick rate [22:07:30] [Server thread/INFO]: Target tick rate: 20,0 per second. Average time per tick: 50,2ms (Target: 50,0ms) [22:07:30] [Server thread/INFO]: Percentiles: P50: 49,3ms P95: 65,9ms P99: 85,4ms, sample: 100"
"umce-passive","2","2026-09-29T20:07:30.2512419+00:00","6181ee353c3d79aca0a796e4aedb26e41e15f1d06a1c855ab91eac390bf59223","False","False","False","False","False","none","False","0","2000","500","0","0","0","False","0","49,9","49,4","64,5","72,9","100","113,38311843284978","129,7880157716223","1980882944","[22:07:30] [Server thread/INFO]: The game is running normally [22:07:30] [Server thread/INFO]: Target tick rate: 20,0 per second. Average time per tick: 49,9ms (Target: 50,0ms) [22:07:30] [Server thread/INFO]: Percentiles: P50: 49,4ms P95: 64,5ms P99: 72,9ms, sample: 100"
"umce-passive","2","2026-09-29T20:07:30.3752869+00:00","6181ee353c3d79aca0a796e4aedb26e41e15f1d06a1c855ab91eac390bf59223","False","False","False","False","False","none","False","0","2000","500","0","0","0","False","0","49,7","49,1","64,5","72,9","100","163,0821379998041","129,7880157716223","1980882944","[22:07:30] [Server thread/INFO]: The game is running normally [22:07:30] [Server thread/INFO]: Target tick rate: 20,0 per second. Average time per tick: 49,7ms (Target: 50,0ms) [22:07:30] [Server thread/INFO]: Percentiles: P50: 49,1ms P95: 64,5ms P99: 72,9ms, sample: 100"
"umce-passive","2","2026-09-29T20:07:30.4998491+00:00","6181ee353c3d79aca0a796e4aedb26e41e15f1d06a1c855ab91eac390bf59223","False","False","False","False","False","none","False","0","2000","500","0","0","0","False","0","49,5","49","64,5","72,9","100","187,9025624497924","129,7880157716223","1980882944","[22:07:30] [Server thread/INFO]: The game is running normally [22:07:30] [Server thread/INFO]: Target tick rate: 20,0 per second. Average time per tick: 49,5ms (Target: 50,0ms) [22:07:30] [Server thread/INFO]: Percentiles: P50: 49,0ms P95: 64,5ms P99: 72,9ms, sample: 100"
"umce-passive","2","2026-09-29T20:07:30.6245972+00:00","6181ee353c3d79aca0a796e4aedb26e41e15f1d06a1c855ab91eac390bf59223","False","False","False","False","False","none","False","0","2000","500","0","0","0","False","0","49,5","49","64,5","72,9","100","151,7537881792297","129,7880157716223","1980882944","[22:07:30] [Server thread/INFO]: The game is running normally [22:07:30] [Server thread/INFO]: Target tick rate: 20,0 per second. Average time per tick: 49,5ms (Target: 50,0ms) [22:07:30] [Server thread/INFO]: Percentiles: P50: 49,0ms P95: 64,5ms P99: 72,9ms, sample: 100"
"umce-passive","2","2026-09-29T20:07:30.7481030+00:00","6181ee353c3d79aca0a796e4aedb26e41e15f1d06a1c855ab91eac390bf59223","False","False","False","False","False","none","False","0","2000","500","0","0","0","False","0","49,3","48,9","64,5","72,9","100","176,8907498469642","129,7880157716223","1980882944","[22:07:30] [Server thread/INFO]: The game is running normally [22:07:30] [Server thread/INFO]: Target tick rate: 20,0 per second. Average time per tick: 49,3ms (Target: 50,0ms) [22:07:30] [Server thread/INFO]: Percentiles: P50: 48,9ms P95: 64,5ms P99: 72,9ms, sample: 100"
"umce-passive","2","2026-09-29T20:07:30.8717939+00:00","6181ee353c3d79aca0a796e4aedb26e41e15f1d06a1c855ab91eac390bf59223","False","False","False","False","False","none","False","0","2000","500","0","0","0","False","0","49,2","48,9","64,5","72,9","100","161,2186342946263","129,7880157716223","1980882944","[22:07:30] [Server thread/INFO]: The game is running normally [22:07:30] [Server thread/INFO]: Target tick rate: 20,0 per second. Average time per tick: 49,2ms (Target: 50,0ms) [22:07:30] [Server thread/INFO]: Percentiles: P50: 48,9ms P95: 64,5ms P99: 72,9ms, sample: 100"
"umce-passive","2","2026-09-29T20:07:30.9977994+00:00","6181ee353c3d79aca0a796e4aedb26e41e15f1d06a1c855ab91eac390bf59223","False","False","False","False","False","none","False","0","2000","500","0","0","0","False","0","49,2","48,9","64,5","72,9","100","102,16299492862892","129,7880157716223","1980882944","[22:07:31] [Server thread/INFO]: The game is running normally [22:07:31] [Server thread/INFO]: Target tick rate: 20,0 per second. Average time per tick: 49,2ms (Target: 50,0ms) [22:07:31] [Server thread/INFO]: Percentiles: P50: 48,9ms P95: 64,5ms P99: 72,9ms, sample: 100"
"umce-passive","2","2026-09-29T20:07:31.1201381+00:00","6181ee353c3d79aca0a796e4aedb26e41e15f1d06a1c855ab91eac390bf59223","False","False","False","False","False","none","False","0","2000","500","0","0","0","False","0","49,1","48,6","64,5","72,9","100","101,35540556757405","129,7880157716223","1980882944","[22:07:31] [Server thread/INFO]: The game is running normally [22:07:31] [Server thread/INFO]: Target tick rate: 20,0 per second. Average time per tick: 49,1ms (Target: 50,0ms) [22:07:31] [Server thread/INFO]: Percentiles: P50: 48,6ms P95: 64,5ms P99: 72,9ms, sample: 100"
"umce-passive","2","2026-09-29T20:07:31.2434776+00:00","6181ee353c3d79aca0a796e4aedb26e41e15f1d06a1c855ab91eac390bf59223","False","False","False","False","False","none","False","0","2000","500","0","0","0","False","0","49,1","48,6","64,5","72,9","100","101,80703413304795","129,7880157716223","1980882944","[22:07:31] [Server thread/INFO]: The game is running normally [22:07:31] [Server thread/INFO]: Target tick rate: 20,0 per second. Average time per tick: 49,1ms (Target: 50,0ms) [22:07:31] [Server thread/INFO]: Percentiles: P50: 48,6ms P95: 64,5ms P99: 72,9ms, sample: 100"
"umce-passive","2","2026-09-29T20:07:31.3662205+00:00","6181ee353c3d79aca0a796e4aedb26e41e15f1d06a1c855ab91eac390bf59223","False","False","False","False","False","none","False","0","2000","500","0","0","0","False","0","48,5","48,2","61,1","72,9","100","90,2011268646377","129,7880157716223","1980882944","[22:07:31] [Server thread/INFO]: The game is running normally [22:07:31] [Server thread/INFO]: Target tick rate: 20,0 per second. Average time per tick: 48,5ms (Target: 50,0ms) [22:07:31] [Server thread/INFO]: Percentiles: P50: 48,2ms P95: 61,1ms P99: 72,9ms, sample: 100"
"umce-passive","2","2026-09-29T20:07:31.5048293+00:00","6181ee353c3d79aca0a796e4aedb26e41e15f1d06a1c855ab91eac390bf59223","False","False","False","False","False","none","False","0","2000","500","0","0","0","False","0","48,2","48","56,7","72,9","100","100,87112301838678","129,7880157716223","1980882944","[22:07:31] [Server thread/INFO]: The game is running normally [22:07:31] [Server thread/INFO]: Target tick rate: 20,0 per second. Average time per tick: 48,2ms (Target: 50,0ms) [22:07:31] [Server thread/INFO]: Percentiles: P50: 48,0ms P95: 56,7ms P99: 72,9ms, sample: 100"
"umce-passive","2","2026-09-29T20:07:31.6287508+00:00","6181ee353c3d79aca0a796e4aedb26e41e15f1d06a1c855ab91eac390bf59223","False","False","False","False","False","none","False","0","2000","500","0","0","0","False","0","48","47,9","56,7","72,9","100","87,53298242777878","129,7880157716223","1980882944","[22:07:31] [Server thread/INFO]: The game is running normally [22:07:31] [Server thread/INFO]: Target tick rate: 20,0 per second. Average time per tick: 48,0ms (Target: 50,0ms) [22:07:31] [Server thread/INFO]: Percentiles: P50: 47,9ms P95: 56,7ms P99: 72,9ms, sample: 100"
"umce-passive","2","2026-09-29T20:07:31.7536844+00:00","6181ee353c3d79aca0a796e4aedb26e41e15f1d06a1c855ab91eac390bf59223","False","False","False","False","False","none","False","0","2000","500","0","0","0","False","0","47,7","47,4","56,4","72,9","100","138,58785926004765","129,7880157716223","1980882944","[22:07:31] [Server thread/INFO]: The game is running normally [22:07:31] [Server thread/INFO]: Target tick rate: 20,0 per second. Average time per tick: 47,7ms (Target: 50,0ms) [22:07:31] [Server thread/INFO]: Percentiles: P50: 47,4ms P95: 56,4ms P99: 72,9ms, sample: 100"
"umce-passive","2","2026-09-29T20:07:31.8776923+00:00","6181ee353c3d79aca0a796e4aedb26e41e15f1d06a1c855ab91eac390bf59223","False","False","False","False","False","none","False","0","2000","500","0","0","0","False","0","47,7","47,4","56,4","72,9","100","250,23361810586363","129,7880157716223","1980882944","[22:07:31] [Server thread/INFO]: The game is running normally [22:07:31] [Server thread/INFO]: Target tick rate: 20,0 per second. Average time per tick: 47,7ms (Target: 50,0ms) [22:07:31] [Server thread/INFO]: Percentiles: P50: 47,4ms P95: 56,4ms P99: 72,9ms, sample: 100"
"umce-passive","2","2026-09-29T20:07:32.0028783+00:00","6181ee353c3d79aca0a796e4aedb26e41e15f1d06a1c855ab91eac390bf59223","False","False","False","False","False","none","False","0","2000","500","0","0","0","False","0","47,8","47,5","56,4","72,9","100","137,1734175275504","129,7880157716223","1980882944","[22:07:32] [Server thread/INFO]: The game is running normally [22:07:32] [Server thread/INFO]: Target tick rate: 20,0 per second. Average time per tick: 47,8ms (Target: 50,0ms) [22:07:32] [Server thread/INFO]: Percentiles: P50: 47,5ms P95: 56,4ms P99: 72,9ms, sample: 100"
"umce-passive","2","2026-09-29T20:07:32.1278964+00:00","6181ee353c3d79aca0a796e4aedb26e41e15f1d06a1c855ab91eac390bf59223","False","False","False","False","False","none","False","0","2000","500","0","0","0","False","0","47,7","47,4","56,4","72,9","100","62,603320520186514","129,7880157716223","1980882944","[22:07:32] [Server thread/INFO]: The game is running normally [22:07:32] [Server thread/INFO]: Target tick rate: 20,0 per second. Average time per tick: 47,7ms (Target: 50,0ms) [22:07:32] [Server thread/INFO]: Percentiles: P50: 47,4ms P95: 56,4ms P99: 72,9ms, sample: 100"
"umce-passive","2","2026-09-29T20:07:32.2527466+00:00","6181ee353c3d79aca0a796e4aedb26e41e15f1d06a1c855ab91eac390bf59223","False","False","False","False","False","none","False","0","2000","500","0","0","0","False","0","47,5","46,9","56,4","72,9","100","123,14436223436283","129,7880157716223","1980882944","[22:07:32] [Server thread/INFO]: The game is running normally [22:07:32] [Server thread/INFO]: Target tick rate: 20,0 per second. Average time per tick: 47,5ms (Target: 50,0ms) [22:07:32] [Server thread/INFO]: Percentiles: P50: 46,9ms P95: 56,4ms P99: 72,9ms, sample: 100"
"umce-passive","2","2026-09-29T20:07:32.3795574+00:00","6181ee353c3d79aca0a796e4aedb26e41e15f1d06a1c855ab91eac390bf59223","False","False","False","False","False","none","False","0","2000","500","0","0","0","False","0","47,3","46,3","55,2","72,9","100","74,98470312056341","129,7880157716223","1980882944","[22:07:32] [Server thread/INFO]: The game is running normally [22:07:32] [Server thread/INFO]: Target tick rate: 20,0 per second. Average time per tick: 47,3ms (Target: 50,0ms) [22:07:32] [Server thread/INFO]: Percentiles: P50: 46,3ms P95: 55,2ms P99: 72,9ms, sample: 100"
"umce-passive","2","2026-09-29T20:07:32.5046086+00:00","6181ee353c3d79aca0a796e4aedb26e41e15f1d06a1c855ab91eac390bf59223","False","False","False","False","False","none","False","0","2000","500","0","0","0","False","0","47,2","46,2","55,2","72,9","100","125,24598311082968","129,7880157716223","1980882944","[22:07:32] [Server thread/INFO]: The game is running normally [22:07:32] [Server thread/INFO]: Target tick rate: 20,0 per second. Average time per tick: 47,2ms (Target: 50,0ms) [22:07:32] [Server thread/INFO]: Percentiles: P50: 46,2ms P95: 55,2ms P99: 72,9ms, sample: 100"
"umce-passive","2","2026-09-29T20:07:32.6293576+00:00","6181ee353c3d79aca0a796e4aedb26e41e15f1d06a1c855ab91eac390bf59223","False","False","False","False","False","none","False","0","2000","500","0","0","0","False","0","47,2","46,1","55,2","72,9","100","100,31780681198035","129,7880157716223","1980882944","[22:07:32] [Server thread/INFO]: The game is running normally [22:07:32] [Server thread/INFO]: Target tick rate: 20,0 per second. Average time per tick: 47,2ms (Target: 50,0ms) [22:07:32] [Server thread/INFO]: Percentiles: P50: 46,1ms P95: 55,2ms P99: 72,9ms, sample: 100"
"umce-passive","2","2026-09-29T20:07:32.7539746+00:00","6181ee353c3d79aca0a796e4aedb26e41e15f1d06a1c855ab91eac390bf59223","False","False","False","False","False","none","False","0","2000","500","0","0","0","False","0","47,1","46","55,2","72,9","100","112,43442824144958","129,7880157716223","1980882944","[22:07:32] [Server thread/INFO]: The game is running normally [22:07:32] [Server thread/INFO]: Target tick rate: 20,0 per second. Average time per tick: 47,1ms (Target: 50,0ms) [22:07:32] [Server thread/INFO]: Percentiles: P50: 46,0ms P95: 55,2ms P99: 72,9ms, sample: 100"
"umce-passive","2","2026-09-29T20:07:32.8790122+00:00","6181ee353c3d79aca0a796e4aedb26e41e15f1d06a1c855ab91eac390bf59223","False","False","False","False","False","none","False","0","2000","500","0","0","0","False","0","46,9","45,6","55,2","72,9","100","50,168485842854636","129,7880157716223","1980882944","[22:07:32] [Server thread/INFO]: The game is running normally [22:07:32] [Server thread/INFO]: Target tick rate: 20,0 per second. Average time per tick: 46,9ms (Target: 50,0ms) [22:07:32] [Server thread/INFO]: Percentiles: P50: 45,6ms P95: 55,2ms P99: 72,9ms, sample: 100"
"umce-passive","2","2026-09-29T20:07:33.0036163+00:00","6181ee353c3d79aca0a796e4aedb26e41e15f1d06a1c855ab91eac390bf59223","False","False","False","False","False","none","False","0","2000","500","0","0","0","False","0","46,8","45,3","55,2","72,9","100","100,1914056613755","129,7880157716223","1980882944","[22:07:33] [Server thread/INFO]: The game is running normally [22:07:33] [Server thread/INFO]: Target tick rate: 20,0 per second. Average time per tick: 46,8ms (Target: 50,0ms) [22:07:33] [Server thread/INFO]: Percentiles: P50: 45,3ms P95: 55,2ms P99: 72,9ms, sample: 100"
"umce-passive","2","2026-09-29T20:07:33.1283547+00:00","6181ee353c3d79aca0a796e4aedb26e41e15f1d06a1c855ab91eac390bf59223","False","False","False","False","False","none","False","0","2000","500","0","0","0","False","0","46,8","45,3","55,2","72,9","100","75,51513403835605","129,7880157716223","1980882944","[22:07:33] [Server thread/INFO]: The game is running normally [22:07:33] [Server thread/INFO]: Target tick rate: 20,0 per second. Average time per tick: 46,8ms (Target: 50,0ms) [22:07:33] [Server thread/INFO]: Percentiles: P50: 45,3ms P95: 55,2ms P99: 72,9ms, sample: 100"
"umce-passive","2","2026-09-29T20:07:33.2525465+00:00","6181ee353c3d79aca0a796e4aedb26e41e15f1d06a1c855ab91eac390bf59223","False","False","False","False","False","none","False","0","2000","500","0","0","0","False","0","46,8","45,3","55,2","72,9","100","102,75701172745224","129,7880157716223","1980882944","[22:07:33] [Server thread/INFO]: The game is running normally [22:07:33] [Server thread/INFO]: Target tick rate: 20,0 per second. Average time per tick: 46,8ms (Target: 50,0ms) [22:07:33] [Server thread/INFO]: Percentiles: P50: 45,3ms P95: 55,2ms P99: 72,9ms, sample: 100"
"umce-passive","2","2026-09-29T20:07:33.3741594+00:00","6181ee353c3d79aca0a796e4aedb26e41e15f1d06a1c855ab91eac390bf59223","False","False","False","False","False","none","False","0","2000","500","0","0","0","False","0","46,8","45,3","55,2","72,9","100","62,43611536675674","129,7880157716223","1980882944","[22:07:33] [Server thread/INFO]: The game is running normally [22:07:33] [Server thread/INFO]: Target tick rate: 20,0 per second. Average time per tick: 46,8ms (Target: 50,0ms) [22:07:33] [Server thread/INFO]: Percentiles: P50: 45,3ms P95: 55,2ms P99: 72,9ms, sample: 100"
"umce-passive","2","2026-09-29T20:07:33.4992942+00:00","6181ee353c3d79aca0a796e4aedb26e41e15f1d06a1c855ab91eac390bf59223","False","False","False","False","False","none","False","0","2000","500","0","0","0","False","0","46,6","45,1","54,8","72,9","100","100,17960199044849","129,7880157716223","1980882944","[22:07:33] [Server thread/INFO]: The game is running normally [22:07:33] [Server thread/INFO]: Target tick rate: 20,0 per second. Average time per tick: 46,6ms (Target: 50,0ms) [22:07:33] [Server thread/INFO]: Percentiles: P50: 45,1ms P95: 54,8ms P99: 72,9ms, sample: 100"
"umce-passive","2","2026-09-29T20:07:33.6240481+00:00","6181ee353c3d79aca0a796e4aedb26e41e15f1d06a1c855ab91eac390bf59223","False","False","False","False","False","none","False","0","2000","500","0","0","0","False","0","46,4","44,9","54,8","72,9","100","76,76158629148605","129,7880157716223","1980882944","[22:07:33] [Server thread/INFO]: The game is running normally [22:07:33] [Server thread/INFO]: Target tick rate: 20,0 per second. Average time per tick: 46,4ms (Target: 50,0ms) [22:07:33] [Server thread/INFO]: Percentiles: P50: 44,9ms P95: 54,8ms P99: 72,9ms, sample: 100"
"umce-passive","2","2026-09-29T20:07:33.7461812+00:00","6181ee353c3d79aca0a796e4aedb26e41e15f1d06a1c855ab91eac390bf59223","False","False","False","False","False","none","False","0","2000","500","0","0","0","False","0","45,8","44,5","53,3","72,9","100","99,7445740946584","129,7880157716223","1980882944","[22:07:33] [Server thread/INFO]: The game is running normally [22:07:33] [Server thread/INFO]: Target tick rate: 20,0 per second. Average time per tick: 45,8ms (Target: 50,0ms) [22:07:33] [Server thread/INFO]: Percentiles: P50: 44,5ms P95: 53,3ms P99: 72,9ms, sample: 100"
"umce-passive","2","2026-09-29T20:07:33.8715108+00:00","6181ee353c3d79aca0a796e4aedb26e41e15f1d06a1c855ab91eac390bf59223","False","False","False","False","False","none","False","0","2000","500","0","0","0","False","0","45,5","44,4","52,9","55,2","100","74,62710329027912","129,7880157716223","1980882944","[22:07:33] [Server thread/INFO]: The game is running normally [22:07:33] [Server thread/INFO]: Target tick rate: 20,0 per second. Average time per tick: 45,5ms (Target: 50,0ms) [22:07:33] [Server thread/INFO]: Percentiles: P50: 44,4ms P95: 52,9ms P99: 55,2ms, sample: 100"
"umce-passive","2","2026-09-29T20:07:33.9971777+00:00","6181ee353c3d79aca0a796e4aedb26e41e15f1d06a1c855ab91eac390bf59223","False","False","False","False","False","none","False","0","2000","500","0","0","0","False","0","45,5","44,4","52,9","55,2","100","151,57945795185836","129,7880157716223","1980882944","[22:07:34] [Server thread/INFO]: The game is running normally [22:07:34] [Server thread/INFO]: Target tick rate: 20,0 per second. Average time per tick: 45,5ms (Target: 50,0ms) [22:07:34] [Server thread/INFO]: Percentiles: P50: 44,4ms P95: 52,9ms P99: 55,2ms, sample: 100"
"umce-passive","2","2026-09-29T20:07:34.1208368+00:00","6181ee353c3d79aca0a796e4aedb26e41e15f1d06a1c855ab91eac390bf59223","False","False","False","False","False","none","False","0","2000","500","0","0","0","False","0","45,6","44,6","52,9","55,2","100","74,83434669016664","129,7880157716223","1980882944","[22:07:34] [Server thread/INFO]: The game is running normally [22:07:34] [Server thread/INFO]: Target tick rate: 20,0 per second. Average time per tick: 45,6ms (Target: 50,0ms) [22:07:34] [Server thread/INFO]: Percentiles: P50: 44,6ms P95: 52,9ms P99: 55,2ms, sample: 100"
"umce-passive","2","2026-09-29T20:07:34.2461180+00:00","6181ee353c3d79aca0a796e4aedb26e41e15f1d06a1c855ab91eac390bf59223","False","False","False","False","False","none","False","0","2000","500","0","0","0","False","0","45,5","44,5","52,9","55,2","100","99,38540068218138","129,7880157716223","1980882944","[22:07:34] [Server thread/INFO]: The game is running normally [22:07:34] [Server thread/INFO]: Target tick rate: 20,0 per second. Average time per tick: 45,5ms (Target: 50,0ms) [22:07:34] [Server thread/INFO]: Percentiles: P50: 44,5ms P95: 52,9ms P99: 55,2ms, sample: 100"
"umce-passive","2","2026-09-29T20:07:34.3718940+00:00","6181ee353c3d79aca0a796e4aedb26e41e15f1d06a1c855ab91eac390bf59223","False","False","False","False","False","none","False","0","2000","500","0","0","0","False","0","45,4","44,4","52,9","55,2","100","75,49579599143495","129,7880157716223","1980882944","[22:07:34] [Server thread/INFO]: The game is running normally [22:07:34] [Server thread/INFO]: Target tick rate: 20,0 per second. Average time per tick: 45,4ms (Target: 50,0ms) [22:07:34] [Server thread/INFO]: Percentiles: P50: 44,4ms P95: 52,9ms P99: 55,2ms, sample: 100"
"umce-passive","2","2026-09-29T20:07:34.4960735+00:00","6181ee353c3d79aca0a796e4aedb26e41e15f1d06a1c855ab91eac390bf59223","False","False","False","False","False","none","False","0","2000","500","0","0","0","False","0","45,2","44,3","52,9","55,2","100","163,52576441502256","129,7880157716223","1980882944","[22:07:34] [Server thread/INFO]: The game is running normally [22:07:34] [Server thread/INFO]: Target tick rate: 20,0 per second. Average time per tick: 45,2ms (Target: 50,0ms) [22:07:34] [Server thread/INFO]: Percentiles: P50: 44,3ms P95: 52,9ms P99: 55,2ms, sample: 100"
"umce-passive","2","2026-09-29T20:07:34.6203024+00:00","6181ee353c3d79aca0a796e4aedb26e41e15f1d06a1c855ab91eac390bf59223","False","False","False","False","False","none","False","0","2000","500","0","0","0","False","0","45,1","44,3","52,9","55,2","100","151,76889684652565","129,7880157716223","1980882944","[22:07:34] [Server thread/INFO]: The game is running normally [22:07:34] [Server thread/INFO]: Target tick rate: 20,0 per second. Average time per tick: 45,1ms (Target: 50,0ms) [22:07:34] [Server thread/INFO]: Percentiles: P50: 44,3ms P95: 52,9ms P99: 55,2ms, sample: 100"
"umce-passive","2","2026-09-29T20:07:34.7438189+00:00","6181ee353c3d79aca0a796e4aedb26e41e15f1d06a1c855ab91eac390bf59223","False","False","False","False","False","none","False","0","2000","500","0","0","0","False","0","45,1","44,4","52,9","55,2","100","86,4213918920734","129,7880157716223","1980882944","[22:07:34] [Server thread/INFO]: The game is running normally [22:07:34] [Server thread/INFO]: Target tick rate: 20,0 per second. Average time per tick: 45,1ms (Target: 50,0ms) [22:07:34] [Server thread/INFO]: Percentiles: P50: 44,4ms P95: 52,9ms P99: 55,2ms, sample: 100"
"umce-passive","2","2026-09-29T20:07:34.8704055+00:00","6181ee353c3d79aca0a796e4aedb26e41e15f1d06a1c855ab91eac390bf59223","False","False","False","False","False","none","False","0","2000","500","0","0","0","False","0","45","44,3","52,9","55,2","100","89,12870225349955","129,7880157716223","1980882944","[22:07:34] [Server thread/INFO]: The game is running normally [22:07:34] [Server thread/INFO]: Target tick rate: 20,0 per second. Average time per tick: 45,0ms (Target: 50,0ms) [22:07:34] [Server thread/INFO]: Percentiles: P50: 44,3ms P95: 52,9ms P99: 55,2ms, sample: 100"
"umce-passive","2","2026-09-29T20:07:34.9930956+00:00","6181ee353c3d79aca0a796e4aedb26e41e15f1d06a1c855ab91eac390bf59223","False","False","False","False","False","none","False","0","2000","500","0","0","0","False","0","44,8","44,2","52,5","55,2","100","99,04041720577666","129,7880157716223","1980882944","[22:07:35] [Server thread/INFO]: The game is running normally [22:07:35] [Server thread/INFO]: Target tick rate: 20,0 per second. Average time per tick: 44,8ms (Target: 50,0ms) [22:07:35] [Server thread/INFO]: Percentiles: P50: 44,2ms P95: 52,5ms P99: 55,2ms, sample: 100"
"umce-passive","2","2026-09-29T20:07:35.1193434+00:00","6181ee353c3d79aca0a796e4aedb26e41e15f1d06a1c855ab91eac390bf59223","False","False","False","False","False","none","False","0","2000","500","0","0","0","False","0","44,6","44,2","52","54,8","100","63,860640347499974","129,7880157716223","1980882944","[22:07:35] [Server thread/INFO]: The game is running normally [22:07:35] [Server thread/INFO]: Target tick rate: 20,0 per second. Average time per tick: 44,6ms (Target: 50,0ms) [22:07:35] [Server thread/INFO]: Percentiles: P50: 44,2ms P95: 52,0ms P99: 54,8ms, sample: 100"
"umce-passive","2","2026-09-29T20:07:35.2416805+00:00","6181ee353c3d79aca0a796e4aedb26e41e15f1d06a1c855ab91eac390bf59223","False","False","False","False","False","none","False","0","2000","500","0","0","0","False","0","44,4","44","52","54,8","100","112,49208055752875","129,7880157716223","1980882944","[22:07:35] [Server thread/INFO]: The game is running normally [22:07:35] [Server thread/INFO]: Target tick rate: 20,0 per second. Average time per tick: 44,4ms (Target: 50,0ms) [22:07:35] [Server thread/INFO]: Percentiles: P50: 44,0ms P95: 52,0ms P99: 54,8ms, sample: 100"
"umce-passive","2","2026-09-29T20:07:35.3666443+00:00","6181ee353c3d79aca0a796e4aedb26e41e15f1d06a1c855ab91eac390bf59223","False","False","False","False","False","none","False","0","2000","500","0","0","0","False","0","44,4","44","51,2","54,8","100","74,49113615072716","129,7880157716223","1980882944","[22:07:35] [Server thread/INFO]: The game is running normally [22:07:35] [Server thread/INFO]: Target tick rate: 20,0 per second. Average time per tick: 44,4ms (Target: 50,0ms) [22:07:35] [Server thread/INFO]: Percentiles: P50: 44,0ms P95: 51,2ms P99: 54,8ms, sample: 100"
"umce-passive","2","2026-09-29T20:07:35.4925273+00:00","6181ee353c3d79aca0a796e4aedb26e41e15f1d06a1c855ab91eac390bf59223","False","False","False","False","False","none","False","0","2000","500","0","0","0","False","0","44,1","43,8","50,9","54,8","100","100,53169201271686","129,7880157716223","1980882944","[22:07:35] [Server thread/INFO]: The game is running normally [22:07:35] [Server thread/INFO]: Target tick rate: 20,0 per second. Average time per tick: 44,1ms (Target: 50,0ms) [22:07:35] [Server thread/INFO]: Percentiles: P50: 43,8ms P95: 50,9ms P99: 54,8ms, sample: 100"
"umce-passive","2","2026-09-29T20:07:35.6168544+00:00","6181ee353c3d79aca0a796e4aedb26e41e15f1d06a1c855ab91eac390bf59223","False","False","False","False","False","none","False","0","2000","500","0","0","0","False","0","44","43,8","50,5","54,8","100","75,48272713658389","129,7880157716223","1980882944","[22:07:35] [Server thread/INFO]: The game is running normally [22:07:35] [Server thread/INFO]: Target tick rate: 20,0 per second. Average time per tick: 44,0ms (Target: 50,0ms) [22:07:35] [Server thread/INFO]: Percentiles: P50: 43,8ms P95: 50,5ms P99: 54,8ms, sample: 100"
"umce-passive","2","2026-09-29T20:07:35.7410823+00:00","6181ee353c3d79aca0a796e4aedb26e41e15f1d06a1c855ab91eac390bf59223","False","False","False","False","False","none","False","0","2000","500","0","0","0","False","0","43,8","43,1","50,2","54,8","100","100,07742879468702","129,7880157716223","1980882944","[22:07:35] [Server thread/INFO]: The game is running normally [22:07:35] [Server thread/INFO]: Target tick rate: 20,0 per second. Average time per tick: 43,8ms (Target: 50,0ms) [22:07:35] [Server thread/INFO]: Percentiles: P50: 43,1ms P95: 50,2ms P99: 54,8ms, sample: 100"
"umce-passive","2","2026-09-29T20:07:35.8815926+00:00","6181ee353c3d79aca0a796e4aedb26e41e15f1d06a1c855ab91eac390bf59223","False","False","False","False","False","none","False","0","2000","500","0","0","0","False","0","43,6","43","49,8","52,5","100","100,28454067006119","129,7880157716223","1980882944","[22:07:35] [Server thread/INFO]: The game is running normally [22:07:35] [Server thread/INFO]: Target tick rate: 20,0 per second. Average time per tick: 43,6ms (Target: 50,0ms) [22:07:35] [Server thread/INFO]: Percentiles: P50: 43,0ms P95: 49,8ms P99: 52,5ms, sample: 100"
"umce-passive","2","2026-09-29T20:07:36.0218185+00:00","6181ee353c3d79aca0a796e4aedb26e41e15f1d06a1c855ab91eac390bf59223","False","False","False","False","False","none","False","0","2000","500","0","0","0","False","0","43,6","43","49,5","52,5","100","256,09296379460113","129,7880157716223","1980882944","[22:07:36] [Server thread/INFO]: The game is running normally [22:07:36] [Server thread/INFO]: Target tick rate: 20,0 per second. Average time per tick: 43,6ms (Target: 50,0ms) [22:07:36] [Server thread/INFO]: Percentiles: P50: 43,0ms P95: 49,5ms P99: 52,5ms, sample: 100"
"umce-passive","2","2026-09-29T20:07:36.1621426+00:00","6181ee353c3d79aca0a796e4aedb26e41e15f1d06a1c855ab91eac390bf59223","False","False","False","False","False","none","False","0","2000","500","0","0","0","False","0","43,5","42,9","49,8","52,5","100","85,82099799522149","129,7880157716223","1980882944","[22:07:36] [Server thread/INFO]: The game is running normally [22:07:36] [Server thread/INFO]: Target tick rate: 20,0 per second. Average time per tick: 43,5ms (Target: 50,0ms) [22:07:36] [Server thread/INFO]: Percentiles: P50: 42,9ms P95: 49,8ms P99: 52,5ms, sample: 100"
"umce-passive","2","2026-09-29T20:07:36.2895629+00:00","6181ee353c3d79aca0a796e4aedb26e41e15f1d06a1c855ab91eac390bf59223","False","False","False","False","False","none","False","0","2000","500","0","0","0","False","0","43,4","42,8","49,4","52,5","100","86,87270953896106","129,7880157716223","1980882944","[22:07:36] [Server thread/INFO]: The game is running normally [22:07:36] [Server thread/INFO]: Target tick rate: 20,0 per second. Average time per tick: 43,4ms (Target: 50,0ms) [22:07:36] [Server thread/INFO]: Percentiles: P50: 42,8ms P95: 49,4ms P99: 52,5ms, sample: 100"
"umce-passive","2","2026-09-29T20:07:36.4154886+00:00","6181ee353c3d79aca0a796e4aedb26e41e15f1d06a1c855ab91eac390bf59223","False","False","False","False","False","none","False","0","2000","500","0","0","0","False","0","43,3","42,8","49,4","52,5","100","75,24167626416049","129,7880157716223","1980882944","[22:07:36] [Server thread/INFO]: The game is running normally [22:07:36] [Server thread/INFO]: Target tick rate: 20,0 per second. Average time per tick: 43,3ms (Target: 50,0ms) [22:07:36] [Server thread/INFO]: Percentiles: P50: 42,8ms P95: 49,4ms P99: 52,5ms, sample: 100"
"umce-passive","2","2026-09-29T20:07:36.5400586+00:00","6181ee353c3d79aca0a796e4aedb26e41e15f1d06a1c855ab91eac390bf59223","False","False","False","False","False","none","False","0","2000","500","0","0","0","False","0","43,3","42,8","49,4","52,5","100","87,00559938207132","129,7880157716223","1980882944","[22:07:36] [Server thread/INFO]: The game is running normally [22:07:36] [Server thread/INFO]: Target tick rate: 20,0 per second. Average time per tick: 43,3ms (Target: 50,0ms) [22:07:36] [Server thread/INFO]: Percentiles: P50: 42,8ms P95: 49,4ms P99: 52,5ms, sample: 100"
"umce-passive","2","2026-09-29T20:07:36.6657925+00:00","6181ee353c3d79aca0a796e4aedb26e41e15f1d06a1c855ab91eac390bf59223","False","False","False","False","False","none","False","0","2000","500","0","0","0","False","0","43,3","42,8","49,4","52,5","100","86,84477355250108","129,7880157716223","1980882944","[22:07:36] [Server thread/INFO]: The game is running normally [22:07:36] [Server thread/INFO]: Target tick rate: 20,0 per second. Average time per tick: 43,3ms (Target: 50,0ms) [22:07:36] [Server thread/INFO]: Percentiles: P50: 42,8ms P95: 49,4ms P99: 52,5ms, sample: 100"
"umce-passive","2","2026-09-29T20:07:36.7932562+00:00","6181ee353c3d79aca0a796e4aedb26e41e15f1d06a1c855ab91eac390bf59223","False","False","False","False","False","none","False","0","2000","500","0","0","0","False","0","43,3","42,8","49,4","52,5","100","86,28966662011955","129,7880157716223","1980882944","[22:07:36] [Server thread/INFO]: The game is running normally [22:07:36] [Server thread/INFO]: Target tick rate: 20,0 per second. Average time per tick: 43,3ms (Target: 50,0ms) [22:07:36] [Server thread/INFO]: Percentiles: P50: 42,8ms P95: 49,4ms P99: 52,5ms, sample: 100"
"umce-passive","2","2026-09-29T20:07:36.9184846+00:00","6181ee353c3d79aca0a796e4aedb26e41e15f1d06a1c855ab91eac390bf59223","False","False","False","False","False","none","False","0","2000","500","0","0","0","False","0","43,3","42,7","48,1","52,5","100","86,97204489864725","129,7880157716223","1980882944","[22:07:36] [Server thread/INFO]: The game is running normally [22:07:36] [Server thread/INFO]: Target tick rate: 20,0 per second. Average time per tick: 43,3ms (Target: 50,0ms) [22:07:36] [Server thread/INFO]: Percentiles: P50: 42,7ms P95: 48,1ms P99: 52,5ms, sample: 100"
"umce-passive","2","2026-09-29T20:07:37.0442379+00:00","6181ee353c3d79aca0a796e4aedb26e41e15f1d06a1c855ab91eac390bf59223","False","False","False","False","False","none","False","0","2000","500","0","0","0","False","0","43,3","42,7","48,1","52,5","100","88,71698410110533","129,7880157716223","1980882944","[22:07:37] [Server thread/INFO]: The game is running normally [22:07:37] [Server thread/INFO]: Target tick rate: 20,0 per second. Average time per tick: 43,3ms (Target: 50,0ms) [22:07:37] [Server thread/INFO]: Percentiles: P50: 42,7ms P95: 48,1ms P99: 52,5ms, sample: 100"
"umce-passive","2","2026-09-29T20:07:37.1675258+00:00","6181ee353c3d79aca0a796e4aedb26e41e15f1d06a1c855ab91eac390bf59223","False","False","False","False","False","none","False","0","2000","500","0","0","0","False","0","43,3","42,8","48,1","52,5","100","99,86266885778677","129,7880157716223","1980882944","[22:07:37] [Server thread/INFO]: The game is running normally [22:07:37] [Server thread/INFO]: Target tick rate: 20,0 per second. Average time per tick: 43,3ms (Target: 50,0ms) [22:07:37] [Server thread/INFO]: Percentiles: P50: 42,8ms P95: 48,1ms P99: 52,5ms, sample: 100"
"umce-passive","2","2026-09-29T20:07:37.2926904+00:00","6181ee353c3d79aca0a796e4aedb26e41e15f1d06a1c855ab91eac390bf59223","False","False","False","False","False","none","False","0","2000","500","0","0","0","False","0","43,3","42,8","48,1","52,5","100","88,78359774272522","129,7880157716223","1980882944","[22:07:37] [Server thread/INFO]: The game is running normally [22:07:37] [Server thread/INFO]: Target tick rate: 20,0 per second. Average time per tick: 43,3ms (Target: 50,0ms) [22:07:37] [Server thread/INFO]: Percentiles: P50: 42,8ms P95: 48,1ms P99: 52,5ms, sample: 100"
"umce-passive","2","2026-09-29T20:07:37.4159043+00:00","6181ee353c3d79aca0a796e4aedb26e41e15f1d06a1c855ab91eac390bf59223","False","False","False","False","False","none","False","0","2000","500","0","0","0","False","0","43,3","42,8","48,1","52,5","100","101,44028981085039","129,7880157716223","1980882944","[22:07:37] [Server thread/INFO]: The game is running normally [22:07:37] [Server thread/INFO]: Target tick rate: 20,0 per second. Average time per tick: 43,3ms (Target: 50,0ms) [22:07:37] [Server thread/INFO]: Percentiles: P50: 42,8ms P95: 48,1ms P99: 52,5ms, sample: 100"
"umce-passive","2","2026-09-29T20:07:37.5391073+00:00","6181ee353c3d79aca0a796e4aedb26e41e15f1d06a1c855ab91eac390bf59223","False","False","False","False","False","none","False","0","2000","500","0","0","0","False","0","43,4","42,9","48,1","52,5","100","86,96623602974384","129,7880157716223","1980882944","[22:07:37] [Server thread/INFO]: The game is running normally [22:07:37] [Server thread/INFO]: Target tick rate: 20,0 per second. Average time per tick: 43,4ms (Target: 50,0ms) [22:07:37] [Server thread/INFO]: Percentiles: P50: 42,9ms P95: 48,1ms P99: 52,5ms, sample: 100"
"umce-passive","2","2026-09-29T20:07:37.6648797+00:00","6181ee353c3d79aca0a796e4aedb26e41e15f1d06a1c855ab91eac390bf59223","False","False","False","False","False","none","False","0","2000","500","0","0","0","False","0","43,3","42,8","48,1","52,5","100","137,77996889679832","129,7880157716223","1980882944","[22:07:37] [Server thread/INFO]: The game is running normally [22:07:37] [Server thread/INFO]: Target tick rate: 20,0 per second. Average time per tick: 43,3ms (Target: 50,0ms) [22:07:37] [Server thread/INFO]: Percentiles: P50: 42,8ms P95: 48,1ms P99: 52,5ms, sample: 100"
"umce-passive","2","2026-09-29T20:07:37.7896138+00:00","6181ee353c3d79aca0a796e4aedb26e41e15f1d06a1c855ab91eac390bf59223","False","False","False","False","False","none","False","0","2000","500","0","0","0","False","0","43,4","42,8","48,1","52,5","100","186,66731444372942","129,7880157716223","1980882944","[22:07:37] [Server thread/INFO]: The game is running normally [22:07:37] [Server thread/INFO]: Target tick rate: 20,0 per second. Average time per tick: 43,4ms (Target: 50,0ms) [22:07:37] [Server thread/INFO]: Percentiles: P50: 42,8ms P95: 48,1ms P99: 52,5ms, sample: 100"
"umce-passive","2","2026-09-29T20:07:37.9152481+00:00","6181ee353c3d79aca0a796e4aedb26e41e15f1d06a1c855ab91eac390bf59223","False","False","False","False","False","none","False","0","2000","500","0","0","0","False","0","43,5","42,8","49,4","54,8","100","112,92704491304318","129,7880157716223","1980882944","[22:07:37] [Server thread/INFO]: The game is running normally [22:07:37] [Server thread/INFO]: Target tick rate: 20,0 per second. Average time per tick: 43,5ms (Target: 50,0ms) [22:07:37] [Server thread/INFO]: Percentiles: P50: 42,8ms P95: 49,4ms P99: 54,8ms, sample: 100"
"umce-passive","2","2026-09-29T20:07:38.0396909+00:00","6181ee353c3d79aca0a796e4aedb26e41e15f1d06a1c855ab91eac390bf59223","False","False","False","False","False","none","False","0","2000","500","0","0","0","False","0","43,6","43","49,5","54,8","100","74,81565422798224","129,7880157716223","1980882944","[22:07:38] [Server thread/INFO]: The game is running normally [22:07:38] [Server thread/INFO]: Target tick rate: 20,0 per second. Average time per tick: 43,6ms (Target: 50,0ms) [22:07:38] [Server thread/INFO]: Percentiles: P50: 43,0ms P95: 49,5ms P99: 54,8ms, sample: 100"
"umce-passive","2","2026-09-29T20:07:38.1650339+00:00","6181ee353c3d79aca0a796e4aedb26e41e15f1d06a1c855ab91eac390bf59223","False","False","False","False","False","none","False","0","2000","500","0","0","0","False","0","43,6","43,4","49,5","54,8","100","113,37470855141589","129,7880157716223","1980882944","[22:07:38] [Server thread/INFO]: The game is running normally [22:07:38] [Server thread/INFO]: Target tick rate: 20,0 per second. Average time per tick: 43,6ms (Target: 50,0ms) [22:07:38] [Server thread/INFO]: Percentiles: P50: 43,4ms P95: 49,5ms P99: 54,8ms, sample: 100"
"umce-passive","2","2026-09-29T20:07:38.2890613+00:00","6181ee353c3d79aca0a796e4aedb26e41e15f1d06a1c855ab91eac390bf59223","False","False","False","False","False","none","False","0","2000","500","0","0","0","False","0","43,7","43,7","49,5","54,8","100","75,04088227266215","129,7880157716223","1980882944","[22:07:38] [Server thread/INFO]: The game is running normally [22:07:38] [Server thread/INFO]: Target tick rate: 20,0 per second. Average time per tick: 43,7ms (Target: 50,0ms) [22:07:38] [Server thread/INFO]: Percentiles: P50: 43,7ms P95: 49,5ms P99: 54,8ms, sample: 100"
"umce-passive","2","2026-09-29T20:07:38.4140270+00:00","6181ee353c3d79aca0a796e4aedb26e41e15f1d06a1c855ab91eac390bf59223","False","False","False","False","False","none","False","0","2000","500","0","0","0","False","0","43,6","43,4","49,5","54,8","100","98,88841510350453","129,7880157716223","1980882944","[22:07:38] [Server thread/INFO]: The game is running normally [22:07:38] [Server thread/INFO]: Target tick rate: 20,0 per second. Average time per tick: 43,6ms (Target: 50,0ms) [22:07:38] [Server thread/INFO]: Percentiles: P50: 43,4ms P95: 49,5ms P99: 54,8ms, sample: 100"
"umce-passive","2","2026-09-29T20:07:38.5403797+00:00","6181ee353c3d79aca0a796e4aedb26e41e15f1d06a1c855ab91eac390bf59223","False","False","False","False","False","none","False","0","2000","500","0","0","0","False","0","43,6","43,4","49,5","54,8","100","125,28756000772974","129,7880157716223","1980882944","[22:07:38] [Server thread/INFO]: The game is running normally [22:07:38] [Server thread/INFO]: Target tick rate: 20,0 per second. Average time per tick: 43,6ms (Target: 50,0ms) [22:07:38] [Server thread/INFO]: Percentiles: P50: 43,4ms P95: 49,5ms P99: 54,8ms, sample: 100"
"umce-passive","2","2026-09-29T20:07:38.6651856+00:00","6181ee353c3d79aca0a796e4aedb26e41e15f1d06a1c855ab91eac390bf59223","False","False","False","False","False","none","False","0","2000","500","0","0","0","False","0","43,7","43,7","49,5","54,8","100","112,86804010517496","129,7880157716223","1980882944","[22:07:38] [Server thread/INFO]: The game is running normally [22:07:38] [Server thread/INFO]: Target tick rate: 20,0 per second. Average time per tick: 43,7ms (Target: 50,0ms) [22:07:38] [Server thread/INFO]: Percentiles: P50: 43,7ms P95: 49,5ms P99: 54,8ms, sample: 100"
"umce-passive","2","2026-09-29T20:07:38.7897173+00:00","6181ee353c3d79aca0a796e4aedb26e41e15f1d06a1c855ab91eac390bf59223","False","False","False","False","False","none","False","0","2000","500","0","0","0","False","0","43,8","43,7","49,5","54,8","100","87,15576957249647","129,7880157716223","1980882944","[22:07:38] [Server thread/INFO]: The game is running normally [22:07:38] [Server thread/INFO]: Target tick rate: 20,0 per second. Average time per tick: 43,8ms (Target: 50,0ms) [22:07:38] [Server thread/INFO]: Percentiles: P50: 43,7ms P95: 49,5ms P99: 54,8ms, sample: 100"
"umce-passive","2","2026-09-29T20:07:38.9152243+00:00","6181ee353c3d79aca0a796e4aedb26e41e15f1d06a1c855ab91eac390bf59223","False","False","False","False","False","none","False","0","2000","500","0","0","0","False","0","43,8","43,8","49,5","54,8","100","112,86604716416282","129,7880157716223","1980882944","[22:07:38] [Server thread/INFO]: The game is running normally [22:07:38] [Server thread/INFO]: Target tick rate: 20,0 per second. Average time per tick: 43,8ms (Target: 50,0ms) [22:07:38] [Server thread/INFO]: Percentiles: P50: 43,8ms P95: 49,5ms P99: 54,8ms, sample: 100"
"umce-passive","2","2026-09-29T20:07:39.0397738+00:00","6181ee353c3d79aca0a796e4aedb26e41e15f1d06a1c855ab91eac390bf59223","False","False","False","False","False","none","False","0","2000","500","0","0","0","False","0","43,9","43,8","49,5","54,8","100","99,16503044366435","129,7880157716223","1980882944","[22:07:39] [Server thread/INFO]: The game is running normally [22:07:39] [Server thread/INFO]: Target tick rate: 20,0 per second. Average time per tick: 43,9ms (Target: 50,0ms) [22:07:39] [Server thread/INFO]: Percentiles: P50: 43,8ms P95: 49,5ms P99: 54,8ms, sample: 100"
"umce-passive","2","2026-09-29T20:07:39.1658839+00:00","6181ee353c3d79aca0a796e4aedb26e41e15f1d06a1c855ab91eac390bf59223","False","False","False","False","False","none","False","0","2000","500","0","0","0","False","0","43,9","43,8","49,7","54,8","100","137,14627233439515","129,7880157716223","1980882944","[22:07:39] [Server thread/INFO]: The game is running normally [22:07:39] [Server thread/INFO]: Target tick rate: 20,0 per second. Average time per tick: 43,9ms (Target: 50,0ms) [22:07:39] [Server thread/INFO]: Percentiles: P50: 43,8ms P95: 49,7ms P99: 54,8ms, sample: 100"
"without-umce","2","2026-09-29T20:08:05.1710889+00:00",,"False","False","False","False","False","none","False","0","2000","500","0","0","0","False","0","43,4","41,2","63","73,5","100","136,32120329090293","130,15777254288483","1957150720","[22:08:05] [Server thread/INFO]: The game is running normally [22:08:05] [Server thread/INFO]: Target tick rate: 20,0 per second. Average time per tick: 43,4ms (Target: 50,0ms) [22:08:05] [Server thread/INFO]: Percentiles: P50: 41,2ms P95: 63,0ms P99: 73,5ms, sample: 100"
"without-umce","2","2026-09-29T20:08:05.3036598+00:00",,"False","False","False","False","False","none","False","0","2000","500","0","0","0","False","0","42,9","40,8","63","73,5","100","189,67090625026776","130,15777254288483","1957150720","[22:08:05] [Server thread/INFO]: The game is running normally [22:08:05] [Server thread/INFO]: Target tick rate: 20,0 per second. Average time per tick: 42,9ms (Target: 50,0ms) [22:08:05] [Server thread/INFO]: Percentiles: P50: 40,8ms P95: 63,0ms P99: 73,5ms, sample: 100"
"without-umce","2","2026-09-29T20:08:05.4373335+00:00",,"False","False","False","False","False","none","False","0","2000","500","0","0","0","False","0","42,6","40,8","59,7","65","100","150,42359283743022","130,15777254288483","1957150720","[22:08:05] [Server thread/INFO]: The game is running normally [22:08:05] [Server thread/INFO]: Target tick rate: 20,0 per second. Average time per tick: 42,6ms (Target: 50,0ms) [22:08:05] [Server thread/INFO]: Percentiles: P50: 40,8ms P95: 59,7ms P99: 65,0ms, sample: 100"
"without-umce","2","2026-09-29T20:08:05.5619608+00:00",,"False","False","False","False","False","none","False","0","2000","500","0","0","0","False","0","42,9","41","59,7","65","100","101,3511322137682","130,15777254288483","1957150720","[22:08:05] [Server thread/INFO]: The game is running normally [22:08:05] [Server thread/INFO]: Target tick rate: 20,0 per second. Average time per tick: 42,9ms (Target: 50,0ms) [22:08:05] [Server thread/INFO]: Percentiles: P50: 41,0ms P95: 59,7ms P99: 65,0ms, sample: 100"
"without-umce","2","2026-09-29T20:08:05.6852874+00:00",,"False","False","False","False","False","none","False","0","2000","500","0","0","0","False","0","42,8","41","59,7","65","100","112,26290075360839","130,15777254288483","1957150720","[22:08:05] [Server thread/INFO]: The game is running normally [22:08:05] [Server thread/INFO]: Target tick rate: 20,0 per second. Average time per tick: 42,8ms (Target: 50,0ms) [22:08:05] [Server thread/INFO]: Percentiles: P50: 41,0ms P95: 59,7ms P99: 65,0ms, sample: 100"
"without-umce","2","2026-09-29T20:08:05.8105910+00:00",,"False","False","False","False","False","none","False","0","2000","500","0","0","0","False","0","42,4","41","54,3","65","100","101,27722736980611","130,15777254288483","1957150720","[22:08:05] [Server thread/INFO]: The game is running normally [22:08:05] [Server thread/INFO]: Target tick rate: 20,0 per second. Average time per tick: 42,4ms (Target: 50,0ms) [22:08:05] [Server thread/INFO]: Percentiles: P50: 41,0ms P95: 54,3ms P99: 65,0ms, sample: 100"
"without-umce","2","2026-09-29T20:08:05.9339633+00:00",,"False","False","False","False","False","none","False","0","2000","500","0","0","0","False","0","42,2","41","53,5","64,5","100","138,43694121816455","130,15777254288483","1957150720","[22:08:05] [Server thread/INFO]: The game is running normally [22:08:05] [Server thread/INFO]: Target tick rate: 20,0 per second. Average time per tick: 42,2ms (Target: 50,0ms) [22:08:05] [Server thread/INFO]: Percentiles: P50: 41,0ms P95: 53,5ms P99: 64,5ms, sample: 100"
"without-umce","2","2026-09-29T20:08:06.0581157+00:00",,"False","False","False","False","False","none","False","0","2000","500","0","0","0","False","0","41,9","40,8","52,2","64,5","100","112,0862671706198","130,15777254288483","1957150720","[22:08:06] [Server thread/INFO]: The game is running normally [22:08:06] [Server thread/INFO]: Target tick rate: 20,0 per second. Average time per tick: 41,9ms (Target: 50,0ms) [22:08:06] [Server thread/INFO]: Percentiles: P50: 40,8ms P95: 52,2ms P99: 64,5ms, sample: 100"
"without-umce","2","2026-09-29T20:08:06.1835784+00:00",,"False","False","False","False","False","none","False","0","2000","500","0","0","0","False","0","41,8","40,8","52,2","64,5","100","111,4380400535061","130,15777254288483","1957150720","[22:08:06] [Server thread/INFO]: The game is running normally [22:08:06] [Server thread/INFO]: Target tick rate: 20,0 per second. Average time per tick: 41,8ms (Target: 50,0ms) [22:08:06] [Server thread/INFO]: Percentiles: P50: 40,8ms P95: 52,2ms P99: 64,5ms, sample: 100"
"without-umce","2","2026-09-29T20:08:06.3097953+00:00",,"False","False","False","False","False","none","False","0","2000","500","0","0","0","False","0","41,7","40,8","52,2","64,5","100","127,44427932197198","130,15777254288483","1957150720","[22:08:06] [Server thread/INFO]: The game is running normally [22:08:06] [Server thread/INFO]: Target tick rate: 20,0 per second. Average time per tick: 41,7ms (Target: 50,0ms) [22:08:06] [Server thread/INFO]: Percentiles: P50: 40,8ms P95: 52,2ms P99: 64,5ms, sample: 100"
"without-umce","2","2026-09-29T20:08:06.4324170+00:00",,"False","False","False","False","False","none","False","0","2000","500","0","0","0","False","0","41,6","40,5","52,2","64,5","100","101,64138642103605","130,15777254288483","1957150720","[22:08:06] [Server thread/INFO]: The game is running normally [22:08:06] [Server thread/INFO]: Target tick rate: 20,0 per second. Average time per tick: 41,6ms (Target: 50,0ms) [22:08:06] [Server thread/INFO]: Percentiles: P50: 40,5ms P95: 52,2ms P99: 64,5ms, sample: 100"
"without-umce","2","2026-09-29T20:08:06.5553685+00:00",,"False","False","False","False","False","none","False","0","2000","500","0","0","0","False","0","41,6","40,5","52,2","64,5","100","111,90520147313","130,15777254288483","1957150720","[22:08:06] [Server thread/INFO]: The game is running normally [22:08:06] [Server thread/INFO]: Target tick rate: 20,0 per second. Average time per tick: 41,6ms (Target: 50,0ms) [22:08:06] [Server thread/INFO]: Percentiles: P50: 40,5ms P95: 52,2ms P99: 64,5ms, sample: 100"
"without-umce","2","2026-09-29T20:08:06.6811061+00:00",,"False","False","False","False","False","none","False","0","2000","500","0","0","0","False","0","41,5","39,9","52,2","64,5","100","100,63512842250009","130,15777254288483","1957150720","[22:08:06] [Server thread/INFO]: The game is running normally [22:08:06] [Server thread/INFO]: Target tick rate: 20,0 per second. Average time per tick: 41,5ms (Target: 50,0ms) [22:08:06] [Server thread/INFO]: Percentiles: P50: 39,9ms P95: 52,2ms P99: 64,5ms, sample: 100"
"without-umce","2","2026-09-29T20:08:06.8060188+00:00",,"False","False","False","False","False","none","False","0","2000","500","0","0","0","False","0","41,6","40,3","52,2","64,5","100","126,07771228460885","130,15777254288483","1957150720","[22:08:06] [Server thread/INFO]: The game is running normally [22:08:06] [Server thread/INFO]: Target tick rate: 20,0 per second. Average time per tick: 41,6ms (Target: 50,0ms) [22:08:06] [Server thread/INFO]: Percentiles: P50: 40,3ms P95: 52,2ms P99: 64,5ms, sample: 100"
"without-umce","2","2026-09-29T20:08:06.9291602+00:00",,"False","False","False","False","False","none","False","0","2000","500","0","0","0","False","0","41,8","40,8","52,2","64,5","100","200,33126778440828","130,15777254288483","1957150720","[22:08:06] [Server thread/INFO]: The game is running normally [22:08:06] [Server thread/INFO]: Target tick rate: 20,0 per second. Average time per tick: 41,8ms (Target: 50,0ms) [22:08:06] [Server thread/INFO]: Percentiles: P50: 40,8ms P95: 52,2ms P99: 64,5ms, sample: 100"
"without-umce","2","2026-09-29T20:08:07.0539602+00:00",,"False","False","False","False","False","none","False","0","2000","500","0","0","0","False","0","41,9","40,8","52,2","64,5","100","133,6002012197164","130,15777254288483","1957150720","[22:08:07] [Server thread/INFO]: The game is running normally [22:08:07] [Server thread/INFO]: Target tick rate: 20,0 per second. Average time per tick: 41,9ms (Target: 50,0ms) [22:08:07] [Server thread/INFO]: Percentiles: P50: 40,8ms P95: 52,2ms P99: 64,5ms, sample: 100"
"without-umce","2","2026-09-29T20:08:07.1943070+00:00",,"False","False","False","False","False","none","False","0","2000","500","0","0","0","False","0","41,8","41","52,2","64,5","100","136,7987150670801","130,15777254288483","1957150720","[22:08:07] [Server thread/INFO]: The game is running normally [22:08:07] [Server thread/INFO]: Target tick rate: 20,0 per second. Average time per tick: 41,8ms (Target: 50,0ms) [22:08:07] [Server thread/INFO]: Percentiles: P50: 41,0ms P95: 52,2ms P99: 64,5ms, sample: 100"
"without-umce","2","2026-09-29T20:08:07.3200345+00:00",,"False","False","False","False","False","none","False","0","2000","500","0","0","0","False","0","41,8","41","52,2","64,5","100","112,89486106606468","130,15777254288483","1957150720","[22:08:07] [Server thread/INFO]: The game is running normally [22:08:07] [Server thread/INFO]: Target tick rate: 20,0 per second. Average time per tick: 41,8ms (Target: 50,0ms) [22:08:07] [Server thread/INFO]: Percentiles: P50: 41,0ms P95: 52,2ms P99: 64,5ms, sample: 100"
"without-umce","2","2026-09-29T20:08:07.4445148+00:00",,"False","False","False","False","False","none","False","0","2000","500","0","0","0","False","0","41,9","41,1","52,2","64,5","100","124,66221526152736","130,15777254288483","1957150720","[22:08:07] [Server thread/INFO]: The game is running normally [22:08:07] [Server thread/INFO]: Target tick rate: 20,0 per second. Average time per tick: 41,9ms (Target: 50,0ms) [22:08:07] [Server thread/INFO]: Percentiles: P50: 41,1ms P95: 52,2ms P99: 64,5ms, sample: 100"
"without-umce","2","2026-09-29T20:08:07.5699412+00:00",,"False","False","False","False","False","none","False","0","2000","500","0","0","0","False","0","41,9","41,4","52,2","64,5","100","146,18662517425446","130,15777254288483","1957150720","[22:08:07] [Server thread/INFO]: The game is running normally [22:08:07] [Server thread/INFO]: Target tick rate: 20,0 per second. Average time per tick: 41,9ms (Target: 50,0ms) [22:08:07] [Server thread/INFO]: Percentiles: P50: 41,4ms P95: 52,2ms P99: 64,5ms, sample: 100"
"without-umce","2","2026-09-29T20:08:07.7088239+00:00",,"False","False","False","False","False","none","False","0","2000","500","0","0","0","False","0","42","41,4","52,2","64,5","100","266,46391723275445","130,15777254288483","1957150720","[22:08:07] [Server thread/INFO]: The game is running normally [22:08:07] [Server thread/INFO]: Target tick rate: 20,0 per second. Average time per tick: 42,0ms (Target: 50,0ms) [22:08:07] [Server thread/INFO]: Percentiles: P50: 41,4ms P95: 52,2ms P99: 64,5ms, sample: 100"
"without-umce","2","2026-09-29T20:08:07.8495826+00:00",,"False","False","False","False","False","none","False","0","2000","500","0","0","0","False","0","42,1","41,1","52,7","64,5","100","258,8258256138718","130,15777254288483","1957150720","[22:08:07] [Server thread/INFO]: The game is running normally [22:08:07] [Server thread/INFO]: Target tick rate: 20,0 per second. Average time per tick: 42,1ms (Target: 50,0ms) [22:08:07] [Server thread/INFO]: Percentiles: P50: 41,1ms P95: 52,7ms P99: 64,5ms, sample: 100"
"without-umce","2","2026-09-29T20:08:07.9884013+00:00",,"False","False","False","False","False","none","False","0","2000","500","0","0","0","False","0","42,3","41,1","53,5","64,5","100","528,4331243220958","130,15777254288483","1957150720","[22:08:07] [Server thread/INFO]: The game is running normally [22:08:07] [Server thread/INFO]: Target tick rate: 20,0 per second. Average time per tick: 42,3ms (Target: 50,0ms) [22:08:07] [Server thread/INFO]: Percentiles: P50: 41,1ms P95: 53,5ms P99: 64,5ms, sample: 100"
"without-umce","2","2026-09-29T20:08:08.1126007+00:00",,"False","False","False","False","False","none","False","0","2000","500","0","0","0","False","0","42,4","41,1","54,4","64,5","100","435,54631345636017","130,15777254288483","1957150720","[22:08:08] [Server thread/INFO]: The game is running normally [22:08:08] [Server thread/INFO]: Target tick rate: 20,0 per second. Average time per tick: 42,4ms (Target: 50,0ms) [22:08:08] [Server thread/INFO]: Percentiles: P50: 41,1ms P95: 54,4ms P99: 64,5ms, sample: 100"
"without-umce","2","2026-09-29T20:08:08.2381524+00:00",,"False","False","False","False","False","none","False","0","2000","500","0","0","0","False","0","42,8","41,1","55,1","76,4","100","112,42112533846253","130,15777254288483","1957150720","[22:08:08] [Server thread/INFO]: The game is running normally [22:08:08] [Server thread/INFO]: Target tick rate: 20,0 per second. Average time per tick: 42,8ms (Target: 50,0ms) [22:08:08] [Server thread/INFO]: Percentiles: P50: 41,1ms P95: 55,1ms P99: 76,4ms, sample: 100"
"without-umce","2","2026-09-29T20:08:08.3632048+00:00",,"False","False","False","False","False","none","False","0","2000","500","0","0","0","False","0","42,5","40,8","55","76,4","100","162,63687519416342","130,15777254288483","1957150720","[22:08:08] [Server thread/INFO]: The game is running normally [22:08:08] [Server thread/INFO]: Target tick rate: 20,0 per second. Average time per tick: 42,5ms (Target: 50,0ms) [22:08:08] [Server thread/INFO]: Percentiles: P50: 40,8ms P95: 55,0ms P99: 76,4ms, sample: 100"
"without-umce","2","2026-09-29T20:08:08.4881322+00:00",,"False","False","False","False","False","none","False","0","2000","500","0","0","0","False","0","42,5","40,8","55","76,4","100","164,09977589524757","130,15777254288483","1957150720","[22:08:08] [Server thread/INFO]: The game is running normally [22:08:08] [Server thread/INFO]: Target tick rate: 20,0 per second. Average time per tick: 42,5ms (Target: 50,0ms) [22:08:08] [Server thread/INFO]: Percentiles: P50: 40,8ms P95: 55,0ms P99: 76,4ms, sample: 100"
"without-umce","2","2026-09-29T20:08:08.6118979+00:00",,"False","False","False","False","False","none","False","0","2000","500","0","0","0","False","0","42,5","40,8","55","76,4","100","172,08799577076542","130,15777254288483","1957150720","[22:08:08] [Server thread/INFO]: The game is running normally [22:08:08] [Server thread/INFO]: Target tick rate: 20,0 per second. Average time per tick: 42,5ms (Target: 50,0ms) [22:08:08] [Server thread/INFO]: Percentiles: P50: 40,8ms P95: 55,0ms P99: 76,4ms, sample: 100"
"without-umce","2","2026-09-29T20:08:08.7390675+00:00",,"False","False","False","False","False","none","False","0","2000","500","0","0","0","False","0","42,7","40,8","55","76,4","100","98,01038910124473","130,15777254288483","1957150720","[22:08:08] [Server thread/INFO]: The game is running normally [22:08:08] [Server thread/INFO]: Target tick rate: 20,0 per second. Average time per tick: 42,7ms (Target: 50,0ms) [22:08:08] [Server thread/INFO]: Percentiles: P50: 40,8ms P95: 55,0ms P99: 76,4ms, sample: 100"
"without-umce","2","2026-09-29T20:08:08.8666174+00:00",,"False","False","False","False","False","none","False","0","2000","500","0","0","0","False","0","43,1","41,1","57,1","76,4","100","253,16409083711702","130,15777254288483","1957150720","[22:08:08] [Server thread/INFO]: The game is running normally [22:08:08] [Server thread/INFO]: Target tick rate: 20,0 per second. Average time per tick: 43,1ms (Target: 50,0ms) [22:08:08] [Server thread/INFO]: Percentiles: P50: 41,1ms P95: 57,1ms P99: 76,4ms, sample: 100"
"without-umce","2","2026-09-29T20:08:09.0023201+00:00",,"False","False","False","False","False","none","False","0","2000","500","0","0","0","False","0","43,4","41,4","57,4","76,4","100","101,58034639710765","130,15777254288483","1957150720","[22:08:09] [Server thread/INFO]: The game is running normally [22:08:09] [Server thread/INFO]: Target tick rate: 20,0 per second. Average time per tick: 43,4ms (Target: 50,0ms) [22:08:09] [Server thread/INFO]: Percentiles: P50: 41,4ms P95: 57,4ms P99: 76,4ms, sample: 100"
"without-umce","2","2026-09-29T20:08:09.1254345+00:00",,"False","False","False","False","False","none","False","0","2000","500","0","0","0","False","0","43,6","41,5","57,4","76,4","100","246,5125378248838","130,15777254288483","1957150720","[22:08:09] [Server thread/INFO]: The game is running normally [22:08:09] [Server thread/INFO]: Target tick rate: 20,0 per second. Average time per tick: 43,6ms (Target: 50,0ms) [22:08:09] [Server thread/INFO]: Percentiles: P50: 41,5ms P95: 57,4ms P99: 76,4ms, sample: 100"
"without-umce","2","2026-09-29T20:08:09.2521692+00:00",,"False","False","False","False","False","none","False","0","2000","500","0","0","0","False","0","44","41,9","57,4","76,4","100","172,44247122082962","130,15777254288483","1957150720","[22:08:09] [Server thread/INFO]: The game is running normally [22:08:09] [Server thread/INFO]: Target tick rate: 20,0 per second. Average time per tick: 44,0ms (Target: 50,0ms) [22:08:09] [Server thread/INFO]: Percentiles: P50: 41,9ms P95: 57,4ms P99: 76,4ms, sample: 100"
"without-umce","2","2026-09-29T20:08:09.3789919+00:00",,"False","False","False","False","False","none","False","0","2000","500","0","0","0","False","0","44","42","57,4","76,4","100","258,51514416183187","130,15777254288483","1957150720","[22:08:09] [Server thread/INFO]: The game is running normally [22:08:09] [Server thread/INFO]: Target tick rate: 20,0 per second. Average time per tick: 44,0ms (Target: 50,0ms) [22:08:09] [Server thread/INFO]: Percentiles: P50: 42,0ms P95: 57,4ms P99: 76,4ms, sample: 100"
"without-umce","2","2026-09-29T20:08:09.5059455+00:00",,"False","False","False","False","False","none","False","0","2000","500","0","0","0","False","0","44,5","42,3","60","76,4","100","190,2320454967017","130,15777254288483","1957150720","[22:08:09] [Server thread/INFO]: The game is running normally [22:08:09] [Server thread/INFO]: Target tick rate: 20,0 per second. Average time per tick: 44,5ms (Target: 50,0ms) [22:08:09] [Server thread/INFO]: Percentiles: P50: 42,3ms P95: 60,0ms P99: 76,4ms, sample: 100"
"without-umce","2","2026-09-29T20:08:09.6455752+00:00",,"False","False","False","False","False","none","False","0","2000","500","0","0","0","False","0","44,6","42,6","60","76,4","100","123,95707475583431","130,15777254288483","1957150720","[22:08:09] [Server thread/INFO]: The game is running normally [22:08:09] [Server thread/INFO]: Target tick rate: 20,0 per second. Average time per tick: 44,6ms (Target: 50,0ms) [22:08:09] [Server thread/INFO]: Percentiles: P50: 42,6ms P95: 60,0ms P99: 76,4ms, sample: 100"
"without-umce","2","2026-09-29T20:08:09.7717585+00:00",,"False","False","False","False","False","none","False","0","2000","500","0","0","0","False","0","45","43","60","76,4","100","191,31582795008103","130,15777254288483","1957150720","[22:08:09] [Server thread/INFO]: The game is running normally [22:08:09] [Server thread/INFO]: Target tick rate: 20,0 per second. Average time per tick: 45,0ms (Target: 50,0ms) [22:08:09] [Server thread/INFO]: Percentiles: P50: 43,0ms P95: 60,0ms P99: 76,4ms, sample: 100"
"without-umce","2","2026-09-29T20:08:09.9104958+00:00",,"False","False","False","False","False","none","False","0","2000","500","0","0","0","False","0","45,3","43,3","64,3","76,4","100","101,21768928922509","130,15777254288483","1957150720","[22:08:09] [Server thread/INFO]: The game is running normally [22:08:09] [Server thread/INFO]: Target tick rate: 20,0 per second. Average time per tick: 45,3ms (Target: 50,0ms) [22:08:09] [Server thread/INFO]: Percentiles: P50: 43,3ms P95: 64,3ms P99: 76,4ms, sample: 100"
"without-umce","2","2026-09-29T20:08:10.0339440+00:00",,"False","False","False","False","False","none","False","0","2000","500","0","0","0","False","0","45","43","60","76,4","100","111,8444127899902","130,15777254288483","1957150720","[22:08:10] [Server thread/INFO]: The game is running normally [22:08:10] [Server thread/INFO]: Target tick rate: 20,0 per second. Average time per tick: 45,0ms (Target: 50,0ms) [22:08:10] [Server thread/INFO]: Percentiles: P50: 43,0ms P95: 60,0ms P99: 76,4ms, sample: 100"
"without-umce","2","2026-09-29T20:08:10.1597101+00:00",,"False","False","False","False","False","none","False","0","2000","500","0","0","0","False","0","44,9","43","60","76,4","100","139,41851023565076","130,15777254288483","1957150720","[22:08:10] [Server thread/INFO]: The game is running normally [22:08:10] [Server thread/INFO]: Target tick rate: 20,0 per second. Average time per tick: 44,9ms (Target: 50,0ms) [22:08:10] [Server thread/INFO]: Percentiles: P50: 43,0ms P95: 60,0ms P99: 76,4ms, sample: 100"
"without-umce","2","2026-09-29T20:08:10.2829780+00:00",,"False","False","False","False","False","none","False","0","2000","500","0","0","0","False","0","45","43,3","60","76,4","100","164,43014683561518","130,15777254288483","1957150720","[22:08:10] [Server thread/INFO]: The game is running normally [22:08:10] [Server thread/INFO]: Target tick rate: 20,0 per second. Average time per tick: 45,0ms (Target: 50,0ms) [22:08:10] [Server thread/INFO]: Percentiles: P50: 43,3ms P95: 60,0ms P99: 76,4ms, sample: 100"
"without-umce","2","2026-09-29T20:08:10.4065155+00:00",,"False","False","False","False","False","none","False","0","2000","500","0","0","0","False","0","45,1","43,4","60","76,4","100","163,85567632363117","130,15777254288483","1957150720","[22:08:10] [Server thread/INFO]: The game is running normally [22:08:10] [Server thread/INFO]: Target tick rate: 20,0 per second. Average time per tick: 45,1ms (Target: 50,0ms) [22:08:10] [Server thread/INFO]: Percentiles: P50: 43,4ms P95: 60,0ms P99: 76,4ms, sample: 100"
"without-umce","2","2026-09-29T20:08:10.5304780+00:00",,"False","False","False","False","False","none","False","0","2000","500","0","0","0","False","0","45,1","43,4","60","76,4","100","187,9388748605744","130,15777254288483","1957150720","[22:08:10] [Server thread/INFO]: The game is running normally [22:08:10] [Server thread/INFO]: Target tick rate: 20,0 per second. Average time per tick: 45,1ms (Target: 50,0ms) [22:08:10] [Server thread/INFO]: Percentiles: P50: 43,4ms P95: 60,0ms P99: 76,4ms, sample: 100"
"without-umce","2","2026-09-29T20:08:10.6551852+00:00",,"False","False","False","False","False","none","False","0","2000","500","0","0","0","False","0","45,4","43,7","60","76,4","100","136,08784366386877","130,15777254288483","1957150720","[22:08:10] [Server thread/INFO]: The game is running normally [22:08:10] [Server thread/INFO]: Target tick rate: 20,0 per second. Average time per tick: 45,4ms (Target: 50,0ms) [22:08:10] [Server thread/INFO]: Percentiles: P50: 43,7ms P95: 60,0ms P99: 76,4ms, sample: 100"
"without-umce","2","2026-09-29T20:08:10.7815010+00:00",,"False","False","False","False","False","none","False","0","2000","500","0","0","0","False","0","45,6","44","60","76,4","100","165,88511807345412","130,15777254288483","1957150720","[22:08:10] [Server thread/INFO]: The game is running normally [22:08:10] [Server thread/INFO]: Target tick rate: 20,0 per second. Average time per tick: 45,6ms (Target: 50,0ms) [22:08:10] [Server thread/INFO]: Percentiles: P50: 44,0ms P95: 60,0ms P99: 76,4ms, sample: 100"
"without-umce","2","2026-09-29T20:08:10.9039123+00:00",,"False","False","False","False","False","none","False","0","2000","500","0","0","0","False","0","45,8","44,1","60","76,4","100","88,22243588295837","130,15777254288483","1957150720","[22:08:10] [Server thread/INFO]: The game is running normally [22:08:10] [Server thread/INFO]: Target tick rate: 20,0 per second. Average time per tick: 45,8ms (Target: 50,0ms) [22:08:10] [Server thread/INFO]: Percentiles: P50: 44,1ms P95: 60,0ms P99: 76,4ms, sample: 100"
"without-umce","2","2026-09-29T20:08:11.0279110+00:00",,"False","False","False","False","False","none","False","0","2000","500","0","0","0","False","0","45,8","44,1","60","76,4","100","100,20530061991006","130,15777254288483","1957150720","[22:08:11] [Server thread/INFO]: The game is running normally [22:08:11] [Server thread/INFO]: Target tick rate: 20,0 per second. Average time per tick: 45,8ms (Target: 50,0ms) [22:08:11] [Server thread/INFO]: Percentiles: P50: 44,1ms P95: 60,0ms P99: 76,4ms, sample: 100"
"without-umce","2","2026-09-29T20:08:11.1526530+00:00",,"False","False","False","False","False","none","False","0","2000","500","0","0","0","False","0","45,8","44,1","60","76,4","100","233,85264703472873","130,15777254288483","1957150720","[22:08:11] [Server thread/INFO]: The game is running normally [22:08:11] [Server thread/INFO]: Target tick rate: 20,0 per second. Average time per tick: 45,8ms (Target: 50,0ms) [22:08:11] [Server thread/INFO]: Percentiles: P50: 44,1ms P95: 60,0ms P99: 76,4ms, sample: 100"
"without-umce","2","2026-09-29T20:08:11.2795783+00:00",,"False","False","False","False","False","none","False","0","2000","500","0","0","0","False","0","45,9","44,2","60","76,4","100","89,29285771433143","130,15777254288483","1957150720","[22:08:11] [Server thread/INFO]: The game is running normally [22:08:11] [Server thread/INFO]: Target tick rate: 20,0 per second. Average time per tick: 45,9ms (Target: 50,0ms) [22:08:11] [Server thread/INFO]: Percentiles: P50: 44,2ms P95: 60,0ms P99: 76,4ms, sample: 100"
"without-umce","2","2026-09-29T20:08:11.4020693+00:00",,"False","False","False","False","False","none","False","0","2000","500","0","0","0","False","0","45,9","44,2","60","76,4","100","101,2378555068534","130,15777254288483","1957150720","[22:08:11] [Server thread/INFO]: The game is running normally [22:08:11] [Server thread/INFO]: Target tick rate: 20,0 per second. Average time per tick: 45,9ms (Target: 50,0ms) [22:08:11] [Server thread/INFO]: Percentiles: P50: 44,2ms P95: 60,0ms P99: 76,4ms, sample: 100"
"without-umce","2","2026-09-29T20:08:11.5255755+00:00",,"False","False","False","False","False","none","False","0","2000","500","0","0","0","False","0","46","44,3","60","76,4","100","98,82922941663873","130,15777254288483","1957150720","[22:08:11] [Server thread/INFO]: The game is running normally [22:08:11] [Server thread/INFO]: Target tick rate: 20,0 per second. Average time per tick: 46,0ms (Target: 50,0ms) [22:08:11] [Server thread/INFO]: Percentiles: P50: 44,3ms P95: 60,0ms P99: 76,4ms, sample: 100"
"without-umce","2","2026-09-29T20:08:11.6520304+00:00",,"False","False","False","False","False","none","False","0","2000","500","0","0","0","False","0","45,9","44,3","60","76,4","100","75,52024385587434","130,15777254288483","1957150720","[22:08:11] [Server thread/INFO]: The game is running normally [22:08:11] [Server thread/INFO]: Target tick rate: 20,0 per second. Average time per tick: 45,9ms (Target: 50,0ms) [22:08:11] [Server thread/INFO]: Percentiles: P50: 44,3ms P95: 60,0ms P99: 76,4ms, sample: 100"
"without-umce","2","2026-09-29T20:08:11.7761756+00:00",,"False","False","False","False","False","none","False","0","2000","500","0","0","0","False","0","45,8","44,3","60","76,4","100","75,3184463913426","130,15777254288483","1957150720","[22:08:11] [Server thread/INFO]: The game is running normally [22:08:11] [Server thread/INFO]: Target tick rate: 20,0 per second. Average time per tick: 45,8ms (Target: 50,0ms) [22:08:11] [Server thread/INFO]: Percentiles: P50: 44,3ms P95: 60,0ms P99: 76,4ms, sample: 100"
"without-umce","2","2026-09-29T20:08:11.9006408+00:00",,"False","False","False","False","False","none","False","0","2000","500","0","0","0","False","0","45,8","44,3","60","76,4","100","87,75821978589804","130,15777254288483","1957150720","[22:08:11] [Server thread/INFO]: The game is running normally [22:08:11] [Server thread/INFO]: Target tick rate: 20,0 per second. Average time per tick: 45,8ms (Target: 50,0ms) [22:08:11] [Server thread/INFO]: Percentiles: P50: 44,3ms P95: 60,0ms P99: 76,4ms, sample: 100"
"without-umce","2","2026-09-29T20:08:12.0253272+00:00",,"False","False","False","False","False","none","False","0","2000","500","0","0","0","False","0","45,8","44,3","60","76,4","100","125,84771017574381","130,15777254288483","1957150720","[22:08:12] [Server thread/INFO]: The game is running normally [22:08:12] [Server thread/INFO]: Target tick rate: 20,0 per second. Average time per tick: 45,8ms (Target: 50,0ms) [22:08:12] [Server thread/INFO]: Percentiles: P50: 44,3ms P95: 60,0ms P99: 76,4ms, sample: 100"
"without-umce","2","2026-09-29T20:08:12.1494636+00:00",,"False","False","False","False","False","none","False","0","2000","500","0","0","0","False","0","45,9","44,3","60","76,4","100","86,94812287449103","130,15777254288483","1957150720","[22:08:12] [Server thread/INFO]: The game is running normally [22:08:12] [Server thread/INFO]: Target tick rate: 20,0 per second. Average time per tick: 45,9ms (Target: 50,0ms) [22:08:12] [Server thread/INFO]: Percentiles: P50: 44,3ms P95: 60,0ms P99: 76,4ms, sample: 100"
"without-umce","2","2026-09-29T20:08:12.2752358+00:00",,"False","False","False","False","False","none","False","0","2000","500","0","0","0","False","0","45,9","44,3","60","76,4","100","75,32407429725652","130,15777254288483","1957150720","[22:08:12] [Server thread/INFO]: The game is running normally [22:08:12] [Server thread/INFO]: Target tick rate: 20,0 per second. Average time per tick: 45,9ms (Target: 50,0ms) [22:08:12] [Server thread/INFO]: Percentiles: P50: 44,3ms P95: 60,0ms P99: 76,4ms, sample: 100"
"without-umce","2","2026-09-29T20:08:12.3996846+00:00",,"False","False","False","False","False","none","False","0","2000","500","0","0","0","False","0","45,8","44,3","60","76,4","100","87,61031891357597","130,15777254288483","1957150720","[22:08:12] [Server thread/INFO]: The game is running normally [22:08:12] [Server thread/INFO]: Target tick rate: 20,0 per second. Average time per tick: 45,8ms (Target: 50,0ms) [22:08:12] [Server thread/INFO]: Percentiles: P50: 44,3ms P95: 60,0ms P99: 76,4ms, sample: 100"
"without-umce","2","2026-09-29T20:08:12.5245466+00:00",,"False","False","False","False","False","none","False","0","2000","500","0","0","0","False","0","45,9","44,3","60","76,4","100","87,31705330990509","130,15777254288483","1957150720","[22:08:12] [Server thread/INFO]: The game is running normally [22:08:12] [Server thread/INFO]: Target tick rate: 20,0 per second. Average time per tick: 45,9ms (Target: 50,0ms) [22:08:12] [Server thread/INFO]: Percentiles: P50: 44,3ms P95: 60,0ms P99: 76,4ms, sample: 100"
"without-umce","2","2026-09-29T20:08:12.6498183+00:00",,"False","False","False","False","False","none","False","0","2000","500","0","0","0","False","0","45,9","44,3","60","76,4","100","112,89431727136542","130,15777254288483","1957150720","[22:08:12] [Server thread/INFO]: The game is running normally [22:08:12] [Server thread/INFO]: Target tick rate: 20,0 per second. Average time per tick: 45,9ms (Target: 50,0ms) [22:08:12] [Server thread/INFO]: Percentiles: P50: 44,3ms P95: 60,0ms P99: 76,4ms, sample: 100"
"without-umce","2","2026-09-29T20:08:12.7743442+00:00",,"False","False","False","False","False","none","False","0","2000","500","0","0","0","False","0","46,1","44,7","60","76,4","100","87,78195564152055","130,15777254288483","1957150720","[22:08:12] [Server thread/INFO]: The game is running normally [22:08:12] [Server thread/INFO]: Target tick rate: 20,0 per second. Average time per tick: 46,1ms (Target: 50,0ms) [22:08:12] [Server thread/INFO]: Percentiles: P50: 44,7ms P95: 60,0ms P99: 76,4ms, sample: 100"
"without-umce","2","2026-09-29T20:08:12.8989602+00:00",,"False","False","False","False","False","none","False","0","2000","500","0","0","0","False","0","45,8","44,3","60","76,4","100","85,81170616816506","130,15777254288483","1957150720","[22:08:12] [Server thread/INFO]: The game is running normally [22:08:12] [Server thread/INFO]: Target tick rate: 20,0 per second. Average time per tick: 45,8ms (Target: 50,0ms) [22:08:12] [Server thread/INFO]: Percentiles: P50: 44,3ms P95: 60,0ms P99: 76,4ms, sample: 100"
"without-umce","2","2026-09-29T20:08:13.0264153+00:00",,"False","False","False","False","False","none","False","0","2000","500","0","0","0","False","0","45,4","44","60","76,4","100","113,1258119919394","130,15777254288483","1957150720","[22:08:13] [Server thread/INFO]: The game is running normally [22:08:13] [Server thread/INFO]: Target tick rate: 20,0 per second. Average time per tick: 45,4ms (Target: 50,0ms) [22:08:13] [Server thread/INFO]: Percentiles: P50: 44,0ms P95: 60,0ms P99: 76,4ms, sample: 100"
"without-umce","2","2026-09-29T20:08:13.1507359+00:00",,"False","False","False","False","False","none","False","0","2000","500","0","0","0","False","0","44,8","43,9","57,4","67","100","75,1440360883742","130,15777254288483","1957150720","[22:08:13] [Server thread/INFO]: The game is running normally [22:08:13] [Server thread/INFO]: Target tick rate: 20,0 per second. Average time per tick: 44,8ms (Target: 50,0ms) [22:08:13] [Server thread/INFO]: Percentiles: P50: 43,9ms P95: 57,4ms P99: 67,0ms, sample: 100"
"without-umce","2","2026-09-29T20:08:13.2754989+00:00",,"False","False","False","False","False","none","False","0","2000","500","0","0","0","False","0","44,8","43,9","57,4","67","100","86,58531275604514","130,15777254288483","1957150720","[22:08:13] [Server thread/INFO]: The game is running normally [22:08:13] [Server thread/INFO]: Target tick rate: 20,0 per second. Average time per tick: 44,8ms (Target: 50,0ms) [22:08:13] [Server thread/INFO]: Percentiles: P50: 43,9ms P95: 57,4ms P99: 67,0ms, sample: 100"
"without-umce","2","2026-09-29T20:08:13.4017880+00:00",,"False","False","False","False","False","none","False","0","2000","500","0","0","0","False","0","44,8","43,9","57,4","67","100","126,65317860975745","130,15777254288483","1957150720","[22:08:13] [Server thread/INFO]: The game is running normally [22:08:13] [Server thread/INFO]: Target tick rate: 20,0 per second. Average time per tick: 44,8ms (Target: 50,0ms) [22:08:13] [Server thread/INFO]: Percentiles: P50: 43,9ms P95: 57,4ms P99: 67,0ms, sample: 100"
"without-umce","2","2026-09-29T20:08:13.5251805+00:00",,"False","False","False","False","False","none","False","0","2000","500","0","0","0","False","0","44,5","43,4","57,4","67","100","86,22395445325537","130,15777254288483","1957150720","[22:08:13] [Server thread/INFO]: The game is running normally [22:08:13] [Server thread/INFO]: Target tick rate: 20,0 per second. Average time per tick: 44,5ms (Target: 50,0ms) [22:08:13] [Server thread/INFO]: Percentiles: P50: 43,4ms P95: 57,4ms P99: 67,0ms, sample: 100"
"without-umce","2","2026-09-29T20:08:13.6520363+00:00",,"False","False","False","False","False","none","False","0","2000","500","0","0","0","False","0","44,4","43","57,4","67","100","86,41941167639831","130,15777254288483","1957150720","[22:08:13] [Server thread/INFO]: The game is running normally [22:08:13] [Server thread/INFO]: Target tick rate: 20,0 per second. Average time per tick: 44,4ms (Target: 50,0ms) [22:08:13] [Server thread/INFO]: Percentiles: P50: 43,0ms P95: 57,4ms P99: 67,0ms, sample: 100"
"without-umce","2","2026-09-29T20:08:13.7785943+00:00",,"False","False","False","False","False","none","False","0","2000","500","0","0","0","False","0","44","42,4","56,2","67","100","101,10569184602818","130,15777254288483","1957150720","[22:08:13] [Server thread/INFO]: The game is running normally [22:08:13] [Server thread/INFO]: Target tick rate: 20,0 per second. Average time per tick: 44,0ms (Target: 50,0ms) [22:08:13] [Server thread/INFO]: Percentiles: P50: 42,4ms P95: 56,2ms P99: 67,0ms, sample: 100"
"without-umce","2","2026-09-29T20:08:13.9022134+00:00",,"False","False","False","False","False","none","False","0","2000","500","0","0","0","False","0","43,6","42,2","54","64,3","100","74,46137618919781","130,15777254288483","1957150720","[22:08:13] [Server thread/INFO]: The game is running normally [22:08:13] [Server thread/INFO]: Target tick rate: 20,0 per second. Average time per tick: 43,6ms (Target: 50,0ms) [22:08:13] [Server thread/INFO]: Percentiles: P50: 42,2ms P95: 54,0ms P99: 64,3ms, sample: 100"
"without-umce","2","2026-09-29T20:08:14.0281105+00:00",,"False","False","False","False","False","none","False","0","2000","500","0","0","0","False","0","43,5","42,1","54","64,3","100","98,96051871145488","130,15777254288483","1957150720","[22:08:14] [Server thread/INFO]: The game is running normally [22:08:14] [Server thread/INFO]: Target tick rate: 20,0 per second. Average time per tick: 43,5ms (Target: 50,0ms) [22:08:14] [Server thread/INFO]: Percentiles: P50: 42,1ms P95: 54,0ms P99: 64,3ms, sample: 100"
"without-umce","2","2026-09-29T20:08:14.1544422+00:00",,"False","False","False","False","False","none","False","0","2000","500","0","0","0","False","0","43,4","42,1","54","64,3","100","75,97774237102423","130,15777254288483","1957150720","[22:08:14] [Server thread/INFO]: The game is running normally [22:08:14] [Server thread/INFO]: Target tick rate: 20,0 per second. Average time per tick: 43,4ms (Target: 50,0ms) [22:08:14] [Server thread/INFO]: Percentiles: P50: 42,1ms P95: 54,0ms P99: 64,3ms, sample: 100"
"without-umce","2","2026-09-29T20:08:14.2778167+00:00",,"False","False","False","False","False","none","False","0","2000","500","0","0","0","False","0","43,2","42,1","54","64,3","100","100,53387509027942","130,15777254288483","1957150720","[22:08:14] [Server thread/INFO]: The game is running normally [22:08:14] [Server thread/INFO]: Target tick rate: 20,0 per second. Average time per tick: 43,2ms (Target: 50,0ms) [22:08:14] [Server thread/INFO]: Percentiles: P50: 42,1ms P95: 54,0ms P99: 64,3ms, sample: 100"
"without-umce","2","2026-09-29T20:08:14.4021465+00:00",,"False","False","False","False","False","none","False","0","2000","500","0","0","0","False","0","42,9","41,7","54","64,3","100","126,01822727639328","130,15777254288483","1957150720","[22:08:14] [Server thread/INFO]: The game is running normally [22:08:14] [Server thread/INFO]: Target tick rate: 20,0 per second. Average time per tick: 42,9ms (Target: 50,0ms) [22:08:14] [Server thread/INFO]: Percentiles: P50: 41,7ms P95: 54,0ms P99: 64,3ms, sample: 100"
"without-umce","2","2026-09-29T20:08:14.5261765+00:00",,"False","False","False","False","False","none","False","0","2000","500","0","0","0","False","0","42,6","41,6","52,5","64,3","100","126,02869663340049","130,15777254288483","1957150720","[22:08:14] [Server thread/INFO]: The game is running normally [22:08:14] [Server thread/INFO]: Target tick rate: 20,0 per second. Average time per tick: 42,6ms (Target: 50,0ms) [22:08:14] [Server thread/INFO]: Percentiles: P50: 41,6ms P95: 52,5ms P99: 64,3ms, sample: 100"
"without-umce","2","2026-09-29T20:08:14.6501242+00:00",,"False","False","False","False","False","none","False","0","2000","500","0","0","0","False","0","42,4","41,6","52,5","64,3","100","76,18321677639759","130,15777254288483","1957150720","[22:08:14] [Server thread/INFO]: The game is running normally [22:08:14] [Server thread/INFO]: Target tick rate: 20,0 per second. Average time per tick: 42,4ms (Target: 50,0ms) [22:08:14] [Server thread/INFO]: Percentiles: P50: 41,6ms P95: 52,5ms P99: 64,3ms, sample: 100"
"without-umce","2","2026-09-29T20:08:14.7731783+00:00",,"False","False","False","False","False","none","False","0","2000","500","0","0","0","False","0","42,1","41,5","51,5","64,3","100","62,04547963439031","130,15777254288483","1957150720","[22:08:14] [Server thread/INFO]: The game is running normally [22:08:14] [Server thread/INFO]: Target tick rate: 20,0 per second. Average time per tick: 42,1ms (Target: 50,0ms) [22:08:14] [Server thread/INFO]: Percentiles: P50: 41,5ms P95: 51,5ms P99: 64,3ms, sample: 100"
"without-umce","2","2026-09-29T20:08:14.8991002+00:00",,"False","False","False","False","False","none","False","0","2000","500","0","0","0","False","0","41,7","41,3","51","54","100","75,0243679146987","130,15777254288483","1957150720","[22:08:14] [Server thread/INFO]: The game is running normally [22:08:14] [Server thread/INFO]: Target tick rate: 20,0 per second. Average time per tick: 41,7ms (Target: 50,0ms) [22:08:14] [Server thread/INFO]: Percentiles: P50: 41,3ms P95: 51,0ms P99: 54,0ms, sample: 100"
"without-umce","2","2026-09-29T20:08:15.0240543+00:00",,"False","False","False","False","False","none","False","0","2000","500","0","0","0","False","0","41,6","40,9","51","54","100","215,72938256524873","130,15777254288483","1957150720","[22:08:15] [Server thread/INFO]: The game is running normally [22:08:15] [Server thread/INFO]: Target tick rate: 20,0 per second. Average time per tick: 41,6ms (Target: 50,0ms) [22:08:15] [Server thread/INFO]: Percentiles: P50: 40,9ms P95: 51,0ms P99: 54,0ms, sample: 100"
"without-umce","2","2026-09-29T20:08:15.1472005+00:00",,"False","False","False","False","False","none","False","0","2000","500","0","0","0","False","0","41,5","40,7","51","54","100","77,95422456661014","130,15777254288483","1957150720","[22:08:15] [Server thread/INFO]: The game is running normally [22:08:15] [Server thread/INFO]: Target tick rate: 20,0 per second. Average time per tick: 41,5ms (Target: 50,0ms) [22:08:15] [Server thread/INFO]: Percentiles: P50: 40,7ms P95: 51,0ms P99: 54,0ms, sample: 100"
"without-umce","2","2026-09-29T20:08:15.2875042+00:00",,"False","False","False","False","False","none","False","0","2000","500","0","0","0","False","0","41,2","40,2","51","54","100","55,60146012103148","130,15777254288483","1957150720","[22:08:15] [Server thread/INFO]: The game is running normally [22:08:15] [Server thread/INFO]: Target tick rate: 20,0 per second. Average time per tick: 41,2ms (Target: 50,0ms) [22:08:15] [Server thread/INFO]: Percentiles: P50: 40,2ms P95: 51,0ms P99: 54,0ms, sample: 100"
"without-umce","2","2026-09-29T20:08:15.4279988+00:00",,"False","False","False","False","False","none","False","0","2000","500","0","0","0","False","0","40,9","39,9","50,2","54","100","61,96182437818087","130,15777254288483","1957150720","[22:08:15] [Server thread/INFO]: The game is running normally [22:08:15] [Server thread/INFO]: Target tick rate: 20,0 per second. Average time per tick: 40,9ms (Target: 50,0ms) [22:08:15] [Server thread/INFO]: Percentiles: P50: 39,9ms P95: 50,2ms P99: 54,0ms, sample: 100"
"without-umce","2","2026-09-29T20:08:15.5540949+00:00",,"False","False","False","False","False","none","False","0","2000","500","0","0","0","False","0","40,6","39,8","48,4","52,5","100","62,542979535536816","130,15777254288483","1957150720","[22:08:15] [Server thread/INFO]: The game is running normally [22:08:15] [Server thread/INFO]: Target tick rate: 20,0 per second. Average time per tick: 40,6ms (Target: 50,0ms) [22:08:15] [Server thread/INFO]: Percentiles: P50: 39,8ms P95: 48,4ms P99: 52,5ms, sample: 100"
"without-umce","2","2026-09-29T20:08:15.6790213+00:00",,"False","False","False","False","False","none","False","0","2000","500","0","0","0","False","0","40,3","39,7","46,6","52,5","100","61,95273432605733","130,15777254288483","1957150720","[22:08:15] [Server thread/INFO]: The game is running normally [22:08:15] [Server thread/INFO]: Target tick rate: 20,0 per second. Average time per tick: 40,3ms (Target: 50,0ms) [22:08:15] [Server thread/INFO]: Percentiles: P50: 39,7ms P95: 46,6ms P99: 52,5ms, sample: 100"
"without-umce","2","2026-09-29T20:08:15.8051175+00:00",,"False","False","False","False","False","none","False","0","2000","500","0","0","0","False","0","40","39,6","46,2","52,5","100","78,53004676262351","130,15777254288483","1957150720","[22:08:15] [Server thread/INFO]: The game is running normally [22:08:15] [Server thread/INFO]: Target tick rate: 20,0 per second. Average time per tick: 40,0ms (Target: 50,0ms) [22:08:15] [Server thread/INFO]: Percentiles: P50: 39,6ms P95: 46,2ms P99: 52,5ms, sample: 100"
"without-umce","2","2026-09-29T20:08:15.9444016+00:00",,"False","False","False","False","False","none","False","0","2000","500","0","0","0","False","0","40,1","39,4","46,3","52,5","100","177,6038680701635","130,15777254288483","1957150720","[22:08:15] [Server thread/INFO]: The game is running normally [22:08:15] [Server thread/INFO]: Target tick rate: 20,0 per second. Average time per tick: 40,1ms (Target: 50,0ms) [22:08:15] [Server thread/INFO]: Percentiles: P50: 39,4ms P95: 46,3ms P99: 52,5ms, sample: 100"
"without-umce","2","2026-09-29T20:08:16.0851728+00:00",,"False","False","False","False","False","none","False","0","2000","500","0","0","0","False","0","40,1","39,4","46,9","52,5","100","144,72798264332968","130,15777254288483","1957150720","[22:08:16] [Server thread/INFO]: The game is running normally [22:08:16] [Server thread/INFO]: Target tick rate: 20,0 per second. Average time per tick: 40,1ms (Target: 50,0ms) [22:08:16] [Server thread/INFO]: Percentiles: P50: 39,4ms P95: 46,9ms P99: 52,5ms, sample: 100"
"without-umce","2","2026-09-29T20:08:16.2255155+00:00",,"False","False","False","False","False","none","False","0","2000","500","0","0","0","False","0","40,2","39,4","46,9","52,5","100","56,24234204270746","130,15777254288483","1957150720","[22:08:16] [Server thread/INFO]: The game is running normally [22:08:16] [Server thread/INFO]: Target tick rate: 20,0 per second. Average time per tick: 40,2ms (Target: 50,0ms) [22:08:16] [Server thread/INFO]: Percentiles: P50: 39,4ms P95: 46,9ms P99: 52,5ms, sample: 100"
"without-umce","2","2026-09-29T20:08:16.3644591+00:00",,"False","False","False","False","False","none","False","0","2000","500","0","0","0","False","0","40,2","39,4","46,9","52,5","100","113,59588219470879","130,15777254288483","1957150720","[22:08:16] [Server thread/INFO]: The game is running normally [22:08:16] [Server thread/INFO]: Target tick rate: 20,0 per second. Average time per tick: 40,2ms (Target: 50,0ms) [22:08:16] [Server thread/INFO]: Percentiles: P50: 39,4ms P95: 46,9ms P99: 52,5ms, sample: 100"
"without-umce","2","2026-09-29T20:08:16.4882205+00:00",,"False","False","False","False","False","none","False","0","2000","500","0","0","0","False","0","40","39,4","46,3","52,5","100","162,4701055005879","130,15777254288483","1957150720","[22:08:16] [Server thread/INFO]: The game is running normally [22:08:16] [Server thread/INFO]: Target tick rate: 20,0 per second. Average time per tick: 40,0ms (Target: 50,0ms) [22:08:16] [Server thread/INFO]: Percentiles: P50: 39,4ms P95: 46,3ms P99: 52,5ms, sample: 100"
"without-umce","2","2026-09-29T20:08:16.6132153+00:00",,"False","False","False","False","False","none","False","0","2000","500","0","0","0","False","0","40,2","39,4","46,8","52,5","100","75,0852968972753","130,15777254288483","1957150720","[22:08:16] [Server thread/INFO]: The game is running normally [22:08:16] [Server thread/INFO]: Target tick rate: 20,0 per second. Average time per tick: 40,2ms (Target: 50,0ms) [22:08:16] [Server thread/INFO]: Percentiles: P50: 39,4ms P95: 46,8ms P99: 52,5ms, sample: 100"
"without-umce","2","2026-09-29T20:08:16.7381095+00:00",,"False","False","False","False","False","none","False","0","2000","500","0","0","0","False","0","40,3","39,7","46,8","52,5","100","62,398814083082875","130,15777254288483","1957150720","[22:08:16] [Server thread/INFO]: The game is running normally [22:08:16] [Server thread/INFO]: Target tick rate: 20,0 per second. Average time per tick: 40,3ms (Target: 50,0ms) [22:08:16] [Server thread/INFO]: Percentiles: P50: 39,7ms P95: 46,8ms P99: 52,5ms, sample: 100"
"without-umce","2","2026-09-29T20:08:16.8633022+00:00",,"False","False","False","False","False","none","False","0","2000","500","0","0","0","False","0","40,3","39,7","46,8","52,5","100","100,93962679793664","130,15777254288483","1957150720","[22:08:16] [Server thread/INFO]: The game is running normally [22:08:16] [Server thread/INFO]: Target tick rate: 20,0 per second. Average time per tick: 40,3ms (Target: 50,0ms) [22:08:16] [Server thread/INFO]: Percentiles: P50: 39,7ms P95: 46,8ms P99: 52,5ms, sample: 100"
"without-umce","2","2026-09-29T20:08:16.9871576+00:00",,"False","False","False","False","False","none","False","0","2000","500","0","0","0","False","0","40,4","39,8","46,9","52,5","100","62,28136748757163","130,15777254288483","1957150720","[22:08:16] [Server thread/INFO]: The game is running normally [22:08:16] [Server thread/INFO]: Target tick rate: 20,0 per second. Average time per tick: 40,4ms (Target: 50,0ms) [22:08:16] [Server thread/INFO]: Percentiles: P50: 39,8ms P95: 46,9ms P99: 52,5ms, sample: 100"
"without-umce","2","2026-09-29T20:08:17.1125592+00:00",,"False","False","False","False","False","none","False","0","2000","500","0","0","0","False","0","40,5","39,9","46,9","52,5","100","76,11165640884504","130,15777254288483","1957150720","[22:08:17] [Server thread/INFO]: The game is running normally [22:08:17] [Server thread/INFO]: Target tick rate: 20,0 per second. Average time per tick: 40,5ms (Target: 50,0ms) [22:08:17] [Server thread/INFO]: Percentiles: P50: 39,9ms P95: 46,9ms P99: 52,5ms, sample: 100"
