"condition","repeat","time_utc","artifact_sha256","small_box_section_probe_enabled","umce_tick_profiler_enabled","players_observed","pigs_in_seed_world","villagers_in_seed_world","tnt_in_seed_world","hopper_rows","redstone_clock_pairs","idle_clients","save_all_interval_seconds","tick_mean_ms","tick_p50_ms","tick_p95_ms","tick_p99_ms","tick_sample_count","sample_cpu_percent_one_core","process_cpu_percent_one_core","working_set_bytes","response"
"without-umce","1","2026-09-29T16:12:56.1930141+00:00",,"False","False","0","2000","500","0","0","0","False","0","57,2","51,7","129,4","154","100","142,3814947866468","146,3879827197075","1982185472","[18:12:56] [Server thread/INFO]: The game is running, but can't keep up with the target tick rate [18:12:56] [Server thread/INFO]: Target tick rate: 20,0 per second. Average time per tick: 57,2ms (Target: 50,0ms) [18:12:56] [Server thread/INFO]: Percentiles: P50: 51,7ms P95: 129,4ms P99: 154,0ms, sample: 100"
"without-umce","1","2026-09-29T16:12:56.3578996+00:00",,"False","False","0","2000","500","0","0","0","False","0","56,5","51,7","129,4","154","100","185,04750375029607","146,3879827197075","1982185472","[18:12:56] [Server thread/INFO]: The game is running, but can't keep up with the target tick rate [18:12:56] [Server thread/INFO]: Target tick rate: 20,0 per second. Average time per tick: 56,5ms (Target: 50,0ms) [18:12:56] [Server thread/INFO]: Percentiles: P50: 51,7ms P95: 129,4ms P99: 154,0ms, sample: 100"
"without-umce","1","2026-09-29T16:12:56.4869701+00:00",,"False","False","0","2000","500","0","0","0","False","0","56,4","52","129,4","154","100","171,50755730900528","146,3879827197075","1982185472","[18:12:56] [Server thread/INFO]: The game is running, but can't keep up with the target tick rate [18:12:56] [Server thread/INFO]: Target tick rate: 20,0 per second. Average time per tick: 56,4ms (Target: 50,0ms) [18:12:56] [Server thread/INFO]: Percentiles: P50: 52,0ms P95: 129,4ms P99: 154,0ms, sample: 100"
"without-umce","1","2026-09-29T16:12:56.6148489+00:00",,"False","False","0","2000","500","0","0","0","False","0","56,5","52,5","129,4","154","100","135,50830792401996","146,3879827197075","1982185472","[18:12:56] [Server thread/INFO]: The game is running, but can't keep up with the target tick rate [18:12:56] [Server thread/INFO]: Target tick rate: 20,0 per second. Average time per tick: 56,5ms (Target: 50,0ms) [18:12:56] [Server thread/INFO]: Percentiles: P50: 52,5ms P95: 129,4ms P99: 154,0ms, sample: 100"
"without-umce","1","2026-09-29T16:12:56.7530511+00:00",,"False","False","0","2000","500","0","0","0","False","0","56,8","53,3","129,4","154","100","189,29481774392073","146,3879827197075","1982185472","[18:12:56] [Server thread/INFO]: The game is running, but can't keep up with the target tick rate [18:12:56] [Server thread/INFO]: Target tick rate: 20,0 per second. Average time per tick: 56,8ms (Target: 50,0ms) [18:12:56] [Server thread/INFO]: Percentiles: P50: 53,3ms P95: 129,4ms P99: 154,0ms, sample: 100"
"without-umce","1","2026-09-29T16:12:56.8766813+00:00",,"False","False","0","2000","500","0","0","0","False","0","56,7","53,6","129,4","154","100","163,99378660341318","146,3879827197075","1982185472","[18:12:56] [Server thread/INFO]: The game is running, but can't keep up with the target tick rate [18:12:56] [Server thread/INFO]: Target tick rate: 20,0 per second. Average time per tick: 56,7ms (Target: 50,0ms) [18:12:56] [Server thread/INFO]: Percentiles: P50: 53,6ms P95: 129,4ms P99: 154,0ms, sample: 100"
"without-umce","1","2026-09-29T16:12:57.0006530+00:00",,"False","False","0","2000","500","0","0","0","False","0","56,8","53,8","129,4","154","100","154,6271876654511","146,3879827197075","1982185472","[18:12:57] [Server thread/INFO]: The game is running, but can't keep up with the target tick rate [18:12:57] [Server thread/INFO]: Target tick rate: 20,0 per second. Average time per tick: 56,8ms (Target: 50,0ms) [18:12:57] [Server thread/INFO]: Percentiles: P50: 53,8ms P95: 129,4ms P99: 154,0ms, sample: 100"
"without-umce","1","2026-09-29T16:12:57.1420388+00:00",,"False","False","0","2000","500","0","0","0","False","0","57,1","55,7","129,4","154","100","281,9353849207423","146,3879827197075","1982185472","[18:12:57] [Server thread/INFO]: The game is running, but can't keep up with the target tick rate [18:12:57] [Server thread/INFO]: Target tick rate: 20,0 per second. Average time per tick: 57,1ms (Target: 50,0ms) [18:12:57] [Server thread/INFO]: Percentiles: P50: 55,7ms P95: 129,4ms P99: 154,0ms, sample: 100"
"without-umce","1","2026-09-29T16:12:57.2639534+00:00",,"False","False","0","2000","500","0","0","0","False","0","57,7","56,5","129,4","154","100","223,06186010987727","146,3879827197075","1982185472","[18:12:57] [Server thread/INFO]: The game is running, but can't keep up with the target tick rate [18:12:57] [Server thread/INFO]: Target tick rate: 20,0 per second. Average time per tick: 57,7ms (Target: 50,0ms) [18:12:57] [Server thread/INFO]: Percentiles: P50: 56,5ms P95: 129,4ms P99: 154,0ms, sample: 100"
"without-umce","1","2026-09-29T16:12:57.3900068+00:00",,"False","False","0","2000","500","0","0","0","False","0","57,1","56","129,4","154","100","203,327247071071","146,3879827197075","1982185472","[18:12:57] [Server thread/INFO]: The game is running, but can't keep up with the target tick rate [18:12:57] [Server thread/INFO]: Target tick rate: 20,0 per second. Average time per tick: 57,1ms (Target: 50,0ms) [18:12:57] [Server thread/INFO]: Percentiles: P50: 56,0ms P95: 129,4ms P99: 154,0ms, sample: 100"
"without-umce","1","2026-09-29T16:12:57.5129981+00:00",,"False","False","0","2000","500","0","0","0","False","0","57,9","56","129,4","154","100","125,82450280196069","146,3879827197075","1982185472","[18:12:57] [Server thread/INFO]: The game is running, but can't keep up with the target tick rate [18:12:57] [Server thread/INFO]: Target tick rate: 20,0 per second. Average time per tick: 57,9ms (Target: 50,0ms) [18:12:57] [Server thread/INFO]: Percentiles: P50: 56,0ms P95: 129,4ms P99: 154,0ms, sample: 100"
"without-umce","1","2026-09-29T16:12:57.6371722+00:00",,"False","False","0","2000","500","0","0","0","False","0","59,1","56","129,4","154","100","138,9749129562218","146,3879827197075","1982185472","[18:12:57] [Server thread/INFO]: The game is running, but can't keep up with the target tick rate [18:12:57] [Server thread/INFO]: Target tick rate: 20,0 per second. Average time per tick: 59,1ms (Target: 50,0ms) [18:12:57] [Server thread/INFO]: Percentiles: P50: 56,0ms P95: 129,4ms P99: 154,0ms, sample: 100"
"without-umce","1","2026-09-29T16:12:57.7608176+00:00",,"False","False","0","2000","500","0","0","0","False","0","60,4","56","129,4","154","100","217,4381063709263","146,3879827197075","1982185472","[18:12:57] [Server thread/INFO]: The game is running, but can't keep up with the target tick rate [18:12:57] [Server thread/INFO]: Target tick rate: 20,0 per second. Average time per tick: 60,4ms (Target: 50,0ms) [18:12:57] [Server thread/INFO]: Percentiles: P50: 56,0ms P95: 129,4ms P99: 154,0ms, sample: 100"
"without-umce","1","2026-09-29T16:12:57.8829581+00:00",,"False","False","0","2000","500","0","0","0","False","0","61,5","56","129,4","154","100","143,31100092283467","146,3879827197075","1982185472","[18:12:57] [Server thread/INFO]: The game is running, but can't keep up with the target tick rate [18:12:57] [Server thread/INFO]: Target tick rate: 20,0 per second. Average time per tick: 61,5ms (Target: 50,0ms) [18:12:57] [Server thread/INFO]: Percentiles: P50: 56,0ms P95: 129,4ms P99: 154,0ms, sample: 100"
"without-umce","1","2026-09-29T16:12:58.0247481+00:00",,"False","False","0","2000","500","0","0","0","False","0","62,6","56,5","129,4","154","100","269,97334823106263","146,3879827197075","1982185472","[18:12:58] [Server thread/INFO]: The game is running, but can't keep up with the target tick rate [18:12:58] [Server thread/INFO]: Target tick rate: 20,0 per second. Average time per tick: 62,6ms (Target: 50,0ms) [18:12:58] [Server thread/INFO]: Percentiles: P50: 56,5ms P95: 129,4ms P99: 154,0ms, sample: 100"
"without-umce","1","2026-09-29T16:12:58.1636034+00:00",,"False","False","0","2000","500","0","0","0","False","0","62,6","56,5","129,4","154","100","204,09022202839196","146,3879827197075","1982185472","[18:12:58] [Server thread/INFO]: The game is running, but can't keep up with the target tick rate [18:12:58] [Server thread/INFO]: Target tick rate: 20,0 per second. Average time per tick: 62,6ms (Target: 50,0ms) [18:12:58] [Server thread/INFO]: Percentiles: P50: 56,5ms P95: 129,4ms P99: 154,0ms, sample: 100"
"without-umce","1","2026-09-29T16:12:58.3014261+00:00",,"False","False","0","2000","500","0","0","0","False","0","61,5","56,3","129,4","154","100","306,0787234476707","146,3879827197075","1982185472","[18:12:58] [Server thread/INFO]: The game is running, but can't keep up with the target tick rate [18:12:58] [Server thread/INFO]: Target tick rate: 20,0 per second. Average time per tick: 61,5ms (Target: 50,0ms) [18:12:58] [Server thread/INFO]: Percentiles: P50: 56,3ms P95: 129,4ms P99: 154,0ms, sample: 100"
"without-umce","1","2026-09-29T16:12:58.4239836+00:00",,"False","False","0","2000","500","0","0","0","False","0","60,4","56","116,6","154","100","163,16951716282247","146,3879827197075","1982185472","[18:12:58] [Server thread/INFO]: The game is running, but can't keep up with the target tick rate [18:12:58] [Server thread/INFO]: Target tick rate: 20,0 per second. Average time per tick: 60,4ms (Target: 50,0ms) [18:12:58] [Server thread/INFO]: Percentiles: P50: 56,0ms P95: 116,6ms P99: 154,0ms, sample: 100"
"without-umce","1","2026-09-29T16:12:58.5484604+00:00",,"False","False","0","2000","500","0","0","0","False","0","58","55","92,9","154","100","163,9001002160859","146,3879827197075","1982185472","[18:12:58] [Server thread/INFO]: The game is running, but can't keep up with the target tick rate [18:12:58] [Server thread/INFO]: Target tick rate: 20,0 per second. Average time per tick: 58,0ms (Target: 50,0ms) [18:12:58] [Server thread/INFO]: Percentiles: P50: 55,0ms P95: 92,9ms P99: 154,0ms, sample: 100"
"without-umce","1","2026-09-29T16:12:58.6723416+00:00",,"False","False","0","2000","500","0","0","0","False","0","55,4","53,7","81","98,7","100","99,58104263741588","146,3879827197075","1982185472","[18:12:58] [Server thread/INFO]: The game is running, but can't keep up with the target tick rate [18:12:58] [Server thread/INFO]: Target tick rate: 20,0 per second. Average time per tick: 55,4ms (Target: 50,0ms) [18:12:58] [Server thread/INFO]: Percentiles: P50: 53,7ms P95: 81,0ms P99: 98,7ms, sample: 100"
"without-umce","1","2026-09-29T16:12:58.7980557+00:00",,"False","False","0","2000","500","0","0","0","False","0","54,4","53,6","76,8","84,3","100","126,92417042362212","146,3879827197075","1982185472","[18:12:58] [Server thread/INFO]: The game is running, but can't keep up with the target tick rate [18:12:58] [Server thread/INFO]: Target tick rate: 20,0 per second. Average time per tick: 54,4ms (Target: 50,0ms) [18:12:58] [Server thread/INFO]: Percentiles: P50: 53,6ms P95: 76,8ms P99: 84,3ms, sample: 100"
"without-umce","1","2026-09-29T16:12:58.9209538+00:00",,"False","False","0","2000","500","0","0","0","False","0","53,5","53","73,7","84,3","100","163,18118353253823","146,3879827197075","1982185472","[18:12:58] [Server thread/INFO]: The game is running, but can't keep up with the target tick rate [18:12:58] [Server thread/INFO]: Target tick rate: 20,0 per second. Average time per tick: 53,5ms (Target: 50,0ms) [18:12:58] [Server thread/INFO]: Percentiles: P50: 53,0ms P95: 73,7ms P99: 84,3ms, sample: 100"
"without-umce","1","2026-09-29T16:12:59.0454342+00:00",,"False","False","0","2000","500","0","0","0","False","0","53,1","52,5","73,7","84,3","100","138,45366887118473","146,3879827197075","1982185472","[18:12:59] [Server thread/INFO]: The game is running, but can't keep up with the target tick rate [18:12:59] [Server thread/INFO]: Target tick rate: 20,0 per second. Average time per tick: 53,1ms (Target: 50,0ms) [18:12:59] [Server thread/INFO]: Percentiles: P50: 52,5ms P95: 73,7ms P99: 84,3ms, sample: 100"
"without-umce","1","2026-09-29T16:12:59.1695583+00:00",,"False","False","0","2000","500","0","0","0","False","0","52,6","51,8","71,1","84,3","100","126,025545478889","146,3879827197075","1982185472","[18:12:59] [Server thread/INFO]: The game is running, but can't keep up with the target tick rate [18:12:59] [Server thread/INFO]: Target tick rate: 20,0 per second. Average time per tick: 52,6ms (Target: 50,0ms) [18:12:59] [Server thread/INFO]: Percentiles: P50: 51,8ms P95: 71,1ms P99: 84,3ms, sample: 100"
"without-umce","1","2026-09-29T16:12:59.2935500+00:00",,"False","False","0","2000","500","0","0","0","False","0","52,1","51,5","71,1","84,3","100","164,13491506194907","146,3879827197075","1982185472","[18:12:59] [Server thread/INFO]: The game is running, but can't keep up with the target tick rate [18:12:59] [Server thread/INFO]: Target tick rate: 20,0 per second. Average time per tick: 52,1ms (Target: 50,0ms) [18:12:59] [Server thread/INFO]: Percentiles: P50: 51,5ms P95: 71,1ms P99: 84,3ms, sample: 100"
"without-umce","1","2026-09-29T16:12:59.4173935+00:00",,"False","False","0","2000","500","0","0","0","False","0","51,4","49,7","71,1","84,3","100","137,9290144064097","146,3879827197075","1982185472","[18:12:59] [Server thread/INFO]: The game is running, but can't keep up with the target tick rate [18:12:59] [Server thread/INFO]: Target tick rate: 20,0 per second. Average time per tick: 51,4ms (Target: 50,0ms) [18:12:59] [Server thread/INFO]: Percentiles: P50: 49,7ms P95: 71,1ms P99: 84,3ms, sample: 100"
"without-umce","1","2026-09-29T16:12:59.5419478+00:00",,"False","False","0","2000","500","0","0","0","False","0","50,9","49,4","71,1","84,3","100","126,41780092088794","146,3879827197075","1982185472","[18:12:59] [Server thread/INFO]: The game is running, but can't keep up with the target tick rate [18:12:59] [Server thread/INFO]: Target tick rate: 20,0 per second. Average time per tick: 50,9ms (Target: 50,0ms) [18:12:59] [Server thread/INFO]: Percentiles: P50: 49,4ms P95: 71,1ms P99: 84,3ms, sample: 100"
"without-umce","1","2026-09-29T16:12:59.6655217+00:00",,"False","False","0","2000","500","0","0","0","False","0","50,1","48,2","70,2","84,3","100","98,01138813921068","146,3879827197075","1982185472","[18:12:59] [Server thread/INFO]: The game is running, but can't keep up with the target tick rate [18:12:59] [Server thread/INFO]: Target tick rate: 20,0 per second. Average time per tick: 50,1ms (Target: 50,0ms) [18:12:59] [Server thread/INFO]: Percentiles: P50: 48,2ms P95: 70,2ms P99: 84,3ms, sample: 100"
"without-umce","1","2026-09-29T16:12:59.7931772+00:00",,"False","False","0","2000","500","0","0","0","False","0","49,7","48","70,2","84,3","100","102,47060733099318","146,3879827197075","1982185472","[18:12:59] [Server thread/INFO]: The game is running normally [18:12:59] [Server thread/INFO]: Target tick rate: 20,0 per second. Average time per tick: 49,7ms (Target: 50,0ms) [18:12:59] [Server thread/INFO]: Percentiles: P50: 48,0ms P95: 70,2ms P99: 84,3ms, sample: 100"
"without-umce","1","2026-09-29T16:12:59.9150644+00:00",,"False","False","0","2000","500","0","0","0","False","0","49,6","48","70,2","84,3","100","134,83723429710085","146,3879827197075","1982185472","[18:12:59] [Server thread/INFO]: The game is running normally [18:12:59] [Server thread/INFO]: Target tick rate: 20,0 per second. Average time per tick: 49,6ms (Target: 50,0ms) [18:12:59] [Server thread/INFO]: Percentiles: P50: 48,0ms P95: 70,2ms P99: 84,3ms, sample: 100"
"without-umce","1","2026-09-29T16:13:00.0425322+00:00",,"False","False","0","2000","500","0","0","0","False","0","49,6","48","70,2","84,3","100","168,4359524622952","146,3879827197075","1982185472","[18:13:00] [Server thread/INFO]: The game is running normally [18:13:00] [Server thread/INFO]: Target tick rate: 20,0 per second. Average time per tick: 49,6ms (Target: 50,0ms) [18:13:00] [Server thread/INFO]: Percentiles: P50: 48,0ms P95: 70,2ms P99: 84,3ms, sample: 100"
"without-umce","1","2026-09-29T16:13:00.1631265+00:00",,"False","False","0","2000","500","0","0","0","False","0","49,6","48","69,2","84,3","100","134,73912349864685","146,3879827197075","1982185472","[18:13:00] [Server thread/INFO]: The game is running normally [18:13:00] [Server thread/INFO]: Target tick rate: 20,0 per second. Average time per tick: 49,6ms (Target: 50,0ms) [18:13:00] [Server thread/INFO]: Percentiles: P50: 48,0ms P95: 69,2ms P99: 84,3ms, sample: 100"
"without-umce","1","2026-09-29T16:13:00.3022382+00:00",,"False","False","0","2000","500","0","0","0","False","0","49,1","47,6","69,2","84,3","100","102,75312616111032","146,3879827197075","1982185472","[18:13:00] [Server thread/INFO]: The game is running normally [18:13:00] [Server thread/INFO]: Target tick rate: 20,0 per second. Average time per tick: 49,1ms (Target: 50,0ms) [18:13:00] [Server thread/INFO]: Percentiles: P50: 47,6ms P95: 69,2ms P99: 84,3ms, sample: 100"
"without-umce","1","2026-09-29T16:13:00.4239056+00:00",,"False","False","0","2000","500","0","0","0","False","0","48,7","47,2","69,2","84,3","100","200,15660252581623","146,3879827197075","1982185472","[18:13:00] [Server thread/INFO]: The game is running normally [18:13:00] [Server thread/INFO]: Target tick rate: 20,0 per second. Average time per tick: 48,7ms (Target: 50,0ms) [18:13:00] [Server thread/INFO]: Percentiles: P50: 47,2ms P95: 69,2ms P99: 84,3ms, sample: 100"
"without-umce","1","2026-09-29T16:13:00.5487767+00:00",,"False","False","0","2000","500","0","0","0","False","0","48,6","47,2","69,2","84,3","100","140,97231734293734","146,3879827197075","1982185472","[18:13:00] [Server thread/INFO]: The game is running normally [18:13:00] [Server thread/INFO]: Target tick rate: 20,0 per second. Average time per tick: 48,6ms (Target: 50,0ms) [18:13:00] [Server thread/INFO]: Percentiles: P50: 47,2ms P95: 69,2ms P99: 84,3ms, sample: 100"
"without-umce","1","2026-09-29T16:13:00.6706858+00:00",,"False","False","0","2000","500","0","0","0","False","0","48,8","47,6","69,2","84,3","100","113,7050001091568","146,3879827197075","1982185472","[18:13:00] [Server thread/INFO]: The game is running normally [18:13:00] [Server thread/INFO]: Target tick rate: 20,0 per second. Average time per tick: 48,8ms (Target: 50,0ms) [18:13:00] [Server thread/INFO]: Percentiles: P50: 47,6ms P95: 69,2ms P99: 84,3ms, sample: 100"
"without-umce","1","2026-09-29T16:13:00.7943742+00:00",,"False","False","0","2000","500","0","0","0","False","0","49","47,8","69,2","84,3","100","112,39884104306124","146,3879827197075","1982185472","[18:13:00] [Server thread/INFO]: The game is running normally [18:13:00] [Server thread/INFO]: Target tick rate: 20,0 per second. Average time per tick: 49,0ms (Target: 50,0ms) [18:13:00] [Server thread/INFO]: Percentiles: P50: 47,8ms P95: 69,2ms P99: 84,3ms, sample: 100"
"without-umce","1","2026-09-29T16:13:00.9194835+00:00",,"False","False","0","2000","500","0","0","0","False","0","48,9","47,6","69,2","84,3","100","125,82166580638199","146,3879827197075","1982185472","[18:13:00] [Server thread/INFO]: The game is running normally [18:13:00] [Server thread/INFO]: Target tick rate: 20,0 per second. Average time per tick: 48,9ms (Target: 50,0ms) [18:13:00] [Server thread/INFO]: Percentiles: P50: 47,6ms P95: 69,2ms P99: 84,3ms, sample: 100"
"without-umce","1","2026-09-29T16:13:01.0436818+00:00",,"False","False","0","2000","500","0","0","0","False","0","49","47,6","69,2","84,3","100","152,503993571245","146,3879827197075","1982185472","[18:13:01] [Server thread/INFO]: The game is running normally [18:13:01] [Server thread/INFO]: Target tick rate: 20,0 per second. Average time per tick: 49,0ms (Target: 50,0ms) [18:13:01] [Server thread/INFO]: Percentiles: P50: 47,6ms P95: 69,2ms P99: 84,3ms, sample: 100"
"without-umce","1","2026-09-29T16:13:01.1666346+00:00",,"False","False","0","2000","500","0","0","0","False","0","49,3","47,8","69,2","84,3","100","102,31677929697732","146,3879827197075","1982185472","[18:13:01] [Server thread/INFO]: The game is running normally [18:13:01] [Server thread/INFO]: Target tick rate: 20,0 per second. Average time per tick: 49,3ms (Target: 50,0ms) [18:13:01] [Server thread/INFO]: Percentiles: P50: 47,8ms P95: 69,2ms P99: 84,3ms, sample: 100"
"without-umce","1","2026-09-29T16:13:01.2888439+00:00",,"False","False","0","2000","500","0","0","0","False","0","49,5","47,8","69,2","84,3","100","124,97610456880646","146,3879827197075","1982185472","[18:13:01] [Server thread/INFO]: The game is running normally [18:13:01] [Server thread/INFO]: Target tick rate: 20,0 per second. Average time per tick: 49,5ms (Target: 50,0ms) [18:13:01] [Server thread/INFO]: Percentiles: P50: 47,8ms P95: 69,2ms P99: 84,3ms, sample: 100"
"without-umce","1","2026-09-29T16:13:01.4138226+00:00",,"False","False","0","2000","500","0","0","0","False","0","49,3","47,8","69,2","84,3","100","100,9494452356887","146,3879827197075","1982185472","[18:13:01] [Server thread/INFO]: The game is running normally [18:13:01] [Server thread/INFO]: Target tick rate: 20,0 per second. Average time per tick: 49,3ms (Target: 50,0ms) [18:13:01] [Server thread/INFO]: Percentiles: P50: 47,8ms P95: 69,2ms P99: 84,3ms, sample: 100"
"without-umce","1","2026-09-29T16:13:01.5530888+00:00",,"False","False","0","2000","500","0","0","0","False","0","48,8","47,6","67,6","84,3","100","138,0289268476803","146,3879827197075","1982185472","[18:13:01] [Server thread/INFO]: The game is running normally [18:13:01] [Server thread/INFO]: Target tick rate: 20,0 per second. Average time per tick: 48,8ms (Target: 50,0ms) [18:13:01] [Server thread/INFO]: Percentiles: P50: 47,6ms P95: 67,6ms P99: 84,3ms, sample: 100"
"without-umce","1","2026-09-29T16:13:01.6776276+00:00",,"False","False","0","2000","500","0","0","0","False","0","48,5","47,2","65,6","83,4","100","143,46009143307538","146,3879827197075","1982185472","[18:13:01] [Server thread/INFO]: The game is running normally [18:13:01] [Server thread/INFO]: Target tick rate: 20,0 per second. Average time per tick: 48,5ms (Target: 50,0ms) [18:13:01] [Server thread/INFO]: Percentiles: P50: 47,2ms P95: 65,6ms P99: 83,4ms, sample: 100"
"without-umce","1","2026-09-29T16:13:01.8192230+00:00",,"False","False","0","2000","500","0","0","0","False","0","48,1","47,2","63,7","83,4","100","112,0358399963288","146,3879827197075","1982185472","[18:13:01] [Server thread/INFO]: The game is running normally [18:13:01] [Server thread/INFO]: Target tick rate: 20,0 per second. Average time per tick: 48,1ms (Target: 50,0ms) [18:13:01] [Server thread/INFO]: Percentiles: P50: 47,2ms P95: 63,7ms P99: 83,4ms, sample: 100"
"without-umce","1","2026-09-29T16:13:01.9586853+00:00",,"False","False","0","2000","500","0","0","0","False","0","47,7","47,2","60,8","83,4","100","113,34802458070298","146,3879827197075","1982185472","[18:13:01] [Server thread/INFO]: The game is running normally [18:13:01] [Server thread/INFO]: Target tick rate: 20,0 per second. Average time per tick: 47,7ms (Target: 50,0ms) [18:13:01] [Server thread/INFO]: Percentiles: P50: 47,2ms P95: 60,8ms P99: 83,4ms, sample: 100"
"without-umce","1","2026-09-29T16:13:02.0827477+00:00",,"False","False","0","2000","500","0","0","0","False","0","47,5","47,2","60,4","83,4","100","101,71284429797795","146,3879827197075","1982185472","[18:13:02] [Server thread/INFO]: The game is running normally [18:13:02] [Server thread/INFO]: Target tick rate: 20,0 per second. Average time per tick: 47,5ms (Target: 50,0ms) [18:13:02] [Server thread/INFO]: Percentiles: P50: 47,2ms P95: 60,4ms P99: 83,4ms, sample: 100"
"without-umce","1","2026-09-29T16:13:02.2057460+00:00",,"False","False","0","2000","500","0","0","0","False","0","47,6","47,4","60,4","83,4","100","99,08870103432749","146,3879827197075","1982185472","[18:13:02] [Server thread/INFO]: The game is running normally [18:13:02] [Server thread/INFO]: Target tick rate: 20,0 per second. Average time per tick: 47,6ms (Target: 50,0ms) [18:13:02] [Server thread/INFO]: Percentiles: P50: 47,4ms P95: 60,4ms P99: 83,4ms, sample: 100"
"without-umce","1","2026-09-29T16:13:02.3317964+00:00",,"False","False","0","2000","500","0","0","0","False","0","47,7","47,6","60,4","83,4","100","138,26410273736778","146,3879827197075","1982185472","[18:13:02] [Server thread/INFO]: The game is running normally [18:13:02] [Server thread/INFO]: Target tick rate: 20,0 per second. Average time per tick: 47,7ms (Target: 50,0ms) [18:13:02] [Server thread/INFO]: Percentiles: P50: 47,6ms P95: 60,4ms P99: 83,4ms, sample: 100"
"without-umce","1","2026-09-29T16:13:02.4561413+00:00",,"False","False","0","2000","500","0","0","0","False","0","48","47,8","60,4","83,4","100","100,20281048842858","146,3879827197075","1982185472","[18:13:02] [Server thread/INFO]: The game is running normally [18:13:02] [Server thread/INFO]: Target tick rate: 20,0 per second. Average time per tick: 48,0ms (Target: 50,0ms) [18:13:02] [Server thread/INFO]: Percentiles: P50: 47,8ms P95: 60,4ms P99: 83,4ms, sample: 100"
"without-umce","1","2026-09-29T16:13:02.5808898+00:00",,"False","False","0","2000","500","0","0","0","False","0","48,1","47,8","60,4","83,4","100","89,34340459839783","146,3879827197075","1982185472","[18:13:02] [Server thread/INFO]: The game is running normally [18:13:02] [Server thread/INFO]: Target tick rate: 20,0 per second. Average time per tick: 48,1ms (Target: 50,0ms) [18:13:02] [Server thread/INFO]: Percentiles: P50: 47,8ms P95: 60,4ms P99: 83,4ms, sample: 100"
"without-umce","1","2026-09-29T16:13:02.7032453+00:00",,"False","False","0","2000","500","0","0","0","False","0","47,9","47,8","60,4","83,4","100","99,715690622896","146,3879827197075","1982185472","[18:13:02] [Server thread/INFO]: The game is running normally [18:13:02] [Server thread/INFO]: Target tick rate: 20,0 per second. Average time per tick: 47,9ms (Target: 50,0ms) [18:13:02] [Server thread/INFO]: Percentiles: P50: 47,8ms P95: 60,4ms P99: 83,4ms, sample: 100"
"without-umce","1","2026-09-29T16:13:02.8287540+00:00",,"False","False","0","2000","500","0","0","0","False","0","47,6","47,7","59,8","83,4","100","113,33377390788553","146,3879827197075","1982185472","[18:13:02] [Server thread/INFO]: The game is running normally [18:13:02] [Server thread/INFO]: Target tick rate: 20,0 per second. Average time per tick: 47,6ms (Target: 50,0ms) [18:13:02] [Server thread/INFO]: Percentiles: P50: 47,7ms P95: 59,8ms P99: 83,4ms, sample: 100"
"without-umce","1","2026-09-29T16:13:02.9527236+00:00",,"False","False","0","2000","500","0","0","0","False","0","47,2","47,6","59,1","83,4","100","114,38311205030661","146,3879827197075","1982185472","[18:13:02] [Server thread/INFO]: The game is running normally [18:13:02] [Server thread/INFO]: Target tick rate: 20,0 per second. Average time per tick: 47,2ms (Target: 50,0ms) [18:13:02] [Server thread/INFO]: Percentiles: P50: 47,6ms P95: 59,1ms P99: 83,4ms, sample: 100"
"without-umce","1","2026-09-29T16:13:03.0756364+00:00",,"False","False","0","2000","500","0","0","0","False","0","46,7","47,4","57,9","65,6","100","126,08106952251383","146,3879827197075","1982185472","[18:13:03] [Server thread/INFO]: The game is running normally [18:13:03] [Server thread/INFO]: Target tick rate: 20,0 per second. Average time per tick: 46,7ms (Target: 50,0ms) [18:13:03] [Server thread/INFO]: Percentiles: P50: 47,4ms P95: 57,9ms P99: 65,6ms, sample: 100"
"without-umce","1","2026-09-29T16:13:03.1995600+00:00",,"False","False","0","2000","500","0","0","0","False","0","46,9","47,6","57,9","65,6","100","112,49109070561612","146,3879827197075","1982185472","[18:13:03] [Server thread/INFO]: The game is running normally [18:13:03] [Server thread/INFO]: Target tick rate: 20,0 per second. Average time per tick: 46,9ms (Target: 50,0ms) [18:13:03] [Server thread/INFO]: Percentiles: P50: 47,6ms P95: 57,9ms P99: 65,6ms, sample: 100"
"without-umce","1","2026-09-29T16:13:03.3245989+00:00",,"False","False","0","2000","500","0","0","0","False","0","46,9","47,6","57,9","65,6","100","124,54109098792769","146,3879827197075","1982185472","[18:13:03] [Server thread/INFO]: The game is running normally [18:13:03] [Server thread/INFO]: Target tick rate: 20,0 per second. Average time per tick: 46,9ms (Target: 50,0ms) [18:13:03] [Server thread/INFO]: Percentiles: P50: 47,6ms P95: 57,9ms P99: 65,6ms, sample: 100"
"without-umce","1","2026-09-29T16:13:03.4500688+00:00",,"False","False","0","2000","500","0","0","0","False","0","47","47,6","57,9","65,6","100","112,16851959090496","146,3879827197075","1982185472","[18:13:03] [Server thread/INFO]: The game is running normally [18:13:03] [Server thread/INFO]: Target tick rate: 20,0 per second. Average time per tick: 47,0ms (Target: 50,0ms) [18:13:03] [Server thread/INFO]: Percentiles: P50: 47,6ms P95: 57,9ms P99: 65,6ms, sample: 100"
"without-umce","1","2026-09-29T16:13:03.5754101+00:00",,"False","False","0","2000","500","0","0","0","False","0","46,8","47,2","57,8","65,6","100","162,9118411343877","146,3879827197075","1982185472","[18:13:03] [Server thread/INFO]: The game is running normally [18:13:03] [Server thread/INFO]: Target tick rate: 20,0 per second. Average time per tick: 46,8ms (Target: 50,0ms) [18:13:03] [Server thread/INFO]: Percentiles: P50: 47,2ms P95: 57,8ms P99: 65,6ms, sample: 100"
"without-umce","1","2026-09-29T16:13:03.7001919+00:00",,"False","False","0","2000","500","0","0","0","False","0","46,7","46,9","57,8","65,6","100","201,07971765190365","146,3879827197075","1982185472","[18:13:03] [Server thread/INFO]: The game is running normally [18:13:03] [Server thread/INFO]: Target tick rate: 20,0 per second. Average time per tick: 46,7ms (Target: 50,0ms) [18:13:03] [Server thread/INFO]: Percentiles: P50: 46,9ms P95: 57,8ms P99: 65,6ms, sample: 100"
"without-umce","1","2026-09-29T16:13:03.8243989+00:00",,"False","False","0","2000","500","0","0","0","False","0","46,9","47,4","57,9","65,6","100","178,03789623096827","146,3879827197075","1982185472","[18:13:03] [Server thread/INFO]: The game is running normally [18:13:03] [Server thread/INFO]: Target tick rate: 20,0 per second. Average time per tick: 46,9ms (Target: 50,0ms) [18:13:03] [Server thread/INFO]: Percentiles: P50: 47,4ms P95: 57,9ms P99: 65,6ms, sample: 100"
"without-umce","1","2026-09-29T16:13:03.9472790+00:00",,"False","False","0","2000","500","0","0","0","False","0","46,8","47,4","57,9","65,6","100","141,104949243267","146,3879827197075","1982185472","[18:13:03] [Server thread/INFO]: The game is running normally [18:13:03] [Server thread/INFO]: Target tick rate: 20,0 per second. Average time per tick: 46,8ms (Target: 50,0ms) [18:13:03] [Server thread/INFO]: Percentiles: P50: 47,4ms P95: 57,9ms P99: 65,6ms, sample: 100"
"without-umce","1","2026-09-29T16:13:04.0690856+00:00",,"False","False","0","2000","500","0","0","0","False","0","46,9","47,4","57,9","65,6","100","122,2427372700414","146,3879827197075","1982185472","[18:13:04] [Server thread/INFO]: The game is running normally [18:13:04] [Server thread/INFO]: Target tick rate: 20,0 per second. Average time per tick: 46,9ms (Target: 50,0ms) [18:13:04] [Server thread/INFO]: Percentiles: P50: 47,4ms P95: 57,9ms P99: 65,6ms, sample: 100"
"without-umce","1","2026-09-29T16:13:04.2097021+00:00",,"False","False","0","2000","500","0","0","0","False","0","47","47,4","57,9","65,6","100","199,39384271813688","146,3879827197075","1982185472","[18:13:04] [Server thread/INFO]: The game is running normally [18:13:04] [Server thread/INFO]: Target tick rate: 20,0 per second. Average time per tick: 47,0ms (Target: 50,0ms) [18:13:04] [Server thread/INFO]: Percentiles: P50: 47,4ms P95: 57,9ms P99: 65,6ms, sample: 100"
"without-umce","1","2026-09-29T16:13:04.3350727+00:00",,"False","False","0","2000","500","0","0","0","False","0","47,1","47,5","57,9","65,6","100","112,82176768142742","146,3879827197075","1982185472","[18:13:04] [Server thread/INFO]: The game is running normally [18:13:04] [Server thread/INFO]: Target tick rate: 20,0 per second. Average time per tick: 47,1ms (Target: 50,0ms) [18:13:04] [Server thread/INFO]: Percentiles: P50: 47,5ms P95: 57,9ms P99: 65,6ms, sample: 100"
"without-umce","1","2026-09-29T16:13:04.4597039+00:00",,"False","False","0","2000","500","0","0","0","False","0","47,1","47,5","57,9","65,6","100","112,206485786221","146,3879827197075","1982185472","[18:13:04] [Server thread/INFO]: The game is running normally [18:13:04] [Server thread/INFO]: Target tick rate: 20,0 per second. Average time per tick: 47,1ms (Target: 50,0ms) [18:13:04] [Server thread/INFO]: Percentiles: P50: 47,5ms P95: 57,9ms P99: 65,6ms, sample: 100"
"without-umce","1","2026-09-29T16:13:04.5990455+00:00",,"False","False","0","2000","500","0","0","0","False","0","46,8","46,9","57,9","65,6","100","149,43072869595986","146,3879827197075","1982185472","[18:13:04] [Server thread/INFO]: The game is running normally [18:13:04] [Server thread/INFO]: Target tick rate: 20,0 per second. Average time per tick: 46,8ms (Target: 50,0ms) [18:13:04] [Server thread/INFO]: Percentiles: P50: 46,9ms P95: 57,9ms P99: 65,6ms, sample: 100"
"without-umce","1","2026-09-29T16:13:04.7244402+00:00",,"False","False","0","2000","500","0","0","0","False","0","46","46,1","55,7","60,4","100","112,62933451741304","146,3879827197075","1982185472","[18:13:04] [Server thread/INFO]: The game is running normally [18:13:04] [Server thread/INFO]: Target tick rate: 20,0 per second. Average time per tick: 46,0ms (Target: 50,0ms) [18:13:04] [Server thread/INFO]: Percentiles: P50: 46,1ms P95: 55,7ms P99: 60,4ms, sample: 100"
"without-umce","1","2026-09-29T16:13:04.8631445+00:00",,"False","False","0","2000","500","0","0","0","False","0","45,8","45,8","54,5","60,4","100","148,9832193247524","146,3879827197075","1982185472","[18:13:04] [Server thread/INFO]: The game is running normally [18:13:04] [Server thread/INFO]: Target tick rate: 20,0 per second. Average time per tick: 45,8ms (Target: 50,0ms) [18:13:04] [Server thread/INFO]: Percentiles: P50: 45,8ms P95: 54,5ms P99: 60,4ms, sample: 100"
"without-umce","1","2026-09-29T16:13:04.9890373+00:00",,"False","False","0","2000","500","0","0","0","False","0","45,8","45,8","54,5","60,4","100","99,73305229593466","146,3879827197075","1982185472","[18:13:04] [Server thread/INFO]: The game is running normally [18:13:04] [Server thread/INFO]: Target tick rate: 20,0 per second. Average time per tick: 45,8ms (Target: 50,0ms) [18:13:04] [Server thread/INFO]: Percentiles: P50: 45,8ms P95: 54,5ms P99: 60,4ms, sample: 100"
"without-umce","1","2026-09-29T16:13:05.1300278+00:00",,"False","False","0","2000","500","0","0","0","False","0","46,3","46,3","56,2","60,4","100","125,30906227118565","146,3879827197075","1982185472","[18:13:05] [Server thread/INFO]: The game is running normally [18:13:05] [Server thread/INFO]: Target tick rate: 20,0 per second. Average time per tick: 46,3ms (Target: 50,0ms) [18:13:05] [Server thread/INFO]: Percentiles: P50: 46,3ms P95: 56,2ms P99: 60,4ms, sample: 100"
"without-umce","1","2026-09-29T16:13:05.2547097+00:00",,"False","False","0","2000","500","0","0","0","False","0","46,3","46,3","56,2","60,4","100","101,45626261101344","146,3879827197075","1982185472","[18:13:05] [Server thread/INFO]: The game is running normally [18:13:05] [Server thread/INFO]: Target tick rate: 20,0 per second. Average time per tick: 46,3ms (Target: 50,0ms) [18:13:05] [Server thread/INFO]: Percentiles: P50: 46,3ms P95: 56,2ms P99: 60,4ms, sample: 100"
"without-umce","1","2026-09-29T16:13:05.3779158+00:00",,"False","False","0","2000","500","0","0","0","False","0","46,2","46,1","56,2","60,4","100","113,03215538756466","146,3879827197075","1982185472","[18:13:05] [Server thread/INFO]: The game is running normally [18:13:05] [Server thread/INFO]: Target tick rate: 20,0 per second. Average time per tick: 46,2ms (Target: 50,0ms) [18:13:05] [Server thread/INFO]: Percentiles: P50: 46,1ms P95: 56,2ms P99: 60,4ms, sample: 100"
"without-umce","1","2026-09-29T16:13:05.5023199+00:00",,"False","False","0","2000","500","0","0","0","False","0","46,1","46,1","56,2","60,4","100","108,21661329904262","146,3879827197075","1982185472","[18:13:05] [Server thread/INFO]: The game is running normally [18:13:05] [Server thread/INFO]: Target tick rate: 20,0 per second. Average time per tick: 46,1ms (Target: 50,0ms) [18:13:05] [Server thread/INFO]: Percentiles: P50: 46,1ms P95: 56,2ms P99: 60,4ms, sample: 100"
"without-umce","1","2026-09-29T16:13:05.6322628+00:00",,"False","False","0","2000","500","0","0","0","False","0","46","46,1","56,2","60,4","100","114,61454669488322","146,3879827197075","1982185472","[18:13:05] [Server thread/INFO]: The game is running normally [18:13:05] [Server thread/INFO]: Target tick rate: 20,0 per second. Average time per tick: 46,0ms (Target: 50,0ms) [18:13:05] [Server thread/INFO]: Percentiles: P50: 46,1ms P95: 56,2ms P99: 60,4ms, sample: 100"
"without-umce","1","2026-09-29T16:13:05.7685897+00:00",,"False","False","0","2000","500","0","0","0","False","0","45,6","45,5","56,2","60,4","100","99,94810694287526","146,3879827197075","1982185472","[18:13:05] [Server thread/INFO]: The game is running normally [18:13:05] [Server thread/INFO]: Target tick rate: 20,0 per second. Average time per tick: 45,6ms (Target: 50,0ms) [18:13:05] [Server thread/INFO]: Percentiles: P50: 45,5ms P95: 56,2ms P99: 60,4ms, sample: 100"
"without-umce","1","2026-09-29T16:13:05.8936723+00:00",,"False","False","0","2000","500","0","0","0","False","0","45,3","45,3","54,5","58,9","100","238,05151775633786","146,3879827197075","1982185472","[18:13:05] [Server thread/INFO]: The game is running normally [18:13:05] [Server thread/INFO]: Target tick rate: 20,0 per second. Average time per tick: 45,3ms (Target: 50,0ms) [18:13:05] [Server thread/INFO]: Percentiles: P50: 45,3ms P95: 54,5ms P99: 58,9ms, sample: 100"
"without-umce","1","2026-09-29T16:13:06.0184327+00:00",,"False","False","0","2000","500","0","0","0","False","0","45,3","45,3","54,5","58,9","100","404,21907703849695","146,3879827197075","1982185472","[18:13:06] [Server thread/INFO]: The game is running normally [18:13:06] [Server thread/INFO]: Target tick rate: 20,0 per second. Average time per tick: 45,3ms (Target: 50,0ms) [18:13:06] [Server thread/INFO]: Percentiles: P50: 45,3ms P95: 54,5ms P99: 58,9ms, sample: 100"
"without-umce","1","2026-09-29T16:13:06.1420975+00:00",,"False","False","0","2000","500","0","0","0","False","0","45,6","45,5","57,8","63,8","100","100,22418144906527","146,3879827197075","1982185472","[18:13:06] [Server thread/INFO]: The game is running normally [18:13:06] [Server thread/INFO]: Target tick rate: 20,0 per second. Average time per tick: 45,6ms (Target: 50,0ms) [18:13:06] [Server thread/INFO]: Percentiles: P50: 45,5ms P95: 57,8ms P99: 63,8ms, sample: 100"
"umce-passive","1","2026-09-29T16:13:29.0937711+00:00","b96cdb8d195dd284058ec5749bd638c7d910075ca1506668a590f9a53216c417","False","False","0","2000","500","0","0","0","False","0","44","49,2","85","100","100","188,3281920573916","162,98719223252908","1448288256","[18:13:29] [Server thread/INFO]: The game is running normally [18:13:29] [Server thread/INFO]: Target tick rate: 20,0 per second. Average time per tick: 44,0ms (Target: 50,0ms) [18:13:29] [Server thread/INFO]: Percentiles: P50: 49,2ms P95: 85,0ms P99: 100,0ms, sample: 100"
"umce-passive","1","2026-09-29T16:13:29.2249485+00:00","b96cdb8d195dd284058ec5749bd638c7d910075ca1506668a590f9a53216c417","False","False","0","2000","500","0","0","0","False","0","44","49,5","85","100","100","144,73654208457674","162,98719223252908","1448288256","[18:13:29] [Server thread/INFO]: The game is running normally [18:13:29] [Server thread/INFO]: Target tick rate: 20,0 per second. Average time per tick: 44,0ms (Target: 50,0ms) [18:13:29] [Server thread/INFO]: Percentiles: P50: 49,5ms P95: 85,0ms P99: 100,0ms, sample: 100"
"umce-passive","1","2026-09-29T16:13:29.3586571+00:00","b96cdb8d195dd284058ec5749bd638c7d910075ca1506668a590f9a53216c417","False","False","0","2000","500","0","0","0","False","0","45,4","49,5","85","100","100","111,82849226961939","162,98719223252908","1448288256","[18:13:29] [Server thread/INFO]: The game is running normally [18:13:29] [Server thread/INFO]: Target tick rate: 20,0 per second. Average time per tick: 45,4ms (Target: 50,0ms) [18:13:29] [Server thread/INFO]: Percentiles: P50: 49,5ms P95: 85,0ms P99: 100,0ms, sample: 100"
"umce-passive","1","2026-09-29T16:13:29.4844036+00:00","b96cdb8d195dd284058ec5749bd638c7d910075ca1506668a590f9a53216c417","False","False","0","2000","500","0","0","0","False","0","46,6","49,5","85","100","100","264,71086514569686","162,98719223252908","1448288256","[18:13:29] [Server thread/INFO]: The game is running normally [18:13:29] [Server thread/INFO]: Target tick rate: 20,0 per second. Average time per tick: 46,6ms (Target: 50,0ms) [18:13:29] [Server thread/INFO]: Percentiles: P50: 49,5ms P95: 85,0ms P99: 100,0ms, sample: 100"
"umce-passive","1","2026-09-29T16:13:29.6083675+00:00","b96cdb8d195dd284058ec5749bd638c7d910075ca1506668a590f9a53216c417","False","False","0","2000","500","0","0","0","False","0","47,8","49,5","85","100","100","176,04344470545817","162,98719223252908","1448288256","[18:13:29] [Server thread/INFO]: The game is running normally [18:13:29] [Server thread/INFO]: Target tick rate: 20,0 per second. Average time per tick: 47,8ms (Target: 50,0ms) [18:13:29] [Server thread/INFO]: Percentiles: P50: 49,5ms P95: 85,0ms P99: 100,0ms, sample: 100"
"umce-passive","1","2026-09-29T16:13:29.7326337+00:00","b96cdb8d195dd284058ec5749bd638c7d910075ca1506668a590f9a53216c417","False","False","0","2000","500","0","0","0","False","0","49","49,8","85","100","100","212,51496105325813","162,98719223252908","1448288256","[18:13:29] [Server thread/INFO]: The game is running normally [18:13:29] [Server thread/INFO]: Target tick rate: 20,0 per second. Average time per tick: 49,0ms (Target: 50,0ms) [18:13:29] [Server thread/INFO]: Percentiles: P50: 49,8ms P95: 85,0ms P99: 100,0ms, sample: 100"
"umce-passive","1","2026-09-29T16:13:29.8576485+00:00","b96cdb8d195dd284058ec5749bd638c7d910075ca1506668a590f9a53216c417","False","False","0","2000","500","0","0","0","False","0","49,9","50,3","85","100","100","263,70947714598236","162,98719223252908","1448288256","[18:13:29] [Server thread/INFO]: The game is running normally [18:13:29] [Server thread/INFO]: Target tick rate: 20,0 per second. Average time per tick: 49,9ms (Target: 50,0ms) [18:13:29] [Server thread/INFO]: Percentiles: P50: 50,3ms P95: 85,0ms P99: 100,0ms, sample: 100"
"umce-passive","1","2026-09-29T16:13:29.9820433+00:00","b96cdb8d195dd284058ec5749bd638c7d910075ca1506668a590f9a53216c417","False","False","0","2000","500","0","0","0","False","0","49,8","50,3","79,6","90,9","100","138,06884363577942","162,98719223252908","1448288256","[18:13:30] [Server thread/INFO]: The game is running normally [18:13:30] [Server thread/INFO]: Target tick rate: 20,0 per second. Average time per tick: 49,8ms (Target: 50,0ms) [18:13:30] [Server thread/INFO]: Percentiles: P50: 50,3ms P95: 79,6ms P99: 90,9ms, sample: 100"
"umce-passive","1","2026-09-29T16:13:30.1065065+00:00","b96cdb8d195dd284058ec5749bd638c7d910075ca1506668a590f9a53216c417","False","False","0","2000","500","0","0","0","False","0","49,2","50,3","78,1","86,8","100","277,4414850686037","162,98719223252908","1448288256","[18:13:30] [Server thread/INFO]: The game is running normally [18:13:30] [Server thread/INFO]: Target tick rate: 20,0 per second. Average time per tick: 49,2ms (Target: 50,0ms) [18:13:30] [Server thread/INFO]: Percentiles: P50: 50,3ms P95: 78,1ms P99: 86,8ms, sample: 100"
"umce-passive","1","2026-09-29T16:13:30.2304272+00:00","b96cdb8d195dd284058ec5749bd638c7d910075ca1506668a590f9a53216c417","False","False","0","2000","500","0","0","0","False","0","49","50,3","77,7","86,8","100","201,54788777813607","162,98719223252908","1448288256","[18:13:30] [Server thread/INFO]: The game is running normally [18:13:30] [Server thread/INFO]: Target tick rate: 20,0 per second. Average time per tick: 49,0ms (Target: 50,0ms) [18:13:30] [Server thread/INFO]: Percentiles: P50: 50,3ms P95: 77,7ms P99: 86,8ms, sample: 100"
"umce-passive","1","2026-09-29T16:13:30.3544758+00:00","b96cdb8d195dd284058ec5749bd638c7d910075ca1506668a590f9a53216c417","False","False","0","2000","500","0","0","0","False","0","48,7","49,8","77,7","86,8","100","201,38796586071206","162,98719223252908","1448288256","[18:13:30] [Server thread/INFO]: The game is running normally [18:13:30] [Server thread/INFO]: Target tick rate: 20,0 per second. Average time per tick: 48,7ms (Target: 50,0ms) [18:13:30] [Server thread/INFO]: Percentiles: P50: 49,8ms P95: 77,7ms P99: 86,8ms, sample: 100"
"umce-passive","1","2026-09-29T16:13:30.4786075+00:00","b96cdb8d195dd284058ec5749bd638c7d910075ca1506668a590f9a53216c417","False","False","0","2000","500","0","0","0","False","0","48,4","49,5","74,9","86,8","100","172,4212675229271","162,98719223252908","1448288256","[18:13:30] [Server thread/INFO]: The game is running normally [18:13:30] [Server thread/INFO]: Target tick rate: 20,0 per second. Average time per tick: 48,4ms (Target: 50,0ms) [18:13:30] [Server thread/INFO]: Percentiles: P50: 49,5ms P95: 74,9ms P99: 86,8ms, sample: 100"
"umce-passive","1","2026-09-29T16:13:30.6055223+00:00","b96cdb8d195dd284058ec5749bd638c7d910075ca1506668a590f9a53216c417","False","False","0","2000","500","0","0","0","False","0","48,3","48,5","74,9","86,8","100","188,82418625335754","162,98719223252908","1448288256","[18:13:30] [Server thread/INFO]: The game is running normally [18:13:30] [Server thread/INFO]: Target tick rate: 20,0 per second. Average time per tick: 48,3ms (Target: 50,0ms) [18:13:30] [Server thread/INFO]: Percentiles: P50: 48,5ms P95: 74,9ms P99: 86,8ms, sample: 100"
"umce-passive","1","2026-09-29T16:13:30.7296305+00:00","b96cdb8d195dd284058ec5749bd638c7d910075ca1506668a590f9a53216c417","False","False","0","2000","500","0","0","0","False","0","48,2","48,4","74,9","86,8","100","215,38145931530389","162,98719223252908","1448288256","[18:13:30] [Server thread/INFO]: The game is running normally [18:13:30] [Server thread/INFO]: Target tick rate: 20,0 per second. Average time per tick: 48,2ms (Target: 50,0ms) [18:13:30] [Server thread/INFO]: Percentiles: P50: 48,4ms P95: 74,9ms P99: 86,8ms, sample: 100"
"umce-passive","1","2026-09-29T16:13:30.8529295+00:00","b96cdb8d195dd284058ec5749bd638c7d910075ca1506668a590f9a53216c417","False","False","0","2000","500","0","0","0","False","0","48,8","49,2","74,9","86,8","100","113,99663907508904","162,98719223252908","1448288256","[18:13:30] [Server thread/INFO]: The game is running normally [18:13:30] [Server thread/INFO]: Target tick rate: 20,0 per second. Average time per tick: 48,8ms (Target: 50,0ms) [18:13:30] [Server thread/INFO]: Percentiles: P50: 49,2ms P95: 74,9ms P99: 86,8ms, sample: 100"
"umce-passive","1","2026-09-29T16:13:30.9762921+00:00","b96cdb8d195dd284058ec5749bd638c7d910075ca1506668a590f9a53216c417","False","False","0","2000","500","0","0","0","False","0","49,2","49,2","74,9","86,8","100","172,504753245258","162,98719223252908","1448288256","[18:13:31] [Server thread/INFO]: The game is running normally [18:13:31] [Server thread/INFO]: Target tick rate: 20,0 per second. Average time per tick: 49,2ms (Target: 50,0ms) [18:13:31] [Server thread/INFO]: Percentiles: P50: 49,2ms P95: 74,9ms P99: 86,8ms, sample: 100"
"umce-passive","1","2026-09-29T16:13:31.1031373+00:00","b96cdb8d195dd284058ec5749bd638c7d910075ca1506668a590f9a53216c417","False","False","0","2000","500","0","0","0","False","0","49,9","49,5","74,9","86,8","100","193,330999411182","162,98719223252908","1448288256","[18:13:31] [Server thread/INFO]: The game is running normally [18:13:31] [Server thread/INFO]: Target tick rate: 20,0 per second. Average time per tick: 49,9ms (Target: 50,0ms) [18:13:31] [Server thread/INFO]: Percentiles: P50: 49,5ms P95: 74,9ms P99: 86,8ms, sample: 100"
"umce-passive","1","2026-09-29T16:13:31.2405540+00:00","b96cdb8d195dd284058ec5749bd638c7d910075ca1506668a590f9a53216c417","False","False","0","2000","500","0","0","0","False","0","50,4","49,5","74,9","86,8","100","122,81628184827163","162,98719223252908","1448288256","[18:13:31] [Server thread/INFO]: The game is running, but can't keep up with the target tick rate [18:13:31] [Server thread/INFO]: Target tick rate: 20,0 per second. Average time per tick: 50,4ms (Target: 50,0ms) [18:13:31] [Server thread/INFO]: Percentiles: P50: 49,5ms P95: 74,9ms P99: 86,8ms, sample: 100"
"umce-passive","1","2026-09-29T16:13:31.3804367+00:00","b96cdb8d195dd284058ec5749bd638c7d910075ca1506668a590f9a53216c417","False","False","0","2000","500","0","0","0","False","0","51,3","50,4","74,9","86,8","100","137,74629036717653","162,98719223252908","1448288256","[18:13:31] [Server thread/INFO]: The game is running, but can't keep up with the target tick rate [18:13:31] [Server thread/INFO]: Target tick rate: 20,0 per second. Average time per tick: 51,3ms (Target: 50,0ms) [18:13:31] [Server thread/INFO]: Percentiles: P50: 50,4ms P95: 74,9ms P99: 86,8ms, sample: 100"
"umce-passive","1","2026-09-29T16:13:31.5052484+00:00","b96cdb8d195dd284058ec5749bd638c7d910075ca1506668a590f9a53216c417","False","False","0","2000","500","0","0","0","False","0","51,6","50,5","74,9","86,8","100","124,6880802983257","162,98719223252908","1448288256","[18:13:31] [Server thread/INFO]: The game is running, but can't keep up with the target tick rate [18:13:31] [Server thread/INFO]: Target tick rate: 20,0 per second. Average time per tick: 51,6ms (Target: 50,0ms) [18:13:31] [Server thread/INFO]: Percentiles: P50: 50,5ms P95: 74,9ms P99: 86,8ms, sample: 100"
"umce-passive","1","2026-09-29T16:13:31.6305278+00:00","b96cdb8d195dd284058ec5749bd638c7d910075ca1506668a590f9a53216c417","False","False","0","2000","500","0","0","0","False","0","52,4","50,8","74,9","86,8","100","101,01206003187133","162,98719223252908","1448288256","[18:13:31] [Server thread/INFO]: The game is running, but can't keep up with the target tick rate [18:13:31] [Server thread/INFO]: Target tick rate: 20,0 per second. Average time per tick: 52,4ms (Target: 50,0ms) [18:13:31] [Server thread/INFO]: Percentiles: P50: 50,8ms P95: 74,9ms P99: 86,8ms, sample: 100"
"umce-passive","1","2026-09-29T16:13:31.7542700+00:00","b96cdb8d195dd284058ec5749bd638c7d910075ca1506668a590f9a53216c417","False","False","0","2000","500","0","0","0","False","0","52,2","50,8","74,9","86,8","100","100,24282822709732","162,98719223252908","1448288256","[18:13:31] [Server thread/INFO]: The game is running, but can't keep up with the target tick rate [18:13:31] [Server thread/INFO]: Target tick rate: 20,0 per second. Average time per tick: 52,2ms (Target: 50,0ms) [18:13:31] [Server thread/INFO]: Percentiles: P50: 50,8ms P95: 74,9ms P99: 86,8ms, sample: 100"
"umce-passive","1","2026-09-29T16:13:31.8789631+00:00","b96cdb8d195dd284058ec5749bd638c7d910075ca1506668a590f9a53216c417","False","False","0","2000","500","0","0","0","False","0","51,9","50,4","74,9","86,8","100","112,23190043623792","162,98719223252908","1448288256","[18:13:31] [Server thread/INFO]: The game is running, but can't keep up with the target tick rate [18:13:31] [Server thread/INFO]: Target tick rate: 20,0 per second. Average time per tick: 51,9ms (Target: 50,0ms) [18:13:31] [Server thread/INFO]: Percentiles: P50: 50,4ms P95: 74,9ms P99: 86,8ms, sample: 100"
"umce-passive","1","2026-09-29T16:13:32.0042646+00:00","b96cdb8d195dd284058ec5749bd638c7d910075ca1506668a590f9a53216c417","False","False","0","2000","500","0","0","0","False","0","51,1","49,5","74,9","86,8","100","153,32331348443788","162,98719223252908","1448288256","[18:13:32] [Server thread/INFO]: The game is running, but can't keep up with the target tick rate [18:13:32] [Server thread/INFO]: Target tick rate: 20,0 per second. Average time per tick: 51,1ms (Target: 50,0ms) [18:13:32] [Server thread/INFO]: Percentiles: P50: 49,5ms P95: 74,9ms P99: 86,8ms, sample: 100"
"umce-passive","1","2026-09-29T16:13:32.1265499+00:00","b96cdb8d195dd284058ec5749bd638c7d910075ca1506668a590f9a53216c417","False","False","0","2000","500","0","0","0","False","0","50,8","49,5","74,9","86,8","100","149,0469342834181","162,98719223252908","1448288256","[18:13:32] [Server thread/INFO]: The game is running, but can't keep up with the target tick rate [18:13:32] [Server thread/INFO]: Target tick rate: 20,0 per second. Average time per tick: 50,8ms (Target: 50,0ms) [18:13:32] [Server thread/INFO]: Percentiles: P50: 49,5ms P95: 74,9ms P99: 86,8ms, sample: 100"
"umce-passive","1","2026-09-29T16:13:32.2524600+00:00","b96cdb8d195dd284058ec5749bd638c7d910075ca1506668a590f9a53216c417","False","False","0","2000","500","0","0","0","False","0","49,6","49,2","69,2","86,4","100","113,16869116234002","162,98719223252908","1448288256","[18:13:32] [Server thread/INFO]: The game is running normally [18:13:32] [Server thread/INFO]: Target tick rate: 20,0 per second. Average time per tick: 49,6ms (Target: 50,0ms) [18:13:32] [Server thread/INFO]: Percentiles: P50: 49,2ms P95: 69,2ms P99: 86,4ms, sample: 100"
"umce-passive","1","2026-09-29T16:13:32.3765936+00:00","b96cdb8d195dd284058ec5749bd638c7d910075ca1506668a590f9a53216c417","False","False","0","2000","500","0","0","0","False","0","48,5","48,3","64,6","78,1","100","101,75672815486561","162,98719223252908","1448288256","[18:13:32] [Server thread/INFO]: The game is running normally [18:13:32] [Server thread/INFO]: Target tick rate: 20,0 per second. Average time per tick: 48,5ms (Target: 50,0ms) [18:13:32] [Server thread/INFO]: Percentiles: P50: 48,3ms P95: 64,6ms P99: 78,1ms, sample: 100"
"umce-passive","1","2026-09-29T16:13:32.4994491+00:00","b96cdb8d195dd284058ec5749bd638c7d910075ca1506668a590f9a53216c417","False","False","0","2000","500","0","0","0","False","0","48","47","64,6","78,1","100","113,82086841376808","162,98719223252908","1448288256","[18:13:32] [Server thread/INFO]: The game is running normally [18:13:32] [Server thread/INFO]: Target tick rate: 20,0 per second. Average time per tick: 48,0ms (Target: 50,0ms) [18:13:32] [Server thread/INFO]: Percentiles: P50: 47,0ms P95: 64,6ms P99: 78,1ms, sample: 100"
"umce-passive","1","2026-09-29T16:13:32.6229881+00:00","b96cdb8d195dd284058ec5749bd638c7d910075ca1506668a590f9a53216c417","False","False","0","2000","500","0","0","0","False","0","47,4","46,7","60,2","78,1","100","124,88480625471065","162,98719223252908","1448288256","[18:13:32] [Server thread/INFO]: The game is running normally [18:13:32] [Server thread/INFO]: Target tick rate: 20,0 per second. Average time per tick: 47,4ms (Target: 50,0ms) [18:13:32] [Server thread/INFO]: Percentiles: P50: 46,7ms P95: 60,2ms P99: 78,1ms, sample: 100"
"umce-passive","1","2026-09-29T16:13:32.7481102+00:00","b96cdb8d195dd284058ec5749bd638c7d910075ca1506668a590f9a53216c417","False","False","0","2000","500","0","0","0","False","0","46,9","45,3","60,2","78,1","100","191,38464905261026","162,98719223252908","1448288256","[18:13:32] [Server thread/INFO]: The game is running normally [18:13:32] [Server thread/INFO]: Target tick rate: 20,0 per second. Average time per tick: 46,9ms (Target: 50,0ms) [18:13:32] [Server thread/INFO]: Percentiles: P50: 45,3ms P95: 60,2ms P99: 78,1ms, sample: 100"
"umce-passive","1","2026-09-29T16:13:32.8705575+00:00","b96cdb8d195dd284058ec5749bd638c7d910075ca1506668a590f9a53216c417","False","False","0","2000","500","0","0","0","False","0","46,8","45,2","60,2","78,1","100","164,13411929166784","162,98719223252908","1448288256","[18:13:32] [Server thread/INFO]: The game is running normally [18:13:32] [Server thread/INFO]: Target tick rate: 20,0 per second. Average time per tick: 46,8ms (Target: 50,0ms) [18:13:32] [Server thread/INFO]: Percentiles: P50: 45,2ms P95: 60,2ms P99: 78,1ms, sample: 100"
"umce-passive","1","2026-09-29T16:13:32.9943516+00:00","b96cdb8d195dd284058ec5749bd638c7d910075ca1506668a590f9a53216c417","False","False","0","2000","500","0","0","0","False","0","46,9","45,3","60,1","78,1","100","126,83350515045497","162,98719223252908","1448288256","[18:13:33] [Server thread/INFO]: The game is running normally [18:13:33] [Server thread/INFO]: Target tick rate: 20,0 per second. Average time per tick: 46,9ms (Target: 50,0ms) [18:13:33] [Server thread/INFO]: Percentiles: P50: 45,3ms P95: 60,1ms P99: 78,1ms, sample: 100"
"umce-passive","1","2026-09-29T16:13:33.1175270+00:00","b96cdb8d195dd284058ec5749bd638c7d910075ca1506668a590f9a53216c417","False","False","0","2000","500","0","0","0","False","0","46,9","45,6","60,1","78,1","100","124,32704258390186","162,98719223252908","1448288256","[18:13:33] [Server thread/INFO]: The game is running normally [18:13:33] [Server thread/INFO]: Target tick rate: 20,0 per second. Average time per tick: 46,9ms (Target: 50,0ms) [18:13:33] [Server thread/INFO]: Percentiles: P50: 45,6ms P95: 60,1ms P99: 78,1ms, sample: 100"
"umce-passive","1","2026-09-29T16:13:33.2433291+00:00","b96cdb8d195dd284058ec5749bd638c7d910075ca1506668a590f9a53216c417","False","False","0","2000","500","0","0","0","False","0","46,8","45,3","60,1","78,1","100","148,38591734548277","162,98719223252908","1448288256","[18:13:33] [Server thread/INFO]: The game is running normally [18:13:33] [Server thread/INFO]: Target tick rate: 20,0 per second. Average time per tick: 46,8ms (Target: 50,0ms) [18:13:33] [Server thread/INFO]: Percentiles: P50: 45,3ms P95: 60,1ms P99: 78,1ms, sample: 100"
"umce-passive","1","2026-09-29T16:13:33.3696209+00:00","b96cdb8d195dd284058ec5749bd638c7d910075ca1506668a590f9a53216c417","False","False","0","2000","500","0","0","0","False","0","46,4","45,3","58,9","78,1","100","100,4228202423484","162,98719223252908","1448288256","[18:13:33] [Server thread/INFO]: The game is running normally [18:13:33] [Server thread/INFO]: Target tick rate: 20,0 per second. Average time per tick: 46,4ms (Target: 50,0ms) [18:13:33] [Server thread/INFO]: Percentiles: P50: 45,3ms P95: 58,9ms P99: 78,1ms, sample: 100"
"umce-passive","1","2026-09-29T16:13:33.4940914+00:00","b96cdb8d195dd284058ec5749bd638c7d910075ca1506668a590f9a53216c417","False","False","0","2000","500","0","0","0","False","0","46,2","45,3","57,6","78,1","100","198,39207193537817","162,98719223252908","1448288256","[18:13:33] [Server thread/INFO]: The game is running normally [18:13:33] [Server thread/INFO]: Target tick rate: 20,0 per second. Average time per tick: 46,2ms (Target: 50,0ms) [18:13:33] [Server thread/INFO]: Percentiles: P50: 45,3ms P95: 57,6ms P99: 78,1ms, sample: 100"
"umce-passive","1","2026-09-29T16:13:33.6200670+00:00","b96cdb8d195dd284058ec5749bd638c7d910075ca1506668a590f9a53216c417","False","False","0","2000","500","0","0","0","False","0","45,8","45,3","55,6","60,2","100","114,05414743460287","162,98719223252908","1448288256","[18:13:33] [Server thread/INFO]: The game is running normally [18:13:33] [Server thread/INFO]: Target tick rate: 20,0 per second. Average time per tick: 45,8ms (Target: 50,0ms) [18:13:33] [Server thread/INFO]: Percentiles: P50: 45,3ms P95: 55,6ms P99: 60,2ms, sample: 100"
"umce-passive","1","2026-09-29T16:13:33.7433529+00:00","b96cdb8d195dd284058ec5749bd638c7d910075ca1506668a590f9a53216c417","False","False","0","2000","500","0","0","0","False","0","45,7","45,3","55,3","60,2","100","114,93703289589831","162,98719223252908","1448288256","[18:13:33] [Server thread/INFO]: The game is running normally [18:13:33] [Server thread/INFO]: Target tick rate: 20,0 per second. Average time per tick: 45,7ms (Target: 50,0ms) [18:13:33] [Server thread/INFO]: Percentiles: P50: 45,3ms P95: 55,3ms P99: 60,2ms, sample: 100"
"umce-passive","1","2026-09-29T16:13:33.8656916+00:00","b96cdb8d195dd284058ec5749bd638c7d910075ca1506668a590f9a53216c417","False","False","0","2000","500","0","0","0","False","0","45,7","45,3","55,3","60,2","100","100,57876148475351","162,98719223252908","1448288256","[18:13:33] [Server thread/INFO]: The game is running normally [18:13:33] [Server thread/INFO]: Target tick rate: 20,0 per second. Average time per tick: 45,7ms (Target: 50,0ms) [18:13:33] [Server thread/INFO]: Percentiles: P50: 45,3ms P95: 55,3ms P99: 60,2ms, sample: 100"
"umce-passive","1","2026-09-29T16:13:34.0055136+00:00","b96cdb8d195dd284058ec5749bd638c7d910075ca1506668a590f9a53216c417","False","False","0","2000","500","0","0","0","False","0","46","45,7","55,3","60,2","100","101,45881543180467","162,98719223252908","1448288256","[18:13:34] [Server thread/INFO]: The game is running normally [18:13:34] [Server thread/INFO]: Target tick rate: 20,0 per second. Average time per tick: 46,0ms (Target: 50,0ms) [18:13:34] [Server thread/INFO]: Percentiles: P50: 45,7ms P95: 55,3ms P99: 60,2ms, sample: 100"
"umce-passive","1","2026-09-29T16:13:34.1287177+00:00","b96cdb8d195dd284058ec5749bd638c7d910075ca1506668a590f9a53216c417","False","False","0","2000","500","0","0","0","False","0","46,2","46,4","55,3","60,2","100","89,02104925600786","162,98719223252908","1448288256","[18:13:34] [Server thread/INFO]: The game is running normally [18:13:34] [Server thread/INFO]: Target tick rate: 20,0 per second. Average time per tick: 46,2ms (Target: 50,0ms) [18:13:34] [Server thread/INFO]: Percentiles: P50: 46,4ms P95: 55,3ms P99: 60,2ms, sample: 100"
"umce-passive","1","2026-09-29T16:13:34.2515643+00:00","b96cdb8d195dd284058ec5749bd638c7d910075ca1506668a590f9a53216c417","False","False","0","2000","500","0","0","0","False","0","46,2","46","55,3","60,2","100","99,58270861780795","162,98719223252908","1448288256","[18:13:34] [Server thread/INFO]: The game is running normally [18:13:34] [Server thread/INFO]: Target tick rate: 20,0 per second. Average time per tick: 46,2ms (Target: 50,0ms) [18:13:34] [Server thread/INFO]: Percentiles: P50: 46,0ms P95: 55,3ms P99: 60,2ms, sample: 100"
"umce-passive","1","2026-09-29T16:13:34.3770889+00:00","b96cdb8d195dd284058ec5749bd638c7d910075ca1506668a590f9a53216c417","False","False","0","2000","500","0","0","0","False","0","46","45,7","55,3","60,2","100","115,0531678585834","162,98719223252908","1448288256","[18:13:34] [Server thread/INFO]: The game is running normally [18:13:34] [Server thread/INFO]: Target tick rate: 20,0 per second. Average time per tick: 46,0ms (Target: 50,0ms) [18:13:34] [Server thread/INFO]: Percentiles: P50: 45,7ms P95: 55,3ms P99: 60,2ms, sample: 100"
"umce-passive","1","2026-09-29T16:13:34.4993104+00:00","b96cdb8d195dd284058ec5749bd638c7d910075ca1506668a590f9a53216c417","False","False","0","2000","500","0","0","0","False","0","45,7","45,3","55,3","60,2","100","124,13482988960143","162,98719223252908","1448288256","[18:13:34] [Server thread/INFO]: The game is running normally [18:13:34] [Server thread/INFO]: Target tick rate: 20,0 per second. Average time per tick: 45,7ms (Target: 50,0ms) [18:13:34] [Server thread/INFO]: Percentiles: P50: 45,3ms P95: 55,3ms P99: 60,2ms, sample: 100"
"umce-passive","1","2026-09-29T16:13:34.6252075+00:00","b96cdb8d195dd284058ec5749bd638c7d910075ca1506668a590f9a53216c417","False","False","0","2000","500","0","0","0","False","0","45,2","44,5","55,3","60,2","100","366,4494455442982","162,98719223252908","1448288256","[18:13:34] [Server thread/INFO]: The game is running normally [18:13:34] [Server thread/INFO]: Target tick rate: 20,0 per second. Average time per tick: 45,2ms (Target: 50,0ms) [18:13:34] [Server thread/INFO]: Percentiles: P50: 44,5ms P95: 55,3ms P99: 60,2ms, sample: 100"
"umce-passive","1","2026-09-29T16:13:34.7488509+00:00","b96cdb8d195dd284058ec5749bd638c7d910075ca1506668a590f9a53216c417","False","False","0","2000","500","0","0","0","False","0","45,6","44,5","55,6","86","100","286,30712997367766","162,98719223252908","1448288256","[18:13:34] [Server thread/INFO]: The game is running normally [18:13:34] [Server thread/INFO]: Target tick rate: 20,0 per second. Average time per tick: 45,6ms (Target: 50,0ms) [18:13:34] [Server thread/INFO]: Percentiles: P50: 44,5ms P95: 55,6ms P99: 86,0ms, sample: 100"
"umce-passive","1","2026-09-29T16:13:34.8744733+00:00","b96cdb8d195dd284058ec5749bd638c7d910075ca1506668a590f9a53216c417","False","False","0","2000","500","0","0","0","False","0","45,7","44,5","55,7","86","100","389,6772044768531","162,98719223252908","1448288256","[18:13:34] [Server thread/INFO]: The game is running normally [18:13:34] [Server thread/INFO]: Target tick rate: 20,0 per second. Average time per tick: 45,7ms (Target: 50,0ms) [18:13:34] [Server thread/INFO]: Percentiles: P50: 44,5ms P95: 55,7ms P99: 86,0ms, sample: 100"
"umce-passive","1","2026-09-29T16:13:34.9986791+00:00","b96cdb8d195dd284058ec5749bd638c7d910075ca1506668a590f9a53216c417","False","False","0","2000","500","0","0","0","False","0","45,8","44,5","57,6","86","100","184,94144605864625","162,98719223252908","1448288256","[18:13:35] [Server thread/INFO]: The game is running normally [18:13:35] [Server thread/INFO]: Target tick rate: 20,0 per second. Average time per tick: 45,8ms (Target: 50,0ms) [18:13:35] [Server thread/INFO]: Percentiles: P50: 44,5ms P95: 57,6ms P99: 86,0ms, sample: 100"
"umce-passive","1","2026-09-29T16:13:35.1255052+00:00","b96cdb8d195dd284058ec5749bd638c7d910075ca1506668a590f9a53216c417","False","False","0","2000","500","0","0","0","False","0","45,9","44,5","57,6","86","100","383,7011134085428","162,98719223252908","1448288256","[18:13:35] [Server thread/INFO]: The game is running normally [18:13:35] [Server thread/INFO]: Target tick rate: 20,0 per second. Average time per tick: 45,9ms (Target: 50,0ms) [18:13:35] [Server thread/INFO]: Percentiles: P50: 44,5ms P95: 57,6ms P99: 86,0ms, sample: 100"
"umce-passive","1","2026-09-29T16:13:35.2475883+00:00","b96cdb8d195dd284058ec5749bd638c7d910075ca1506668a590f9a53216c417","False","False","0","2000","500","0","0","0","False","0","46,2","44,8","57,9","86","100","99,93108752204479","162,98719223252908","1448288256","[18:13:35] [Server thread/INFO]: The game is running normally [18:13:35] [Server thread/INFO]: Target tick rate: 20,0 per second. Average time per tick: 46,2ms (Target: 50,0ms) [18:13:35] [Server thread/INFO]: Percentiles: P50: 44,8ms P95: 57,9ms P99: 86,0ms, sample: 100"
"umce-passive","1","2026-09-29T16:13:35.3726743+00:00","b96cdb8d195dd284058ec5749bd638c7d910075ca1506668a590f9a53216c417","False","False","0","2000","500","0","0","0","False","0","46,4","45,3","57,9","86","100","99,53576519114849","162,98719223252908","1448288256","[18:13:35] [Server thread/INFO]: The game is running normally [18:13:35] [Server thread/INFO]: Target tick rate: 20,0 per second. Average time per tick: 46,4ms (Target: 50,0ms) [18:13:35] [Server thread/INFO]: Percentiles: P50: 45,3ms P95: 57,9ms P99: 86,0ms, sample: 100"
"umce-passive","1","2026-09-29T16:13:35.4983819+00:00","b96cdb8d195dd284058ec5749bd638c7d910075ca1506668a590f9a53216c417","False","False","0","2000","500","0","0","0","False","0","46,3","45,2","57,9","86","100","138,4240079377863","162,98719223252908","1448288256","[18:13:35] [Server thread/INFO]: The game is running normally [18:13:35] [Server thread/INFO]: Target tick rate: 20,0 per second. Average time per tick: 46,3ms (Target: 50,0ms) [18:13:35] [Server thread/INFO]: Percentiles: P50: 45,2ms P95: 57,9ms P99: 86,0ms, sample: 100"
"umce-passive","1","2026-09-29T16:13:35.6224157+00:00","b96cdb8d195dd284058ec5749bd638c7d910075ca1506668a590f9a53216c417","False","False","0","2000","500","0","0","0","False","0","46,4","45,3","58,3","86","100","101,22621386426619","162,98719223252908","1448288256","[18:13:35] [Server thread/INFO]: The game is running normally [18:13:35] [Server thread/INFO]: Target tick rate: 20,0 per second. Average time per tick: 46,4ms (Target: 50,0ms) [18:13:35] [Server thread/INFO]: Percentiles: P50: 45,3ms P95: 58,3ms P99: 86,0ms, sample: 100"
"umce-passive","1","2026-09-29T16:13:35.7459192+00:00","b96cdb8d195dd284058ec5749bd638c7d910075ca1506668a590f9a53216c417","False","False","0","2000","500","0","0","0","False","0","46,4","45,3","58,3","86","100","135,93468491625237","162,98719223252908","1448288256","[18:13:35] [Server thread/INFO]: The game is running normally [18:13:35] [Server thread/INFO]: Target tick rate: 20,0 per second. Average time per tick: 46,4ms (Target: 50,0ms) [18:13:35] [Server thread/INFO]: Percentiles: P50: 45,3ms P95: 58,3ms P99: 86,0ms, sample: 100"
"umce-passive","1","2026-09-29T16:13:35.8723568+00:00","b96cdb8d195dd284058ec5749bd638c7d910075ca1506668a590f9a53216c417","False","False","0","2000","500","0","0","0","False","0","46,5","45,3","58,3","86","100","151,29349889817988","162,98719223252908","1448288256","[18:13:35] [Server thread/INFO]: The game is running normally [18:13:35] [Server thread/INFO]: Target tick rate: 20,0 per second. Average time per tick: 46,5ms (Target: 50,0ms) [18:13:35] [Server thread/INFO]: Percentiles: P50: 45,3ms P95: 58,3ms P99: 86,0ms, sample: 100"
"umce-passive","1","2026-09-29T16:13:35.9964931+00:00","b96cdb8d195dd284058ec5749bd638c7d910075ca1506668a590f9a53216c417","False","False","0","2000","500","0","0","0","False","0","46,4","45,2","58,3","86","100","152,04765619551625","162,98719223252908","1448288256","[18:13:36] [Server thread/INFO]: The game is running normally [18:13:36] [Server thread/INFO]: Target tick rate: 20,0 per second. Average time per tick: 46,4ms (Target: 50,0ms) [18:13:36] [Server thread/INFO]: Percentiles: P50: 45,2ms P95: 58,3ms P99: 86,0ms, sample: 100"
"umce-passive","1","2026-09-29T16:13:36.1195828+00:00","b96cdb8d195dd284058ec5749bd638c7d910075ca1506668a590f9a53216c417","False","False","0","2000","500","0","0","0","False","0","46,3","45,2","59,9","86","100","252,57566560760006","162,98719223252908","1448288256","[18:13:36] [Server thread/INFO]: The game is running normally [18:13:36] [Server thread/INFO]: Target tick rate: 20,0 per second. Average time per tick: 46,3ms (Target: 50,0ms) [18:13:36] [Server thread/INFO]: Percentiles: P50: 45,2ms P95: 59,9ms P99: 86,0ms, sample: 100"
"umce-passive","1","2026-09-29T16:13:36.2432985+00:00","b96cdb8d195dd284058ec5749bd638c7d910075ca1506668a590f9a53216c417","False","False","0","2000","500","0","0","0","False","0","46,4","45,2","59,9","86","100","225,9448108209288","162,98719223252908","1448288256","[18:13:36] [Server thread/INFO]: The game is running normally [18:13:36] [Server thread/INFO]: Target tick rate: 20,0 per second. Average time per tick: 46,4ms (Target: 50,0ms) [18:13:36] [Server thread/INFO]: Percentiles: P50: 45,2ms P95: 59,9ms P99: 86,0ms, sample: 100"
"umce-passive","1","2026-09-29T16:13:36.3677739+00:00","b96cdb8d195dd284058ec5749bd638c7d910075ca1506668a590f9a53216c417","False","False","0","2000","500","0","0","0","False","0","46,3","45","60,1","86","100","188,5894434971946","162,98719223252908","1448288256","[18:13:36] [Server thread/INFO]: The game is running normally [18:13:36] [Server thread/INFO]: Target tick rate: 20,0 per second. Average time per tick: 46,3ms (Target: 50,0ms) [18:13:36] [Server thread/INFO]: Percentiles: P50: 45,0ms P95: 60,1ms P99: 86,0ms, sample: 100"
"umce-passive","1","2026-09-29T16:13:36.4921043+00:00","b96cdb8d195dd284058ec5749bd638c7d910075ca1506668a590f9a53216c417","False","False","0","2000","500","0","0","0","False","0","46,6","45,3","60,1","86","100","312,1982915710257","162,98719223252908","1448288256","[18:13:36] [Server thread/INFO]: The game is running normally [18:13:36] [Server thread/INFO]: Target tick rate: 20,0 per second. Average time per tick: 46,6ms (Target: 50,0ms) [18:13:36] [Server thread/INFO]: Percentiles: P50: 45,3ms P95: 60,1ms P99: 86,0ms, sample: 100"
"umce-passive","1","2026-09-29T16:13:36.6171756+00:00","b96cdb8d195dd284058ec5749bd638c7d910075ca1506668a590f9a53216c417","False","False","0","2000","500","0","0","0","False","0","46,8","45,7","60,1","86","100","227,26703411874126","162,98719223252908","1448288256","[18:13:36] [Server thread/INFO]: The game is running normally [18:13:36] [Server thread/INFO]: Target tick rate: 20,0 per second. Average time per tick: 46,8ms (Target: 50,0ms) [18:13:36] [Server thread/INFO]: Percentiles: P50: 45,7ms P95: 60,1ms P99: 86,0ms, sample: 100"
"umce-passive","1","2026-09-29T16:13:36.7410000+00:00","b96cdb8d195dd284058ec5749bd638c7d910075ca1506668a590f9a53216c417","False","False","0","2000","500","0","0","0","False","0","47","45,9","60,3","86","100","174,66673586796392","162,98719223252908","1448288256","[18:13:36] [Server thread/INFO]: The game is running normally [18:13:36] [Server thread/INFO]: Target tick rate: 20,0 per second. Average time per tick: 47,0ms (Target: 50,0ms) [18:13:36] [Server thread/INFO]: Percentiles: P50: 45,9ms P95: 60,3ms P99: 86,0ms, sample: 100"
"umce-passive","1","2026-09-29T16:13:36.8661705+00:00","b96cdb8d195dd284058ec5749bd638c7d910075ca1506668a590f9a53216c417","False","False","0","2000","500","0","0","0","False","0","47","45,9","60,3","86","100","145,49844813593654","162,98719223252908","1448288256","[18:13:36] [Server thread/INFO]: The game is running normally [18:13:36] [Server thread/INFO]: Target tick rate: 20,0 per second. Average time per tick: 47,0ms (Target: 50,0ms) [18:13:36] [Server thread/INFO]: Percentiles: P50: 45,9ms P95: 60,3ms P99: 86,0ms, sample: 100"
"umce-passive","1","2026-09-29T16:13:37.0058031+00:00","b96cdb8d195dd284058ec5749bd638c7d910075ca1506668a590f9a53216c417","False","False","0","2000","500","0","0","0","False","0","47,3","46,4","61,2","86","100","156,36761078153782","162,98719223252908","1448288256","[18:13:37] [Server thread/INFO]: The game is running normally [18:13:37] [Server thread/INFO]: Target tick rate: 20,0 per second. Average time per tick: 47,3ms (Target: 50,0ms) [18:13:37] [Server thread/INFO]: Percentiles: P50: 46,4ms P95: 61,2ms P99: 86,0ms, sample: 100"
"umce-passive","1","2026-09-29T16:13:37.1456896+00:00","b96cdb8d195dd284058ec5749bd638c7d910075ca1506668a590f9a53216c417","False","False","0","2000","500","0","0","0","False","0","47,5","46,7","61,2","86","100","125,62763566779631","162,98719223252908","1448288256","[18:13:37] [Server thread/INFO]: The game is running normally [18:13:37] [Server thread/INFO]: Target tick rate: 20,0 per second. Average time per tick: 47,5ms (Target: 50,0ms) [18:13:37] [Server thread/INFO]: Percentiles: P50: 46,7ms P95: 61,2ms P99: 86,0ms, sample: 100"
"umce-passive","1","2026-09-29T16:13:37.2700740+00:00","b96cdb8d195dd284058ec5749bd638c7d910075ca1506668a590f9a53216c417","False","False","0","2000","500","0","0","0","False","0","47,8","46,9","61,2","86","100","150,3756986454959","162,98719223252908","1448288256","[18:13:37] [Server thread/INFO]: The game is running normally [18:13:37] [Server thread/INFO]: Target tick rate: 20,0 per second. Average time per tick: 47,8ms (Target: 50,0ms) [18:13:37] [Server thread/INFO]: Percentiles: P50: 46,9ms P95: 61,2ms P99: 86,0ms, sample: 100"
"umce-passive","1","2026-09-29T16:13:37.3947982+00:00","b96cdb8d195dd284058ec5749bd638c7d910075ca1506668a590f9a53216c417","False","False","0","2000","500","0","0","0","False","0","48","47,2","61,2","86","100","176,549682493051","162,98719223252908","1448288256","[18:13:37] [Server thread/INFO]: The game is running normally [18:13:37] [Server thread/INFO]: Target tick rate: 20,0 per second. Average time per tick: 48,0ms (Target: 50,0ms) [18:13:37] [Server thread/INFO]: Percentiles: P50: 47,2ms P95: 61,2ms P99: 86,0ms, sample: 100"
"umce-passive","1","2026-09-29T16:13:37.5186995+00:00","b96cdb8d195dd284058ec5749bd638c7d910075ca1506668a590f9a53216c417","False","False","0","2000","500","0","0","0","False","0","48,3","47,3","61,2","86","100","212,161051504117","162,98719223252908","1448288256","[18:13:37] [Server thread/INFO]: The game is running normally [18:13:37] [Server thread/INFO]: Target tick rate: 20,0 per second. Average time per tick: 48,3ms (Target: 50,0ms) [18:13:37] [Server thread/INFO]: Percentiles: P50: 47,3ms P95: 61,2ms P99: 86,0ms, sample: 100"
"umce-passive","1","2026-09-29T16:13:37.6438329+00:00","b96cdb8d195dd284058ec5749bd638c7d910075ca1506668a590f9a53216c417","False","False","0","2000","500","0","0","0","False","0","48,3","47,8","61,2","86","100","124,7831767520756","162,98719223252908","1448288256","[18:13:37] [Server thread/INFO]: The game is running normally [18:13:37] [Server thread/INFO]: Target tick rate: 20,0 per second. Average time per tick: 48,3ms (Target: 50,0ms) [18:13:37] [Server thread/INFO]: Percentiles: P50: 47,8ms P95: 61,2ms P99: 86,0ms, sample: 100"
"umce-passive","1","2026-09-29T16:13:37.7690786+00:00","b96cdb8d195dd284058ec5749bd638c7d910075ca1506668a590f9a53216c417","False","False","0","2000","500","0","0","0","False","0","48,4","48","61,2","86","100","87,99622833080306","162,98719223252908","1448288256","[18:13:37] [Server thread/INFO]: The game is running normally [18:13:37] [Server thread/INFO]: Target tick rate: 20,0 per second. Average time per tick: 48,4ms (Target: 50,0ms) [18:13:37] [Server thread/INFO]: Percentiles: P50: 48,0ms P95: 61,2ms P99: 86,0ms, sample: 100"
"umce-passive","1","2026-09-29T16:13:37.8933539+00:00","b96cdb8d195dd284058ec5749bd638c7d910075ca1506668a590f9a53216c417","False","False","0","2000","500","0","0","0","False","0","48,1","47,3","61,2","86","100","100,59852096030544","162,98719223252908","1448288256","[18:13:37] [Server thread/INFO]: The game is running normally [18:13:37] [Server thread/INFO]: Target tick rate: 20,0 per second. Average time per tick: 48,1ms (Target: 50,0ms) [18:13:37] [Server thread/INFO]: Percentiles: P50: 47,3ms P95: 61,2ms P99: 86,0ms, sample: 100"
"umce-passive","1","2026-09-29T16:13:38.0175981+00:00","b96cdb8d195dd284058ec5749bd638c7d910075ca1506668a590f9a53216c417","False","False","0","2000","500","0","0","0","False","0","47,9","47,2","61,2","86","100","186,73305001697028","162,98719223252908","1448288256","[18:13:38] [Server thread/INFO]: The game is running normally [18:13:38] [Server thread/INFO]: Target tick rate: 20,0 per second. Average time per tick: 47,9ms (Target: 50,0ms) [18:13:38] [Server thread/INFO]: Percentiles: P50: 47,2ms P95: 61,2ms P99: 86,0ms, sample: 100"
"umce-passive","1","2026-09-29T16:13:38.1431378+00:00","b96cdb8d195dd284058ec5749bd638c7d910075ca1506668a590f9a53216c417","False","False","0","2000","500","0","0","0","False","0","48,2","47,3","61,2","86","100","238,9503329408176","162,98719223252908","1448288256","[18:13:38] [Server thread/INFO]: The game is running normally [18:13:38] [Server thread/INFO]: Target tick rate: 20,0 per second. Average time per tick: 48,2ms (Target: 50,0ms) [18:13:38] [Server thread/INFO]: Percentiles: P50: 47,3ms P95: 61,2ms P99: 86,0ms, sample: 100"
"umce-passive","1","2026-09-29T16:13:38.2673643+00:00","b96cdb8d195dd284058ec5749bd638c7d910075ca1506668a590f9a53216c417","False","False","0","2000","500","0","0","0","False","0","48,1","47,2","61,2","86","100","113,81745986138753","162,98719223252908","1448288256","[18:13:38] [Server thread/INFO]: The game is running normally [18:13:38] [Server thread/INFO]: Target tick rate: 20,0 per second. Average time per tick: 48,1ms (Target: 50,0ms) [18:13:38] [Server thread/INFO]: Percentiles: P50: 47,2ms P95: 61,2ms P99: 86,0ms, sample: 100"
"umce-passive","1","2026-09-29T16:13:38.3915218+00:00","b96cdb8d195dd284058ec5749bd638c7d910075ca1506668a590f9a53216c417","False","False","0","2000","500","0","0","0","False","0","47,9","47,2","61,2","86","100","99,56145171747487","162,98719223252908","1448288256","[18:13:38] [Server thread/INFO]: The game is running normally [18:13:38] [Server thread/INFO]: Target tick rate: 20,0 per second. Average time per tick: 47,9ms (Target: 50,0ms) [18:13:38] [Server thread/INFO]: Percentiles: P50: 47,2ms P95: 61,2ms P99: 86,0ms, sample: 100"
"umce-passive","1","2026-09-29T16:13:38.5164693+00:00","b96cdb8d195dd284058ec5749bd638c7d910075ca1506668a590f9a53216c417","False","False","0","2000","500","0","0","0","False","0","47,7","46,9","61,2","86","100","185,7140253609092","162,98719223252908","1448288256","[18:13:38] [Server thread/INFO]: The game is running normally [18:13:38] [Server thread/INFO]: Target tick rate: 20,0 per second. Average time per tick: 47,7ms (Target: 50,0ms) [18:13:38] [Server thread/INFO]: Percentiles: P50: 46,9ms P95: 61,2ms P99: 86,0ms, sample: 100"
"umce-passive","1","2026-09-29T16:13:38.6426861+00:00","b96cdb8d195dd284058ec5749bd638c7d910075ca1506668a590f9a53216c417","False","False","0","2000","500","0","0","0","False","0","47,6","47","61,2","86","100","114,34981407228453","162,98719223252908","1448288256","[18:13:38] [Server thread/INFO]: The game is running normally [18:13:38] [Server thread/INFO]: Target tick rate: 20,0 per second. Average time per tick: 47,6ms (Target: 50,0ms) [18:13:38] [Server thread/INFO]: Percentiles: P50: 47,0ms P95: 61,2ms P99: 86,0ms, sample: 100"
"umce-passive","1","2026-09-29T16:13:38.7656226+00:00","b96cdb8d195dd284058ec5749bd638c7d910075ca1506668a590f9a53216c417","False","False","0","2000","500","0","0","0","False","0","47,4","46,7","61,2","86","100","100,4978260310273","162,98719223252908","1448288256","[18:13:38] [Server thread/INFO]: The game is running normally [18:13:38] [Server thread/INFO]: Target tick rate: 20,0 per second. Average time per tick: 47,4ms (Target: 50,0ms) [18:13:38] [Server thread/INFO]: Percentiles: P50: 46,7ms P95: 61,2ms P99: 86,0ms, sample: 100"
"umce-passive","1","2026-09-29T16:13:38.8900272+00:00","b96cdb8d195dd284058ec5749bd638c7d910075ca1506668a590f9a53216c417","False","False","0","2000","500","0","0","0","False","0","47,1","45,9","61,2","86","100","87,8770982038122","162,98719223252908","1448288256","[18:13:38] [Server thread/INFO]: The game is running normally [18:13:38] [Server thread/INFO]: Target tick rate: 20,0 per second. Average time per tick: 47,1ms (Target: 50,0ms) [18:13:38] [Server thread/INFO]: Percentiles: P50: 45,9ms P95: 61,2ms P99: 86,0ms, sample: 100"
"umce-passive","1","2026-09-29T16:13:39.0145031+00:00","b96cdb8d195dd284058ec5749bd638c7d910075ca1506668a590f9a53216c417","False","False","0","2000","500","0","0","0","False","0","46,8","45,3","61,2","86","100","173,62861177277392","162,98719223252908","1448288256","[18:13:39] [Server thread/INFO]: The game is running normally [18:13:39] [Server thread/INFO]: Target tick rate: 20,0 per second. Average time per tick: 46,8ms (Target: 50,0ms) [18:13:39] [Server thread/INFO]: Percentiles: P50: 45,3ms P95: 61,2ms P99: 86,0ms, sample: 100"
"patch-enabled","1","2026-09-29T16:14:00.9711617+00:00","b96cdb8d195dd284058ec5749bd638c7d910075ca1506668a590f9a53216c417","False","False","0","2000","500","0","0","0","False","0","47,5","46,9","88,2","164,9","100","162,56216377142619","155,74750079765082","1589215232","[18:14:00] [Server thread/INFO]: The game is running normally [18:14:00] [Server thread/INFO]: Target tick rate: 20,0 per second. Average time per tick: 47,5ms (Target: 50,0ms) [18:14:00] [Server thread/INFO]: Percentiles: P50: 46,9ms P95: 88,2ms P99: 164,9ms, sample: 100"
"patch-enabled","1","2026-09-29T16:14:01.1031056+00:00","b96cdb8d195dd284058ec5749bd638c7d910075ca1506668a590f9a53216c417","False","False","0","2000","500","0","0","0","False","0","47,7","48,5","88,2","164,9","100","201,1094807835869","155,74750079765082","1589215232","[18:14:01] [Server thread/INFO]: The game is running normally [18:14:01] [Server thread/INFO]: Target tick rate: 20,0 per second. Average time per tick: 47,7ms (Target: 50,0ms) [18:14:01] [Server thread/INFO]: Percentiles: P50: 48,5ms P95: 88,2ms P99: 164,9ms, sample: 100"
"patch-enabled","1","2026-09-29T16:14:01.2360585+00:00","b96cdb8d195dd284058ec5749bd638c7d910075ca1506668a590f9a53216c417","False","False","0","2000","500","0","0","0","False","0","47,2","48,5","87,3","164,9","100","87,70305010159521","155,74750079765082","1589215232","[18:14:01] [Server thread/INFO]: The game is running normally [18:14:01] [Server thread/INFO]: Target tick rate: 20,0 per second. Average time per tick: 47,2ms (Target: 50,0ms) [18:14:01] [Server thread/INFO]: Percentiles: P50: 48,5ms P95: 87,3ms P99: 164,9ms, sample: 100"
"patch-enabled","1","2026-09-29T16:14:01.3607513+00:00","b96cdb8d195dd284058ec5749bd638c7d910075ca1506668a590f9a53216c417","False","False","0","2000","500","0","0","0","False","0","47,2","48,5","87,3","164,9","100","151,01640078383554","155,74750079765082","1589215232","[18:14:01] [Server thread/INFO]: The game is running normally [18:14:01] [Server thread/INFO]: Target tick rate: 20,0 per second. Average time per tick: 47,2ms (Target: 50,0ms) [18:14:01] [Server thread/INFO]: Percentiles: P50: 48,5ms P95: 87,3ms P99: 164,9ms, sample: 100"
"patch-enabled","1","2026-09-29T16:14:01.4849055+00:00","b96cdb8d195dd284058ec5749bd638c7d910075ca1506668a590f9a53216c417","False","False","0","2000","500","0","0","0","False","0","48,2","49,6","87,3","164,9","100","186,87508970004305","155,74750079765082","1589215232","[18:14:01] [Server thread/INFO]: The game is running normally [18:14:01] [Server thread/INFO]: Target tick rate: 20,0 per second. Average time per tick: 48,2ms (Target: 50,0ms) [18:14:01] [Server thread/INFO]: Percentiles: P50: 49,6ms P95: 87,3ms P99: 164,9ms, sample: 100"
"patch-enabled","1","2026-09-29T16:14:01.6103454+00:00","b96cdb8d195dd284058ec5749bd638c7d910075ca1506668a590f9a53216c417","False","False","0","2000","500","0","0","0","False","0","49,3","50,1","87,3","164,9","100","126,23967359469997","155,74750079765082","1589215232","[18:14:01] [Server thread/INFO]: The game is running normally [18:14:01] [Server thread/INFO]: Target tick rate: 20,0 per second. Average time per tick: 49,3ms (Target: 50,0ms) [18:14:01] [Server thread/INFO]: Percentiles: P50: 50,1ms P95: 87,3ms P99: 164,9ms, sample: 100"
"patch-enabled","1","2026-09-29T16:14:01.7341010+00:00","b96cdb8d195dd284058ec5749bd638c7d910075ca1506668a590f9a53216c417","False","False","0","2000","500","0","0","0","False","0","51","50,5","87,3","164,9","100","112,67071867293323","155,74750079765082","1589215232","[18:14:01] [Server thread/INFO]: The game is running, but can't keep up with the target tick rate [18:14:01] [Server thread/INFO]: Target tick rate: 20,0 per second. Average time per tick: 51,0ms (Target: 50,0ms) [18:14:01] [Server thread/INFO]: Percentiles: P50: 50,5ms P95: 87,3ms P99: 164,9ms, sample: 100"
"patch-enabled","1","2026-09-29T16:14:01.8590204+00:00","b96cdb8d195dd284058ec5749bd638c7d910075ca1506668a590f9a53216c417","False","False","0","2000","500","0","0","0","False","0","52","50,6","87,3","164,9","100","126,33776532952123","155,74750079765082","1589215232","[18:14:01] [Server thread/INFO]: The game is running, but can't keep up with the target tick rate [18:14:01] [Server thread/INFO]: Target tick rate: 20,0 per second. Average time per tick: 52,0ms (Target: 50,0ms) [18:14:01] [Server thread/INFO]: Percentiles: P50: 50,6ms P95: 87,3ms P99: 164,9ms, sample: 100"
"patch-enabled","1","2026-09-29T16:14:01.9826047+00:00","b96cdb8d195dd284058ec5749bd638c7d910075ca1506668a590f9a53216c417","False","False","0","2000","500","0","0","0","False","0","53,3","50,7","87,3","164,9","100","151,2972834270166","155,74750079765082","1589215232","[18:14:02] [Server thread/INFO]: The game is running, but can't keep up with the target tick rate [18:14:02] [Server thread/INFO]: Target tick rate: 20,0 per second. Average time per tick: 53,3ms (Target: 50,0ms) [18:14:02] [Server thread/INFO]: Percentiles: P50: 50,7ms P95: 87,3ms P99: 164,9ms, sample: 100"
"patch-enabled","1","2026-09-29T16:14:02.1065408+00:00","b96cdb8d195dd284058ec5749bd638c7d910075ca1506668a590f9a53216c417","False","False","0","2000","500","0","0","0","False","0","53,9","50,7","87,3","164,9","100","251,9817863533115","155,74750079765082","1589215232","[18:14:02] [Server thread/INFO]: The game is running, but can't keep up with the target tick rate [18:14:02] [Server thread/INFO]: Target tick rate: 20,0 per second. Average time per tick: 53,9ms (Target: 50,0ms) [18:14:02] [Server thread/INFO]: Percentiles: P50: 50,7ms P95: 87,3ms P99: 164,9ms, sample: 100"
"patch-enabled","1","2026-09-29T16:14:02.2305457+00:00","b96cdb8d195dd284058ec5749bd638c7d910075ca1506668a590f9a53216c417","False","False","0","2000","500","0","0","0","False","0","52,3","50,6","81,8","117,9","100","164,53416883615515","155,74750079765082","1589215232","[18:14:02] [Server thread/INFO]: The game is running, but can't keep up with the target tick rate [18:14:02] [Server thread/INFO]: Target tick rate: 20,0 per second. Average time per tick: 52,3ms (Target: 50,0ms) [18:14:02] [Server thread/INFO]: Percentiles: P50: 50,6ms P95: 81,8ms P99: 117,9ms, sample: 100"
"patch-enabled","1","2026-09-29T16:14:02.3539868+00:00","b96cdb8d195dd284058ec5749bd638c7d910075ca1506668a590f9a53216c417","False","False","0","2000","500","0","0","0","False","0","52,7","50,7","81,8","117,9","100","235,80372234295373","155,74750079765082","1589215232","[18:14:02] [Server thread/INFO]: The game is running, but can't keep up with the target tick rate [18:14:02] [Server thread/INFO]: Target tick rate: 20,0 per second. Average time per tick: 52,7ms (Target: 50,0ms) [18:14:02] [Server thread/INFO]: Percentiles: P50: 50,7ms P95: 81,8ms P99: 117,9ms, sample: 100"
"patch-enabled","1","2026-09-29T16:14:02.4798982+00:00","b96cdb8d195dd284058ec5749bd638c7d910075ca1506668a590f9a53216c417","False","False","0","2000","500","0","0","0","False","0","52,8","51,1","81,8","117,9","100","139,25900838673454","155,74750079765082","1589215232","[18:14:02] [Server thread/INFO]: The game is running, but can't keep up with the target tick rate [18:14:02] [Server thread/INFO]: Target tick rate: 20,0 per second. Average time per tick: 52,8ms (Target: 50,0ms) [18:14:02] [Server thread/INFO]: Percentiles: P50: 51,1ms P95: 81,8ms P99: 117,9ms, sample: 100"
"patch-enabled","1","2026-09-29T16:14:02.6033814+00:00","b96cdb8d195dd284058ec5749bd638c7d910075ca1506668a590f9a53216c417","False","False","0","2000","500","0","0","0","False","0","53,2","51,4","81,8","117,9","100","136,40559066497678","155,74750079765082","1589215232","[18:14:02] [Server thread/INFO]: The game is running, but can't keep up with the target tick rate [18:14:02] [Server thread/INFO]: Target tick rate: 20,0 per second. Average time per tick: 53,2ms (Target: 50,0ms) [18:14:02] [Server thread/INFO]: Percentiles: P50: 51,4ms P95: 81,8ms P99: 117,9ms, sample: 100"
"patch-enabled","1","2026-09-29T16:14:02.7293578+00:00","b96cdb8d195dd284058ec5749bd638c7d910075ca1506668a590f9a53216c417","False","False","0","2000","500","0","0","0","False","0","53,5","51,4","81,8","117,9","100","136,63841282409638","155,74750079765082","1589215232","[18:14:02] [Server thread/INFO]: The game is running, but can't keep up with the target tick rate [18:14:02] [Server thread/INFO]: Target tick rate: 20,0 per second. Average time per tick: 53,5ms (Target: 50,0ms) [18:14:02] [Server thread/INFO]: Percentiles: P50: 51,4ms P95: 81,8ms P99: 117,9ms, sample: 100"
"patch-enabled","1","2026-09-29T16:14:02.8551611+00:00","b96cdb8d195dd284058ec5749bd638c7d910075ca1506668a590f9a53216c417","False","False","0","2000","500","0","0","0","False","0","54,1","51,5","81,8","117,9","100","175,66090659497291","155,74750079765082","1589215232","[18:14:02] [Server thread/INFO]: The game is running, but can't keep up with the target tick rate [18:14:02] [Server thread/INFO]: Target tick rate: 20,0 per second. Average time per tick: 54,1ms (Target: 50,0ms) [18:14:02] [Server thread/INFO]: Percentiles: P50: 51,5ms P95: 81,8ms P99: 117,9ms, sample: 100"
"patch-enabled","1","2026-09-29T16:14:02.9796205+00:00","b96cdb8d195dd284058ec5749bd638c7d910075ca1506668a590f9a53216c417","False","False","0","2000","500","0","0","0","False","0","55","51,8","81,8","117,9","100","166,04865910343125","155,74750079765082","1589215232","[18:14:03] [Server thread/INFO]: The game is running, but can't keep up with the target tick rate [18:14:03] [Server thread/INFO]: Target tick rate: 20,0 per second. Average time per tick: 55,0ms (Target: 50,0ms) [18:14:03] [Server thread/INFO]: Percentiles: P50: 51,8ms P95: 81,8ms P99: 117,9ms, sample: 100"
"patch-enabled","1","2026-09-29T16:14:03.1019721+00:00","b96cdb8d195dd284058ec5749bd638c7d910075ca1506668a590f9a53216c417","False","False","0","2000","500","0","0","0","False","0","55,6","52,2","81,8","117,9","100","201,4855123857174","155,74750079765082","1589215232","[18:14:03] [Server thread/INFO]: The game is running, but can't keep up with the target tick rate [18:14:03] [Server thread/INFO]: Target tick rate: 20,0 per second. Average time per tick: 55,6ms (Target: 50,0ms) [18:14:03] [Server thread/INFO]: Percentiles: P50: 52,2ms P95: 81,8ms P99: 117,9ms, sample: 100"
"patch-enabled","1","2026-09-29T16:14:03.2260657+00:00","b96cdb8d195dd284058ec5749bd638c7d910075ca1506668a590f9a53216c417","False","False","0","2000","500","0","0","0","False","0","56,4","53,5","81,8","117,9","100","112,75762862989357","155,74750079765082","1589215232","[18:14:03] [Server thread/INFO]: The game is running, but can't keep up with the target tick rate [18:14:03] [Server thread/INFO]: Target tick rate: 20,0 per second. Average time per tick: 56,4ms (Target: 50,0ms) [18:14:03] [Server thread/INFO]: Percentiles: P50: 53,5ms P95: 81,8ms P99: 117,9ms, sample: 100"
"patch-enabled","1","2026-09-29T16:14:03.3507600+00:00","b96cdb8d195dd284058ec5749bd638c7d910075ca1506668a590f9a53216c417","False","False","0","2000","500","0","0","0","False","0","56,4","53,5","81,8","117,9","100","123,83094581265881","155,74750079765082","1589215232","[18:14:03] [Server thread/INFO]: The game is running, but can't keep up with the target tick rate [18:14:03] [Server thread/INFO]: Target tick rate: 20,0 per second. Average time per tick: 56,4ms (Target: 50,0ms) [18:14:03] [Server thread/INFO]: Percentiles: P50: 53,5ms P95: 81,8ms P99: 117,9ms, sample: 100"
"patch-enabled","1","2026-09-29T16:14:03.4895426+00:00","b96cdb8d195dd284058ec5749bd638c7d910075ca1506668a590f9a53216c417","False","False","0","2000","500","0","0","0","False","0","55,7","53,2","81,8","117,9","100","248,56449035530005","155,74750079765082","1589215232","[18:14:03] [Server thread/INFO]: The game is running, but can't keep up with the target tick rate [18:14:03] [Server thread/INFO]: Target tick rate: 20,0 per second. Average time per tick: 55,7ms (Target: 50,0ms) [18:14:03] [Server thread/INFO]: Percentiles: P50: 53,2ms P95: 81,8ms P99: 117,9ms, sample: 100"
"patch-enabled","1","2026-09-29T16:14:03.6152929+00:00","b96cdb8d195dd284058ec5749bd638c7d910075ca1506668a590f9a53216c417","False","False","0","2000","500","0","0","0","False","0","55,2","52,2","77,7","117,9","100","281,7648632994098","155,74750079765082","1589215232","[18:14:03] [Server thread/INFO]: The game is running, but can't keep up with the target tick rate [18:14:03] [Server thread/INFO]: Target tick rate: 20,0 per second. Average time per tick: 55,2ms (Target: 50,0ms) [18:14:03] [Server thread/INFO]: Percentiles: P50: 52,2ms P95: 77,7ms P99: 117,9ms, sample: 100"
"patch-enabled","1","2026-09-29T16:14:03.7539210+00:00","b96cdb8d195dd284058ec5749bd638c7d910075ca1506668a590f9a53216c417","False","False","0","2000","500","0","0","0","False","0","54,2","52,2","75,1","87,3","100","125,29921452428398","155,74750079765082","1589215232","[18:14:03] [Server thread/INFO]: The game is running, but can't keep up with the target tick rate [18:14:03] [Server thread/INFO]: Target tick rate: 20,0 per second. Average time per tick: 54,2ms (Target: 50,0ms) [18:14:03] [Server thread/INFO]: Percentiles: P50: 52,2ms P95: 75,1ms P99: 87,3ms, sample: 100"
"patch-enabled","1","2026-09-29T16:14:03.8785967+00:00","b96cdb8d195dd284058ec5749bd638c7d910075ca1506668a590f9a53216c417","False","False","0","2000","500","0","0","0","False","0","53,6","51,5","71,6","87,3","100","123,57522706206521","155,74750079765082","1589215232","[18:14:03] [Server thread/INFO]: The game is running, but can't keep up with the target tick rate [18:14:03] [Server thread/INFO]: Target tick rate: 20,0 per second. Average time per tick: 53,6ms (Target: 50,0ms) [18:14:03] [Server thread/INFO]: Percentiles: P50: 51,5ms P95: 71,6ms P99: 87,3ms, sample: 100"
"patch-enabled","1","2026-09-29T16:14:04.0051044+00:00","b96cdb8d195dd284058ec5749bd638c7d910075ca1506668a590f9a53216c417","False","False","0","2000","500","0","0","0","False","0","53,1","51,4","68,4","87,3","100","113,76607995055372","155,74750079765082","1589215232","[18:14:04] [Server thread/INFO]: The game is running, but can't keep up with the target tick rate [18:14:04] [Server thread/INFO]: Target tick rate: 20,0 per second. Average time per tick: 53,1ms (Target: 50,0ms) [18:14:04] [Server thread/INFO]: Percentiles: P50: 51,4ms P95: 68,4ms P99: 87,3ms, sample: 100"
"patch-enabled","1","2026-09-29T16:14:04.1286667+00:00","b96cdb8d195dd284058ec5749bd638c7d910075ca1506668a590f9a53216c417","False","False","0","2000","500","0","0","0","False","0","52,5","51,1","66,3","77,7","100","125,98418848040896","155,74750079765082","1589215232","[18:14:04] [Server thread/INFO]: The game is running, but can't keep up with the target tick rate [18:14:04] [Server thread/INFO]: Target tick rate: 20,0 per second. Average time per tick: 52,5ms (Target: 50,0ms) [18:14:04] [Server thread/INFO]: Percentiles: P50: 51,1ms P95: 66,3ms P99: 77,7ms, sample: 100"
"patch-enabled","1","2026-09-29T16:14:04.2526818+00:00","b96cdb8d195dd284058ec5749bd638c7d910075ca1506668a590f9a53216c417","False","False","0","2000","500","0","0","0","False","0","51,7","50,7","65,8","71,2","100","113,64628185732573","155,74750079765082","1589215232","[18:14:04] [Server thread/INFO]: The game is running, but can't keep up with the target tick rate [18:14:04] [Server thread/INFO]: Target tick rate: 20,0 per second. Average time per tick: 51,7ms (Target: 50,0ms) [18:14:04] [Server thread/INFO]: Percentiles: P50: 50,7ms P95: 65,8ms P99: 71,2ms, sample: 100"
"patch-enabled","1","2026-09-29T16:14:04.3764329+00:00","b96cdb8d195dd284058ec5749bd638c7d910075ca1506668a590f9a53216c417","False","False","0","2000","500","0","0","0","False","0","51,4","50,6","65,8","71,2","100","114,97499779248004","155,74750079765082","1589215232","[18:14:04] [Server thread/INFO]: The game is running, but can't keep up with the target tick rate [18:14:04] [Server thread/INFO]: Target tick rate: 20,0 per second. Average time per tick: 51,4ms (Target: 50,0ms) [18:14:04] [Server thread/INFO]: Percentiles: P50: 50,6ms P95: 65,8ms P99: 71,2ms, sample: 100"
"patch-enabled","1","2026-09-29T16:14:04.4987844+00:00","b96cdb8d195dd284058ec5749bd638c7d910075ca1506668a590f9a53216c417","False","False","0","2000","500","0","0","0","False","0","51,5","50,6","65,8","71,2","100","347,7930444570931","155,74750079765082","1589215232","[18:14:04] [Server thread/INFO]: The game is running, but can't keep up with the target tick rate [18:14:04] [Server thread/INFO]: Target tick rate: 20,0 per second. Average time per tick: 51,5ms (Target: 50,0ms) [18:14:04] [Server thread/INFO]: Percentiles: P50: 50,6ms P95: 65,8ms P99: 71,2ms, sample: 100"
"patch-enabled","1","2026-09-29T16:14:04.6245481+00:00","b96cdb8d195dd284058ec5749bd638c7d910075ca1506668a590f9a53216c417","False","False","0","2000","500","0","0","0","False","0","51,6","50,7","65,8","71,2","100","191,15519314116816","155,74750079765082","1589215232","[18:14:04] [Server thread/INFO]: The game is running, but can't keep up with the target tick rate [18:14:04] [Server thread/INFO]: Target tick rate: 20,0 per second. Average time per tick: 51,6ms (Target: 50,0ms) [18:14:04] [Server thread/INFO]: Percentiles: P50: 50,7ms P95: 65,8ms P99: 71,2ms, sample: 100"
"patch-enabled","1","2026-09-29T16:14:04.7471351+00:00","b96cdb8d195dd284058ec5749bd638c7d910075ca1506668a590f9a53216c417","False","False","0","2000","500","0","0","0","False","0","51,4","50,6","65,8","71,2","100","123,53722047974347","155,74750079765082","1589215232","[18:14:04] [Server thread/INFO]: The game is running, but can't keep up with the target tick rate [18:14:04] [Server thread/INFO]: Target tick rate: 20,0 per second. Average time per tick: 51,4ms (Target: 50,0ms) [18:14:04] [Server thread/INFO]: Percentiles: P50: 50,6ms P95: 65,8ms P99: 71,2ms, sample: 100"
"patch-enabled","1","2026-09-29T16:14:04.8736153+00:00","b96cdb8d195dd284058ec5749bd638c7d910075ca1506668a590f9a53216c417","False","False","0","2000","500","0","0","0","False","0","51,1","50,6","65,8","71,2","100","113,54754422399287","155,74750079765082","1589215232","[18:14:04] [Server thread/INFO]: The game is running, but can't keep up with the target tick rate [18:14:04] [Server thread/INFO]: Target tick rate: 20,0 per second. Average time per tick: 51,1ms (Target: 50,0ms) [18:14:04] [Server thread/INFO]: Percentiles: P50: 50,6ms P95: 65,8ms P99: 71,2ms, sample: 100"
"patch-enabled","1","2026-09-29T16:14:04.9974685+00:00","b96cdb8d195dd284058ec5749bd638c7d910075ca1506668a590f9a53216c417","False","False","0","2000","500","0","0","0","False","0","50,8","50,5","65,5","71,2","100","126,76775093321346","155,74750079765082","1589215232","[18:14:05] [Server thread/INFO]: The game is running, but can't keep up with the target tick rate [18:14:05] [Server thread/INFO]: Target tick rate: 20,0 per second. Average time per tick: 50,8ms (Target: 50,0ms) [18:14:05] [Server thread/INFO]: Percentiles: P50: 50,5ms P95: 65,5ms P99: 71,2ms, sample: 100"
"patch-enabled","1","2026-09-29T16:14:05.1207417+00:00","b96cdb8d195dd284058ec5749bd638c7d910075ca1506668a590f9a53216c417","False","False","0","2000","500","0","0","0","False","0","50,4","50,2","64,6","71,2","100","199,22191887364707","155,74750079765082","1589215232","[18:14:05] [Server thread/INFO]: The game is running, but can't keep up with the target tick rate [18:14:05] [Server thread/INFO]: Target tick rate: 20,0 per second. Average time per tick: 50,4ms (Target: 50,0ms) [18:14:05] [Server thread/INFO]: Percentiles: P50: 50,2ms P95: 64,6ms P99: 71,2ms, sample: 100"
"patch-enabled","1","2026-09-29T16:14:05.2462187+00:00","b96cdb8d195dd284058ec5749bd638c7d910075ca1506668a590f9a53216c417","False","False","0","2000","500","0","0","0","False","0","50,1","50","64,6","71,2","100","162,9452969073885","155,74750079765082","1589215232","[18:14:05] [Server thread/INFO]: The game is running, but can't keep up with the target tick rate [18:14:05] [Server thread/INFO]: Target tick rate: 20,0 per second. Average time per tick: 50,1ms (Target: 50,0ms) [18:14:05] [Server thread/INFO]: Percentiles: P50: 50,0ms P95: 64,6ms P99: 71,2ms, sample: 100"
"patch-enabled","1","2026-09-29T16:14:05.3708877+00:00","b96cdb8d195dd284058ec5749bd638c7d910075ca1506668a590f9a53216c417","False","False","0","2000","500","0","0","0","False","0","50,1","50","64,6","71,2","100","101,37973767790116","155,74750079765082","1589215232","[18:14:05] [Server thread/INFO]: The game is running, but can't keep up with the target tick rate [18:14:05] [Server thread/INFO]: Target tick rate: 20,0 per second. Average time per tick: 50,1ms (Target: 50,0ms) [18:14:05] [Server thread/INFO]: Percentiles: P50: 50,0ms P95: 64,6ms P99: 71,2ms, sample: 100"
"patch-enabled","1","2026-09-29T16:14:05.4941876+00:00","b96cdb8d195dd284058ec5749bd638c7d910075ca1506668a590f9a53216c417","False","False","0","2000","500","0","0","0","False","0","49,5","49,6","63,7","71,2","100","139,9624432414121","155,74750079765082","1589215232","[18:14:05] [Server thread/INFO]: The game is running normally [18:14:05] [Server thread/INFO]: Target tick rate: 20,0 per second. Average time per tick: 49,5ms (Target: 50,0ms) [18:14:05] [Server thread/INFO]: Percentiles: P50: 49,6ms P95: 63,7ms P99: 71,2ms, sample: 100 [18:14:05] [Server thread/INFO]: Villager class_1646['Villager'/2071, l='ServerLevel[world]', x=0.35, y=63.00, z=14.98] died, message: 'Villager hit the ground too hard'"
"patch-enabled","1","2026-09-29T16:14:05.6169686+00:00","b96cdb8d195dd284058ec5749bd638c7d910075ca1506668a590f9a53216c417","False","False","0","2000","500","0","0","0","False","0","49,1","49,2","62,7","66,4","100","135,14010244700887","155,74750079765082","1589215232","[18:14:05] [Server thread/INFO]: The game is running normally [18:14:05] [Server thread/INFO]: Target tick rate: 20,0 per second. Average time per tick: 49,1ms (Target: 50,0ms) [18:14:05] [Server thread/INFO]: Percentiles: P50: 49,2ms P95: 62,7ms P99: 66,4ms, sample: 100"
"patch-enabled","1","2026-09-29T16:14:05.7557778+00:00","b96cdb8d195dd284058ec5749bd638c7d910075ca1506668a590f9a53216c417","False","False","0","2000","500","0","0","0","False","0","48,5","48,8","62,7","66,4","100","122,200323924175","155,74750079765082","1589215232","[18:14:05] [Server thread/INFO]: The game is running normally [18:14:05] [Server thread/INFO]: Target tick rate: 20,0 per second. Average time per tick: 48,5ms (Target: 50,0ms) [18:14:05] [Server thread/INFO]: Percentiles: P50: 48,8ms P95: 62,7ms P99: 66,4ms, sample: 100"
"patch-enabled","1","2026-09-29T16:14:05.8963657+00:00","b96cdb8d195dd284058ec5749bd638c7d910075ca1506668a590f9a53216c417","False","False","0","2000","500","0","0","0","False","0","48,2","48,7","62,7","66,4","100","100,41467243127218","155,74750079765082","1589215232","[18:14:05] [Server thread/INFO]: The game is running normally [18:14:05] [Server thread/INFO]: Target tick rate: 20,0 per second. Average time per tick: 48,2ms (Target: 50,0ms) [18:14:05] [Server thread/INFO]: Percentiles: P50: 48,7ms P95: 62,7ms P99: 66,4ms, sample: 100"
"patch-enabled","1","2026-09-29T16:14:06.0208659+00:00","b96cdb8d195dd284058ec5749bd638c7d910075ca1506668a590f9a53216c417","False","False","0","2000","500","0","0","0","False","0","48,1","48,3","62,7","66,4","100","138,61468384158047","155,74750079765082","1589215232","[18:14:06] [Server thread/INFO]: The game is running normally [18:14:06] [Server thread/INFO]: Target tick rate: 20,0 per second. Average time per tick: 48,1ms (Target: 50,0ms) [18:14:06] [Server thread/INFO]: Percentiles: P50: 48,3ms P95: 62,7ms P99: 66,4ms, sample: 100"
"patch-enabled","1","2026-09-29T16:14:06.1448377+00:00","b96cdb8d195dd284058ec5749bd638c7d910075ca1506668a590f9a53216c417","False","False","0","2000","500","0","0","0","False","0","47,9","48,2","62,7","66,4","100","100,3228791542701","155,74750079765082","1589215232","[18:14:06] [Server thread/INFO]: The game is running normally [18:14:06] [Server thread/INFO]: Target tick rate: 20,0 per second. Average time per tick: 47,9ms (Target: 50,0ms) [18:14:06] [Server thread/INFO]: Percentiles: P50: 48,2ms P95: 62,7ms P99: 66,4ms, sample: 100"
"patch-enabled","1","2026-09-29T16:14:06.2694466+00:00","b96cdb8d195dd284058ec5749bd638c7d910075ca1506668a590f9a53216c417","False","False","0","2000","500","0","0","0","False","0","47,5","47,4","62,7","66,4","100","125,96357093220298","155,74750079765082","1589215232","[18:14:06] [Server thread/INFO]: The game is running normally [18:14:06] [Server thread/INFO]: Target tick rate: 20,0 per second. Average time per tick: 47,5ms (Target: 50,0ms) [18:14:06] [Server thread/INFO]: Percentiles: P50: 47,4ms P95: 62,7ms P99: 66,4ms, sample: 100"
"patch-enabled","1","2026-09-29T16:14:06.3935021+00:00","b96cdb8d195dd284058ec5749bd638c7d910075ca1506668a590f9a53216c417","False","False","0","2000","500","0","0","0","False","0","46,9","46","60,3","65,5","100","112,14114832535884","155,74750079765082","1589215232","[18:14:06] [Server thread/INFO]: The game is running normally [18:14:06] [Server thread/INFO]: Target tick rate: 20,0 per second. Average time per tick: 46,9ms (Target: 50,0ms) [18:14:06] [Server thread/INFO]: Percentiles: P50: 46,0ms P95: 60,3ms P99: 65,5ms, sample: 100 [18:14:06] [Server thread/INFO]: Villager class_1646['Villager'/1642, l='ServerLevel[world]', x=10.18, y=63.00, z=13.38] died, message: 'Villager suffocated in a wall' [18:14:06] [Server thread/INFO]: Villager class_1646['Villager'/57, l='ServerLevel[world]', x=20.50, y=63.00, z=-39.50] died, message: 'Villager suffocated in a wall' [18:14:06] [Server thread/INFO]: Villager class_1646['Villager'/58, l='ServerLevel[world]', x=24.50, y=62.53, z=-39.50] died, message: 'Villager suffocated in a wall' [18:14:06] [Server thread/INFO]: Villager class_1646['Villager'/59, l='ServerLevel[world]', x=28.50, y=62.57, z=-39.50] died, message: 'Villager suffocated in a wall' [18:14:06] [Server thread/INFO]: Villager class_1646['Villager'/63, l='ServerLevel[world]', x=28.50, y=62.50, z=-35.50] died, message: 'Villager suffocated in a wall'"
"patch-enabled","1","2026-09-29T16:14:06.5188731+00:00","b96cdb8d195dd284058ec5749bd638c7d910075ca1506668a590f9a53216c417","False","False","0","2000","500","0","0","0","False","0","46,7","45,5","60,3","65,5","100","174,75673861984117","155,74750079765082","1589215232","[18:14:06] [Server thread/INFO]: Villager class_1646['Villager'/527, l='ServerLevel[world]', x=-17.33, y=63.00, z=-35.61] died, message: 'Villager suffocated in a wall' [18:14:06] [Server thread/INFO]: The game is running normally [18:14:06] [Server thread/INFO]: Target tick rate: 20,0 per second. Average time per tick: 46,7ms (Target: 50,0ms) [18:14:06] [Server thread/INFO]: Percentiles: P50: 45,5ms P95: 60,3ms P99: 65,5ms, sample: 100 [18:14:06] [Server thread/INFO]: Villager class_1646['Villager'/167, l='ServerLevel[world]', x=36.50, y=63.00, z=-43.50] died, message: 'Villager suffocated in a wall' [18:14:06] [Server thread/INFO]: Villager class_1646['Villager'/170, l='ServerLevel[world]', x=32.50, y=63.00, z=-39.50] died, message: 'Villager suffocated in a wall' [18:14:06] [Server thread/INFO]: Villager class_1646['Villager'/171, l='ServerLevel[world]', x=36.50, y=63.00, z=-39.50] died, message: 'Villager suffocated in a wall' [18:14:06] [Server thread/INFO]: Villager class_1646['Villager'/172, l='ServerLevel[world]', x=40.50, y=63.00, z=-39.50] died, message: 'Villager suffocated in a wall' [18:14:06] [Server thread/INFO]: Villager class_1646['Villager'/173, l='ServerLevel[world]', x=44.50, y=63.00, z=-39.50] died, message: 'Villager suffocated in a wall' [18:14:06] [Server thread/INFO]: Villager class_1646['Villager'/174, l='ServerLevel[world]', x=32.50, y=63.00, z=-35.50] died, message: 'Villager suffocated in a wall' [18:14:06] [Server thread/INFO]: Villager class_1646['Villager'/175, l='ServerLevel[world]', x=36.50, y=63.00, z=-35.50] died, message: 'Villager suffocated in a wall' [18:14:06] [Server thread/INFO]: Villager class_1646['Villager'/176, l='ServerLevel[world]', x=40.50, y=63.00, z=-35.50] died, message: 'Villager suffocated in a wall' [18:14:06] [Server thread/INFO]: Villager class_1646['Villager'/177, l='ServerLevel[world]', x=44.50, y=63.00, z=-35.50] died, message: 'Villager suffocated in a wall' [18:14:06] [Server thread/INFO]: Villager class_1646['Villager'/245, l='ServerLevel[world]', x=28.50, y=63.00, z=-31.50] died, message: 'Villager suffocated in a wall' [18:14:06] [Server thread/INFO]: Villager class_1646['Villager'/246, l='ServerLevel[world]', x=16.50, y=62.50, z=-27.50] died, message: 'Villager suffocated in a wall' [18:14:06] [Server thread/INFO]: Villager class_1646['Villager'/247, l='ServerLevel[world]', x=20.50, y=62.50, z=-27.50] died, message: 'Villager suffocated in a wall' [18:14:06] [Server thread/INFO]: Villager class_1646['Villager'/248, l='ServerLevel[world]', x=24.50, y=62.49, z=-27.50] died, message: 'Villager suffocated in a wall' [18:14:06] [Server thread/INFO]: Villager class_1646['Villager'/249, l='ServerLevel[world]', x=28.50, y=63.00, z=-27.50] died, message: 'Villager suffocated in a wall' [18:14:06] [Server thread/INFO]: Villager class_1646['Villager'/253, l='ServerLevel[world]', x=28.70, y=62.51, z=-23.30] died, message: 'Villager suffocated in a wall' [18:14:06] [Server thread/INFO]: Villager class_1646['Villager'/256, l='ServerLevel[world]', x=24.50, y=62.52, z=-19.50] died, message: 'Villager suffocated in a wall' [18:14:06] [Server thread/INFO]: Villager class_1646['Villager'/257, l='ServerLevel[world]', x=28.50, y=63.00, z=-19.50] died, message: 'Villager suffocated in a wall' [18:14:06] [Server thread/INFO]: Villager class_1646['Villager'/315, l='ServerLevel[world]', x=32.50, y=63.00, z=-31.50] died, message: 'Villager suffocated in a wall' [18:14:06] [Server thread/INFO]: Villager class_1646['Villager'/316, l='ServerLevel[world]', x=36.50, y=63.00, z=-31.50] died, message: 'Villager suffocated in a wall' [18:14:06] [Server thread/INFO]: Villager class_1646['Villager'/317, l='ServerLevel[world]', x=40.50, y=63.00, z=-31.50] died, message: 'Villager suffocated in a wall' [18:14:06] [Server thread/INFO]: Villager class_1646['Villager'/318, l='ServerLevel[world]', x=44.50, y=63.00, z=-31.50] died, message: 'Villager suffocated in a wall' [18:14:06] [Server thread/INFO]: Villager class_1646['Villager'/319, l='ServerLevel[world]', x=32.50, y=63.00, z=-27.50] died, message: 'Villager suffocated in a wall' [18:14:06] [Server thread/INFO]: Villager class_1646['Villager'/320, l='ServerLevel[world]', x=36.50, y=63.00, z=-27.50] died, message: 'Villager suffocated in a wall' [18:14:06] [Server thread/INFO]: Villager class_1646['Villager'/321, l='ServerLevel[world]', x=40.50, y=63.00, z=-27.50] died, message: 'Villager suffocated in a wall' [18:14:06] [Server thread/INFO]: Villager class_1646['Villager'/322, l='ServerLevel[world]', x=44.50, y=63.00, z=-27.50] died, message: 'Villager suffocated in a wall' [18:14:06] [Server thread/INFO]: Villager class_1646['Villager'/323, l='ServerLevel[world]', x=32.50, y=63.00, z=-23.50] died, message: 'Villager suffocated in a wall' [18:14:06] [Server thread/INFO]: Villager class_1646['Villager'/324, l='ServerLevel[world]', x=36.50, y=63.00, z=-23.50] died, message: 'Villager suffocated in a wall' [18:14:06] [Server thread/INFO]: Villager class_1646['Villager'/325, l='ServerLevel[world]', x=40.50, y=63.00, z=-23.50] died, message: 'Villager suffocated in a wall' [18:14:06] [Server thread/INFO]: Villager class_1646['Villager'/326, l='ServerLevel[world]', x=44.50, y=63.00, z=-23.50] died, message: 'Villager suffocated in a wall' [18:14:06] [Server thread/INFO]: Villager class_1646['Villager'/327, l='ServerLevel[world]', x=32.20, y=63.00, z=-20.06] died, message: 'Villager suffocated in a wall' [18:14:06] [Server thread/INFO]: Villager class_1646['Villager'/328, l='ServerLevel[world]', x=36.50, y=63.00, z=-19.50] died, message: 'Villager suffocated in a wall' [18:14:06] [Server thread/INFO]: Villager class_1646['Villager'/329, l='ServerLevel[world]', x=40.50, y=63.00, z=-19.50] died, message: 'Villager suffocated in a wall' [18:14:06] [Server thread/INFO]: Villager class_1646['Villager'/330, l='ServerLevel[world]', x=44.50, y=63.00, z=-19.50] died, message: 'Villager suffocated in a wall' [18:14:06] [Server thread/INFO]: Villager class_1646['Villager'/396, l='ServerLevel[world]', x=4.50, y=62.51, z=-31.50] died, message: 'Villager suffocated in a wall'"
"patch-enabled","1","2026-09-29T16:14:06.6440683+00:00","b96cdb8d195dd284058ec5749bd638c7d910075ca1506668a590f9a53216c417","False","False","0","2000","500","0","0","0","False","0","46,6","45,5","60,3","65,5","100","125,21346391327937","155,74750079765082","1589215232","[18:14:06] [Server thread/INFO]: The game is running normally [18:14:06] [Server thread/INFO]: Target tick rate: 20,0 per second. Average time per tick: 46,6ms (Target: 50,0ms) [18:14:06] [Server thread/INFO]: Percentiles: P50: 45,5ms P95: 60,3ms P99: 65,5ms, sample: 100 [18:14:06] [Server thread/INFO]: Villager class_1646['Villager'/2073, l='ServerLevel[world]', x=9.30, y=64.00, z=15.43] died, message: 'Villager suffocated in a wall'"
"patch-enabled","1","2026-09-29T16:14:06.7688902+00:00","b96cdb8d195dd284058ec5749bd638c7d910075ca1506668a590f9a53216c417","False","False","0","2000","500","0","0","0","False","0","46,2","45,1","59,8","65,5","100","76,22428395923973","155,74750079765082","1589215232","[18:14:06] [Server thread/INFO]: Villager class_1646['Villager'/116, l='ServerLevel[world]', x=1.05, y=63.00, z=-39.50] died, message: 'Villager suffocated in a wall' [18:14:06] [Server thread/INFO]: The game is running normally [18:14:06] [Server thread/INFO]: Target tick rate: 20,0 per second. Average time per tick: 46,2ms (Target: 50,0ms) [18:14:06] [Server thread/INFO]: Percentiles: P50: 45,1ms P95: 59,8ms P99: 65,5ms, sample: 100 [18:14:06] [Server thread/INFO]: Villager class_1646['Villager'/829, l='ServerLevel[world]', x=39.06, y=63.00, z=15.29] died, message: 'Villager suffocated in a wall'"
"patch-enabled","1","2026-09-29T16:14:06.8918697+00:00","b96cdb8d195dd284058ec5749bd638c7d910075ca1506668a590f9a53216c417","False","False","0","2000","500","0","0","0","False","0","45,8","44,8","59,8","65,5","100","199,7845523387579","155,74750079765082","1589215232","[18:14:06] [Server thread/INFO]: The game is running normally [18:14:06] [Server thread/INFO]: Target tick rate: 20,0 per second. Average time per tick: 45,8ms (Target: 50,0ms) [18:14:06] [Server thread/INFO]: Percentiles: P50: 44,8ms P95: 59,8ms P99: 65,5ms, sample: 100"
"patch-enabled","1","2026-09-29T16:14:07.0169807+00:00","b96cdb8d195dd284058ec5749bd638c7d910075ca1506668a590f9a53216c417","False","False","0","2000","500","0","0","0","False","0","45,8","44,8","59,8","65,5","100","112,20906433798447","155,74750079765082","1589215232","[18:14:07] [Server thread/INFO]: The game is running normally [18:14:07] [Server thread/INFO]: Target tick rate: 20,0 per second. Average time per tick: 45,8ms (Target: 50,0ms) [18:14:07] [Server thread/INFO]: Percentiles: P50: 44,8ms P95: 59,8ms P99: 65,5ms, sample: 100"
"patch-enabled","1","2026-09-29T16:14:07.1423331+00:00","b96cdb8d195dd284058ec5749bd638c7d910075ca1506668a590f9a53216c417","False","False","0","2000","500","0","0","0","False","0","45,7","44,8","59,8","65,5","100","101,53042907571572","155,74750079765082","1589215232","[18:14:07] [Server thread/INFO]: The game is running normally [18:14:07] [Server thread/INFO]: Target tick rate: 20,0 per second. Average time per tick: 45,7ms (Target: 50,0ms) [18:14:07] [Server thread/INFO]: Percentiles: P50: 44,8ms P95: 59,8ms P99: 65,5ms, sample: 100 [18:14:07] [Server thread/INFO]: Villager class_1646['Villager'/524, l='ServerLevel[world]', x=-17.56, y=63.00, z=-38.48] died, message: 'Villager suffocated in a wall' [18:14:07] [Server thread/INFO]: Villager class_1646['Villager'/525, l='ServerLevel[world]', x=-13.99, y=63.00, z=-38.38] died, message: 'Villager suffocated in a wall' [18:14:07] [Server thread/INFO]: Villager class_1646['Villager'/596, l='ServerLevel[world]', x=-8.09, y=62.47, z=-31.46] died, message: 'Villager suffocated in a wall'"
"patch-enabled","1","2026-09-29T16:14:07.2654084+00:00","b96cdb8d195dd284058ec5749bd638c7d910075ca1506668a590f9a53216c417","False","False","0","2000","500","0","0","0","False","0","45,5","43,6","59,8","65,5","100","99,756832744502","155,74750079765082","1589215232","[18:14:07] [Server thread/INFO]: The game is running normally [18:14:07] [Server thread/INFO]: Target tick rate: 20,0 per second. Average time per tick: 45,5ms (Target: 50,0ms) [18:14:07] [Server thread/INFO]: Percentiles: P50: 43,6ms P95: 59,8ms P99: 65,5ms, sample: 100 [18:14:07] [Server thread/INFO]: Villager class_1646['Villager'/820, l='ServerLevel[world]', x=39.27, y=63.00, z=-0.33] died, message: 'Villager suffocated in a wall' [18:14:07] [Server thread/INFO]: Villager class_1646['Villager'/822, l='ServerLevel[world]', x=43.07, y=66.00, z=-0.34] died, message: 'Villager suffocated in a wall' [18:14:07] [Server thread/INFO]: Villager class_1646['Villager'/830, l='ServerLevel[world]', x=42.70, y=67.00, z=6.30] died, message: 'Villager suffocated in a wall' [18:14:07] [Server thread/INFO]: Villager class_1646['Villager'/833, l='ServerLevel[world]', x=44.30, y=63.49, z=12.30] died, message: 'Villager suffocated in a wall' [18:14:07] [Server thread/INFO]: Villager class_1646['Villager'/955, l='ServerLevel[world]', x=42.35, y=68.00, z=36.56] died, message: 'Villager suffocated in a wall' [18:14:07] [Server thread/INFO]: Villager class_1646['Villager'/1325, l='ServerLevel[world]', x=-8.30, y=67.00, z=22.30] died, message: 'Villager suffocated in a wall' [18:14:07] [Server thread/INFO]: Villager class_1646['Villager'/1326, l='ServerLevel[world]', x=-4.48, y=66.00, z=24.30] died, message: 'Villager suffocated in a wall' [18:14:07] [Server thread/INFO]: Villager class_1646['Villager'/1329, l='ServerLevel[world]', x=-6.30, y=63.00, z=24.50] died, message: 'Villager suffocated in a wall' [18:14:07] [Server thread/INFO]: Villager class_1646['Villager'/1330, l='ServerLevel[world]', x=-7.30, y=69.00, z=22.39] died, message: 'Villager suffocated in a wall' [18:14:07] [Server thread/INFO]: Villager class_1646['Villager'/1404, l='ServerLevel[world]', x=-27.50, y=62.51, z=-11.50] died, message: 'Villager suffocated in a wall' [18:14:07] [Server thread/INFO]: Villager class_1646['Villager'/1630, l='ServerLevel[world]', x=4.05, y=63.00, z=-2.49] died, message: 'Villager suffocated in a wall' [18:14:07] [Server thread/INFO]: Villager class_1646['Villager'/1637, l='ServerLevel[world]', x=2.31, y=63.00, z=8.70] died, message: 'Villager suffocated in a wall' [18:14:07] [Server thread/INFO]: Villager class_1646['Villager'/1641, l='ServerLevel[world]', x=0.46, y=71.77, z=12.45] died, message: 'Villager suffocated in a wall' [18:14:07] [Server thread/INFO]: Villager class_1646['Villager'/529, l='ServerLevel[world]', x=-9.70, y=69.00, z=-35.64] died, message: 'Villager suffocated in a wall' [18:14:07] [Server thread/INFO]: Villager class_1646['Villager'/821, l='ServerLevel[world]', x=40.31, y=69.00, z=2.07] died, message: 'Villager suffocated in a wall' [18:14:07] [Server thread/INFO]: Villager class_1646['Villager'/1091, l='ServerLevel[world]', x=26.30, y=63.77, z=40.39] died, message: 'Villager suffocated in a wall' [18:14:07] [Server thread/INFO]: Villager class_1646['Villager'/2074, l='ServerLevel[world]', x=8.72, y=63.00, z=12.66] died, message: 'Villager suffocated in a wall' [18:14:07] [Server thread/INFO]: Villager class_1646['Villager'/2075, l='ServerLevel[world]', x=5.82, y=63.00, z=24.85] died, message: 'Villager suffocated in a wall' [18:14:07] [Server thread/INFO]: Villager class_1646['Villager'/2078, l='ServerLevel[world]', x=-2.30, y=69.75, z=23.46] died, message: 'Villager suffocated in a wall' [18:14:07] [Server thread/INFO]: Villager class_1646['Villager'/2080, l='ServerLevel[world]', x=8.57, y=69.00, z=23.29] died, message: 'Villager suffocated in a wall' [18:14:07] [Server thread/INFO]: Villager class_1646['Villager'/2082, l='ServerLevel[world]', x=2.61, y=63.00, z=24.09] died, message: 'Villager suffocated in a wall' [18:14:07] [Server thread/INFO]: Villager class_1646['Villager'/2168, l='ServerLevel[world]', x=4.71, y=63.00, z=-2.50] died, message: 'Villager suffocated in a wall'"
"patch-enabled","1","2026-09-29T16:14:07.3907248+00:00","b96cdb8d195dd284058ec5749bd638c7d910075ca1506668a590f9a53216c417","False","False","0","2000","500","0","0","0","False","0","45","43,1","59,8","65,5","100","100,31136648155876","155,74750079765082","1589215232","[18:14:07] [Server thread/INFO]: The game is running normally [18:14:07] [Server thread/INFO]: Target tick rate: 20,0 per second. Average time per tick: 45,0ms (Target: 50,0ms) [18:14:07] [Server thread/INFO]: Percentiles: P50: 43,1ms P95: 59,8ms P99: 65,5ms, sample: 100 [18:14:07] [Server thread/INFO]: Villager class_1646['Villager'/2076, l='ServerLevel[world]', x=9.69, y=69.17, z=22.28] died, message: 'Villager suffocated in a wall' [18:14:07] [Server thread/INFO]: Villager class_1646['Villager'/465, l='ServerLevel[world]', x=-23.50, y=63.00, z=-39.50] died, message: 'Villager suffocated in a wall' [18:14:07] [Server thread/INFO]: Villager class_1646['Villager'/469, l='ServerLevel[world]', x=-23.50, y=63.00, z=-35.50] died, message: 'Villager suffocated in a wall' [18:14:07] [Server thread/INFO]: Villager class_1646['Villager'/470, l='ServerLevel[world]', x=-18.86, y=63.00, z=-33.52] died, message: 'Villager suffocated in a wall' [18:14:07] [Server thread/INFO]: Villager class_1646['Villager'/523, l='ServerLevel[world]', x=-16.84, y=63.00, z=-35.70] died, message: 'Villager suffocated in a wall' [18:14:07] [Server thread/INFO]: Villager class_1646['Villager'/526, l='ServerLevel[world]', x=-4.66, y=62.60, z=-39.52] died, message: 'Villager suffocated in a wall' [18:14:07] [Server thread/INFO]: Villager class_1646['Villager'/595, l='ServerLevel[world]', x=-8.56, y=62.19, z=-31.54] died, message: 'Villager suffocated in a wall' [18:14:07] [Server thread/INFO]: Villager class_1646['Villager'/597, l='ServerLevel[world]', x=-6.70, y=63.60, z=-31.89] died, message: 'Villager suffocated in a wall' [18:14:07] [Server thread/INFO]: Villager class_1646['Villager'/599, l='ServerLevel[world]', x=-15.50, y=62.53, z=-27.50] died, message: 'Villager suffocated in a wall' [18:14:07] [Server thread/INFO]: Villager class_1646['Villager'/678, l='ServerLevel[world]', x=-19.50, y=62.53, z=-31.50] died, message: 'Villager suffocated in a wall' [18:14:07] [Server thread/INFO]: Villager class_1646['Villager'/690, l='ServerLevel[world]', x=-21.30, y=61.28, z=-20.28] died, message: 'Villager suffocated in a wall' [18:14:07] [Server thread/INFO]: Villager class_1646['Villager'/747, l='ServerLevel[world]', x=31.92, y=63.00, z=-15.67] died, message: 'Villager suffocated in a wall' [18:14:07] [Server thread/INFO]: Villager class_1646['Villager'/748, l='ServerLevel[world]', x=36.48, y=63.00, z=-14.96] died, message: 'Villager suffocated in a wall' [18:14:07] [Server thread/INFO]: Villager class_1646['Villager'/749, l='ServerLevel[world]', x=40.50, y=62.55, z=-15.50] died, message: 'Villager suffocated in a wall' [18:14:07] [Server thread/INFO]: Villager class_1646['Villager'/750, l='ServerLevel[world]', x=44.50, y=63.00, z=-15.50] died, message: 'Villager suffocated in a wall' [18:14:07] [Server thread/INFO]: Villager class_1646['Villager'/751, l='ServerLevel[world]', x=32.50, y=63.00, z=-11.50] died, message: 'Villager suffocated in a wall' [18:14:07] [Server thread/INFO]: Villager class_1646['Villager'/752, l='ServerLevel[world]', x=35.45, y=63.00, z=-12.14] died, message: 'Villager suffocated in a wall' [18:14:07] [Server thread/INFO]: Villager class_1646['Villager'/753, l='ServerLevel[world]', x=40.50, y=62.59, z=-11.50] died, message: 'Villager suffocated in a wall' [18:14:07] [Server thread/INFO]: Villager class_1646['Villager'/754, l='ServerLevel[world]', x=44.50, y=63.00, z=-11.50] died, message: 'Villager suffocated in a wall' [18:14:07] [Server thread/INFO]: Villager class_1646['Villager'/755, l='ServerLevel[world]', x=32.50, y=63.00, z=-7.50] died, message: 'Villager suffocated in a wall' [18:14:07] [Server thread/INFO]: Villager class_1646['Villager'/756, l='ServerLevel[world]', x=36.41, y=63.00, z=-6.75] died, message: 'Villager suffocated in a wall' [18:14:07] [Server thread/INFO]: Villager class_1646['Villager'/757, l='ServerLevel[world]', x=41.64, y=63.00, z=-8.64] died, message: 'Villager suffocated in a wall' [18:14:07] [Server thread/INFO]: Villager class_1646['Villager'/758, l='ServerLevel[world]', x=43.86, y=62.49, z=-7.30] died, message: 'Villager suffocated in a wall' [18:14:07] [Server thread/INFO]: Villager class_1646['Villager'/759, l='ServerLevel[world]', x=31.36, y=63.00, z=-4.64] died, message: 'Villager suffocated in a wall' [18:14:07] [Server thread/INFO]: Villager class_1646['Villager'/760, l='ServerLevel[world]', x=36.69, y=63.00, z=-4.18] died, message: 'Villager suffocated in a wall' [18:14:07] [Server thread/INFO]: Villager class_1646['Villager'/761, l='ServerLevel[world]', x=40.55, y=63.00, z=-1.71] died, message: 'Villager suffocated in a wall' [18:14:07] [Server thread/INFO]: Villager class_1646['Villager'/762, l='ServerLevel[world]', x=51.50, y=64.00, z=4.54] died, message: 'Villager suffocated in a wall' [18:14:07] [Server thread/INFO]: Villager class_1646['Villager'/905, l='ServerLevel[world]', x=40.14, y=67.00, z=34.52] died, message: 'Villager suffocated in a wall' [18:14:07] [Server thread/INFO]: Villager class_1646['Villager'/1085, l='ServerLevel[world]', x=17.19, y=63.00, z=30.68] died, message: 'Villager suffocated in a wall' [18:14:07] [Server thread/INFO]: Villager class_1646['Villager'/1090, l='ServerLevel[world]', x=18.05, y=68.00, z=38.51] died, message: 'Villager suffocated in a wall' [18:14:07] [Server thread/INFO]: Villager class_1646['Villager'/530, l='ServerLevel[world]', x=-10.74, y=67.00, z=-35.49] died, message: 'Villager suffocated in a wall' [18:14:07] [Server thread/INFO]: Villager class_1646['Villager'/819, l='ServerLevel[world]', x=31.80, y=63.00, z=-0.79] died, message: 'Villager suffocated in a wall' [18:14:07] [Server thread/INFO]: Villager class_1646['Villager'/823, l='ServerLevel[world]', x=30.22, y=63.00, z=2.65] died, message: 'Villager suffocated in a wall' [18:14:07] [Server thread/INFO]: Villager class_1646['Villager'/827, l='ServerLevel[world]', x=30.93, y=63.00, z=9.30] died, message: 'Villager suffocated in a wall' [18:14:07] [Server thread/INFO]: Villager class_1646['Villager'/831, l='ServerLevel[world]', x=32.50, y=63.00, z=12.50] died, message: 'Villager suffocated in a wall' [18:14:07] [Server thread/INFO]: Villager class_1646['Villager'/832, l='ServerLevel[world]', x=38.72, y=63.69, z=10.37] died, message: 'Villager suffocated in a wall' [18:14:07] [Server thread/INFO]: Villager class_1646['Villager'/891, l='ServerLevel[world]', x=31.21, y=63.00, z=17.21] died, message: 'Villager suffocated in a wall' [18:14:07] [Server thread/INFO]: Villager class_1646['Villager'/892, l='ServerLevel[world]', x=36.24, y=62.51, z=16.72] died, message: 'Villager suffocated in a wall' [18:14:07] [Server thread/INFO]: Villager class_1646['Villager'/893, l='ServerLevel[world]', x=39.70, y=63.50, z=15.01] died, message: 'Villager suffocated in a wall' [18:14:07] [Server thread/INFO]: Villager class_1646['Villager'/895, l='ServerLevel[world]', x=31.20, y=63.00, z=20.50] died, message: 'Villager suffocated in a wall' [18:14:07] [Server thread/INFO]: Villager class_1646['Villager'/901, l='ServerLevel[world]', x=39.70, y=65.75, z=24.49] died, message: 'Villager suffocated in a wall'"
"patch-enabled","1","2026-09-29T16:14:07.5153495+00:00","b96cdb8d195dd284058ec5749bd638c7d910075ca1506668a590f9a53216c417","False","False","0","2000","500","0","0","0","False","0","44,5","42,9","59,8","65,5","100","176,3913751673198","155,74750079765082","1589215232","[18:14:07] [Server thread/INFO]: Villager class_1646['Villager'/951, l='ServerLevel[world]', x=45.08, y=66.00, z=31.63] died, message: 'Villager suffocated in a wall' [18:14:07] [Server thread/INFO]: Villager class_1646['Villager'/953, l='ServerLevel[world]', x=33.21, y=62.50, z=36.35] died, message: 'Villager suffocated in a wall' [18:14:07] [Server thread/INFO]: Villager class_1646['Villager'/956, l='ServerLevel[world]', x=46.56, y=66.00, z=33.07] died, message: 'Villager suffocated in a wall' [18:14:07] [Server thread/INFO]: Villager class_1646['Villager'/1021, l='ServerLevel[world]', x=15.88, y=63.00, z=15.15] died, message: 'Villager suffocated in a wall' [18:14:07] [Server thread/INFO]: Villager class_1646['Villager'/1022, l='ServerLevel[world]', x=20.50, y=63.00, z=16.50] died, message: 'Villager suffocated in a wall' [18:14:07] [Server thread/INFO]: Villager class_1646['Villager'/1023, l='ServerLevel[world]', x=24.50, y=63.00, z=16.50] died, message: 'Villager suffocated in a wall' [18:14:07] [Server thread/INFO]: Villager class_1646['Villager'/1024, l='ServerLevel[world]', x=28.50, y=63.00, z=16.50] died, message: 'Villager suffocated in a wall' [18:14:07] [Server thread/INFO]: Villager class_1646['Villager'/1025, l='ServerLevel[world]', x=18.15, y=63.00, z=19.77] died, message: 'Villager suffocated in a wall' [18:14:07] [Server thread/INFO]: Villager class_1646['Villager'/1026, l='ServerLevel[world]', x=21.56, y=63.00, z=20.77] died, message: 'Villager suffocated in a wall' [18:14:07] [Server thread/INFO]: Villager class_1646['Villager'/1027, l='ServerLevel[world]', x=24.50, y=63.00, z=20.50] died, message: 'Villager suffocated in a wall' [18:14:07] [Server thread/INFO]: Villager class_1646['Villager'/1028, l='ServerLevel[world]', x=28.50, y=63.00, z=20.50] died, message: 'Villager suffocated in a wall' [18:14:07] [Server thread/INFO]: Villager class_1646['Villager'/1029, l='ServerLevel[world]', x=15.86, y=63.00, z=24.69] died, message: 'Villager suffocated in a wall' [18:14:07] [Server thread/INFO]: Villager class_1646['Villager'/1031, l='ServerLevel[world]', x=24.50, y=62.51, z=24.50] died, message: 'Villager suffocated in a wall' [18:14:07] [Server thread/INFO]: Villager class_1646['Villager'/1032, l='ServerLevel[world]', x=28.50, y=63.00, z=24.50] died, message: 'Villager suffocated in a wall' [18:14:07] [Server thread/INFO]: Villager class_1646['Villager'/1033, l='ServerLevel[world]', x=16.50, y=63.00, z=28.50] died, message: 'Villager suffocated in a wall' [18:14:07] [Server thread/INFO]: Villager class_1646['Villager'/1159, l='ServerLevel[world]', x=16.50, y=62.52, z=-15.50] died, message: 'Villager suffocated in a wall' [18:14:07] [Server thread/INFO]: Villager class_1646['Villager'/1160, l='ServerLevel[world]', x=20.50, y=63.00, z=-15.50] died, message: 'Villager suffocated in a wall' [18:14:07] [Server thread/INFO]: Villager class_1646['Villager'/1161, l='ServerLevel[world]', x=24.50, y=63.00, z=-15.50] died, message: 'Villager suffocated in a wall' [18:14:07] [Server thread/INFO]: Villager class_1646['Villager'/1162, l='ServerLevel[world]', x=29.44, y=63.00, z=-14.91] died, message: 'Villager suffocated in a wall' [18:14:07] [Server thread/INFO]: Villager class_1646['Villager'/1163, l='ServerLevel[world]', x=16.50, y=63.00, z=-11.50] died, message: 'Villager suffocated in a wall' [18:14:07] [Server thread/INFO]: Villager class_1646['Villager'/1164, l='ServerLevel[world]', x=20.50, y=63.00, z=-11.50] died, message: 'Villager suffocated in a wall' [18:14:07] [Server thread/INFO]: Villager class_1646['Villager'/1165, l='ServerLevel[world]', x=24.50, y=63.00, z=-11.50] died, message: 'Villager suffocated in a wall' [18:14:07] [Server thread/INFO]: Villager class_1646['Villager'/1166, l='ServerLevel[world]', x=28.50, y=63.00, z=-11.50] died, message: 'Villager suffocated in a wall' [18:14:07] [Server thread/INFO]: Villager class_1646['Villager'/1167, l='ServerLevel[world]', x=16.50, y=63.00, z=-7.50] died, message: 'Villager suffocated in a wall' [18:14:07] [Server thread/INFO]: Villager class_1646['Villager'/1168, l='ServerLevel[world]', x=20.50, y=63.00, z=-7.50] died, message: 'Villager suffocated in a wall' [18:14:07] [Server thread/INFO]: Villager class_1646['Villager'/1169, l='ServerLevel[world]', x=24.50, y=63.00, z=-7.50] died, message: 'Villager suffocated in a wall' [18:14:07] [Server thread/INFO]: Villager class_1646['Villager'/1170, l='ServerLevel[world]', x=28.50, y=63.00, z=-7.50] died, message: 'Villager suffocated in a wall' [18:14:07] [Server thread/INFO]: Villager class_1646['Villager'/1171, l='ServerLevel[world]', x=16.50, y=63.00, z=-3.50] died, message: 'Villager suffocated in a wall' [18:14:07] [Server thread/INFO]: Villager class_1646['Villager'/1172, l='ServerLevel[world]', x=20.50, y=63.00, z=-3.50] died, message: 'Villager suffocated in a wall' [18:14:07] [Server thread/INFO]: Villager class_1646['Villager'/1173, l='ServerLevel[world]', x=24.50, y=63.00, z=-3.50] died, message: 'Villager suffocated in a wall' [18:14:07] [Server thread/INFO]: Villager class_1646['Villager'/1174, l='ServerLevel[world]', x=28.50, y=63.00, z=-3.50] died, message: 'Villager suffocated in a wall' [18:14:07] [Server thread/INFO]: Villager class_1646['Villager'/1766, l='ServerLevel[world]', x=14.58, y=62.71, z=36.66] died, message: 'Villager suffocated in a wall' [18:14:07] [Server thread/INFO]: The game is running normally [18:14:07] [Server thread/INFO]: Target tick rate: 20,0 per second. Average time per tick: 44,5ms (Target: 50,0ms) [18:14:07] [Server thread/INFO]: Percentiles: P50: 42,9ms P95: 59,8ms P99: 65,5ms, sample: 100 [18:14:07] [Server thread/INFO]: Villager class_1646['Villager'/826, l='ServerLevel[world]', x=45.26, y=69.00, z=3.11] died, message: 'Villager suffocated in a wall' [18:14:07] [Server thread/INFO]: Villager class_1646['Villager'/1239, l='ServerLevel[world]', x=16.50, y=63.00, z=0.50] died, message: 'Villager suffocated in a wall' [18:14:07] [Server thread/INFO]: Villager class_1646['Villager'/1240, l='ServerLevel[world]', x=20.50, y=63.00, z=0.50] died, message: 'Villager suffocated in a wall' [18:14:07] [Server thread/INFO]: Villager class_1646['Villager'/1241, l='ServerLevel[world]', x=24.50, y=63.00, z=0.50] died, message: 'Villager suffocated in a wall' [18:14:07] [Server thread/INFO]: Villager class_1646['Villager'/1242, l='ServerLevel[world]', x=28.71, y=63.00, z=0.67] died, message: 'Villager suffocated in a wall' [18:14:07] [Server thread/INFO]: Villager class_1646['Villager'/1243, l='ServerLevel[world]', x=16.50, y=63.00, z=4.50] died, message: 'Villager suffocated in a wall' [18:14:07] [Server thread/INFO]: Villager class_1646['Villager'/1244, l='ServerLevel[world]', x=20.50, y=63.00, z=4.50] died, message: 'Villager suffocated in a wall' [18:14:07] [Server thread/INFO]: Villager class_1646['Villager'/1245, l='ServerLevel[world]', x=24.88, y=63.00, z=4.50] died, message: 'Villager suffocated in a wall' [18:14:07] [Server thread/INFO]: Villager class_1646['Villager'/1246, l='ServerLevel[world]', x=27.12, y=63.00, z=4.50] died, message: 'Villager suffocated in a wall' [18:14:07] [Server thread/INFO]: Villager class_1646['Villager'/1247, l='ServerLevel[world]', x=15.11, y=63.00, z=9.63] died, message: 'Villager suffocated in a wall' [18:14:07] [Server thread/INFO]: Villager class_1646['Villager'/1248, l='ServerLevel[world]', x=20.50, y=63.00, z=8.50] died, message: 'Villager suffocated in a wall' [18:14:07] [Server thread/INFO]: Villager class_1646['Villager'/1249, l='ServerLevel[world]', x=24.50, y=63.00, z=8.50] died, message: 'Villager suffocated in a wall' [18:14:07] [Server thread/INFO]: Villager class_1646['Villager'/1250, l='ServerLevel[world]', x=27.20, y=63.00, z=8.50] died, message: 'Villager suffocated in a wall' [18:14:07] [Server thread/INFO]: Villager class_1646['Villager'/1251, l='ServerLevel[world]', x=17.94, y=63.00, z=11.14] died, message: 'Villager suffocated in a wall' [18:14:07] [Server thread/INFO]: Villager class_1646['Villager'/1252, l='ServerLevel[world]', x=21.64, y=63.00, z=11.36] died, message: 'Villager suffocated in a wall' [18:14:07] [Server thread/INFO]: Villager class_1646['Villager'/1253, l='ServerLevel[world]', x=24.50, y=63.00, z=12.50] died, message: 'Villager suffocated in a wall' [18:14:07] [Server thread/INFO]: Villager class_1646['Villager'/1254, l='ServerLevel[world]', x=28.50, y=63.00, z=12.50] died, message: 'Villager suffocated in a wall' [18:14:07] [Server thread/INFO]: Villager class_1646['Villager'/1629, l='ServerLevel[world]', x=0.50, y=62.53, z=0.50] died, message: 'Villager suffocated in a wall' [18:14:07] [Server thread/INFO]: Villager class_1646['Villager'/1631, l='ServerLevel[world]', x=8.50, y=63.00, z=0.50] died, message: 'Villager suffocated in a wall' [18:14:07] [Server thread/INFO]: Villager class_1646['Villager'/1632, l='ServerLevel[world]', x=12.50, y=63.00, z=0.50] died, message: 'Villager suffocated in a wall' [18:14:07] [Server thread/INFO]: Villager class_1646['Villager'/1633, l='ServerLevel[world]', x=-0.19, y=62.48, z=3.70] died, message: 'Villager suffocated in a wall' [18:14:07] [Server thread/INFO]: Villager class_1646['Villager'/1634, l='ServerLevel[world]', x=4.79, y=63.00, z=3.97] died, message: 'Villager suffocated in a wall' [18:14:07] [Server thread/INFO]: Villager class_1646['Villager'/1635, l='ServerLevel[world]', x=7.40, y=63.00, z=4.95] died, message: 'Villager suffocated in a wall' [18:14:07] [Server thread/INFO]: Villager class_1646['Villager'/1636, l='ServerLevel[world]', x=12.64, y=63.00, z=4.36] died, message: 'Villager suffocated in a wall' [18:14:07] [Server thread/INFO]: Villager class_1646['Villager'/1639, l='ServerLevel[world]', x=9.21, y=63.00, z=7.39] died, message: 'Villager suffocated in a wall' [18:14:07] [Server thread/INFO]: Villager class_1646['Villager'/1640, l='ServerLevel[world]', x=12.21, y=63.00, z=8.84] died, message: 'Villager suffocated in a wall' [18:14:07] [Server thread/INFO]: Villager class_1646['Villager'/1643, l='ServerLevel[world]', x=8.41, y=63.00, z=12.58] died, message: 'Villager suffocated in a wall' [18:14:07] [Server thread/INFO]: Villager class_1646['Villager'/1644, l='ServerLevel[world]', x=12.30, y=63.00, z=11.04] died, message: 'Villager suffocated in a wall' [18:14:07] [Server thread/INFO]: Villager class_1646['Villager'/1705, l='ServerLevel[world]', x=-8.06, y=62.52, z=36.49] died, message: 'Villager suffocated in a wall' [18:14:07] [Server thread/INFO]: Villager class_1646['Villager'/528, l='ServerLevel[world]', x=-11.06, y=70.00, z=-37.37] died, message: 'Villager suffocated in a wall' [18:14:07] [Server thread/INFO]: Villager class_1646['Villager'/1086, l='ServerLevel[world]', x=21.72, y=66.00, z=35.12] died, message: 'Villager suffocated in a wall' [18:14:07] [Server thread/INFO]: Villager class_1646['Villager'/1334, l='ServerLevel[world]', x=-3.60, y=63.00, z=28.64] died, message: 'Villager suffocated in a wall' [18:14:07] [Server thread/INFO]: Villager class_1646['Villager'/1759, l='ServerLevel[world]', x=0.98, y=63.00, z=31.29] died, message: 'Villager suffocated in a wall' [18:14:07] [Server thread/INFO]: Villager class_1646['Villager'/1760, l='ServerLevel[world]', x=4.50, y=63.00, z=32.50] died, message: 'Villager suffocated in a wall' [18:14:07] [Server thread/INFO]: Villager class_1646['Villager'/1761, l='ServerLevel[world]', x=8.50, y=63.00, z=32.50] died, message: 'Villager suffocated in a wall' [18:14:07] [Server thread/INFO]: Villager class_1646['Villager'/1762, l='ServerLevel[world]', x=11.30, y=62.53, z=32.50] died, message: 'Villager suffocated in a wall' [18:14:07] [Server thread/INFO]: Villager class_1646['Villager'/1763, l='ServerLevel[world]', x=0.50, y=62.50, z=36.50] died, message: 'Villager suffocated in a wall' [18:14:07] [Server thread/INFO]: Villager class_1646['Villager'/2077, l='ServerLevel[world]', x=7.59, y=73.00, z=19.39] died, message: 'Villager suffocated in a wall' [18:14:07] [Server thread/INFO]: Villager class_1646['Villager'/2079, l='ServerLevel[world]', x=2.30, y=63.00, z=26.40] died, message: 'Villager suffocated in a wall' [18:14:07] [Server thread/INFO]: Villager class_1646['Villager'/2081, l='ServerLevel[world]', x=11.96, y=63.00, z=22.63] died, message: 'Villager suffocated in a wall' [18:14:07] [Server thread/INFO]: Villager class_1646['Villager'/2083, l='ServerLevel[world]', x=2.13, y=63.00, z=25.40] died, message: 'Villager suffocated in a wall' [18:14:07] [Server thread/INFO]: Villager class_1646['Villager'/2084, l='ServerLevel[world]', x=8.10, y=63.00, z=28.50] died, message: 'Villager suffocated in a wall' [18:14:07] [Server thread/INFO]: Villager class_1646['Villager'/2085, l='ServerLevel[world]', x=11.94, y=63.00, z=28.91] died, message: 'Villager suffocated in a wall' [18:14:07] [Server thread/INFO]: Villager class_1646['Villager'/2161, l='ServerLevel[world]', x=8.50, y=62.52, z=-11.50] died, message: 'Villager suffocated in a wall' [18:14:07] [Server thread/INFO]: Villager class_1646['Villager'/2162, l='ServerLevel[world]', x=12.50, y=63.00, z=-11.50] died, message: 'Villager suffocated in a wall' [18:14:07] [Server thread/INFO]: Villager class_1646['Villager'/2164, l='ServerLevel[world]', x=4.50, y=62.52, z=-7.50] died, message: 'Villager suffocated in a wall' [18:14:07] [Server thread/INFO]: Villager class_1646['Villager'/2165, l='ServerLevel[world]', x=8.50, y=63.00, z=-8.80] died, message: 'Villager suffocated in a wall' [18:14:07] [Server thread/INFO]: Villager class_1646['Villager'/2166, l='ServerLevel[world]', x=12.50, y=63.00, z=-7.50] died, message: 'Villager suffocated in a wall' [18:14:07] [Server thread/INFO]: Villager class_1646['Villager'/2169, l='ServerLevel[world]', x=8.50, y=63.00, z=-3.50] died, message: 'Villager suffocated in a wall' [18:14:07] [Server thread/INFO]: Villager class_1646['Villager'/2170, l='ServerLevel[world]', x=12.50, y=63.00, z=-3.50] died, message: 'Villager suffocated in a wall'"
"patch-enabled","1","2026-09-29T16:14:07.6393611+00:00","b96cdb8d195dd284058ec5749bd638c7d910075ca1506668a590f9a53216c417","False","False","0","2000","500","0","0","0","False","0","44","42,8","59,8","65,5","100","112,90174958572585","155,74750079765082","1589215232","[18:14:07] [Server thread/INFO]: Villager class_1646['Villager'/1702, l='ServerLevel[world]', x=-3.80, y=63.00, z=31.97] died, message: 'Villager suffocated in a wall' [18:14:07] [Server thread/INFO]: The game is running normally [18:14:07] [Server thread/INFO]: Target tick rate: 20,0 per second. Average time per tick: 44,0ms (Target: 50,0ms) [18:14:07] [Server thread/INFO]: Percentiles: P50: 42,8ms P95: 59,8ms P99: 65,5ms, sample: 100 [18:14:07] [Server thread/INFO]: Villager class_1646['Villager'/825, l='ServerLevel[world]', x=44.69, y=71.00, z=5.23] died, message: 'Villager suffocated in a wall' [18:14:07] [Server thread/INFO]: Villager class_1646['Villager'/1030, l='ServerLevel[world]', x=21.42, y=63.00, z=25.01] died, message: 'Villager suffocated in a wall' [18:14:07] [Server thread/INFO]: Villager class_1646['Villager'/1093, l='ServerLevel[world]', x=15.52, y=68.77, z=39.26] died, message: 'Villager suffocated in a wall' [18:14:07] [Server thread/INFO]: Villager class_1646['Villager'/954, l='ServerLevel[world]', x=40.85, y=66.23, z=42.30] died, message: 'Villager suffocated in a wall' [18:14:07] [Server thread/INFO]: Villager class_1646['Villager'/1089, l='ServerLevel[world]', x=15.99, y=70.00, z=43.26] died, message: 'Villager suffocated in a wall' [18:14:07] [Server thread/INFO]: Villager class_1646['Villager'/1921, l='ServerLevel[world]', x=-25.44, y=62.12, z=23.30] died, message: 'Villager suffocated in a wall'"
"patch-enabled","1","2026-09-29T16:14:07.7639064+00:00","b96cdb8d195dd284058ec5749bd638c7d910075ca1506668a590f9a53216c417","False","False","0","2000","500","0","0","0","False","0","43,1","42","59,8","65,5","100","99,97064861756589","155,74750079765082","1589215232","[18:14:07] [Server thread/INFO]: The game is running normally [18:14:07] [Server thread/INFO]: Target tick rate: 20,0 per second. Average time per tick: 43,1ms (Target: 50,0ms) [18:14:07] [Server thread/INFO]: Percentiles: P50: 42,0ms P95: 59,8ms P99: 65,5ms, sample: 100 [18:14:07] [Server thread/INFO]: Villager class_1646['Villager'/1034, l='ServerLevel[world]', x=19.16, y=63.00, z=28.10] died, message: 'Villager suffocated in a wall' [18:14:07] [Server thread/INFO]: Villager class_1646['Villager'/828, l='ServerLevel[world]', x=38.70, y=63.00, z=9.64] died, message: 'Villager suffocated in a wall' [18:14:07] [Server thread/INFO]: Villager class_1646['Villager'/949, l='ServerLevel[world]', x=32.50, y=62.49, z=33.81] died, message: 'Villager suffocated in a wall' [18:14:07] [Server thread/INFO]: Villager class_1646['Villager'/1094, l='ServerLevel[world]', x=20.16, y=70.00, z=43.75] died, message: 'Villager suffocated in a wall' [18:14:07] [Server thread/INFO]: Villager class_1646['Villager'/1770, l='ServerLevel[world]', x=22.54, y=67.00, z=39.14] died, message: 'Villager suffocated in a wall' [18:14:07] [Server thread/INFO]: Villager class_1646['Villager'/1916, l='ServerLevel[world]', x=-20.70, y=59.85, z=20.93] died, message: 'Villager suffocated in a wall' [18:14:07] [Server thread/INFO]: Villager class_1646['Villager'/2454, l='ServerLevel[world]', x=-44.49, y=62.51, z=26.89] died, message: 'Villager suffocated in a wall' [18:14:07] [Server thread/INFO]: Villager class_1646['Villager'/2455, l='ServerLevel[world]', x=-43.35, y=62.48, z=24.46] died, message: 'Villager suffocated in a wall' [18:14:07] [Server thread/INFO]: Villager class_1646['Villager'/2457, l='ServerLevel[world]', x=-43.59, y=64.00, z=26.68] died, message: 'Villager suffocated in a wall' [18:14:07] [Server thread/INFO]: Villager class_1646['Villager'/2507, l='ServerLevel[world]', x=-41.78, y=64.00, z=34.30] died, message: 'Villager suffocated in a wall'"
"patch-enabled","1","2026-09-29T16:14:07.8889595+00:00","b96cdb8d195dd284058ec5749bd638c7d910075ca1506668a590f9a53216c417","False","False","0","2000","500","0","0","0","False","0","42,1","41,4","59,7","64,6","100","187,04525557464692","155,74750079765082","1589215232","[18:14:07] [Server thread/INFO]: The game is running normally [18:14:07] [Server thread/INFO]: Target tick rate: 20,0 per second. Average time per tick: 42,1ms (Target: 50,0ms) [18:14:07] [Server thread/INFO]: Percentiles: P50: 41,4ms P95: 59,7ms P99: 64,6ms, sample: 100 [18:14:07] [Server thread/INFO]: Villager class_1646['Villager'/2072, l='ServerLevel[world]', x=-0.27, y=82.00, z=17.44] died, message: 'Villager suffocated in a wall' [18:14:07] [Server thread/INFO]: Villager class_1646['Villager'/2506, l='ServerLevel[world]', x=-42.66, y=63.22, z=34.30] died, message: 'Villager suffocated in a wall' [18:14:08] [Server thread/INFO]: Villager class_1646['Villager'/2458, l='ServerLevel[world]', x=-41.05, y=68.23, z=32.56] died, message: 'Villager suffocated in a wall'"
"patch-enabled","1","2026-09-29T16:14:08.0142480+00:00","b96cdb8d195dd284058ec5749bd638c7d910075ca1506668a590f9a53216c417","False","False","0","2000","500","0","0","0","False","0","41,3","40,8","52,1","64,6","100","324,52282164305603","155,74750079765082","1589215232","[18:14:08] [Server thread/INFO]: Villager class_1646['Villager'/1917, l='ServerLevel[world]', x=-21.61, y=62.23, z=17.76] died, message: 'Villager suffocated in a wall' [18:14:08] [Server thread/INFO]: The game is running normally [18:14:08] [Server thread/INFO]: Target tick rate: 20,0 per second. Average time per tick: 41,3ms (Target: 50,0ms) [18:14:08] [Server thread/INFO]: Percentiles: P50: 40,8ms P95: 52,1ms P99: 64,6ms, sample: 100 [18:14:08] [Server thread/INFO]: Villager class_1646['Villager'/1769, l='ServerLevel[world]', x=9.72, y=63.77, z=39.61] died, message: 'Villager suffocated in a wall'"
"patch-enabled","1","2026-09-29T16:14:08.1396464+00:00","b96cdb8d195dd284058ec5749bd638c7d910075ca1506668a590f9a53216c417","False","False","0","2000","500","0","0","0","False","0","41,3","40,8","52,3","64,6","100","556,0741087041977","155,74750079765082","1589215232","[18:14:08] [Server thread/INFO]: The game is running normally [18:14:08] [Server thread/INFO]: Target tick rate: 20,0 per second. Average time per tick: 41,3ms (Target: 50,0ms) [18:14:08] [Server thread/INFO]: Percentiles: P50: 40,8ms P95: 52,3ms P99: 64,6ms, sample: 100"
"patch-enabled","1","2026-09-29T16:14:08.2630777+00:00","b96cdb8d195dd284058ec5749bd638c7d910075ca1506668a590f9a53216c417","False","False","0","2000","500","0","0","0","False","0","41,2","40,8","52,3","62,2","100","541,1137742298164","155,74750079765082","1589215232","[18:14:08] [Server thread/INFO]: Villager class_1646['Villager'/2502, l='ServerLevel[world]', x=-42.13, y=63.28, z=35.64] died, message: 'Villager suffocated in a wall' [18:14:08] [Server thread/INFO]: The game is running normally [18:14:08] [Server thread/INFO]: Target tick rate: 20,0 per second. Average time per tick: 41,2ms (Target: 50,0ms) [18:14:08] [Server thread/INFO]: Percentiles: P50: 40,8ms P95: 52,3ms P99: 62,2ms, sample: 100"
"patch-enabled","1","2026-09-29T16:14:08.3874893+00:00","b96cdb8d195dd284058ec5749bd638c7d910075ca1506668a590f9a53216c417","False","False","0","2000","500","0","0","0","False","0","41,3","41","52,3","62,2","100","516,0712127925242","155,74750079765082","1589215232","[18:14:08] [Server thread/INFO]: The game is running normally [18:14:08] [Server thread/INFO]: Target tick rate: 20,0 per second. Average time per tick: 41,3ms (Target: 50,0ms) [18:14:08] [Server thread/INFO]: Percentiles: P50: 41,0ms P95: 52,3ms P99: 62,2ms, sample: 100 [18:14:08] [Server thread/INFO]: Villager class_1646['Villager'/2503, l='ServerLevel[world]', x=-42.59, y=67.00, z=30.53] died, message: 'Villager suffocated in a wall' [18:14:08] [Server thread/INFO]: Villager class_1646['Villager'/952, l='ServerLevel[world]', x=46.30, y=61.12, z=35.43] died, message: 'Villager suffocated in a wall'"
"patch-enabled","1","2026-09-29T16:14:08.5113660+00:00","b96cdb8d195dd284058ec5749bd638c7d910075ca1506668a590f9a53216c417","False","False","0","2000","500","0","0","0","False","0","41,4","41,4","52,3","62,2","100","353,0919556371232","155,74750079765082","1589215232","[18:14:08] [Server thread/INFO]: The game is running normally [18:14:08] [Server thread/INFO]: Target tick rate: 20,0 per second. Average time per tick: 41,4ms (Target: 50,0ms) [18:14:08] [Server thread/INFO]: Percentiles: P50: 41,4ms P95: 52,3ms P99: 62,2ms, sample: 100"
"patch-enabled","1","2026-09-29T16:14:08.6352840+00:00","b96cdb8d195dd284058ec5749bd638c7d910075ca1506668a590f9a53216c417","False","False","0","2000","500","0","0","0","False","0","41,4","41,4","52,3","62,2","100","216,73305667656123","155,74750079765082","1589215232","[18:14:08] [Server thread/INFO]: The game is running normally [18:14:08] [Server thread/INFO]: Target tick rate: 20,0 per second. Average time per tick: 41,4ms (Target: 50,0ms) [18:14:08] [Server thread/INFO]: Percentiles: P50: 41,4ms P95: 52,3ms P99: 62,2ms, sample: 100 [18:14:08] [Server thread/INFO]: Villager class_1646['Villager'/897, l='ServerLevel[world]', x=42.30, y=60.90, z=18.54] died, message: 'Villager suffocated in a wall' [18:14:08] [Server thread/INFO]: Villager class_1646['Villager'/2504, l='ServerLevel[world]', x=-41.49, y=68.00, z=28.79] died, message: 'Villager suffocated in a wall' [18:14:08] [Server thread/INFO]: Villager class_1646['Villager'/120, l='ServerLevel[world]', x=-0.70, y=62.51, z=-36.14] died, message: 'Villager suffocated in a wall' [18:14:08] [Server thread/INFO]: Villager class_1646['Villager'/902, l='ServerLevel[world]', x=42.74, y=62.50, z=22.28] died, message: 'Villager suffocated in a wall'"
"patch-enabled","1","2026-09-29T16:14:08.7578255+00:00","b96cdb8d195dd284058ec5749bd638c7d910075ca1506668a590f9a53216c417","False","False","0","2000","500","0","0","0","False","0","41,2","41","52,3","62,2","100","321,99309963833736","155,74750079765082","1589215232","[18:14:08] [Server thread/INFO]: The game is running normally [18:14:08] [Server thread/INFO]: Target tick rate: 20,0 per second. Average time per tick: 41,2ms (Target: 50,0ms) [18:14:08] [Server thread/INFO]: Percentiles: P50: 41,0ms P95: 52,3ms P99: 62,2ms, sample: 100"
"patch-enabled","1","2026-09-29T16:14:08.8839991+00:00","b96cdb8d195dd284058ec5749bd638c7d910075ca1506668a590f9a53216c417","False","False","0","2000","500","0","0","0","False","0","40,9","41","51,4","62,2","100","270,24795987358294","155,74750079765082","1589215232","[18:14:08] [Server thread/INFO]: The game is running normally [18:14:08] [Server thread/INFO]: Target tick rate: 20,0 per second. Average time per tick: 40,9ms (Target: 50,0ms) [18:14:08] [Server thread/INFO]: Percentiles: P50: 41,0ms P95: 51,4ms P99: 62,2ms, sample: 100"
"patch-enabled","1","2026-09-29T16:14:09.0111799+00:00","b96cdb8d195dd284058ec5749bd638c7d910075ca1506668a590f9a53216c417","False","False","0","2000","500","0","0","0","False","0","40,8","41","51,4","62,2","100","88,08573490280972","155,74750079765082","1589215232","[18:14:09] [Server thread/INFO]: The game is running normally [18:14:09] [Server thread/INFO]: Target tick rate: 20,0 per second. Average time per tick: 40,8ms (Target: 50,0ms) [18:14:09] [Server thread/INFO]: Percentiles: P50: 41,0ms P95: 51,4ms P99: 62,2ms, sample: 100 [18:14:09] [Server thread/INFO]: Villager class_1646['Villager'/400, l='ServerLevel[world]', x=4.33, y=62.56, z=-29.39] died, message: 'Villager suffocated in a wall'"
"patch-enabled","1","2026-09-29T16:14:09.1353744+00:00","b96cdb8d195dd284058ec5749bd638c7d910075ca1506668a590f9a53216c417","False","False","0","2000","500","0","0","0","False","0","40,8","41","51,4","62,2","100","62,69646564474437","155,74750079765082","1589215232","[18:14:09] [Server thread/INFO]: The game is running normally [18:14:09] [Server thread/INFO]: Target tick rate: 20,0 per second. Average time per tick: 40,8ms (Target: 50,0ms) [18:14:09] [Server thread/INFO]: Percentiles: P50: 41,0ms P95: 51,4ms P99: 62,2ms, sample: 100 [18:14:09] [Server thread/INFO]: Villager class_1646['Villager'/1321, l='ServerLevel[world]', x=-6.78, y=62.47, z=15.65] died, message: 'Villager suffocated in a wall'"
"patch-enabled","1","2026-09-29T16:14:09.2599695+00:00","b96cdb8d195dd284058ec5749bd638c7d910075ca1506668a590f9a53216c417","False","False","0","2000","500","0","0","0","False","0","40,4","40,8","51,4","62,2","100","63,05009950818905","155,74750079765082","1589215232","[18:14:09] [Server thread/INFO]: Villager class_1646['Villager'/834, l='ServerLevel[world]', x=48.28, y=67.17, z=8.66] died, message: 'Villager suffocated in a wall' [18:14:09] [Server thread/INFO]: The game is running normally [18:14:09] [Server thread/INFO]: Target tick rate: 20,0 per second. Average time per tick: 40,4ms (Target: 50,0ms) [18:14:09] [Server thread/INFO]: Percentiles: P50: 40,8ms P95: 51,4ms P99: 62,2ms, sample: 100"
"patch-enabled","1","2026-09-29T16:14:09.3838748+00:00","b96cdb8d195dd284058ec5749bd638c7d910075ca1506668a590f9a53216c417","False","False","0","2000","500","0","0","0","False","0","40","40,5","51,4","62,2","100","88,06006199428364","155,74750079765082","1589215232","[18:14:09] [Server thread/INFO]: The game is running normally [18:14:09] [Server thread/INFO]: Target tick rate: 20,0 per second. Average time per tick: 40,0ms (Target: 50,0ms) [18:14:09] [Server thread/INFO]: Percentiles: P50: 40,5ms P95: 51,4ms P99: 62,2ms, sample: 100 [18:14:09] [Server thread/INFO]: Villager class_1646['Villager'/466, l='ServerLevel[world]', x=-20.30, y=62.76, z=-40.67] died, message: 'Villager suffocated in a wall'"
"patch-enabled","1","2026-09-29T16:14:09.5080584+00:00","b96cdb8d195dd284058ec5749bd638c7d910075ca1506668a590f9a53216c417","False","False","0","2000","500","0","0","0","False","0","39,5","40,1","51,4","62,2","100","136,30595979222016","155,74750079765082","1589215232","[18:14:09] [Server thread/INFO]: The game is running normally [18:14:09] [Server thread/INFO]: Target tick rate: 20,0 per second. Average time per tick: 39,5ms (Target: 50,0ms) [18:14:09] [Server thread/INFO]: Percentiles: P50: 40,1ms P95: 51,4ms P99: 62,2ms, sample: 100 [18:14:09] [Server thread/INFO]: Villager class_1646['Villager'/462, l='ServerLevel[world]', x=-18.23, y=62.53, z=-42.30] died, message: 'Villager suffocated in a wall'"
"patch-enabled","1","2026-09-29T16:14:09.6341744+00:00","b96cdb8d195dd284058ec5749bd638c7d910075ca1506668a590f9a53216c417","False","False","0","2000","500","0","0","0","False","0","39,3","39,6","51,4","62,2","100","76,21901646168155","155,74750079765082","1589215232","[18:14:09] [Server thread/INFO]: Villager class_1646['Villager'/1920, l='ServerLevel[world]', x=-27.30, y=62.02, z=23.18] died, message: 'Villager suffocated in a wall' [18:14:09] [Server thread/INFO]: The game is running normally [18:14:09] [Server thread/INFO]: Target tick rate: 20,0 per second. Average time per tick: 39,3ms (Target: 50,0ms) [18:14:09] [Server thread/INFO]: Percentiles: P50: 39,6ms P95: 51,4ms P99: 62,2ms, sample: 100"
"patch-enabled","1","2026-09-29T16:14:09.7571738+00:00","b96cdb8d195dd284058ec5749bd638c7d910075ca1506668a590f9a53216c417","False","False","0","2000","500","0","0","0","False","0","38,9","39,5","51,4","62,2","100","33,56689927781935","155,74750079765082","1589215232","[18:14:09] [Server thread/INFO]: The game is running normally [18:14:09] [Server thread/INFO]: Target tick rate: 20,0 per second. Average time per tick: 38,9ms (Target: 50,0ms) [18:14:09] [Server thread/INFO]: Percentiles: P50: 39,5ms P95: 51,4ms P99: 62,2ms, sample: 100"
"patch-enabled","1","2026-09-29T16:14:09.8968161+00:00","b96cdb8d195dd284058ec5749bd638c7d910075ca1506668a590f9a53216c417","False","False","0","2000","500","0","0","0","False","0","38,6","39,3","51,4","62,2","100","49,667940020200945","155,74750079765082","1589215232","[18:14:09] [Server thread/INFO]: The game is running normally [18:14:09] [Server thread/INFO]: Target tick rate: 20,0 per second. Average time per tick: 38,6ms (Target: 50,0ms) [18:14:09] [Server thread/INFO]: Percentiles: P50: 39,3ms P95: 51,4ms P99: 62,2ms, sample: 100"
"patch-enabled","1","2026-09-29T16:14:10.0226889+00:00","b96cdb8d195dd284058ec5749bd638c7d910075ca1506668a590f9a53216c417","False","False","0","2000","500","0","0","0","False","0","38,1","39,2","51,1","62,2","100","100,06612369453735","155,74750079765082","1589215232","[18:14:10] [Server thread/INFO]: The game is running normally [18:14:10] [Server thread/INFO]: Target tick rate: 20,0 per second. Average time per tick: 38,1ms (Target: 50,0ms) [18:14:10] [Server thread/INFO]: Percentiles: P50: 39,2ms P95: 51,1ms P99: 62,2ms, sample: 100"
"patch-enabled","1","2026-09-29T16:14:10.1475891+00:00","b96cdb8d195dd284058ec5749bd638c7d910075ca1506668a590f9a53216c417","False","False","0","2000","500","0","0","0","False","0","38","39","51,1","62,2","100","56,273941185537964","155,74750079765082","1589215232","[18:14:10] [Server thread/INFO]: The game is running normally [18:14:10] [Server thread/INFO]: Target tick rate: 20,0 per second. Average time per tick: 38,0ms (Target: 50,0ms) [18:14:10] [Server thread/INFO]: Percentiles: P50: 39,0ms P95: 51,1ms P99: 62,2ms, sample: 100"
"patch-enabled","1","2026-09-29T16:14:10.2864133+00:00","b96cdb8d195dd284058ec5749bd638c7d910075ca1506668a590f9a53216c417","False","False","0","2000","500","0","0","0","False","0","37,8","38,5","51,1","62,2","100","25,176537883640083","155,74750079765082","1589215232","[18:14:10] [Server thread/INFO]: The game is running normally [18:14:10] [Server thread/INFO]: Target tick rate: 20,0 per second. Average time per tick: 37,8ms (Target: 50,0ms) [18:14:10] [Server thread/INFO]: Percentiles: P50: 38,5ms P95: 51,1ms P99: 62,2ms, sample: 100"
"patch-enabled","1","2026-09-29T16:14:10.4105083+00:00","b96cdb8d195dd284058ec5749bd638c7d910075ca1506668a590f9a53216c417","False","False","0","2000","500","0","0","0","False","0","37,2","37,7","51,1","62,2","100","38,024803122779346","155,74750079765082","1589215232","[18:14:10] [Server thread/INFO]: The game is running normally [18:14:10] [Server thread/INFO]: Target tick rate: 20,0 per second. Average time per tick: 37,2ms (Target: 50,0ms) [18:14:10] [Server thread/INFO]: Percentiles: P50: 37,7ms P95: 51,1ms P99: 62,2ms, sample: 100 [18:14:10] [Server thread/INFO]: Villager class_1646['Villager'/824, l='ServerLevel[world]', x=32.35, y=63.00, z=9.41] died, message: 'Villager suffocated in a wall'"
"patch-enabled","1","2026-09-29T16:14:10.5337913+00:00","b96cdb8d195dd284058ec5749bd638c7d910075ca1506668a590f9a53216c417","False","False","0","2000","500","0","0","0","False","0","36,9","37,4","50,2","62,2","100","37,563166220316084","155,74750079765082","1589215232","[18:14:10] [Server thread/INFO]: The game is running normally [18:14:10] [Server thread/INFO]: Target tick rate: 20,0 per second. Average time per tick: 36,9ms (Target: 50,0ms) [18:14:10] [Server thread/INFO]: Percentiles: P50: 37,4ms P95: 50,2ms P99: 62,2ms, sample: 100 [18:14:10] [Server thread/INFO]: Villager class_1646['Villager'/395, l='ServerLevel[world]', x=-1.49, y=63.00, z=-34.96] died, message: 'Villager suffocated in a wall'"
"patch-enabled","1","2026-09-29T16:14:10.6585760+00:00","b96cdb8d195dd284058ec5749bd638c7d910075ca1506668a590f9a53216c417","False","False","0","2000","500","0","0","0","False","0","36,4","36,7","50,2","62,2","100","50,345815336382536","155,74750079765082","1589215232","[18:14:10] [Server thread/INFO]: The game is running normally [18:14:10] [Server thread/INFO]: Target tick rate: 20,0 per second. Average time per tick: 36,4ms (Target: 50,0ms) [18:14:10] [Server thread/INFO]: Percentiles: P50: 36,7ms P95: 50,2ms P99: 62,2ms, sample: 100"
"patch-enabled","1","2026-09-29T16:14:10.7827387+00:00","b96cdb8d195dd284058ec5749bd638c7d910075ca1506668a590f9a53216c417","False","False","0","2000","500","0","0","0","False","0","36,1","36,1","50,2","62,2","100","62,08068223987896","155,74750079765082","1589215232","[18:14:10] [Server thread/INFO]: The game is running normally [18:14:10] [Server thread/INFO]: Target tick rate: 20,0 per second. Average time per tick: 36,1ms (Target: 50,0ms) [18:14:10] [Server thread/INFO]: Percentiles: P50: 36,1ms P95: 50,2ms P99: 62,2ms, sample: 100"
"patch-enabled","1","2026-09-29T16:14:10.9085656+00:00","b96cdb8d195dd284058ec5749bd638c7d910075ca1506668a590f9a53216c417","False","False","0","2000","500","0","0","0","False","0","35,7","35","50,2","62,2","100","100,06836670813499","155,74750079765082","1589215232","[18:14:10] [Server thread/INFO]: The game is running normally [18:14:10] [Server thread/INFO]: Target tick rate: 20,0 per second. Average time per tick: 35,7ms (Target: 50,0ms) [18:14:10] [Server thread/INFO]: Percentiles: P50: 35,0ms P95: 50,2ms P99: 62,2ms, sample: 100 [18:14:10] [Server thread/INFO]: Villager class_1646['Villager'/1638, l='ServerLevel[world]', x=-2.45, y=62.78, z=11.12] died, message: 'Villager suffocated in a wall'"
