"condition","repeat","time_utc","artifact_sha256","umce_tick_profiler_enabled","players_observed","pigs_in_seed_world","villagers_in_seed_world","tnt_in_seed_world","hopper_rows","redstone_clock_pairs","idle_clients","save_all_interval_seconds","tick_mean_ms","tick_p50_ms","tick_p95_ms","tick_p99_ms","tick_sample_count","sample_cpu_percent_one_core","process_cpu_percent_one_core","working_set_bytes","response"
"without-umce","1","2026-09-27T15:45:40.5241306+00:00",,"False","20","0","0","0","0","0","False","0","8,4","7,9","12,5","13,3","100","50,107470502734266","42,17411969820415","1462517760","[17:45:40] [Server thread/INFO]: The game is running normally [17:45:40] [Server thread/INFO]: Target tick rate: 20,0 per second. Average time per tick: 8,4ms (Target: 50,0ms) [17:45:40] [Server thread/INFO]: Percentiles: P50: 7,9ms P95: 12,5ms P99: 13,3ms, sample: 100"
"without-umce","1","2026-09-27T15:45:40.6543625+00:00",,"False","20","0","0","0","0","0","False","0","8,5","8","12,5","13,3","100","75,51896633666556","42,17411969820415","1462517760","[17:45:40] [Server thread/INFO]: The game is running normally [17:45:40] [Server thread/INFO]: Target tick rate: 20,0 per second. Average time per tick: 8,5ms (Target: 50,0ms) [17:45:40] [Server thread/INFO]: Percentiles: P50: 8,0ms P95: 12,5ms P99: 13,3ms, sample: 100"
"without-umce","1","2026-09-27T15:45:40.7731022+00:00",,"False","20","0","0","0","0","0","False","0","8,6","8,1","12,8","13,3","100","12,553598845631306","42,17411969820415","1462517760","[17:45:40] [Server thread/INFO]: The game is running normally [17:45:40] [Server thread/INFO]: Target tick rate: 20,0 per second. Average time per tick: 8,6ms (Target: 50,0ms) [17:45:40] [Server thread/INFO]: Percentiles: P50: 8,1ms P95: 12,8ms P99: 13,3ms, sample: 100"
"without-umce","1","2026-09-27T15:45:40.8976241+00:00",,"False","20","0","0","0","0","0","False","0","8,6","8,1","12,8","13,3","100","45,12508312040311","42,17411969820415","1462517760","[17:45:40] [Server thread/INFO]: The game is running normally [17:45:40] [Server thread/INFO]: Target tick rate: 20,0 per second. Average time per tick: 8,6ms (Target: 50,0ms) [17:45:40] [Server thread/INFO]: Percentiles: P50: 8,1ms P95: 12,8ms P99: 13,3ms, sample: 100"
"without-umce","1","2026-09-27T15:45:41.0360609+00:00",,"False","20","0","0","0","0","0","False","0","8,7","8,3","12,9","14,8","100","12,623793973218975","42,17411969820415","1462517760","[17:45:41] [Server thread/INFO]: The game is running normally [17:45:41] [Server thread/INFO]: Target tick rate: 20,0 per second. Average time per tick: 8,7ms (Target: 50,0ms) [17:45:41] [Server thread/INFO]: Percentiles: P50: 8,3ms P95: 12,9ms P99: 14,8ms, sample: 100"
"without-umce","1","2026-09-27T15:45:41.1598508+00:00",,"False","20","0","0","0","0","0","False","0","8,7","8,3","12,9","14,8","100","89,21106828979832","42,17411969820415","1462517760","[17:45:41] [Server thread/INFO]: The game is running normally [17:45:41] [Server thread/INFO]: Target tick rate: 20,0 per second. Average time per tick: 8,7ms (Target: 50,0ms) [17:45:41] [Server thread/INFO]: Percentiles: P50: 8,3ms P95: 12,9ms P99: 14,8ms, sample: 100"
"without-umce","1","2026-09-27T15:45:41.2824462+00:00",,"False","20","0","0","0","0","0","False","0","8,8","8,4","13,2","14,8","100","49,82414071293961","42,17411969820415","1462517760","[17:45:41] [Server thread/INFO]: The game is running normally [17:45:41] [Server thread/INFO]: Target tick rate: 20,0 per second. Average time per tick: 8,8ms (Target: 50,0ms) [17:45:41] [Server thread/INFO]: Percentiles: P50: 8,4ms P95: 13,2ms P99: 14,8ms, sample: 100"
"without-umce","1","2026-09-27T15:45:41.4079221+00:00",,"False","20","0","0","0","0","0","False","0","9","8,5","13,3","15,5","100","25,15398262000663","42,17411969820415","1462517760","[17:45:41] [Server thread/INFO]: The game is running normally [17:45:41] [Server thread/INFO]: Target tick rate: 20,0 per second. Average time per tick: 9,0ms (Target: 50,0ms) [17:45:41] [Server thread/INFO]: Percentiles: P50: 8,5ms P95: 13,3ms P99: 15,5ms, sample: 100"
"without-umce","1","2026-09-27T15:45:41.5321167+00:00",,"False","20","0","0","0","0","0","False","0","9,1","8,5","13,3","15,5","100","25,500961284236574","42,17411969820415","1462517760","[17:45:41] [Server thread/INFO]: The game is running normally [17:45:41] [Server thread/INFO]: Target tick rate: 20,0 per second. Average time per tick: 9,1ms (Target: 50,0ms) [17:45:41] [Server thread/INFO]: Percentiles: P50: 8,5ms P95: 13,3ms P99: 15,5ms, sample: 100"
"without-umce","1","2026-09-27T15:45:41.6546552+00:00",,"False","20","0","0","0","0","0","False","0","9,1","8,5","13,3","15,5","100","62,422695733603504","42,17411969820415","1462517760","[17:45:41] [Server thread/INFO]: The game is running normally [17:45:41] [Server thread/INFO]: Target tick rate: 20,0 per second. Average time per tick: 9,1ms (Target: 50,0ms) [17:45:41] [Server thread/INFO]: Percentiles: P50: 8,5ms P95: 13,3ms P99: 15,5ms, sample: 100"
"without-umce","1","2026-09-27T15:45:41.7798518+00:00",,"False","20","0","0","0","0","0","False","0","9,2","9","13,3","15,5","100","50,07948616043384","42,17411969820415","1462517760","[17:45:41] [Server thread/INFO]: The game is running normally [17:45:41] [Server thread/INFO]: Target tick rate: 20,0 per second. Average time per tick: 9,2ms (Target: 50,0ms) [17:45:41] [Server thread/INFO]: Percentiles: P50: 9,0ms P95: 13,3ms P99: 15,5ms, sample: 100"
"without-umce","1","2026-09-27T15:45:41.9046159+00:00",,"False","20","0","0","0","0","0","False","0","9,3","9","13,3","15,5","100","87,46907093651684","42,17411969820415","1462517760","[17:45:41] [Server thread/INFO]: The game is running normally [17:45:41] [Server thread/INFO]: Target tick rate: 20,0 per second. Average time per tick: 9,3ms (Target: 50,0ms) [17:45:41] [Server thread/INFO]: Percentiles: P50: 9,0ms P95: 13,3ms P99: 15,5ms, sample: 100"
"without-umce","1","2026-09-27T15:45:42.0296736+00:00",,"False","20","0","0","0","0","0","False","0","9,4","9,2","13,3","15,5","100","62,42379303346475","42,17411969820415","1462517760","[17:45:42] [Server thread/INFO]: The game is running normally [17:45:42] [Server thread/INFO]: Target tick rate: 20,0 per second. Average time per tick: 9,4ms (Target: 50,0ms) [17:45:42] [Server thread/INFO]: Percentiles: P50: 9,2ms P95: 13,3ms P99: 15,5ms, sample: 100"
"without-umce","1","2026-09-27T15:45:42.1548010+00:00",,"False","20","0","0","0","0","0","False","0","9,5","9,3","13,3","15,5","100","61,44022976483237","42,17411969820415","1462517760","[17:45:42] [Server thread/INFO]: The game is running normally [17:45:42] [Server thread/INFO]: Target tick rate: 20,0 per second. Average time per tick: 9,5ms (Target: 50,0ms) [17:45:42] [Server thread/INFO]: Percentiles: P50: 9,3ms P95: 13,3ms P99: 15,5ms, sample: 100"
"without-umce","1","2026-09-27T15:45:42.2819785+00:00",,"False","20","0","0","0","0","0","False","0","9,5","9,4","13,3","15,5","100","50,4564084886247","42,17411969820415","1462517760","[17:45:42] [Server thread/INFO]: The game is running normally [17:45:42] [Server thread/INFO]: Target tick rate: 20,0 per second. Average time per tick: 9,5ms (Target: 50,0ms) [17:45:42] [Server thread/INFO]: Percentiles: P50: 9,4ms P95: 13,3ms P99: 15,5ms, sample: 100"
"without-umce","1","2026-09-27T15:45:42.4058397+00:00",,"False","20","0","0","0","0","0","False","0","9,6","9,4","13,6","15,5","100","50,152463489006585","42,17411969820415","1462517760","[17:45:42] [Server thread/INFO]: The game is running normally [17:45:42] [Server thread/INFO]: Target tick rate: 20,0 per second. Average time per tick: 9,6ms (Target: 50,0ms) [17:45:42] [Server thread/INFO]: Percentiles: P50: 9,4ms P95: 13,6ms P99: 15,5ms, sample: 100"
"without-umce","1","2026-09-27T15:45:42.5304905+00:00",,"False","20","0","0","0","0","0","False","0","9,8","9,6","13,9","15,5","100","37,96763982621148","42,17411969820415","1462517760","[17:45:42] [Server thread/INFO]: The game is running normally [17:45:42] [Server thread/INFO]: Target tick rate: 20,0 per second. Average time per tick: 9,8ms (Target: 50,0ms) [17:45:42] [Server thread/INFO]: Percentiles: P50: 9,6ms P95: 13,9ms P99: 15,5ms, sample: 100"
"without-umce","1","2026-09-27T15:45:42.6539282+00:00",,"False","20","0","0","0","0","0","False","0","9,8","9,6","13,9","15,5","100","75,45393084798145","42,17411969820415","1462517760","[17:45:42] [Server thread/INFO]: The game is running normally [17:45:42] [Server thread/INFO]: Target tick rate: 20,0 per second. Average time per tick: 9,8ms (Target: 50,0ms) [17:45:42] [Server thread/INFO]: Percentiles: P50: 9,6ms P95: 13,9ms P99: 15,5ms, sample: 100"
"without-umce","1","2026-09-27T15:45:42.7781553+00:00",,"False","20","0","0","0","0","0","False","0","9,9","9,7","14","17,4","100","50,581239135149836","42,17411969820415","1462517760","[17:45:42] [Server thread/INFO]: The game is running normally [17:45:42] [Server thread/INFO]: Target tick rate: 20,0 per second. Average time per tick: 9,9ms (Target: 50,0ms) [17:45:42] [Server thread/INFO]: Percentiles: P50: 9,7ms P95: 14,0ms P99: 17,4ms, sample: 100"
"without-umce","1","2026-09-27T15:45:42.9017633+00:00",,"False","20","0","0","0","0","0","False","0","10","9,7","14","17,4","100","88,12441435032063","42,17411969820415","1462517760","[17:45:42] [Server thread/INFO]: The game is running normally [17:45:42] [Server thread/INFO]: Target tick rate: 20,0 per second. Average time per tick: 10,0ms (Target: 50,0ms) [17:45:42] [Server thread/INFO]: Percentiles: P50: 9,7ms P95: 14,0ms P99: 17,4ms, sample: 100"
"without-umce","1","2026-09-27T15:45:43.0258714+00:00",,"False","20","0","0","0","0","0","False","0","10,1","9,7","14,2","17,4","100","50,886566109384134","42,17411969820415","1462517760","[17:45:43] [Server thread/INFO]: The game is running normally [17:45:43] [Server thread/INFO]: Target tick rate: 20,0 per second. Average time per tick: 10,1ms (Target: 50,0ms) [17:45:43] [Server thread/INFO]: Percentiles: P50: 9,7ms P95: 14,2ms P99: 17,4ms, sample: 100"
"without-umce","1","2026-09-27T15:45:43.1486926+00:00",,"False","20","0","0","0","0","0","False","0","10,1","9,9","14,2","17,4","100","88,3074836303156","42,17411969820415","1462517760","[17:45:43] [Server thread/INFO]: The game is running normally [17:45:43] [Server thread/INFO]: Target tick rate: 20,0 per second. Average time per tick: 10,1ms (Target: 50,0ms) [17:45:43] [Server thread/INFO]: Percentiles: P50: 9,9ms P95: 14,2ms P99: 17,4ms, sample: 100"
"without-umce","1","2026-09-27T15:45:43.2725103+00:00",,"False","20","0","0","0","0","0","False","0","10,2","10,1","14,2","17,4","100","12,551390412906605","42,17411969820415","1462517760","[17:45:43] [Server thread/INFO]: The game is running normally [17:45:43] [Server thread/INFO]: Target tick rate: 20,0 per second. Average time per tick: 10,2ms (Target: 50,0ms) [17:45:43] [Server thread/INFO]: Percentiles: P50: 10,1ms P95: 14,2ms P99: 17,4ms, sample: 100"
"without-umce","1","2026-09-27T15:45:43.3970517+00:00",,"False","20","0","0","0","0","0","False","0","10,3","10,1","14,2","17,4","100","66,78277965956809","42,17411969820415","1462517760","[17:45:43] [Server thread/INFO]: The game is running normally [17:45:43] [Server thread/INFO]: Target tick rate: 20,0 per second. Average time per tick: 10,3ms (Target: 50,0ms) [17:45:43] [Server thread/INFO]: Percentiles: P50: 10,1ms P95: 14,2ms P99: 17,4ms, sample: 100"
"without-umce","1","2026-09-27T15:45:43.5373891+00:00",,"False","20","0","0","0","0","0","False","0","10,4","10,2","14,2","17,4","100","22,4629128323972","42,17411969820415","1462517760","[17:45:43] [Server thread/INFO]: The game is running normally [17:45:43] [Server thread/INFO]: Target tick rate: 20,0 per second. Average time per tick: 10,4ms (Target: 50,0ms) [17:45:43] [Server thread/INFO]: Percentiles: P50: 10,2ms P95: 14,2ms P99: 17,4ms, sample: 100"
"without-umce","1","2026-09-27T15:45:43.6772683+00:00",,"False","20","0","0","0","0","0","False","0","10,5","10,4","14,2","17,4","100","12,759633012539146","42,17411969820415","1462517760","[17:45:43] [Server thread/INFO]: The game is running normally [17:45:43] [Server thread/INFO]: Target tick rate: 20,0 per second. Average time per tick: 10,5ms (Target: 50,0ms) [17:45:43] [Server thread/INFO]: Percentiles: P50: 10,4ms P95: 14,2ms P99: 17,4ms, sample: 100"
"without-umce","1","2026-09-27T15:45:43.7989531+00:00",,"False","20","0","0","0","0","0","False","0","10,6","10,4","14,2","17,4","100","0","42,17411969820415","1462517760","[17:45:43] [Server thread/INFO]: The game is running normally [17:45:43] [Server thread/INFO]: Target tick rate: 20,0 per second. Average time per tick: 10,6ms (Target: 50,0ms) [17:45:43] [Server thread/INFO]: Percentiles: P50: 10,4ms P95: 14,2ms P99: 17,4ms, sample: 100"
"without-umce","1","2026-09-27T15:45:43.9232889+00:00",,"False","20","0","0","0","0","0","False","0","10,7","10,5","14,8","17,4","100","87,42139068549561","42,17411969820415","1462517760","[17:45:43] [Server thread/INFO]: The game is running normally [17:45:43] [Server thread/INFO]: Target tick rate: 20,0 per second. Average time per tick: 10,7ms (Target: 50,0ms) [17:45:43] [Server thread/INFO]: Percentiles: P50: 10,5ms P95: 14,8ms P99: 17,4ms, sample: 100"
"without-umce","1","2026-09-27T15:45:44.0484057+00:00",,"False","20","0","0","0","0","0","False","0","10,7","10,5","14,8","17,4","100","37,58452006873056","42,17411969820415","1462517760","[17:45:44] [Server thread/INFO]: The game is running normally [17:45:44] [Server thread/INFO]: Target tick rate: 20,0 per second. Average time per tick: 10,7ms (Target: 50,0ms) [17:45:44] [Server thread/INFO]: Percentiles: P50: 10,5ms P95: 14,8ms P99: 17,4ms, sample: 100"
"without-umce","1","2026-09-27T15:45:44.1731617+00:00",,"False","20","0","0","0","0","0","False","0","10,8","10,7","14,8","17,4","100","25,19090676784947","42,17411969820415","1462517760","[17:45:44] [Server thread/INFO]: The game is running normally [17:45:44] [Server thread/INFO]: Target tick rate: 20,0 per second. Average time per tick: 10,8ms (Target: 50,0ms) [17:45:44] [Server thread/INFO]: Percentiles: P50: 10,7ms P95: 14,8ms P99: 17,4ms, sample: 100"
"without-umce","1","2026-09-27T15:45:44.2972021+00:00",,"False","20","0","0","0","0","0","False","0","10,9","11,1","14,8","17,4","100","37,792331240612384","42,17411969820415","1462517760","[17:45:44] [Server thread/INFO]: The game is running normally [17:45:44] [Server thread/INFO]: Target tick rate: 20,0 per second. Average time per tick: 10,9ms (Target: 50,0ms) [17:45:44] [Server thread/INFO]: Percentiles: P50: 11,1ms P95: 14,8ms P99: 17,4ms, sample: 100"
"without-umce","1","2026-09-27T15:45:44.4212136+00:00",,"False","20","0","0","0","0","0","False","0","10,9","11,1","14,8","17,4","100","50,654866109057906","42,17411969820415","1462517760","[17:45:44] [Server thread/INFO]: The game is running normally [17:45:44] [Server thread/INFO]: Target tick rate: 20,0 per second. Average time per tick: 10,9ms (Target: 50,0ms) [17:45:44] [Server thread/INFO]: Percentiles: P50: 11,1ms P95: 14,8ms P99: 17,4ms, sample: 100"
"without-umce","1","2026-09-27T15:45:44.5445727+00:00",,"False","20","0","0","0","0","0","False","0","11","11,1","14,8","17,4","100","63,23765459329993","42,17411969820415","1462517760","[17:45:44] [Server thread/INFO]: The game is running normally [17:45:44] [Server thread/INFO]: Target tick rate: 20,0 per second. Average time per tick: 11,0ms (Target: 50,0ms) [17:45:44] [Server thread/INFO]: Percentiles: P50: 11,1ms P95: 14,8ms P99: 17,4ms, sample: 100"
"without-umce","1","2026-09-27T15:45:44.6681555+00:00",,"False","20","0","0","0","0","0","False","0","11,1","11,1","14,8","17,4","100","25,22071149039474","42,17411969820415","1462517760","[17:45:44] [Server thread/INFO]: The game is running normally [17:45:44] [Server thread/INFO]: Target tick rate: 20,0 per second. Average time per tick: 11,1ms (Target: 50,0ms) [17:45:44] [Server thread/INFO]: Percentiles: P50: 11,1ms P95: 14,8ms P99: 17,4ms, sample: 100"
"without-umce","1","2026-09-27T15:45:44.7920676+00:00",,"False","20","0","0","0","0","0","False","0","11","11,1","14,8","17,4","100","76,05750352906816","42,17411969820415","1462517760","[17:45:44] [Server thread/INFO]: The game is running normally [17:45:44] [Server thread/INFO]: Target tick rate: 20,0 per second. Average time per tick: 11,0ms (Target: 50,0ms) [17:45:44] [Server thread/INFO]: Percentiles: P50: 11,1ms P95: 14,8ms P99: 17,4ms, sample: 100"
"without-umce","1","2026-09-27T15:45:44.9153115+00:00",,"False","20","0","0","0","0","0","False","0","11,1","11,1","14,8","17,4","100","38,06460466812131","42,17411969820415","1462517760","[17:45:44] [Server thread/INFO]: The game is running normally [17:45:44] [Server thread/INFO]: Target tick rate: 20,0 per second. Average time per tick: 11,1ms (Target: 50,0ms) [17:45:44] [Server thread/INFO]: Percentiles: P50: 11,1ms P95: 14,8ms P99: 17,4ms, sample: 100"
"without-umce","1","2026-09-27T15:45:45.0384596+00:00",,"False","20","0","0","0","0","0","False","0","11,2","11,2","14,8","17,4","100","74,93873009427492","42,17411969820415","1462517760","[17:45:45] [Server thread/INFO]: The game is running normally [17:45:45] [Server thread/INFO]: Target tick rate: 20,0 per second. Average time per tick: 11,2ms (Target: 50,0ms) [17:45:45] [Server thread/INFO]: Percentiles: P50: 11,2ms P95: 14,8ms P99: 17,4ms, sample: 100"
"without-umce","1","2026-09-27T15:45:45.1635492+00:00",,"False","20","0","0","0","0","0","False","0","11,3","11,2","15,2","17,4","100","62,958235219219574","42,17411969820415","1462517760","[17:45:45] [Server thread/INFO]: The game is running normally [17:45:45] [Server thread/INFO]: Target tick rate: 20,0 per second. Average time per tick: 11,3ms (Target: 50,0ms) [17:45:45] [Server thread/INFO]: Percentiles: P50: 11,2ms P95: 15,2ms P99: 17,4ms, sample: 100"
"without-umce","1","2026-09-27T15:45:45.2876526+00:00",,"False","20","0","0","0","0","0","False","0","11,3","11,3","15,2","17,4","100","78,18626452298695","42,17411969820415","1462517760","[17:45:45] [Server thread/INFO]: The game is running normally [17:45:45] [Server thread/INFO]: Target tick rate: 20,0 per second. Average time per tick: 11,3ms (Target: 50,0ms) [17:45:45] [Server thread/INFO]: Percentiles: P50: 11,3ms P95: 15,2ms P99: 17,4ms, sample: 100"
"without-umce","1","2026-09-27T15:45:45.4275104+00:00",,"False","20","0","0","0","0","0","False","0","11,4","11,3","15,4","17,4","100","88,2456403628096","42,17411969820415","1462517760","[17:45:45] [Server thread/INFO]: The game is running normally [17:45:45] [Server thread/INFO]: Target tick rate: 20,0 per second. Average time per tick: 11,4ms (Target: 50,0ms) [17:45:45] [Server thread/INFO]: Percentiles: P50: 11,3ms P95: 15,4ms P99: 17,4ms, sample: 100"
"without-umce","1","2026-09-27T15:45:45.5515040+00:00",,"False","20","0","0","0","0","0","False","0","11,4","11,3","15,4","17,4","100","0","42,17411969820415","1462517760","[17:45:45] [Server thread/INFO]: The game is running normally [17:45:45] [Server thread/INFO]: Target tick rate: 20,0 per second. Average time per tick: 11,4ms (Target: 50,0ms) [17:45:45] [Server thread/INFO]: Percentiles: P50: 11,3ms P95: 15,4ms P99: 17,4ms, sample: 100"
"without-umce","1","2026-09-27T15:45:45.6742958+00:00",,"False","20","0","0","0","0","0","False","0","11,4","11,3","15,4","17,4","100","0","42,17411969820415","1462517760","[17:45:45] [Server thread/INFO]: The game is running normally [17:45:45] [Server thread/INFO]: Target tick rate: 20,0 per second. Average time per tick: 11,4ms (Target: 50,0ms) [17:45:45] [Server thread/INFO]: Percentiles: P50: 11,3ms P95: 15,4ms P99: 17,4ms, sample: 100"
"without-umce","1","2026-09-27T15:45:45.7994621+00:00",,"False","20","0","0","0","0","0","False","0","11,3","11,3","15,4","17,4","100","78,19159317351945","42,17411969820415","1462517760","[17:45:45] [Server thread/INFO]: The game is running normally [17:45:45] [Server thread/INFO]: Target tick rate: 20,0 per second. Average time per tick: 11,3ms (Target: 50,0ms) [17:45:45] [Server thread/INFO]: Percentiles: P50: 11,3ms P95: 15,4ms P99: 17,4ms, sample: 100"
"without-umce","1","2026-09-27T15:45:45.9193531+00:00",,"False","20","0","0","0","0","0","False","0","11,3","11,3","15,4","17,4","100","50,49256507077845","42,17411969820415","1462517760","[17:45:45] [Server thread/INFO]: The game is running normally [17:45:45] [Server thread/INFO]: Target tick rate: 20,0 per second. Average time per tick: 11,3ms (Target: 50,0ms) [17:45:45] [Server thread/INFO]: Percentiles: P50: 11,3ms P95: 15,4ms P99: 17,4ms, sample: 100"
"without-umce","1","2026-09-27T15:45:46.0431437+00:00",,"False","20","0","0","0","0","0","False","0","11,3","11,3","15,4","17,4","100","63,34219786278358","42,17411969820415","1462517760","[17:45:46] [Server thread/INFO]: The game is running normally [17:45:46] [Server thread/INFO]: Target tick rate: 20,0 per second. Average time per tick: 11,3ms (Target: 50,0ms) [17:45:46] [Server thread/INFO]: Percentiles: P50: 11,3ms P95: 15,4ms P99: 17,4ms, sample: 100"
"without-umce","1","2026-09-27T15:45:46.1664573+00:00",,"False","20","0","0","0","0","0","False","0","11,3","11,2","15,4","17,4","100","51,17967094337645","42,17411969820415","1462517760","[17:45:46] [Server thread/INFO]: The game is running normally [17:45:46] [Server thread/INFO]: Target tick rate: 20,0 per second. Average time per tick: 11,3ms (Target: 50,0ms) [17:45:46] [Server thread/INFO]: Percentiles: P50: 11,2ms P95: 15,4ms P99: 17,4ms, sample: 100"
"without-umce","1","2026-09-27T15:45:46.2886001+00:00",,"False","20","0","0","0","0","0","False","0","11,3","11,2","15,4","17,4","100","49,63886731252789","42,17411969820415","1462517760","[17:45:46] [Server thread/INFO]: The game is running normally [17:45:46] [Server thread/INFO]: Target tick rate: 20,0 per second. Average time per tick: 11,3ms (Target: 50,0ms) [17:45:46] [Server thread/INFO]: Percentiles: P50: 11,2ms P95: 15,4ms P99: 17,4ms, sample: 100"
"without-umce","1","2026-09-27T15:45:46.4145267+00:00",,"False","20","0","0","0","0","0","False","0","11,2","11,1","15,2","17,4","100","12,61051858487787","42,17411969820415","1462517760","[17:45:46] [Server thread/INFO]: The game is running normally [17:45:46] [Server thread/INFO]: Target tick rate: 20,0 per second. Average time per tick: 11,2ms (Target: 50,0ms) [17:45:46] [Server thread/INFO]: Percentiles: P50: 11,1ms P95: 15,2ms P99: 17,4ms, sample: 100"
"without-umce","1","2026-09-27T15:45:46.5383914+00:00",,"False","20","0","0","0","0","0","False","0","11,1","11,1","15,2","17,4","100","62,465169421530554","42,17411969820415","1462517760","[17:45:46] [Server thread/INFO]: The game is running normally [17:45:46] [Server thread/INFO]: Target tick rate: 20,0 per second. Average time per tick: 11,1ms (Target: 50,0ms) [17:45:46] [Server thread/INFO]: Percentiles: P50: 11,1ms P95: 15,2ms P99: 17,4ms, sample: 100"
"without-umce","1","2026-09-27T15:45:46.6634887+00:00",,"False","20","0","0","0","0","0","False","0","11,1","11,1","15,2","17,4","100","11,374083976772846","42,17411969820415","1462517760","[17:45:46] [Server thread/INFO]: The game is running normally [17:45:46] [Server thread/INFO]: Target tick rate: 20,0 per second. Average time per tick: 11,1ms (Target: 50,0ms) [17:45:46] [Server thread/INFO]: Percentiles: P50: 11,1ms P95: 15,2ms P99: 17,4ms, sample: 100"
"without-umce","1","2026-09-27T15:45:46.8008796+00:00",,"False","20","0","0","0","0","0","False","0","11,1","11,1","15,2","17,4","100","0","42,17411969820415","1462517760","[17:45:46] [Server thread/INFO]: The game is running normally [17:45:46] [Server thread/INFO]: Target tick rate: 20,0 per second. Average time per tick: 11,1ms (Target: 50,0ms) [17:45:46] [Server thread/INFO]: Percentiles: P50: 11,1ms P95: 15,2ms P99: 17,4ms, sample: 100"
"without-umce","1","2026-09-27T15:45:46.9246425+00:00",,"False","20","0","0","0","0","0","False","0","11,1","11,1","15,2","17,4","100","0","42,17411969820415","1462517760","[17:45:46] [Server thread/INFO]: The game is running normally [17:45:46] [Server thread/INFO]: Target tick rate: 20,0 per second. Average time per tick: 11,1ms (Target: 50,0ms) [17:45:46] [Server thread/INFO]: Percentiles: P50: 11,1ms P95: 15,2ms P99: 17,4ms, sample: 100"
"without-umce","1","2026-09-27T15:45:47.0503379+00:00",,"False","20","0","0","0","0","0","False","0","11,1","11,1","15,2","17,4","100","0","42,17411969820415","1462517760","[17:45:47] [Server thread/INFO]: The game is running normally [17:45:47] [Server thread/INFO]: Target tick rate: 20,0 per second. Average time per tick: 11,1ms (Target: 50,0ms) [17:45:47] [Server thread/INFO]: Percentiles: P50: 11,1ms P95: 15,2ms P99: 17,4ms, sample: 100"
"without-umce","1","2026-09-27T15:45:47.1738155+00:00",,"False","20","0","0","0","0","0","False","0","11,1","11,1","15,2","17,4","100","12,625324016315552","42,17411969820415","1462517760","[17:45:47] [Server thread/INFO]: The game is running normally [17:45:47] [Server thread/INFO]: Target tick rate: 20,0 per second. Average time per tick: 11,1ms (Target: 50,0ms) [17:45:47] [Server thread/INFO]: Percentiles: P50: 11,1ms P95: 15,2ms P99: 17,4ms, sample: 100"
"without-umce","1","2026-09-27T15:45:47.2975758+00:00",,"False","20","0","0","0","0","0","False","0","11,1","11,1","15,2","17,4","100","49,98524435586615","42,17411969820415","1462517760","[17:45:47] [Server thread/INFO]: The game is running normally [17:45:47] [Server thread/INFO]: Target tick rate: 20,0 per second. Average time per tick: 11,1ms (Target: 50,0ms) [17:45:47] [Server thread/INFO]: Percentiles: P50: 11,1ms P95: 15,2ms P99: 17,4ms, sample: 100"
"without-umce","1","2026-09-27T15:45:47.4225993+00:00",,"False","20","0","0","0","0","0","False","0","11","11","15,2","17,4","100","50,53392119780755","42,17411969820415","1462517760","[17:45:47] [Server thread/INFO]: The game is running normally [17:45:47] [Server thread/INFO]: Target tick rate: 20,0 per second. Average time per tick: 11,0ms (Target: 50,0ms) [17:45:47] [Server thread/INFO]: Percentiles: P50: 11,0ms P95: 15,2ms P99: 17,4ms, sample: 100"
"without-umce","1","2026-09-27T15:45:47.5463154+00:00",,"False","20","0","0","0","0","0","False","0","11","11","15,2","17,4","100","50,072424755165876","42,17411969820415","1462517760","[17:45:47] [Server thread/INFO]: The game is running normally [17:45:47] [Server thread/INFO]: Target tick rate: 20,0 per second. Average time per tick: 11,0ms (Target: 50,0ms) [17:45:47] [Server thread/INFO]: Percentiles: P50: 11,0ms P95: 15,2ms P99: 17,4ms, sample: 100"
"without-umce","1","2026-09-27T15:45:47.6711163+00:00",,"False","20","0","0","0","0","0","False","0","10,8","10,9","14,8","16,3","100","38,05845453851637","42,17411969820415","1462517760","[17:45:47] [Server thread/INFO]: The game is running normally [17:45:47] [Server thread/INFO]: Target tick rate: 20,0 per second. Average time per tick: 10,8ms (Target: 50,0ms) [17:45:47] [Server thread/INFO]: Percentiles: P50: 10,9ms P95: 14,8ms P99: 16,3ms, sample: 100"
"without-umce","1","2026-09-27T15:45:47.7942864+00:00",,"False","20","0","0","0","0","0","False","0","10,8","10,9","14,8","16,3","100","75,11706243009105","42,17411969820415","1462517760","[17:45:47] [Server thread/INFO]: The game is running normally [17:45:47] [Server thread/INFO]: Target tick rate: 20,0 per second. Average time per tick: 10,8ms (Target: 50,0ms) [17:45:47] [Server thread/INFO]: Percentiles: P50: 10,9ms P95: 14,8ms P99: 16,3ms, sample: 100"
"without-umce","1","2026-09-27T15:45:47.9191007+00:00",,"False","20","0","0","0","0","0","False","0","10,8","10,9","13,8","15,9","100","37,89461940867417","42,17411969820415","1462517760","[17:45:47] [Server thread/INFO]: The game is running normally [17:45:47] [Server thread/INFO]: Target tick rate: 20,0 per second. Average time per tick: 10,8ms (Target: 50,0ms) [17:45:47] [Server thread/INFO]: Percentiles: P50: 10,9ms P95: 13,8ms P99: 15,9ms, sample: 100"
"without-umce","1","2026-09-27T15:45:48.0428205+00:00",,"False","20","0","0","0","0","0","False","0","10,8","10,9","13,8","15,9","100","50,67166302776563","42,17411969820415","1462517760","[17:45:48] [Server thread/INFO]: The game is running normally [17:45:48] [Server thread/INFO]: Target tick rate: 20,0 per second. Average time per tick: 10,8ms (Target: 50,0ms) [17:45:48] [Server thread/INFO]: Percentiles: P50: 10,9ms P95: 13,8ms P99: 15,9ms, sample: 100"
"without-umce","1","2026-09-27T15:45:48.1660928+00:00",,"False","20","0","0","0","0","0","False","0","10,7","10,7","13,8","15,9","100","24,84555999904593","42,17411969820415","1462517760","[17:45:48] [Server thread/INFO]: The game is running normally [17:45:48] [Server thread/INFO]: Target tick rate: 20,0 per second. Average time per tick: 10,7ms (Target: 50,0ms) [17:45:48] [Server thread/INFO]: Percentiles: P50: 10,7ms P95: 13,8ms P99: 15,9ms, sample: 100"
"without-umce","1","2026-09-27T15:45:48.2919216+00:00",,"False","20","0","0","0","0","0","False","0","10,7","10,7","13,8","15,9","100","63,24804730508672","42,17411969820415","1462517760","[17:45:48] [Server thread/INFO]: The game is running normally [17:45:48] [Server thread/INFO]: Target tick rate: 20,0 per second. Average time per tick: 10,7ms (Target: 50,0ms) [17:45:48] [Server thread/INFO]: Percentiles: P50: 10,7ms P95: 13,8ms P99: 15,9ms, sample: 100"
"without-umce","1","2026-09-27T15:45:48.4154285+00:00",,"False","20","0","0","0","0","0","False","0","10,7","10,7","13,8","15,9","100","75,92531702363038","42,17411969820415","1462517760","[17:45:48] [Server thread/INFO]: The game is running normally [17:45:48] [Server thread/INFO]: Target tick rate: 20,0 per second. Average time per tick: 10,7ms (Target: 50,0ms) [17:45:48] [Server thread/INFO]: Percentiles: P50: 10,7ms P95: 13,8ms P99: 15,9ms, sample: 100"
"without-umce","1","2026-09-27T15:45:48.5388899+00:00",,"False","20","0","0","0","0","0","False","0","10,7","10,7","13,8","15,9","100","74,70411195337508","42,17411969820415","1462517760","[17:45:48] [Server thread/INFO]: The game is running normally [17:45:48] [Server thread/INFO]: Target tick rate: 20,0 per second. Average time per tick: 10,7ms (Target: 50,0ms) [17:45:48] [Server thread/INFO]: Percentiles: P50: 10,7ms P95: 13,8ms P99: 15,9ms, sample: 100"
"without-umce","1","2026-09-27T15:45:48.6643821+00:00",,"False","20","0","0","0","0","0","False","0","10,6","10,7","13,6","15,9","100","37,020831967675974","42,17411969820415","1462517760","[17:45:48] [Server thread/INFO]: The game is running normally [17:45:48] [Server thread/INFO]: Target tick rate: 20,0 per second. Average time per tick: 10,6ms (Target: 50,0ms) [17:45:48] [Server thread/INFO]: Percentiles: P50: 10,7ms P95: 13,6ms P99: 15,9ms, sample: 100"
"without-umce","1","2026-09-27T15:45:48.7910303+00:00",,"False","20","0","0","0","0","0","False","0","10,6","10,5","13,6","15,9","100","50,19741639921483","42,17411969820415","1462517760","[17:45:48] [Server thread/INFO]: The game is running normally [17:45:48] [Server thread/INFO]: Target tick rate: 20,0 per second. Average time per tick: 10,6ms (Target: 50,0ms) [17:45:48] [Server thread/INFO]: Percentiles: P50: 10,5ms P95: 13,6ms P99: 15,9ms, sample: 100"
"without-umce","1","2026-09-27T15:45:48.9155165+00:00",,"False","20","0","0","0","0","0","False","0","10,5","10,3","13,4","15,9","100","24,808340683217732","42,17411969820415","1462517760","[17:45:48] [Server thread/INFO]: The game is running normally [17:45:48] [Server thread/INFO]: Target tick rate: 20,0 per second. Average time per tick: 10,5ms (Target: 50,0ms) [17:45:48] [Server thread/INFO]: Percentiles: P50: 10,3ms P95: 13,4ms P99: 15,9ms, sample: 100"
"without-umce","1","2026-09-27T15:45:49.0415065+00:00",,"False","20","0","0","0","0","0","False","0","10,5","10,3","13,4","15,9","100","50,67725077941611","42,17411969820415","1462517760","[17:45:49] [Server thread/INFO]: The game is running normally [17:45:49] [Server thread/INFO]: Target tick rate: 20,0 per second. Average time per tick: 10,5ms (Target: 50,0ms) [17:45:49] [Server thread/INFO]: Percentiles: P50: 10,3ms P95: 13,4ms P99: 15,9ms, sample: 100"
"without-umce","1","2026-09-27T15:45:49.1647896+00:00",,"False","20","0","0","0","0","0","False","0","10,5","10,3","13,4","15,9","100","63,08018632171258","42,17411969820415","1462517760","[17:45:49] [Server thread/INFO]: The game is running normally [17:45:49] [Server thread/INFO]: Target tick rate: 20,0 per second. Average time per tick: 10,5ms (Target: 50,0ms) [17:45:49] [Server thread/INFO]: Percentiles: P50: 10,3ms P95: 13,4ms P99: 15,9ms, sample: 100"
"without-umce","1","2026-09-27T15:45:49.2886664+00:00",,"False","20","0","0","0","0","0","False","0","10,4","10,3","13,4","15,9","100","25,023161438227227","42,17411969820415","1462517760","[17:45:49] [Server thread/INFO]: The game is running normally [17:45:49] [Server thread/INFO]: Target tick rate: 20,0 per second. Average time per tick: 10,4ms (Target: 50,0ms) [17:45:49] [Server thread/INFO]: Percentiles: P50: 10,3ms P95: 13,4ms P99: 15,9ms, sample: 100"
"without-umce","1","2026-09-27T15:45:49.4135874+00:00",,"False","20","0","0","0","0","0","False","0","10,3","10,2","13,4","15,9","100","12,454655091741985","42,17411969820415","1462517760","[17:45:49] [Server thread/INFO]: The game is running normally [17:45:49] [Server thread/INFO]: Target tick rate: 20,0 per second. Average time per tick: 10,3ms (Target: 50,0ms) [17:45:49] [Server thread/INFO]: Percentiles: P50: 10,2ms P95: 13,4ms P99: 15,9ms, sample: 100"
"without-umce","1","2026-09-27T15:45:49.5389793+00:00",,"False","20","0","0","0","0","0","False","0","10,3","10,1","13,4","15,9","100","34,04816935250733","42,17411969820415","1462517760","[17:45:49] [Server thread/INFO]: The game is running normally [17:45:49] [Server thread/INFO]: Target tick rate: 20,0 per second. Average time per tick: 10,3ms (Target: 50,0ms) [17:45:49] [Server thread/INFO]: Percentiles: P50: 10,1ms P95: 13,4ms P99: 15,9ms, sample: 100"
"without-umce","1","2026-09-27T15:45:49.6766537+00:00",,"False","20","0","0","0","0","0","False","0","10,3","10,1","13,4","15,9","100","0","42,17411969820415","1462517760","[17:45:49] [Server thread/INFO]: The game is running normally [17:45:49] [Server thread/INFO]: Target tick rate: 20,0 per second. Average time per tick: 10,3ms (Target: 50,0ms) [17:45:49] [Server thread/INFO]: Percentiles: P50: 10,1ms P95: 13,4ms P99: 15,9ms, sample: 100"
"without-umce","1","2026-09-27T15:45:49.8010477+00:00",,"False","20","0","0","0","0","0","False","0","10,3","10,1","13,4","15,9","100","12,531981617086807","42,17411969820415","1462517760","[17:45:49] [Server thread/INFO]: The game is running normally [17:45:49] [Server thread/INFO]: Target tick rate: 20,0 per second. Average time per tick: 10,3ms (Target: 50,0ms) [17:45:49] [Server thread/INFO]: Percentiles: P50: 10,1ms P95: 13,4ms P99: 15,9ms, sample: 100"
"without-umce","1","2026-09-27T15:45:49.9257005+00:00",,"False","20","0","0","0","0","0","False","0","10,2","10","13,3","15,9","100","0","42,17411969820415","1462517760","[17:45:49] [Server thread/INFO]: The game is running normally [17:45:49] [Server thread/INFO]: Target tick rate: 20,0 per second. Average time per tick: 10,2ms (Target: 50,0ms) [17:45:49] [Server thread/INFO]: Percentiles: P50: 10,0ms P95: 13,3ms P99: 15,9ms, sample: 100"
"without-umce","1","2026-09-27T15:45:50.0483745+00:00",,"False","20","0","0","0","0","0","False","0","10,2","10","13,3","15,9","100","24,966644562864012","42,17411969820415","1462517760","[17:45:50] [Server thread/INFO]: The game is running normally [17:45:50] [Server thread/INFO]: Target tick rate: 20,0 per second. Average time per tick: 10,2ms (Target: 50,0ms) [17:45:50] [Server thread/INFO]: Percentiles: P50: 10,0ms P95: 13,3ms P99: 15,9ms, sample: 100"
"without-umce","1","2026-09-27T15:45:50.1735355+00:00",,"False","20","0","0","0","0","0","False","0","10,1","10","13","15,9","100","25,184471214753827","42,17411969820415","1462517760","[17:45:50] [Server thread/INFO]: The game is running normally [17:45:50] [Server thread/INFO]: Target tick rate: 20,0 per second. Average time per tick: 10,1ms (Target: 50,0ms) [17:45:50] [Server thread/INFO]: Percentiles: P50: 10,0ms P95: 13,0ms P99: 15,9ms, sample: 100"
"without-umce","1","2026-09-27T15:45:50.2976518+00:00",,"False","20","0","0","0","0","0","False","0","10,1","10","13","15,9","100","74,24231265397856","42,17411969820415","1462517760","[17:45:50] [Server thread/INFO]: The game is running normally [17:45:50] [Server thread/INFO]: Target tick rate: 20,0 per second. Average time per tick: 10,1ms (Target: 50,0ms) [17:45:50] [Server thread/INFO]: Percentiles: P50: 10,0ms P95: 13,0ms P99: 15,9ms, sample: 100"
"without-umce","1","2026-09-27T15:45:50.4238996+00:00",,"False","20","0","0","0","0","0","False","0","10,1","10","13","15","100","37,90571242118644","42,17411969820415","1462517760","[17:45:50] [Server thread/INFO]: The game is running normally [17:45:50] [Server thread/INFO]: Target tick rate: 20,0 per second. Average time per tick: 10,1ms (Target: 50,0ms) [17:45:50] [Server thread/INFO]: Percentiles: P50: 10,0ms P95: 13,0ms P99: 15,0ms, sample: 100"
"without-umce","1","2026-09-27T15:45:50.5475977+00:00",,"False","20","0","0","0","0","0","False","0","10,1","10","13","15","100","62,98173469231458","42,17411969820415","1462517760","[17:45:50] [Server thread/INFO]: The game is running normally [17:45:50] [Server thread/INFO]: Target tick rate: 20,0 per second. Average time per tick: 10,1ms (Target: 50,0ms) [17:45:50] [Server thread/INFO]: Percentiles: P50: 10,0ms P95: 13,0ms P99: 15,0ms, sample: 100"
"without-umce","1","2026-09-27T15:45:50.6716021+00:00",,"False","20","0","0","0","0","0","False","0","10,1","10","13","15","100","37,59461813492197","42,17411969820415","1462517760","[17:45:50] [Server thread/INFO]: The game is running normally [17:45:50] [Server thread/INFO]: Target tick rate: 20,0 per second. Average time per tick: 10,1ms (Target: 50,0ms) [17:45:50] [Server thread/INFO]: Percentiles: P50: 10,0ms P95: 13,0ms P99: 15,0ms, sample: 100"
"without-umce","1","2026-09-27T15:45:50.7963150+00:00",,"False","20","0","0","0","0","0","False","0","10,2","10","13","15","100","62,52495996401763","42,17411969820415","1462517760","[17:45:50] [Server thread/INFO]: The game is running normally [17:45:50] [Server thread/INFO]: Target tick rate: 20,0 per second. Average time per tick: 10,2ms (Target: 50,0ms) [17:45:50] [Server thread/INFO]: Percentiles: P50: 10,0ms P95: 13,0ms P99: 15,0ms, sample: 100"
"without-umce","1","2026-09-27T15:45:50.9212508+00:00",,"False","20","0","0","0","0","0","False","0","10,2","10","13","15","100","62,26890763000353","42,17411969820415","1462517760","[17:45:50] [Server thread/INFO]: The game is running normally [17:45:50] [Server thread/INFO]: Target tick rate: 20,0 per second. Average time per tick: 10,2ms (Target: 50,0ms) [17:45:50] [Server thread/INFO]: Percentiles: P50: 10,0ms P95: 13,0ms P99: 15,0ms, sample: 100"
"without-umce","1","2026-09-27T15:45:51.0467654+00:00",,"False","20","0","0","0","0","0","False","0","10,2","10,1","13,1","15","100","64,0997765840747","42,17411969820415","1462517760","[17:45:51] [Server thread/INFO]: The game is running normally [17:45:51] [Server thread/INFO]: Target tick rate: 20,0 per second. Average time per tick: 10,2ms (Target: 50,0ms) [17:45:51] [Server thread/INFO]: Percentiles: P50: 10,1ms P95: 13,1ms P99: 15,0ms, sample: 100"
"without-umce","1","2026-09-27T15:45:51.1685813+00:00",,"False","20","0","0","0","0","0","False","0","10,3","10,1","13,1","15","100","37,835586518181664","42,17411969820415","1462517760","[17:45:51] [Server thread/INFO]: The game is running normally [17:45:51] [Server thread/INFO]: Target tick rate: 20,0 per second. Average time per tick: 10,3ms (Target: 50,0ms) [17:45:51] [Server thread/INFO]: Percentiles: P50: 10,1ms P95: 13,1ms P99: 15,0ms, sample: 100"
"without-umce","1","2026-09-27T15:45:51.2924902+00:00",,"False","20","0","0","0","0","0","False","0","10,4","10,2","13,1","15","100","74,99430043316708","42,17411969820415","1462517760","[17:45:51] [Server thread/INFO]: The game is running normally [17:45:51] [Server thread/INFO]: Target tick rate: 20,0 per second. Average time per tick: 10,4ms (Target: 50,0ms) [17:45:51] [Server thread/INFO]: Percentiles: P50: 10,2ms P95: 13,1ms P99: 15,0ms, sample: 100"
"without-umce","1","2026-09-27T15:45:51.4174830+00:00",,"False","20","0","0","0","0","0","False","0","10,4","10,3","13,1","15","100","50,07647679536188","42,17411969820415","1462517760","[17:45:51] [Server thread/INFO]: The game is running normally [17:45:51] [Server thread/INFO]: Target tick rate: 20,0 per second. Average time per tick: 10,4ms (Target: 50,0ms) [17:45:51] [Server thread/INFO]: Percentiles: P50: 10,3ms P95: 13,1ms P99: 15,0ms, sample: 100"
"without-umce","1","2026-09-27T15:45:51.5423057+00:00",,"False","20","0","0","0","0","0","False","0","10,4","10,2","13,1","15","100","126,74461426645492","42,17411969820415","1462517760","[17:45:51] [Server thread/INFO]: The game is running normally [17:45:51] [Server thread/INFO]: Target tick rate: 20,0 per second. Average time per tick: 10,4ms (Target: 50,0ms) [17:45:51] [Server thread/INFO]: Percentiles: P50: 10,2ms P95: 13,1ms P99: 15,0ms, sample: 100"
"without-umce","1","2026-09-27T15:45:51.6655939+00:00",,"False","20","0","0","0","0","0","False","0","10,4","10,2","13,1","15","100","37,33634732241639","42,17411969820415","1462517760","[17:45:51] [Server thread/INFO]: The game is running normally [17:45:51] [Server thread/INFO]: Target tick rate: 20,0 per second. Average time per tick: 10,4ms (Target: 50,0ms) [17:45:51] [Server thread/INFO]: Percentiles: P50: 10,2ms P95: 13,1ms P99: 15,0ms, sample: 100"
"without-umce","1","2026-09-27T15:45:51.7911903+00:00",,"False","20","0","0","0","0","0","False","0","10,6","10,3","13,3","16,7","100","50,26240999007619","42,17411969820415","1462517760","[17:45:51] [Server thread/INFO]: The game is running normally [17:45:51] [Server thread/INFO]: Target tick rate: 20,0 per second. Average time per tick: 10,6ms (Target: 50,0ms) [17:45:51] [Server thread/INFO]: Percentiles: P50: 10,3ms P95: 13,3ms P99: 16,7ms, sample: 100"
"without-umce","1","2026-09-27T15:45:51.9154720+00:00",,"False","20","0","0","0","0","0","False","0","10,6","10,4","13,4","16,7","100","37,82551121934923","42,17411969820415","1462517760","[17:45:51] [Server thread/INFO]: The game is running normally [17:45:51] [Server thread/INFO]: Target tick rate: 20,0 per second. Average time per tick: 10,6ms (Target: 50,0ms) [17:45:51] [Server thread/INFO]: Percentiles: P50: 10,4ms P95: 13,4ms P99: 16,7ms, sample: 100"
"without-umce","1","2026-09-27T15:45:52.0394537+00:00",,"False","20","0","0","0","0","0","False","0","10,6","10,4","13,4","16,7","100","90,38695014906615","42,17411969820415","1462517760","[17:45:52] [Server thread/INFO]: The game is running normally [17:45:52] [Server thread/INFO]: Target tick rate: 20,0 per second. Average time per tick: 10,6ms (Target: 50,0ms) [17:45:52] [Server thread/INFO]: Percentiles: P50: 10,4ms P95: 13,4ms P99: 16,7ms, sample: 100"
"without-umce","1","2026-09-27T15:45:52.1776977+00:00",,"False","20","0","0","0","0","0","False","0","10,7","10,5","13,4","16,7","100","0","42,17411969820415","1462517760","[17:45:52] [Server thread/INFO]: The game is running normally [17:45:52] [Server thread/INFO]: Target tick rate: 20,0 per second. Average time per tick: 10,7ms (Target: 50,0ms) [17:45:52] [Server thread/INFO]: Percentiles: P50: 10,5ms P95: 13,4ms P99: 16,7ms, sample: 100"
"without-umce","1","2026-09-27T15:45:52.3015235+00:00",,"False","20","0","0","0","0","0","False","0","10,7","10,5","13,4","16,7","100","25,14703977094869","42,17411969820415","1462517760","[17:45:52] [Server thread/INFO]: The game is running normally [17:45:52] [Server thread/INFO]: Target tick rate: 20,0 per second. Average time per tick: 10,7ms (Target: 50,0ms) [17:45:52] [Server thread/INFO]: Percentiles: P50: 10,5ms P95: 13,4ms P99: 16,7ms, sample: 100"
"without-umce","1","2026-09-27T15:45:52.4257747+00:00",,"False","20","0","0","0","0","0","False","0","10,8","10,8","14","16,7","100","0","42,17411969820415","1462517760","[17:45:52] [Server thread/INFO]: The game is running normally [17:45:52] [Server thread/INFO]: Target tick rate: 20,0 per second. Average time per tick: 10,8ms (Target: 50,0ms) [17:45:52] [Server thread/INFO]: Percentiles: P50: 10,8ms P95: 14,0ms P99: 16,7ms, sample: 100"
"without-umce","1","2026-09-27T15:45:52.5495915+00:00",,"False","20","0","0","0","0","0","False","0","10,9","10,8","14","16,7","100","25,235986759384353","42,17411969820415","1462517760","[17:45:52] [Server thread/INFO]: The game is running normally [17:45:52] [Server thread/INFO]: Target tick rate: 20,0 per second. Average time per tick: 10,9ms (Target: 50,0ms) [17:45:52] [Server thread/INFO]: Percentiles: P50: 10,8ms P95: 14,0ms P99: 16,7ms, sample: 100"
"without-umce","1","2026-09-27T15:45:52.6734150+00:00",,"False","20","0","0","0","0","0","False","0","10,9","10,9","14","16,7","100","63,35884177198765","42,17411969820415","1462517760","[17:45:52] [Server thread/INFO]: The game is running normally [17:45:52] [Server thread/INFO]: Target tick rate: 20,0 per second. Average time per tick: 10,9ms (Target: 50,0ms) [17:45:52] [Server thread/INFO]: Percentiles: P50: 10,9ms P95: 14,0ms P99: 16,7ms, sample: 100"
"without-umce","1","2026-09-27T15:45:52.7967359+00:00",,"False","20","0","0","0","0","0","False","0","10,9","10,8","14","16,7","100","88,12299432064925","42,17411969820415","1462517760","[17:45:52] [Server thread/INFO]: The game is running normally [17:45:52] [Server thread/INFO]: Target tick rate: 20,0 per second. Average time per tick: 10,9ms (Target: 50,0ms) [17:45:52] [Server thread/INFO]: Percentiles: P50: 10,8ms P95: 14,0ms P99: 16,7ms, sample: 100"
"without-umce","1","2026-09-27T15:45:52.9208214+00:00",,"False","20","0","0","0","0","0","False","0","10,9","10,8","14","16,7","100","62,61922700822365","42,17411969820415","1462517760","[17:45:52] [Server thread/INFO]: The game is running normally [17:45:52] [Server thread/INFO]: Target tick rate: 20,0 per second. Average time per tick: 10,9ms (Target: 50,0ms) [17:45:52] [Server thread/INFO]: Percentiles: P50: 10,8ms P95: 14,0ms P99: 16,7ms, sample: 100"
"without-umce","1","2026-09-27T15:45:53.0456078+00:00",,"False","20","0","0","0","0","0","False","0","10,9","10,8","14","16,7","100","75,99042885350504","42,17411969820415","1462517760","[17:45:53] [Server thread/INFO]: The game is running normally [17:45:53] [Server thread/INFO]: Target tick rate: 20,0 per second. Average time per tick: 10,9ms (Target: 50,0ms) [17:45:53] [Server thread/INFO]: Percentiles: P50: 10,8ms P95: 14,0ms P99: 16,7ms, sample: 100"
"without-umce","1","2026-09-27T15:45:53.1690121+00:00",,"False","20","0","0","0","0","0","False","0","11","10,8","14","16,7","100","38,08950362977734","42,17411969820415","1462517760","[17:45:53] [Server thread/INFO]: The game is running normally [17:45:53] [Server thread/INFO]: Target tick rate: 20,0 per second. Average time per tick: 11,0ms (Target: 50,0ms) [17:45:53] [Server thread/INFO]: Percentiles: P50: 10,8ms P95: 14,0ms P99: 16,7ms, sample: 100"
"without-umce","1","2026-09-27T15:45:53.2920580+00:00",,"False","20","0","0","0","0","0","False","0","11","10,8","14","16,7","100","50,63836751625694","42,17411969820415","1462517760","[17:45:53] [Server thread/INFO]: The game is running normally [17:45:53] [Server thread/INFO]: Target tick rate: 20,0 per second. Average time per tick: 11,0ms (Target: 50,0ms) [17:45:53] [Server thread/INFO]: Percentiles: P50: 10,8ms P95: 14,0ms P99: 16,7ms, sample: 100"
"without-umce","1","2026-09-27T15:45:53.4154409+00:00",,"False","20","0","0","0","0","0","False","0","11","10,8","14","16,7","100","61,563932715842164","42,17411969820415","1462517760","[17:45:53] [Server thread/INFO]: The game is running normally [17:45:53] [Server thread/INFO]: Target tick rate: 20,0 per second. Average time per tick: 11,0ms (Target: 50,0ms) [17:45:53] [Server thread/INFO]: Percentiles: P50: 10,8ms P95: 14,0ms P99: 16,7ms, sample: 100"
"without-umce","1","2026-09-27T15:45:53.5423784+00:00",,"False","20","0","0","0","0","0","False","0","10,9","10,8","14","16,7","100","50,73237252984079","42,17411969820415","1462517760","[17:45:53] [Server thread/INFO]: The game is running normally [17:45:53] [Server thread/INFO]: Target tick rate: 20,0 per second. Average time per tick: 10,9ms (Target: 50,0ms) [17:45:53] [Server thread/INFO]: Percentiles: P50: 10,8ms P95: 14,0ms P99: 16,7ms, sample: 100"
"without-umce","1","2026-09-27T15:45:53.6655498+00:00",,"False","20","0","0","0","0","0","False","0","10,9","10,8","14","16,7","100","25,02616736059224","42,17411969820415","1462517760","[17:45:53] [Server thread/INFO]: The game is running normally [17:45:53] [Server thread/INFO]: Target tick rate: 20,0 per second. Average time per tick: 10,9ms (Target: 50,0ms) [17:45:53] [Server thread/INFO]: Percentiles: P50: 10,8ms P95: 14,0ms P99: 16,7ms, sample: 100"
"without-umce","1","2026-09-27T15:45:53.7904389+00:00",,"False","20","0","0","0","0","0","False","0","10,8","10,7","14","16,7","100","75,37112743147257","42,17411969820415","1462517760","[17:45:53] [Server thread/INFO]: The game is running normally [17:45:53] [Server thread/INFO]: Target tick rate: 20,0 per second. Average time per tick: 10,8ms (Target: 50,0ms) [17:45:53] [Server thread/INFO]: Percentiles: P50: 10,7ms P95: 14,0ms P99: 16,7ms, sample: 100"
"without-umce","1","2026-09-27T15:45:53.9148114+00:00",,"False","20","0","0","0","0","0","False","0","10,8","10,7","14","16,7","100","24,989844127346647","42,17411969820415","1462517760","[17:45:53] [Server thread/INFO]: The game is running normally [17:45:53] [Server thread/INFO]: Target tick rate: 20,0 per second. Average time per tick: 10,8ms (Target: 50,0ms) [17:45:53] [Server thread/INFO]: Percentiles: P50: 10,7ms P95: 14,0ms P99: 16,7ms, sample: 100"
"without-umce","1","2026-09-27T15:45:54.0398670+00:00",,"False","20","0","0","0","0","0","False","0","10,8","10,6","14","16,7","100","50,461296992587435","42,17411969820415","1462517760","[17:45:54] [Server thread/INFO]: The game is running normally [17:45:54] [Server thread/INFO]: Target tick rate: 20,0 per second. Average time per tick: 10,8ms (Target: 50,0ms) [17:45:54] [Server thread/INFO]: Percentiles: P50: 10,6ms P95: 14,0ms P99: 16,7ms, sample: 100"
"without-umce","1","2026-09-27T15:45:54.1637373+00:00",,"False","20","0","0","0","0","0","False","0","10,7","10,6","13,1","16,7","100","0","42,17411969820415","1462517760","[17:45:54] [Server thread/INFO]: The game is running normally [17:45:54] [Server thread/INFO]: Target tick rate: 20,0 per second. Average time per tick: 10,7ms (Target: 50,0ms) [17:45:54] [Server thread/INFO]: Percentiles: P50: 10,6ms P95: 13,1ms P99: 16,7ms, sample: 100"
"without-umce","1","2026-09-27T15:45:54.2879318+00:00",,"False","20","0","0","0","0","0","False","0","10,7","10,6","13,1","16,7","100","56,15243850723998","42,17411969820415","1462517760","[17:45:54] [Server thread/INFO]: The game is running normally [17:45:54] [Server thread/INFO]: Target tick rate: 20,0 per second. Average time per tick: 10,7ms (Target: 50,0ms) [17:45:54] [Server thread/INFO]: Percentiles: P50: 10,6ms P95: 13,1ms P99: 16,7ms, sample: 100"
"without-umce","1","2026-09-27T15:45:54.4270903+00:00",,"False","20","0","0","0","0","0","False","0","10,8","10,7","13,1","16,7","100","25,188226579583915","42,17411969820415","1462517760","[17:45:54] [Server thread/INFO]: The game is running normally [17:45:54] [Server thread/INFO]: Target tick rate: 20,0 per second. Average time per tick: 10,8ms (Target: 50,0ms) [17:45:54] [Server thread/INFO]: Percentiles: P50: 10,7ms P95: 13,1ms P99: 16,7ms, sample: 100"
"without-umce","1","2026-09-27T15:45:54.5511559+00:00",,"False","20","0","0","0","0","0","False","0","10,7","10,6","13,1","16,7","100","0","42,17411969820415","1462517760","[17:45:54] [Server thread/INFO]: The game is running normally [17:45:54] [Server thread/INFO]: Target tick rate: 20,0 per second. Average time per tick: 10,7ms (Target: 50,0ms) [17:45:54] [Server thread/INFO]: Percentiles: P50: 10,6ms P95: 13,1ms P99: 16,7ms, sample: 100"
"without-umce","1","2026-09-27T15:45:54.6762945+00:00",,"False","20","0","0","0","0","0","False","0","10,8","10,7","13,1","16,7","100","0","42,17411969820415","1462517760","[17:45:54] [Server thread/INFO]: The game is running normally [17:45:54] [Server thread/INFO]: Target tick rate: 20,0 per second. Average time per tick: 10,8ms (Target: 50,0ms) [17:45:54] [Server thread/INFO]: Percentiles: P50: 10,7ms P95: 13,1ms P99: 16,7ms, sample: 100"
"without-umce","1","2026-09-27T15:45:54.8012149+00:00",,"False","20","0","0","0","0","0","False","0","10,7","10,7","13,1","16,7","100","0","42,17411969820415","1462517760","[17:45:54] [Server thread/INFO]: The game is running normally [17:45:54] [Server thread/INFO]: Target tick rate: 20,0 per second. Average time per tick: 10,7ms (Target: 50,0ms) [17:45:54] [Server thread/INFO]: Percentiles: P50: 10,7ms P95: 13,1ms P99: 16,7ms, sample: 100"
"without-umce","1","2026-09-27T15:45:54.9258207+00:00",,"False","20","0","0","0","0","0","False","0","10,7","10,7","13,1","16,7","100","12,483840916317918","42,17411969820415","1462517760","[17:45:54] [Server thread/INFO]: The game is running normally [17:45:54] [Server thread/INFO]: Target tick rate: 20,0 per second. Average time per tick: 10,7ms (Target: 50,0ms) [17:45:54] [Server thread/INFO]: Percentiles: P50: 10,7ms P95: 13,1ms P99: 16,7ms, sample: 100"
"without-umce","1","2026-09-27T15:45:55.0509883+00:00",,"False","20","0","0","0","0","0","False","0","10,7","10,7","13,1","16,7","100","25,20555635317138","42,17411969820415","1462517760","[17:45:55] [Server thread/INFO]: The game is running normally [17:45:55] [Server thread/INFO]: Target tick rate: 20,0 per second. Average time per tick: 10,7ms (Target: 50,0ms) [17:45:55] [Server thread/INFO]: Percentiles: P50: 10,7ms P95: 13,1ms P99: 16,7ms, sample: 100"
"without-umce","1","2026-09-27T15:45:55.1749840+00:00",,"False","20","0","0","0","0","0","False","0","10,8","10,7","14,5","18","100","63,38253846559494","42,17411969820415","1462517760","[17:45:55] [Server thread/INFO]: The game is running normally [17:45:55] [Server thread/INFO]: Target tick rate: 20,0 per second. Average time per tick: 10,8ms (Target: 50,0ms) [17:45:55] [Server thread/INFO]: Percentiles: P50: 10,7ms P95: 14,5ms P99: 18,0ms, sample: 100"
"without-umce","1","2026-09-27T15:45:55.2982232+00:00",,"False","20","0","0","0","0","0","False","0","10,7","10,7","14,5","18","100","63,83658487957457","42,17411969820415","1462517760","[17:45:55] [Server thread/INFO]: The game is running normally [17:45:55] [Server thread/INFO]: Target tick rate: 20,0 per second. Average time per tick: 10,7ms (Target: 50,0ms) [17:45:55] [Server thread/INFO]: Percentiles: P50: 10,7ms P95: 14,5ms P99: 18,0ms, sample: 100"
"without-umce","1","2026-09-27T15:45:55.4205812+00:00",,"False","20","0","0","0","0","0","False","0","10,6","10,6","13,1","18","100","50,26232914829076","42,17411969820415","1462517760","[17:45:55] [Server thread/INFO]: The game is running normally [17:45:55] [Server thread/INFO]: Target tick rate: 20,0 per second. Average time per tick: 10,6ms (Target: 50,0ms) [17:45:55] [Server thread/INFO]: Percentiles: P50: 10,6ms P95: 13,1ms P99: 18,0ms, sample: 100"
"without-umce","1","2026-09-27T15:45:55.5449809+00:00",,"False","20","0","0","0","0","0","False","0","10,7","10,6","13,1","18","100","62,33508629569611","42,17411969820415","1462517760","[17:45:55] [Server thread/INFO]: The game is running normally [17:45:55] [Server thread/INFO]: Target tick rate: 20,0 per second. Average time per tick: 10,7ms (Target: 50,0ms) [17:45:55] [Server thread/INFO]: Percentiles: P50: 10,6ms P95: 13,1ms P99: 18,0ms, sample: 100"
"without-umce","1","2026-09-27T15:45:55.6702605+00:00",,"False","20","0","0","0","0","0","False","0","10,6","10,4","13,4","18","100","37,78276622240851","42,17411969820415","1462517760","[17:45:55] [Server thread/INFO]: The game is running normally [17:45:55] [Server thread/INFO]: Target tick rate: 20,0 per second. Average time per tick: 10,6ms (Target: 50,0ms) [17:45:55] [Server thread/INFO]: Percentiles: P50: 10,4ms P95: 13,4ms P99: 18,0ms, sample: 100"
"without-umce","1","2026-09-27T15:45:55.7943339+00:00",,"False","20","0","0","0","0","0","False","0","10,6","10,6","13,4","18","100","75,34302170923782","42,17411969820415","1462517760","[17:45:55] [Server thread/INFO]: The game is running normally [17:45:55] [Server thread/INFO]: Target tick rate: 20,0 per second. Average time per tick: 10,6ms (Target: 50,0ms) [17:45:55] [Server thread/INFO]: Percentiles: P50: 10,6ms P95: 13,4ms P99: 18,0ms, sample: 100"
"without-umce","1","2026-09-27T15:45:55.9188701+00:00",,"False","20","0","0","0","0","0","False","0","10,7","10,6","14,1","18","100","37,40928995372022","42,17411969820415","1462517760","[17:45:55] [Server thread/INFO]: The game is running normally [17:45:55] [Server thread/INFO]: Target tick rate: 20,0 per second. Average time per tick: 10,7ms (Target: 50,0ms) [17:45:55] [Server thread/INFO]: Percentiles: P50: 10,6ms P95: 14,1ms P99: 18,0ms, sample: 100"
"without-umce","1","2026-09-27T15:45:56.0440573+00:00",,"False","20","0","0","0","0","0","False","0","10,6","10,4","14,1","18","100","62,70934889033549","42,17411969820415","1462517760","[17:45:56] [Server thread/INFO]: The game is running normally [17:45:56] [Server thread/INFO]: Target tick rate: 20,0 per second. Average time per tick: 10,6ms (Target: 50,0ms) [17:45:56] [Server thread/INFO]: Percentiles: P50: 10,4ms P95: 14,1ms P99: 18,0ms, sample: 100"
"without-umce","1","2026-09-27T15:45:56.1686502+00:00",,"False","20","0","0","0","0","0","False","0","10,5","10,3","14,1","18","100","38,12460299580081","42,17411969820415","1462517760","[17:45:56] [Server thread/INFO]: The game is running normally [17:45:56] [Server thread/INFO]: Target tick rate: 20,0 per second. Average time per tick: 10,5ms (Target: 50,0ms) [17:45:56] [Server thread/INFO]: Percentiles: P50: 10,3ms P95: 14,1ms P99: 18,0ms, sample: 100"
"without-umce","1","2026-09-27T15:45:56.2916354+00:00",,"False","20","0","0","0","0","0","False","0","10,5","10,3","14,1","18","100","50,22936738321874","42,17411969820415","1462517760","[17:45:56] [Server thread/INFO]: The game is running normally [17:45:56] [Server thread/INFO]: Target tick rate: 20,0 per second. Average time per tick: 10,5ms (Target: 50,0ms) [17:45:56] [Server thread/INFO]: Percentiles: P50: 10,3ms P95: 14,1ms P99: 18,0ms, sample: 100"
"without-umce","1","2026-09-27T15:45:56.4160215+00:00",,"False","20","0","0","0","0","0","False","0","10,4","10,2","14,1","18","100","37,88904471109351","42,17411969820415","1462517760","[17:45:56] [Server thread/INFO]: The game is running normally [17:45:56] [Server thread/INFO]: Target tick rate: 20,0 per second. Average time per tick: 10,4ms (Target: 50,0ms) [17:45:56] [Server thread/INFO]: Percentiles: P50: 10,2ms P95: 14,1ms P99: 18,0ms, sample: 100"
"without-umce","1","2026-09-27T15:45:56.5397487+00:00",,"False","20","0","0","0","0","0","False","0","10,4","10,2","14,1","18","100","99,0555646246428","42,17411969820415","1462517760","[17:45:56] [Server thread/INFO]: The game is running normally [17:45:56] [Server thread/INFO]: Target tick rate: 20,0 per second. Average time per tick: 10,4ms (Target: 50,0ms) [17:45:56] [Server thread/INFO]: Percentiles: P50: 10,2ms P95: 14,1ms P99: 18,0ms, sample: 100"
"without-umce","1","2026-09-27T15:45:56.6659276+00:00",,"False","20","0","0","0","0","0","False","0","10,4","10,2","14,1","18","100","37,74750282653301","42,17411969820415","1462517760","[17:45:56] [Server thread/INFO]: The game is running normally [17:45:56] [Server thread/INFO]: Target tick rate: 20,0 per second. Average time per tick: 10,4ms (Target: 50,0ms) [17:45:56] [Server thread/INFO]: Percentiles: P50: 10,2ms P95: 14,1ms P99: 18,0ms, sample: 100"
"without-umce","1","2026-09-27T15:45:56.7901106+00:00",,"False","20","0","0","0","0","0","False","0","10,3","10,1","13,4","18","100","37,748475565562764","42,17411969820415","1462517760","[17:45:56] [Server thread/INFO]: The game is running normally [17:45:56] [Server thread/INFO]: Target tick rate: 20,0 per second. Average time per tick: 10,3ms (Target: 50,0ms) [17:45:56] [Server thread/INFO]: Percentiles: P50: 10,1ms P95: 13,4ms P99: 18,0ms, sample: 100"
"without-umce","1","2026-09-27T15:45:56.9143226+00:00",,"False","20","0","0","0","0","0","False","0","10,2","9,9","13","18","100","22,381715320337854","42,17411969820415","1462517760","[17:45:56] [Server thread/INFO]: The game is running normally [17:45:56] [Server thread/INFO]: Target tick rate: 20,0 per second. Average time per tick: 10,2ms (Target: 50,0ms) [17:45:56] [Server thread/INFO]: Percentiles: P50: 9,9ms P95: 13,0ms P99: 18,0ms, sample: 100"
"without-umce","1","2026-09-27T15:45:57.0539440+00:00",,"False","20","0","0","0","0","0","False","0","10,1","9,9","13","18","100","11,27549072739724","42,17411969820415","1462517760","[17:45:57] [Server thread/INFO]: The game is running normally [17:45:57] [Server thread/INFO]: Target tick rate: 20,0 per second. Average time per tick: 10,1ms (Target: 50,0ms) [17:45:57] [Server thread/INFO]: Percentiles: P50: 9,9ms P95: 13,0ms P99: 18,0ms, sample: 100"
"without-umce","1","2026-09-27T15:45:57.1924860+00:00",,"False","20","0","0","0","0","0","False","0","10,1","9,8","13","18","100","12,731074087110695","42,17411969820415","1462517760","[17:45:57] [Server thread/INFO]: The game is running normally [17:45:57] [Server thread/INFO]: Target tick rate: 20,0 per second. Average time per tick: 10,1ms (Target: 50,0ms) [17:45:57] [Server thread/INFO]: Percentiles: P50: 9,8ms P95: 13,0ms P99: 18,0ms, sample: 100"
"without-umce","1","2026-09-27T15:45:57.3152241+00:00",,"False","20","0","0","0","0","0","False","0","10","9,8","13","18","100","0","42,17411969820415","1462517760","[17:45:57] [Server thread/INFO]: The game is running normally [17:45:57] [Server thread/INFO]: Target tick rate: 20,0 per second. Average time per tick: 10,0ms (Target: 50,0ms) [17:45:57] [Server thread/INFO]: Percentiles: P50: 9,8ms P95: 13,0ms P99: 18,0ms, sample: 100"
"without-umce","1","2026-09-27T15:45:57.4410440+00:00",,"False","20","0","0","0","0","0","False","0","10","9,7","13","18","100","51,022199146582295","42,17411969820415","1462517760","[17:45:57] [Server thread/INFO]: The game is running normally [17:45:57] [Server thread/INFO]: Target tick rate: 20,0 per second. Average time per tick: 10,0ms (Target: 50,0ms) [17:45:57] [Server thread/INFO]: Percentiles: P50: 9,7ms P95: 13,0ms P99: 18,0ms, sample: 100"
"without-umce","1","2026-09-27T15:45:57.5636208+00:00",,"False","20","0","0","0","0","0","False","0","9,9","9,7","13","18","100","38,03063382767073","42,17411969820415","1462517760","[17:45:57] [Server thread/INFO]: The game is running normally [17:45:57] [Server thread/INFO]: Target tick rate: 20,0 per second. Average time per tick: 9,9ms (Target: 50,0ms) [17:45:57] [Server thread/INFO]: Percentiles: P50: 9,7ms P95: 13,0ms P99: 18,0ms, sample: 100"
"without-umce","1","2026-09-27T15:45:57.6867999+00:00",,"False","20","0","0","0","0","0","False","0","9,9","9,6","13","18","100","62,467017414804985","42,17411969820415","1462517760","[17:45:57] [Server thread/INFO]: The game is running normally [17:45:57] [Server thread/INFO]: Target tick rate: 20,0 per second. Average time per tick: 9,9ms (Target: 50,0ms) [17:45:57] [Server thread/INFO]: Percentiles: P50: 9,6ms P95: 13,0ms P99: 18,0ms, sample: 100"
"without-umce","1","2026-09-27T15:45:57.8119100+00:00",,"False","20","0","0","0","0","0","False","0","9,8","9,6","13","18","100","50,662503424785235","42,17411969820415","1462517760","[17:45:57] [Server thread/INFO]: The game is running normally [17:45:57] [Server thread/INFO]: Target tick rate: 20,0 per second. Average time per tick: 9,8ms (Target: 50,0ms) [17:45:57] [Server thread/INFO]: Percentiles: P50: 9,6ms P95: 13,0ms P99: 18,0ms, sample: 100"
"without-umce","1","2026-09-27T15:45:57.9352262+00:00",,"False","20","0","0","0","0","0","False","0","9,8","9,6","13","18","100","37,616098325872976","42,17411969820415","1462517760","[17:45:57] [Server thread/INFO]: The game is running normally [17:45:57] [Server thread/INFO]: Target tick rate: 20,0 per second. Average time per tick: 9,8ms (Target: 50,0ms) [17:45:57] [Server thread/INFO]: Percentiles: P50: 9,6ms P95: 13,0ms P99: 18,0ms, sample: 100"
"without-umce","1","2026-09-27T15:45:58.0598406+00:00",,"False","20","0","0","0","0","0","False","0","9,7","9,5","13","18","100","49,47246520898357","42,17411969820415","1462517760","[17:45:58] [Server thread/INFO]: The game is running normally [17:45:58] [Server thread/INFO]: Target tick rate: 20,0 per second. Average time per tick: 9,7ms (Target: 50,0ms) [17:45:58] [Server thread/INFO]: Percentiles: P50: 9,5ms P95: 13,0ms P99: 18,0ms, sample: 100"
"without-umce","1","2026-09-27T15:45:58.1862590+00:00",,"False","20","0","0","0","0","0","False","0","9,6","9,4","12,6","18","100","74,82897090410158","42,17411969820415","1462517760","[17:45:58] [Server thread/INFO]: The game is running normally [17:45:58] [Server thread/INFO]: Target tick rate: 20,0 per second. Average time per tick: 9,6ms (Target: 50,0ms) [17:45:58] [Server thread/INFO]: Percentiles: P50: 9,4ms P95: 12,6ms P99: 18,0ms, sample: 100"
"without-umce","1","2026-09-27T15:45:58.3115157+00:00",,"False","20","0","0","0","0","0","False","0","9,6","9,4","12,6","18","100","63,558994543485746","42,17411969820415","1462517760","[17:45:58] [Server thread/INFO]: The game is running normally [17:45:58] [Server thread/INFO]: Target tick rate: 20,0 per second. Average time per tick: 9,6ms (Target: 50,0ms) [17:45:58] [Server thread/INFO]: Percentiles: P50: 9,4ms P95: 12,6ms P99: 18,0ms, sample: 100"
"without-umce","1","2026-09-27T15:45:58.4343905+00:00",,"False","20","0","0","0","0","0","False","0","9,6","9,4","12,6","18","100","49,84174249921649","42,17411969820415","1462517760","[17:45:58] [Server thread/INFO]: The game is running normally [17:45:58] [Server thread/INFO]: Target tick rate: 20,0 per second. Average time per tick: 9,6ms (Target: 50,0ms) [17:45:58] [Server thread/INFO]: Percentiles: P50: 9,4ms P95: 12,6ms P99: 18,0ms, sample: 100"
"without-umce","1","2026-09-27T15:45:58.5597926+00:00",,"False","20","0","0","0","0","0","False","0","9,6","9,4","12,6","18","100","75,98248390994921","42,17411969820415","1462517760","[17:45:58] [Server thread/INFO]: The game is running normally [17:45:58] [Server thread/INFO]: Target tick rate: 20,0 per second. Average time per tick: 9,6ms (Target: 50,0ms) [17:45:58] [Server thread/INFO]: Percentiles: P50: 9,4ms P95: 12,6ms P99: 18,0ms, sample: 100"
"without-umce","1","2026-09-27T15:45:58.6831948+00:00",,"False","20","0","0","0","0","0","False","0","9,6","9,4","12,6","18","100","37,45708915865984","42,17411969820415","1462517760","[17:45:58] [Server thread/INFO]: The game is running normally [17:45:58] [Server thread/INFO]: Target tick rate: 20,0 per second. Average time per tick: 9,6ms (Target: 50,0ms) [17:45:58] [Server thread/INFO]: Percentiles: P50: 9,4ms P95: 12,6ms P99: 18,0ms, sample: 100"
"without-umce","1","2026-09-27T15:45:58.8083395+00:00",,"False","20","0","0","0","0","0","False","0","9,6","9,4","12,6","18","100","76,23494512303711","42,17411969820415","1462517760","[17:45:58] [Server thread/INFO]: The game is running normally [17:45:58] [Server thread/INFO]: Target tick rate: 20,0 per second. Average time per tick: 9,6ms (Target: 50,0ms) [17:45:58] [Server thread/INFO]: Percentiles: P50: 9,4ms P95: 12,6ms P99: 18,0ms, sample: 100"
"without-umce","1","2026-09-27T15:45:58.9312865+00:00",,"False","20","0","0","0","0","0","False","0","9,6","9,4","12,6","18","100","63,56070097791952","42,17411969820415","1462517760","[17:45:58] [Server thread/INFO]: The game is running normally [17:45:58] [Server thread/INFO]: Target tick rate: 20,0 per second. Average time per tick: 9,6ms (Target: 50,0ms) [17:45:58] [Server thread/INFO]: Percentiles: P50: 9,4ms P95: 12,6ms P99: 18,0ms, sample: 100"
"without-umce","1","2026-09-27T15:45:59.0542169+00:00",,"False","20","0","0","0","0","0","False","0","9,6","9,4","12,6","18","100","56,47567226833047","42,17411969820415","1462517760","[17:45:59] [Server thread/INFO]: The game is running normally [17:45:59] [Server thread/INFO]: Target tick rate: 20,0 per second. Average time per tick: 9,6ms (Target: 50,0ms) [17:45:59] [Server thread/INFO]: Percentiles: P50: 9,4ms P95: 12,6ms P99: 18,0ms, sample: 100"
"without-umce","1","2026-09-27T15:45:59.1925517+00:00",,"False","20","0","0","0","0","0","False","0","9,6","9,4","12,6","18","100","0","42,17411969820415","1462517760","[17:45:59] [Server thread/INFO]: The game is running normally [17:45:59] [Server thread/INFO]: Target tick rate: 20,0 per second. Average time per tick: 9,6ms (Target: 50,0ms) [17:45:59] [Server thread/INFO]: Percentiles: P50: 9,4ms P95: 12,6ms P99: 18,0ms, sample: 100"
"without-umce","1","2026-09-27T15:45:59.3169123+00:00",,"False","20","0","0","0","0","0","False","0","9,6","9,4","12,6","18","100","0","42,17411969820415","1462517760","[17:45:59] [Server thread/INFO]: The game is running normally [17:45:59] [Server thread/INFO]: Target tick rate: 20,0 per second. Average time per tick: 9,6ms (Target: 50,0ms) [17:45:59] [Server thread/INFO]: Percentiles: P50: 9,4ms P95: 12,6ms P99: 18,0ms, sample: 100"
"without-umce","1","2026-09-27T15:45:59.4460311+00:00",,"False","20","0","0","0","0","0","False","0","9,5","9,4","12,1","18","100","0","42,17411969820415","1462517760","[17:45:59] [Server thread/INFO]: The game is running normally [17:45:59] [Server thread/INFO]: Target tick rate: 20,0 per second. Average time per tick: 9,5ms (Target: 50,0ms) [17:45:59] [Server thread/INFO]: Percentiles: P50: 9,4ms P95: 12,1ms P99: 18,0ms, sample: 100"
"without-umce","1","2026-09-27T15:45:59.5807605+00:00",,"False","20","0","0","0","0","0","False","0","9,5","9,4","12,1","18","100","0","42,17411969820415","1462517760","[17:45:59] [Server thread/INFO]: The game is running normally [17:45:59] [Server thread/INFO]: Target tick rate: 20,0 per second. Average time per tick: 9,5ms (Target: 50,0ms) [17:45:59] [Server thread/INFO]: Percentiles: P50: 9,4ms P95: 12,1ms P99: 18,0ms, sample: 100"
"without-umce","1","2026-09-27T15:45:59.7059220+00:00",,"False","20","0","0","0","0","0","False","0","9,5","9,4","12,1","18","100","38,06339920974293","42,17411969820415","1462517760","[17:45:59] [Server thread/INFO]: The game is running normally [17:45:59] [Server thread/INFO]: Target tick rate: 20,0 per second. Average time per tick: 9,5ms (Target: 50,0ms) [17:45:59] [Server thread/INFO]: Percentiles: P50: 9,4ms P95: 12,1ms P99: 18,0ms, sample: 100"
"without-umce","1","2026-09-27T15:45:59.8290886+00:00",,"False","20","0","0","0","0","0","False","0","9,5","9,4","12,1","18","100","37,860247830153476","42,17411969820415","1462517760","[17:45:59] [Server thread/INFO]: The game is running normally [17:45:59] [Server thread/INFO]: Target tick rate: 20,0 per second. Average time per tick: 9,5ms (Target: 50,0ms) [17:45:59] [Server thread/INFO]: Percentiles: P50: 9,4ms P95: 12,1ms P99: 18,0ms, sample: 100"
"without-umce","1","2026-09-27T15:45:59.9528710+00:00",,"False","20","0","0","0","0","0","False","0","9,5","9,4","12,1","18","100","62,26811354515783","42,17411969820415","1462517760","[17:45:59] [Server thread/INFO]: The game is running normally [17:45:59] [Server thread/INFO]: Target tick rate: 20,0 per second. Average time per tick: 9,5ms (Target: 50,0ms) [17:45:59] [Server thread/INFO]: Percentiles: P50: 9,4ms P95: 12,1ms P99: 18,0ms, sample: 100"
"without-umce","1","2026-09-27T15:46:00.0783621+00:00",,"False","20","0","0","0","0","0","False","0","9,5","9,4","12,1","18","100","38,04304159291389","42,17411969820415","1462517760","[17:46:00] [Server thread/INFO]: The game is running normally [17:46:00] [Server thread/INFO]: Target tick rate: 20,0 per second. Average time per tick: 9,5ms (Target: 50,0ms) [17:46:00] [Server thread/INFO]: Percentiles: P50: 9,4ms P95: 12,1ms P99: 18,0ms, sample: 100"
"without-umce","1","2026-09-27T15:46:00.2015664+00:00",,"False","20","0","0","0","0","0","False","0","9,4","9,3","12,1","14,1","100","112,73403585844213","42,17411969820415","1462517760","[17:46:00] [Server thread/INFO]: The game is running normally [17:46:00] [Server thread/INFO]: Target tick rate: 20,0 per second. Average time per tick: 9,4ms (Target: 50,0ms) [17:46:00] [Server thread/INFO]: Percentiles: P50: 9,3ms P95: 12,1ms P99: 14,1ms, sample: 100"
"without-umce","1","2026-09-27T15:46:00.3263281+00:00",,"False","20","0","0","0","0","0","False","0","9,5","9,4","12,1","16","100","49,80674981073435","42,17411969820415","1462517760","[17:46:00] [Server thread/INFO]: The game is running normally [17:46:00] [Server thread/INFO]: Target tick rate: 20,0 per second. Average time per tick: 9,5ms (Target: 50,0ms) [17:46:00] [Server thread/INFO]: Percentiles: P50: 9,4ms P95: 12,1ms P99: 16,0ms, sample: 100"
"without-umce","1","2026-09-27T15:46:00.4517909+00:00",,"False","20","0","0","0","0","0","False","0","9,5","9,4","12,1","16","100","74,49030751982633","42,17411969820415","1462517760","[17:46:00] [Server thread/INFO]: The game is running normally [17:46:00] [Server thread/INFO]: Target tick rate: 20,0 per second. Average time per tick: 9,5ms (Target: 50,0ms) [17:46:00] [Server thread/INFO]: Percentiles: P50: 9,4ms P95: 12,1ms P99: 16,0ms, sample: 100"
"without-umce","1","2026-09-27T15:46:00.5776801+00:00",,"False","20","0","0","0","0","0","False","0","9,6","9,4","13,4","16","100","51,45455862691246","42,17411969820415","1462517760","[17:46:00] [Server thread/INFO]: The game is running normally [17:46:00] [Server thread/INFO]: Target tick rate: 20,0 per second. Average time per tick: 9,6ms (Target: 50,0ms) [17:46:00] [Server thread/INFO]: Percentiles: P50: 9,4ms P95: 13,4ms P99: 16,0ms, sample: 100"
"without-umce","1","2026-09-27T15:46:00.6991240+00:00",,"False","20","0","0","0","0","0","False","0","9,6","9,4","12,1","16","100","62,51905580821035","42,17411969820415","1462517760","[17:46:00] [Server thread/INFO]: The game is running normally [17:46:00] [Server thread/INFO]: Target tick rate: 20,0 per second. Average time per tick: 9,6ms (Target: 50,0ms) [17:46:00] [Server thread/INFO]: Percentiles: P50: 9,4ms P95: 12,1ms P99: 16,0ms, sample: 100"
"without-umce","1","2026-09-27T15:46:00.8240704+00:00",,"False","20","0","0","0","0","0","False","0","9,6","9,4","12,1","16","100","51,13549433295997","42,17411969820415","1462517760","[17:46:00] [Server thread/INFO]: The game is running normally [17:46:00] [Server thread/INFO]: Target tick rate: 20,0 per second. Average time per tick: 9,6ms (Target: 50,0ms) [17:46:00] [Server thread/INFO]: Percentiles: P50: 9,4ms P95: 12,1ms P99: 16,0ms, sample: 100"
"without-umce","1","2026-09-27T15:46:00.9463186+00:00",,"False","20","0","0","0","0","0","False","0","9,5","9,4","12,1","16","100","87,8063387546472","42,17411969820415","1462517760","[17:46:00] [Server thread/INFO]: The game is running normally [17:46:00] [Server thread/INFO]: Target tick rate: 20,0 per second. Average time per tick: 9,5ms (Target: 50,0ms) [17:46:00] [Server thread/INFO]: Percentiles: P50: 9,4ms P95: 12,1ms P99: 16,0ms, sample: 100"
"without-umce","1","2026-09-27T15:46:01.0708532+00:00",,"False","20","0","0","0","0","0","False","0","9,6","9,4","12,1","16","100","11,114478056997177","42,17411969820415","1462517760","[17:46:01] [Server thread/INFO]: The game is running normally [17:46:01] [Server thread/INFO]: Target tick rate: 20,0 per second. Average time per tick: 9,6ms (Target: 50,0ms) [17:46:01] [Server thread/INFO]: Percentiles: P50: 9,4ms P95: 12,1ms P99: 16,0ms, sample: 100"
"without-umce","1","2026-09-27T15:46:01.2114646+00:00",,"False","20","0","0","0","0","0","False","0","9,6","9,5","12","16","100","0","42,17411969820415","1462517760","[17:46:01] [Server thread/INFO]: The game is running normally [17:46:01] [Server thread/INFO]: Target tick rate: 20,0 per second. Average time per tick: 9,6ms (Target: 50,0ms) [17:46:01] [Server thread/INFO]: Percentiles: P50: 9,5ms P95: 12,0ms P99: 16,0ms, sample: 100"
"without-umce","1","2026-09-27T15:46:01.3477329+00:00",,"False","20","0","0","0","0","0","False","0","9,6","9,5","12","16","100","0","42,17411969820415","1462517760","[17:46:01] [Server thread/INFO]: The game is running normally [17:46:01] [Server thread/INFO]: Target tick rate: 20,0 per second. Average time per tick: 9,6ms (Target: 50,0ms) [17:46:01] [Server thread/INFO]: Percentiles: P50: 9,5ms P95: 12,0ms P99: 16,0ms, sample: 100"
"without-umce","1","2026-09-27T15:46:01.4727280+00:00",,"False","20","0","0","0","0","0","False","0","9,6","9,6","12","16","100","50,41432508931402","42,17411969820415","1462517760","[17:46:01] [Server thread/INFO]: The game is running normally [17:46:01] [Server thread/INFO]: Target tick rate: 20,0 per second. Average time per tick: 9,6ms (Target: 50,0ms) [17:46:01] [Server thread/INFO]: Percentiles: P50: 9,6ms P95: 12,0ms P99: 16,0ms, sample: 100"
"without-umce","1","2026-09-27T15:46:01.5967044+00:00",,"False","20","0","0","0","0","0","False","0","9,7","9,6","12","16","100","12,512843182242253","42,17411969820415","1462517760","[17:46:01] [Server thread/INFO]: The game is running normally [17:46:01] [Server thread/INFO]: Target tick rate: 20,0 per second. Average time per tick: 9,7ms (Target: 50,0ms) [17:46:01] [Server thread/INFO]: Percentiles: P50: 9,6ms P95: 12,0ms P99: 16,0ms, sample: 100"
"without-umce","1","2026-09-27T15:46:01.7216103+00:00",,"False","20","0","0","0","0","0","False","0","9,6","9,6","12","16","100","0","42,17411969820415","1462517760","[17:46:01] [Server thread/INFO]: The game is running normally [17:46:01] [Server thread/INFO]: Target tick rate: 20,0 per second. Average time per tick: 9,6ms (Target: 50,0ms) [17:46:01] [Server thread/INFO]: Percentiles: P50: 9,6ms P95: 12,0ms P99: 16,0ms, sample: 100"
"without-umce","1","2026-09-27T15:46:01.8455934+00:00",,"False","20","0","0","0","0","0","False","0","9,7","9,6","12","16","100","127,05751863374743","42,17411969820415","1462517760","[17:46:01] [Server thread/INFO]: The game is running normally [17:46:01] [Server thread/INFO]: Target tick rate: 20,0 per second. Average time per tick: 9,7ms (Target: 50,0ms) [17:46:01] [Server thread/INFO]: Percentiles: P50: 9,6ms P95: 12,0ms P99: 16,0ms, sample: 100"
"without-umce","1","2026-09-27T15:46:01.9685627+00:00",,"False","20","0","0","0","0","0","False","0","9,8","9,6","12,5","16","100","62,748635192085125","42,17411969820415","1462517760","[17:46:02] [Server thread/INFO]: The game is running normally [17:46:02] [Server thread/INFO]: Target tick rate: 20,0 per second. Average time per tick: 9,8ms (Target: 50,0ms) [17:46:02] [Server thread/INFO]: Percentiles: P50: 9,6ms P95: 12,5ms P99: 16,0ms, sample: 100"
"without-umce","1","2026-09-27T15:46:02.0930615+00:00",,"False","20","0","0","0","0","0","False","0","9,8","9,7","12,5","16","100","87,51806372835354","42,17411969820415","1462517760","[17:46:02] [Server thread/INFO]: The game is running normally [17:46:02] [Server thread/INFO]: Target tick rate: 20,0 per second. Average time per tick: 9,8ms (Target: 50,0ms) [17:46:02] [Server thread/INFO]: Percentiles: P50: 9,7ms P95: 12,5ms P99: 16,0ms, sample: 100"
"without-umce","1","2026-09-27T15:46:02.2180583+00:00",,"False","20","0","0","0","0","0","False","0","9,8","9,7","12,5","16","100","76,62493910871507","42,17411969820415","1462517760","[17:46:02] [Server thread/INFO]: The game is running normally [17:46:02] [Server thread/INFO]: Target tick rate: 20,0 per second. Average time per tick: 9,8ms (Target: 50,0ms) [17:46:02] [Server thread/INFO]: Percentiles: P50: 9,7ms P95: 12,5ms P99: 16,0ms, sample: 100"
"without-umce","1","2026-09-27T15:46:02.3404073+00:00",,"False","20","0","0","0","0","0","False","0","9,9","9,7","14","16","100","50,898915568064474","42,17411969820415","1462517760","[17:46:02] [Server thread/INFO]: The game is running normally [17:46:02] [Server thread/INFO]: Target tick rate: 20,0 per second. Average time per tick: 9,9ms (Target: 50,0ms) [17:46:02] [Server thread/INFO]: Percentiles: P50: 9,7ms P95: 14,0ms P99: 16,0ms, sample: 100"
"without-umce","1","2026-09-27T15:46:02.4631650+00:00",,"False","20","0","0","0","0","0","False","0","9,9","9,7","14","16","100","62,88348866728859","42,17411969820415","1462517760","[17:46:02] [Server thread/INFO]: The game is running normally [17:46:02] [Server thread/INFO]: Target tick rate: 20,0 per second. Average time per tick: 9,9ms (Target: 50,0ms) [17:46:02] [Server thread/INFO]: Percentiles: P50: 9,7ms P95: 14,0ms P99: 16,0ms, sample: 100"
"without-umce","1","2026-09-27T15:46:02.5874040+00:00",,"False","20","0","0","0","0","0","False","0","9,9","9,7","14","16","100","37,783131675523705","42,17411969820415","1462517760","[17:46:02] [Server thread/INFO]: The game is running normally [17:46:02] [Server thread/INFO]: Target tick rate: 20,0 per second. Average time per tick: 9,9ms (Target: 50,0ms) [17:46:02] [Server thread/INFO]: Percentiles: P50: 9,7ms P95: 14,0ms P99: 16,0ms, sample: 100"
"without-umce","1","2026-09-27T15:46:02.7114775+00:00",,"False","20","0","0","0","0","0","False","0","9,9","9,8","14","16","100","37,27082912587084","42,17411969820415","1462517760","[17:46:02] [Server thread/INFO]: The game is running normally [17:46:02] [Server thread/INFO]: Target tick rate: 20,0 per second. Average time per tick: 9,9ms (Target: 50,0ms) [17:46:02] [Server thread/INFO]: Percentiles: P50: 9,8ms P95: 14,0ms P99: 16,0ms, sample: 100"
"without-umce","1","2026-09-27T15:46:02.8372617+00:00",,"False","20","0","0","0","0","0","False","0","9,9","9,8","14","16","100","37,658406320345904","42,17411969820415","1462517760","[17:46:02] [Server thread/INFO]: The game is running normally [17:46:02] [Server thread/INFO]: Target tick rate: 20,0 per second. Average time per tick: 9,9ms (Target: 50,0ms) [17:46:02] [Server thread/INFO]: Percentiles: P50: 9,8ms P95: 14,0ms P99: 16,0ms, sample: 100"
"without-umce","1","2026-09-27T15:46:02.9617221+00:00",,"False","20","0","0","0","0","0","False","0","9,9","9,8","14","16","100","56,92507676232751","42,17411969820415","1462517760","[17:46:02] [Server thread/INFO]: The game is running normally [17:46:02] [Server thread/INFO]: Target tick rate: 20,0 per second. Average time per tick: 9,9ms (Target: 50,0ms) [17:46:02] [Server thread/INFO]: Percentiles: P50: 9,8ms P95: 14,0ms P99: 16,0ms, sample: 100"
"without-umce","1","2026-09-27T15:46:03.0989869+00:00",,"False","20","0","0","0","0","0","False","0","10","9,9","14","16,4","100","25,397852276338384","42,17411969820415","1462517760","[17:46:03] [Server thread/INFO]: The game is running normally [17:46:03] [Server thread/INFO]: Target tick rate: 20,0 per second. Average time per tick: 10,0ms (Target: 50,0ms) [17:46:03] [Server thread/INFO]: Percentiles: P50: 9,9ms P95: 14,0ms P99: 16,4ms, sample: 100"
"without-umce","1","2026-09-27T15:46:03.2220112+00:00",,"False","20","0","0","0","0","0","False","0","10,2","10,1","14,5","16,4","100","0","42,17411969820415","1462517760","[17:46:03] [Server thread/INFO]: The game is running normally [17:46:03] [Server thread/INFO]: Target tick rate: 20,0 per second. Average time per tick: 10,2ms (Target: 50,0ms) [17:46:03] [Server thread/INFO]: Percentiles: P50: 10,1ms P95: 14,5ms P99: 16,4ms, sample: 100"
"without-umce","1","2026-09-27T15:46:03.3443242+00:00",,"False","20","0","0","0","0","0","False","0","10,2","10,2","14,5","16,4","100","62,51195228527694","42,17411969820415","1462517760","[17:46:03] [Server thread/INFO]: The game is running normally [17:46:03] [Server thread/INFO]: Target tick rate: 20,0 per second. Average time per tick: 10,2ms (Target: 50,0ms) [17:46:03] [Server thread/INFO]: Percentiles: P50: 10,2ms P95: 14,5ms P99: 16,4ms, sample: 100"
"without-umce","1","2026-09-27T15:46:03.4693029+00:00",,"False","20","0","0","0","0","0","False","0","10,2","10,2","14,5","16,4","100","25,180189435601157","42,17411969820415","1462517760","[17:46:03] [Server thread/INFO]: The game is running normally [17:46:03] [Server thread/INFO]: Target tick rate: 20,0 per second. Average time per tick: 10,2ms (Target: 50,0ms) [17:46:03] [Server thread/INFO]: Percentiles: P50: 10,2ms P95: 14,5ms P99: 16,4ms, sample: 100"
"without-umce","1","2026-09-27T15:46:03.5934061+00:00",,"False","20","0","0","0","0","0","False","0","10,2","10,2","14,5","16,4","100","89,10568443349152","42,17411969820415","1462517760","[17:46:03] [Server thread/INFO]: The game is running normally [17:46:03] [Server thread/INFO]: Target tick rate: 20,0 per second. Average time per tick: 10,2ms (Target: 50,0ms) [17:46:03] [Server thread/INFO]: Percentiles: P50: 10,2ms P95: 14,5ms P99: 16,4ms, sample: 100"
"without-umce","1","2026-09-27T15:46:03.7161266+00:00",,"False","20","0","0","0","0","0","False","0","10,2","10,2","14,5","16,4","100","49,80861537627818","42,17411969820415","1462517760","[17:46:03] [Server thread/INFO]: The game is running normally [17:46:03] [Server thread/INFO]: Target tick rate: 20,0 per second. Average time per tick: 10,2ms (Target: 50,0ms) [17:46:03] [Server thread/INFO]: Percentiles: P50: 10,2ms P95: 14,5ms P99: 16,4ms, sample: 100"
"without-umce","1","2026-09-27T15:46:03.8416699+00:00",,"False","20","0","0","0","0","0","False","0","10,2","10,2","14,5","16,4","100","63,051931386585615","42,17411969820415","1462517760","[17:46:03] [Server thread/INFO]: The game is running normally [17:46:03] [Server thread/INFO]: Target tick rate: 20,0 per second. Average time per tick: 10,2ms (Target: 50,0ms) [17:46:03] [Server thread/INFO]: Percentiles: P50: 10,2ms P95: 14,5ms P99: 16,4ms, sample: 100"
"without-umce","1","2026-09-27T15:46:03.9655113+00:00",,"False","20","0","0","0","0","0","False","0","10,2","10,2","14,5","16,4","100","50,12816769917324","42,17411969820415","1462517760","[17:46:04] [Server thread/INFO]: The game is running normally [17:46:04] [Server thread/INFO]: Target tick rate: 20,0 per second. Average time per tick: 10,2ms (Target: 50,0ms) [17:46:04] [Server thread/INFO]: Percentiles: P50: 10,2ms P95: 14,5ms P99: 16,4ms, sample: 100"
"without-umce","1","2026-09-27T15:46:04.0902108+00:00",,"False","20","0","0","0","0","0","False","0","10,2","10,2","14,5","16,4","100","50,30290396652482","42,17411969820415","1462517760","[17:46:04] [Server thread/INFO]: The game is running normally [17:46:04] [Server thread/INFO]: Target tick rate: 20,0 per second. Average time per tick: 10,2ms (Target: 50,0ms) [17:46:04] [Server thread/INFO]: Percentiles: P50: 10,2ms P95: 14,5ms P99: 16,4ms, sample: 100"
"without-umce","1","2026-09-27T15:46:04.2144480+00:00",,"False","20","0","0","0","0","0","False","0","10,2","10,2","14,5","16,4","100","25,438270881360786","42,17411969820415","1462517760","[17:46:04] [Server thread/INFO]: The game is running normally [17:46:04] [Server thread/INFO]: Target tick rate: 20,0 per second. Average time per tick: 10,2ms (Target: 50,0ms) [17:46:04] [Server thread/INFO]: Percentiles: P50: 10,2ms P95: 14,5ms P99: 16,4ms, sample: 100"
"without-umce","1","2026-09-27T15:46:04.3372896+00:00",,"False","20","0","0","0","0","0","False","0","10,2","10,2","14,5","16,4","100","49,32468586094069","42,17411969820415","1462517760","[17:46:04] [Server thread/INFO]: The game is running normally [17:46:04] [Server thread/INFO]: Target tick rate: 20,0 per second. Average time per tick: 10,2ms (Target: 50,0ms) [17:46:04] [Server thread/INFO]: Percentiles: P50: 10,2ms P95: 14,5ms P99: 16,4ms, sample: 100"
"without-umce","1","2026-09-27T15:46:04.4640316+00:00",,"False","20","0","0","0","0","0","False","0","10,2","10,2","14,5","16,4","100","12,544447486333576","42,17411969820415","1462517760","[17:46:04] [Server thread/INFO]: The game is running normally [17:46:04] [Server thread/INFO]: Target tick rate: 20,0 per second. Average time per tick: 10,2ms (Target: 50,0ms) [17:46:04] [Server thread/INFO]: Percentiles: P50: 10,2ms P95: 14,5ms P99: 16,4ms, sample: 100"
"without-umce","1","2026-09-27T15:46:04.5885510+00:00",,"False","20","0","0","0","0","0","False","0","10,2","10,2","14,5","16,4","100","51,370820059113434","42,17411969820415","1462517760","[17:46:04] [Server thread/INFO]: The game is running normally [17:46:04] [Server thread/INFO]: Target tick rate: 20,0 per second. Average time per tick: 10,2ms (Target: 50,0ms) [17:46:04] [Server thread/INFO]: Percentiles: P50: 10,2ms P95: 14,5ms P99: 16,4ms, sample: 100"
"without-umce","1","2026-09-27T15:46:04.7102067+00:00",,"False","20","0","0","0","0","0","False","0","10,2","10,2","14,5","16,4","100","22,408951533561076","42,17411969820415","1462517760","[17:46:04] [Server thread/INFO]: The game is running normally [17:46:04] [Server thread/INFO]: Target tick rate: 20,0 per second. Average time per tick: 10,2ms (Target: 50,0ms) [17:46:04] [Server thread/INFO]: Percentiles: P50: 10,2ms P95: 14,5ms P99: 16,4ms, sample: 100"
"without-umce","1","2026-09-27T15:46:04.8497029+00:00",,"False","20","0","0","0","0","0","False","0","10,2","10,2","14,5","16,4","100","33,60940245888181","42,17411969820415","1462517760","[17:46:04] [Server thread/INFO]: The game is running normally [17:46:04] [Server thread/INFO]: Target tick rate: 20,0 per second. Average time per tick: 10,2ms (Target: 50,0ms) [17:46:04] [Server thread/INFO]: Percentiles: P50: 10,2ms P95: 14,5ms P99: 16,4ms, sample: 100"
"without-umce","1","2026-09-27T15:46:04.9891394+00:00",,"False","20","0","0","0","0","0","False","0","10,2","10,2","14,5","16,4","100","0","42,17411969820415","1462517760","[17:46:05] [Server thread/INFO]: The game is running normally [17:46:05] [Server thread/INFO]: Target tick rate: 20,0 per second. Average time per tick: 10,2ms (Target: 50,0ms) [17:46:05] [Server thread/INFO]: Percentiles: P50: 10,2ms P95: 14,5ms P99: 16,4ms, sample: 100"
"without-umce","1","2026-09-27T15:46:05.1305130+00:00",,"False","20","0","0","0","0","0","False","0","10,2","10,2","14,5","16,4","100","112,45181664560371","42,17411969820415","1462517760","[17:46:05] [Server thread/INFO]: The game is running normally [17:46:05] [Server thread/INFO]: Target tick rate: 20,0 per second. Average time per tick: 10,2ms (Target: 50,0ms) [17:46:05] [Server thread/INFO]: Percentiles: P50: 10,2ms P95: 14,5ms P99: 16,4ms, sample: 100"
"without-umce","1","2026-09-27T15:46:05.2694919+00:00",,"False","20","0","0","0","0","0","False","0","10,3","10,2","14,5","16,4","100","101,05256350143091","42,17411969820415","1462517760","[17:46:05] [Server thread/INFO]: The game is running normally [17:46:05] [Server thread/INFO]: Target tick rate: 20,0 per second. Average time per tick: 10,3ms (Target: 50,0ms) [17:46:05] [Server thread/INFO]: Percentiles: P50: 10,2ms P95: 14,5ms P99: 16,4ms, sample: 100"
"without-umce","1","2026-09-27T15:46:05.3931850+00:00",,"False","20","0","0","0","0","0","False","0","10,2","10,2","14,4","16,4","100","25,16893388423096","42,17411969820415","1462517760","[17:46:05] [Server thread/INFO]: The game is running normally [17:46:05] [Server thread/INFO]: Target tick rate: 20,0 per second. Average time per tick: 10,2ms (Target: 50,0ms) [17:46:05] [Server thread/INFO]: Percentiles: P50: 10,2ms P95: 14,4ms P99: 16,4ms, sample: 100"
"without-umce","1","2026-09-27T15:46:05.5173498+00:00",,"False","20","0","0","0","0","0","False","0","10,2","10,2","14,2","16,4","100","50,12434848371841","42,17411969820415","1462517760","[17:46:05] [Server thread/INFO]: The game is running normally [17:46:05] [Server thread/INFO]: Target tick rate: 20,0 per second. Average time per tick: 10,2ms (Target: 50,0ms) [17:46:05] [Server thread/INFO]: Percentiles: P50: 10,2ms P95: 14,2ms P99: 16,4ms, sample: 100"
"without-umce","1","2026-09-27T15:46:05.6420186+00:00",,"False","20","0","0","0","0","0","False","0","10,1","10,1","14","16,4","100","38,06364647703189","42,17411969820415","1462517760","[17:46:05] [Server thread/INFO]: The game is running normally [17:46:05] [Server thread/INFO]: Target tick rate: 20,0 per second. Average time per tick: 10,1ms (Target: 50,0ms) [17:46:05] [Server thread/INFO]: Percentiles: P50: 10,1ms P95: 14,0ms P99: 16,4ms, sample: 100"
"without-umce","1","2026-09-27T15:46:05.7651625+00:00",,"False","20","0","0","0","0","0","False","0","10,1","9,9","14","16,4","100","38,4682299608219","42,17411969820415","1462517760","[17:46:05] [Server thread/INFO]: The game is running normally [17:46:05] [Server thread/INFO]: Target tick rate: 20,0 per second. Average time per tick: 10,1ms (Target: 50,0ms) [17:46:05] [Server thread/INFO]: Percentiles: P50: 9,9ms P95: 14,0ms P99: 16,4ms, sample: 100"
"without-umce","1","2026-09-27T15:46:05.8870200+00:00",,"False","20","0","0","0","0","0","False","0","10,1","10","14,2","16,4","100","25,2500359560512","42,17411969820415","1462517760","[17:46:05] [Server thread/INFO]: The game is running normally [17:46:05] [Server thread/INFO]: Target tick rate: 20,0 per second. Average time per tick: 10,1ms (Target: 50,0ms) [17:46:05] [Server thread/INFO]: Percentiles: P50: 10,0ms P95: 14,2ms P99: 16,4ms, sample: 100"
"without-umce","1","2026-09-27T15:46:06.0107757+00:00",,"False","20","0","0","0","0","0","False","0","10,1","9,9","14,2","16,4","100","62,562161763928636","42,17411969820415","1462517760","[17:46:06] [Server thread/INFO]: The game is running normally [17:46:06] [Server thread/INFO]: Target tick rate: 20,0 per second. Average time per tick: 10,1ms (Target: 50,0ms) [17:46:06] [Server thread/INFO]: Percentiles: P50: 9,9ms P95: 14,2ms P99: 16,4ms, sample: 100"
"without-umce","1","2026-09-27T15:46:06.1356883+00:00",,"False","20","0","0","0","0","0","False","0","10,1","9,8","14,2","16,4","100","12,796552424506483","42,17411969820415","1462517760","[17:46:06] [Server thread/INFO]: The game is running normally [17:46:06] [Server thread/INFO]: Target tick rate: 20,0 per second. Average time per tick: 10,1ms (Target: 50,0ms) [17:46:06] [Server thread/INFO]: Percentiles: P50: 9,8ms P95: 14,2ms P99: 16,4ms, sample: 100"
"without-umce","1","2026-09-27T15:46:06.2577819+00:00",,"False","20","0","0","0","0","0","False","0","10","9,8","14,2","16,4","100","0","42,17411969820415","1462517760","[17:46:06] [Server thread/INFO]: The game is running normally [17:46:06] [Server thread/INFO]: Target tick rate: 20,0 per second. Average time per tick: 10,0ms (Target: 50,0ms) [17:46:06] [Server thread/INFO]: Percentiles: P50: 9,8ms P95: 14,2ms P99: 16,4ms, sample: 100"
"without-umce","1","2026-09-27T15:46:06.3956385+00:00",,"False","20","0","0","0","0","0","False","0","10","9,6","14,2","16,4","100","12,741382951744203","42,17411969820415","1462517760","[17:46:06] [Server thread/INFO]: The game is running normally [17:46:06] [Server thread/INFO]: Target tick rate: 20,0 per second. Average time per tick: 10,0ms (Target: 50,0ms) [17:46:06] [Server thread/INFO]: Percentiles: P50: 9,6ms P95: 14,2ms P99: 16,4ms, sample: 100"
"without-umce","1","2026-09-27T15:46:06.5182404+00:00",,"False","20","0","0","0","0","0","False","0","10","9,6","14,2","16,4","100","0","42,17411969820415","1462517760","[17:46:06] [Server thread/INFO]: The game is running normally [17:46:06] [Server thread/INFO]: Target tick rate: 20,0 per second. Average time per tick: 10,0ms (Target: 50,0ms) [17:46:06] [Server thread/INFO]: Percentiles: P50: 9,6ms P95: 14,2ms P99: 16,4ms, sample: 100"
"without-umce","1","2026-09-27T15:46:06.6442368+00:00",,"False","20","0","0","0","0","0","False","0","10","9,6","14,2","16,4","100","0","42,17411969820415","1462517760","[17:46:06] [Server thread/INFO]: The game is running normally [17:46:06] [Server thread/INFO]: Target tick rate: 20,0 per second. Average time per tick: 10,0ms (Target: 50,0ms) [17:46:06] [Server thread/INFO]: Percentiles: P50: 9,6ms P95: 14,2ms P99: 16,4ms, sample: 100"
"without-umce","1","2026-09-27T15:46:06.7682356+00:00",,"False","20","0","0","0","0","0","False","0","10","9,6","14,2","16,4","100","0","42,17411969820415","1462517760","[17:46:06] [Server thread/INFO]: The game is running normally [17:46:06] [Server thread/INFO]: Target tick rate: 20,0 per second. Average time per tick: 10,0ms (Target: 50,0ms) [17:46:06] [Server thread/INFO]: Percentiles: P50: 9,6ms P95: 14,2ms P99: 16,4ms, sample: 100"
"without-umce","1","2026-09-27T15:46:06.8959150+00:00",,"False","20","0","0","0","0","0","False","0","10","9,6","14,2","16,4","100","22,501569709502935","42,17411969820415","1462517760","[17:46:06] [Server thread/INFO]: The game is running normally [17:46:06] [Server thread/INFO]: Target tick rate: 20,0 per second. Average time per tick: 10,0ms (Target: 50,0ms) [17:46:06] [Server thread/INFO]: Percentiles: P50: 9,6ms P95: 14,2ms P99: 16,4ms, sample: 100"
"without-umce","1","2026-09-27T15:46:07.0347696+00:00",,"False","20","0","0","0","0","0","False","0","10","9,6","14,2","16,4","100","0","42,17411969820415","1462517760","[17:46:07] [Server thread/INFO]: The game is running normally [17:46:07] [Server thread/INFO]: Target tick rate: 20,0 per second. Average time per tick: 10,0ms (Target: 50,0ms) [17:46:07] [Server thread/INFO]: Percentiles: P50: 9,6ms P95: 14,2ms P99: 16,4ms, sample: 100"
"without-umce","1","2026-09-27T15:46:07.1605483+00:00",,"False","20","0","0","0","0","0","False","0","9,9","9,6","14,2","16,4","100","12,454069392082001","42,17411969820415","1462517760","[17:46:07] [Server thread/INFO]: The game is running normally [17:46:07] [Server thread/INFO]: Target tick rate: 20,0 per second. Average time per tick: 9,9ms (Target: 50,0ms) [17:46:07] [Server thread/INFO]: Percentiles: P50: 9,6ms P95: 14,2ms P99: 16,4ms, sample: 100"
"without-umce","1","2026-09-27T15:46:07.2860127+00:00",,"False","20","0","0","0","0","0","False","0","9,9","9,5","14,2","16,4","100","0","42,17411969820415","1462517760","[17:46:07] [Server thread/INFO]: The game is running normally [17:46:07] [Server thread/INFO]: Target tick rate: 20,0 per second. Average time per tick: 9,9ms (Target: 50,0ms) [17:46:07] [Server thread/INFO]: Percentiles: P50: 9,5ms P95: 14,2ms P99: 16,4ms, sample: 100"
"without-umce","1","2026-09-27T15:46:07.4097722+00:00",,"False","20","0","0","0","0","0","False","0","9,9","9,5","14,2","16,4","100","76,44773665772942","42,17411969820415","1462517760","[17:46:07] [Server thread/INFO]: The game is running normally [17:46:07] [Server thread/INFO]: Target tick rate: 20,0 per second. Average time per tick: 9,9ms (Target: 50,0ms) [17:46:07] [Server thread/INFO]: Percentiles: P50: 9,5ms P95: 14,2ms P99: 16,4ms, sample: 100"
"without-umce","1","2026-09-27T15:46:07.5323394+00:00",,"False","20","0","0","0","0","0","False","0","9,8","9,5","14,2","16,4","100","25,408549143386338","42,17411969820415","1462517760","[17:46:07] [Server thread/INFO]: The game is running normally [17:46:07] [Server thread/INFO]: Target tick rate: 20,0 per second. Average time per tick: 9,8ms (Target: 50,0ms) [17:46:07] [Server thread/INFO]: Percentiles: P50: 9,5ms P95: 14,2ms P99: 16,4ms, sample: 100"
"without-umce","1","2026-09-27T15:46:07.6553512+00:00",,"False","20","0","0","0","0","0","False","0","9,8","9,5","14,2","16,4","100","63,16239668653098","42,17411969820415","1462517760","[17:46:07] [Server thread/INFO]: The game is running normally [17:46:07] [Server thread/INFO]: Target tick rate: 20,0 per second. Average time per tick: 9,8ms (Target: 50,0ms) [17:46:07] [Server thread/INFO]: Percentiles: P50: 9,5ms P95: 14,2ms P99: 16,4ms, sample: 100"
"without-umce","1","2026-09-27T15:46:07.7790258+00:00",,"False","20","0","0","0","0","0","False","0","9,8","9,5","14,2","16,4","100","37,78017779855408","42,17411969820415","1462517760","[17:46:07] [Server thread/INFO]: The game is running normally [17:46:07] [Server thread/INFO]: Target tick rate: 20,0 per second. Average time per tick: 9,8ms (Target: 50,0ms) [17:46:07] [Server thread/INFO]: Percentiles: P50: 9,5ms P95: 14,2ms P99: 16,4ms, sample: 100"
"without-umce","1","2026-09-27T15:46:07.9031052+00:00",,"False","20","0","0","0","0","0","False","0","9,8","9,5","14,2","16,4","100","63,072801958264165","42,17411969820415","1462517760","[17:46:07] [Server thread/INFO]: The game is running normally [17:46:07] [Server thread/INFO]: Target tick rate: 20,0 per second. Average time per tick: 9,8ms (Target: 50,0ms) [17:46:07] [Server thread/INFO]: Percentiles: P50: 9,5ms P95: 14,2ms P99: 16,4ms, sample: 100"
"without-umce","1","2026-09-27T15:46:08.0269666+00:00",,"False","20","0","0","0","0","0","False","0","9,7","9,5","13,5","15,6","100","50,34261167803604","42,17411969820415","1462517760","[17:46:08] [Server thread/INFO]: The game is running normally [17:46:08] [Server thread/INFO]: Target tick rate: 20,0 per second. Average time per tick: 9,7ms (Target: 50,0ms) [17:46:08] [Server thread/INFO]: Percentiles: P50: 9,5ms P95: 13,5ms P99: 15,6ms, sample: 100"
"without-umce","1","2026-09-27T15:46:08.1511166+00:00",,"False","20","0","0","0","0","0","False","0","9,7","9,5","13,5","15,6","100","37,70739064856712","42,17411969820415","1462517760","[17:46:08] [Server thread/INFO]: The game is running normally [17:46:08] [Server thread/INFO]: Target tick rate: 20,0 per second. Average time per tick: 9,7ms (Target: 50,0ms) [17:46:08] [Server thread/INFO]: Percentiles: P50: 9,5ms P95: 13,5ms P99: 15,6ms, sample: 100"
"without-umce","1","2026-09-27T15:46:08.2754136+00:00",,"False","20","0","0","0","0","0","False","0","9,6","9,4","12,8","14,9","100","0","42,17411969820415","1462517760","[17:46:08] [Server thread/INFO]: The game is running normally [17:46:08] [Server thread/INFO]: Target tick rate: 20,0 per second. Average time per tick: 9,6ms (Target: 50,0ms) [17:46:08] [Server thread/INFO]: Percentiles: P50: 9,4ms P95: 12,8ms P99: 14,9ms, sample: 100"
"without-umce","1","2026-09-27T15:46:08.3995928+00:00",,"False","20","0","0","0","0","0","False","0","9,5","9,4","12,8","14,9","100","49,70016882153346","42,17411969820415","1462517760","[17:46:08] [Server thread/INFO]: The game is running normally [17:46:08] [Server thread/INFO]: Target tick rate: 20,0 per second. Average time per tick: 9,5ms (Target: 50,0ms) [17:46:08] [Server thread/INFO]: Percentiles: P50: 9,4ms P95: 12,8ms P99: 14,9ms, sample: 100"
"without-umce","1","2026-09-27T15:46:08.5253504+00:00",,"False","20","0","0","0","0","0","False","0","9,4","9,3","12,8","14,9","100","49,33652244614425","42,17411969820415","1462517760","[17:46:08] [Server thread/INFO]: The game is running normally [17:46:08] [Server thread/INFO]: Target tick rate: 20,0 per second. Average time per tick: 9,4ms (Target: 50,0ms) [17:46:08] [Server thread/INFO]: Percentiles: P50: 9,3ms P95: 12,8ms P99: 14,9ms, sample: 100"
"without-umce","1","2026-09-27T15:46:08.6520120+00:00",,"False","20","0","0","0","0","0","False","0","9,4","9,3","12,8","14,9","100","37,874778508295286","42,17411969820415","1462517760","[17:46:08] [Server thread/INFO]: The game is running normally [17:46:08] [Server thread/INFO]: Target tick rate: 20,0 per second. Average time per tick: 9,4ms (Target: 50,0ms) [17:46:08] [Server thread/INFO]: Percentiles: P50: 9,3ms P95: 12,8ms P99: 14,9ms, sample: 100"
"without-umce","1","2026-09-27T15:46:08.7757522+00:00",,"False","20","0","0","0","0","0","False","0","9,5","9,4","12,8","14,9","100","12,784616240594612","42,17411969820415","1462517760","[17:46:08] [Server thread/INFO]: The game is running normally [17:46:08] [Server thread/INFO]: Target tick rate: 20,0 per second. Average time per tick: 9,5ms (Target: 50,0ms) [17:46:08] [Server thread/INFO]: Percentiles: P50: 9,4ms P95: 12,8ms P99: 14,9ms, sample: 100"
"without-umce","1","2026-09-27T15:46:08.8979876+00:00",,"False","20","0","0","0","0","0","False","0","9,5","9,4","12,8","14,9","100","24,94625578653349","42,17411969820415","1462517760","[17:46:08] [Server thread/INFO]: The game is running normally [17:46:08] [Server thread/INFO]: Target tick rate: 20,0 per second. Average time per tick: 9,5ms (Target: 50,0ms) [17:46:08] [Server thread/INFO]: Percentiles: P50: 9,4ms P95: 12,8ms P99: 14,9ms, sample: 100"
"without-umce","1","2026-09-27T15:46:09.0232756+00:00",,"False","20","0","0","0","0","0","False","0","9,5","9,4","12,8","14,9","100","0","42,17411969820415","1462517760","[17:46:09] [Server thread/INFO]: The game is running normally [17:46:09] [Server thread/INFO]: Target tick rate: 20,0 per second. Average time per tick: 9,5ms (Target: 50,0ms) [17:46:09] [Server thread/INFO]: Percentiles: P50: 9,4ms P95: 12,8ms P99: 14,9ms, sample: 100"
"without-umce","1","2026-09-27T15:46:09.1489210+00:00",,"False","20","0","0","0","0","0","False","0","9,5","9,4","12,8","14,9","100","46,11096437577559","42,17411969820415","1462517760","[17:46:09] [Server thread/INFO]: The game is running normally [17:46:09] [Server thread/INFO]: Target tick rate: 20,0 per second. Average time per tick: 9,5ms (Target: 50,0ms) [17:46:09] [Server thread/INFO]: Percentiles: P50: 9,4ms P95: 12,8ms P99: 14,9ms, sample: 100"
"without-umce","1","2026-09-27T15:46:09.2844359+00:00",,"False","20","0","0","0","0","0","False","0","9,4","9,4","12,8","14,9","100","0","42,17411969820415","1462517760","[17:46:09] [Server thread/INFO]: The game is running normally [17:46:09] [Server thread/INFO]: Target tick rate: 20,0 per second. Average time per tick: 9,4ms (Target: 50,0ms) [17:46:09] [Server thread/INFO]: Percentiles: P50: 9,4ms P95: 12,8ms P99: 14,9ms, sample: 100"
"without-umce","1","2026-09-27T15:46:09.4093520+00:00",,"False","20","0","0","0","0","0","False","0","9,5","9,4","12,8","14,9","100","0","42,17411969820415","1462517760","[17:46:09] [Server thread/INFO]: The game is running normally [17:46:09] [Server thread/INFO]: Target tick rate: 20,0 per second. Average time per tick: 9,5ms (Target: 50,0ms) [17:46:09] [Server thread/INFO]: Percentiles: P50: 9,4ms P95: 12,8ms P99: 14,9ms, sample: 100"
"without-umce","1","2026-09-27T15:46:09.5317774+00:00",,"False","20","0","0","0","0","0","False","0","9,4","9,3","12,8","14,9","100","36,728754912838255","42,17411969820415","1462517760","[17:46:09] [Server thread/INFO]: The game is running normally [17:46:09] [Server thread/INFO]: Target tick rate: 20,0 per second. Average time per tick: 9,4ms (Target: 50,0ms) [17:46:09] [Server thread/INFO]: Percentiles: P50: 9,3ms P95: 12,8ms P99: 14,9ms, sample: 100"
"without-umce","1","2026-09-27T15:46:09.6594211+00:00",,"False","20","0","0","0","0","0","False","0","9,4","9,3","12,8","14,9","100","0","42,17411969820415","1462517760","[17:46:09] [Server thread/INFO]: The game is running normally [17:46:09] [Server thread/INFO]: Target tick rate: 20,0 per second. Average time per tick: 9,4ms (Target: 50,0ms) [17:46:09] [Server thread/INFO]: Percentiles: P50: 9,3ms P95: 12,8ms P99: 14,9ms, sample: 100"
"without-umce","1","2026-09-27T15:46:09.7846116+00:00",,"False","20","0","0","0","0","0","False","0","9,4","9,3","12,8","14,9","100","0","42,17411969820415","1462517760","[17:46:09] [Server thread/INFO]: The game is running normally [17:46:09] [Server thread/INFO]: Target tick rate: 20,0 per second. Average time per tick: 9,4ms (Target: 50,0ms) [17:46:09] [Server thread/INFO]: Percentiles: P50: 9,3ms P95: 12,8ms P99: 14,9ms, sample: 100"
"without-umce","1","2026-09-27T15:46:09.9092351+00:00",,"False","20","0","0","0","0","0","False","0","9,4","9,3","12,8","14,9","100","51,225267416386025","42,17411969820415","1462517760","[17:46:09] [Server thread/INFO]: The game is running normally [17:46:09] [Server thread/INFO]: Target tick rate: 20,0 per second. Average time per tick: 9,4ms (Target: 50,0ms) [17:46:09] [Server thread/INFO]: Percentiles: P50: 9,3ms P95: 12,8ms P99: 14,9ms, sample: 100"
"without-umce","1","2026-09-27T15:46:10.0312484+00:00",,"False","20","0","0","0","0","0","False","0","9,3","9,2","11,9","14,9","100","50,49758298368807","42,17411969820415","1462517760","[17:46:10] [Server thread/INFO]: The game is running normally [17:46:10] [Server thread/INFO]: Target tick rate: 20,0 per second. Average time per tick: 9,3ms (Target: 50,0ms) [17:46:10] [Server thread/INFO]: Percentiles: P50: 9,2ms P95: 11,9ms P99: 14,9ms, sample: 100"
"without-umce","1","2026-09-27T15:46:10.1550233+00:00",,"False","20","0","0","0","0","0","False","0","9,3","9,2","11,9","14,9","100","62,19925416625532","42,17411969820415","1462517760","[17:46:10] [Server thread/INFO]: The game is running normally [17:46:10] [Server thread/INFO]: Target tick rate: 20,0 per second. Average time per tick: 9,3ms (Target: 50,0ms) [17:46:10] [Server thread/INFO]: Percentiles: P50: 9,2ms P95: 11,9ms P99: 14,9ms, sample: 100"
"without-umce","1","2026-09-27T15:46:10.2806316+00:00",,"False","20","0","0","0","0","0","False","0","9,1","9,1","11,5","14,9","100","37,31399718682313","42,17411969820415","1462517760","[17:46:10] [Server thread/INFO]: The game is running normally [17:46:10] [Server thread/INFO]: Target tick rate: 20,0 per second. Average time per tick: 9,1ms (Target: 50,0ms) [17:46:10] [Server thread/INFO]: Percentiles: P50: 9,1ms P95: 11,5ms P99: 14,9ms, sample: 100"
"without-umce","1","2026-09-27T15:46:10.4062888+00:00",,"False","20","0","0","0","0","0","False","0","9,1","9,1","11,4","14,9","100","49,07950408498529","42,17411969820415","1462517760","[17:46:10] [Server thread/INFO]: The game is running normally [17:46:10] [Server thread/INFO]: Target tick rate: 20,0 per second. Average time per tick: 9,1ms (Target: 50,0ms) [17:46:10] [Server thread/INFO]: Percentiles: P50: 9,1ms P95: 11,4ms P99: 14,9ms, sample: 100"
"with-umce","1","2026-09-27T15:46:57.0753775+00:00","646522184381b84f3179ea440c481a63331a8f518bdbf22902283a96953672c7","True","20","0","0","0","0","0","False","0","8,5","8,4","11,8","13,3","100","76,26229348170925","53,47139272200526","1544323072","[17:46:57] [Server thread/INFO]: The game is running normally [17:46:57] [Server thread/INFO]: Target tick rate: 20,0 per second. Average time per tick: 8,5ms (Target: 50,0ms) [17:46:57] [Server thread/INFO]: Percentiles: P50: 8,4ms P95: 11,8ms P99: 13,3ms, sample: 100"
"with-umce","1","2026-09-27T15:46:57.2086696+00:00","646522184381b84f3179ea440c481a63331a8f518bdbf22902283a96953672c7","True","20","0","0","0","0","0","False","0","8,6","8,5","12,5","13,3","100","44,581621101872216","53,47139272200526","1544323072","[17:46:57] [Server thread/INFO]: The game is running normally [17:46:57] [Server thread/INFO]: Target tick rate: 20,0 per second. Average time per tick: 8,6ms (Target: 50,0ms) [17:46:57] [Server thread/INFO]: Percentiles: P50: 8,5ms P95: 12,5ms P99: 13,3ms, sample: 100"
"with-umce","1","2026-09-27T15:46:57.3386074+00:00","646522184381b84f3179ea440c481a63331a8f518bdbf22902283a96953672c7","True","20","0","0","0","0","0","False","0","8,7","8,5","12,5","13,3","100","37,56199231211191","53,47139272200526","1544323072","[17:46:57] [Server thread/INFO]: The game is running normally [17:46:57] [Server thread/INFO]: Target tick rate: 20,0 per second. Average time per tick: 8,7ms (Target: 50,0ms) [17:46:57] [Server thread/INFO]: Percentiles: P50: 8,5ms P95: 12,5ms P99: 13,3ms, sample: 100"
"with-umce","1","2026-09-27T15:46:57.4634087+00:00","646522184381b84f3179ea440c481a63331a8f518bdbf22902283a96953672c7","True","20","0","0","0","0","0","False","0","8,7","8,5","12,5","13,3","100","49,83228446340995","53,47139272200526","1544323072","[17:46:57] [Server thread/INFO]: The game is running normally [17:46:57] [Server thread/INFO]: Target tick rate: 20,0 per second. Average time per tick: 8,7ms (Target: 50,0ms) [17:46:57] [Server thread/INFO]: Percentiles: P50: 8,5ms P95: 12,5ms P99: 13,3ms, sample: 100"
"with-umce","1","2026-09-27T15:46:57.5888061+00:00","646522184381b84f3179ea440c481a63331a8f518bdbf22902283a96953672c7","True","20","0","0","0","0","0","False","0","8,9","8,6","12,7","13,3","100","63,183595961425866","53,47139272200526","1544323072","[17:46:57] [Server thread/INFO]: The game is running normally [17:46:57] [Server thread/INFO]: Target tick rate: 20,0 per second. Average time per tick: 8,9ms (Target: 50,0ms) [17:46:57] [Server thread/INFO]: Percentiles: P50: 8,6ms P95: 12,7ms P99: 13,3ms, sample: 100"
"with-umce","1","2026-09-27T15:46:57.7124872+00:00","646522184381b84f3179ea440c481a63331a8f518bdbf22902283a96953672c7","True","20","0","0","0","0","0","False","0","9","8,8","12,9","13,6","100","87,62168900168554","53,47139272200526","1544323072","[17:46:57] [Server thread/INFO]: The game is running normally [17:46:57] [Server thread/INFO]: Target tick rate: 20,0 per second. Average time per tick: 9,0ms (Target: 50,0ms) [17:46:57] [Server thread/INFO]: Percentiles: P50: 8,8ms P95: 12,9ms P99: 13,6ms, sample: 100"
"with-umce","1","2026-09-27T15:46:57.8372636+00:00","646522184381b84f3179ea440c481a63331a8f518bdbf22902283a96953672c7","True","20","0","0","0","0","0","False","0","9,1","9","12,9","13,6","100","75,31735721636689","53,47139272200526","1544323072","[17:46:57] [Server thread/INFO]: The game is running normally [17:46:57] [Server thread/INFO]: Target tick rate: 20,0 per second. Average time per tick: 9,1ms (Target: 50,0ms) [17:46:57] [Server thread/INFO]: Percentiles: P50: 9,0ms P95: 12,9ms P99: 13,6ms, sample: 100"
"with-umce","1","2026-09-27T15:46:57.9617519+00:00","646522184381b84f3179ea440c481a63331a8f518bdbf22902283a96953672c7","True","20","0","0","0","0","0","False","0","9,2","9","13","13,6","100","112,80384844617461","53,47139272200526","1544323072","[17:46:57] [Server thread/INFO]: The game is running normally [17:46:57] [Server thread/INFO]: Target tick rate: 20,0 per second. Average time per tick: 9,2ms (Target: 50,0ms) [17:46:57] [Server thread/INFO]: Percentiles: P50: 9,0ms P95: 13,0ms P99: 13,6ms, sample: 100"
"with-umce","1","2026-09-27T15:46:58.0864136+00:00","646522184381b84f3179ea440c481a63331a8f518bdbf22902283a96953672c7","True","20","0","0","0","0","0","False","0","9,3","9,2","13,1","15,8","100","75,00528037173817","53,47139272200526","1544323072","[17:46:58] [Server thread/INFO]: The game is running normally [17:46:58] [Server thread/INFO]: Target tick rate: 20,0 per second. Average time per tick: 9,3ms (Target: 50,0ms) [17:46:58] [Server thread/INFO]: Percentiles: P50: 9,2ms P95: 13,1ms P99: 15,8ms, sample: 100"
"with-umce","1","2026-09-27T15:46:58.2114403+00:00","646522184381b84f3179ea440c481a63331a8f518bdbf22902283a96953672c7","True","20","0","0","0","0","0","False","0","9,4","9,2","13,3","15,8","100","50,39851110702547","53,47139272200526","1544323072","[17:46:58] [Server thread/INFO]: The game is running normally [17:46:58] [Server thread/INFO]: Target tick rate: 20,0 per second. Average time per tick: 9,4ms (Target: 50,0ms) [17:46:58] [Server thread/INFO]: Percentiles: P50: 9,2ms P95: 13,3ms P99: 15,8ms, sample: 100"
"with-umce","1","2026-09-27T15:46:58.3354352+00:00","646522184381b84f3179ea440c481a63331a8f518bdbf22902283a96953672c7","True","20","0","0","0","0","0","False","0","9,6","9,3","13,3","15,8","100","50,35392768692587","53,47139272200526","1544323072","[17:46:58] [Server thread/INFO]: The game is running normally [17:46:58] [Server thread/INFO]: Target tick rate: 20,0 per second. Average time per tick: 9,6ms (Target: 50,0ms) [17:46:58] [Server thread/INFO]: Percentiles: P50: 9,3ms P95: 13,3ms P99: 15,8ms, sample: 100"
"with-umce","1","2026-09-27T15:46:58.4595438+00:00","646522184381b84f3179ea440c481a63331a8f518bdbf22902283a96953672c7","True","20","0","0","0","0","0","False","0","9,7","9,4","13,6","15,8","100","98,60260389756372","53,47139272200526","1544323072","[17:46:58] [Server thread/INFO]: The game is running normally [17:46:58] [Server thread/INFO]: Target tick rate: 20,0 per second. Average time per tick: 9,7ms (Target: 50,0ms) [17:46:58] [Server thread/INFO]: Percentiles: P50: 9,4ms P95: 13,6ms P99: 15,8ms, sample: 100"
"with-umce","1","2026-09-27T15:46:58.5863092+00:00","646522184381b84f3179ea440c481a63331a8f518bdbf22902283a96953672c7","True","20","0","0","0","0","0","False","0","9,9","9,5","13,6","20,5","100","22,723669992684794","53,47139272200526","1544323072","[17:46:58] [Server thread/INFO]: The game is running normally [17:46:58] [Server thread/INFO]: Target tick rate: 20,0 per second. Average time per tick: 9,9ms (Target: 50,0ms) [17:46:58] [Server thread/INFO]: Percentiles: P50: 9,5ms P95: 13,6ms P99: 20,5ms, sample: 100"
"with-umce","1","2026-09-27T15:46:58.7238600+00:00","646522184381b84f3179ea440c481a63331a8f518bdbf22902283a96953672c7","True","20","0","0","0","0","0","False","0","10","9,6","13,6","20,5","100","25,351740184009014","53,47139272200526","1544323072","[17:46:58] [Server thread/INFO]: The game is running normally [17:46:58] [Server thread/INFO]: Target tick rate: 20,0 per second. Average time per tick: 10,0ms (Target: 50,0ms) [17:46:58] [Server thread/INFO]: Percentiles: P50: 9,6ms P95: 13,6ms P99: 20,5ms, sample: 100"
"with-umce","1","2026-09-27T15:46:58.8470936+00:00","646522184381b84f3179ea440c481a63331a8f518bdbf22902283a96953672c7","True","20","0","0","0","0","0","False","0","10,1","9,7","13,8","20,5","100","63,24666482627305","53,47139272200526","1544323072","[17:46:58] [Server thread/INFO]: The game is running normally [17:46:58] [Server thread/INFO]: Target tick rate: 20,0 per second. Average time per tick: 10,1ms (Target: 50,0ms) [17:46:58] [Server thread/INFO]: Percentiles: P50: 9,7ms P95: 13,8ms P99: 20,5ms, sample: 100"
"with-umce","1","2026-09-27T15:46:58.9706242+00:00","646522184381b84f3179ea440c481a63331a8f518bdbf22902283a96953672c7","True","20","0","0","0","0","0","False","0","10,2","9,7","15,1","20,5","100","50,481512862285626","53,47139272200526","1544323072","[17:46:58] [Server thread/INFO]: The game is running normally [17:46:58] [Server thread/INFO]: Target tick rate: 20,0 per second. Average time per tick: 10,2ms (Target: 50,0ms) [17:46:58] [Server thread/INFO]: Percentiles: P50: 9,7ms P95: 15,1ms P99: 20,5ms, sample: 100"
"with-umce","1","2026-09-27T15:46:59.0944502+00:00","646522184381b84f3179ea440c481a63331a8f518bdbf22902283a96953672c7","True","20","0","0","0","0","0","False","0","10,3","9,7","15,1","20,5","100","25,214158980718633","53,47139272200526","1544323072","[17:46:59] [Server thread/INFO]: The game is running normally [17:46:59] [Server thread/INFO]: Target tick rate: 20,0 per second. Average time per tick: 10,3ms (Target: 50,0ms) [17:46:59] [Server thread/INFO]: Percentiles: P50: 9,7ms P95: 15,1ms P99: 20,5ms, sample: 100"
"with-umce","1","2026-09-27T15:46:59.2183944+00:00","646522184381b84f3179ea440c481a63331a8f518bdbf22902283a96953672c7","True","20","0","0","0","0","0","False","0","10,4","9,8","15,1","20,5","100","150,1760062793594","53,47139272200526","1544323072","[17:46:59] [Server thread/INFO]: The game is running normally [17:46:59] [Server thread/INFO]: Target tick rate: 20,0 per second. Average time per tick: 10,4ms (Target: 50,0ms) [17:46:59] [Server thread/INFO]: Percentiles: P50: 9,8ms P95: 15,1ms P99: 20,5ms, sample: 100"
"with-umce","1","2026-09-27T15:46:59.3432106+00:00","646522184381b84f3179ea440c481a63331a8f518bdbf22902283a96953672c7","True","20","0","0","0","0","0","False","0","10,4","9,8","15,1","20,5","100","50,119484851886895","53,47139272200526","1544323072","[17:46:59] [Server thread/INFO]: The game is running normally [17:46:59] [Server thread/INFO]: Target tick rate: 20,0 per second. Average time per tick: 10,4ms (Target: 50,0ms) [17:46:59] [Server thread/INFO]: Percentiles: P50: 9,8ms P95: 15,1ms P99: 20,5ms, sample: 100"
"with-umce","1","2026-09-27T15:46:59.4679282+00:00","646522184381b84f3179ea440c481a63331a8f518bdbf22902283a96953672c7","True","20","0","0","0","0","0","False","0","10,5","9,8","15,6","20,5","100","99,89746524167595","53,47139272200526","1544323072","[17:46:59] [Server thread/INFO]: The game is running normally [17:46:59] [Server thread/INFO]: Target tick rate: 20,0 per second. Average time per tick: 10,5ms (Target: 50,0ms) [17:46:59] [Server thread/INFO]: Percentiles: P50: 9,8ms P95: 15,6ms P99: 20,5ms, sample: 100"
"with-umce","1","2026-09-27T15:46:59.5930486+00:00","646522184381b84f3179ea440c481a63331a8f518bdbf22902283a96953672c7","True","20","0","0","0","0","0","False","0","10,5","9,9","15,6","20,5","100","376,569844367198","53,47139272200526","1544323072","[17:46:59] [Server thread/INFO]: The game is running normally [17:46:59] [Server thread/INFO]: Target tick rate: 20,0 per second. Average time per tick: 10,5ms (Target: 50,0ms) [17:46:59] [Server thread/INFO]: Percentiles: P50: 9,9ms P95: 15,6ms P99: 20,5ms, sample: 100"
"with-umce","1","2026-09-27T15:46:59.7175409+00:00","646522184381b84f3179ea440c481a63331a8f518bdbf22902283a96953672c7","True","20","0","0","0","0","0","False","0","10,6","9,9","15,6","20,5","100","228,1112550295997","53,47139272200526","1544323072","[17:46:59] [Server thread/INFO]: The game is running normally [17:46:59] [Server thread/INFO]: Target tick rate: 20,0 per second. Average time per tick: 10,6ms (Target: 50,0ms) [17:46:59] [Server thread/INFO]: Percentiles: P50: 9,9ms P95: 15,6ms P99: 20,5ms, sample: 100"
"with-umce","1","2026-09-27T15:46:59.8408560+00:00","646522184381b84f3179ea440c481a63331a8f518bdbf22902283a96953672c7","True","20","0","0","0","0","0","False","0","10,7","10,2","15,6","20,5","100","61,91075816805968","53,47139272200526","1544323072","[17:46:59] [Server thread/INFO]: The game is running normally [17:46:59] [Server thread/INFO]: Target tick rate: 20,0 per second. Average time per tick: 10,7ms (Target: 50,0ms) [17:46:59] [Server thread/INFO]: Percentiles: P50: 10,2ms P95: 15,6ms P99: 20,5ms, sample: 100"
"with-umce","1","2026-09-27T15:46:59.9670421+00:00","646522184381b84f3179ea440c481a63331a8f518bdbf22902283a96953672c7","True","20","0","0","0","0","0","False","0","10,8","10,3","15,6","20,5","100","63,69237216074691","53,47139272200526","1544323072","[17:46:59] [Server thread/INFO]: The game is running normally [17:46:59] [Server thread/INFO]: Target tick rate: 20,0 per second. Average time per tick: 10,8ms (Target: 50,0ms) [17:46:59] [Server thread/INFO]: Percentiles: P50: 10,3ms P95: 15,6ms P99: 20,5ms, sample: 100"
"with-umce","1","2026-09-27T15:47:00.0896865+00:00","646522184381b84f3179ea440c481a63331a8f518bdbf22902283a96953672c7","True","20","0","0","0","0","0","False","0","10,9","10,7","15,6","20,5","100","37,27471164283073","53,47139272200526","1544323072","[17:47:00] [Server thread/INFO]: The game is running normally [17:47:00] [Server thread/INFO]: Target tick rate: 20,0 per second. Average time per tick: 10,9ms (Target: 50,0ms) [17:47:00] [Server thread/INFO]: Percentiles: P50: 10,7ms P95: 15,6ms P99: 20,5ms, sample: 100"
"with-umce","1","2026-09-27T15:47:00.2154391+00:00","646522184381b84f3179ea440c481a63331a8f518bdbf22902283a96953672c7","True","20","0","0","0","0","0","False","0","10,9","10,7","15,6","20,5","100","87,51988451776243","53,47139272200526","1544323072","[17:47:00] [Server thread/INFO]: The game is running normally [17:47:00] [Server thread/INFO]: Target tick rate: 20,0 per second. Average time per tick: 10,9ms (Target: 50,0ms) [17:47:00] [Server thread/INFO]: Percentiles: P50: 10,7ms P95: 15,6ms P99: 20,5ms, sample: 100"
"with-umce","1","2026-09-27T15:47:00.3404224+00:00","646522184381b84f3179ea440c481a63331a8f518bdbf22902283a96953672c7","True","20","0","0","0","0","0","False","0","11","11","15,6","20,5","100","49,92204173961941","53,47139272200526","1544323072","[17:47:00] [Server thread/INFO]: The game is running normally [17:47:00] [Server thread/INFO]: Target tick rate: 20,0 per second. Average time per tick: 11,0ms (Target: 50,0ms) [17:47:00] [Server thread/INFO]: Percentiles: P50: 11,0ms P95: 15,6ms P99: 20,5ms, sample: 100"
"with-umce","1","2026-09-27T15:47:00.4655873+00:00","646522184381b84f3179ea440c481a63331a8f518bdbf22902283a96953672c7","True","20","0","0","0","0","0","False","0","11","11","15,6","20,5","100","100,13915336751951","53,47139272200526","1544323072","[17:47:00] [Server thread/INFO]: The game is running normally [17:47:00] [Server thread/INFO]: Target tick rate: 20,0 per second. Average time per tick: 11,0ms (Target: 50,0ms) [17:47:00] [Server thread/INFO]: Percentiles: P50: 11,0ms P95: 15,6ms P99: 20,5ms, sample: 100"
"with-umce","1","2026-09-27T15:47:00.5904192+00:00","646522184381b84f3179ea440c481a63331a8f518bdbf22902283a96953672c7","True","20","0","0","0","0","0","False","0","11,1","11,3","15,6","20,5","100","25,343742244814877","53,47139272200526","1544323072","[17:47:00] [Server thread/INFO]: The game is running normally [17:47:00] [Server thread/INFO]: Target tick rate: 20,0 per second. Average time per tick: 11,1ms (Target: 50,0ms) [17:47:00] [Server thread/INFO]: Percentiles: P50: 11,3ms P95: 15,6ms P99: 20,5ms, sample: 100"
"with-umce","1","2026-09-27T15:47:00.7137715+00:00","646522184381b84f3179ea440c481a63331a8f518bdbf22902283a96953672c7","True","20","0","0","0","0","0","False","0","11,1","11,4","15,6","20,5","100","87,82135590552951","53,47139272200526","1544323072","[17:47:00] [Server thread/INFO]: The game is running normally [17:47:00] [Server thread/INFO]: Target tick rate: 20,0 per second. Average time per tick: 11,1ms (Target: 50,0ms) [17:47:00] [Server thread/INFO]: Percentiles: P50: 11,4ms P95: 15,6ms P99: 20,5ms, sample: 100"
"with-umce","1","2026-09-27T15:47:00.8382549+00:00","646522184381b84f3179ea440c481a63331a8f518bdbf22902283a96953672c7","True","20","0","0","0","0","0","False","0","11,2","11,4","15,6","20,5","100","24,764990149477516","53,47139272200526","1544323072","[17:47:00] [Server thread/INFO]: The game is running normally [17:47:00] [Server thread/INFO]: Target tick rate: 20,0 per second. Average time per tick: 11,2ms (Target: 50,0ms) [17:47:00] [Server thread/INFO]: Percentiles: P50: 11,4ms P95: 15,6ms P99: 20,5ms, sample: 100"
"with-umce","1","2026-09-27T15:47:00.9645027+00:00","646522184381b84f3179ea440c481a63331a8f518bdbf22902283a96953672c7","True","20","0","0","0","0","0","False","0","11,3","11,5","15,6","20,5","100","87,70783247984424","53,47139272200526","1544323072","[17:47:00] [Server thread/INFO]: The game is running normally [17:47:00] [Server thread/INFO]: Target tick rate: 20,0 per second. Average time per tick: 11,3ms (Target: 50,0ms) [17:47:00] [Server thread/INFO]: Percentiles: P50: 11,5ms P95: 15,6ms P99: 20,5ms, sample: 100"
"with-umce","1","2026-09-27T15:47:01.0891794+00:00","646522184381b84f3179ea440c481a63331a8f518bdbf22902283a96953672c7","True","20","0","0","0","0","0","False","0","11,4","11,5","15,6","20,5","100","37,7317939566344","53,47139272200526","1544323072","[17:47:01] [Server thread/INFO]: The game is running normally [17:47:01] [Server thread/INFO]: Target tick rate: 20,0 per second. Average time per tick: 11,4ms (Target: 50,0ms) [17:47:01] [Server thread/INFO]: Percentiles: P50: 11,5ms P95: 15,6ms P99: 20,5ms, sample: 100"
"with-umce","1","2026-09-27T15:47:01.2134158+00:00","646522184381b84f3179ea440c481a63331a8f518bdbf22902283a96953672c7","True","20","0","0","0","0","0","False","0","11,4","11,5","15,6","20,5","100","63,220409206995555","53,47139272200526","1544323072","[17:47:01] [Server thread/INFO]: The game is running normally [17:47:01] [Server thread/INFO]: Target tick rate: 20,0 per second. Average time per tick: 11,4ms (Target: 50,0ms) [17:47:01] [Server thread/INFO]: Percentiles: P50: 11,5ms P95: 15,6ms P99: 20,5ms, sample: 100"
"with-umce","1","2026-09-27T15:47:01.3369647+00:00","646522184381b84f3179ea440c481a63331a8f518bdbf22902283a96953672c7","True","20","0","0","0","0","0","False","0","11,5","11,5","15,6","20,5","100","37,587292728632974","53,47139272200526","1544323072","[17:47:01] [Server thread/INFO]: The game is running normally [17:47:01] [Server thread/INFO]: Target tick rate: 20,0 per second. Average time per tick: 11,5ms (Target: 50,0ms) [17:47:01] [Server thread/INFO]: Percentiles: P50: 11,5ms P95: 15,6ms P99: 20,5ms, sample: 100"
"with-umce","1","2026-09-27T15:47:01.4616731+00:00","646522184381b84f3179ea440c481a63331a8f518bdbf22902283a96953672c7","True","20","0","0","0","0","0","False","0","11,6","11,6","15,6","20,5","100","99,8851720062616","53,47139272200526","1544323072","[17:47:01] [Server thread/INFO]: The game is running normally [17:47:01] [Server thread/INFO]: Target tick rate: 20,0 per second. Average time per tick: 11,6ms (Target: 50,0ms) [17:47:01] [Server thread/INFO]: Percentiles: P50: 11,6ms P95: 15,6ms P99: 20,5ms, sample: 100"
"with-umce","1","2026-09-27T15:47:01.5868389+00:00","646522184381b84f3179ea440c481a63331a8f518bdbf22902283a96953672c7","True","20","0","0","0","0","0","False","0","11,7","11,6","15,6","20,5","100","68,38034497245823","53,47139272200526","1544323072","[17:47:01] [Server thread/INFO]: The game is running normally [17:47:01] [Server thread/INFO]: Target tick rate: 20,0 per second. Average time per tick: 11,7ms (Target: 50,0ms) [17:47:01] [Server thread/INFO]: Percentiles: P50: 11,6ms P95: 15,6ms P99: 20,5ms, sample: 100"
"with-umce","1","2026-09-27T15:47:01.7239231+00:00","646522184381b84f3179ea440c481a63331a8f518bdbf22902283a96953672c7","True","20","0","0","0","0","0","False","0","11,7","11,6","15,6","20,5","100","50,00348024222486","53,47139272200526","1544323072","[17:47:01] [Server thread/INFO]: The game is running normally [17:47:01] [Server thread/INFO]: Target tick rate: 20,0 per second. Average time per tick: 11,7ms (Target: 50,0ms) [17:47:01] [Server thread/INFO]: Percentiles: P50: 11,6ms P95: 15,6ms P99: 20,5ms, sample: 100"
"with-umce","1","2026-09-27T15:47:01.8489316+00:00","646522184381b84f3179ea440c481a63331a8f518bdbf22902283a96953672c7","True","20","0","0","0","0","0","False","0","11,7","11,6","15,6","20,5","100","12,556998728628994","53,47139272200526","1544323072","[17:47:01] [Server thread/INFO]: The game is running normally [17:47:01] [Server thread/INFO]: Target tick rate: 20,0 per second. Average time per tick: 11,7ms (Target: 50,0ms) [17:47:01] [Server thread/INFO]: Percentiles: P50: 11,6ms P95: 15,6ms P99: 20,5ms, sample: 100"
"with-umce","1","2026-09-27T15:47:01.9733503+00:00","646522184381b84f3179ea440c481a63331a8f518bdbf22902283a96953672c7","True","20","0","0","0","0","0","False","0","11,7","11,6","15,6","20,5","100","12,54982783644181","53,47139272200526","1544323072","[17:47:01] [Server thread/INFO]: The game is running normally [17:47:01] [Server thread/INFO]: Target tick rate: 20,0 per second. Average time per tick: 11,7ms (Target: 50,0ms) [17:47:01] [Server thread/INFO]: Percentiles: P50: 11,6ms P95: 15,6ms P99: 20,5ms, sample: 100"
"with-umce","1","2026-09-27T15:47:02.0978705+00:00","646522184381b84f3179ea440c481a63331a8f518bdbf22902283a96953672c7","True","20","0","0","0","0","0","False","0","11,7","11,6","15,6","20,5","100","0","53,47139272200526","1544323072","[17:47:02] [Server thread/INFO]: The game is running normally [17:47:02] [Server thread/INFO]: Target tick rate: 20,0 per second. Average time per tick: 11,7ms (Target: 50,0ms) [17:47:02] [Server thread/INFO]: Percentiles: P50: 11,6ms P95: 15,6ms P99: 20,5ms, sample: 100"
"with-umce","1","2026-09-27T15:47:02.2211745+00:00","646522184381b84f3179ea440c481a63331a8f518bdbf22902283a96953672c7","True","20","0","0","0","0","0","False","0","11,7","11,6","15,6","20,5","100","12,706537137243611","53,47139272200526","1544323072","[17:47:02] [Server thread/INFO]: The game is running normally [17:47:02] [Server thread/INFO]: Target tick rate: 20,0 per second. Average time per tick: 11,7ms (Target: 50,0ms) [17:47:02] [Server thread/INFO]: Percentiles: P50: 11,6ms P95: 15,6ms P99: 20,5ms, sample: 100"
"with-umce","1","2026-09-27T15:47:02.3441418+00:00","646522184381b84f3179ea440c481a63331a8f518bdbf22902283a96953672c7","True","20","0","0","0","0","0","False","0","11,8","11,6","15,6","20,5","100","37,176416471036106","53,47139272200526","1544323072","[17:47:02] [Server thread/INFO]: The game is running normally [17:47:02] [Server thread/INFO]: Target tick rate: 20,0 per second. Average time per tick: 11,8ms (Target: 50,0ms) [17:47:02] [Server thread/INFO]: Percentiles: P50: 11,6ms P95: 15,6ms P99: 20,5ms, sample: 100"
"with-umce","1","2026-09-27T15:47:02.4702210+00:00","646522184381b84f3179ea440c481a63331a8f518bdbf22902283a96953672c7","True","20","0","0","0","0","0","False","0","11,7","11,6","15,6","20,5","100","12,49011781878178","53,47139272200526","1544323072","[17:47:02] [Server thread/INFO]: The game is running normally [17:47:02] [Server thread/INFO]: Target tick rate: 20,0 per second. Average time per tick: 11,7ms (Target: 50,0ms) [17:47:02] [Server thread/INFO]: Percentiles: P50: 11,6ms P95: 15,6ms P99: 20,5ms, sample: 100"
"with-umce","1","2026-09-27T15:47:02.5953120+00:00","646522184381b84f3179ea440c481a63331a8f518bdbf22902283a96953672c7","True","20","0","0","0","0","0","False","0","11,7","11,6","15,6","20,5","100","12,452421786836855","53,47139272200526","1544323072","[17:47:02] [Server thread/INFO]: The game is running normally [17:47:02] [Server thread/INFO]: Target tick rate: 20,0 per second. Average time per tick: 11,7ms (Target: 50,0ms) [17:47:02] [Server thread/INFO]: Percentiles: P50: 11,6ms P95: 15,6ms P99: 20,5ms, sample: 100"
"with-umce","1","2026-09-27T15:47:02.7208189+00:00","646522184381b84f3179ea440c481a63331a8f518bdbf22902283a96953672c7","True","20","0","0","0","0","0","False","0","11,7","11,6","15,6","20,5","100","25,418097197176927","53,47139272200526","1544323072","[17:47:02] [Server thread/INFO]: The game is running normally [17:47:02] [Server thread/INFO]: Target tick rate: 20,0 per second. Average time per tick: 11,7ms (Target: 50,0ms) [17:47:02] [Server thread/INFO]: Percentiles: P50: 11,6ms P95: 15,6ms P99: 20,5ms, sample: 100"
"with-umce","1","2026-09-27T15:47:02.8437440+00:00","646522184381b84f3179ea440c481a63331a8f518bdbf22902283a96953672c7","True","20","0","0","0","0","0","False","0","11,6","11,6","15,6","20,5","100","99,2478600176423","53,47139272200526","1544323072","[17:47:02] [Server thread/INFO]: The game is running normally [17:47:02] [Server thread/INFO]: Target tick rate: 20,0 per second. Average time per tick: 11,6ms (Target: 50,0ms) [17:47:02] [Server thread/INFO]: Percentiles: P50: 11,6ms P95: 15,6ms P99: 20,5ms, sample: 100"
"with-umce","1","2026-09-27T15:47:02.9697034+00:00","646522184381b84f3179ea440c481a63331a8f518bdbf22902283a96953672c7","True","20","0","0","0","0","0","False","0","11,6","11,5","15,6","20,5","100","75,94124618167413","53,47139272200526","1544323072","[17:47:02] [Server thread/INFO]: The game is running normally [17:47:02] [Server thread/INFO]: Target tick rate: 20,0 per second. Average time per tick: 11,6ms (Target: 50,0ms) [17:47:02] [Server thread/INFO]: Percentiles: P50: 11,5ms P95: 15,6ms P99: 20,5ms, sample: 100"
"with-umce","1","2026-09-27T15:47:03.0931253+00:00","646522184381b84f3179ea440c481a63331a8f518bdbf22902283a96953672c7","True","20","0","0","0","0","0","False","0","11,5","11,5","15,3","20,5","100","76,64417075094937","53,47139272200526","1544323072","[17:47:03] [Server thread/INFO]: The game is running normally [17:47:03] [Server thread/INFO]: Target tick rate: 20,0 per second. Average time per tick: 11,5ms (Target: 50,0ms) [17:47:03] [Server thread/INFO]: Percentiles: P50: 11,5ms P95: 15,3ms P99: 20,5ms, sample: 100"
"with-umce","1","2026-09-27T15:47:03.2154411+00:00","646522184381b84f3179ea440c481a63331a8f518bdbf22902283a96953672c7","True","20","0","0","0","0","0","False","0","11,5","11,5","15,3","20,5","100","63,76572411744157","53,47139272200526","1544323072","[17:47:03] [Server thread/INFO]: The game is running normally [17:47:03] [Server thread/INFO]: Target tick rate: 20,0 per second. Average time per tick: 11,5ms (Target: 50,0ms) [17:47:03] [Server thread/INFO]: Percentiles: P50: 11,5ms P95: 15,3ms P99: 20,5ms, sample: 100"
"with-umce","1","2026-09-27T15:47:03.3379654+00:00","646522184381b84f3179ea440c481a63331a8f518bdbf22902283a96953672c7","True","20","0","0","0","0","0","False","0","11,5","11,4","15,3","20,5","100","50,21730030186623","53,47139272200526","1544323072","[17:47:03] [Server thread/INFO]: The game is running normally [17:47:03] [Server thread/INFO]: Target tick rate: 20,0 per second. Average time per tick: 11,5ms (Target: 50,0ms) [17:47:03] [Server thread/INFO]: Percentiles: P50: 11,4ms P95: 15,3ms P99: 20,5ms, sample: 100"
"with-umce","1","2026-09-27T15:47:03.4624254+00:00","646522184381b84f3179ea440c481a63331a8f518bdbf22902283a96953672c7","True","20","0","0","0","0","0","False","0","11,4","11,4","15,1","20,5","100","50,36139335874233","53,47139272200526","1544323072","[17:47:03] [Server thread/INFO]: The game is running normally [17:47:03] [Server thread/INFO]: Target tick rate: 20,0 per second. Average time per tick: 11,4ms (Target: 50,0ms) [17:47:03] [Server thread/INFO]: Percentiles: P50: 11,4ms P95: 15,1ms P99: 20,5ms, sample: 100"
"with-umce","1","2026-09-27T15:47:03.5865392+00:00","646522184381b84f3179ea440c481a63331a8f518bdbf22902283a96953672c7","True","20","0","0","0","0","0","False","0","11,3","11,2","14,5","17,8","100","25,498110691990167","53,47139272200526","1544323072","[17:47:03] [Server thread/INFO]: The game is running normally [17:47:03] [Server thread/INFO]: Target tick rate: 20,0 per second. Average time per tick: 11,3ms (Target: 50,0ms) [17:47:03] [Server thread/INFO]: Percentiles: P50: 11,2ms P95: 14,5ms P99: 17,8ms, sample: 100"
"with-umce","1","2026-09-27T15:47:03.7091099+00:00","646522184381b84f3179ea440c481a63331a8f518bdbf22902283a96953672c7","True","20","0","0","0","0","0","False","0","11,2","11,2","14,5","17,8","100","22,608181050654625","53,47139272200526","1544323072","[17:47:03] [Server thread/INFO]: The game is running normally [17:47:03] [Server thread/INFO]: Target tick rate: 20,0 per second. Average time per tick: 11,2ms (Target: 50,0ms) [17:47:03] [Server thread/INFO]: Percentiles: P50: 11,2ms P95: 14,5ms P99: 17,8ms, sample: 100"
"with-umce","1","2026-09-27T15:47:03.8473767+00:00","646522184381b84f3179ea440c481a63331a8f518bdbf22902283a96953672c7","True","20","0","0","0","0","0","False","0","11,2","11,2","14,5","17,8","100","0","53,47139272200526","1544323072","[17:47:03] [Server thread/INFO]: The game is running normally [17:47:03] [Server thread/INFO]: Target tick rate: 20,0 per second. Average time per tick: 11,2ms (Target: 50,0ms) [17:47:03] [Server thread/INFO]: Percentiles: P50: 11,2ms P95: 14,5ms P99: 17,8ms, sample: 100"
"with-umce","1","2026-09-27T15:47:03.9703982+00:00","646522184381b84f3179ea440c481a63331a8f518bdbf22902283a96953672c7","True","20","0","0","0","0","0","False","0","11,1","11,2","14,1","15,6","100","25,139190670906675","53,47139272200526","1544323072","[17:47:03] [Server thread/INFO]: The game is running normally [17:47:03] [Server thread/INFO]: Target tick rate: 20,0 per second. Average time per tick: 11,1ms (Target: 50,0ms) [17:47:03] [Server thread/INFO]: Percentiles: P50: 11,2ms P95: 14,1ms P99: 15,6ms, sample: 100"
"with-umce","1","2026-09-27T15:47:04.0947142+00:00","646522184381b84f3179ea440c481a63331a8f518bdbf22902283a96953672c7","True","20","0","0","0","0","0","False","0","11,1","11,1","14,1","15,6","100","74,69012560688216","53,47139272200526","1544323072","[17:47:04] [Server thread/INFO]: The game is running normally [17:47:04] [Server thread/INFO]: Target tick rate: 20,0 per second. Average time per tick: 11,1ms (Target: 50,0ms) [17:47:04] [Server thread/INFO]: Percentiles: P50: 11,1ms P95: 14,1ms P99: 15,6ms, sample: 100"
"with-umce","1","2026-09-27T15:47:04.2202467+00:00","646522184381b84f3179ea440c481a63331a8f518bdbf22902283a96953672c7","True","20","0","0","0","0","0","False","0","11,1","11,1","14,1","15,6","100","50,1924176523119","53,47139272200526","1544323072","[17:47:04] [Server thread/INFO]: The game is running normally [17:47:04] [Server thread/INFO]: Target tick rate: 20,0 per second. Average time per tick: 11,1ms (Target: 50,0ms) [17:47:04] [Server thread/INFO]: Percentiles: P50: 11,1ms P95: 14,1ms P99: 15,6ms, sample: 100"
"with-umce","1","2026-09-27T15:47:04.3447652+00:00","646522184381b84f3179ea440c481a63331a8f518bdbf22902283a96953672c7","True","20","0","0","0","0","0","False","0","11,1","11","14,1","15,6","100","62,74873598946223","53,47139272200526","1544323072","[17:47:04] [Server thread/INFO]: The game is running normally [17:47:04] [Server thread/INFO]: Target tick rate: 20,0 per second. Average time per tick: 11,1ms (Target: 50,0ms) [17:47:04] [Server thread/INFO]: Percentiles: P50: 11,0ms P95: 14,1ms P99: 15,6ms, sample: 100"
"with-umce","1","2026-09-27T15:47:04.4692930+00:00","646522184381b84f3179ea440c481a63331a8f518bdbf22902283a96953672c7","True","20","0","0","0","0","0","False","0","11,1","11","14,1","15,3","100","37,2583868131938","53,47139272200526","1544323072","[17:47:04] [Server thread/INFO]: The game is running normally [17:47:04] [Server thread/INFO]: Target tick rate: 20,0 per second. Average time per tick: 11,1ms (Target: 50,0ms) [17:47:04] [Server thread/INFO]: Percentiles: P50: 11,0ms P95: 14,1ms P99: 15,3ms, sample: 100"
"with-umce","1","2026-09-27T15:47:04.5950845+00:00","646522184381b84f3179ea440c481a63331a8f518bdbf22902283a96953672c7","True","20","0","0","0","0","0","False","0","11,1","11","14,1","15,3","100","37,71318509269197","53,47139272200526","1544323072","[17:47:04] [Server thread/INFO]: The game is running normally [17:47:04] [Server thread/INFO]: Target tick rate: 20,0 per second. Average time per tick: 11,1ms (Target: 50,0ms) [17:47:04] [Server thread/INFO]: Percentiles: P50: 11,0ms P95: 14,1ms P99: 15,3ms, sample: 100"
"with-umce","1","2026-09-27T15:47:04.7193946+00:00","646522184381b84f3179ea440c481a63331a8f518bdbf22902283a96953672c7","True","20","0","0","0","0","0","False","0","11","10,9","14,1","15,3","100","51,06851679051122","53,47139272200526","1544323072","[17:47:04] [Server thread/INFO]: The game is running normally [17:47:04] [Server thread/INFO]: Target tick rate: 20,0 per second. Average time per tick: 11,0ms (Target: 50,0ms) [17:47:04] [Server thread/INFO]: Percentiles: P50: 10,9ms P95: 14,1ms P99: 15,3ms, sample: 100"
"with-umce","1","2026-09-27T15:47:04.8417620+00:00","646522184381b84f3179ea440c481a63331a8f518bdbf22902283a96953672c7","True","20","0","0","0","0","0","False","0","10,9","10,7","13,7","14,8","100","37,701840573695335","53,47139272200526","1544323072","[17:47:04] [Server thread/INFO]: The game is running normally [17:47:04] [Server thread/INFO]: Target tick rate: 20,0 per second. Average time per tick: 10,9ms (Target: 50,0ms) [17:47:04] [Server thread/INFO]: Percentiles: P50: 10,7ms P95: 13,7ms P99: 14,8ms, sample: 100"
"with-umce","1","2026-09-27T15:47:04.9660758+00:00","646522184381b84f3179ea440c481a63331a8f518bdbf22902283a96953672c7","True","20","0","0","0","0","0","False","0","10,9","10,6","13,5","14,8","100","51,26287108167119","53,47139272200526","1544323072","[17:47:04] [Server thread/INFO]: The game is running normally [17:47:04] [Server thread/INFO]: Target tick rate: 20,0 per second. Average time per tick: 10,9ms (Target: 50,0ms) [17:47:04] [Server thread/INFO]: Percentiles: P50: 10,6ms P95: 13,5ms P99: 14,8ms, sample: 100"
"with-umce","1","2026-09-27T15:47:05.0880041+00:00","646522184381b84f3179ea440c481a63331a8f518bdbf22902283a96953672c7","True","20","0","0","0","0","0","False","0","10,9","10,7","13,5","14,8","100","24,932741436700358","53,47139272200526","1544323072","[17:47:05] [Server thread/INFO]: The game is running normally [17:47:05] [Server thread/INFO]: Target tick rate: 20,0 per second. Average time per tick: 10,9ms (Target: 50,0ms) [17:47:05] [Server thread/INFO]: Percentiles: P50: 10,7ms P95: 13,5ms P99: 14,8ms, sample: 100"
"with-umce","1","2026-09-27T15:47:05.2133637+00:00","646522184381b84f3179ea440c481a63331a8f518bdbf22902283a96953672c7","True","20","0","0","0","0","0","False","0","10,9","10,6","13,5","14,8","100","37,60282115416395","53,47139272200526","1544323072","[17:47:05] [Server thread/INFO]: The game is running normally [17:47:05] [Server thread/INFO]: Target tick rate: 20,0 per second. Average time per tick: 10,9ms (Target: 50,0ms) [17:47:05] [Server thread/INFO]: Percentiles: P50: 10,6ms P95: 13,5ms P99: 14,8ms, sample: 100"
"with-umce","1","2026-09-27T15:47:05.3380214+00:00","646522184381b84f3179ea440c481a63331a8f518bdbf22902283a96953672c7","True","20","0","0","0","0","0","False","0","10,8","10,6","13,5","14,8","100","50,91803174515239","53,47139272200526","1544323072","[17:47:05] [Server thread/INFO]: The game is running normally [17:47:05] [Server thread/INFO]: Target tick rate: 20,0 per second. Average time per tick: 10,8ms (Target: 50,0ms) [17:47:05] [Server thread/INFO]: Percentiles: P50: 10,6ms P95: 13,5ms P99: 14,8ms, sample: 100"
"with-umce","1","2026-09-27T15:47:05.4607796+00:00","646522184381b84f3179ea440c481a63331a8f518bdbf22902283a96953672c7","True","20","0","0","0","0","0","False","0","10,8","10,6","13,5","14,8","100","50,21576710811012","53,47139272200526","1544323072","[17:47:05] [Server thread/INFO]: The game is running normally [17:47:05] [Server thread/INFO]: Target tick rate: 20,0 per second. Average time per tick: 10,8ms (Target: 50,0ms) [17:47:05] [Server thread/INFO]: Percentiles: P50: 10,6ms P95: 13,5ms P99: 14,8ms, sample: 100"
"with-umce","1","2026-09-27T15:47:05.5852180+00:00","646522184381b84f3179ea440c481a63331a8f518bdbf22902283a96953672c7","True","20","0","0","0","0","0","False","0","10,8","10,6","13,5","14,8","100","24,84646870060522","53,47139272200526","1544323072","[17:47:05] [Server thread/INFO]: The game is running normally [17:47:05] [Server thread/INFO]: Target tick rate: 20,0 per second. Average time per tick: 10,8ms (Target: 50,0ms) [17:47:05] [Server thread/INFO]: Percentiles: P50: 10,6ms P95: 13,5ms P99: 14,8ms, sample: 100"
"with-umce","1","2026-09-27T15:47:05.7109845+00:00","646522184381b84f3179ea440c481a63331a8f518bdbf22902283a96953672c7","True","20","0","0","0","0","0","False","0","10,8","10,6","13,3","14,8","100","226,47790421172402","53,47139272200526","1544323072","[17:47:05] [Server thread/INFO]: The game is running normally [17:47:05] [Server thread/INFO]: Target tick rate: 20,0 per second. Average time per tick: 10,8ms (Target: 50,0ms) [17:47:05] [Server thread/INFO]: Percentiles: P50: 10,6ms P95: 13,3ms P99: 14,8ms, sample: 100"
"with-umce","1","2026-09-27T15:47:05.8351451+00:00","646522184381b84f3179ea440c481a63331a8f518bdbf22902283a96953672c7","True","20","0","0","0","0","0","False","0","10,8","10,6","13,3","14,8","100","11,343572677271908","53,47139272200526","1544323072","[17:47:05] [Server thread/INFO]: The game is running normally [17:47:05] [Server thread/INFO]: Target tick rate: 20,0 per second. Average time per tick: 10,8ms (Target: 50,0ms) [17:47:05] [Server thread/INFO]: Percentiles: P50: 10,6ms P95: 13,3ms P99: 14,8ms, sample: 100"
"with-umce","1","2026-09-27T15:47:05.9729263+00:00","646522184381b84f3179ea440c481a63331a8f518bdbf22902283a96953672c7","True","20","0","0","0","0","0","False","0","10,8","10,6","13,3","14,8","100","0","53,47139272200526","1544323072","[17:47:05] [Server thread/INFO]: The game is running normally [17:47:05] [Server thread/INFO]: Target tick rate: 20,0 per second. Average time per tick: 10,8ms (Target: 50,0ms) [17:47:05] [Server thread/INFO]: Percentiles: P50: 10,6ms P95: 13,3ms P99: 14,8ms, sample: 100"
"with-umce","1","2026-09-27T15:47:06.0981795+00:00","646522184381b84f3179ea440c481a63331a8f518bdbf22902283a96953672c7","True","20","0","0","0","0","0","False","0","10,7","10,5","13,3","14,8","100","0","53,47139272200526","1544323072","[17:47:06] [Server thread/INFO]: The game is running normally [17:47:06] [Server thread/INFO]: Target tick rate: 20,0 per second. Average time per tick: 10,7ms (Target: 50,0ms) [17:47:06] [Server thread/INFO]: Percentiles: P50: 10,5ms P95: 13,3ms P99: 14,8ms, sample: 100"
"with-umce","1","2026-09-27T15:47:06.2237716+00:00","646522184381b84f3179ea440c481a63331a8f518bdbf22902283a96953672c7","True","20","0","0","0","0","0","False","0","10,7","10,5","13,3","14,8","100","12,491316037091014","53,47139272200526","1544323072","[17:47:06] [Server thread/INFO]: The game is running normally [17:47:06] [Server thread/INFO]: Target tick rate: 20,0 per second. Average time per tick: 10,7ms (Target: 50,0ms) [17:47:06] [Server thread/INFO]: Percentiles: P50: 10,5ms P95: 13,3ms P99: 14,8ms, sample: 100"
"with-umce","1","2026-09-27T15:47:06.3488406+00:00","646522184381b84f3179ea440c481a63331a8f518bdbf22902283a96953672c7","True","20","0","0","0","0","0","False","0","10,6","10,5","13,2","14,8","100","50,06051314829366","53,47139272200526","1544323072","[17:47:06] [Server thread/INFO]: The game is running normally [17:47:06] [Server thread/INFO]: Target tick rate: 20,0 per second. Average time per tick: 10,6ms (Target: 50,0ms) [17:47:06] [Server thread/INFO]: Percentiles: P50: 10,5ms P95: 13,2ms P99: 14,8ms, sample: 100"
"with-umce","1","2026-09-27T15:47:06.4737063+00:00","646522184381b84f3179ea440c481a63331a8f518bdbf22902283a96953672c7","True","20","0","0","0","0","0","False","0","10,6","10,5","13,2","14,8","100","12,804532763623818","53,47139272200526","1544323072","[17:47:06] [Server thread/INFO]: The game is running normally [17:47:06] [Server thread/INFO]: Target tick rate: 20,0 per second. Average time per tick: 10,6ms (Target: 50,0ms) [17:47:06] [Server thread/INFO]: Percentiles: P50: 10,5ms P95: 13,2ms P99: 14,8ms, sample: 100"
"with-umce","1","2026-09-27T15:47:06.5957159+00:00","646522184381b84f3179ea440c481a63331a8f518bdbf22902283a96953672c7","True","20","0","0","0","0","0","False","0","10,7","10,5","13,3","14,8","100","12,307927408041074","53,47139272200526","1544323072","[17:47:06] [Server thread/INFO]: The game is running normally [17:47:06] [Server thread/INFO]: Target tick rate: 20,0 per second. Average time per tick: 10,7ms (Target: 50,0ms) [17:47:06] [Server thread/INFO]: Percentiles: P50: 10,5ms P95: 13,3ms P99: 14,8ms, sample: 100"
"with-umce","1","2026-09-27T15:47:06.7227136+00:00","646522184381b84f3179ea440c481a63331a8f518bdbf22902283a96953672c7","True","20","0","0","0","0","0","False","0","10,7","10,5","13,5","17,6","100","12,718452133851027","53,47139272200526","1544323072","[17:47:06] [Server thread/INFO]: The game is running normally [17:47:06] [Server thread/INFO]: Target tick rate: 20,0 per second. Average time per tick: 10,7ms (Target: 50,0ms) [17:47:06] [Server thread/INFO]: Percentiles: P50: 10,5ms P95: 13,5ms P99: 17,6ms, sample: 100"
"with-umce","1","2026-09-27T15:47:06.8455246+00:00","646522184381b84f3179ea440c481a63331a8f518bdbf22902283a96953672c7","True","20","0","0","0","0","0","False","0","10,6","10,5","13,5","17,6","100","37,94010522055848","53,47139272200526","1544323072","[17:47:06] [Server thread/INFO]: The game is running normally [17:47:06] [Server thread/INFO]: Target tick rate: 20,0 per second. Average time per tick: 10,6ms (Target: 50,0ms) [17:47:06] [Server thread/INFO]: Percentiles: P50: 10,5ms P95: 13,5ms P99: 17,6ms, sample: 100"
"with-umce","1","2026-09-27T15:47:06.9690772+00:00","646522184381b84f3179ea440c481a63331a8f518bdbf22902283a96953672c7","True","20","0","0","0","0","0","False","0","10,6","10,5","13,5","17,6","100","76,40431124060227","53,47139272200526","1544323072","[17:47:06] [Server thread/INFO]: The game is running normally [17:47:06] [Server thread/INFO]: Target tick rate: 20,0 per second. Average time per tick: 10,6ms (Target: 50,0ms) [17:47:06] [Server thread/INFO]: Percentiles: P50: 10,5ms P95: 13,5ms P99: 17,6ms, sample: 100"
"with-umce","1","2026-09-27T15:47:07.0917919+00:00","646522184381b84f3179ea440c481a63331a8f518bdbf22902283a96953672c7","True","20","0","0","0","0","0","False","0","10,7","10,5","13,5","17,6","100","50,11156839587658","53,47139272200526","1544323072","[17:47:07] [Server thread/INFO]: The game is running normally [17:47:07] [Server thread/INFO]: Target tick rate: 20,0 per second. Average time per tick: 10,7ms (Target: 50,0ms) [17:47:07] [Server thread/INFO]: Percentiles: P50: 10,5ms P95: 13,5ms P99: 17,6ms, sample: 100"
"with-umce","1","2026-09-27T15:47:07.2165057+00:00","646522184381b84f3179ea440c481a63331a8f518bdbf22902283a96953672c7","True","20","0","0","0","0","0","False","0","10,7","10,5","13,5","17,6","100","87,64837116270424","53,47139272200526","1544323072","[17:47:07] [Server thread/INFO]: The game is running normally [17:47:07] [Server thread/INFO]: Target tick rate: 20,0 per second. Average time per tick: 10,7ms (Target: 50,0ms) [17:47:07] [Server thread/INFO]: Percentiles: P50: 10,5ms P95: 13,5ms P99: 17,6ms, sample: 100"
"with-umce","1","2026-09-27T15:47:07.3412972+00:00","646522184381b84f3179ea440c481a63331a8f518bdbf22902283a96953672c7","True","20","0","0","0","0","0","False","0","10,7","10,5","13,5","17,6","100","37,85926932215957","53,47139272200526","1544323072","[17:47:07] [Server thread/INFO]: The game is running normally [17:47:07] [Server thread/INFO]: Target tick rate: 20,0 per second. Average time per tick: 10,7ms (Target: 50,0ms) [17:47:07] [Server thread/INFO]: Percentiles: P50: 10,5ms P95: 13,5ms P99: 17,6ms, sample: 100"
"with-umce","1","2026-09-27T15:47:07.4650927+00:00","646522184381b84f3179ea440c481a63331a8f518bdbf22902283a96953672c7","True","20","0","0","0","0","0","False","0","10,7","10,5","13,2","17,6","100","63,35175163031932","53,47139272200526","1544323072","[17:47:07] [Server thread/INFO]: The game is running normally [17:47:07] [Server thread/INFO]: Target tick rate: 20,0 per second. Average time per tick: 10,7ms (Target: 50,0ms) [17:47:07] [Server thread/INFO]: Percentiles: P50: 10,5ms P95: 13,2ms P99: 17,6ms, sample: 100"
"with-umce","1","2026-09-27T15:47:07.5884221+00:00","646522184381b84f3179ea440c481a63331a8f518bdbf22902283a96953672c7","True","20","0","0","0","0","0","False","0","10,8","10,6","13,5","17,6","100","25,34526331498201","53,47139272200526","1544323072","[17:47:07] [Server thread/INFO]: The game is running normally [17:47:07] [Server thread/INFO]: Target tick rate: 20,0 per second. Average time per tick: 10,8ms (Target: 50,0ms) [17:47:07] [Server thread/INFO]: Percentiles: P50: 10,6ms P95: 13,5ms P99: 17,6ms, sample: 100"
"with-umce","1","2026-09-27T15:47:07.7117261+00:00","646522184381b84f3179ea440c481a63331a8f518bdbf22902283a96953672c7","True","20","0","0","0","0","0","False","0","10,8","10,6","13,5","17,6","100","306,3011988579915","53,47139272200526","1544323072","[17:47:07] [Server thread/INFO]: The game is running normally [17:47:07] [Server thread/INFO]: Target tick rate: 20,0 per second. Average time per tick: 10,8ms (Target: 50,0ms) [17:47:07] [Server thread/INFO]: Percentiles: P50: 10,6ms P95: 13,5ms P99: 17,6ms, sample: 100"
"with-umce","1","2026-09-27T15:47:07.8392534+00:00","646522184381b84f3179ea440c481a63331a8f518bdbf22902283a96953672c7","True","20","0","0","0","0","0","False","0","10,8","10,6","13,5","17,6","100","317,2921264441107","53,47139272200526","1544323072","[17:47:07] [Server thread/INFO]: The game is running normally [17:47:07] [Server thread/INFO]: Target tick rate: 20,0 per second. Average time per tick: 10,8ms (Target: 50,0ms) [17:47:07] [Server thread/INFO]: Percentiles: P50: 10,6ms P95: 13,5ms P99: 17,6ms, sample: 100"
"with-umce","1","2026-09-27T15:47:07.9623891+00:00","646522184381b84f3179ea440c481a63331a8f518bdbf22902283a96953672c7","True","20","0","0","0","0","0","False","0","10,8","10,6","13,5","17,6","100","113,03188282783465","53,47139272200526","1544323072","[17:47:07] [Server thread/INFO]: The game is running normally [17:47:07] [Server thread/INFO]: Target tick rate: 20,0 per second. Average time per tick: 10,8ms (Target: 50,0ms) [17:47:07] [Server thread/INFO]: Percentiles: P50: 10,6ms P95: 13,5ms P99: 17,6ms, sample: 100"
"with-umce","1","2026-09-27T15:47:08.0867865+00:00","646522184381b84f3179ea440c481a63331a8f518bdbf22902283a96953672c7","True","20","0","0","0","0","0","False","0","11","10,8","13,5","17,6","100","62,746216152181155","53,47139272200526","1544323072","[17:47:08] [Server thread/INFO]: The game is running normally [17:47:08] [Server thread/INFO]: Target tick rate: 20,0 per second. Average time per tick: 11,0ms (Target: 50,0ms) [17:47:08] [Server thread/INFO]: Percentiles: P50: 10,8ms P95: 13,5ms P99: 17,6ms, sample: 100"
"with-umce","1","2026-09-27T15:47:08.2112765+00:00","646522184381b84f3179ea440c481a63331a8f518bdbf22902283a96953672c7","True","20","0","0","0","0","0","False","0","11","10,8","13,5","17,6","100","50,07892438483049","53,47139272200526","1544323072","[17:47:08] [Server thread/INFO]: The game is running normally [17:47:08] [Server thread/INFO]: Target tick rate: 20,0 per second. Average time per tick: 11,0ms (Target: 50,0ms) [17:47:08] [Server thread/INFO]: Percentiles: P50: 10,8ms P95: 13,5ms P99: 17,6ms, sample: 100"
"with-umce","1","2026-09-27T15:47:08.3361044+00:00","646522184381b84f3179ea440c481a63331a8f518bdbf22902283a96953672c7","True","20","0","0","0","0","0","False","0","10,9","10,7","13,5","17,6","100","50,303389804589436","53,47139272200526","1544323072","[17:47:08] [Server thread/INFO]: The game is running normally [17:47:08] [Server thread/INFO]: Target tick rate: 20,0 per second. Average time per tick: 10,9ms (Target: 50,0ms) [17:47:08] [Server thread/INFO]: Percentiles: P50: 10,7ms P95: 13,5ms P99: 17,6ms, sample: 100"
"with-umce","1","2026-09-27T15:47:08.4603407+00:00","646522184381b84f3179ea440c481a63331a8f518bdbf22902283a96953672c7","True","20","0","0","0","0","0","False","0","10,9","10,6","13,5","17,6","100","270,5016655033456","53,47139272200526","1544323072","[17:47:08] [Server thread/INFO]: stress018 drowned [17:47:08] [Server thread/INFO]: The game is running normally [17:47:08] [Server thread/INFO]: Target tick rate: 20,0 per second. Average time per tick: 10,9ms (Target: 50,0ms) [17:47:08] [Server thread/INFO]: Percentiles: P50: 10,6ms P95: 13,5ms P99: 17,6ms, sample: 100"
"with-umce","1","2026-09-27T15:47:08.5874327+00:00","646522184381b84f3179ea440c481a63331a8f518bdbf22902283a96953672c7","True","20","0","0","0","0","0","False","0","11,2","10,8","13,9","31,1","100","203,92332156831716","53,47139272200526","1544323072","[17:47:08] [Server thread/INFO]: The game is running normally [17:47:08] [Server thread/INFO]: Target tick rate: 20,0 per second. Average time per tick: 11,2ms (Target: 50,0ms) [17:47:08] [Server thread/INFO]: Percentiles: P50: 10,8ms P95: 13,9ms P99: 31,1ms, sample: 100"
"with-umce","1","2026-09-27T15:47:08.7100025+00:00","646522184381b84f3179ea440c481a63331a8f518bdbf22902283a96953672c7","True","20","0","0","0","0","0","False","0","11,2","10,8","14,5","31,1","100","87,86177966394426","53,47139272200526","1544323072","[17:47:08] [Server thread/INFO]: The game is running normally [17:47:08] [Server thread/INFO]: Target tick rate: 20,0 per second. Average time per tick: 11,2ms (Target: 50,0ms) [17:47:08] [Server thread/INFO]: Percentiles: P50: 10,8ms P95: 14,5ms P99: 31,1ms, sample: 100"
"with-umce","1","2026-09-27T15:47:08.8344732+00:00","646522184381b84f3179ea440c481a63331a8f518bdbf22902283a96953672c7","True","20","0","0","0","0","0","False","0","11,2","10,7","14,5","31,1","100","75,02815056209089","53,47139272200526","1544323072","[17:47:08] [Server thread/INFO]: The game is running normally [17:47:08] [Server thread/INFO]: Target tick rate: 20,0 per second. Average time per tick: 11,2ms (Target: 50,0ms) [17:47:08] [Server thread/INFO]: Percentiles: P50: 10,7ms P95: 14,5ms P99: 31,1ms, sample: 100"
"with-umce","1","2026-09-27T15:47:08.9594285+00:00","646522184381b84f3179ea440c481a63331a8f518bdbf22902283a96953672c7","True","20","0","0","0","0","0","False","0","11,2","10,7","14,5","31,1","100","33,29178518542193","53,47139272200526","1544323072","[17:47:08] [Server thread/INFO]: The game is running normally [17:47:08] [Server thread/INFO]: Target tick rate: 20,0 per second. Average time per tick: 11,2ms (Target: 50,0ms) [17:47:08] [Server thread/INFO]: Percentiles: P50: 10,7ms P95: 14,5ms P99: 31,1ms, sample: 100"
"with-umce","1","2026-09-27T15:47:09.1002308+00:00","646522184381b84f3179ea440c481a63331a8f518bdbf22902283a96953672c7","True","20","0","0","0","0","0","False","0","11,2","10,7","14,5","31,1","100","44,605261279778475","53,47139272200526","1544323072","[17:47:09] [Server thread/INFO]: The game is running normally [17:47:09] [Server thread/INFO]: Target tick rate: 20,0 per second. Average time per tick: 11,2ms (Target: 50,0ms) [17:47:09] [Server thread/INFO]: Percentiles: P50: 10,7ms P95: 14,5ms P99: 31,1ms, sample: 100"
"with-umce","1","2026-09-27T15:47:09.2403767+00:00","646522184381b84f3179ea440c481a63331a8f518bdbf22902283a96953672c7","True","20","0","0","0","0","0","False","0","11,1","10,6","14,5","31,1","100","45,27787940146266","53,47139272200526","1544323072","[17:47:09] [Server thread/INFO]: The game is running normally [17:47:09] [Server thread/INFO]: Target tick rate: 20,0 per second. Average time per tick: 11,1ms (Target: 50,0ms) [17:47:09] [Server thread/INFO]: Percentiles: P50: 10,6ms P95: 14,5ms P99: 31,1ms, sample: 100"
"with-umce","1","2026-09-27T15:47:09.3783936+00:00","646522184381b84f3179ea440c481a63331a8f518bdbf22902283a96953672c7","True","20","0","0","0","0","0","False","0","11","10,6","14,4","31,1","100","62,67192161537529","53,47139272200526","1544323072","[17:47:09] [Server thread/INFO]: The game is running normally [17:47:09] [Server thread/INFO]: Target tick rate: 20,0 per second. Average time per tick: 11,0ms (Target: 50,0ms) [17:47:09] [Server thread/INFO]: Percentiles: P50: 10,6ms P95: 14,4ms P99: 31,1ms, sample: 100"
"with-umce","1","2026-09-27T15:47:09.5030693+00:00","646522184381b84f3179ea440c481a63331a8f518bdbf22902283a96953672c7","True","20","0","0","0","0","0","False","0","11,1","10,6","14,5","31,1","100","50,68555250901595","53,47139272200526","1544323072","[17:47:09] [Server thread/INFO]: The game is running normally [17:47:09] [Server thread/INFO]: Target tick rate: 20,0 per second. Average time per tick: 11,1ms (Target: 50,0ms) [17:47:09] [Server thread/INFO]: Percentiles: P50: 10,6ms P95: 14,5ms P99: 31,1ms, sample: 100"
"with-umce","1","2026-09-27T15:47:09.6263475+00:00","646522184381b84f3179ea440c481a63331a8f518bdbf22902283a96953672c7","True","20","0","0","0","0","0","False","0","11","10,6","14,5","31,1","100","49,62093574763666","53,47139272200526","1544323072","[17:47:09] [Server thread/INFO]: The game is running normally [17:47:09] [Server thread/INFO]: Target tick rate: 20,0 per second. Average time per tick: 11,0ms (Target: 50,0ms) [17:47:09] [Server thread/INFO]: Percentiles: P50: 10,6ms P95: 14,5ms P99: 31,1ms, sample: 100"
"with-umce","1","2026-09-27T15:47:09.7523345+00:00","646522184381b84f3179ea440c481a63331a8f518bdbf22902283a96953672c7","True","20","0","0","0","0","0","False","0","11","10,6","14,5","31,1","100","25,283335167217913","53,47139272200526","1544323072","[17:47:09] [Server thread/INFO]: The game is running normally [17:47:09] [Server thread/INFO]: Target tick rate: 20,0 per second. Average time per tick: 11,0ms (Target: 50,0ms) [17:47:09] [Server thread/INFO]: Percentiles: P50: 10,6ms P95: 14,5ms P99: 31,1ms, sample: 100"
"with-umce","1","2026-09-27T15:47:09.8758991+00:00","646522184381b84f3179ea440c481a63331a8f518bdbf22902283a96953672c7","True","20","0","0","0","0","0","False","0","10,9","10,6","14,5","31,1","100","49,759046791815315","53,47139272200526","1544323072","[17:47:09] [Server thread/INFO]: The game is running normally [17:47:09] [Server thread/INFO]: Target tick rate: 20,0 per second. Average time per tick: 10,9ms (Target: 50,0ms) [17:47:09] [Server thread/INFO]: Percentiles: P50: 10,6ms P95: 14,5ms P99: 31,1ms, sample: 100"
"with-umce","1","2026-09-27T15:47:10.0015360+00:00","646522184381b84f3179ea440c481a63331a8f518bdbf22902283a96953672c7","True","20","0","0","0","0","0","False","0","10,9","10,5","14,5","31,1","100","37,80598653260026","53,47139272200526","1544323072","[17:47:10] [Server thread/INFO]: The game is running normally [17:47:10] [Server thread/INFO]: Target tick rate: 20,0 per second. Average time per tick: 10,9ms (Target: 50,0ms) [17:47:10] [Server thread/INFO]: Percentiles: P50: 10,5ms P95: 14,5ms P99: 31,1ms, sample: 100"
"with-umce","1","2026-09-27T15:47:10.1255019+00:00","646522184381b84f3179ea440c481a63331a8f518bdbf22902283a96953672c7","True","20","0","0","0","0","0","False","0","10,8","10,5","14,5","31,1","100","63,090934932956046","53,47139272200526","1544323072","[17:47:10] [Server thread/INFO]: The game is running normally [17:47:10] [Server thread/INFO]: Target tick rate: 20,0 per second. Average time per tick: 10,8ms (Target: 50,0ms) [17:47:10] [Server thread/INFO]: Percentiles: P50: 10,5ms P95: 14,5ms P99: 31,1ms, sample: 100"
"with-umce","1","2026-09-27T15:47:10.2493268+00:00","646522184381b84f3179ea440c481a63331a8f518bdbf22902283a96953672c7","True","20","0","0","0","0","0","False","0","10,8","10,4","14,5","31,1","100","49,68006041095346","53,47139272200526","1544323072","[17:47:10] [Server thread/INFO]: The game is running normally [17:47:10] [Server thread/INFO]: Target tick rate: 20,0 per second. Average time per tick: 10,8ms (Target: 50,0ms) [17:47:10] [Server thread/INFO]: Percentiles: P50: 10,4ms P95: 14,5ms P99: 31,1ms, sample: 100"
"with-umce","1","2026-09-27T15:47:10.3751650+00:00","646522184381b84f3179ea440c481a63331a8f518bdbf22902283a96953672c7","True","20","0","0","0","0","0","False","0","10,9","10,5","14,5","31,1","100","63,45976549332099","53,47139272200526","1544323072","[17:47:10] [Server thread/INFO]: The game is running normally [17:47:10] [Server thread/INFO]: Target tick rate: 20,0 per second. Average time per tick: 10,9ms (Target: 50,0ms) [17:47:10] [Server thread/INFO]: Percentiles: P50: 10,5ms P95: 14,5ms P99: 31,1ms, sample: 100"
"with-umce","1","2026-09-27T15:47:10.4982486+00:00","646522184381b84f3179ea440c481a63331a8f518bdbf22902283a96953672c7","True","20","0","0","0","0","0","False","0","10,9","10,5","14,5","31,1","100","138,30304278764217","53,47139272200526","1544323072","[17:47:10] [Server thread/INFO]: The game is running normally [17:47:10] [Server thread/INFO]: Target tick rate: 20,0 per second. Average time per tick: 10,9ms (Target: 50,0ms) [17:47:10] [Server thread/INFO]: Percentiles: P50: 10,5ms P95: 14,5ms P99: 31,1ms, sample: 100"
"with-umce","1","2026-09-27T15:47:10.6225115+00:00","646522184381b84f3179ea440c481a63331a8f518bdbf22902283a96953672c7","True","20","0","0","0","0","0","False","0","10,9","10,5","14,5","31,1","100","87,86940297008624","53,47139272200526","1544323072","[17:47:10] [Server thread/INFO]: The game is running normally [17:47:10] [Server thread/INFO]: Target tick rate: 20,0 per second. Average time per tick: 10,9ms (Target: 50,0ms) [17:47:10] [Server thread/INFO]: Percentiles: P50: 10,5ms P95: 14,5ms P99: 31,1ms, sample: 100"
"with-umce","1","2026-09-27T15:47:10.7470313+00:00","646522184381b84f3179ea440c481a63331a8f518bdbf22902283a96953672c7","True","20","0","0","0","0","0","False","0","10,8","10,4","14,5","31,1","100","38,01123591861095","53,47139272200526","1544323072","[17:47:10] [Server thread/INFO]: The game is running normally [17:47:10] [Server thread/INFO]: Target tick rate: 20,0 per second. Average time per tick: 10,8ms (Target: 50,0ms) [17:47:10] [Server thread/INFO]: Percentiles: P50: 10,4ms P95: 14,5ms P99: 31,1ms, sample: 100"
"with-umce","1","2026-09-27T15:47:10.8703157+00:00","646522184381b84f3179ea440c481a63331a8f518bdbf22902283a96953672c7","True","20","0","0","0","0","0","False","0","10,8","10,4","14,5","31,1","100","73,36530365018797","53,47139272200526","1544323072","[17:47:10] [Server thread/INFO]: The game is running normally [17:47:10] [Server thread/INFO]: Target tick rate: 20,0 per second. Average time per tick: 10,8ms (Target: 50,0ms) [17:47:10] [Server thread/INFO]: Percentiles: P50: 10,4ms P95: 14,5ms P99: 31,1ms, sample: 100"
"with-umce","1","2026-09-27T15:47:10.9981017+00:00","646522184381b84f3179ea440c481a63331a8f518bdbf22902283a96953672c7","True","20","0","0","0","0","0","False","0","10,8","10,4","14,5","31,1","100","38,336126247917576","53,47139272200526","1544323072","[17:47:11] [Server thread/INFO]: The game is running normally [17:47:11] [Server thread/INFO]: Target tick rate: 20,0 per second. Average time per tick: 10,8ms (Target: 50,0ms) [17:47:11] [Server thread/INFO]: Percentiles: P50: 10,4ms P95: 14,5ms P99: 31,1ms, sample: 100"
"with-umce","1","2026-09-27T15:47:11.1203642+00:00","646522184381b84f3179ea440c481a63331a8f518bdbf22902283a96953672c7","True","20","0","0","0","0","0","False","0","10,8","10,5","14,5","31,1","100","74,04751204308737","53,47139272200526","1544323072","[17:47:11] [Server thread/INFO]: The game is running normally [17:47:11] [Server thread/INFO]: Target tick rate: 20,0 per second. Average time per tick: 10,8ms (Target: 50,0ms) [17:47:11] [Server thread/INFO]: Percentiles: P50: 10,5ms P95: 14,5ms P99: 31,1ms, sample: 100"
"with-umce","1","2026-09-27T15:47:11.2470124+00:00","646522184381b84f3179ea440c481a63331a8f518bdbf22902283a96953672c7","True","20","0","0","0","0","0","False","0","10,8","10,4","14,5","31,1","100","37,961859163324675","53,47139272200526","1544323072","[17:47:11] [Server thread/INFO]: The game is running normally [17:47:11] [Server thread/INFO]: Target tick rate: 20,0 per second. Average time per tick: 10,8ms (Target: 50,0ms) [17:47:11] [Server thread/INFO]: Percentiles: P50: 10,4ms P95: 14,5ms P99: 31,1ms, sample: 100"
"with-umce","1","2026-09-27T15:47:11.3704833+00:00","646522184381b84f3179ea440c481a63331a8f518bdbf22902283a96953672c7","True","20","0","0","0","0","0","False","0","10,8","10,4","14,5","31,1","100","50,46031921601618","53,47139272200526","1544323072","[17:47:11] [Server thread/INFO]: The game is running normally [17:47:11] [Server thread/INFO]: Target tick rate: 20,0 per second. Average time per tick: 10,8ms (Target: 50,0ms) [17:47:11] [Server thread/INFO]: Percentiles: P50: 10,4ms P95: 14,5ms P99: 31,1ms, sample: 100"
"with-umce","1","2026-09-27T15:47:11.4943102+00:00","646522184381b84f3179ea440c481a63331a8f518bdbf22902283a96953672c7","True","20","0","0","0","0","0","False","0","10,8","10,3","14,5","31,1","100","62,50295013924657","53,47139272200526","1544323072","[17:47:11] [Server thread/INFO]: The game is running normally [17:47:11] [Server thread/INFO]: Target tick rate: 20,0 per second. Average time per tick: 10,8ms (Target: 50,0ms) [17:47:11] [Server thread/INFO]: Percentiles: P50: 10,3ms P95: 14,5ms P99: 31,1ms, sample: 100"
"with-umce","1","2026-09-27T15:47:11.6193773+00:00","646522184381b84f3179ea440c481a63331a8f518bdbf22902283a96953672c7","True","20","0","0","0","0","0","False","0","10,7","10,2","14,5","31,1","100","113,90181238538946","53,47139272200526","1544323072","[17:47:11] [Server thread/INFO]: The game is running normally [17:47:11] [Server thread/INFO]: Target tick rate: 20,0 per second. Average time per tick: 10,7ms (Target: 50,0ms) [17:47:11] [Server thread/INFO]: Percentiles: P50: 10,2ms P95: 14,5ms P99: 31,1ms, sample: 100"
"with-umce","1","2026-09-27T15:47:11.7427651+00:00","646522184381b84f3179ea440c481a63331a8f518bdbf22902283a96953672c7","True","20","0","0","0","0","0","False","0","10,7","10,3","14,4","31,1","100","25,163765787746655","53,47139272200526","1544323072","[17:47:11] [Server thread/INFO]: The game is running normally [17:47:11] [Server thread/INFO]: Target tick rate: 20,0 per second. Average time per tick: 10,7ms (Target: 50,0ms) [17:47:11] [Server thread/INFO]: Percentiles: P50: 10,3ms P95: 14,4ms P99: 31,1ms, sample: 100"
"with-umce","1","2026-09-27T15:47:11.8669533+00:00","646522184381b84f3179ea440c481a63331a8f518bdbf22902283a96953672c7","True","20","0","0","0","0","0","False","0","10,7","10,4","14,4","31,1","100","56,37598906035208","53,47139272200526","1544323072","[17:47:11] [Server thread/INFO]: The game is running normally [17:47:11] [Server thread/INFO]: Target tick rate: 20,0 per second. Average time per tick: 10,7ms (Target: 50,0ms) [17:47:11] [Server thread/INFO]: Percentiles: P50: 10,4ms P95: 14,4ms P99: 31,1ms, sample: 100"
"with-umce","1","2026-09-27T15:47:12.0055451+00:00","646522184381b84f3179ea440c481a63331a8f518bdbf22902283a96953672c7","True","20","0","0","0","0","0","False","0","10,7","10,4","14,4","31,1","100","135,8654838826976","53,47139272200526","1544323072","[17:47:12] [Server thread/INFO]: The game is running normally [17:47:12] [Server thread/INFO]: Target tick rate: 20,0 per second. Average time per tick: 10,7ms (Target: 50,0ms) [17:47:12] [Server thread/INFO]: Percentiles: P50: 10,4ms P95: 14,4ms P99: 31,1ms, sample: 100"
"with-umce","1","2026-09-27T15:47:12.1320450+00:00","646522184381b84f3179ea440c481a63331a8f518bdbf22902283a96953672c7","True","20","0","0","0","0","0","False","0","10,7","10,5","14,4","31,1","100","61,864625549753804","53,47139272200526","1544323072","[17:47:12] [Server thread/INFO]: The game is running normally [17:47:12] [Server thread/INFO]: Target tick rate: 20,0 per second. Average time per tick: 10,7ms (Target: 50,0ms) [17:47:12] [Server thread/INFO]: Percentiles: P50: 10,5ms P95: 14,4ms P99: 31,1ms, sample: 100"
"with-umce","1","2026-09-27T15:47:12.2583660+00:00","646522184381b84f3179ea440c481a63331a8f518bdbf22902283a96953672c7","True","20","0","0","0","0","0","False","0","10,7","10,5","14,4","31,1","100","12,63161128429331","53,47139272200526","1544323072","[17:47:12] [Server thread/INFO]: The game is running normally [17:47:12] [Server thread/INFO]: Target tick rate: 20,0 per second. Average time per tick: 10,7ms (Target: 50,0ms) [17:47:12] [Server thread/INFO]: Percentiles: P50: 10,5ms P95: 14,4ms P99: 31,1ms, sample: 100"
"with-umce","1","2026-09-27T15:47:12.3820402+00:00","646522184381b84f3179ea440c481a63331a8f518bdbf22902283a96953672c7","True","20","0","0","0","0","0","False","0","10,6","10,3","14,4","31,1","100","49,88088444793832","53,47139272200526","1544323072","[17:47:12] [Server thread/INFO]: The game is running normally [17:47:12] [Server thread/INFO]: Target tick rate: 20,0 per second. Average time per tick: 10,6ms (Target: 50,0ms) [17:47:12] [Server thread/INFO]: Percentiles: P50: 10,3ms P95: 14,4ms P99: 31,1ms, sample: 100"
"with-umce","1","2026-09-27T15:47:12.5073382+00:00","646522184381b84f3179ea440c481a63331a8f518bdbf22902283a96953672c7","True","20","0","0","0","0","0","False","0","10,7","10,4","14,4","31,1","100","0","53,47139272200526","1544323072","[17:47:12] [Server thread/INFO]: The game is running normally [17:47:12] [Server thread/INFO]: Target tick rate: 20,0 per second. Average time per tick: 10,7ms (Target: 50,0ms) [17:47:12] [Server thread/INFO]: Percentiles: P50: 10,4ms P95: 14,4ms P99: 31,1ms, sample: 100"
"with-umce","1","2026-09-27T15:47:12.6467897+00:00","646522184381b84f3179ea440c481a63331a8f518bdbf22902283a96953672c7","True","20","0","0","0","0","0","False","0","10,6","10,2","14,4","31,1","100","33,65778843019357","53,47139272200526","1544323072","[17:47:12] [Server thread/INFO]: The game is running normally [17:47:12] [Server thread/INFO]: Target tick rate: 20,0 per second. Average time per tick: 10,6ms (Target: 50,0ms) [17:47:12] [Server thread/INFO]: Percentiles: P50: 10,2ms P95: 14,4ms P99: 31,1ms, sample: 100"
"with-umce","1","2026-09-27T15:47:12.7860964+00:00","646522184381b84f3179ea440c481a63331a8f518bdbf22902283a96953672c7","True","20","0","0","0","0","0","False","0","10,5","10,1","14,4","31,1","100","0","53,47139272200526","1544323072","[17:47:12] [Server thread/INFO]: The game is running normally [17:47:12] [Server thread/INFO]: Target tick rate: 20,0 per second. Average time per tick: 10,5ms (Target: 50,0ms) [17:47:12] [Server thread/INFO]: Percentiles: P50: 10,1ms P95: 14,4ms P99: 31,1ms, sample: 100"
"with-umce","1","2026-09-27T15:47:12.9099555+00:00","646522184381b84f3179ea440c481a63331a8f518bdbf22902283a96953672c7","True","20","0","0","0","0","0","False","0","10,4","9,6","14,4","31,1","100","50,39343159918113","53,47139272200526","1544323072","[17:47:12] [Server thread/INFO]: The game is running normally [17:47:12] [Server thread/INFO]: Target tick rate: 20,0 per second. Average time per tick: 10,4ms (Target: 50,0ms) [17:47:12] [Server thread/INFO]: Percentiles: P50: 9,6ms P95: 14,4ms P99: 31,1ms, sample: 100"
"with-umce","1","2026-09-27T15:47:13.0339976+00:00","646522184381b84f3179ea440c481a63331a8f518bdbf22902283a96953672c7","True","20","0","0","0","0","0","False","0","10,3","9,6","14,2","31,1","100","37,047252931376235","53,47139272200526","1544323072","[17:47:13] [Server thread/INFO]: The game is running normally [17:47:13] [Server thread/INFO]: Target tick rate: 20,0 per second. Average time per tick: 10,3ms (Target: 50,0ms) [17:47:13] [Server thread/INFO]: Percentiles: P50: 9,6ms P95: 14,2ms P99: 31,1ms, sample: 100"
"with-umce","1","2026-09-27T15:47:13.1604997+00:00","646522184381b84f3179ea440c481a63331a8f518bdbf22902283a96953672c7","True","20","0","0","0","0","0","False","0","10,3","9,5","14,2","31,1","100","0","53,47139272200526","1544323072","[17:47:13] [Server thread/INFO]: The game is running normally [17:47:13] [Server thread/INFO]: Target tick rate: 20,0 per second. Average time per tick: 10,3ms (Target: 50,0ms) [17:47:13] [Server thread/INFO]: Percentiles: P50: 9,5ms P95: 14,2ms P99: 31,1ms, sample: 100"
"with-umce","1","2026-09-27T15:47:13.2857487+00:00","646522184381b84f3179ea440c481a63331a8f518bdbf22902283a96953672c7","True","20","0","0","0","0","0","False","0","10,3","9,5","14,2","31,1","100","0","53,47139272200526","1544323072","[17:47:13] [Server thread/INFO]: The game is running normally [17:47:13] [Server thread/INFO]: Target tick rate: 20,0 per second. Average time per tick: 10,3ms (Target: 50,0ms) [17:47:13] [Server thread/INFO]: Percentiles: P50: 9,5ms P95: 14,2ms P99: 31,1ms, sample: 100"
"with-umce","1","2026-09-27T15:47:13.4095592+00:00","646522184381b84f3179ea440c481a63331a8f518bdbf22902283a96953672c7","True","20","0","0","0","0","0","False","0","10,3","9,5","14,2","31,1","100","25,490124106316248","53,47139272200526","1544323072","[17:47:13] [Server thread/INFO]: The game is running normally [17:47:13] [Server thread/INFO]: Target tick rate: 20,0 per second. Average time per tick: 10,3ms (Target: 50,0ms) [17:47:13] [Server thread/INFO]: Percentiles: P50: 9,5ms P95: 14,2ms P99: 31,1ms, sample: 100"
"with-umce","1","2026-09-27T15:47:13.5321696+00:00","646522184381b84f3179ea440c481a63331a8f518bdbf22902283a96953672c7","True","20","0","0","0","0","0","False","0","10","9,4","14,1","16,2","100","51,01499432713263","53,47139272200526","1544323072","[17:47:13] [Server thread/INFO]: The game is running normally [17:47:13] [Server thread/INFO]: Target tick rate: 20,0 per second. Average time per tick: 10,0ms (Target: 50,0ms) [17:47:13] [Server thread/INFO]: Percentiles: P50: 9,4ms P95: 14,1ms P99: 16,2ms, sample: 100"
"with-umce","1","2026-09-27T15:47:13.6546599+00:00","646522184381b84f3179ea440c481a63331a8f518bdbf22902283a96953672c7","True","20","0","0","0","0","0","False","0","9,9","9,4","13,7","14,7","100","87,62941111433365","53,47139272200526","1544323072","[17:47:13] [Server thread/INFO]: The game is running normally [17:47:13] [Server thread/INFO]: Target tick rate: 20,0 per second. Average time per tick: 9,9ms (Target: 50,0ms) [17:47:13] [Server thread/INFO]: Percentiles: P50: 9,4ms P95: 13,7ms P99: 14,7ms, sample: 100"
"with-umce","1","2026-09-27T15:47:13.7794895+00:00","646522184381b84f3179ea440c481a63331a8f518bdbf22902283a96953672c7","True","20","0","0","0","0","0","False","0","9,9","9,3","13,7","14,7","100","62,63017054646377","53,47139272200526","1544323072","[17:47:13] [Server thread/INFO]: The game is running normally [17:47:13] [Server thread/INFO]: Target tick rate: 20,0 per second. Average time per tick: 9,9ms (Target: 50,0ms) [17:47:13] [Server thread/INFO]: Percentiles: P50: 9,3ms P95: 13,7ms P99: 14,7ms, sample: 100"
"with-umce","1","2026-09-27T15:47:13.9042131+00:00","646522184381b84f3179ea440c481a63331a8f518bdbf22902283a96953672c7","True","20","0","0","0","0","0","False","0","9,8","9,3","13,7","14,7","100","25,105281508534187","53,47139272200526","1544323072","[17:47:13] [Server thread/INFO]: The game is running normally [17:47:13] [Server thread/INFO]: Target tick rate: 20,0 per second. Average time per tick: 9,8ms (Target: 50,0ms) [17:47:13] [Server thread/INFO]: Percentiles: P50: 9,3ms P95: 13,7ms P99: 14,7ms, sample: 100"
"with-umce","1","2026-09-27T15:47:14.0287437+00:00","646522184381b84f3179ea440c481a63331a8f518bdbf22902283a96953672c7","True","20","0","0","0","0","0","False","0","9,8","9,3","13,7","14,7","100","63,62198645554076","53,47139272200526","1544323072","[17:47:14] [Server thread/INFO]: The game is running normally [17:47:14] [Server thread/INFO]: Target tick rate: 20,0 per second. Average time per tick: 9,8ms (Target: 50,0ms) [17:47:14] [Server thread/INFO]: Percentiles: P50: 9,3ms P95: 13,7ms P99: 14,7ms, sample: 100"
"with-umce","1","2026-09-27T15:47:14.1515107+00:00","646522184381b84f3179ea440c481a63331a8f518bdbf22902283a96953672c7","True","20","0","0","0","0","0","False","0","9,8","9,2","13,7","14,7","100","112,52592597334426","53,47139272200526","1544323072","[17:47:14] [Server thread/INFO]: The game is running normally [17:47:14] [Server thread/INFO]: Target tick rate: 20,0 per second. Average time per tick: 9,8ms (Target: 50,0ms) [17:47:14] [Server thread/INFO]: Percentiles: P50: 9,2ms P95: 13,7ms P99: 14,7ms, sample: 100"
"with-umce","1","2026-09-27T15:47:14.2764669+00:00","646522184381b84f3179ea440c481a63331a8f518bdbf22902283a96953672c7","True","20","0","0","0","0","0","False","0","9,8","9,2","13,7","14,7","100","87,62618170165038","53,47139272200526","1544323072","[17:47:14] [Server thread/INFO]: The game is running normally [17:47:14] [Server thread/INFO]: Target tick rate: 20,0 per second. Average time per tick: 9,8ms (Target: 50,0ms) [17:47:14] [Server thread/INFO]: Percentiles: P50: 9,2ms P95: 13,7ms P99: 14,7ms, sample: 100"
"with-umce","1","2026-09-27T15:47:14.4013557+00:00","646522184381b84f3179ea440c481a63331a8f518bdbf22902283a96953672c7","True","20","0","0","0","0","0","False","0","9,8","9,2","13,7","14,7","100","75,21439110039256","53,47139272200526","1544323072","[17:47:14] [Server thread/INFO]: The game is running normally [17:47:14] [Server thread/INFO]: Target tick rate: 20,0 per second. Average time per tick: 9,8ms (Target: 50,0ms) [17:47:14] [Server thread/INFO]: Percentiles: P50: 9,2ms P95: 13,7ms P99: 14,7ms, sample: 100"
"with-umce","1","2026-09-27T15:47:14.5259601+00:00","646522184381b84f3179ea440c481a63331a8f518bdbf22902283a96953672c7","True","20","0","0","0","0","0","False","0","9,7","9,2","13,7","14,2","100","50,809868658521914","53,47139272200526","1544323072","[17:47:14] [Server thread/INFO]: The game is running normally [17:47:14] [Server thread/INFO]: Target tick rate: 20,0 per second. Average time per tick: 9,7ms (Target: 50,0ms) [17:47:14] [Server thread/INFO]: Percentiles: P50: 9,2ms P95: 13,7ms P99: 14,2ms, sample: 100"
"with-umce","1","2026-09-27T15:47:14.6489575+00:00","646522184381b84f3179ea440c481a63331a8f518bdbf22902283a96953672c7","True","20","0","0","0","0","0","False","0","9,7","9,2","13,7","14,2","100","37,56771204418845","53,47139272200526","1544323072","[17:47:14] [Server thread/INFO]: The game is running normally [17:47:14] [Server thread/INFO]: Target tick rate: 20,0 per second. Average time per tick: 9,7ms (Target: 50,0ms) [17:47:14] [Server thread/INFO]: Percentiles: P50: 9,2ms P95: 13,7ms P99: 14,2ms, sample: 100"
"with-umce","1","2026-09-27T15:47:14.7737086+00:00","646522184381b84f3179ea440c481a63331a8f518bdbf22902283a96953672c7","True","20","0","0","0","0","0","False","0","9,8","9,2","13,7","14,2","100","22,608230119226764","53,47139272200526","1544323072","[17:47:14] [Server thread/INFO]: The game is running normally [17:47:14] [Server thread/INFO]: Target tick rate: 20,0 per second. Average time per tick: 9,8ms (Target: 50,0ms) [17:47:14] [Server thread/INFO]: Percentiles: P50: 9,2ms P95: 13,7ms P99: 14,2ms, sample: 100"
"with-umce","1","2026-09-27T15:47:14.9119560+00:00","646522184381b84f3179ea440c481a63331a8f518bdbf22902283a96953672c7","True","20","0","0","0","0","0","False","0","9,7","9,2","13,7","14,2","100","0","53,47139272200526","1544323072","[17:47:14] [Server thread/INFO]: The game is running normally [17:47:14] [Server thread/INFO]: Target tick rate: 20,0 per second. Average time per tick: 9,7ms (Target: 50,0ms) [17:47:14] [Server thread/INFO]: Percentiles: P50: 9,2ms P95: 13,7ms P99: 14,2ms, sample: 100"
"with-umce","1","2026-09-27T15:47:15.0368811+00:00","646522184381b84f3179ea440c481a63331a8f518bdbf22902283a96953672c7","True","20","0","0","0","0","0","False","0","9,7","9,2","13,7","14,2","100","11,092960070313392","53,47139272200526","1544323072","[17:47:15] [Server thread/INFO]: The game is running normally [17:47:15] [Server thread/INFO]: Target tick rate: 20,0 per second. Average time per tick: 9,7ms (Target: 50,0ms) [17:47:15] [Server thread/INFO]: Percentiles: P50: 9,2ms P95: 13,7ms P99: 14,2ms, sample: 100"
"with-umce","1","2026-09-27T15:47:15.1777162+00:00","646522184381b84f3179ea440c481a63331a8f518bdbf22902283a96953672c7","True","20","0","0","0","0","0","False","0","9,8","9,2","13,7","14,2","100","90,9637353057182","53,47139272200526","1544323072","[17:47:15] [Server thread/INFO]: The game is running normally [17:47:15] [Server thread/INFO]: Target tick rate: 20,0 per second. Average time per tick: 9,8ms (Target: 50,0ms) [17:47:15] [Server thread/INFO]: Percentiles: P50: 9,2ms P95: 13,7ms P99: 14,2ms, sample: 100"
"with-umce","1","2026-09-27T15:47:15.3151146+00:00","646522184381b84f3179ea440c481a63331a8f518bdbf22902283a96953672c7","True","20","0","0","0","0","0","False","0","9,8","9,2","13,7","14,2","100","25,477758935559613","53,47139272200526","1544323072","[17:47:15] [Server thread/INFO]: The game is running normally [17:47:15] [Server thread/INFO]: Target tick rate: 20,0 per second. Average time per tick: 9,8ms (Target: 50,0ms) [17:47:15] [Server thread/INFO]: Percentiles: P50: 9,2ms P95: 13,7ms P99: 14,2ms, sample: 100"
"with-umce","1","2026-09-27T15:47:15.4378008+00:00","646522184381b84f3179ea440c481a63331a8f518bdbf22902283a96953672c7","True","20","0","0","0","0","0","False","0","9,7","9,2","13,3","14,2","100","50,162083724931996","53,47139272200526","1544323072","[17:47:15] [Server thread/INFO]: The game is running normally [17:47:15] [Server thread/INFO]: Target tick rate: 20,0 per second. Average time per tick: 9,7ms (Target: 50,0ms) [17:47:15] [Server thread/INFO]: Percentiles: P50: 9,2ms P95: 13,3ms P99: 14,2ms, sample: 100"
"with-umce","1","2026-09-27T15:47:15.5623780+00:00","646522184381b84f3179ea440c481a63331a8f518bdbf22902283a96953672c7","True","20","0","0","0","0","0","False","0","9,6","9,2","13,3","14,2","100","74,7481287055139","53,47139272200526","1544323072","[17:47:15] [Server thread/INFO]: The game is running normally [17:47:15] [Server thread/INFO]: Target tick rate: 20,0 per second. Average time per tick: 9,6ms (Target: 50,0ms) [17:47:15] [Server thread/INFO]: Percentiles: P50: 9,2ms P95: 13,3ms P99: 14,2ms, sample: 100"
"with-umce","1","2026-09-27T15:47:15.6877868+00:00","646522184381b84f3179ea440c481a63331a8f518bdbf22902283a96953672c7","True","20","0","0","0","0","0","False","0","9,6","9,2","13,3","14,2","100","112,88507356293789","53,47139272200526","1544323072","[17:47:15] [Server thread/INFO]: The game is running normally [17:47:15] [Server thread/INFO]: Target tick rate: 20,0 per second. Average time per tick: 9,6ms (Target: 50,0ms) [17:47:15] [Server thread/INFO]: Percentiles: P50: 9,2ms P95: 13,3ms P99: 14,2ms, sample: 100"
"with-umce","1","2026-09-27T15:47:15.8123939+00:00","646522184381b84f3179ea440c481a63331a8f518bdbf22902283a96953672c7","True","20","0","0","0","0","0","False","0","9,7","9,2","13,3","14,2","100","101,70721665589926","53,47139272200526","1544323072","[17:47:15] [Server thread/INFO]: The game is running normally [17:47:15] [Server thread/INFO]: Target tick rate: 20,0 per second. Average time per tick: 9,7ms (Target: 50,0ms) [17:47:15] [Server thread/INFO]: Percentiles: P50: 9,2ms P95: 13,3ms P99: 14,2ms, sample: 100"
"with-umce","1","2026-09-27T15:47:15.9352860+00:00","646522184381b84f3179ea440c481a63331a8f518bdbf22902283a96953672c7","True","20","0","0","0","0","0","False","0","9,6","9,2","13,3","14,2","100","62,73014435360451","53,47139272200526","1544323072","[17:47:15] [Server thread/INFO]: The game is running normally [17:47:15] [Server thread/INFO]: Target tick rate: 20,0 per second. Average time per tick: 9,6ms (Target: 50,0ms) [17:47:15] [Server thread/INFO]: Percentiles: P50: 9,2ms P95: 13,3ms P99: 14,2ms, sample: 100"
"with-umce","1","2026-09-27T15:47:16.0598120+00:00","646522184381b84f3179ea440c481a63331a8f518bdbf22902283a96953672c7","True","20","0","0","0","0","0","False","0","9,6","9,2","13,3","14,2","100","61,916057280575444","53,47139272200526","1544323072","[17:47:16] [Server thread/INFO]: The game is running normally [17:47:16] [Server thread/INFO]: Target tick rate: 20,0 per second. Average time per tick: 9,6ms (Target: 50,0ms) [17:47:16] [Server thread/INFO]: Percentiles: P50: 9,2ms P95: 13,3ms P99: 14,2ms, sample: 100"
"with-umce","1","2026-09-27T15:47:16.1860352+00:00","646522184381b84f3179ea440c481a63331a8f518bdbf22902283a96953672c7","True","20","0","0","0","0","0","False","0","9,5","9,1","12,8","14,2","100","37,7834666804232","53,47139272200526","1544323072","[17:47:16] [Server thread/INFO]: The game is running normally [17:47:16] [Server thread/INFO]: Target tick rate: 20,0 per second. Average time per tick: 9,5ms (Target: 50,0ms) [17:47:16] [Server thread/INFO]: Percentiles: P50: 9,1ms P95: 12,8ms P99: 14,2ms, sample: 100"
"with-umce","1","2026-09-27T15:47:16.3100654+00:00","646522184381b84f3179ea440c481a63331a8f518bdbf22902283a96953672c7","True","20","0","0","0","0","0","False","0","9,5","9,2","12,8","14,2","100","51,05754471211306","53,47139272200526","1544323072","[17:47:16] [Server thread/INFO]: The game is running normally [17:47:16] [Server thread/INFO]: Target tick rate: 20,0 per second. Average time per tick: 9,5ms (Target: 50,0ms) [17:47:16] [Server thread/INFO]: Percentiles: P50: 9,2ms P95: 12,8ms P99: 14,2ms, sample: 100"
"with-umce","1","2026-09-27T15:47:16.4324548+00:00","646522184381b84f3179ea440c481a63331a8f518bdbf22902283a96953672c7","True","20","0","0","0","0","0","False","0","9,5","9,2","12,8","14,2","100","50,20398884748511","53,47139272200526","1544323072","[17:47:16] [Server thread/INFO]: The game is running normally [17:47:16] [Server thread/INFO]: Target tick rate: 20,0 per second. Average time per tick: 9,5ms (Target: 50,0ms) [17:47:16] [Server thread/INFO]: Percentiles: P50: 9,2ms P95: 12,8ms P99: 14,2ms, sample: 100"
"with-umce","1","2026-09-27T15:47:16.5569501+00:00","646522184381b84f3179ea440c481a63331a8f518bdbf22902283a96953672c7","True","20","0","0","0","0","0","False","0","9,5","9,2","12,8","14,2","100","75,44124072877445","53,47139272200526","1544323072","[17:47:16] [Server thread/INFO]: The game is running normally [17:47:16] [Server thread/INFO]: Target tick rate: 20,0 per second. Average time per tick: 9,5ms (Target: 50,0ms) [17:47:16] [Server thread/INFO]: Percentiles: P50: 9,2ms P95: 12,8ms P99: 14,2ms, sample: 100"
"with-umce","1","2026-09-27T15:47:16.6812447+00:00","646522184381b84f3179ea440c481a63331a8f518bdbf22902283a96953672c7","True","20","0","0","0","0","0","False","0","9,4","9,1","12,4","14,2","100","36,63279907407914","53,47139272200526","1544323072","[17:47:16] [Server thread/INFO]: The game is running normally [17:47:16] [Server thread/INFO]: Target tick rate: 20,0 per second. Average time per tick: 9,4ms (Target: 50,0ms) [17:47:16] [Server thread/INFO]: Percentiles: P50: 9,1ms P95: 12,4ms P99: 14,2ms, sample: 100"
"with-umce","1","2026-09-27T15:47:16.8091755+00:00","646522184381b84f3179ea440c481a63331a8f518bdbf22902283a96953672c7","True","20","0","0","0","0","0","False","0","9,4","9,1","11,8","14,2","100","51,13674948638249","53,47139272200526","1544323072","[17:47:16] [Server thread/INFO]: The game is running normally [17:47:16] [Server thread/INFO]: Target tick rate: 20,0 per second. Average time per tick: 9,4ms (Target: 50,0ms) [17:47:16] [Server thread/INFO]: Percentiles: P50: 9,1ms P95: 11,8ms P99: 14,2ms, sample: 100"
"with-umce","1","2026-09-27T15:47:16.9314160+00:00","646522184381b84f3179ea440c481a63331a8f518bdbf22902283a96953672c7","True","20","0","0","0","0","0","False","0","9,3","9","11,7","14,2","100","36,95935850380632","53,47139272200526","1544323072","[17:47:16] [Server thread/INFO]: The game is running normally [17:47:16] [Server thread/INFO]: Target tick rate: 20,0 per second. Average time per tick: 9,3ms (Target: 50,0ms) [17:47:16] [Server thread/INFO]: Percentiles: P50: 9,0ms P95: 11,7ms P99: 14,2ms, sample: 100"
"with-umce","1","2026-09-27T15:47:17.0582447+00:00","646522184381b84f3179ea440c481a63331a8f518bdbf22902283a96953672c7","True","20","0","0","0","0","0","False","0","9,3","9","11,7","14,2","100","63,04185737248801","53,47139272200526","1544323072","[17:47:17] [Server thread/INFO]: The game is running normally [17:47:17] [Server thread/INFO]: Target tick rate: 20,0 per second. Average time per tick: 9,3ms (Target: 50,0ms) [17:47:17] [Server thread/INFO]: Percentiles: P50: 9,0ms P95: 11,7ms P99: 14,2ms, sample: 100"
"with-umce","1","2026-09-27T15:47:17.1821548+00:00","646522184381b84f3179ea440c481a63331a8f518bdbf22902283a96953672c7","True","20","0","0","0","0","0","False","0","9,2","9","11,6","14,1","100","37,16168006469105","53,47139272200526","1544323072","[17:47:17] [Server thread/INFO]: The game is running normally [17:47:17] [Server thread/INFO]: Target tick rate: 20,0 per second. Average time per tick: 9,2ms (Target: 50,0ms) [17:47:17] [Server thread/INFO]: Percentiles: P50: 9,0ms P95: 11,6ms P99: 14,1ms, sample: 100"
"with-umce","1","2026-09-27T15:47:17.3082962+00:00","646522184381b84f3179ea440c481a63331a8f518bdbf22902283a96953672c7","True","20","0","0","0","0","0","False","0","9,2","9","11,7","14,1","100","49,95028947191755","53,47139272200526","1544323072","[17:47:17] [Server thread/INFO]: The game is running normally [17:47:17] [Server thread/INFO]: Target tick rate: 20,0 per second. Average time per tick: 9,2ms (Target: 50,0ms) [17:47:17] [Server thread/INFO]: Percentiles: P50: 9,0ms P95: 11,7ms P99: 14,1ms, sample: 100"
"with-umce","1","2026-09-27T15:47:17.4334335+00:00","646522184381b84f3179ea440c481a63331a8f518bdbf22902283a96953672c7","True","20","0","0","0","0","0","False","0","9,2","9","11,7","14,1","100","50,7789903349301","53,47139272200526","1544323072","[17:47:17] [Server thread/INFO]: The game is running normally [17:47:17] [Server thread/INFO]: Target tick rate: 20,0 per second. Average time per tick: 9,2ms (Target: 50,0ms) [17:47:17] [Server thread/INFO]: Percentiles: P50: 9,0ms P95: 11,7ms P99: 14,1ms, sample: 100"
"with-umce","1","2026-09-27T15:47:17.5565189+00:00","646522184381b84f3179ea440c481a63331a8f518bdbf22902283a96953672c7","True","20","0","0","0","0","0","False","0","9,2","9,1","11,6","13,3","100","88,03660068851664","53,47139272200526","1544323072","[17:47:17] [Server thread/INFO]: The game is running normally [17:47:17] [Server thread/INFO]: Target tick rate: 20,0 per second. Average time per tick: 9,2ms (Target: 50,0ms) [17:47:17] [Server thread/INFO]: Percentiles: P50: 9,1ms P95: 11,6ms P99: 13,3ms, sample: 100"
"with-umce","1","2026-09-27T15:47:17.6807388+00:00","646522184381b84f3179ea440c481a63331a8f518bdbf22902283a96953672c7","True","20","0","0","0","0","0","False","0","9,2","9,1","11,6","13,3","100","25,55743840043967","53,47139272200526","1544323072","[17:47:17] [Server thread/INFO]: The game is running normally [17:47:17] [Server thread/INFO]: Target tick rate: 20,0 per second. Average time per tick: 9,2ms (Target: 50,0ms) [17:47:17] [Server thread/INFO]: Percentiles: P50: 9,1ms P95: 11,6ms P99: 13,3ms, sample: 100"
"with-umce","1","2026-09-27T15:47:17.8030180+00:00","646522184381b84f3179ea440c481a63331a8f518bdbf22902283a96953672c7","True","20","0","0","0","0","0","False","0","9,2","9,1","11,6","13,3","100","0","53,47139272200526","1544323072","[17:47:17] [Server thread/INFO]: The game is running normally [17:47:17] [Server thread/INFO]: Target tick rate: 20,0 per second. Average time per tick: 9,2ms (Target: 50,0ms) [17:47:17] [Server thread/INFO]: Percentiles: P50: 9,1ms P95: 11,6ms P99: 13,3ms, sample: 100"
"with-umce","1","2026-09-27T15:47:17.9416096+00:00","646522184381b84f3179ea440c481a63331a8f518bdbf22902283a96953672c7","True","20","0","0","0","0","0","False","0","9,3","9,2","11,6","13,3","100","0","53,47139272200526","1544323072","[17:47:17] [Server thread/INFO]: The game is running normally [17:47:17] [Server thread/INFO]: Target tick rate: 20,0 per second. Average time per tick: 9,3ms (Target: 50,0ms) [17:47:17] [Server thread/INFO]: Percentiles: P50: 9,2ms P95: 11,6ms P99: 13,3ms, sample: 100"
"with-umce","1","2026-09-27T15:47:18.0656865+00:00","646522184381b84f3179ea440c481a63331a8f518bdbf22902283a96953672c7","True","20","0","0","0","0","0","False","0","9,2","9,1","11,6","13,3","100","50,61732894379857","53,47139272200526","1544323072","[17:47:18] [Server thread/INFO]: The game is running normally [17:47:18] [Server thread/INFO]: Target tick rate: 20,0 per second. Average time per tick: 9,2ms (Target: 50,0ms) [17:47:18] [Server thread/INFO]: Percentiles: P50: 9,1ms P95: 11,6ms P99: 13,3ms, sample: 100"
"with-umce","1","2026-09-27T15:47:18.1891394+00:00","646522184381b84f3179ea440c481a63331a8f518bdbf22902283a96953672c7","True","20","0","0","0","0","0","False","0","9,3","9,1","11,6","13,8","100","137,4694267994798","53,47139272200526","1544323072","[17:47:18] [Server thread/INFO]: The game is running normally [17:47:18] [Server thread/INFO]: Target tick rate: 20,0 per second. Average time per tick: 9,3ms (Target: 50,0ms) [17:47:18] [Server thread/INFO]: Percentiles: P50: 9,1ms P95: 11,6ms P99: 13,8ms, sample: 100"
"with-umce","1","2026-09-27T15:47:18.3141917+00:00","646522184381b84f3179ea440c481a63331a8f518bdbf22902283a96953672c7","True","20","0","0","0","0","0","False","0","9,3","9,1","11,6","13,8","100","12,324528295933812","53,47139272200526","1544323072","[17:47:18] [Server thread/INFO]: The game is running normally [17:47:18] [Server thread/INFO]: Target tick rate: 20,0 per second. Average time per tick: 9,3ms (Target: 50,0ms) [17:47:18] [Server thread/INFO]: Percentiles: P50: 9,1ms P95: 11,6ms P99: 13,8ms, sample: 100"
"with-umce","1","2026-09-27T15:47:18.4409747+00:00","646522184381b84f3179ea440c481a63331a8f518bdbf22902283a96953672c7","True","20","0","0","0","0","0","False","0","9,2","9,1","11,6","13,8","100","0","53,47139272200526","1544323072","[17:47:18] [Server thread/INFO]: The game is running normally [17:47:18] [Server thread/INFO]: Target tick rate: 20,0 per second. Average time per tick: 9,2ms (Target: 50,0ms) [17:47:18] [Server thread/INFO]: Percentiles: P50: 9,1ms P95: 11,6ms P99: 13,8ms, sample: 100"
"with-umce","1","2026-09-27T15:47:18.5640941+00:00","646522184381b84f3179ea440c481a63331a8f518bdbf22902283a96953672c7","True","20","0","0","0","0","0","False","0","9,2","9,1","11,6","13,8","100","24,722318913958418","53,47139272200526","1544323072","[17:47:18] [Server thread/INFO]: The game is running normally [17:47:18] [Server thread/INFO]: Target tick rate: 20,0 per second. Average time per tick: 9,2ms (Target: 50,0ms) [17:47:18] [Server thread/INFO]: Percentiles: P50: 9,1ms P95: 11,6ms P99: 13,8ms, sample: 100"
"with-umce","1","2026-09-27T15:47:18.6905444+00:00","646522184381b84f3179ea440c481a63331a8f518bdbf22902283a96953672c7","True","20","0","0","0","0","0","False","0","9,2","9,1","11,6","13,8","100","0","53,47139272200526","1544323072","[17:47:18] [Server thread/INFO]: The game is running normally [17:47:18] [Server thread/INFO]: Target tick rate: 20,0 per second. Average time per tick: 9,2ms (Target: 50,0ms) [17:47:18] [Server thread/INFO]: Percentiles: P50: 9,1ms P95: 11,6ms P99: 13,8ms, sample: 100"
"with-umce","1","2026-09-27T15:47:18.8159326+00:00","646522184381b84f3179ea440c481a63331a8f518bdbf22902283a96953672c7","True","20","0","0","0","0","0","False","0","9,2","9,1","11,6","13,8","100","38,461948722324834","53,47139272200526","1544323072","[17:47:18] [Server thread/INFO]: The game is running normally [17:47:18] [Server thread/INFO]: Target tick rate: 20,0 per second. Average time per tick: 9,2ms (Target: 50,0ms) [17:47:18] [Server thread/INFO]: Percentiles: P50: 9,1ms P95: 11,6ms P99: 13,8ms, sample: 100"
"with-umce","1","2026-09-27T15:47:18.9377928+00:00","646522184381b84f3179ea440c481a63331a8f518bdbf22902283a96953672c7","True","20","0","0","0","0","0","False","0","9,2","9","11,6","13,8","100","49,93324923242609","53,47139272200526","1544323072","[17:47:18] [Server thread/INFO]: The game is running normally [17:47:18] [Server thread/INFO]: Target tick rate: 20,0 per second. Average time per tick: 9,2ms (Target: 50,0ms) [17:47:18] [Server thread/INFO]: Percentiles: P50: 9,0ms P95: 11,6ms P99: 13,8ms, sample: 100"
"with-umce","1","2026-09-27T15:47:19.0629781+00:00","646522184381b84f3179ea440c481a63331a8f518bdbf22902283a96953672c7","True","20","0","0","0","0","0","False","0","9,2","9","11,6","13,8","100","63,18461797265733","53,47139272200526","1544323072","[17:47:19] [Server thread/INFO]: The game is running normally [17:47:19] [Server thread/INFO]: Target tick rate: 20,0 per second. Average time per tick: 9,2ms (Target: 50,0ms) [17:47:19] [Server thread/INFO]: Percentiles: P50: 9,0ms P95: 11,6ms P99: 13,8ms, sample: 100"
"with-umce","1","2026-09-27T15:47:19.1866289+00:00","646522184381b84f3179ea440c481a63331a8f518bdbf22902283a96953672c7","True","20","0","0","0","0","0","False","0","9,2","9","11,6","13,8","100","37,70651101955188","53,47139272200526","1544323072","[17:47:19] [Server thread/INFO]: The game is running normally [17:47:19] [Server thread/INFO]: Target tick rate: 20,0 per second. Average time per tick: 9,2ms (Target: 50,0ms) [17:47:19] [Server thread/INFO]: Percentiles: P50: 9,0ms P95: 11,6ms P99: 13,8ms, sample: 100"
"with-umce","1","2026-09-27T15:47:19.3109262+00:00","646522184381b84f3179ea440c481a63331a8f518bdbf22902283a96953672c7","True","20","0","0","0","0","0","False","0","9,1","9","11,3","13,8","100","75,61569322047842","53,47139272200526","1544323072","[17:47:19] [Server thread/INFO]: The game is running normally [17:47:19] [Server thread/INFO]: Target tick rate: 20,0 per second. Average time per tick: 9,1ms (Target: 50,0ms) [17:47:19] [Server thread/INFO]: Percentiles: P50: 9,0ms P95: 11,3ms P99: 13,8ms, sample: 100"
"with-umce","1","2026-09-27T15:47:19.4349323+00:00","646522184381b84f3179ea440c481a63331a8f518bdbf22902283a96953672c7","True","20","0","0","0","0","0","False","0","9,1","9","11,1","13,8","100","51,10125243037557","53,47139272200526","1544323072","[17:47:19] [Server thread/INFO]: The game is running normally [17:47:19] [Server thread/INFO]: Target tick rate: 20,0 per second. Average time per tick: 9,1ms (Target: 50,0ms) [17:47:19] [Server thread/INFO]: Percentiles: P50: 9,0ms P95: 11,1ms P99: 13,8ms, sample: 100"
"with-umce","1","2026-09-27T15:47:19.5572500+00:00","646522184381b84f3179ea440c481a63331a8f518bdbf22902283a96953672c7","True","20","0","0","0","0","0","False","0","9,2","9","11,7","13,8","100","38,312281671077514","53,47139272200526","1544323072","[17:47:19] [Server thread/INFO]: The game is running normally [17:47:19] [Server thread/INFO]: Target tick rate: 20,0 per second. Average time per tick: 9,2ms (Target: 50,0ms) [17:47:19] [Server thread/INFO]: Percentiles: P50: 9,0ms P95: 11,7ms P99: 13,8ms, sample: 100"
"with-umce","1","2026-09-27T15:47:19.6795935+00:00","646522184381b84f3179ea440c481a63331a8f518bdbf22902283a96953672c7","True","20","0","0","0","0","0","False","0","9,1","8,9","11,7","13,8","100","0","53,47139272200526","1544323072","[17:47:19] [Server thread/INFO]: The game is running normally [17:47:19] [Server thread/INFO]: Target tick rate: 20,0 per second. Average time per tick: 9,1ms (Target: 50,0ms) [17:47:19] [Server thread/INFO]: Percentiles: P50: 8,9ms P95: 11,7ms P99: 13,8ms, sample: 100"
"with-umce","1","2026-09-27T15:47:19.8031036+00:00","646522184381b84f3179ea440c481a63331a8f518bdbf22902283a96953672c7","True","20","0","0","0","0","0","False","0","9,1","8,9","11,7","13,8","100","0","53,47139272200526","1544323072","[17:47:19] [Server thread/INFO]: The game is running normally [17:47:19] [Server thread/INFO]: Target tick rate: 20,0 per second. Average time per tick: 9,1ms (Target: 50,0ms) [17:47:19] [Server thread/INFO]: Percentiles: P50: 8,9ms P95: 11,7ms P99: 13,8ms, sample: 100"
"with-umce","1","2026-09-27T15:47:19.9300054+00:00","646522184381b84f3179ea440c481a63331a8f518bdbf22902283a96953672c7","True","20","0","0","0","0","0","False","0","9,1","8,9","11,7","13,8","100","49,87443611962523","53,47139272200526","1544323072","[17:47:19] [Server thread/INFO]: The game is running normally [17:47:19] [Server thread/INFO]: Target tick rate: 20,0 per second. Average time per tick: 9,1ms (Target: 50,0ms) [17:47:19] [Server thread/INFO]: Percentiles: P50: 8,9ms P95: 11,7ms P99: 13,8ms, sample: 100"
"with-umce","1","2026-09-27T15:47:20.0553074+00:00","646522184381b84f3179ea440c481a63331a8f518bdbf22902283a96953672c7","True","20","0","0","0","0","0","False","0","9,1","8,9","11,7","13,8","100","49,40828636252243","53,47139272200526","1544323072","[17:47:20] [Server thread/INFO]: The game is running normally [17:47:20] [Server thread/INFO]: Target tick rate: 20,0 per second. Average time per tick: 9,1ms (Target: 50,0ms) [17:47:20] [Server thread/INFO]: Percentiles: P50: 8,9ms P95: 11,7ms P99: 13,8ms, sample: 100"
"with-umce","1","2026-09-27T15:47:20.1817969+00:00","646522184381b84f3179ea440c481a63331a8f518bdbf22902283a96953672c7","True","20","0","0","0","0","0","False","0","9,1","8,9","11,7","13,8","100","24,79761181143975","53,47139272200526","1544323072","[17:47:20] [Server thread/INFO]: The game is running normally [17:47:20] [Server thread/INFO]: Target tick rate: 20,0 per second. Average time per tick: 9,1ms (Target: 50,0ms) [17:47:20] [Server thread/INFO]: Percentiles: P50: 8,9ms P95: 11,7ms P99: 13,8ms, sample: 100"
"with-umce","1","2026-09-27T15:47:20.3078664+00:00","646522184381b84f3179ea440c481a63331a8f518bdbf22902283a96953672c7","True","20","0","0","0","0","0","False","0","9","8,9","11,3","13,8","100","62,74752644230962","53,47139272200526","1544323072","[17:47:20] [Server thread/INFO]: The game is running normally [17:47:20] [Server thread/INFO]: Target tick rate: 20,0 per second. Average time per tick: 9,0ms (Target: 50,0ms) [17:47:20] [Server thread/INFO]: Percentiles: P50: 8,9ms P95: 11,3ms P99: 13,8ms, sample: 100"
"with-umce","1","2026-09-27T15:47:20.4323316+00:00","646522184381b84f3179ea440c481a63331a8f518bdbf22902283a96953672c7","True","20","0","0","0","0","0","False","0","9,1","8,9","11,3","13,8","100","37,37922026348463","53,47139272200526","1544323072","[17:47:20] [Server thread/INFO]: The game is running normally [17:47:20] [Server thread/INFO]: Target tick rate: 20,0 per second. Average time per tick: 9,1ms (Target: 50,0ms) [17:47:20] [Server thread/INFO]: Percentiles: P50: 8,9ms P95: 11,3ms P99: 13,8ms, sample: 100"
"with-umce","1","2026-09-27T15:47:20.5578030+00:00","646522184381b84f3179ea440c481a63331a8f518bdbf22902283a96953672c7","True","20","0","0","0","0","0","False","0","9","8,9","11,3","13,8","100","25,22492561673934","53,47139272200526","1544323072","[17:47:20] [Server thread/INFO]: The game is running normally [17:47:20] [Server thread/INFO]: Target tick rate: 20,0 per second. Average time per tick: 9,0ms (Target: 50,0ms) [17:47:20] [Server thread/INFO]: Percentiles: P50: 8,9ms P95: 11,3ms P99: 13,8ms, sample: 100"
"with-umce","1","2026-09-27T15:47:20.6816192+00:00","646522184381b84f3179ea440c481a63331a8f518bdbf22902283a96953672c7","True","20","0","0","0","0","0","False","0","9","8,9","11,3","13,8","100","37,30669164656416","53,47139272200526","1544323072","[17:47:20] [Server thread/INFO]: The game is running normally [17:47:20] [Server thread/INFO]: Target tick rate: 20,0 per second. Average time per tick: 9,0ms (Target: 50,0ms) [17:47:20] [Server thread/INFO]: Percentiles: P50: 8,9ms P95: 11,3ms P99: 13,8ms, sample: 100"
"with-umce","1","2026-09-27T15:47:20.8073050+00:00","646522184381b84f3179ea440c481a63331a8f518bdbf22902283a96953672c7","True","20","0","0","0","0","0","False","0","9","8,9","11,3","13,8","100","75,19454332248394","53,47139272200526","1544323072","[17:47:20] [Server thread/INFO]: The game is running normally [17:47:20] [Server thread/INFO]: Target tick rate: 20,0 per second. Average time per tick: 9,0ms (Target: 50,0ms) [17:47:20] [Server thread/INFO]: Percentiles: P50: 8,9ms P95: 11,3ms P99: 13,8ms, sample: 100"
"with-umce","1","2026-09-27T15:47:20.9319424+00:00","646522184381b84f3179ea440c481a63331a8f518bdbf22902283a96953672c7","True","20","0","0","0","0","0","False","0","9","8,9","11,3","13,8","100","24,96437084992299","53,47139272200526","1544323072","[17:47:20] [Server thread/INFO]: The game is running normally [17:47:20] [Server thread/INFO]: Target tick rate: 20,0 per second. Average time per tick: 9,0ms (Target: 50,0ms) [17:47:20] [Server thread/INFO]: Percentiles: P50: 8,9ms P95: 11,3ms P99: 13,8ms, sample: 100"
"with-umce","1","2026-09-27T15:47:21.0571834+00:00","646522184381b84f3179ea440c481a63331a8f518bdbf22902283a96953672c7","True","20","0","0","0","0","0","False","0","9","8,9","11,3","13,8","100","113,42482061738592","53,47139272200526","1544323072","[17:47:21] [Server thread/INFO]: The game is running normally [17:47:21] [Server thread/INFO]: Target tick rate: 20,0 per second. Average time per tick: 9,0ms (Target: 50,0ms) [17:47:21] [Server thread/INFO]: Percentiles: P50: 8,9ms P95: 11,3ms P99: 13,8ms, sample: 100"
"with-umce","1","2026-09-27T15:47:21.1811061+00:00","646522184381b84f3179ea440c481a63331a8f518bdbf22902283a96953672c7","True","20","0","0","0","0","0","False","0","9,1","9","11,3","13,8","100","63,430706063934906","53,47139272200526","1544323072","[17:47:21] [Server thread/INFO]: The game is running normally [17:47:21] [Server thread/INFO]: Target tick rate: 20,0 per second. Average time per tick: 9,1ms (Target: 50,0ms) [17:47:21] [Server thread/INFO]: Percentiles: P50: 9,0ms P95: 11,3ms P99: 13,8ms, sample: 100"
"with-umce","1","2026-09-27T15:47:21.3042726+00:00","646522184381b84f3179ea440c481a63331a8f518bdbf22902283a96953672c7","True","20","0","0","0","0","0","False","0","9,1","9","11,3","13,8","100","24,901112701240834","53,47139272200526","1544323072","[17:47:21] [Server thread/INFO]: The game is running normally [17:47:21] [Server thread/INFO]: Target tick rate: 20,0 per second. Average time per tick: 9,1ms (Target: 50,0ms) [17:47:21] [Server thread/INFO]: Percentiles: P50: 9,0ms P95: 11,3ms P99: 13,8ms, sample: 100"
"with-umce","1","2026-09-27T15:47:21.4297830+00:00","646522184381b84f3179ea440c481a63331a8f518bdbf22902283a96953672c7","True","20","0","0","0","0","0","False","0","9,1","9","11,3","13,8","100","12,613847542378492","53,47139272200526","1544323072","[17:47:21] [Server thread/INFO]: The game is running normally [17:47:21] [Server thread/INFO]: Target tick rate: 20,0 per second. Average time per tick: 9,1ms (Target: 50,0ms) [17:47:21] [Server thread/INFO]: Percentiles: P50: 9,0ms P95: 11,3ms P99: 13,8ms, sample: 100"
"with-umce","1","2026-09-27T15:47:21.5536358+00:00","646522184381b84f3179ea440c481a63331a8f518bdbf22902283a96953672c7","True","20","0","0","0","0","0","False","0","9,1","9","11,3","13,8","100","11,225098242059813","53,47139272200526","1544323072","[17:47:21] [Server thread/INFO]: The game is running normally [17:47:21] [Server thread/INFO]: Target tick rate: 20,0 per second. Average time per tick: 9,1ms (Target: 50,0ms) [17:47:21] [Server thread/INFO]: Percentiles: P50: 9,0ms P95: 11,3ms P99: 13,8ms, sample: 100"
"with-umce","1","2026-09-27T15:47:21.6928316+00:00","646522184381b84f3179ea440c481a63331a8f518bdbf22902283a96953672c7","True","20","0","0","0","0","0","False","0","9,1","9","11,3","13,8","100","0","53,47139272200526","1544323072","[17:47:21] [Server thread/INFO]: The game is running normally [17:47:21] [Server thread/INFO]: Target tick rate: 20,0 per second. Average time per tick: 9,1ms (Target: 50,0ms) [17:47:21] [Server thread/INFO]: Percentiles: P50: 9,0ms P95: 11,3ms P99: 13,8ms, sample: 100"
"with-umce","1","2026-09-27T15:47:21.8154524+00:00","646522184381b84f3179ea440c481a63331a8f518bdbf22902283a96953672c7","True","20","0","0","0","0","0","False","0","9,1","9","11,1","13,8","100","0","53,47139272200526","1544323072","[17:47:21] [Server thread/INFO]: The game is running normally [17:47:21] [Server thread/INFO]: Target tick rate: 20,0 per second. Average time per tick: 9,1ms (Target: 50,0ms) [17:47:21] [Server thread/INFO]: Percentiles: P50: 9,0ms P95: 11,1ms P99: 13,8ms, sample: 100"
"with-umce","1","2026-09-27T15:47:21.9422813+00:00","646522184381b84f3179ea440c481a63331a8f518bdbf22902283a96953672c7","True","20","0","0","0","0","0","False","0","9","8,9","11,1","13,8","100","12,441475300187916","53,47139272200526","1544323072","[17:47:21] [Server thread/INFO]: The game is running normally [17:47:21] [Server thread/INFO]: Target tick rate: 20,0 per second. Average time per tick: 9,0ms (Target: 50,0ms) [17:47:21] [Server thread/INFO]: Percentiles: P50: 8,9ms P95: 11,1ms P99: 13,8ms, sample: 100"
"with-umce","1","2026-09-27T15:47:22.0678816+00:00","646522184381b84f3179ea440c481a63331a8f518bdbf22902283a96953672c7","True","20","0","0","0","0","0","False","0","9","8,9","11,1","13,8","100","22,328286545153155","53,47139272200526","1544323072","[17:47:22] [Server thread/INFO]: The game is running normally [17:47:22] [Server thread/INFO]: Target tick rate: 20,0 per second. Average time per tick: 9,0ms (Target: 50,0ms) [17:47:22] [Server thread/INFO]: Percentiles: P50: 8,9ms P95: 11,1ms P99: 13,8ms, sample: 100"
"with-umce","1","2026-09-27T15:47:22.2078483+00:00","646522184381b84f3179ea440c481a63331a8f518bdbf22902283a96953672c7","True","20","0","0","0","0","0","False","0","9","8,9","11,1","13,8","100","0","53,47139272200526","1544323072","[17:47:22] [Server thread/INFO]: The game is running normally [17:47:22] [Server thread/INFO]: Target tick rate: 20,0 per second. Average time per tick: 9,0ms (Target: 50,0ms) [17:47:22] [Server thread/INFO]: Percentiles: P50: 8,9ms P95: 11,1ms P99: 13,8ms, sample: 100"
"with-umce","1","2026-09-27T15:47:22.3339335+00:00","646522184381b84f3179ea440c481a63331a8f518bdbf22902283a96953672c7","True","20","0","0","0","0","0","False","0","9","8,9","11","13,8","100","0","53,47139272200526","1544323072","[17:47:22] [Server thread/INFO]: The game is running normally [17:47:22] [Server thread/INFO]: Target tick rate: 20,0 per second. Average time per tick: 9,0ms (Target: 50,0ms) [17:47:22] [Server thread/INFO]: Percentiles: P50: 8,9ms P95: 11,0ms P99: 13,8ms, sample: 100"
"with-umce","1","2026-09-27T15:47:22.4734879+00:00","646522184381b84f3179ea440c481a63331a8f518bdbf22902283a96953672c7","True","20","0","0","0","0","0","False","0","9","8,9","11","13,8","100","0","53,47139272200526","1544323072","[17:47:22] [Server thread/INFO]: The game is running normally [17:47:22] [Server thread/INFO]: Target tick rate: 20,0 per second. Average time per tick: 9,0ms (Target: 50,0ms) [17:47:22] [Server thread/INFO]: Percentiles: P50: 8,9ms P95: 11,0ms P99: 13,8ms, sample: 100"
"with-umce","1","2026-09-27T15:47:22.5962879+00:00","646522184381b84f3179ea440c481a63331a8f518bdbf22902283a96953672c7","True","20","0","0","0","0","0","False","0","9","8,9","11","13,8","100","25,146513647113544","53,47139272200526","1544323072","[17:47:22] [Server thread/INFO]: The game is running normally [17:47:22] [Server thread/INFO]: Target tick rate: 20,0 per second. Average time per tick: 9,0ms (Target: 50,0ms) [17:47:22] [Server thread/INFO]: Percentiles: P50: 8,9ms P95: 11,0ms P99: 13,8ms, sample: 100"
"with-umce","1","2026-09-27T15:47:22.7205893+00:00","646522184381b84f3179ea440c481a63331a8f518bdbf22902283a96953672c7","True","20","0","0","0","0","0","False","0","9","8,9","11","13,8","100","12,603754103782336","53,47139272200526","1544323072","[17:47:22] [Server thread/INFO]: The game is running normally [17:47:22] [Server thread/INFO]: Target tick rate: 20,0 per second. Average time per tick: 9,0ms (Target: 50,0ms) [17:47:22] [Server thread/INFO]: Percentiles: P50: 8,9ms P95: 11,0ms P99: 13,8ms, sample: 100"
"with-umce","1","2026-09-27T15:47:22.8445196+00:00","646522184381b84f3179ea440c481a63331a8f518bdbf22902283a96953672c7","True","20","0","0","0","0","0","False","0","9","8,9","11","13,8","100","37,04584754576693","53,47139272200526","1544323072","[17:47:22] [Server thread/INFO]: The game is running normally [17:47:22] [Server thread/INFO]: Target tick rate: 20,0 per second. Average time per tick: 9,0ms (Target: 50,0ms) [17:47:22] [Server thread/INFO]: Percentiles: P50: 8,9ms P95: 11,0ms P99: 13,8ms, sample: 100"
"with-umce","1","2026-09-27T15:47:22.9710716+00:00","646522184381b84f3179ea440c481a63331a8f518bdbf22902283a96953672c7","True","20","0","0","0","0","0","False","0","8,9","8,8","11","13,8","100","38,64385820280297","53,47139272200526","1544323072","[17:47:22] [Server thread/INFO]: The game is running normally [17:47:22] [Server thread/INFO]: Target tick rate: 20,0 per second. Average time per tick: 8,9ms (Target: 50,0ms) [17:47:22] [Server thread/INFO]: Percentiles: P50: 8,8ms P95: 11,0ms P99: 13,8ms, sample: 100"
"with-umce","1","2026-09-27T15:47:23.0923444+00:00","646522184381b84f3179ea440c481a63331a8f518bdbf22902283a96953672c7","True","20","0","0","0","0","0","False","0","8,9","8,8","10,9","11,7","100","37,400096861264196","53,47139272200526","1544323072","[17:47:23] [Server thread/INFO]: The game is running normally [17:47:23] [Server thread/INFO]: Target tick rate: 20,0 per second. Average time per tick: 8,9ms (Target: 50,0ms) [17:47:23] [Server thread/INFO]: Percentiles: P50: 8,8ms P95: 10,9ms P99: 11,7ms, sample: 100"
"with-umce","1","2026-09-27T15:47:23.2177081+00:00","646522184381b84f3179ea440c481a63331a8f518bdbf22902283a96953672c7","True","20","0","0","0","0","0","False","0","8,9","8,8","10,9","11,7","100","88,091694292222","53,47139272200526","1544323072","[17:47:23] [Server thread/INFO]: The game is running normally [17:47:23] [Server thread/INFO]: Target tick rate: 20,0 per second. Average time per tick: 8,9ms (Target: 50,0ms) [17:47:23] [Server thread/INFO]: Percentiles: P50: 8,8ms P95: 10,9ms P99: 11,7ms, sample: 100"
"with-umce","1","2026-09-27T15:47:23.3418615+00:00","646522184381b84f3179ea440c481a63331a8f518bdbf22902283a96953672c7","True","20","0","0","0","0","0","False","0","8,9","8,8","10,9","11,7","100","37,45768779586579","53,47139272200526","1544323072","[17:47:23] [Server thread/INFO]: The game is running normally [17:47:23] [Server thread/INFO]: Target tick rate: 20,0 per second. Average time per tick: 8,9ms (Target: 50,0ms) [17:47:23] [Server thread/INFO]: Percentiles: P50: 8,8ms P95: 10,9ms P99: 11,7ms, sample: 100"
"with-umce","1","2026-09-27T15:47:23.4670395+00:00","646522184381b84f3179ea440c481a63331a8f518bdbf22902283a96953672c7","True","20","0","0","0","0","0","False","0","8,9","8,9","10,9","11,7","100","74,50747578209007","53,47139272200526","1544323072","[17:47:23] [Server thread/INFO]: The game is running normally [17:47:23] [Server thread/INFO]: Target tick rate: 20,0 per second. Average time per tick: 8,9ms (Target: 50,0ms) [17:47:23] [Server thread/INFO]: Percentiles: P50: 8,9ms P95: 10,9ms P99: 11,7ms, sample: 100"
"with-umce","1","2026-09-27T15:47:23.5928065+00:00","646522184381b84f3179ea440c481a63331a8f518bdbf22902283a96953672c7","True","20","0","0","0","0","0","False","0","8,9","8,8","10,9","11,7","100","37,49709022579848","53,47139272200526","1544323072","[17:47:23] [Server thread/INFO]: The game is running normally [17:47:23] [Server thread/INFO]: Target tick rate: 20,0 per second. Average time per tick: 8,9ms (Target: 50,0ms) [17:47:23] [Server thread/INFO]: Percentiles: P50: 8,8ms P95: 10,9ms P99: 11,7ms, sample: 100"
"with-umce","1","2026-09-27T15:47:23.7178639+00:00","646522184381b84f3179ea440c481a63331a8f518bdbf22902283a96953672c7","True","20","0","0","0","0","0","False","0","8,9","8,8","10,9","11,7","100","87,45459357501586","53,47139272200526","1544323072","[17:47:23] [Server thread/INFO]: The game is running normally [17:47:23] [Server thread/INFO]: Target tick rate: 20,0 per second. Average time per tick: 8,9ms (Target: 50,0ms) [17:47:23] [Server thread/INFO]: Percentiles: P50: 8,8ms P95: 10,9ms P99: 11,7ms, sample: 100"
"with-umce","1","2026-09-27T15:47:23.8428789+00:00","646522184381b84f3179ea440c481a63331a8f518bdbf22902283a96953672c7","True","20","0","0","0","0","0","False","0","8,9","8,9","10,9","11,7","100","50,22157760037285","53,47139272200526","1544323072","[17:47:23] [Server thread/INFO]: The game is running normally [17:47:23] [Server thread/INFO]: Target tick rate: 20,0 per second. Average time per tick: 8,9ms (Target: 50,0ms) [17:47:23] [Server thread/INFO]: Percentiles: P50: 8,9ms P95: 10,9ms P99: 11,7ms, sample: 100"
"with-umce","1","2026-09-27T15:47:23.9673551+00:00","646522184381b84f3179ea440c481a63331a8f518bdbf22902283a96953672c7","True","20","0","0","0","0","0","False","0","8,9","8,9","10,9","11,7","100","62,78090688978766","53,47139272200526","1544323072","[17:47:23] [Server thread/INFO]: The game is running normally [17:47:23] [Server thread/INFO]: Target tick rate: 20,0 per second. Average time per tick: 8,9ms (Target: 50,0ms) [17:47:23] [Server thread/INFO]: Percentiles: P50: 8,9ms P95: 10,9ms P99: 11,7ms, sample: 100"
"with-umce","1","2026-09-27T15:47:24.0917715+00:00","646522184381b84f3179ea440c481a63331a8f518bdbf22902283a96953672c7","True","20","0","0","0","0","0","False","0","9","8,9","10,9","11,7","100","50,25040783230996","53,47139272200526","1544323072","[17:47:24] [Server thread/INFO]: The game is running normally [17:47:24] [Server thread/INFO]: Target tick rate: 20,0 per second. Average time per tick: 9,0ms (Target: 50,0ms) [17:47:24] [Server thread/INFO]: Percentiles: P50: 8,9ms P95: 10,9ms P99: 11,7ms, sample: 100"
"with-umce","1","2026-09-27T15:47:24.2161670+00:00","646522184381b84f3179ea440c481a63331a8f518bdbf22902283a96953672c7","True","20","0","0","0","0","0","False","0","8,9","8,9","10,9","11,7","100","75,71034473847426","53,47139272200526","1544323072","[17:47:24] [Server thread/INFO]: The game is running normally [17:47:24] [Server thread/INFO]: Target tick rate: 20,0 per second. Average time per tick: 8,9ms (Target: 50,0ms) [17:47:24] [Server thread/INFO]: Percentiles: P50: 8,9ms P95: 10,9ms P99: 11,7ms, sample: 100"
"with-umce","1","2026-09-27T15:47:24.3399751+00:00","646522184381b84f3179ea440c481a63331a8f518bdbf22902283a96953672c7","True","20","0","0","0","0","0","False","0","8,9","8,9","10,9","11,7","100","37,27975122973473","53,47139272200526","1544323072","[17:47:24] [Server thread/INFO]: The game is running normally [17:47:24] [Server thread/INFO]: Target tick rate: 20,0 per second. Average time per tick: 8,9ms (Target: 50,0ms) [17:47:24] [Server thread/INFO]: Percentiles: P50: 8,9ms P95: 10,9ms P99: 11,7ms, sample: 100"
"with-umce","1","2026-09-27T15:47:24.4657249+00:00","646522184381b84f3179ea440c481a63331a8f518bdbf22902283a96953672c7","True","20","0","0","0","0","0","False","0","8,9","8,9","10,9","11,7","100","63,203428882086065","53,47139272200526","1544323072","[17:47:24] [Server thread/INFO]: The game is running normally [17:47:24] [Server thread/INFO]: Target tick rate: 20,0 per second. Average time per tick: 8,9ms (Target: 50,0ms) [17:47:24] [Server thread/INFO]: Percentiles: P50: 8,9ms P95: 10,9ms P99: 11,7ms, sample: 100"
"with-umce","1","2026-09-27T15:47:24.5893229+00:00","646522184381b84f3179ea440c481a63331a8f518bdbf22902283a96953672c7","True","20","0","0","0","0","0","False","0","8,9","8,8","10,7","11,1","100","36,90581635665781","53,47139272200526","1544323072","[17:47:24] [Server thread/INFO]: The game is running normally [17:47:24] [Server thread/INFO]: Target tick rate: 20,0 per second. Average time per tick: 8,9ms (Target: 50,0ms) [17:47:24] [Server thread/INFO]: Percentiles: P50: 8,8ms P95: 10,7ms P99: 11,1ms, sample: 100"
"with-umce","1","2026-09-27T15:47:24.7163882+00:00","646522184381b84f3179ea440c481a63331a8f518bdbf22902283a96953672c7","True","20","0","0","0","0","0","False","0","8,9","8,9","10,8","11,2","100","63,419686932013285","53,47139272200526","1544323072","[17:47:24] [Server thread/INFO]: The game is running normally [17:47:24] [Server thread/INFO]: Target tick rate: 20,0 per second. Average time per tick: 8,9ms (Target: 50,0ms) [17:47:24] [Server thread/INFO]: Percentiles: P50: 8,9ms P95: 10,8ms P99: 11,2ms, sample: 100"
"with-umce","1","2026-09-27T15:47:24.8395219+00:00","646522184381b84f3179ea440c481a63331a8f518bdbf22902283a96953672c7","True","20","0","0","0","0","0","False","0","8,9","8,8","10,8","11,2","100","37,067115399518265","53,47139272200526","1544323072","[17:47:24] [Server thread/INFO]: The game is running normally [17:47:24] [Server thread/INFO]: Target tick rate: 20,0 per second. Average time per tick: 8,9ms (Target: 50,0ms) [17:47:24] [Server thread/INFO]: Percentiles: P50: 8,8ms P95: 10,8ms P99: 11,2ms, sample: 100"
"with-umce","1","2026-09-27T15:47:24.9660084+00:00","646522184381b84f3179ea440c481a63331a8f518bdbf22902283a96953672c7","True","20","0","0","0","0","0","False","0","8,9","8,8","10,9","13,6","100","63,20603671249323","53,47139272200526","1544323072","[17:47:24] [Server thread/INFO]: The game is running normally [17:47:24] [Server thread/INFO]: Target tick rate: 20,0 per second. Average time per tick: 8,9ms (Target: 50,0ms) [17:47:24] [Server thread/INFO]: Percentiles: P50: 8,8ms P95: 10,9ms P99: 13,6ms, sample: 100"
"with-umce","1","2026-09-27T15:47:25.0896205+00:00","646522184381b84f3179ea440c481a63331a8f518bdbf22902283a96953672c7","True","20","0","0","0","0","0","False","0","8,9","8,8","10,9","13,6","100","49,377605162448376","53,47139272200526","1544323072","[17:47:25] [Server thread/INFO]: The game is running normally [17:47:25] [Server thread/INFO]: Target tick rate: 20,0 per second. Average time per tick: 8,9ms (Target: 50,0ms) [17:47:25] [Server thread/INFO]: Percentiles: P50: 8,8ms P95: 10,9ms P99: 13,6ms, sample: 100"
"with-umce","1","2026-09-27T15:47:25.2161880+00:00","646522184381b84f3179ea440c481a63331a8f518bdbf22902283a96953672c7","True","20","0","0","0","0","0","False","0","8,9","8,8","10,9","13,6","100","62,83518802701129","53,47139272200526","1544323072","[17:47:25] [Server thread/INFO]: The game is running normally [17:47:25] [Server thread/INFO]: Target tick rate: 20,0 per second. Average time per tick: 8,9ms (Target: 50,0ms) [17:47:25] [Server thread/INFO]: Percentiles: P50: 8,8ms P95: 10,9ms P99: 13,6ms, sample: 100"
"with-umce","1","2026-09-27T15:47:25.3405349+00:00","646522184381b84f3179ea440c481a63331a8f518bdbf22902283a96953672c7","True","20","0","0","0","0","0","False","0","8,9","8,8","10,8","13,6","100","25,238697505528286","53,47139272200526","1544323072","[17:47:25] [Server thread/INFO]: The game is running normally [17:47:25] [Server thread/INFO]: Target tick rate: 20,0 per second. Average time per tick: 8,9ms (Target: 50,0ms) [17:47:25] [Server thread/INFO]: Percentiles: P50: 8,8ms P95: 10,8ms P99: 13,6ms, sample: 100"
"with-umce","1","2026-09-27T15:47:25.4643236+00:00","646522184381b84f3179ea440c481a63331a8f518bdbf22902283a96953672c7","True","20","0","0","0","0","0","False","0","8,9","8,8","10,8","13,6","100","62,52686153971747","53,47139272200526","1544323072","[17:47:25] [Server thread/INFO]: The game is running normally [17:47:25] [Server thread/INFO]: Target tick rate: 20,0 per second. Average time per tick: 8,9ms (Target: 50,0ms) [17:47:25] [Server thread/INFO]: Percentiles: P50: 8,8ms P95: 10,8ms P99: 13,6ms, sample: 100"
"with-umce","1","2026-09-27T15:47:25.5892600+00:00","646522184381b84f3179ea440c481a63331a8f518bdbf22902283a96953672c7","True","20","0","0","0","0","0","False","0","8,9","8,8","10,9","13,6","100","37,45981311249292","53,47139272200526","1544323072","[17:47:25] [Server thread/INFO]: The game is running normally [17:47:25] [Server thread/INFO]: Target tick rate: 20,0 per second. Average time per tick: 8,9ms (Target: 50,0ms) [17:47:25] [Server thread/INFO]: Percentiles: P50: 8,8ms P95: 10,9ms P99: 13,6ms, sample: 100"
"with-umce","1","2026-09-27T15:47:25.7144011+00:00","646522184381b84f3179ea440c481a63331a8f518bdbf22902283a96953672c7","True","20","0","0","0","0","0","False","0","8,9","8,8","10,9","13,6","100","62,32349984842925","53,47139272200526","1544323072","[17:47:25] [Server thread/INFO]: The game is running normally [17:47:25] [Server thread/INFO]: Target tick rate: 20,0 per second. Average time per tick: 8,9ms (Target: 50,0ms) [17:47:25] [Server thread/INFO]: Percentiles: P50: 8,8ms P95: 10,9ms P99: 13,6ms, sample: 100"
"with-umce","1","2026-09-27T15:47:25.8397810+00:00","646522184381b84f3179ea440c481a63331a8f518bdbf22902283a96953672c7","True","20","0","0","0","0","0","False","0","8,9","8,8","11,1","13,6","100","50,47050624744115","53,47139272200526","1544323072","[17:47:25] [Server thread/INFO]: The game is running normally [17:47:25] [Server thread/INFO]: Target tick rate: 20,0 per second. Average time per tick: 8,9ms (Target: 50,0ms) [17:47:25] [Server thread/INFO]: Percentiles: P50: 8,8ms P95: 11,1ms P99: 13,6ms, sample: 100"
"with-umce","1","2026-09-27T15:47:25.9635989+00:00","646522184381b84f3179ea440c481a63331a8f518bdbf22902283a96953672c7","True","20","0","0","0","0","0","False","0","8,9","8,8","11,1","13,6","100","75,55091728887045","53,47139272200526","1544323072","[17:47:25] [Server thread/INFO]: The game is running normally [17:47:25] [Server thread/INFO]: Target tick rate: 20,0 per second. Average time per tick: 8,9ms (Target: 50,0ms) [17:47:25] [Server thread/INFO]: Percentiles: P50: 8,8ms P95: 11,1ms P99: 13,6ms, sample: 100"
"with-umce","1","2026-09-27T15:47:26.0876683+00:00","646522184381b84f3179ea440c481a63331a8f518bdbf22902283a96953672c7","True","20","0","0","0","0","0","False","0","8,9","8,8","10,8","13,6","100","25,321481529498513","53,47139272200526","1544323072","[17:47:26] [Server thread/INFO]: The game is running normally [17:47:26] [Server thread/INFO]: Target tick rate: 20,0 per second. Average time per tick: 8,9ms (Target: 50,0ms) [17:47:26] [Server thread/INFO]: Percentiles: P50: 8,8ms P95: 10,8ms P99: 13,6ms, sample: 100"
"with-umce","1","2026-09-27T15:47:26.2111020+00:00","646522184381b84f3179ea440c481a63331a8f518bdbf22902283a96953672c7","True","20","0","0","0","0","0","False","0","8,9","8,8","10,8","13,6","100","0","53,47139272200526","1544323072","[17:47:26] [Server thread/INFO]: The game is running normally [17:47:26] [Server thread/INFO]: Target tick rate: 20,0 per second. Average time per tick: 8,9ms (Target: 50,0ms) [17:47:26] [Server thread/INFO]: Percentiles: P50: 8,8ms P95: 10,8ms P99: 13,6ms, sample: 100"
"with-umce","1","2026-09-27T15:47:26.3372744+00:00","646522184381b84f3179ea440c481a63331a8f518bdbf22902283a96953672c7","True","20","0","0","0","0","0","False","0","8,8","8,7","10,8","13,6","100","0","53,47139272200526","1544323072","[17:47:26] [Server thread/INFO]: The game is running normally [17:47:26] [Server thread/INFO]: Target tick rate: 20,0 per second. Average time per tick: 8,8ms (Target: 50,0ms) [17:47:26] [Server thread/INFO]: Percentiles: P50: 8,7ms P95: 10,8ms P99: 13,6ms, sample: 100"
"with-umce","1","2026-09-27T15:47:26.4599013+00:00","646522184381b84f3179ea440c481a63331a8f518bdbf22902283a96953672c7","True","20","0","0","0","0","0","False","0","8,8","8,7","10,8","13,6","100","0","53,47139272200526","1544323072","[17:47:26] [Server thread/INFO]: The game is running normally [17:47:26] [Server thread/INFO]: Target tick rate: 20,0 per second. Average time per tick: 8,8ms (Target: 50,0ms) [17:47:26] [Server thread/INFO]: Percentiles: P50: 8,7ms P95: 10,8ms P99: 13,6ms, sample: 100"
"with-umce","1","2026-09-27T15:47:26.5865633+00:00","646522184381b84f3179ea440c481a63331a8f518bdbf22902283a96953672c7","True","20","0","0","0","0","0","False","0","8,7","8,6","10,8","13,6","100","12,548779616123795","53,47139272200526","1544323072","[17:47:26] [Server thread/INFO]: The game is running normally [17:47:26] [Server thread/INFO]: Target tick rate: 20,0 per second. Average time per tick: 8,7ms (Target: 50,0ms) [17:47:26] [Server thread/INFO]: Percentiles: P50: 8,6ms P95: 10,8ms P99: 13,6ms, sample: 100"
"with-umce","1","2026-09-27T15:47:26.7110459+00:00","646522184381b84f3179ea440c481a63331a8f518bdbf22902283a96953672c7","True","20","0","0","0","0","0","False","0","8,8","8,6","11,1","13,6","100","24,95436346010416","53,47139272200526","1544323072","[17:47:26] [Server thread/INFO]: The game is running normally [17:47:26] [Server thread/INFO]: Target tick rate: 20,0 per second. Average time per tick: 8,8ms (Target: 50,0ms) [17:47:26] [Server thread/INFO]: Percentiles: P50: 8,6ms P95: 11,1ms P99: 13,6ms, sample: 100"
"with-umce","1","2026-09-27T15:47:26.8362763+00:00","646522184381b84f3179ea440c481a63331a8f518bdbf22902283a96953672c7","True","20","0","0","0","0","0","False","0","8,8","8,7","11,1","13,6","100","12,557553780486726","53,47139272200526","1544323072","[17:47:26] [Server thread/INFO]: The game is running normally [17:47:26] [Server thread/INFO]: Target tick rate: 20,0 per second. Average time per tick: 8,8ms (Target: 50,0ms) [17:47:26] [Server thread/INFO]: Percentiles: P50: 8,7ms P95: 11,1ms P99: 13,6ms, sample: 100"
"with-umce","1","2026-09-27T15:47:26.9606981+00:00","646522184381b84f3179ea440c481a63331a8f518bdbf22902283a96953672c7","True","20","0","0","0","0","0","False","0","8,8","8,7","11,1","13,6","100","25,03942206610087","53,47139272200526","1544323072","[17:47:26] [Server thread/INFO]: The game is running normally [17:47:26] [Server thread/INFO]: Target tick rate: 20,0 per second. Average time per tick: 8,8ms (Target: 50,0ms) [17:47:26] [Server thread/INFO]: Percentiles: P50: 8,7ms P95: 11,1ms P99: 13,6ms, sample: 100"
"with-umce","2","2026-09-27T15:48:12.6456547+00:00","646522184381b84f3179ea440c481a63331a8f518bdbf22902283a96953672c7","True","20","0","0","0","0","0","False","0","8,5","8,2","12","17,3","100","25,054719507404172","42,987698855501826","1505492992","[17:48:12] [Server thread/INFO]: The game is running normally [17:48:12] [Server thread/INFO]: Target tick rate: 20,0 per second. Average time per tick: 8,5ms (Target: 50,0ms) [17:48:12] [Server thread/INFO]: Percentiles: P50: 8,2ms P95: 12,0ms P99: 17,3ms, sample: 100"
"with-umce","2","2026-09-27T15:48:12.7758435+00:00","646522184381b84f3179ea440c481a63331a8f518bdbf22902283a96953672c7","True","20","0","0","0","0","0","False","0","8,5","8,2","12","17,3","100","0","42,987698855501826","1505492992","[17:48:12] [Server thread/INFO]: The game is running normally [17:48:12] [Server thread/INFO]: Target tick rate: 20,0 per second. Average time per tick: 8,5ms (Target: 50,0ms) [17:48:12] [Server thread/INFO]: Percentiles: P50: 8,2ms P95: 12,0ms P99: 17,3ms, sample: 100"
"with-umce","2","2026-09-27T15:48:12.9096521+00:00","646522184381b84f3179ea440c481a63331a8f518bdbf22902283a96953672c7","True","20","0","0","0","0","0","False","0","8,5","8,4","12","17,3","100","160,80027675459326","42,987698855501826","1505492992","[17:48:12] [Server thread/INFO]: The game is running normally [17:48:12] [Server thread/INFO]: Target tick rate: 20,0 per second. Average time per tick: 8,5ms (Target: 50,0ms) [17:48:12] [Server thread/INFO]: Percentiles: P50: 8,4ms P95: 12,0ms P99: 17,3ms, sample: 100"
"with-umce","2","2026-09-27T15:48:13.0359929+00:00","646522184381b84f3179ea440c481a63331a8f518bdbf22902283a96953672c7","True","20","0","0","0","0","0","False","0","8,6","8,4","12","17,3","100","25,453893834863283","42,987698855501826","1505492992","[17:48:13] [Server thread/INFO]: The game is running normally [17:48:13] [Server thread/INFO]: Target tick rate: 20,0 per second. Average time per tick: 8,6ms (Target: 50,0ms) [17:48:13] [Server thread/INFO]: Percentiles: P50: 8,4ms P95: 12,0ms P99: 17,3ms, sample: 100"
"with-umce","2","2026-09-27T15:48:13.1587575+00:00","646522184381b84f3179ea440c481a63331a8f518bdbf22902283a96953672c7","True","20","0","0","0","0","0","False","0","8,7","8,5","12,3","22,8","100","50,671334374865715","42,987698855501826","1505492992","[17:48:13] [Server thread/INFO]: The game is running normally [17:48:13] [Server thread/INFO]: Target tick rate: 20,0 per second. Average time per tick: 8,7ms (Target: 50,0ms) [17:48:13] [Server thread/INFO]: Percentiles: P50: 8,5ms P95: 12,3ms P99: 22,8ms, sample: 100"
"with-umce","2","2026-09-27T15:48:13.2820799+00:00","646522184381b84f3179ea440c481a63331a8f518bdbf22902283a96953672c7","True","20","0","0","0","0","0","False","0","8,8","8,7","12,3","22,8","100","75,15879550313903","42,987698855501826","1505492992","[17:48:13] [Server thread/INFO]: The game is running normally [17:48:13] [Server thread/INFO]: Target tick rate: 20,0 per second. Average time per tick: 8,8ms (Target: 50,0ms) [17:48:13] [Server thread/INFO]: Percentiles: P50: 8,7ms P95: 12,3ms P99: 22,8ms, sample: 100"
"with-umce","2","2026-09-27T15:48:13.4067916+00:00","646522184381b84f3179ea440c481a63331a8f518bdbf22902283a96953672c7","True","20","0","0","0","0","0","False","0","8,9","8,7","12,5","22,8","100","50,64411207501487","42,987698855501826","1505492992","[17:48:13] [Server thread/INFO]: The game is running normally [17:48:13] [Server thread/INFO]: Target tick rate: 20,0 per second. Average time per tick: 8,9ms (Target: 50,0ms) [17:48:13] [Server thread/INFO]: Percentiles: P50: 8,7ms P95: 12,5ms P99: 22,8ms, sample: 100"
"with-umce","2","2026-09-27T15:48:13.5302781+00:00","646522184381b84f3179ea440c481a63331a8f518bdbf22902283a96953672c7","True","20","0","0","0","0","0","False","0","9","8,8","12,5","22,8","100","76,29829173211364","42,987698855501826","1505492992","[17:48:13] [Server thread/INFO]: The game is running normally [17:48:13] [Server thread/INFO]: Target tick rate: 20,0 per second. Average time per tick: 9,0ms (Target: 50,0ms) [17:48:13] [Server thread/INFO]: Percentiles: P50: 8,8ms P95: 12,5ms P99: 22,8ms, sample: 100"
"with-umce","2","2026-09-27T15:48:13.6531286+00:00","646522184381b84f3179ea440c481a63331a8f518bdbf22902283a96953672c7","True","20","0","0","0","0","0","False","0","9,1","9","13,2","22,8","100","62,77671978079374","42,987698855501826","1505492992","[17:48:13] [Server thread/INFO]: The game is running normally [17:48:13] [Server thread/INFO]: Target tick rate: 20,0 per second. Average time per tick: 9,1ms (Target: 50,0ms) [17:48:13] [Server thread/INFO]: Percentiles: P50: 9,0ms P95: 13,2ms P99: 22,8ms, sample: 100"
"with-umce","2","2026-09-27T15:48:13.7775647+00:00","646522184381b84f3179ea440c481a63331a8f518bdbf22902283a96953672c7","True","20","0","0","0","0","0","False","0","9,2","9","13,5","22,8","100","50,869792052429254","42,987698855501826","1505492992","[17:48:13] [Server thread/INFO]: The game is running normally [17:48:13] [Server thread/INFO]: Target tick rate: 20,0 per second. Average time per tick: 9,2ms (Target: 50,0ms) [17:48:13] [Server thread/INFO]: Percentiles: P50: 9,0ms P95: 13,5ms P99: 22,8ms, sample: 100"
"with-umce","2","2026-09-27T15:48:13.9003949+00:00","646522184381b84f3179ea440c481a63331a8f518bdbf22902283a96953672c7","True","20","0","0","0","0","0","False","0","9,4","9,1","13,5","22,8","100","63,362747165404144","42,987698855501826","1505492992","[17:48:13] [Server thread/INFO]: The game is running normally [17:48:13] [Server thread/INFO]: Target tick rate: 20,0 per second. Average time per tick: 9,4ms (Target: 50,0ms) [17:48:13] [Server thread/INFO]: Percentiles: P50: 9,1ms P95: 13,5ms P99: 22,8ms, sample: 100"
"with-umce","2","2026-09-27T15:48:14.0237348+00:00","646522184381b84f3179ea440c481a63331a8f518bdbf22902283a96953672c7","True","20","0","0","0","0","0","False","0","9,5","9,1","13,8","22,8","100","61,81430626348047","42,987698855501826","1505492992","[17:48:14] [Server thread/INFO]: The game is running normally [17:48:14] [Server thread/INFO]: Target tick rate: 20,0 per second. Average time per tick: 9,5ms (Target: 50,0ms) [17:48:14] [Server thread/INFO]: Percentiles: P50: 9,1ms P95: 13,8ms P99: 22,8ms, sample: 100"
"with-umce","2","2026-09-27T15:48:14.1501252+00:00","646522184381b84f3179ea440c481a63331a8f518bdbf22902283a96953672c7","True","20","0","0","0","0","0","False","0","9,6","9,2","13,8","22,8","100","50,04047273434754","42,987698855501826","1505492992","[17:48:14] [Server thread/INFO]: The game is running normally [17:48:14] [Server thread/INFO]: Target tick rate: 20,0 per second. Average time per tick: 9,6ms (Target: 50,0ms) [17:48:14] [Server thread/INFO]: Percentiles: P50: 9,2ms P95: 13,8ms P99: 22,8ms, sample: 100"
"with-umce","2","2026-09-27T15:48:14.2750638+00:00","646522184381b84f3179ea440c481a63331a8f518bdbf22902283a96953672c7","True","20","0","0","0","0","0","False","0","9,7","9,3","13,8","22,8","100","88,67490704842886","42,987698855501826","1505492992","[17:48:14] [Server thread/INFO]: The game is running normally [17:48:14] [Server thread/INFO]: Target tick rate: 20,0 per second. Average time per tick: 9,7ms (Target: 50,0ms) [17:48:14] [Server thread/INFO]: Percentiles: P50: 9,3ms P95: 13,8ms P99: 22,8ms, sample: 100"
"with-umce","2","2026-09-27T15:48:14.3983186+00:00","646522184381b84f3179ea440c481a63331a8f518bdbf22902283a96953672c7","True","20","0","0","0","0","0","False","0","9,8","9,5","13,8","22,8","100","37,76447215137048","42,987698855501826","1505492992","[17:48:14] [Server thread/INFO]: The game is running normally [17:48:14] [Server thread/INFO]: Target tick rate: 20,0 per second. Average time per tick: 9,8ms (Target: 50,0ms) [17:48:14] [Server thread/INFO]: Percentiles: P50: 9,5ms P95: 13,8ms P99: 22,8ms, sample: 100"
"with-umce","2","2026-09-27T15:48:14.5224881+00:00","646522184381b84f3179ea440c481a63331a8f518bdbf22902283a96953672c7","True","20","0","0","0","0","0","False","0","9,9","9,5","14,5","22,8","100","33,73532648239322","42,987698855501826","1505492992","[17:48:14] [Server thread/INFO]: The game is running normally [17:48:14] [Server thread/INFO]: Target tick rate: 20,0 per second. Average time per tick: 9,9ms (Target: 50,0ms) [17:48:14] [Server thread/INFO]: Percentiles: P50: 9,5ms P95: 14,5ms P99: 22,8ms, sample: 100"
"with-umce","2","2026-09-27T15:48:14.6614154+00:00","646522184381b84f3179ea440c481a63331a8f518bdbf22902283a96953672c7","True","20","0","0","0","0","0","False","0","10","9,6","15,2","22,8","100","25,290189753305327","42,987698855501826","1505492992","[17:48:14] [Server thread/INFO]: The game is running normally [17:48:14] [Server thread/INFO]: Target tick rate: 20,0 per second. Average time per tick: 10,0ms (Target: 50,0ms) [17:48:14] [Server thread/INFO]: Percentiles: P50: 9,6ms P95: 15,2ms P99: 22,8ms, sample: 100"
"with-umce","2","2026-09-27T15:48:14.7850083+00:00","646522184381b84f3179ea440c481a63331a8f518bdbf22902283a96953672c7","True","20","0","0","0","0","0","False","0","10,2","9,8","15,2","22,8","100","25,127587840016467","42,987698855501826","1505492992","[17:48:14] [Server thread/INFO]: The game is running normally [17:48:14] [Server thread/INFO]: Target tick rate: 20,0 per second. Average time per tick: 10,2ms (Target: 50,0ms) [17:48:14] [Server thread/INFO]: Percentiles: P50: 9,8ms P95: 15,2ms P99: 22,8ms, sample: 100"
"with-umce","2","2026-09-27T15:48:14.9093220+00:00","646522184381b84f3179ea440c481a63331a8f518bdbf22902283a96953672c7","True","20","0","0","0","0","0","False","0","10,3","10","15,2","22,8","100","12,541004066897127","42,987698855501826","1505492992","[17:48:14] [Server thread/INFO]: The game is running normally [17:48:14] [Server thread/INFO]: Target tick rate: 20,0 per second. Average time per tick: 10,3ms (Target: 50,0ms) [17:48:14] [Server thread/INFO]: Percentiles: P50: 10,0ms P95: 15,2ms P99: 22,8ms, sample: 100"
"with-umce","2","2026-09-27T15:48:15.0339778+00:00","646522184381b84f3179ea440c481a63331a8f518bdbf22902283a96953672c7","True","20","0","0","0","0","0","False","0","10,4","10","15,2","22,8","100","0","42,987698855501826","1505492992","[17:48:15] [Server thread/INFO]: The game is running normally [17:48:15] [Server thread/INFO]: Target tick rate: 20,0 per second. Average time per tick: 10,4ms (Target: 50,0ms) [17:48:15] [Server thread/INFO]: Percentiles: P50: 10,0ms P95: 15,2ms P99: 22,8ms, sample: 100"
"with-umce","2","2026-09-27T15:48:15.1576966+00:00","646522184381b84f3179ea440c481a63331a8f518bdbf22902283a96953672c7","True","20","0","0","0","0","0","False","0","10,5","10,2","15,2","22,8","100","75,62404965777596","42,987698855501826","1505492992","[17:48:15] [Server thread/INFO]: The game is running normally [17:48:15] [Server thread/INFO]: Target tick rate: 20,0 per second. Average time per tick: 10,5ms (Target: 50,0ms) [17:48:15] [Server thread/INFO]: Percentiles: P50: 10,2ms P95: 15,2ms P99: 22,8ms, sample: 100"
"with-umce","2","2026-09-27T15:48:15.2816102+00:00","646522184381b84f3179ea440c481a63331a8f518bdbf22902283a96953672c7","True","20","0","0","0","0","0","False","0","10,7","10,2","15,2","22,8","100","102,42115414711446","42,987698855501826","1505492992","[17:48:15] [Server thread/INFO]: The game is running normally [17:48:15] [Server thread/INFO]: Target tick rate: 20,0 per second. Average time per tick: 10,7ms (Target: 50,0ms) [17:48:15] [Server thread/INFO]: Percentiles: P50: 10,2ms P95: 15,2ms P99: 22,8ms, sample: 100"
"with-umce","2","2026-09-27T15:48:15.4036782+00:00","646522184381b84f3179ea440c481a63331a8f518bdbf22902283a96953672c7","True","20","0","0","0","0","0","False","0","10,8","10,3","15,2","22,8","100","87,51939429777639","42,987698855501826","1505492992","[17:48:15] [Server thread/INFO]: The game is running normally [17:48:15] [Server thread/INFO]: Target tick rate: 20,0 per second. Average time per tick: 10,8ms (Target: 50,0ms) [17:48:15] [Server thread/INFO]: Percentiles: P50: 10,3ms P95: 15,2ms P99: 22,8ms, sample: 100"
"with-umce","2","2026-09-27T15:48:15.5286525+00:00","646522184381b84f3179ea440c481a63331a8f518bdbf22902283a96953672c7","True","20","0","0","0","0","0","False","0","10,9","10,3","15,3","22,8","100","75,05433934168339","42,987698855501826","1505492992","[17:48:15] [Server thread/INFO]: The game is running normally [17:48:15] [Server thread/INFO]: Target tick rate: 20,0 per second. Average time per tick: 10,9ms (Target: 50,0ms) [17:48:15] [Server thread/INFO]: Percentiles: P50: 10,3ms P95: 15,3ms P99: 22,8ms, sample: 100"
"with-umce","2","2026-09-27T15:48:15.6535347+00:00","646522184381b84f3179ea440c481a63331a8f518bdbf22902283a96953672c7","True","20","0","0","0","0","0","False","0","11","10,4","15,3","22,8","100","37,43142562824905","42,987698855501826","1505492992","[17:48:15] [Server thread/INFO]: The game is running normally [17:48:15] [Server thread/INFO]: Target tick rate: 20,0 per second. Average time per tick: 11,0ms (Target: 50,0ms) [17:48:15] [Server thread/INFO]: Percentiles: P50: 10,4ms P95: 15,3ms P99: 22,8ms, sample: 100"
"with-umce","2","2026-09-27T15:48:15.7788243+00:00","646522184381b84f3179ea440c481a63331a8f518bdbf22902283a96953672c7","True","20","0","0","0","0","0","False","0","11,1","10,5","16,3","22,8","100","76,42094039737259","42,987698855501826","1505492992","[17:48:15] [Server thread/INFO]: The game is running normally [17:48:15] [Server thread/INFO]: Target tick rate: 20,0 per second. Average time per tick: 11,1ms (Target: 50,0ms) [17:48:15] [Server thread/INFO]: Percentiles: P50: 10,5ms P95: 16,3ms P99: 22,8ms, sample: 100"
"with-umce","2","2026-09-27T15:48:15.9014449+00:00","646522184381b84f3179ea440c481a63331a8f518bdbf22902283a96953672c7","True","20","0","0","0","0","0","False","0","11,2","10,7","16,3","22,8","100","38,68550970789655","42,987698855501826","1505492992","[17:48:15] [Server thread/INFO]: The game is running normally [17:48:15] [Server thread/INFO]: Target tick rate: 20,0 per second. Average time per tick: 11,2ms (Target: 50,0ms) [17:48:15] [Server thread/INFO]: Percentiles: P50: 10,7ms P95: 16,3ms P99: 22,8ms, sample: 100"
"with-umce","2","2026-09-27T15:48:16.0226373+00:00","646522184381b84f3179ea440c481a63331a8f518bdbf22902283a96953672c7","True","20","0","0","0","0","0","False","0","11,2","10,8","16,3","22,8","100","78,2396770123066","42,987698855501826","1505492992","[17:48:16] [Server thread/INFO]: The game is running normally [17:48:16] [Server thread/INFO]: Target tick rate: 20,0 per second. Average time per tick: 11,2ms (Target: 50,0ms) [17:48:16] [Server thread/INFO]: Percentiles: P50: 10,8ms P95: 16,3ms P99: 22,8ms, sample: 100"
"with-umce","2","2026-09-27T15:48:16.1624282+00:00","646522184381b84f3179ea440c481a63331a8f518bdbf22902283a96953672c7","True","20","0","0","0","0","0","False","0","11,3","11","16,3","22,8","100","22,45692402660912","42,987698855501826","1505492992","[17:48:16] [Server thread/INFO]: The game is running normally [17:48:16] [Server thread/INFO]: Target tick rate: 20,0 per second. Average time per tick: 11,3ms (Target: 50,0ms) [17:48:16] [Server thread/INFO]: Percentiles: P50: 11,0ms P95: 16,3ms P99: 22,8ms, sample: 100"
"with-umce","2","2026-09-27T15:48:16.3015850+00:00","646522184381b84f3179ea440c481a63331a8f518bdbf22902283a96953672c7","True","20","0","0","0","0","0","False","0","11,4","11,2","16,3","22,8","100","25,010704581560905","42,987698855501826","1505492992","[17:48:16] [Server thread/INFO]: The game is running normally [17:48:16] [Server thread/INFO]: Target tick rate: 20,0 per second. Average time per tick: 11,4ms (Target: 50,0ms) [17:48:16] [Server thread/INFO]: Percentiles: P50: 11,2ms P95: 16,3ms P99: 22,8ms, sample: 100"
"with-umce","2","2026-09-27T15:48:16.4265121+00:00","646522184381b84f3179ea440c481a63331a8f518bdbf22902283a96953672c7","True","20","0","0","0","0","0","False","0","11,5","11,2","16,3","22,8","100","50,32651845171473","42,987698855501826","1505492992","[17:48:16] [Server thread/INFO]: The game is running normally [17:48:16] [Server thread/INFO]: Target tick rate: 20,0 per second. Average time per tick: 11,5ms (Target: 50,0ms) [17:48:16] [Server thread/INFO]: Percentiles: P50: 11,2ms P95: 16,3ms P99: 22,8ms, sample: 100"
"with-umce","2","2026-09-27T15:48:16.5507112+00:00","646522184381b84f3179ea440c481a63331a8f518bdbf22902283a96953672c7","True","20","0","0","0","0","0","False","0","11,7","11,3","16,3","22,8","100","12,572983655523585","42,987698855501826","1505492992","[17:48:16] [Server thread/INFO]: The game is running normally [17:48:16] [Server thread/INFO]: Target tick rate: 20,0 per second. Average time per tick: 11,7ms (Target: 50,0ms) [17:48:16] [Server thread/INFO]: Percentiles: P50: 11,3ms P95: 16,3ms P99: 22,8ms, sample: 100"
"with-umce","2","2026-09-27T15:48:16.6750133+00:00","646522184381b84f3179ea440c481a63331a8f518bdbf22902283a96953672c7","True","20","0","0","0","0","0","False","0","11,7","11,3","16,3","22,8","100","62,58205759391714","42,987698855501826","1505492992","[17:48:16] [Server thread/INFO]: The game is running normally [17:48:16] [Server thread/INFO]: Target tick rate: 20,0 per second. Average time per tick: 11,7ms (Target: 50,0ms) [17:48:16] [Server thread/INFO]: Percentiles: P50: 11,3ms P95: 16,3ms P99: 22,8ms, sample: 100"
"with-umce","2","2026-09-27T15:48:16.7998921+00:00","646522184381b84f3179ea440c481a63331a8f518bdbf22902283a96953672c7","True","20","0","0","0","0","0","False","0","11,9","11,6","16,3","22,8","100","12,55839149710494","42,987698855501826","1505492992","[17:48:16] [Server thread/INFO]: The game is running normally [17:48:16] [Server thread/INFO]: Target tick rate: 20,0 per second. Average time per tick: 11,9ms (Target: 50,0ms) [17:48:16] [Server thread/INFO]: Percentiles: P50: 11,6ms P95: 16,3ms P99: 22,8ms, sample: 100"
"with-umce","2","2026-09-27T15:48:16.9242573+00:00","646522184381b84f3179ea440c481a63331a8f518bdbf22902283a96953672c7","True","20","0","0","0","0","0","False","0","12","11,6","16,3","22,8","100","25,100744347513178","42,987698855501826","1505492992","[17:48:16] [Server thread/INFO]: The game is running normally [17:48:16] [Server thread/INFO]: Target tick rate: 20,0 per second. Average time per tick: 12,0ms (Target: 50,0ms) [17:48:16] [Server thread/INFO]: Percentiles: P50: 11,6ms P95: 16,3ms P99: 22,8ms, sample: 100"
"with-umce","2","2026-09-27T15:48:17.0487543+00:00","646522184381b84f3179ea440c481a63331a8f518bdbf22902283a96953672c7","True","20","0","0","0","0","0","False","0","12,1","11,7","16,3","22,8","100","0","42,987698855501826","1505492992","[17:48:17] [Server thread/INFO]: The game is running normally [17:48:17] [Server thread/INFO]: Target tick rate: 20,0 per second. Average time per tick: 12,1ms (Target: 50,0ms) [17:48:17] [Server thread/INFO]: Percentiles: P50: 11,7ms P95: 16,3ms P99: 22,8ms, sample: 100"
"with-umce","2","2026-09-27T15:48:17.1734453+00:00","646522184381b84f3179ea440c481a63331a8f518bdbf22902283a96953672c7","True","20","0","0","0","0","0","False","0","12","11,7","16,3","22,8","100","12,452590497458079","42,987698855501826","1505492992","[17:48:17] [Server thread/INFO]: The game is running normally [17:48:17] [Server thread/INFO]: Target tick rate: 20,0 per second. Average time per tick: 12,0ms (Target: 50,0ms) [17:48:17] [Server thread/INFO]: Percentiles: P50: 11,7ms P95: 16,3ms P99: 22,8ms, sample: 100"
"with-umce","2","2026-09-27T15:48:17.2989225+00:00","646522184381b84f3179ea440c481a63331a8f518bdbf22902283a96953672c7","True","20","0","0","0","0","0","False","0","12","11,7","16,3","22,8","100","25,737068461425693","42,987698855501826","1505492992","[17:48:17] [Server thread/INFO]: The game is running normally [17:48:17] [Server thread/INFO]: Target tick rate: 20,0 per second. Average time per tick: 12,0ms (Target: 50,0ms) [17:48:17] [Server thread/INFO]: Percentiles: P50: 11,7ms P95: 16,3ms P99: 22,8ms, sample: 100"
"with-umce","2","2026-09-27T15:48:17.4203690+00:00","646522184381b84f3179ea440c481a63331a8f518bdbf22902283a96953672c7","True","20","0","0","0","0","0","False","0","12","11,7","16,3","22,8","100","87,33274033570905","42,987698855501826","1505492992","[17:48:17] [Server thread/INFO]: The game is running normally [17:48:17] [Server thread/INFO]: Target tick rate: 20,0 per second. Average time per tick: 12,0ms (Target: 50,0ms) [17:48:17] [Server thread/INFO]: Percentiles: P50: 11,7ms P95: 16,3ms P99: 22,8ms, sample: 100"
"with-umce","2","2026-09-27T15:48:17.5455573+00:00","646522184381b84f3179ea440c481a63331a8f518bdbf22902283a96953672c7","True","20","0","0","0","0","0","False","0","12","11,6","16,3","22,8","100","37,30030906538754","42,987698855501826","1505492992","[17:48:17] [Server thread/INFO]: The game is running normally [17:48:17] [Server thread/INFO]: Target tick rate: 20,0 per second. Average time per tick: 12,0ms (Target: 50,0ms) [17:48:17] [Server thread/INFO]: Percentiles: P50: 11,6ms P95: 16,3ms P99: 22,8ms, sample: 100"
"with-umce","2","2026-09-27T15:48:17.6712452+00:00","646522184381b84f3179ea440c481a63331a8f518bdbf22902283a96953672c7","True","20","0","0","0","0","0","False","0","12","11,6","16,3","22,8","100","75,20932258662309","42,987698855501826","1505492992","[17:48:17] [Server thread/INFO]: The game is running normally [17:48:17] [Server thread/INFO]: Target tick rate: 20,0 per second. Average time per tick: 12,0ms (Target: 50,0ms) [17:48:17] [Server thread/INFO]: Percentiles: P50: 11,6ms P95: 16,3ms P99: 22,8ms, sample: 100"
"with-umce","2","2026-09-27T15:48:17.7958780+00:00","646522184381b84f3179ea440c481a63331a8f518bdbf22902283a96953672c7","True","20","0","0","0","0","0","False","0","12","11,7","16,3","22,8","100","89,69884152152197","42,987698855501826","1505492992","[17:48:17] [Server thread/INFO]: The game is running normally [17:48:17] [Server thread/INFO]: Target tick rate: 20,0 per second. Average time per tick: 12,0ms (Target: 50,0ms) [17:48:17] [Server thread/INFO]: Percentiles: P50: 11,7ms P95: 16,3ms P99: 22,8ms, sample: 100"
"with-umce","2","2026-09-27T15:48:17.9178367+00:00","646522184381b84f3179ea440c481a63331a8f518bdbf22902283a96953672c7","True","20","0","0","0","0","0","False","0","12","11,7","16,3","22,8","100","62,69364814037599","42,987698855501826","1505492992","[17:48:17] [Server thread/INFO]: The game is running normally [17:48:17] [Server thread/INFO]: Target tick rate: 20,0 per second. Average time per tick: 12,0ms (Target: 50,0ms) [17:48:17] [Server thread/INFO]: Percentiles: P50: 11,7ms P95: 16,3ms P99: 22,8ms, sample: 100"
"with-umce","2","2026-09-27T15:48:18.0424770+00:00","646522184381b84f3179ea440c481a63331a8f518bdbf22902283a96953672c7","True","20","0","0","0","0","0","False","0","11,8","11,6","15,5","19,6","100","62,76214492693081","42,987698855501826","1505492992","[17:48:18] [Server thread/INFO]: The game is running normally [17:48:18] [Server thread/INFO]: Target tick rate: 20,0 per second. Average time per tick: 11,8ms (Target: 50,0ms) [17:48:18] [Server thread/INFO]: Percentiles: P50: 11,6ms P95: 15,5ms P99: 19,6ms, sample: 100"
"with-umce","2","2026-09-27T15:48:18.1669704+00:00","646522184381b84f3179ea440c481a63331a8f518bdbf22902283a96953672c7","True","20","0","0","0","0","0","False","0","11,8","11,6","15,5","19,6","100","62,767489935107456","42,987698855501826","1505492992","[17:48:18] [Server thread/INFO]: The game is running normally [17:48:18] [Server thread/INFO]: Target tick rate: 20,0 per second. Average time per tick: 11,8ms (Target: 50,0ms) [17:48:18] [Server thread/INFO]: Percentiles: P50: 11,6ms P95: 15,5ms P99: 19,6ms, sample: 100"
"with-umce","2","2026-09-27T15:48:18.2913888+00:00","646522184381b84f3179ea440c481a63331a8f518bdbf22902283a96953672c7","True","20","0","0","0","0","0","False","0","11,9","11,7","15,5","19,6","100","50,843059271618266","42,987698855501826","1505492992","[17:48:18] [Server thread/INFO]: The game is running normally [17:48:18] [Server thread/INFO]: Target tick rate: 20,0 per second. Average time per tick: 11,9ms (Target: 50,0ms) [17:48:18] [Server thread/INFO]: Percentiles: P50: 11,7ms P95: 15,5ms P99: 19,6ms, sample: 100"
"with-umce","2","2026-09-27T15:48:18.4142979+00:00","646522184381b84f3179ea440c481a63331a8f518bdbf22902283a96953672c7","True","20","0","0","0","0","0","False","0","11,8","11,6","15,3","19,6","100","11,328743832631858","42,987698855501826","1505492992","[17:48:18] [Server thread/INFO]: The game is running normally [17:48:18] [Server thread/INFO]: Target tick rate: 20,0 per second. Average time per tick: 11,8ms (Target: 50,0ms) [17:48:18] [Server thread/INFO]: Percentiles: P50: 11,6ms P95: 15,3ms P99: 19,6ms, sample: 100"
"with-umce","2","2026-09-27T15:48:18.5522204+00:00","646522184381b84f3179ea440c481a63331a8f518bdbf22902283a96953672c7","True","20","0","0","0","0","0","False","0","11,8","11,6","15,3","19,6","100","0","42,987698855501826","1505492992","[17:48:18] [Server thread/INFO]: The game is running normally [17:48:18] [Server thread/INFO]: Target tick rate: 20,0 per second. Average time per tick: 11,8ms (Target: 50,0ms) [17:48:18] [Server thread/INFO]: Percentiles: P50: 11,6ms P95: 15,3ms P99: 19,6ms, sample: 100"
"with-umce","2","2026-09-27T15:48:18.6772612+00:00","646522184381b84f3179ea440c481a63331a8f518bdbf22902283a96953672c7","True","20","0","0","0","0","0","False","0","11,8","11,6","15,3","19,6","100","25,270454512373224","42,987698855501826","1505492992","[17:48:18] [Server thread/INFO]: The game is running normally [17:48:18] [Server thread/INFO]: Target tick rate: 20,0 per second. Average time per tick: 11,8ms (Target: 50,0ms) [17:48:18] [Server thread/INFO]: Percentiles: P50: 11,6ms P95: 15,3ms P99: 19,6ms, sample: 100"
"with-umce","2","2026-09-27T15:48:18.8008941+00:00","646522184381b84f3179ea440c481a63331a8f518bdbf22902283a96953672c7","True","20","0","0","0","0","0","False","0","11,7","11,6","15,3","19,6","100","24,76681547890303","42,987698855501826","1505492992","[17:48:18] [Server thread/INFO]: The game is running normally [17:48:18] [Server thread/INFO]: Target tick rate: 20,0 per second. Average time per tick: 11,7ms (Target: 50,0ms) [17:48:18] [Server thread/INFO]: Percentiles: P50: 11,6ms P95: 15,3ms P99: 19,6ms, sample: 100"
"with-umce","2","2026-09-27T15:48:18.9270840+00:00","646522184381b84f3179ea440c481a63331a8f518bdbf22902283a96953672c7","True","20","0","0","0","0","0","False","0","11,7","11,6","15,3","19,6","100","62,66131529008278","42,987698855501826","1505492992","[17:48:18] [Server thread/INFO]: The game is running normally [17:48:18] [Server thread/INFO]: Target tick rate: 20,0 per second. Average time per tick: 11,7ms (Target: 50,0ms) [17:48:18] [Server thread/INFO]: Percentiles: P50: 11,6ms P95: 15,3ms P99: 19,6ms, sample: 100"
"with-umce","2","2026-09-27T15:48:19.0517508+00:00","646522184381b84f3179ea440c481a63331a8f518bdbf22902283a96953672c7","True","20","0","0","0","0","0","False","0","11,7","11,5","15,3","19,6","100","0","42,987698855501826","1505492992","[17:48:19] [Server thread/INFO]: The game is running normally [17:48:19] [Server thread/INFO]: Target tick rate: 20,0 per second. Average time per tick: 11,7ms (Target: 50,0ms) [17:48:19] [Server thread/INFO]: Percentiles: P50: 11,5ms P95: 15,3ms P99: 19,6ms, sample: 100"
"with-umce","2","2026-09-27T15:48:19.1751241+00:00","646522184381b84f3179ea440c481a63331a8f518bdbf22902283a96953672c7","True","20","0","0","0","0","0","False","0","11,7","11,5","15,3","19,6","100","0","42,987698855501826","1505492992","[17:48:19] [Server thread/INFO]: The game is running normally [17:48:19] [Server thread/INFO]: Target tick rate: 20,0 per second. Average time per tick: 11,7ms (Target: 50,0ms) [17:48:19] [Server thread/INFO]: Percentiles: P50: 11,5ms P95: 15,3ms P99: 19,6ms, sample: 100"
"with-umce","2","2026-09-27T15:48:19.2988814+00:00","646522184381b84f3179ea440c481a63331a8f518bdbf22902283a96953672c7","True","20","0","0","0","0","0","False","0","11,7","11,5","15,3","19,6","100","0","42,987698855501826","1505492992","[17:48:19] [Server thread/INFO]: The game is running normally [17:48:19] [Server thread/INFO]: Target tick rate: 20,0 per second. Average time per tick: 11,7ms (Target: 50,0ms) [17:48:19] [Server thread/INFO]: Percentiles: P50: 11,5ms P95: 15,3ms P99: 19,6ms, sample: 100"
"with-umce","2","2026-09-27T15:48:19.4248306+00:00","646522184381b84f3179ea440c481a63331a8f518bdbf22902283a96953672c7","True","20","0","0","0","0","0","False","0","11,6","11,5","15,3","19,6","100","50,785096971095555","42,987698855501826","1505492992","[17:48:19] [Server thread/INFO]: The game is running normally [17:48:19] [Server thread/INFO]: Target tick rate: 20,0 per second. Average time per tick: 11,6ms (Target: 50,0ms) [17:48:19] [Server thread/INFO]: Percentiles: P50: 11,5ms P95: 15,3ms P99: 19,6ms, sample: 100"
"with-umce","2","2026-09-27T15:48:19.5478651+00:00","646522184381b84f3179ea440c481a63331a8f518bdbf22902283a96953672c7","True","20","0","0","0","0","0","False","0","11,6","11,5","15,1","19,6","100","37,58195873561062","42,987698855501826","1505492992","[17:48:19] [Server thread/INFO]: The game is running normally [17:48:19] [Server thread/INFO]: Target tick rate: 20,0 per second. Average time per tick: 11,6ms (Target: 50,0ms) [17:48:19] [Server thread/INFO]: Percentiles: P50: 11,5ms P95: 15,1ms P99: 19,6ms, sample: 100"
"with-umce","2","2026-09-27T15:48:19.6726294+00:00","646522184381b84f3179ea440c481a63331a8f518bdbf22902283a96953672c7","True","20","0","0","0","0","0","False","0","11,6","11,5","15,1","19,6","100","140,2413252325864","42,987698855501826","1505492992","[17:48:19] [Server thread/INFO]: The game is running normally [17:48:19] [Server thread/INFO]: Target tick rate: 20,0 per second. Average time per tick: 11,6ms (Target: 50,0ms) [17:48:19] [Server thread/INFO]: Percentiles: P50: 11,5ms P95: 15,1ms P99: 19,6ms, sample: 100"
"with-umce","2","2026-09-27T15:48:19.7951515+00:00","646522184381b84f3179ea440c481a63331a8f518bdbf22902283a96953672c7","True","20","0","0","0","0","0","False","0","11,6","11,5","15,1","19,6","100","37,8649576074032","42,987698855501826","1505492992","[17:48:19] [Server thread/INFO]: The game is running normally [17:48:19] [Server thread/INFO]: Target tick rate: 20,0 per second. Average time per tick: 11,6ms (Target: 50,0ms) [17:48:19] [Server thread/INFO]: Percentiles: P50: 11,5ms P95: 15,1ms P99: 19,6ms, sample: 100"
"with-umce","2","2026-09-27T15:48:19.9189912+00:00","646522184381b84f3179ea440c481a63331a8f518bdbf22902283a96953672c7","True","20","0","0","0","0","0","False","0","11,6","11,5","15,1","19,6","100","63,21314542138591","42,987698855501826","1505492992","[17:48:19] [Server thread/INFO]: The game is running normally [17:48:19] [Server thread/INFO]: Target tick rate: 20,0 per second. Average time per tick: 11,6ms (Target: 50,0ms) [17:48:19] [Server thread/INFO]: Percentiles: P50: 11,5ms P95: 15,1ms P99: 19,6ms, sample: 100"
"with-umce","2","2026-09-27T15:48:20.0425155+00:00","646522184381b84f3179ea440c481a63331a8f518bdbf22902283a96953672c7","True","20","0","0","0","0","0","False","0","11,6","11,5","15,4","19,6","100","37,674144967698695","42,987698855501826","1505492992","[17:48:20] [Server thread/INFO]: The game is running normally [17:48:20] [Server thread/INFO]: Target tick rate: 20,0 per second. Average time per tick: 11,6ms (Target: 50,0ms) [17:48:20] [Server thread/INFO]: Percentiles: P50: 11,5ms P95: 15,4ms P99: 19,6ms, sample: 100"
"with-umce","2","2026-09-27T15:48:20.1669674+00:00","646522184381b84f3179ea440c481a63331a8f518bdbf22902283a96953672c7","True","20","0","0","0","0","0","False","0","11,6","11,5","15,4","19,6","100","75,10057468962434","42,987698855501826","1505492992","[17:48:20] [Server thread/INFO]: The game is running normally [17:48:20] [Server thread/INFO]: Target tick rate: 20,0 per second. Average time per tick: 11,6ms (Target: 50,0ms) [17:48:20] [Server thread/INFO]: Percentiles: P50: 11,5ms P95: 15,4ms P99: 19,6ms, sample: 100"
"with-umce","2","2026-09-27T15:48:20.2917742+00:00","646522184381b84f3179ea440c481a63331a8f518bdbf22902283a96953672c7","True","20","0","0","0","0","0","False","0","11,6","11,5","15,4","19,6","100","50,03742799614111","42,987698855501826","1505492992","[17:48:20] [Server thread/INFO]: The game is running normally [17:48:20] [Server thread/INFO]: Target tick rate: 20,0 per second. Average time per tick: 11,6ms (Target: 50,0ms) [17:48:20] [Server thread/INFO]: Percentiles: P50: 11,5ms P95: 15,4ms P99: 19,6ms, sample: 100"
"with-umce","2","2026-09-27T15:48:20.4167019+00:00","646522184381b84f3179ea440c481a63331a8f518bdbf22902283a96953672c7","True","20","0","0","0","0","0","False","0","11,6","11,5","15,4","19,6","100","62,67428465075683","42,987698855501826","1505492992","[17:48:20] [Server thread/INFO]: The game is running normally [17:48:20] [Server thread/INFO]: Target tick rate: 20,0 per second. Average time per tick: 11,6ms (Target: 50,0ms) [17:48:20] [Server thread/INFO]: Percentiles: P50: 11,5ms P95: 15,4ms P99: 19,6ms, sample: 100"
"with-umce","2","2026-09-27T15:48:20.5413737+00:00","646522184381b84f3179ea440c481a63331a8f518bdbf22902283a96953672c7","True","20","0","0","0","0","0","False","0","11,4","11,4","14,6","16,6","100","62,78630555332315","42,987698855501826","1505492992","[17:48:20] [Server thread/INFO]: The game is running normally [17:48:20] [Server thread/INFO]: Target tick rate: 20,0 per second. Average time per tick: 11,4ms (Target: 50,0ms) [17:48:20] [Server thread/INFO]: Percentiles: P50: 11,4ms P95: 14,6ms P99: 16,6ms, sample: 100"
"with-umce","2","2026-09-27T15:48:20.6657632+00:00","646522184381b84f3179ea440c481a63331a8f518bdbf22902283a96953672c7","True","20","0","0","0","0","0","False","0","11,4","11,4","14,6","16,6","100","61,99978572874052","42,987698855501826","1505492992","[17:48:20] [Server thread/INFO]: The game is running normally [17:48:20] [Server thread/INFO]: Target tick rate: 20,0 per second. Average time per tick: 11,4ms (Target: 50,0ms) [17:48:20] [Server thread/INFO]: Percentiles: P50: 11,4ms P95: 14,6ms P99: 16,6ms, sample: 100"
"with-umce","2","2026-09-27T15:48:20.7918139+00:00","646522184381b84f3179ea440c481a63331a8f518bdbf22902283a96953672c7","True","20","0","0","0","0","0","False","0","11,4","11,4","14,5","16,6","100","25,26199722562642","42,987698855501826","1505492992","[17:48:20] [Server thread/INFO]: The game is running normally [17:48:20] [Server thread/INFO]: Target tick rate: 20,0 per second. Average time per tick: 11,4ms (Target: 50,0ms) [17:48:20] [Server thread/INFO]: Percentiles: P50: 11,4ms P95: 14,5ms P99: 16,6ms, sample: 100"
"with-umce","2","2026-09-27T15:48:20.9154839+00:00","646522184381b84f3179ea440c481a63331a8f518bdbf22902283a96953672c7","True","20","0","0","0","0","0","False","0","11,4","11,4","14,5","16,6","100","76,13891636657782","42,987698855501826","1505492992","[17:48:20] [Server thread/INFO]: The game is running normally [17:48:20] [Server thread/INFO]: Target tick rate: 20,0 per second. Average time per tick: 11,4ms (Target: 50,0ms) [17:48:20] [Server thread/INFO]: Percentiles: P50: 11,4ms P95: 14,5ms P99: 16,6ms, sample: 100"
"with-umce","2","2026-09-27T15:48:21.0386109+00:00","646522184381b84f3179ea440c481a63331a8f518bdbf22902283a96953672c7","True","20","0","0","0","0","0","False","0","11,3","11,3","14,5","16,6","100","0","42,987698855501826","1505492992","[17:48:21] [Server thread/INFO]: The game is running normally [17:48:21] [Server thread/INFO]: Target tick rate: 20,0 per second. Average time per tick: 11,3ms (Target: 50,0ms) [17:48:21] [Server thread/INFO]: Percentiles: P50: 11,3ms P95: 14,5ms P99: 16,6ms, sample: 100"
"with-umce","2","2026-09-27T15:48:21.1755018+00:00","646522184381b84f3179ea440c481a63331a8f518bdbf22902283a96953672c7","True","20","0","0","0","0","0","False","0","11,3","11,2","14,5","16,6","100","0","42,987698855501826","1505492992","[17:48:21] [Server thread/INFO]: The game is running normally [17:48:21] [Server thread/INFO]: Target tick rate: 20,0 per second. Average time per tick: 11,3ms (Target: 50,0ms) [17:48:21] [Server thread/INFO]: Percentiles: P50: 11,2ms P95: 14,5ms P99: 16,6ms, sample: 100"
"with-umce","2","2026-09-27T15:48:21.2988938+00:00","646522184381b84f3179ea440c481a63331a8f518bdbf22902283a96953672c7","True","20","0","0","0","0","0","False","0","11,3","11,4","14,5","16,6","100","0","42,987698855501826","1505492992","[17:48:21] [Server thread/INFO]: The game is running normally [17:48:21] [Server thread/INFO]: Target tick rate: 20,0 per second. Average time per tick: 11,3ms (Target: 50,0ms) [17:48:21] [Server thread/INFO]: Percentiles: P50: 11,4ms P95: 14,5ms P99: 16,6ms, sample: 100"
"with-umce","2","2026-09-27T15:48:21.4258986+00:00","646522184381b84f3179ea440c481a63331a8f518bdbf22902283a96953672c7","True","20","0","0","0","0","0","False","0","11,3","11,4","14,5","16,6","100","0","42,987698855501826","1505492992","[17:48:21] [Server thread/INFO]: The game is running normally [17:48:21] [Server thread/INFO]: Target tick rate: 20,0 per second. Average time per tick: 11,3ms (Target: 50,0ms) [17:48:21] [Server thread/INFO]: Percentiles: P50: 11,4ms P95: 14,5ms P99: 16,6ms, sample: 100"
"with-umce","2","2026-09-27T15:48:21.5506592+00:00","646522184381b84f3179ea440c481a63331a8f518bdbf22902283a96953672c7","True","20","0","0","0","0","0","False","0","11,2","11,1","14,4","16,6","100","0","42,987698855501826","1505492992","[17:48:21] [Server thread/INFO]: The game is running normally [17:48:21] [Server thread/INFO]: Target tick rate: 20,0 per second. Average time per tick: 11,2ms (Target: 50,0ms) [17:48:21] [Server thread/INFO]: Percentiles: P50: 11,1ms P95: 14,4ms P99: 16,6ms, sample: 100"
"with-umce","2","2026-09-27T15:48:21.6740524+00:00","646522184381b84f3179ea440c481a63331a8f518bdbf22902283a96953672c7","True","20","0","0","0","0","0","False","0","11,1","11,1","14,4","16,6","100","0","42,987698855501826","1505492992","[17:48:21] [Server thread/INFO]: The game is running normally [17:48:21] [Server thread/INFO]: Target tick rate: 20,0 per second. Average time per tick: 11,1ms (Target: 50,0ms) [17:48:21] [Server thread/INFO]: Percentiles: P50: 11,1ms P95: 14,4ms P99: 16,6ms, sample: 100"
"with-umce","2","2026-09-27T15:48:21.7996171+00:00","646522184381b84f3179ea440c481a63331a8f518bdbf22902283a96953672c7","True","20","0","0","0","0","0","False","0","11","11","13,6","16,6","100","0","42,987698855501826","1505492992","[17:48:21] [Server thread/INFO]: The game is running normally [17:48:21] [Server thread/INFO]: Target tick rate: 20,0 per second. Average time per tick: 11,0ms (Target: 50,0ms) [17:48:21] [Server thread/INFO]: Percentiles: P50: 11,0ms P95: 13,6ms P99: 16,6ms, sample: 100"
"with-umce","2","2026-09-27T15:48:21.9237512+00:00","646522184381b84f3179ea440c481a63331a8f518bdbf22902283a96953672c7","True","20","0","0","0","0","0","False","0","10,9","11","13,5","16,6","100","25,327679384808903","42,987698855501826","1505492992","[17:48:21] [Server thread/INFO]: The game is running normally [17:48:21] [Server thread/INFO]: Target tick rate: 20,0 per second. Average time per tick: 10,9ms (Target: 50,0ms) [17:48:21] [Server thread/INFO]: Percentiles: P50: 11,0ms P95: 13,5ms P99: 16,6ms, sample: 100"
"with-umce","2","2026-09-27T15:48:22.0471867+00:00","646522184381b84f3179ea440c481a63331a8f518bdbf22902283a96953672c7","True","20","0","0","0","0","0","False","0","10,8","11","13,3","15,4","100","50,28279041328432","42,987698855501826","1505492992","[17:48:22] [Server thread/INFO]: The game is running normally [17:48:22] [Server thread/INFO]: Target tick rate: 20,0 per second. Average time per tick: 10,8ms (Target: 50,0ms) [17:48:22] [Server thread/INFO]: Percentiles: P50: 11,0ms P95: 13,3ms P99: 15,4ms, sample: 100"
"with-umce","2","2026-09-27T15:48:22.1714213+00:00","646522184381b84f3179ea440c481a63331a8f518bdbf22902283a96953672c7","True","20","0","0","0","0","0","False","0","10,9","11","13,5","15,4","100","50,56822503102867","42,987698855501826","1505492992","[17:48:22] [Server thread/INFO]: The game is running normally [17:48:22] [Server thread/INFO]: Target tick rate: 20,0 per second. Average time per tick: 10,9ms (Target: 50,0ms) [17:48:22] [Server thread/INFO]: Percentiles: P50: 11,0ms P95: 13,5ms P99: 15,4ms, sample: 100"
"with-umce","2","2026-09-27T15:48:22.2950362+00:00","646522184381b84f3179ea440c481a63331a8f518bdbf22902283a96953672c7","True","20","0","0","0","0","0","False","0","10,9","11","13,6","16","100","62,91767267830768","42,987698855501826","1505492992","[17:48:22] [Server thread/INFO]: The game is running normally [17:48:22] [Server thread/INFO]: Target tick rate: 20,0 per second. Average time per tick: 10,9ms (Target: 50,0ms) [17:48:22] [Server thread/INFO]: Percentiles: P50: 11,0ms P95: 13,6ms P99: 16,0ms, sample: 100"
"with-umce","2","2026-09-27T15:48:22.4192596+00:00","646522184381b84f3179ea440c481a63331a8f518bdbf22902283a96953672c7","True","20","0","0","0","0","0","False","0","11","11,1","13,6","16","100","63,79368489471694","42,987698855501826","1505492992","[17:48:22] [Server thread/INFO]: The game is running normally [17:48:22] [Server thread/INFO]: Target tick rate: 20,0 per second. Average time per tick: 11,0ms (Target: 50,0ms) [17:48:22] [Server thread/INFO]: Percentiles: P50: 11,1ms P95: 13,6ms P99: 16,0ms, sample: 100"
"with-umce","2","2026-09-27T15:48:22.5416785+00:00","646522184381b84f3179ea440c481a63331a8f518bdbf22902283a96953672c7","True","20","0","0","0","0","0","False","0","11","11,1","13,7","16","100","50,364518237193515","42,987698855501826","1505492992","[17:48:22] [Server thread/INFO]: The game is running normally [17:48:22] [Server thread/INFO]: Target tick rate: 20,0 per second. Average time per tick: 11,0ms (Target: 50,0ms) [17:48:22] [Server thread/INFO]: Percentiles: P50: 11,1ms P95: 13,7ms P99: 16,0ms, sample: 100"
"with-umce","2","2026-09-27T15:48:22.6657490+00:00","646522184381b84f3179ea440c481a63331a8f518bdbf22902283a96953672c7","True","20","0","0","0","0","0","False","0","11","11,1","13,7","16","100","50,394203618384445","42,987698855501826","1505492992","[17:48:22] [Server thread/INFO]: The game is running normally [17:48:22] [Server thread/INFO]: Target tick rate: 20,0 per second. Average time per tick: 11,0ms (Target: 50,0ms) [17:48:22] [Server thread/INFO]: Percentiles: P50: 11,1ms P95: 13,7ms P99: 16,0ms, sample: 100"
"with-umce","2","2026-09-27T15:48:22.7897760+00:00","646522184381b84f3179ea440c481a63331a8f518bdbf22902283a96953672c7","True","20","0","0","0","0","0","False","0","11,1","11,1","13,8","16","100","87,28681069356205","42,987698855501826","1505492992","[17:48:22] [Server thread/INFO]: The game is running normally [17:48:22] [Server thread/INFO]: Target tick rate: 20,0 per second. Average time per tick: 11,1ms (Target: 50,0ms) [17:48:22] [Server thread/INFO]: Percentiles: P50: 11,1ms P95: 13,8ms P99: 16,0ms, sample: 100"
"with-umce","2","2026-09-27T15:48:22.9151094+00:00","646522184381b84f3179ea440c481a63331a8f518bdbf22902283a96953672c7","True","20","0","0","0","0","0","False","0","11,1","11,1","13,8","16","100","61,9498358973627","42,987698855501826","1505492992","[17:48:22] [Server thread/INFO]: The game is running normally [17:48:22] [Server thread/INFO]: Target tick rate: 20,0 per second. Average time per tick: 11,1ms (Target: 50,0ms) [17:48:22] [Server thread/INFO]: Percentiles: P50: 11,1ms P95: 13,8ms P99: 16,0ms, sample: 100"
"with-umce","2","2026-09-27T15:48:23.0414088+00:00","646522184381b84f3179ea440c481a63331a8f518bdbf22902283a96953672c7","True","20","0","0","0","0","0","False","0","11,2","11,2","13,8","16","100","75,9487518075803","42,987698855501826","1505492992","[17:48:23] [Server thread/INFO]: The game is running normally [17:48:23] [Server thread/INFO]: Target tick rate: 20,0 per second. Average time per tick: 11,2ms (Target: 50,0ms) [17:48:23] [Server thread/INFO]: Percentiles: P50: 11,2ms P95: 13,8ms P99: 16,0ms, sample: 100"
"with-umce","2","2026-09-27T15:48:23.1646423+00:00","646522184381b84f3179ea440c481a63331a8f518bdbf22902283a96953672c7","True","20","0","0","0","0","0","False","0","11,4","11,4","13,8","22,2","100","49,9437832775428","42,987698855501826","1505492992","[17:48:23] [Server thread/INFO]: The game is running normally [17:48:23] [Server thread/INFO]: Target tick rate: 20,0 per second. Average time per tick: 11,4ms (Target: 50,0ms) [17:48:23] [Server thread/INFO]: Percentiles: P50: 11,4ms P95: 13,8ms P99: 22,2ms, sample: 100"
"with-umce","2","2026-09-27T15:48:23.2898042+00:00","646522184381b84f3179ea440c481a63331a8f518bdbf22902283a96953672c7","True","20","0","0","0","0","0","False","0","11,3","11,3","13,8","22,2","100","37,79397666811527","42,987698855501826","1505492992","[17:48:23] [Server thread/INFO]: The game is running normally [17:48:23] [Server thread/INFO]: Target tick rate: 20,0 per second. Average time per tick: 11,3ms (Target: 50,0ms) [17:48:23] [Server thread/INFO]: Percentiles: P50: 11,3ms P95: 13,8ms P99: 22,2ms, sample: 100"
"with-umce","2","2026-09-27T15:48:23.4138205+00:00","646522184381b84f3179ea440c481a63331a8f518bdbf22902283a96953672c7","True","20","0","0","0","0","0","False","0","11,4","11,3","13,8","22,2","100","37,23193010325655","42,987698855501826","1505492992","[17:48:23] [Server thread/INFO]: The game is running normally [17:48:23] [Server thread/INFO]: Target tick rate: 20,0 per second. Average time per tick: 11,4ms (Target: 50,0ms) [17:48:23] [Server thread/INFO]: Percentiles: P50: 11,3ms P95: 13,8ms P99: 22,2ms, sample: 100"
"with-umce","2","2026-09-27T15:48:23.5397160+00:00","646522184381b84f3179ea440c481a63331a8f518bdbf22902283a96953672c7","True","20","0","0","0","0","0","False","0","11,3","11,3","13,8","22,2","100","37,22545482557045","42,987698855501826","1505492992","[17:48:23] [Server thread/INFO]: The game is running normally [17:48:23] [Server thread/INFO]: Target tick rate: 20,0 per second. Average time per tick: 11,3ms (Target: 50,0ms) [17:48:23] [Server thread/INFO]: Percentiles: P50: 11,3ms P95: 13,8ms P99: 22,2ms, sample: 100"
"with-umce","2","2026-09-27T15:48:23.6656438+00:00","646522184381b84f3179ea440c481a63331a8f518bdbf22902283a96953672c7","True","20","0","0","0","0","0","False","0","11,4","11,3","13,8","22,2","100","62,295024451544634","42,987698855501826","1505492992","[17:48:23] [Server thread/INFO]: The game is running normally [17:48:23] [Server thread/INFO]: Target tick rate: 20,0 per second. Average time per tick: 11,4ms (Target: 50,0ms) [17:48:23] [Server thread/INFO]: Percentiles: P50: 11,3ms P95: 13,8ms P99: 22,2ms, sample: 100"
"with-umce","2","2026-09-27T15:48:23.7910578+00:00","646522184381b84f3179ea440c481a63331a8f518bdbf22902283a96953672c7","True","20","0","0","0","0","0","False","0","11,4","11,2","13,8","22,2","100","63,7614566585324","42,987698855501826","1505492992","[17:48:23] [Server thread/INFO]: The game is running normally [17:48:23] [Server thread/INFO]: Target tick rate: 20,0 per second. Average time per tick: 11,4ms (Target: 50,0ms) [17:48:23] [Server thread/INFO]: Percentiles: P50: 11,2ms P95: 13,8ms P99: 22,2ms, sample: 100"
"with-umce","2","2026-09-27T15:48:23.9135991+00:00","646522184381b84f3179ea440c481a63331a8f518bdbf22902283a96953672c7","True","20","0","0","0","0","0","False","0","11,4","11,2","13,8","22,2","100","67,8118368002361","42,987698855501826","1505492992","[17:48:23] [Server thread/INFO]: The game is running normally [17:48:23] [Server thread/INFO]: Target tick rate: 20,0 per second. Average time per tick: 11,4ms (Target: 50,0ms) [17:48:23] [Server thread/INFO]: Percentiles: P50: 11,2ms P95: 13,8ms P99: 22,2ms, sample: 100"
"with-umce","2","2026-09-27T15:48:24.0518703+00:00","646522184381b84f3179ea440c481a63331a8f518bdbf22902283a96953672c7","True","20","0","0","0","0","0","False","0","11,5","11,2","15,4","22,2","100","0","42,987698855501826","1505492992","[17:48:24] [Server thread/INFO]: The game is running normally [17:48:24] [Server thread/INFO]: Target tick rate: 20,0 per second. Average time per tick: 11,5ms (Target: 50,0ms) [17:48:24] [Server thread/INFO]: Percentiles: P50: 11,2ms P95: 15,4ms P99: 22,2ms, sample: 100"
"with-umce","2","2026-09-27T15:48:24.1752557+00:00","646522184381b84f3179ea440c481a63331a8f518bdbf22902283a96953672c7","True","20","0","0","0","0","0","False","0","11,4","11,2","15,4","22,2","100","25,28648576917039","42,987698855501826","1505492992","[17:48:24] [Server thread/INFO]: The game is running normally [17:48:24] [Server thread/INFO]: Target tick rate: 20,0 per second. Average time per tick: 11,4ms (Target: 50,0ms) [17:48:24] [Server thread/INFO]: Percentiles: P50: 11,2ms P95: 15,4ms P99: 22,2ms, sample: 100"
"with-umce","2","2026-09-27T15:48:24.2988067+00:00","646522184381b84f3179ea440c481a63331a8f518bdbf22902283a96953672c7","True","20","0","0","0","0","0","False","0","11,5","11,2","15,4","22,2","100","37,2809965140777","42,987698855501826","1505492992","[17:48:24] [Server thread/INFO]: The game is running normally [17:48:24] [Server thread/INFO]: Target tick rate: 20,0 per second. Average time per tick: 11,5ms (Target: 50,0ms) [17:48:24] [Server thread/INFO]: Percentiles: P50: 11,2ms P95: 15,4ms P99: 22,2ms, sample: 100"
"with-umce","2","2026-09-27T15:48:24.4245873+00:00","646522184381b84f3179ea440c481a63331a8f518bdbf22902283a96953672c7","True","20","0","0","0","0","0","False","0","11,5","11,3","15,4","22,2","100","25,29700710097108","42,987698855501826","1505492992","[17:48:24] [Server thread/INFO]: The game is running normally [17:48:24] [Server thread/INFO]: Target tick rate: 20,0 per second. Average time per tick: 11,5ms (Target: 50,0ms) [17:48:24] [Server thread/INFO]: Percentiles: P50: 11,3ms P95: 15,4ms P99: 22,2ms, sample: 100"
"with-umce","2","2026-09-27T15:48:24.5481465+00:00","646522184381b84f3179ea440c481a63331a8f518bdbf22902283a96953672c7","True","20","0","0","0","0","0","False","0","11,5","11,2","15,4","22,2","100","38,10566670893855","42,987698855501826","1505492992","[17:48:24] [Server thread/INFO]: The game is running normally [17:48:24] [Server thread/INFO]: Target tick rate: 20,0 per second. Average time per tick: 11,5ms (Target: 50,0ms) [17:48:24] [Server thread/INFO]: Percentiles: P50: 11,2ms P95: 15,4ms P99: 22,2ms, sample: 100"
"with-umce","2","2026-09-27T15:48:24.6710953+00:00","646522184381b84f3179ea440c481a63331a8f518bdbf22902283a96953672c7","True","20","0","0","0","0","0","False","0","11,4","11,2","15,4","22,2","100","101,8597969160113","42,987698855501826","1505492992","[17:48:24] [Server thread/INFO]: The game is running normally [17:48:24] [Server thread/INFO]: Target tick rate: 20,0 per second. Average time per tick: 11,4ms (Target: 50,0ms) [17:48:24] [Server thread/INFO]: Percentiles: P50: 11,2ms P95: 15,4ms P99: 22,2ms, sample: 100"
"with-umce","2","2026-09-27T15:48:24.7937932+00:00","646522184381b84f3179ea440c481a63331a8f518bdbf22902283a96953672c7","True","20","0","0","0","0","0","False","0","11,4","11,1","15,4","22,2","100","49,9682202119452","42,987698855501826","1505492992","[17:48:24] [Server thread/INFO]: The game is running normally [17:48:24] [Server thread/INFO]: Target tick rate: 20,0 per second. Average time per tick: 11,4ms (Target: 50,0ms) [17:48:24] [Server thread/INFO]: Percentiles: P50: 11,1ms P95: 15,4ms P99: 22,2ms, sample: 100"
"with-umce","2","2026-09-27T15:48:24.9188782+00:00","646522184381b84f3179ea440c481a63331a8f518bdbf22902283a96953672c7","True","20","0","0","0","0","0","False","0","11,4","11,1","15,4","22,2","100","86,83250119679997","42,987698855501826","1505492992","[17:48:24] [Server thread/INFO]: The game is running normally [17:48:24] [Server thread/INFO]: Target tick rate: 20,0 per second. Average time per tick: 11,4ms (Target: 50,0ms) [17:48:24] [Server thread/INFO]: Percentiles: P50: 11,1ms P95: 15,4ms P99: 22,2ms, sample: 100"
"with-umce","2","2026-09-27T15:48:25.0448611+00:00","646522184381b84f3179ea440c481a63331a8f518bdbf22902283a96953672c7","True","20","0","0","0","0","0","False","0","11,3","11","14,1","22,2","100","62,44634609943137","42,987698855501826","1505492992","[17:48:25] [Server thread/INFO]: The game is running normally [17:48:25] [Server thread/INFO]: Target tick rate: 20,0 per second. Average time per tick: 11,3ms (Target: 50,0ms) [17:48:25] [Server thread/INFO]: Percentiles: P50: 11,0ms P95: 14,1ms P99: 22,2ms, sample: 100"
"with-umce","2","2026-09-27T15:48:25.1699931+00:00","646522184381b84f3179ea440c481a63331a8f518bdbf22902283a96953672c7","True","20","0","0","0","0","0","False","0","11,3","11","14,1","22,2","100","162,37594477818945","42,987698855501826","1505492992","[17:48:25] [Server thread/INFO]: The game is running normally [17:48:25] [Server thread/INFO]: Target tick rate: 20,0 per second. Average time per tick: 11,3ms (Target: 50,0ms) [17:48:25] [Server thread/INFO]: Percentiles: P50: 11,0ms P95: 14,1ms P99: 22,2ms, sample: 100"
"with-umce","2","2026-09-27T15:48:25.2950786+00:00","646522184381b84f3179ea440c481a63331a8f518bdbf22902283a96953672c7","True","20","0","0","0","0","0","False","0","11,3","11,1","14,1","22,2","100","87,85839195245244","42,987698855501826","1505492992","[17:48:25] [Server thread/INFO]: The game is running normally [17:48:25] [Server thread/INFO]: Target tick rate: 20,0 per second. Average time per tick: 11,3ms (Target: 50,0ms) [17:48:25] [Server thread/INFO]: Percentiles: P50: 11,1ms P95: 14,1ms P99: 22,2ms, sample: 100"
"with-umce","2","2026-09-27T15:48:25.4195692+00:00","646522184381b84f3179ea440c481a63331a8f518bdbf22902283a96953672c7","True","20","0","0","0","0","0","False","0","11,3","11,1","14,1","22,2","100","62,353892359423405","42,987698855501826","1505492992","[17:48:25] [Server thread/INFO]: The game is running normally [17:48:25] [Server thread/INFO]: Target tick rate: 20,0 per second. Average time per tick: 11,3ms (Target: 50,0ms) [17:48:25] [Server thread/INFO]: Percentiles: P50: 11,1ms P95: 14,1ms P99: 22,2ms, sample: 100"
"with-umce","2","2026-09-27T15:48:25.5448465+00:00","646522184381b84f3179ea440c481a63331a8f518bdbf22902283a96953672c7","True","20","0","0","0","0","0","False","0","11,3","11,1","14,1","22,2","100","37,84734781934684","42,987698855501826","1505492992","[17:48:25] [Server thread/INFO]: The game is running normally [17:48:25] [Server thread/INFO]: Target tick rate: 20,0 per second. Average time per tick: 11,3ms (Target: 50,0ms) [17:48:25] [Server thread/INFO]: Percentiles: P50: 11,1ms P95: 14,1ms P99: 22,2ms, sample: 100"
"with-umce","2","2026-09-27T15:48:25.6687507+00:00","646522184381b84f3179ea440c481a63331a8f518bdbf22902283a96953672c7","True","20","0","0","0","0","0","False","0","11,3","11,1","14,1","22,2","100","63,3499536582419","42,987698855501826","1505492992","[17:48:25] [Server thread/INFO]: The game is running normally [17:48:25] [Server thread/INFO]: Target tick rate: 20,0 per second. Average time per tick: 11,3ms (Target: 50,0ms) [17:48:25] [Server thread/INFO]: Percentiles: P50: 11,1ms P95: 14,1ms P99: 22,2ms, sample: 100"
"with-umce","2","2026-09-27T15:48:25.7920165+00:00","646522184381b84f3179ea440c481a63331a8f518bdbf22902283a96953672c7","True","20","0","0","0","0","0","False","0","11,3","11,1","14,1","22,2","100","38,05598268462936","42,987698855501826","1505492992","[17:48:25] [Server thread/INFO]: The game is running normally [17:48:25] [Server thread/INFO]: Target tick rate: 20,0 per second. Average time per tick: 11,3ms (Target: 50,0ms) [17:48:25] [Server thread/INFO]: Percentiles: P50: 11,1ms P95: 14,1ms P99: 22,2ms, sample: 100"
"with-umce","2","2026-09-27T15:48:25.9151860+00:00","646522184381b84f3179ea440c481a63331a8f518bdbf22902283a96953672c7","True","20","0","0","0","0","0","False","0","11,2","11","14,1","22,2","100","50,67318310288521","42,987698855501826","1505492992","[17:48:25] [Server thread/INFO]: The game is running normally [17:48:25] [Server thread/INFO]: Target tick rate: 20,0 per second. Average time per tick: 11,2ms (Target: 50,0ms) [17:48:25] [Server thread/INFO]: Percentiles: P50: 11,0ms P95: 14,1ms P99: 22,2ms, sample: 100"
"with-umce","2","2026-09-27T15:48:26.0385383+00:00","646522184381b84f3179ea440c481a63331a8f518bdbf22902283a96953672c7","True","20","0","0","0","0","0","False","0","11,3","11,1","14,1","22,2","100","24,861531215740808","42,987698855501826","1505492992","[17:48:26] [Server thread/INFO]: The game is running normally [17:48:26] [Server thread/INFO]: Target tick rate: 20,0 per second. Average time per tick: 11,3ms (Target: 50,0ms) [17:48:26] [Server thread/INFO]: Percentiles: P50: 11,1ms P95: 14,1ms P99: 22,2ms, sample: 100"
"with-umce","2","2026-09-27T15:48:26.1642132+00:00","646522184381b84f3179ea440c481a63331a8f518bdbf22902283a96953672c7","True","20","0","0","0","0","0","False","0","11,3","11,1","14,1","22,2","100","25,163745524879495","42,987698855501826","1505492992","[17:48:26] [Server thread/INFO]: The game is running normally [17:48:26] [Server thread/INFO]: Target tick rate: 20,0 per second. Average time per tick: 11,3ms (Target: 50,0ms) [17:48:26] [Server thread/INFO]: Percentiles: P50: 11,1ms P95: 14,1ms P99: 22,2ms, sample: 100"
"with-umce","2","2026-09-27T15:48:26.2884088+00:00","646522184381b84f3179ea440c481a63331a8f518bdbf22902283a96953672c7","True","20","0","0","0","0","0","False","0","11,2","11","14,1","22,2","100","37,37772996972304","42,987698855501826","1505492992","[17:48:26] [Server thread/INFO]: The game is running normally [17:48:26] [Server thread/INFO]: Target tick rate: 20,0 per second. Average time per tick: 11,2ms (Target: 50,0ms) [17:48:26] [Server thread/INFO]: Percentiles: P50: 11,0ms P95: 14,1ms P99: 22,2ms, sample: 100"
"with-umce","2","2026-09-27T15:48:26.4138176+00:00","646522184381b84f3179ea440c481a63331a8f518bdbf22902283a96953672c7","True","20","0","0","0","0","0","False","0","11,2","11","14,1","22,2","100","67,985328222287","42,987698855501826","1505492992","[17:48:26] [Server thread/INFO]: The game is running normally [17:48:26] [Server thread/INFO]: Target tick rate: 20,0 per second. Average time per tick: 11,2ms (Target: 50,0ms) [17:48:26] [Server thread/INFO]: Percentiles: P50: 11,0ms P95: 14,1ms P99: 22,2ms, sample: 100"
"with-umce","2","2026-09-27T15:48:26.5517121+00:00","646522184381b84f3179ea440c481a63331a8f518bdbf22902283a96953672c7","True","20","0","0","0","0","0","False","0","11,2","11","14,1","22,2","100","75,46255527883716","42,987698855501826","1505492992","[17:48:26] [Server thread/INFO]: The game is running normally [17:48:26] [Server thread/INFO]: Target tick rate: 20,0 per second. Average time per tick: 11,2ms (Target: 50,0ms) [17:48:26] [Server thread/INFO]: Percentiles: P50: 11,0ms P95: 14,1ms P99: 22,2ms, sample: 100"
"with-umce","2","2026-09-27T15:48:26.6759439+00:00","646522184381b84f3179ea440c481a63331a8f518bdbf22902283a96953672c7","True","20","0","0","0","0","0","False","0","11,3","11,1","14,1","22,2","100","99,41037717092381","42,987698855501826","1505492992","[17:48:26] [Server thread/INFO]: The game is running normally [17:48:26] [Server thread/INFO]: Target tick rate: 20,0 per second. Average time per tick: 11,3ms (Target: 50,0ms) [17:48:26] [Server thread/INFO]: Percentiles: P50: 11,1ms P95: 14,1ms P99: 22,2ms, sample: 100"
"with-umce","2","2026-09-27T15:48:26.8017126+00:00","646522184381b84f3179ea440c481a63331a8f518bdbf22902283a96953672c7","True","20","0","0","0","0","0","False","0","11,4","11,1","14,1","22,2","100","33,814125106852636","42,987698855501826","1505492992","[17:48:26] [Server thread/INFO]: The game is running normally [17:48:26] [Server thread/INFO]: Target tick rate: 20,0 per second. Average time per tick: 11,4ms (Target: 50,0ms) [17:48:26] [Server thread/INFO]: Percentiles: P50: 11,1ms P95: 14,1ms P99: 22,2ms, sample: 100"
"with-umce","2","2026-09-27T15:48:26.9403406+00:00","646522184381b84f3179ea440c481a63331a8f518bdbf22902283a96953672c7","True","20","0","0","0","0","0","False","0","11,3","11","14,1","22,2","100","12,445161639750603","42,987698855501826","1505492992","[17:48:26] [Server thread/INFO]: The game is running normally [17:48:26] [Server thread/INFO]: Target tick rate: 20,0 per second. Average time per tick: 11,3ms (Target: 50,0ms) [17:48:26] [Server thread/INFO]: Percentiles: P50: 11,0ms P95: 14,1ms P99: 22,2ms, sample: 100"
"with-umce","2","2026-09-27T15:48:27.0658573+00:00","646522184381b84f3179ea440c481a63331a8f518bdbf22902283a96953672c7","True","20","0","0","0","0","0","False","0","11,4","11,1","14,1","22,2","100","0","42,987698855501826","1505492992","[17:48:27] [Server thread/INFO]: The game is running normally [17:48:27] [Server thread/INFO]: Target tick rate: 20,0 per second. Average time per tick: 11,4ms (Target: 50,0ms) [17:48:27] [Server thread/INFO]: Percentiles: P50: 11,1ms P95: 14,1ms P99: 22,2ms, sample: 100"
"with-umce","2","2026-09-27T15:48:27.1907419+00:00","646522184381b84f3179ea440c481a63331a8f518bdbf22902283a96953672c7","True","20","0","0","0","0","0","False","0","11,3","11","14,1","22,2","100","0","42,987698855501826","1505492992","[17:48:27] [Server thread/INFO]: The game is running normally [17:48:27] [Server thread/INFO]: Target tick rate: 20,0 per second. Average time per tick: 11,3ms (Target: 50,0ms) [17:48:27] [Server thread/INFO]: Percentiles: P50: 11,0ms P95: 14,1ms P99: 22,2ms, sample: 100"
"with-umce","2","2026-09-27T15:48:27.3141986+00:00","646522184381b84f3179ea440c481a63331a8f518bdbf22902283a96953672c7","True","20","0","0","0","0","0","False","0","11,3","11","13,8","22,2","100","87,65293684420577","42,987698855501826","1505492992","[17:48:27] [Server thread/INFO]: The game is running normally [17:48:27] [Server thread/INFO]: Target tick rate: 20,0 per second. Average time per tick: 11,3ms (Target: 50,0ms) [17:48:27] [Server thread/INFO]: Percentiles: P50: 11,0ms P95: 13,8ms P99: 22,2ms, sample: 100"
"with-umce","2","2026-09-27T15:48:27.4389924+00:00","646522184381b84f3179ea440c481a63331a8f518bdbf22902283a96953672c7","True","20","0","0","0","0","0","False","0","11,4","11","14,7","22,2","100","25,30393057087287","42,987698855501826","1505492992","[17:48:27] [Server thread/INFO]: The game is running normally [17:48:27] [Server thread/INFO]: Target tick rate: 20,0 per second. Average time per tick: 11,4ms (Target: 50,0ms) [17:48:27] [Server thread/INFO]: Percentiles: P50: 11,0ms P95: 14,7ms P99: 22,2ms, sample: 100"
"with-umce","2","2026-09-27T15:48:27.5624713+00:00","646522184381b84f3179ea440c481a63331a8f518bdbf22902283a96953672c7","True","20","0","0","0","0","0","False","0","11,3","11","14,7","22,2","100","38,027887929076265","42,987698855501826","1505492992","[17:48:27] [Server thread/INFO]: The game is running normally [17:48:27] [Server thread/INFO]: Target tick rate: 20,0 per second. Average time per tick: 11,3ms (Target: 50,0ms) [17:48:27] [Server thread/INFO]: Percentiles: P50: 11,0ms P95: 14,7ms P99: 22,2ms, sample: 100"
"with-umce","2","2026-09-27T15:48:27.6857540+00:00","646522184381b84f3179ea440c481a63331a8f518bdbf22902283a96953672c7","True","20","0","0","0","0","0","False","0","11,3","11","14,4","22,2","100","25,17986481031303","42,987698855501826","1505492992","[17:48:27] [Server thread/INFO]: The game is running normally [17:48:27] [Server thread/INFO]: Target tick rate: 20,0 per second. Average time per tick: 11,3ms (Target: 50,0ms) [17:48:27] [Server thread/INFO]: Percentiles: P50: 11,0ms P95: 14,4ms P99: 22,2ms, sample: 100"
"with-umce","2","2026-09-27T15:48:27.8098414+00:00","646522184381b84f3179ea440c481a63331a8f518bdbf22902283a96953672c7","True","20","0","0","0","0","0","False","0","11,3","10,9","14,4","22,2","100","87,38583913974783","42,987698855501826","1505492992","[17:48:27] [Server thread/INFO]: The game is running normally [17:48:27] [Server thread/INFO]: Target tick rate: 20,0 per second. Average time per tick: 11,3ms (Target: 50,0ms) [17:48:27] [Server thread/INFO]: Percentiles: P50: 10,9ms P95: 14,4ms P99: 22,2ms, sample: 100"
"with-umce","2","2026-09-27T15:48:27.9350192+00:00","646522184381b84f3179ea440c481a63331a8f518bdbf22902283a96953672c7","True","20","0","0","0","0","0","False","0","11,4","11","14,5","22,2","100","37,80074270899274","42,987698855501826","1505492992","[17:48:27] [Server thread/INFO]: The game is running normally [17:48:27] [Server thread/INFO]: Target tick rate: 20,0 per second. Average time per tick: 11,4ms (Target: 50,0ms) [17:48:27] [Server thread/INFO]: Percentiles: P50: 11,0ms P95: 14,5ms P99: 22,2ms, sample: 100"
"with-umce","2","2026-09-27T15:48:28.0590409+00:00","646522184381b84f3179ea440c481a63331a8f518bdbf22902283a96953672c7","True","20","0","0","0","0","0","False","0","11,3","11,1","14,5","17,7","100","49,94537973272429","42,987698855501826","1505492992","[17:48:28] [Server thread/INFO]: The game is running normally [17:48:28] [Server thread/INFO]: Target tick rate: 20,0 per second. Average time per tick: 11,3ms (Target: 50,0ms) [17:48:28] [Server thread/INFO]: Percentiles: P50: 11,1ms P95: 14,5ms P99: 17,7ms, sample: 100"
"with-umce","2","2026-09-27T15:48:28.1841438+00:00","646522184381b84f3179ea440c481a63331a8f518bdbf22902283a96953672c7","True","20","0","0","0","0","0","False","0","11,2","10,9","14,5","17,7","100","24,72855954755836","42,987698855501826","1505492992","[17:48:28] [Server thread/INFO]: The game is running normally [17:48:28] [Server thread/INFO]: Target tick rate: 20,0 per second. Average time per tick: 11,2ms (Target: 50,0ms) [17:48:28] [Server thread/INFO]: Percentiles: P50: 10,9ms P95: 14,5ms P99: 17,7ms, sample: 100"
"with-umce","2","2026-09-27T15:48:28.3105399+00:00","646522184381b84f3179ea440c481a63331a8f518bdbf22902283a96953672c7","True","20","0","0","0","0","0","False","0","11,2","10,9","14,5","17,7","100","38,404565780569214","42,987698855501826","1505492992","[17:48:28] [Server thread/INFO]: The game is running normally [17:48:28] [Server thread/INFO]: Target tick rate: 20,0 per second. Average time per tick: 11,2ms (Target: 50,0ms) [17:48:28] [Server thread/INFO]: Percentiles: P50: 10,9ms P95: 14,5ms P99: 17,7ms, sample: 100"
"with-umce","2","2026-09-27T15:48:28.4325673+00:00","646522184381b84f3179ea440c481a63331a8f518bdbf22902283a96953672c7","True","20","0","0","0","0","0","False","0","11,2","10,9","14,5","17,7","100","12,658802141099667","42,987698855501826","1505492992","[17:48:28] [Server thread/INFO]: The game is running normally [17:48:28] [Server thread/INFO]: Target tick rate: 20,0 per second. Average time per tick: 11,2ms (Target: 50,0ms) [17:48:28] [Server thread/INFO]: Percentiles: P50: 10,9ms P95: 14,5ms P99: 17,7ms, sample: 100"
"with-umce","2","2026-09-27T15:48:28.5560137+00:00","646522184381b84f3179ea440c481a63331a8f518bdbf22902283a96953672c7","True","20","0","0","0","0","0","False","0","11,1","10,9","14,5","17,7","100","50,99568046188215","42,987698855501826","1505492992","[17:48:28] [Server thread/INFO]: The game is running normally [17:48:28] [Server thread/INFO]: Target tick rate: 20,0 per second. Average time per tick: 11,1ms (Target: 50,0ms) [17:48:28] [Server thread/INFO]: Percentiles: P50: 10,9ms P95: 14,5ms P99: 17,7ms, sample: 100"
"with-umce","2","2026-09-27T15:48:28.6785601+00:00","646522184381b84f3179ea440c481a63331a8f518bdbf22902283a96953672c7","True","20","0","0","0","0","0","False","0","11,1","10,9","14,5","17,7","100","66,61053618817209","42,987698855501826","1505492992","[17:48:28] [Server thread/INFO]: The game is running normally [17:48:28] [Server thread/INFO]: Target tick rate: 20,0 per second. Average time per tick: 11,1ms (Target: 50,0ms) [17:48:28] [Server thread/INFO]: Percentiles: P50: 10,9ms P95: 14,5ms P99: 17,7ms, sample: 100"
"with-umce","2","2026-09-27T15:48:28.8193350+00:00","646522184381b84f3179ea440c481a63331a8f518bdbf22902283a96953672c7","True","20","0","0","0","0","0","False","0","11,1","10,8","14,5","17,7","100","37,39586000904681","42,987698855501826","1505492992","[17:48:28] [Server thread/INFO]: The game is running normally [17:48:28] [Server thread/INFO]: Target tick rate: 20,0 per second. Average time per tick: 11,1ms (Target: 50,0ms) [17:48:28] [Server thread/INFO]: Percentiles: P50: 10,8ms P95: 14,5ms P99: 17,7ms, sample: 100"
"with-umce","2","2026-09-27T15:48:28.9446546+00:00","646522184381b84f3179ea440c481a63331a8f518bdbf22902283a96953672c7","True","20","0","0","0","0","0","False","0","11","10,7","14,5","17,7","100","25,157809910003472","42,987698855501826","1505492992","[17:48:28] [Server thread/INFO]: The game is running normally [17:48:28] [Server thread/INFO]: Target tick rate: 20,0 per second. Average time per tick: 11,0ms (Target: 50,0ms) [17:48:28] [Server thread/INFO]: Percentiles: P50: 10,7ms P95: 14,5ms P99: 17,7ms, sample: 100"
"with-umce","2","2026-09-27T15:48:29.0689096+00:00","646522184381b84f3179ea440c481a63331a8f518bdbf22902283a96953672c7","True","20","0","0","0","0","0","False","0","10,9","10,7","14,4","17,7","100","56,41107844984884","42,987698855501826","1505492992","[17:48:29] [Server thread/INFO]: The game is running normally [17:48:29] [Server thread/INFO]: Target tick rate: 20,0 per second. Average time per tick: 10,9ms (Target: 50,0ms) [17:48:29] [Server thread/INFO]: Percentiles: P50: 10,7ms P95: 14,4ms P99: 17,7ms, sample: 100"
"with-umce","2","2026-09-27T15:48:29.2073669+00:00","646522184381b84f3179ea440c481a63331a8f518bdbf22902283a96953672c7","True","20","0","0","0","0","0","False","0","10,8","10,7","14,4","17,7","100","64,76941673119427","42,987698855501826","1505492992","[17:48:29] [Server thread/INFO]: The game is running normally [17:48:29] [Server thread/INFO]: Target tick rate: 20,0 per second. Average time per tick: 10,8ms (Target: 50,0ms) [17:48:29] [Server thread/INFO]: Percentiles: P50: 10,7ms P95: 14,4ms P99: 17,7ms, sample: 100"
"with-umce","2","2026-09-27T15:48:29.3279966+00:00","646522184381b84f3179ea440c481a63331a8f518bdbf22902283a96953672c7","True","20","0","0","0","0","0","False","0","10,7","10,5","14,4","17,7","100","63,37133044508778","42,987698855501826","1505492992","[17:48:29] [Server thread/INFO]: The game is running normally [17:48:29] [Server thread/INFO]: Target tick rate: 20,0 per second. Average time per tick: 10,7ms (Target: 50,0ms) [17:48:29] [Server thread/INFO]: Percentiles: P50: 10,5ms P95: 14,4ms P99: 17,7ms, sample: 100"
"with-umce","2","2026-09-27T15:48:29.4513054+00:00","646522184381b84f3179ea440c481a63331a8f518bdbf22902283a96953672c7","True","20","0","0","0","0","0","False","0","10,7","10,3","14,4","17,7","100","25,372138225785235","42,987698855501826","1505492992","[17:48:29] [Server thread/INFO]: The game is running normally [17:48:29] [Server thread/INFO]: Target tick rate: 20,0 per second. Average time per tick: 10,7ms (Target: 50,0ms) [17:48:29] [Server thread/INFO]: Percentiles: P50: 10,3ms P95: 14,4ms P99: 17,7ms, sample: 100"
"with-umce","2","2026-09-27T15:48:29.5744950+00:00","646522184381b84f3179ea440c481a63331a8f518bdbf22902283a96953672c7","True","20","0","0","0","0","0","False","0","10,6","10,3","14,4","17,7","100","25,140909771084974","42,987698855501826","1505492992","[17:48:29] [Server thread/INFO]: The game is running normally [17:48:29] [Server thread/INFO]: Target tick rate: 20,0 per second. Average time per tick: 10,6ms (Target: 50,0ms) [17:48:29] [Server thread/INFO]: Percentiles: P50: 10,3ms P95: 14,4ms P99: 17,7ms, sample: 100"
"with-umce","2","2026-09-27T15:48:29.6987252+00:00","646522184381b84f3179ea440c481a63331a8f518bdbf22902283a96953672c7","True","20","0","0","0","0","0","False","0","10,6","10,3","14,4","17,7","100","12,401797605837933","42,987698855501826","1505492992","[17:48:29] [Server thread/INFO]: The game is running normally [17:48:29] [Server thread/INFO]: Target tick rate: 20,0 per second. Average time per tick: 10,6ms (Target: 50,0ms) [17:48:29] [Server thread/INFO]: Percentiles: P50: 10,3ms P95: 14,4ms P99: 17,7ms, sample: 100"
"with-umce","2","2026-09-27T15:48:29.8247182+00:00","646522184381b84f3179ea440c481a63331a8f518bdbf22902283a96953672c7","True","20","0","0","0","0","0","False","0","10,5","10,3","14,4","17,7","100","12,565157882716615","42,987698855501826","1505492992","[17:48:29] [Server thread/INFO]: The game is running normally [17:48:29] [Server thread/INFO]: Target tick rate: 20,0 per second. Average time per tick: 10,5ms (Target: 50,0ms) [17:48:29] [Server thread/INFO]: Percentiles: P50: 10,3ms P95: 14,4ms P99: 17,7ms, sample: 100"
"with-umce","2","2026-09-27T15:48:29.9490747+00:00","646522184381b84f3179ea440c481a63331a8f518bdbf22902283a96953672c7","True","20","0","0","0","0","0","False","0","10,4","10","14,4","17,7","100","25,071624617206435","42,987698855501826","1505492992","[17:48:29] [Server thread/INFO]: The game is running normally [17:48:29] [Server thread/INFO]: Target tick rate: 20,0 per second. Average time per tick: 10,4ms (Target: 50,0ms) [17:48:29] [Server thread/INFO]: Percentiles: P50: 10,0ms P95: 14,4ms P99: 17,7ms, sample: 100"
"with-umce","2","2026-09-27T15:48:30.0737404+00:00","646522184381b84f3179ea440c481a63331a8f518bdbf22902283a96953672c7","True","20","0","0","0","0","0","False","0","10,4","9,9","14,4","17,7","100","25,026528119806997","42,987698855501826","1505492992","[17:48:30] [Server thread/INFO]: The game is running normally [17:48:30] [Server thread/INFO]: Target tick rate: 20,0 per second. Average time per tick: 10,4ms (Target: 50,0ms) [17:48:30] [Server thread/INFO]: Percentiles: P50: 9,9ms P95: 14,4ms P99: 17,7ms, sample: 100"
"with-umce","2","2026-09-27T15:48:30.1985956+00:00","646522184381b84f3179ea440c481a63331a8f518bdbf22902283a96953672c7","True","20","0","0","0","0","0","False","0","10,2","9,9","14,4","17,7","100","37,61377414403086","42,987698855501826","1505492992","[17:48:30] [Server thread/INFO]: The game is running normally [17:48:30] [Server thread/INFO]: Target tick rate: 20,0 per second. Average time per tick: 10,2ms (Target: 50,0ms) [17:48:30] [Server thread/INFO]: Percentiles: P50: 9,9ms P95: 14,4ms P99: 17,7ms, sample: 100"
"with-umce","2","2026-09-27T15:48:30.3232367+00:00","646522184381b84f3179ea440c481a63331a8f518bdbf22902283a96953672c7","True","20","0","0","0","0","0","False","0","10,2","9,9","14,5","17,7","100","25,444049552795384","42,987698855501826","1505492992","[17:48:30] [Server thread/INFO]: The game is running normally [17:48:30] [Server thread/INFO]: Target tick rate: 20,0 per second. Average time per tick: 10,2ms (Target: 50,0ms) [17:48:30] [Server thread/INFO]: Percentiles: P50: 9,9ms P95: 14,5ms P99: 17,7ms, sample: 100"
"with-umce","2","2026-09-27T15:48:30.4460222+00:00","646522184381b84f3179ea440c481a63331a8f518bdbf22902283a96953672c7","True","20","0","0","0","0","0","False","0","10,2","9,6","14,5","17,7","100","12,544930924599546","42,987698855501826","1505492992","[17:48:30] [Server thread/INFO]: The game is running normally [17:48:30] [Server thread/INFO]: Target tick rate: 20,0 per second. Average time per tick: 10,2ms (Target: 50,0ms) [17:48:30] [Server thread/INFO]: Percentiles: P50: 9,6ms P95: 14,5ms P99: 17,7ms, sample: 100"
"with-umce","2","2026-09-27T15:48:30.5705703+00:00","646522184381b84f3179ea440c481a63331a8f518bdbf22902283a96953672c7","True","20","0","0","0","0","0","False","0","10,1","9,6","14,5","17,7","100","37,55874187228826","42,987698855501826","1505492992","[17:48:30] [Server thread/INFO]: The game is running normally [17:48:30] [Server thread/INFO]: Target tick rate: 20,0 per second. Average time per tick: 10,1ms (Target: 50,0ms) [17:48:30] [Server thread/INFO]: Percentiles: P50: 9,6ms P95: 14,5ms P99: 17,7ms, sample: 100"
"with-umce","2","2026-09-27T15:48:30.6953940+00:00","646522184381b84f3179ea440c481a63331a8f518bdbf22902283a96953672c7","True","20","0","0","0","0","0","False","0","10,1","9,6","14,5","17,7","100","50,06083392538613","42,987698855501826","1505492992","[17:48:30] [Server thread/INFO]: The game is running normally [17:48:30] [Server thread/INFO]: Target tick rate: 20,0 per second. Average time per tick: 10,1ms (Target: 50,0ms) [17:48:30] [Server thread/INFO]: Percentiles: P50: 9,6ms P95: 14,5ms P99: 17,7ms, sample: 100"
"with-umce","2","2026-09-27T15:48:30.8202231+00:00","646522184381b84f3179ea440c481a63331a8f518bdbf22902283a96953672c7","True","20","0","0","0","0","0","False","0","10","9,5","14,5","17,7","100","62,48025623902846","42,987698855501826","1505492992","[17:48:30] [Server thread/INFO]: The game is running normally [17:48:30] [Server thread/INFO]: Target tick rate: 20,0 per second. Average time per tick: 10,0ms (Target: 50,0ms) [17:48:30] [Server thread/INFO]: Percentiles: P50: 9,5ms P95: 14,5ms P99: 17,7ms, sample: 100"
"with-umce","2","2026-09-27T15:48:30.9452941+00:00","646522184381b84f3179ea440c481a63331a8f518bdbf22902283a96953672c7","True","20","0","0","0","0","0","False","0","9,9","9,4","14,5","17,7","100","62,382421611746175","42,987698855501826","1505492992","[17:48:30] [Server thread/INFO]: The game is running normally [17:48:30] [Server thread/INFO]: Target tick rate: 20,0 per second. Average time per tick: 9,9ms (Target: 50,0ms) [17:48:30] [Server thread/INFO]: Percentiles: P50: 9,4ms P95: 14,5ms P99: 17,7ms, sample: 100"
"with-umce","2","2026-09-27T15:48:31.0705327+00:00","646522184381b84f3179ea440c481a63331a8f518bdbf22902283a96953672c7","True","20","0","0","0","0","0","False","0","9,8","9,3","14,5","17,7","100","62,9504735890029","42,987698855501826","1505492992","[17:48:31] [Server thread/INFO]: The game is running normally [17:48:31] [Server thread/INFO]: Target tick rate: 20,0 per second. Average time per tick: 9,8ms (Target: 50,0ms) [17:48:31] [Server thread/INFO]: Percentiles: P50: 9,3ms P95: 14,5ms P99: 17,7ms, sample: 100"
"with-umce","2","2026-09-27T15:48:31.1946180+00:00","646522184381b84f3179ea440c481a63331a8f518bdbf22902283a96953672c7","True","20","0","0","0","0","0","False","0","9,8","9,2","14,5","17,7","100","12,281825649168177","42,987698855501826","1505492992","[17:48:31] [Server thread/INFO]: The game is running normally [17:48:31] [Server thread/INFO]: Target tick rate: 20,0 per second. Average time per tick: 9,8ms (Target: 50,0ms) [17:48:31] [Server thread/INFO]: Percentiles: P50: 9,2ms P95: 14,5ms P99: 17,7ms, sample: 100"
"with-umce","2","2026-09-27T15:48:31.3218420+00:00","646522184381b84f3179ea440c481a63331a8f518bdbf22902283a96953672c7","True","20","0","0","0","0","0","False","0","9,7","9,1","14,5","17,7","100","50,104779114083364","42,987698855501826","1505492992","[17:48:31] [Server thread/INFO]: The game is running normally [17:48:31] [Server thread/INFO]: Target tick rate: 20,0 per second. Average time per tick: 9,7ms (Target: 50,0ms) [17:48:31] [Server thread/INFO]: Percentiles: P50: 9,1ms P95: 14,5ms P99: 17,7ms, sample: 100"
"with-umce","2","2026-09-27T15:48:31.4465676+00:00","646522184381b84f3179ea440c481a63331a8f518bdbf22902283a96953672c7","True","20","0","0","0","0","0","False","0","9,6","9","14,5","17,7","100","63,764006656758255","42,987698855501826","1505492992","[17:48:31] [Server thread/INFO]: The game is running normally [17:48:31] [Server thread/INFO]: Target tick rate: 20,0 per second. Average time per tick: 9,6ms (Target: 50,0ms) [17:48:31] [Server thread/INFO]: Percentiles: P50: 9,0ms P95: 14,5ms P99: 17,7ms, sample: 100"
"with-umce","2","2026-09-27T15:48:31.5691026+00:00","646522184381b84f3179ea440c481a63331a8f518bdbf22902283a96953672c7","True","20","0","0","0","0","0","False","0","9,5","8,8","14,5","17,7","100","22,32272010023437","42,987698855501826","1505492992","[17:48:31] [Server thread/INFO]: The game is running normally [17:48:31] [Server thread/INFO]: Target tick rate: 20,0 per second. Average time per tick: 9,5ms (Target: 50,0ms) [17:48:31] [Server thread/INFO]: Percentiles: P50: 8,8ms P95: 14,5ms P99: 17,7ms, sample: 100"
"with-umce","2","2026-09-27T15:48:31.7091010+00:00","646522184381b84f3179ea440c481a63331a8f518bdbf22902283a96953672c7","True","20","0","0","0","0","0","False","0","9,4","8,7","14,5","17,7","100","33,481353653806735","42,987698855501826","1505492992","[17:48:31] [Server thread/INFO]: The game is running normally [17:48:31] [Server thread/INFO]: Target tick rate: 20,0 per second. Average time per tick: 9,4ms (Target: 50,0ms) [17:48:31] [Server thread/INFO]: Percentiles: P50: 8,7ms P95: 14,5ms P99: 17,7ms, sample: 100"
"with-umce","2","2026-09-27T15:48:31.8490892+00:00","646522184381b84f3179ea440c481a63331a8f518bdbf22902283a96953672c7","True","20","0","0","0","0","0","False","0","9,3","8,5","14,5","17,7","100","100,27595944037992","42,987698855501826","1505492992","[17:48:31] [Server thread/INFO]: The game is running normally [17:48:31] [Server thread/INFO]: Target tick rate: 20,0 per second. Average time per tick: 9,3ms (Target: 50,0ms) [17:48:31] [Server thread/INFO]: Percentiles: P50: 8,5ms P95: 14,5ms P99: 17,7ms, sample: 100"
"with-umce","2","2026-09-27T15:48:31.9893721+00:00","646522184381b84f3179ea440c481a63331a8f518bdbf22902283a96953672c7","True","20","0","0","0","0","0","False","0","9,2","8,5","14,5","17,7","100","10,954188706494344","42,987698855501826","1505492992","[17:48:32] [Server thread/INFO]: The game is running normally [17:48:32] [Server thread/INFO]: Target tick rate: 20,0 per second. Average time per tick: 9,2ms (Target: 50,0ms) [17:48:32] [Server thread/INFO]: Percentiles: P50: 8,5ms P95: 14,5ms P99: 17,7ms, sample: 100"
"with-umce","2","2026-09-27T15:48:32.1319722+00:00","646522184381b84f3179ea440c481a63331a8f518bdbf22902283a96953672c7","True","20","0","0","0","0","0","False","0","9,2","8,4","14,5","17,7","100","62,03848331492362","42,987698855501826","1505492992","[17:48:32] [Server thread/INFO]: The game is running normally [17:48:32] [Server thread/INFO]: Target tick rate: 20,0 per second. Average time per tick: 9,2ms (Target: 50,0ms) [17:48:32] [Server thread/INFO]: Percentiles: P50: 8,4ms P95: 14,5ms P99: 17,7ms, sample: 100"
"with-umce","2","2026-09-27T15:48:32.2578894+00:00","646522184381b84f3179ea440c481a63331a8f518bdbf22902283a96953672c7","True","20","0","0","0","0","0","False","0","9,1","8,4","14,5","17,7","100","49,85704986662242","42,987698855501826","1505492992","[17:48:32] [Server thread/INFO]: The game is running normally [17:48:32] [Server thread/INFO]: Target tick rate: 20,0 per second. Average time per tick: 9,1ms (Target: 50,0ms) [17:48:32] [Server thread/INFO]: Percentiles: P50: 8,4ms P95: 14,5ms P99: 17,7ms, sample: 100"
"with-umce","2","2026-09-27T15:48:32.3833413+00:00","646522184381b84f3179ea440c481a63331a8f518bdbf22902283a96953672c7","True","20","0","0","0","0","0","False","0","9,1","8,3","14,5","17,7","100","49,85426600960074","42,987698855501826","1505492992","[17:48:32] [Server thread/INFO]: The game is running normally [17:48:32] [Server thread/INFO]: Target tick rate: 20,0 per second. Average time per tick: 9,1ms (Target: 50,0ms) [17:48:32] [Server thread/INFO]: Percentiles: P50: 8,3ms P95: 14,5ms P99: 17,7ms, sample: 100"
"with-umce","2","2026-09-27T15:48:32.5086208+00:00","646522184381b84f3179ea440c481a63331a8f518bdbf22902283a96953672c7","True","20","0","0","0","0","0","False","0","8,9","8,3","14,4","14,9","100","0","42,987698855501826","1505492992","[17:48:32] [Server thread/INFO]: The game is running normally [17:48:32] [Server thread/INFO]: Target tick rate: 20,0 per second. Average time per tick: 8,9ms (Target: 50,0ms) [17:48:32] [Server thread/INFO]: Percentiles: P50: 8,3ms P95: 14,4ms P99: 14,9ms, sample: 100"
"with-umce","2","2026-09-27T15:48:32.6316012+00:00","646522184381b84f3179ea440c481a63331a8f518bdbf22902283a96953672c7","True","20","0","0","0","0","0","False","0","8,9","8,3","14,4","14,9","100","49,55680359409727","42,987698855501826","1505492992","[17:48:32] [Server thread/INFO]: The game is running normally [17:48:32] [Server thread/INFO]: Target tick rate: 20,0 per second. Average time per tick: 8,9ms (Target: 50,0ms) [17:48:32] [Server thread/INFO]: Percentiles: P50: 8,3ms P95: 14,4ms P99: 14,9ms, sample: 100"
"with-umce","2","2026-09-27T15:48:32.7577175+00:00","646522184381b84f3179ea440c481a63331a8f518bdbf22902283a96953672c7","True","20","0","0","0","0","0","False","0","8,8","8,3","13,7","14,9","100","11,25635308568156","42,987698855501826","1505492992","[17:48:32] [Server thread/INFO]: The game is running normally [17:48:32] [Server thread/INFO]: Target tick rate: 20,0 per second. Average time per tick: 8,8ms (Target: 50,0ms) [17:48:32] [Server thread/INFO]: Percentiles: P50: 8,3ms P95: 13,7ms P99: 14,9ms, sample: 100"
"with-umce","2","2026-09-27T15:48:32.8965548+00:00","646522184381b84f3179ea440c481a63331a8f518bdbf22902283a96953672c7","True","20","0","0","0","0","0","False","0","8,7","8,2","12,8","14,9","100","56,01257836383764","42,987698855501826","1505492992","[17:48:32] [Server thread/INFO]: The game is running normally [17:48:32] [Server thread/INFO]: Target tick rate: 20,0 per second. Average time per tick: 8,7ms (Target: 50,0ms) [17:48:32] [Server thread/INFO]: Percentiles: P50: 8,2ms P95: 12,8ms P99: 14,9ms, sample: 100"
"with-umce","2","2026-09-27T15:48:33.0360095+00:00","646522184381b84f3179ea440c481a63331a8f518bdbf22902283a96953672c7","True","20","0","0","0","0","0","False","0","8,5","8,1","12,1","14,9","100","25,148881377756314","42,987698855501826","1505492992","[17:48:33] [Server thread/INFO]: The game is running normally [17:48:33] [Server thread/INFO]: Target tick rate: 20,0 per second. Average time per tick: 8,5ms (Target: 50,0ms) [17:48:33] [Server thread/INFO]: Percentiles: P50: 8,1ms P95: 12,1ms P99: 14,9ms, sample: 100"
"with-umce","2","2026-09-27T15:48:33.1602818+00:00","646522184381b84f3179ea440c481a63331a8f518bdbf22902283a96953672c7","True","20","0","0","0","0","0","False","0","8,5","8","11,6","14,9","100","62,69540905092994","42,987698855501826","1505492992","[17:48:33] [Server thread/INFO]: The game is running normally [17:48:33] [Server thread/INFO]: Target tick rate: 20,0 per second. Average time per tick: 8,5ms (Target: 50,0ms) [17:48:33] [Server thread/INFO]: Percentiles: P50: 8,0ms P95: 11,6ms P99: 14,9ms, sample: 100"
"with-umce","2","2026-09-27T15:48:33.2848793+00:00","646522184381b84f3179ea440c481a63331a8f518bdbf22902283a96953672c7","True","20","0","0","0","0","0","False","0","8,4","8","11,6","14,9","100","0","42,987698855501826","1505492992","[17:48:33] [Server thread/INFO]: The game is running normally [17:48:33] [Server thread/INFO]: Target tick rate: 20,0 per second. Average time per tick: 8,4ms (Target: 50,0ms) [17:48:33] [Server thread/INFO]: Percentiles: P50: 8,0ms P95: 11,6ms P99: 14,9ms, sample: 100"
"with-umce","2","2026-09-27T15:48:33.4082655+00:00","646522184381b84f3179ea440c481a63331a8f518bdbf22902283a96953672c7","True","20","0","0","0","0","0","False","0","8,4","8","11,6","14,9","100","50,949702453737665","42,987698855501826","1505492992","[17:48:33] [Server thread/INFO]: The game is running normally [17:48:33] [Server thread/INFO]: Target tick rate: 20,0 per second. Average time per tick: 8,4ms (Target: 50,0ms) [17:48:33] [Server thread/INFO]: Percentiles: P50: 8,0ms P95: 11,6ms P99: 14,9ms, sample: 100"
"with-umce","2","2026-09-27T15:48:33.5308793+00:00","646522184381b84f3179ea440c481a63331a8f518bdbf22902283a96953672c7","True","20","0","0","0","0","0","False","0","8,4","8","11,6","14,9","100","12,484708728749029","42,987698855501826","1505492992","[17:48:33] [Server thread/INFO]: The game is running normally [17:48:33] [Server thread/INFO]: Target tick rate: 20,0 per second. Average time per tick: 8,4ms (Target: 50,0ms) [17:48:33] [Server thread/INFO]: Percentiles: P50: 8,0ms P95: 11,6ms P99: 14,9ms, sample: 100"
"with-umce","2","2026-09-27T15:48:33.6560689+00:00","646522184381b84f3179ea440c481a63331a8f518bdbf22902283a96953672c7","True","20","0","0","0","0","0","False","0","8,4","8","11,6","14,9","100","37,39412973988045","42,987698855501826","1505492992","[17:48:33] [Server thread/INFO]: The game is running normally [17:48:33] [Server thread/INFO]: Target tick rate: 20,0 per second. Average time per tick: 8,4ms (Target: 50,0ms) [17:48:33] [Server thread/INFO]: Percentiles: P50: 8,0ms P95: 11,6ms P99: 14,9ms, sample: 100"
"with-umce","2","2026-09-27T15:48:33.7813978+00:00","646522184381b84f3179ea440c481a63331a8f518bdbf22902283a96953672c7","True","20","0","0","0","0","0","False","0","8,4","8","11,6","14,9","100","75,51756719855199","42,987698855501826","1505492992","[17:48:33] [Server thread/INFO]: The game is running normally [17:48:33] [Server thread/INFO]: Target tick rate: 20,0 per second. Average time per tick: 8,4ms (Target: 50,0ms) [17:48:33] [Server thread/INFO]: Percentiles: P50: 8,0ms P95: 11,6ms P99: 14,9ms, sample: 100"
"with-umce","2","2026-09-27T15:48:33.9055547+00:00","646522184381b84f3179ea440c481a63331a8f518bdbf22902283a96953672c7","True","20","0","0","0","0","0","False","0","8,4","8","11,6","14,9","100","37,31708656847596","42,987698855501826","1505492992","[17:48:33] [Server thread/INFO]: The game is running normally [17:48:33] [Server thread/INFO]: Target tick rate: 20,0 per second. Average time per tick: 8,4ms (Target: 50,0ms) [17:48:33] [Server thread/INFO]: Percentiles: P50: 8,0ms P95: 11,6ms P99: 14,9ms, sample: 100"
"with-umce","2","2026-09-27T15:48:34.0311797+00:00","646522184381b84f3179ea440c481a63331a8f518bdbf22902283a96953672c7","True","20","0","0","0","0","0","False","0","8,5","8","11,7","14,9","100","63,27816961870296","42,987698855501826","1505492992","[17:48:34] [Server thread/INFO]: The game is running normally [17:48:34] [Server thread/INFO]: Target tick rate: 20,0 per second. Average time per tick: 8,5ms (Target: 50,0ms) [17:48:34] [Server thread/INFO]: Percentiles: P50: 8,0ms P95: 11,7ms P99: 14,9ms, sample: 100"
"with-umce","2","2026-09-27T15:48:34.1546386+00:00","646522184381b84f3179ea440c481a63331a8f518bdbf22902283a96953672c7","True","20","0","0","0","0","0","False","0","8,6","8","12,5","14,9","100","99,9254156697441","42,987698855501826","1505492992","[17:48:34] [Server thread/INFO]: The game is running normally [17:48:34] [Server thread/INFO]: Target tick rate: 20,0 per second. Average time per tick: 8,6ms (Target: 50,0ms) [17:48:34] [Server thread/INFO]: Percentiles: P50: 8,0ms P95: 12,5ms P99: 14,9ms, sample: 100"
"with-umce","2","2026-09-27T15:48:34.2797336+00:00","646522184381b84f3179ea440c481a63331a8f518bdbf22902283a96953672c7","True","20","0","0","0","0","0","False","0","8,7","8,1","12,5","15,8","100","139,73804452104912","42,987698855501826","1505492992","[17:48:34] [Server thread/INFO]: The game is running normally [17:48:34] [Server thread/INFO]: Target tick rate: 20,0 per second. Average time per tick: 8,7ms (Target: 50,0ms) [17:48:34] [Server thread/INFO]: Percentiles: P50: 8,1ms P95: 12,5ms P99: 15,8ms, sample: 100"
"with-umce","2","2026-09-27T15:48:34.4027028+00:00","646522184381b84f3179ea440c481a63331a8f518bdbf22902283a96953672c7","True","20","0","0","0","0","0","False","0","8,9","8,2","13,1","20","100","49,704556118432045","42,987698855501826","1505492992","[17:48:34] [Server thread/INFO]: The game is running normally [17:48:34] [Server thread/INFO]: Target tick rate: 20,0 per second. Average time per tick: 8,9ms (Target: 50,0ms) [17:48:34] [Server thread/INFO]: Percentiles: P50: 8,2ms P95: 13,1ms P99: 20,0ms, sample: 100"
"with-umce","2","2026-09-27T15:48:34.5284746+00:00","646522184381b84f3179ea440c481a63331a8f518bdbf22902283a96953672c7","True","20","0","0","0","0","0","False","0","8,9","8,2","13,1","20","100","63,68458421404868","42,987698855501826","1505492992","[17:48:34] [Server thread/INFO]: The game is running normally [17:48:34] [Server thread/INFO]: Target tick rate: 20,0 per second. Average time per tick: 8,9ms (Target: 50,0ms) [17:48:34] [Server thread/INFO]: Percentiles: P50: 8,2ms P95: 13,1ms P99: 20,0ms, sample: 100"
"with-umce","2","2026-09-27T15:48:34.6511430+00:00","646522184381b84f3179ea440c481a63331a8f518bdbf22902283a96953672c7","True","20","0","0","0","0","0","False","0","9","8,3","13,1","20","100","38,018480834224825","42,987698855501826","1505492992","[17:48:34] [Server thread/INFO]: The game is running normally [17:48:34] [Server thread/INFO]: Target tick rate: 20,0 per second. Average time per tick: 9,0ms (Target: 50,0ms) [17:48:34] [Server thread/INFO]: Percentiles: P50: 8,3ms P95: 13,1ms P99: 20,0ms, sample: 100"
"with-umce","2","2026-09-27T15:48:34.7744204+00:00","646522184381b84f3179ea440c481a63331a8f518bdbf22902283a96953672c7","True","20","0","0","0","0","0","False","0","9,1","8,3","13,1","20","100","33,98216615919965","42,987698855501826","1505492992","[17:48:34] [Server thread/INFO]: The game is running normally [17:48:34] [Server thread/INFO]: Target tick rate: 20,0 per second. Average time per tick: 9,1ms (Target: 50,0ms) [17:48:34] [Server thread/INFO]: Percentiles: P50: 8,3ms P95: 13,1ms P99: 20,0ms, sample: 100"
"with-umce","2","2026-09-27T15:48:34.9124085+00:00","646522184381b84f3179ea440c481a63331a8f518bdbf22902283a96953672c7","True","20","0","0","0","0","0","False","0","9,2","8,3","13,1","20","100","45,04439575645756","42,987698855501826","1505492992","[17:48:34] [Server thread/INFO]: The game is running normally [17:48:34] [Server thread/INFO]: Target tick rate: 20,0 per second. Average time per tick: 9,2ms (Target: 50,0ms) [17:48:34] [Server thread/INFO]: Percentiles: P50: 8,3ms P95: 13,1ms P99: 20,0ms, sample: 100"
"with-umce","2","2026-09-27T15:48:35.0511292+00:00","646522184381b84f3179ea440c481a63331a8f518bdbf22902283a96953672c7","True","20","0","0","0","0","0","False","0","9,3","8,4","13,1","20","100","113,59193656783933","42,987698855501826","1505492992","[17:48:35] [Server thread/INFO]: The game is running normally [17:48:35] [Server thread/INFO]: Target tick rate: 20,0 per second. Average time per tick: 9,3ms (Target: 50,0ms) [17:48:35] [Server thread/INFO]: Percentiles: P50: 8,4ms P95: 13,1ms P99: 20,0ms, sample: 100"
"with-umce","2","2026-09-27T15:48:35.1749366+00:00","646522184381b84f3179ea440c481a63331a8f518bdbf22902283a96953672c7","True","20","0","0","0","0","0","False","0","9,4","8,5","13,1","20","100","25,408487166478032","42,987698855501826","1505492992","[17:48:35] [Server thread/INFO]: The game is running normally [17:48:35] [Server thread/INFO]: Target tick rate: 20,0 per second. Average time per tick: 9,4ms (Target: 50,0ms) [17:48:35] [Server thread/INFO]: Percentiles: P50: 8,5ms P95: 13,1ms P99: 20,0ms, sample: 100"
"with-umce","2","2026-09-27T15:48:35.2979315+00:00","646522184381b84f3179ea440c481a63331a8f518bdbf22902283a96953672c7","True","20","0","0","0","0","0","False","0","9,4","8,7","13,1","20","100","51,21510919471001","42,987698855501826","1505492992","[17:48:35] [Server thread/INFO]: The game is running normally [17:48:35] [Server thread/INFO]: Target tick rate: 20,0 per second. Average time per tick: 9,4ms (Target: 50,0ms) [17:48:35] [Server thread/INFO]: Percentiles: P50: 8,7ms P95: 13,1ms P99: 20,0ms, sample: 100"
"with-umce","2","2026-09-27T15:48:35.4199400+00:00","646522184381b84f3179ea440c481a63331a8f518bdbf22902283a96953672c7","True","20","0","0","0","0","0","False","0","9,4","8,8","13,1","20","100","63,61110794469151","42,987698855501826","1505492992","[17:48:35] [Server thread/INFO]: The game is running normally [17:48:35] [Server thread/INFO]: Target tick rate: 20,0 per second. Average time per tick: 9,4ms (Target: 50,0ms) [17:48:35] [Server thread/INFO]: Percentiles: P50: 8,8ms P95: 13,1ms P99: 20,0ms, sample: 100"
"with-umce","2","2026-09-27T15:48:35.5427390+00:00","646522184381b84f3179ea440c481a63331a8f518bdbf22902283a96953672c7","True","20","0","0","0","0","0","False","0","9,5","9","13,1","20","100","37,283131480802474","42,987698855501826","1505492992","[17:48:35] [Server thread/INFO]: The game is running normally [17:48:35] [Server thread/INFO]: Target tick rate: 20,0 per second. Average time per tick: 9,5ms (Target: 50,0ms) [17:48:35] [Server thread/INFO]: Percentiles: P50: 9,0ms P95: 13,1ms P99: 20,0ms, sample: 100"
"with-umce","2","2026-09-27T15:48:35.6685164+00:00","646522184381b84f3179ea440c481a63331a8f518bdbf22902283a96953672c7","True","20","0","0","0","0","0","False","0","9,5","9","13,1","20","100","49,84440570315703","42,987698855501826","1505492992","[17:48:35] [Server thread/INFO]: The game is running normally [17:48:35] [Server thread/INFO]: Target tick rate: 20,0 per second. Average time per tick: 9,5ms (Target: 50,0ms) [17:48:35] [Server thread/INFO]: Percentiles: P50: 9,0ms P95: 13,1ms P99: 20,0ms, sample: 100"
"with-umce","2","2026-09-27T15:48:35.7938676+00:00","646522184381b84f3179ea440c481a63331a8f518bdbf22902283a96953672c7","True","20","0","0","0","0","0","False","0","9,6","9,3","13,1","20","100","38,14526530794927","42,987698855501826","1505492992","[17:48:35] [Server thread/INFO]: The game is running normally [17:48:35] [Server thread/INFO]: Target tick rate: 20,0 per second. Average time per tick: 9,6ms (Target: 50,0ms) [17:48:35] [Server thread/INFO]: Percentiles: P50: 9,3ms P95: 13,1ms P99: 20,0ms, sample: 100"
"with-umce","2","2026-09-27T15:48:35.9167730+00:00","646522184381b84f3179ea440c481a63331a8f518bdbf22902283a96953672c7","True","20","0","0","0","0","0","False","0","9,6","9,3","13,1","20","100","62,541928108604004","42,987698855501826","1505492992","[17:48:35] [Server thread/INFO]: The game is running normally [17:48:35] [Server thread/INFO]: Target tick rate: 20,0 per second. Average time per tick: 9,6ms (Target: 50,0ms) [17:48:35] [Server thread/INFO]: Percentiles: P50: 9,3ms P95: 13,1ms P99: 20,0ms, sample: 100"
"with-umce","2","2026-09-27T15:48:36.0416564+00:00","646522184381b84f3179ea440c481a63331a8f518bdbf22902283a96953672c7","True","20","0","0","0","0","0","False","0","9,7","9,5","13,1","20","100","37,8261827389949","42,987698855501826","1505492992","[17:48:36] [Server thread/INFO]: The game is running normally [17:48:36] [Server thread/INFO]: Target tick rate: 20,0 per second. Average time per tick: 9,7ms (Target: 50,0ms) [17:48:36] [Server thread/INFO]: Percentiles: P50: 9,5ms P95: 13,1ms P99: 20,0ms, sample: 100"
"with-umce","2","2026-09-27T15:48:36.1655980+00:00","646522184381b84f3179ea440c481a63331a8f518bdbf22902283a96953672c7","True","20","0","0","0","0","0","False","0","9,8","9,5","13,1","20","100","75,3151184556183","42,987698855501826","1505492992","[17:48:36] [Server thread/INFO]: The game is running normally [17:48:36] [Server thread/INFO]: Target tick rate: 20,0 per second. Average time per tick: 9,8ms (Target: 50,0ms) [17:48:36] [Server thread/INFO]: Percentiles: P50: 9,5ms P95: 13,1ms P99: 20,0ms, sample: 100"
"with-umce","2","2026-09-27T15:48:36.2900616+00:00","646522184381b84f3179ea440c481a63331a8f518bdbf22902283a96953672c7","True","20","0","0","0","0","0","False","0","10","9,7","13,5","20","100","37,648878726034226","42,987698855501826","1505492992","[17:48:36] [Server thread/INFO]: The game is running normally [17:48:36] [Server thread/INFO]: Target tick rate: 20,0 per second. Average time per tick: 10,0ms (Target: 50,0ms) [17:48:36] [Server thread/INFO]: Percentiles: P50: 9,7ms P95: 13,5ms P99: 20,0ms, sample: 100"
"with-umce","2","2026-09-27T15:48:36.4145758+00:00","646522184381b84f3179ea440c481a63331a8f518bdbf22902283a96953672c7","True","20","0","0","0","0","0","False","0","10","9,8","13,5","20","100","49,981766651525525","42,987698855501826","1505492992","[17:48:36] [Server thread/INFO]: The game is running normally [17:48:36] [Server thread/INFO]: Target tick rate: 20,0 per second. Average time per tick: 10,0ms (Target: 50,0ms) [17:48:36] [Server thread/INFO]: Percentiles: P50: 9,8ms P95: 13,5ms P99: 20,0ms, sample: 100"
"with-umce","2","2026-09-27T15:48:36.5396502+00:00","646522184381b84f3179ea440c481a63331a8f518bdbf22902283a96953672c7","True","20","0","0","0","0","0","False","0","10,1","10","13,6","20","100","63,03941567202236","42,987698855501826","1505492992","[17:48:36] [Server thread/INFO]: The game is running normally [17:48:36] [Server thread/INFO]: Target tick rate: 20,0 per second. Average time per tick: 10,1ms (Target: 50,0ms) [17:48:36] [Server thread/INFO]: Percentiles: P50: 10,0ms P95: 13,6ms P99: 20,0ms, sample: 100"
"with-umce","2","2026-09-27T15:48:36.6635876+00:00","646522184381b84f3179ea440c481a63331a8f518bdbf22902283a96953672c7","True","20","0","0","0","0","0","False","0","10,1","10","13,6","20","100","33,705974604210965","42,987698855501826","1505492992","[17:48:36] [Server thread/INFO]: The game is running normally [17:48:36] [Server thread/INFO]: Target tick rate: 20,0 per second. Average time per tick: 10,1ms (Target: 50,0ms) [17:48:36] [Server thread/INFO]: Percentiles: P50: 10,0ms P95: 13,6ms P99: 20,0ms, sample: 100"
"with-umce","2","2026-09-27T15:48:36.8026599+00:00","646522184381b84f3179ea440c481a63331a8f518bdbf22902283a96953672c7","True","20","0","0","0","0","0","False","0","10,2","10","13,6","20","100","0","42,987698855501826","1505492992","[17:48:36] [Server thread/INFO]: The game is running normally [17:48:36] [Server thread/INFO]: Target tick rate: 20,0 per second. Average time per tick: 10,2ms (Target: 50,0ms) [17:48:36] [Server thread/INFO]: Percentiles: P50: 10,0ms P95: 13,6ms P99: 20,0ms, sample: 100"
"with-umce","2","2026-09-27T15:48:36.9260198+00:00","646522184381b84f3179ea440c481a63331a8f518bdbf22902283a96953672c7","True","20","0","0","0","0","0","False","0","10,3","10","13,6","20","100","63,45734285728211","42,987698855501826","1505492992","[17:48:36] [Server thread/INFO]: The game is running normally [17:48:36] [Server thread/INFO]: Target tick rate: 20,0 per second. Average time per tick: 10,3ms (Target: 50,0ms) [17:48:36] [Server thread/INFO]: Percentiles: P50: 10,0ms P95: 13,6ms P99: 20,0ms, sample: 100"
"with-umce","2","2026-09-27T15:48:37.0491324+00:00","646522184381b84f3179ea440c481a63331a8f518bdbf22902283a96953672c7","True","20","0","0","0","0","0","False","0","10,4","10,3","13,6","20","100","74,60008387038762","42,987698855501826","1505492992","[17:48:37] [Server thread/INFO]: The game is running normally [17:48:37] [Server thread/INFO]: Target tick rate: 20,0 per second. Average time per tick: 10,4ms (Target: 50,0ms) [17:48:37] [Server thread/INFO]: Percentiles: P50: 10,3ms P95: 13,6ms P99: 20,0ms, sample: 100"
"with-umce","2","2026-09-27T15:48:37.1748311+00:00","646522184381b84f3179ea440c481a63331a8f518bdbf22902283a96953672c7","True","20","0","0","0","0","0","False","0","10,5","10,5","13,6","20","100","25,32382076083292","42,987698855501826","1505492992","[17:48:37] [Server thread/INFO]: The game is running normally [17:48:37] [Server thread/INFO]: Target tick rate: 20,0 per second. Average time per tick: 10,5ms (Target: 50,0ms) [17:48:37] [Server thread/INFO]: Percentiles: P50: 10,5ms P95: 13,6ms P99: 20,0ms, sample: 100"
"with-umce","2","2026-09-27T15:48:37.2982045+00:00","646522184381b84f3179ea440c481a63331a8f518bdbf22902283a96953672c7","True","20","0","0","0","0","0","False","0","10,5","10,5","13,6","20","100","24,569773439170746","42,987698855501826","1505492992","[17:48:37] [Server thread/INFO]: The game is running normally [17:48:37] [Server thread/INFO]: Target tick rate: 20,0 per second. Average time per tick: 10,5ms (Target: 50,0ms) [17:48:37] [Server thread/INFO]: Percentiles: P50: 10,5ms P95: 13,6ms P99: 20,0ms, sample: 100"
"with-umce","2","2026-09-27T15:48:37.4254198+00:00","646522184381b84f3179ea440c481a63331a8f518bdbf22902283a96953672c7","True","20","0","0","0","0","0","False","0","10,5","10,5","13,5","20","100","0","42,987698855501826","1505492992","[17:48:37] [Server thread/INFO]: The game is running normally [17:48:37] [Server thread/INFO]: Target tick rate: 20,0 per second. Average time per tick: 10,5ms (Target: 50,0ms) [17:48:37] [Server thread/INFO]: Percentiles: P50: 10,5ms P95: 13,5ms P99: 20,0ms, sample: 100"
"with-umce","2","2026-09-27T15:48:37.5490239+00:00","646522184381b84f3179ea440c481a63331a8f518bdbf22902283a96953672c7","True","20","0","0","0","0","0","False","0","10,6","10,6","13,5","20","100","37,684200371415486","42,987698855501826","1505492992","[17:48:37] [Server thread/INFO]: The game is running normally [17:48:37] [Server thread/INFO]: Target tick rate: 20,0 per second. Average time per tick: 10,6ms (Target: 50,0ms) [17:48:37] [Server thread/INFO]: Percentiles: P50: 10,6ms P95: 13,5ms P99: 20,0ms, sample: 100"
"with-umce","2","2026-09-27T15:48:37.6734343+00:00","646522184381b84f3179ea440c481a63331a8f518bdbf22902283a96953672c7","True","20","0","0","0","0","0","False","0","10,6","10,6","13,5","20","100","12,412753240026502","42,987698855501826","1505492992","[17:48:37] [Server thread/INFO]: The game is running normally [17:48:37] [Server thread/INFO]: Target tick rate: 20,0 per second. Average time per tick: 10,6ms (Target: 50,0ms) [17:48:37] [Server thread/INFO]: Percentiles: P50: 10,6ms P95: 13,5ms P99: 20,0ms, sample: 100"
"with-umce","2","2026-09-27T15:48:37.7992967+00:00","646522184381b84f3179ea440c481a63331a8f518bdbf22902283a96953672c7","True","20","0","0","0","0","0","False","0","10,7","10,6","13,5","20","100","37,654927433432114","42,987698855501826","1505492992","[17:48:37] [Server thread/INFO]: The game is running normally [17:48:37] [Server thread/INFO]: Target tick rate: 20,0 per second. Average time per tick: 10,7ms (Target: 50,0ms) [17:48:37] [Server thread/INFO]: Percentiles: P50: 10,6ms P95: 13,5ms P99: 20,0ms, sample: 100"
"with-umce","2","2026-09-27T15:48:37.9237827+00:00","646522184381b84f3179ea440c481a63331a8f518bdbf22902283a96953672c7","True","20","0","0","0","0","0","False","0","10,7","10,6","13,5","20","100","12,479184719887227","42,987698855501826","1505492992","[17:48:37] [Server thread/INFO]: The game is running normally [17:48:37] [Server thread/INFO]: Target tick rate: 20,0 per second. Average time per tick: 10,7ms (Target: 50,0ms) [17:48:37] [Server thread/INFO]: Percentiles: P50: 10,6ms P95: 13,5ms P99: 20,0ms, sample: 100"
"with-umce","2","2026-09-27T15:48:38.0490188+00:00","646522184381b84f3179ea440c481a63331a8f518bdbf22902283a96953672c7","True","20","0","0","0","0","0","False","0","10,8","10,7","13,5","20","100","12,2853600180526","42,987698855501826","1505492992","[17:48:38] [Server thread/INFO]: The game is running normally [17:48:38] [Server thread/INFO]: Target tick rate: 20,0 per second. Average time per tick: 10,8ms (Target: 50,0ms) [17:48:38] [Server thread/INFO]: Percentiles: P50: 10,7ms P95: 13,5ms P99: 20,0ms, sample: 100"
"with-umce","2","2026-09-27T15:48:38.1761901+00:00","646522184381b84f3179ea440c481a63331a8f518bdbf22902283a96953672c7","True","20","0","0","0","0","0","False","0","10,8","10,7","13,5","20","100","12,583331856889062","42,987698855501826","1505492992","[17:48:38] [Server thread/INFO]: The game is running normally [17:48:38] [Server thread/INFO]: Target tick rate: 20,0 per second. Average time per tick: 10,8ms (Target: 50,0ms) [17:48:38] [Server thread/INFO]: Percentiles: P50: 10,7ms P95: 13,5ms P99: 20,0ms, sample: 100"
"with-umce","2","2026-09-27T15:48:38.3003601+00:00","646522184381b84f3179ea440c481a63331a8f518bdbf22902283a96953672c7","True","20","0","0","0","0","0","False","0","11","10,8","13,6","20","100","0","42,987698855501826","1505492992","[17:48:38] [Server thread/INFO]: The game is running normally [17:48:38] [Server thread/INFO]: Target tick rate: 20,0 per second. Average time per tick: 11,0ms (Target: 50,0ms) [17:48:38] [Server thread/INFO]: Percentiles: P50: 10,8ms P95: 13,6ms P99: 20,0ms, sample: 100"
"with-umce","2","2026-09-27T15:48:38.4250792+00:00","646522184381b84f3179ea440c481a63331a8f518bdbf22902283a96953672c7","True","20","0","0","0","0","0","False","0","11","10,8","13,6","20","100","38,19639670472046","42,987698855501826","1505492992","[17:48:38] [Server thread/INFO]: The game is running normally [17:48:38] [Server thread/INFO]: Target tick rate: 20,0 per second. Average time per tick: 11,0ms (Target: 50,0ms) [17:48:38] [Server thread/INFO]: Percentiles: P50: 10,8ms P95: 13,6ms P99: 20,0ms, sample: 100"
"with-umce","2","2026-09-27T15:48:38.5477222+00:00","646522184381b84f3179ea440c481a63331a8f518bdbf22902283a96953672c7","True","20","0","0","0","0","0","False","0","11,1","10,8","13,6","20","100","38,027764527214494","42,987698855501826","1505492992","[17:48:38] [Server thread/INFO]: The game is running normally [17:48:38] [Server thread/INFO]: Target tick rate: 20,0 per second. Average time per tick: 11,1ms (Target: 50,0ms) [17:48:38] [Server thread/INFO]: Percentiles: P50: 10,8ms P95: 13,6ms P99: 20,0ms, sample: 100"
"with-umce","2","2026-09-27T15:48:38.6710058+00:00","646522184381b84f3179ea440c481a63331a8f518bdbf22902283a96953672c7","True","20","0","0","0","0","0","False","0","11,1","10,8","13,6","20","100","49,88745390399259","42,987698855501826","1505492992","[17:48:38] [Server thread/INFO]: The game is running normally [17:48:38] [Server thread/INFO]: Target tick rate: 20,0 per second. Average time per tick: 11,1ms (Target: 50,0ms) [17:48:38] [Server thread/INFO]: Percentiles: P50: 10,8ms P95: 13,6ms P99: 20,0ms, sample: 100"
"with-umce","2","2026-09-27T15:48:38.7962572+00:00","646522184381b84f3179ea440c481a63331a8f518bdbf22902283a96953672c7","True","20","0","0","0","0","0","False","0","11,1","10,8","13,6","20","100","37,50330029042556","42,987698855501826","1505492992","[17:48:38] [Server thread/INFO]: The game is running normally [17:48:38] [Server thread/INFO]: Target tick rate: 20,0 per second. Average time per tick: 11,1ms (Target: 50,0ms) [17:48:38] [Server thread/INFO]: Percentiles: P50: 10,8ms P95: 13,6ms P99: 20,0ms, sample: 100"
"with-umce","2","2026-09-27T15:48:38.9212820+00:00","646522184381b84f3179ea440c481a63331a8f518bdbf22902283a96953672c7","True","20","0","0","0","0","0","False","0","11","10,8","13,6","20","100","100,71848538735925","42,987698855501826","1505492992","[17:48:38] [Server thread/INFO]: The game is running normally [17:48:38] [Server thread/INFO]: Target tick rate: 20,0 per second. Average time per tick: 11,0ms (Target: 50,0ms) [17:48:38] [Server thread/INFO]: Percentiles: P50: 10,8ms P95: 13,6ms P99: 20,0ms, sample: 100"
"with-umce","2","2026-09-27T15:48:39.0454046+00:00","646522184381b84f3179ea440c481a63331a8f518bdbf22902283a96953672c7","True","20","0","0","0","0","0","False","0","11","10,8","13,6","20","100","38,31854544027702","42,987698855501826","1505492992","[17:48:39] [Server thread/INFO]: The game is running normally [17:48:39] [Server thread/INFO]: Target tick rate: 20,0 per second. Average time per tick: 11,0ms (Target: 50,0ms) [17:48:39] [Server thread/INFO]: Percentiles: P50: 10,8ms P95: 13,6ms P99: 20,0ms, sample: 100"
"with-umce","2","2026-09-27T15:48:39.1677070+00:00","646522184381b84f3179ea440c481a63331a8f518bdbf22902283a96953672c7","True","20","0","0","0","0","0","False","0","10,9","10,7","13,6","20","100","62,70753686400511","42,987698855501826","1505492992","[17:48:39] [Server thread/INFO]: The game is running normally [17:48:39] [Server thread/INFO]: Target tick rate: 20,0 per second. Average time per tick: 10,9ms (Target: 50,0ms) [17:48:39] [Server thread/INFO]: Percentiles: P50: 10,7ms P95: 13,6ms P99: 20,0ms, sample: 100"
"with-umce","2","2026-09-27T15:48:39.2923043+00:00","646522184381b84f3179ea440c481a63331a8f518bdbf22902283a96953672c7","True","20","0","0","0","0","0","False","0","10,8","10,6","13,5","20","100","50,44818164574076","42,987698855501826","1505492992","[17:48:39] [Server thread/INFO]: The game is running normally [17:48:39] [Server thread/INFO]: Target tick rate: 20,0 per second. Average time per tick: 10,8ms (Target: 50,0ms) [17:48:39] [Server thread/INFO]: Percentiles: P50: 10,6ms P95: 13,5ms P99: 20,0ms, sample: 100"
"with-umce","2","2026-09-27T15:48:39.4161635+00:00","646522184381b84f3179ea440c481a63331a8f518bdbf22902283a96953672c7","True","20","0","0","0","0","0","False","0","10,7","10,5","13,5","16","100","37,81538027146401","42,987698855501826","1505492992","[17:48:39] [Server thread/INFO]: The game is running normally [17:48:39] [Server thread/INFO]: Target tick rate: 20,0 per second. Average time per tick: 10,7ms (Target: 50,0ms) [17:48:39] [Server thread/INFO]: Percentiles: P50: 10,5ms P95: 13,5ms P99: 16,0ms, sample: 100"
"with-umce","2","2026-09-27T15:48:39.5401204+00:00","646522184381b84f3179ea440c481a63331a8f518bdbf22902283a96953672c7","True","20","0","0","0","0","0","False","0","10,6","10,5","13,5","16","100","76,03689999789124","42,987698855501826","1505492992","[17:48:39] [Server thread/INFO]: The game is running normally [17:48:39] [Server thread/INFO]: Target tick rate: 20,0 per second. Average time per tick: 10,6ms (Target: 50,0ms) [17:48:39] [Server thread/INFO]: Percentiles: P50: 10,5ms P95: 13,5ms P99: 16,0ms, sample: 100"
"with-umce","2","2026-09-27T15:48:39.6634664+00:00","646522184381b84f3179ea440c481a63331a8f518bdbf22902283a96953672c7","True","20","0","0","0","0","0","False","0","10,5","10,5","13,5","16","100","0","42,987698855501826","1505492992","[17:48:39] [Server thread/INFO]: The game is running normally [17:48:39] [Server thread/INFO]: Target tick rate: 20,0 per second. Average time per tick: 10,5ms (Target: 50,0ms) [17:48:39] [Server thread/INFO]: Percentiles: P50: 10,5ms P95: 13,5ms P99: 16,0ms, sample: 100"
"with-umce","2","2026-09-27T15:48:39.7892581+00:00","646522184381b84f3179ea440c481a63331a8f518bdbf22902283a96953672c7","True","20","0","0","0","0","0","False","0","10,5","10,1","13,5","16","100","37,51713782856009","42,987698855501826","1505492992","[17:48:39] [Server thread/INFO]: The game is running normally [17:48:39] [Server thread/INFO]: Target tick rate: 20,0 per second. Average time per tick: 10,5ms (Target: 50,0ms) [17:48:39] [Server thread/INFO]: Percentiles: P50: 10,1ms P95: 13,5ms P99: 16,0ms, sample: 100"
"with-umce","2","2026-09-27T15:48:39.9142096+00:00","646522184381b84f3179ea440c481a63331a8f518bdbf22902283a96953672c7","True","20","0","0","0","0","0","False","0","10,5","10,2","13,5","16","100","11,189607450667259","42,987698855501826","1505492992","[17:48:39] [Server thread/INFO]: The game is running normally [17:48:39] [Server thread/INFO]: Target tick rate: 20,0 per second. Average time per tick: 10,5ms (Target: 50,0ms) [17:48:39] [Server thread/INFO]: Percentiles: P50: 10,2ms P95: 13,5ms P99: 16,0ms, sample: 100"
"with-umce","2","2026-09-27T15:48:40.0538631+00:00","646522184381b84f3179ea440c481a63331a8f518bdbf22902283a96953672c7","True","20","0","0","0","0","0","False","0","10,4","10,1","13,5","16","100","11,285018767437611","42,987698855501826","1505492992","[17:48:40] [Server thread/INFO]: The game is running normally [17:48:40] [Server thread/INFO]: Target tick rate: 20,0 per second. Average time per tick: 10,4ms (Target: 50,0ms) [17:48:40] [Server thread/INFO]: Percentiles: P50: 10,1ms P95: 13,5ms P99: 16,0ms, sample: 100"
"with-umce","2","2026-09-27T15:48:40.1923090+00:00","646522184381b84f3179ea440c481a63331a8f518bdbf22902283a96953672c7","True","20","0","0","0","0","0","False","0","10,4","10,1","13,5","16","100","0","42,987698855501826","1505492992","[17:48:40] [Server thread/INFO]: The game is running normally [17:48:40] [Server thread/INFO]: Target tick rate: 20,0 per second. Average time per tick: 10,4ms (Target: 50,0ms) [17:48:40] [Server thread/INFO]: Percentiles: P50: 10,1ms P95: 13,5ms P99: 16,0ms, sample: 100"
"with-umce","2","2026-09-27T15:48:40.3154300+00:00","646522184381b84f3179ea440c481a63331a8f518bdbf22902283a96953672c7","True","20","0","0","0","0","0","False","0","10,4","10,1","13,5","16","100","38,42483978378804","42,987698855501826","1505492992","[17:48:40] [Server thread/INFO]: The game is running normally [17:48:40] [Server thread/INFO]: Target tick rate: 20,0 per second. Average time per tick: 10,4ms (Target: 50,0ms) [17:48:40] [Server thread/INFO]: Percentiles: P50: 10,1ms P95: 13,5ms P99: 16,0ms, sample: 100"
"with-umce","2","2026-09-27T15:48:40.4374212+00:00","646522184381b84f3179ea440c481a63331a8f518bdbf22902283a96953672c7","True","20","0","0","0","0","0","False","0","10,4","10,2","13,5","16","100","50,753342006064415","42,987698855501826","1505492992","[17:48:40] [Server thread/INFO]: The game is running normally [17:48:40] [Server thread/INFO]: Target tick rate: 20,0 per second. Average time per tick: 10,4ms (Target: 50,0ms) [17:48:40] [Server thread/INFO]: Percentiles: P50: 10,2ms P95: 13,5ms P99: 16,0ms, sample: 100"
"with-umce","2","2026-09-27T15:48:40.5605685+00:00","646522184381b84f3179ea440c481a63331a8f518bdbf22902283a96953672c7","True","20","0","0","0","0","0","False","0","10,3","10,2","13","16","100","75,88555406167815","42,987698855501826","1505492992","[17:48:40] [Server thread/INFO]: The game is running normally [17:48:40] [Server thread/INFO]: Target tick rate: 20,0 per second. Average time per tick: 10,3ms (Target: 50,0ms) [17:48:40] [Server thread/INFO]: Percentiles: P50: 10,2ms P95: 13,0ms P99: 16,0ms, sample: 100"
"with-umce","2","2026-09-27T15:48:40.6841226+00:00","646522184381b84f3179ea440c481a63331a8f518bdbf22902283a96953672c7","True","20","0","0","0","0","0","False","0","10,3","10,3","12,9","16","100","50,385428372881194","42,987698855501826","1505492992","[17:48:40] [Server thread/INFO]: The game is running normally [17:48:40] [Server thread/INFO]: Target tick rate: 20,0 per second. Average time per tick: 10,3ms (Target: 50,0ms) [17:48:40] [Server thread/INFO]: Percentiles: P50: 10,3ms P95: 12,9ms P99: 16,0ms, sample: 100"
"with-umce","2","2026-09-27T15:48:40.8081491+00:00","646522184381b84f3179ea440c481a63331a8f518bdbf22902283a96953672c7","True","20","0","0","0","0","0","False","0","10,3","10,2","12,9","16","100","25,238779040748717","42,987698855501826","1505492992","[17:48:40] [Server thread/INFO]: The game is running normally [17:48:40] [Server thread/INFO]: Target tick rate: 20,0 per second. Average time per tick: 10,3ms (Target: 50,0ms) [17:48:40] [Server thread/INFO]: Percentiles: P50: 10,2ms P95: 12,9ms P99: 16,0ms, sample: 100"
"with-umce","2","2026-09-27T15:48:40.9319607+00:00","646522184381b84f3179ea440c481a63331a8f518bdbf22902283a96953672c7","True","20","0","0","0","0","0","False","0","10,3","10,2","12,9","16","100","49,80841690521578","42,987698855501826","1505492992","[17:48:40] [Server thread/INFO]: The game is running normally [17:48:40] [Server thread/INFO]: Target tick rate: 20,0 per second. Average time per tick: 10,3ms (Target: 50,0ms) [17:48:40] [Server thread/INFO]: Percentiles: P50: 10,2ms P95: 12,9ms P99: 16,0ms, sample: 100"
"with-umce","2","2026-09-27T15:48:41.0574913+00:00","646522184381b84f3179ea440c481a63331a8f518bdbf22902283a96953672c7","True","20","0","0","0","0","0","False","0","10,2","10,2","12,9","16","100","38,015613367222315","42,987698855501826","1505492992","[17:48:41] [Server thread/INFO]: The game is running normally [17:48:41] [Server thread/INFO]: Target tick rate: 20,0 per second. Average time per tick: 10,2ms (Target: 50,0ms) [17:48:41] [Server thread/INFO]: Percentiles: P50: 10,2ms P95: 12,9ms P99: 16,0ms, sample: 100"
"with-umce","2","2026-09-27T15:48:41.1807543+00:00","646522184381b84f3179ea440c481a63331a8f518bdbf22902283a96953672c7","True","20","0","0","0","0","0","False","0","10,2","10,1","12,9","16","100","37,46026215390714","42,987698855501826","1505492992","[17:48:41] [Server thread/INFO]: The game is running normally [17:48:41] [Server thread/INFO]: Target tick rate: 20,0 per second. Average time per tick: 10,2ms (Target: 50,0ms) [17:48:41] [Server thread/INFO]: Percentiles: P50: 10,1ms P95: 12,9ms P99: 16,0ms, sample: 100"
"with-umce","2","2026-09-27T15:48:41.3059134+00:00","646522184381b84f3179ea440c481a63331a8f518bdbf22902283a96953672c7","True","20","0","0","0","0","0","False","0","10,2","10,1","12,7","16","100","37,39013283368151","42,987698855501826","1505492992","[17:48:41] [Server thread/INFO]: The game is running normally [17:48:41] [Server thread/INFO]: Target tick rate: 20,0 per second. Average time per tick: 10,2ms (Target: 50,0ms) [17:48:41] [Server thread/INFO]: Percentiles: P50: 10,1ms P95: 12,7ms P99: 16,0ms, sample: 100"
"with-umce","2","2026-09-27T15:48:41.4313040+00:00","646522184381b84f3179ea440c481a63331a8f518bdbf22902283a96953672c7","True","20","0","0","0","0","0","False","0","10,3","10,1","13,4","16","100","37,815105712884325","42,987698855501826","1505492992","[17:48:41] [Server thread/INFO]: The game is running normally [17:48:41] [Server thread/INFO]: Target tick rate: 20,0 per second. Average time per tick: 10,3ms (Target: 50,0ms) [17:48:41] [Server thread/INFO]: Percentiles: P50: 10,1ms P95: 13,4ms P99: 16,0ms, sample: 100"
"with-umce","2","2026-09-27T15:48:41.5552124+00:00","646522184381b84f3179ea440c481a63331a8f518bdbf22902283a96953672c7","True","20","0","0","0","0","0","False","0","10,3","10,1","12,9","16","100","0","42,987698855501826","1505492992","[17:48:41] [Server thread/INFO]: The game is running normally [17:48:41] [Server thread/INFO]: Target tick rate: 20,0 per second. Average time per tick: 10,3ms (Target: 50,0ms) [17:48:41] [Server thread/INFO]: Percentiles: P50: 10,1ms P95: 12,9ms P99: 16,0ms, sample: 100"
"with-umce","2","2026-09-27T15:48:41.6787192+00:00","646522184381b84f3179ea440c481a63331a8f518bdbf22902283a96953672c7","True","20","0","0","0","0","0","False","0","10,2","10,1","12,9","16","100","0","42,987698855501826","1505492992","[17:48:41] [Server thread/INFO]: The game is running normally [17:48:41] [Server thread/INFO]: Target tick rate: 20,0 per second. Average time per tick: 10,2ms (Target: 50,0ms) [17:48:41] [Server thread/INFO]: Percentiles: P50: 10,1ms P95: 12,9ms P99: 16,0ms, sample: 100"
"with-umce","2","2026-09-27T15:48:41.8038884+00:00","646522184381b84f3179ea440c481a63331a8f518bdbf22902283a96953672c7","True","20","0","0","0","0","0","False","0","10,2","10,1","12,9","16","100","11,170384647280358","42,987698855501826","1505492992","[17:48:41] [Server thread/INFO]: The game is running normally [17:48:41] [Server thread/INFO]: Target tick rate: 20,0 per second. Average time per tick: 10,2ms (Target: 50,0ms) [17:48:41] [Server thread/INFO]: Percentiles: P50: 10,1ms P95: 12,9ms P99: 16,0ms, sample: 100"
"with-umce","2","2026-09-27T15:48:41.9437789+00:00","646522184381b84f3179ea440c481a63331a8f518bdbf22902283a96953672c7","True","20","0","0","0","0","0","False","0","10,1","9,9","12,9","16","100","0","42,987698855501826","1505492992","[17:48:41] [Server thread/INFO]: The game is running normally [17:48:41] [Server thread/INFO]: Target tick rate: 20,0 per second. Average time per tick: 10,1ms (Target: 50,0ms) [17:48:41] [Server thread/INFO]: Percentiles: P50: 9,9ms P95: 12,9ms P99: 16,0ms, sample: 100"
"with-umce","2","2026-09-27T15:48:42.0692260+00:00","646522184381b84f3179ea440c481a63331a8f518bdbf22902283a96953672c7","True","20","0","0","0","0","0","False","0","10,1","9,9","12,4","16","100","22,665720871466142","42,987698855501826","1505492992","[17:48:42] [Server thread/INFO]: The game is running normally [17:48:42] [Server thread/INFO]: Target tick rate: 20,0 per second. Average time per tick: 10,1ms (Target: 50,0ms) [17:48:42] [Server thread/INFO]: Percentiles: P50: 9,9ms P95: 12,4ms P99: 16,0ms, sample: 100"
"with-umce","2","2026-09-27T15:48:42.2070906+00:00","646522184381b84f3179ea440c481a63331a8f518bdbf22902283a96953672c7","True","20","0","0","0","0","0","False","0","10","9,9","12,1","16","100","0","42,987698855501826","1505492992","[17:48:42] [Server thread/INFO]: The game is running normally [17:48:42] [Server thread/INFO]: Target tick rate: 20,0 per second. Average time per tick: 10,0ms (Target: 50,0ms) [17:48:42] [Server thread/INFO]: Percentiles: P50: 9,9ms P95: 12,1ms P99: 16,0ms, sample: 100"
"with-umce","2","2026-09-27T15:48:42.3312304+00:00","646522184381b84f3179ea440c481a63331a8f518bdbf22902283a96953672c7","True","20","0","0","0","0","0","False","0","10","9,9","12,1","16","100","12,706113490599103","42,987698855501826","1505492992","[17:48:42] [Server thread/INFO]: The game is running normally [17:48:42] [Server thread/INFO]: Target tick rate: 20,0 per second. Average time per tick: 10,0ms (Target: 50,0ms) [17:48:42] [Server thread/INFO]: Percentiles: P50: 9,9ms P95: 12,1ms P99: 16,0ms, sample: 100"
"with-umce","2","2026-09-27T15:48:42.4541414+00:00","646522184381b84f3179ea440c481a63331a8f518bdbf22902283a96953672c7","True","20","0","0","0","0","0","False","0","10","9,9","12,3","16","100","0","42,987698855501826","1505492992","[17:48:42] [Server thread/INFO]: The game is running normally [17:48:42] [Server thread/INFO]: Target tick rate: 20,0 per second. Average time per tick: 10,0ms (Target: 50,0ms) [17:48:42] [Server thread/INFO]: Percentiles: P50: 9,9ms P95: 12,3ms P99: 16,0ms, sample: 100"
"with-umce","2","2026-09-27T15:48:42.5799164+00:00","646522184381b84f3179ea440c481a63331a8f518bdbf22902283a96953672c7","True","20","0","0","0","0","0","False","0","10","9,9","12,3","16","100","24,969816485831927","42,987698855501826","1505492992","[17:48:42] [Server thread/INFO]: The game is running normally [17:48:42] [Server thread/INFO]: Target tick rate: 20,0 per second. Average time per tick: 10,0ms (Target: 50,0ms) [17:48:42] [Server thread/INFO]: Percentiles: P50: 9,9ms P95: 12,3ms P99: 16,0ms, sample: 100"
"without-umce","2","2026-09-27T15:49:29.9771142+00:00",,"False","20","0","0","0","0","0","False","0","10","9,6","13,5","16,4","100","125,79512583135481","55,005630313930695","1530761216","[17:49:30] [Server thread/INFO]: The game is running normally [17:49:30] [Server thread/INFO]: Target tick rate: 20,0 per second. Average time per tick: 10,0ms (Target: 50,0ms) [17:49:30] [Server thread/INFO]: Percentiles: P50: 9,6ms P95: 13,5ms P99: 16,4ms, sample: 100"
"without-umce","2","2026-09-27T15:49:30.1065662+00:00",,"False","20","0","0","0","0","0","False","0","10","9,6","13,7","16,4","100","50,47682427281068","55,005630313930695","1530761216","[17:49:30] [Server thread/INFO]: The game is running normally [17:49:30] [Server thread/INFO]: Target tick rate: 20,0 per second. Average time per tick: 10,0ms (Target: 50,0ms) [17:49:30] [Server thread/INFO]: Percentiles: P50: 9,6ms P95: 13,7ms P99: 16,4ms, sample: 100"
"without-umce","2","2026-09-27T15:49:30.2252181+00:00",,"False","20","0","0","0","0","0","False","0","10","9,6","13,7","16,4","100","74,75116831092659","55,005630313930695","1530761216","[17:49:30] [Server thread/INFO]: The game is running normally [17:49:30] [Server thread/INFO]: Target tick rate: 20,0 per second. Average time per tick: 10,0ms (Target: 50,0ms) [17:49:30] [Server thread/INFO]: Percentiles: P50: 9,6ms P95: 13,7ms P99: 16,4ms, sample: 100"
"without-umce","2","2026-09-27T15:49:30.3507134+00:00",,"False","20","0","0","0","0","0","False","0","10","9,7","13,7","16,4","100","0","55,005630313930695","1530761216","[17:49:30] [Server thread/INFO]: The game is running normally [17:49:30] [Server thread/INFO]: Target tick rate: 20,0 per second. Average time per tick: 10,0ms (Target: 50,0ms) [17:49:30] [Server thread/INFO]: Percentiles: P50: 9,7ms P95: 13,7ms P99: 16,4ms, sample: 100"
"without-umce","2","2026-09-27T15:49:30.4890279+00:00",,"False","20","0","0","0","0","0","False","0","10,1","9,7","13,7","16,4","100","50,758741670490494","55,005630313930695","1530761216","[17:49:30] [Server thread/INFO]: The game is running normally [17:49:30] [Server thread/INFO]: Target tick rate: 20,0 per second. Average time per tick: 10,1ms (Target: 50,0ms) [17:49:30] [Server thread/INFO]: Percentiles: P50: 9,7ms P95: 13,7ms P99: 16,4ms, sample: 100"
"without-umce","2","2026-09-27T15:49:30.6121491+00:00",,"False","20","0","0","0","0","0","False","0","10,2","9,7","14,5","16,7","100","37,264103320340915","55,005630313930695","1530761216","[17:49:30] [Server thread/INFO]: The game is running normally [17:49:30] [Server thread/INFO]: Target tick rate: 20,0 per second. Average time per tick: 10,2ms (Target: 50,0ms) [17:49:30] [Server thread/INFO]: Percentiles: P50: 9,7ms P95: 14,5ms P99: 16,7ms, sample: 100"
"without-umce","2","2026-09-27T15:49:30.7379668+00:00",,"False","20","0","0","0","0","0","False","0","10,3","9,9","14,7","16,8","100","50,281900446664174","55,005630313930695","1530761216","[17:49:30] [Server thread/INFO]: The game is running normally [17:49:30] [Server thread/INFO]: Target tick rate: 20,0 per second. Average time per tick: 10,3ms (Target: 50,0ms) [17:49:30] [Server thread/INFO]: Percentiles: P50: 9,9ms P95: 14,7ms P99: 16,8ms, sample: 100"
"without-umce","2","2026-09-27T15:49:30.8622502+00:00",,"False","20","0","0","0","0","0","False","0","10,4","9,9","16,2","16,8","100","75,15222835375337","55,005630313930695","1530761216","[17:49:30] [Server thread/INFO]: The game is running normally [17:49:30] [Server thread/INFO]: Target tick rate: 20,0 per second. Average time per tick: 10,4ms (Target: 50,0ms) [17:49:30] [Server thread/INFO]: Percentiles: P50: 9,9ms P95: 16,2ms P99: 16,8ms, sample: 100"
"without-umce","2","2026-09-27T15:49:30.9870313+00:00",,"False","20","0","0","0","0","0","False","0","10,5","9,9","16,2","16,8","100","25,099615353414634","55,005630313930695","1530761216","[17:49:31] [Server thread/INFO]: The game is running normally [17:49:31] [Server thread/INFO]: Target tick rate: 20,0 per second. Average time per tick: 10,5ms (Target: 50,0ms) [17:49:31] [Server thread/INFO]: Percentiles: P50: 9,9ms P95: 16,2ms P99: 16,8ms, sample: 100"
"without-umce","2","2026-09-27T15:49:31.1114903+00:00",,"False","20","0","0","0","0","0","False","0","10,6","9,9","16,3","18,8","100","24,765598562723532","55,005630313930695","1530761216","[17:49:31] [Server thread/INFO]: The game is running normally [17:49:31] [Server thread/INFO]: Target tick rate: 20,0 per second. Average time per tick: 10,6ms (Target: 50,0ms) [17:49:31] [Server thread/INFO]: Percentiles: P50: 9,9ms P95: 16,3ms P99: 18,8ms, sample: 100"
"without-umce","2","2026-09-27T15:49:31.2376905+00:00",,"False","20","0","0","0","0","0","False","0","10,8","10","16,3","18,8","100","76,91891146817895","55,005630313930695","1530761216","[17:49:31] [Server thread/INFO]: The game is running normally [17:49:31] [Server thread/INFO]: Target tick rate: 20,0 per second. Average time per tick: 10,8ms (Target: 50,0ms) [17:49:31] [Server thread/INFO]: Percentiles: P50: 10,0ms P95: 16,3ms P99: 18,8ms, sample: 100"
"without-umce","2","2026-09-27T15:49:31.3595849+00:00",,"False","20","0","0","0","0","0","False","0","10,9","10,2","16,4","18,8","100","75,64064601549282","55,005630313930695","1530761216","[17:49:31] [Server thread/INFO]: The game is running normally [17:49:31] [Server thread/INFO]: Target tick rate: 20,0 per second. Average time per tick: 10,9ms (Target: 50,0ms) [17:49:31] [Server thread/INFO]: Percentiles: P50: 10,2ms P95: 16,4ms P99: 18,8ms, sample: 100"
"without-umce","2","2026-09-27T15:49:31.4835143+00:00",,"False","20","0","0","0","0","0","False","0","11","10,4","16,4","18,8","100","64,39480423567386","55,005630313930695","1530761216","[17:49:31] [Server thread/INFO]: The game is running normally [17:49:31] [Server thread/INFO]: Target tick rate: 20,0 per second. Average time per tick: 11,0ms (Target: 50,0ms) [17:49:31] [Server thread/INFO]: Percentiles: P50: 10,4ms P95: 16,4ms P99: 18,8ms, sample: 100"
"without-umce","2","2026-09-27T15:49:31.6048658+00:00",,"False","20","0","0","0","0","0","False","0","11,1","10,4","16,4","18,8","100","63,56189036519713","55,005630313930695","1530761216","[17:49:31] [Server thread/INFO]: The game is running normally [17:49:31] [Server thread/INFO]: Target tick rate: 20,0 per second. Average time per tick: 11,1ms (Target: 50,0ms) [17:49:31] [Server thread/INFO]: Percentiles: P50: 10,4ms P95: 16,4ms P99: 18,8ms, sample: 100"
"without-umce","2","2026-09-27T15:49:31.7277545+00:00",,"False","20","0","0","0","0","0","False","0","11,2","10,5","16,4","18,8","100","50,76018452342278","55,005630313930695","1530761216","[17:49:31] [Server thread/INFO]: The game is running normally [17:49:31] [Server thread/INFO]: Target tick rate: 20,0 per second. Average time per tick: 11,2ms (Target: 50,0ms) [17:49:31] [Server thread/INFO]: Percentiles: P50: 10,5ms P95: 16,4ms P99: 18,8ms, sample: 100"
"without-umce","2","2026-09-27T15:49:31.8508731+00:00",,"False","20","0","0","0","0","0","False","0","11,2","10,5","16,4","18,8","100","12,597738292770632","55,005630313930695","1530761216","[17:49:31] [Server thread/INFO]: The game is running normally [17:49:31] [Server thread/INFO]: Target tick rate: 20,0 per second. Average time per tick: 11,2ms (Target: 50,0ms) [17:49:31] [Server thread/INFO]: Percentiles: P50: 10,5ms P95: 16,4ms P99: 18,8ms, sample: 100"
"without-umce","2","2026-09-27T15:49:31.9748810+00:00",,"False","20","0","0","0","0","0","False","0","11,2","10,5","16,4","18,8","100","22,58984432886476","55,005630313930695","1530761216","[17:49:31] [Server thread/INFO]: The game is running normally [17:49:31] [Server thread/INFO]: Target tick rate: 20,0 per second. Average time per tick: 11,2ms (Target: 50,0ms) [17:49:31] [Server thread/INFO]: Percentiles: P50: 10,5ms P95: 16,4ms P99: 18,8ms, sample: 100"
"without-umce","2","2026-09-27T15:49:32.1132413+00:00",,"False","20","0","0","0","0","0","False","0","11,2","10,9","16,4","18,8","100","12,461051736691797","55,005630313930695","1530761216","[17:49:32] [Server thread/INFO]: The game is running normally [17:49:32] [Server thread/INFO]: Target tick rate: 20,0 per second. Average time per tick: 11,2ms (Target: 50,0ms) [17:49:32] [Server thread/INFO]: Percentiles: P50: 10,9ms P95: 16,4ms P99: 18,8ms, sample: 100"
"without-umce","2","2026-09-27T15:49:32.2386134+00:00",,"False","20","0","0","0","0","0","False","0","11,2","10,9","16,4","18,8","100","12,59098751215786","55,005630313930695","1530761216","[17:49:32] [Server thread/INFO]: The game is running normally [17:49:32] [Server thread/INFO]: Target tick rate: 20,0 per second. Average time per tick: 11,2ms (Target: 50,0ms) [17:49:32] [Server thread/INFO]: Percentiles: P50: 10,9ms P95: 16,4ms P99: 18,8ms, sample: 100"
"without-umce","2","2026-09-27T15:49:32.3627205+00:00",,"False","20","0","0","0","0","0","False","0","11,2","10,7","16,3","18,8","100","49,88088444793832","55,005630313930695","1530761216","[17:49:32] [Server thread/INFO]: The game is running normally [17:49:32] [Server thread/INFO]: Target tick rate: 20,0 per second. Average time per tick: 11,2ms (Target: 50,0ms) [17:49:32] [Server thread/INFO]: Percentiles: P50: 10,7ms P95: 16,3ms P99: 18,8ms, sample: 100"
"without-umce","2","2026-09-27T15:49:32.4880033+00:00",,"False","20","0","0","0","0","0","False","0","11,2","10,9","16,3","18,8","100","12,663819164714752","55,005630313930695","1530761216","[17:49:32] [Server thread/INFO]: The game is running normally [17:49:32] [Server thread/INFO]: Target tick rate: 20,0 per second. Average time per tick: 11,2ms (Target: 50,0ms) [17:49:32] [Server thread/INFO]: Percentiles: P50: 10,9ms P95: 16,3ms P99: 18,8ms, sample: 100"
"without-umce","2","2026-09-27T15:49:32.6114130+00:00",,"False","20","0","0","0","0","0","False","0","11,3","11,1","16,7","19,7","100","51,35199533313066","55,005630313930695","1530761216","[17:49:32] [Server thread/INFO]: The game is running normally [17:49:32] [Server thread/INFO]: Target tick rate: 20,0 per second. Average time per tick: 11,3ms (Target: 50,0ms) [17:49:32] [Server thread/INFO]: Percentiles: P50: 11,1ms P95: 16,7ms P99: 19,7ms, sample: 100"
"without-umce","2","2026-09-27T15:49:32.7331201+00:00",,"False","20","0","0","0","0","0","False","0","11,4","11,1","16,7","19,7","100","75,0473698998808","55,005630313930695","1530761216","[17:49:32] [Server thread/INFO]: The game is running normally [17:49:32] [Server thread/INFO]: Target tick rate: 20,0 per second. Average time per tick: 11,4ms (Target: 50,0ms) [17:49:32] [Server thread/INFO]: Percentiles: P50: 11,1ms P95: 16,7ms P99: 19,7ms, sample: 100"
"without-umce","2","2026-09-27T15:49:32.8580561+00:00",,"False","20","0","0","0","0","0","False","0","11,5","11,1","16,7","19,7","100","63,380224558670825","55,005630313930695","1530761216","[17:49:32] [Server thread/INFO]: The game is running normally [17:49:32] [Server thread/INFO]: Target tick rate: 20,0 per second. Average time per tick: 11,5ms (Target: 50,0ms) [17:49:32] [Server thread/INFO]: Percentiles: P50: 11,1ms P95: 16,7ms P99: 19,7ms, sample: 100"
"without-umce","2","2026-09-27T15:49:32.9812884+00:00",,"False","20","0","0","0","0","0","False","0","11,6","11,3","16,7","19,7","100","50,18609002180084","55,005630313930695","1530761216","[17:49:33] [Server thread/INFO]: The game is running normally [17:49:33] [Server thread/INFO]: Target tick rate: 20,0 per second. Average time per tick: 11,6ms (Target: 50,0ms) [17:49:33] [Server thread/INFO]: Percentiles: P50: 11,3ms P95: 16,7ms P99: 19,7ms, sample: 100"
"without-umce","2","2026-09-27T15:49:33.1058388+00:00",,"False","20","0","0","0","0","0","False","0","11,6","11,3","16,7","19,7","100","74,10674691538077","55,005630313930695","1530761216","[17:49:33] [Server thread/INFO]: The game is running normally [17:49:33] [Server thread/INFO]: Target tick rate: 20,0 per second. Average time per tick: 11,6ms (Target: 50,0ms) [17:49:33] [Server thread/INFO]: Percentiles: P50: 11,3ms P95: 16,7ms P99: 19,7ms, sample: 100"
"without-umce","2","2026-09-27T15:49:33.2323213+00:00",,"False","20","0","0","0","0","0","False","0","11,7","11,3","16,7","19,7","100","63,54276214388602","55,005630313930695","1530761216","[17:49:33] [Server thread/INFO]: The game is running normally [17:49:33] [Server thread/INFO]: Target tick rate: 20,0 per second. Average time per tick: 11,7ms (Target: 50,0ms) [17:49:33] [Server thread/INFO]: Percentiles: P50: 11,3ms P95: 16,7ms P99: 19,7ms, sample: 100"
"without-umce","2","2026-09-27T15:49:33.3553099+00:00",,"False","20","0","0","0","0","0","False","0","11,7","11,3","16,7","19,7","100","186,57444151055444","55,005630313930695","1530761216","[17:49:33] [Server thread/INFO]: The game is running normally [17:49:33] [Server thread/INFO]: Target tick rate: 20,0 per second. Average time per tick: 11,7ms (Target: 50,0ms) [17:49:33] [Server thread/INFO]: Percentiles: P50: 11,3ms P95: 16,7ms P99: 19,7ms, sample: 100"
"without-umce","2","2026-09-27T15:49:33.4809273+00:00",,"False","20","0","0","0","0","0","False","0","11,7","11,3","16,7","19,7","100","374,40394891333","55,005630313930695","1530761216","[17:49:33] [Server thread/INFO]: The game is running normally [17:49:33] [Server thread/INFO]: Target tick rate: 20,0 per second. Average time per tick: 11,7ms (Target: 50,0ms) [17:49:33] [Server thread/INFO]: Percentiles: P50: 11,3ms P95: 16,7ms P99: 19,7ms, sample: 100"
"without-umce","2","2026-09-27T15:49:33.6061201+00:00",,"False","20","0","0","0","0","0","False","0","11,8","11,3","16,8","19,7","100","187,84518431068932","55,005630313930695","1530761216","[17:49:33] [Server thread/INFO]: The game is running normally [17:49:33] [Server thread/INFO]: Target tick rate: 20,0 per second. Average time per tick: 11,8ms (Target: 50,0ms) [17:49:33] [Server thread/INFO]: Percentiles: P50: 11,3ms P95: 16,8ms P99: 19,7ms, sample: 100"
"without-umce","2","2026-09-27T15:49:33.7310061+00:00",,"False","20","0","0","0","0","0","False","0","12","11,3","17,1","19,7","100","38,08965838350334","55,005630313930695","1530761216","[17:49:33] [Server thread/INFO]: The game is running normally [17:49:33] [Server thread/INFO]: Target tick rate: 20,0 per second. Average time per tick: 12,0ms (Target: 50,0ms) [17:49:33] [Server thread/INFO]: Percentiles: P50: 11,3ms P95: 17,1ms P99: 19,7ms, sample: 100"
"without-umce","2","2026-09-27T15:49:33.8539452+00:00",,"False","20","0","0","0","0","0","False","0","12","11,3","17,2","19,7","100","63,58677427651477","55,005630313930695","1530761216","[17:49:33] [Server thread/INFO]: The game is running normally [17:49:33] [Server thread/INFO]: Target tick rate: 20,0 per second. Average time per tick: 12,0ms (Target: 50,0ms) [17:49:33] [Server thread/INFO]: Percentiles: P50: 11,3ms P95: 17,2ms P99: 19,7ms, sample: 100"
"without-umce","2","2026-09-27T15:49:33.9767971+00:00",,"False","20","0","0","0","0","0","False","0","12,1","11,4","17,2","19,7","100","50,00216009331603","55,005630313930695","1530761216","[17:49:34] [Server thread/INFO]: The game is running normally [17:49:34] [Server thread/INFO]: Target tick rate: 20,0 per second. Average time per tick: 12,1ms (Target: 50,0ms) [17:49:34] [Server thread/INFO]: Percentiles: P50: 11,4ms P95: 17,2ms P99: 19,7ms, sample: 100"
"without-umce","2","2026-09-27T15:49:34.1018066+00:00",,"False","20","0","0","0","0","0","False","0","12,1","11,3","17,2","19,7","100","62,700893663297194","55,005630313930695","1530761216","[17:49:34] [Server thread/INFO]: The game is running normally [17:49:34] [Server thread/INFO]: Target tick rate: 20,0 per second. Average time per tick: 12,1ms (Target: 50,0ms) [17:49:34] [Server thread/INFO]: Percentiles: P50: 11,3ms P95: 17,2ms P99: 19,7ms, sample: 100"
"without-umce","2","2026-09-27T15:49:34.2264495+00:00",,"False","20","0","0","0","0","0","False","0","12,2","11,4","17,2","19,7","100","25,204519553464632","55,005630313930695","1530761216","[17:49:34] [Server thread/INFO]: The game is running normally [17:49:34] [Server thread/INFO]: Target tick rate: 20,0 per second. Average time per tick: 12,2ms (Target: 50,0ms) [17:49:34] [Server thread/INFO]: Percentiles: P50: 11,4ms P95: 17,2ms P99: 19,7ms, sample: 100"
"without-umce","2","2026-09-27T15:49:34.3503732+00:00",,"False","20","0","0","0","0","0","False","0","12,2","11,5","17,2","19,7","100","56,137549751342085","55,005630313930695","1530761216","[17:49:34] [Server thread/INFO]: The game is running normally [17:49:34] [Server thread/INFO]: Target tick rate: 20,0 per second. Average time per tick: 12,2ms (Target: 50,0ms) [17:49:34] [Server thread/INFO]: Percentiles: P50: 11,5ms P95: 17,2ms P99: 19,7ms, sample: 100"
"without-umce","2","2026-09-27T15:49:34.4895464+00:00",,"False","20","0","0","0","0","0","False","0","12,2","11,4","17,2","19,7","100","89,90684212646224","55,005630313930695","1530761216","[17:49:34] [Server thread/INFO]: The game is running normally [17:49:34] [Server thread/INFO]: Target tick rate: 20,0 per second. Average time per tick: 12,2ms (Target: 50,0ms) [17:49:34] [Server thread/INFO]: Percentiles: P50: 11,4ms P95: 17,2ms P99: 19,7ms, sample: 100"
"without-umce","2","2026-09-27T15:49:34.6285957+00:00",,"False","20","0","0","0","0","0","False","0","12,2","11,4","17,2","19,7","100","12,466659166724513","55,005630313930695","1530761216","[17:49:34] [Server thread/INFO]: The game is running normally [17:49:34] [Server thread/INFO]: Target tick rate: 20,0 per second. Average time per tick: 12,2ms (Target: 50,0ms) [17:49:34] [Server thread/INFO]: Percentiles: P50: 11,4ms P95: 17,2ms P99: 19,7ms, sample: 100"
"without-umce","2","2026-09-27T15:49:34.7539313+00:00",,"False","20","0","0","0","0","0","False","0","12,2","11,4","17,2","19,7","100","12,645524698227199","55,005630313930695","1530761216","[17:49:34] [Server thread/INFO]: The game is running normally [17:49:34] [Server thread/INFO]: Target tick rate: 20,0 per second. Average time per tick: 12,2ms (Target: 50,0ms) [17:49:34] [Server thread/INFO]: Percentiles: P50: 11,4ms P95: 17,2ms P99: 19,7ms, sample: 100"
"without-umce","2","2026-09-27T15:49:34.8774677+00:00",,"False","20","0","0","0","0","0","False","0","12,2","11,5","17,2","19,7","100","0","55,005630313930695","1530761216","[17:49:34] [Server thread/INFO]: The game is running normally [17:49:34] [Server thread/INFO]: Target tick rate: 20,0 per second. Average time per tick: 12,2ms (Target: 50,0ms) [17:49:34] [Server thread/INFO]: Percentiles: P50: 11,5ms P95: 17,2ms P99: 19,7ms, sample: 100"
"without-umce","2","2026-09-27T15:49:35.0015103+00:00",,"False","20","0","0","0","0","0","False","0","12,2","11,5","17,2","19,7","100","88,3676287258822","55,005630313930695","1530761216","[17:49:35] [Server thread/INFO]: The game is running normally [17:49:35] [Server thread/INFO]: Target tick rate: 20,0 per second. Average time per tick: 12,2ms (Target: 50,0ms) [17:49:35] [Server thread/INFO]: Percentiles: P50: 11,5ms P95: 17,2ms P99: 19,7ms, sample: 100"
"without-umce","2","2026-09-27T15:49:35.1253035+00:00",,"False","20","0","0","0","0","0","False","0","12,2","11,5","17,2","19,7","100","64,00787184169798","55,005630313930695","1530761216","[17:49:35] [Server thread/INFO]: The game is running normally [17:49:35] [Server thread/INFO]: Target tick rate: 20,0 per second. Average time per tick: 12,2ms (Target: 50,0ms) [17:49:35] [Server thread/INFO]: Percentiles: P50: 11,5ms P95: 17,2ms P99: 19,7ms, sample: 100"
"without-umce","2","2026-09-27T15:49:35.2473656+00:00",,"False","20","0","0","0","0","0","False","0","12,1","11,5","17,2","19,7","100","24,995200921423084","55,005630313930695","1530761216","[17:49:35] [Server thread/INFO]: The game is running normally [17:49:35] [Server thread/INFO]: Target tick rate: 20,0 per second. Average time per tick: 12,1ms (Target: 50,0ms) [17:49:35] [Server thread/INFO]: Percentiles: P50: 11,5ms P95: 17,2ms P99: 19,7ms, sample: 100"
"without-umce","2","2026-09-27T15:49:35.3723902+00:00",,"False","20","0","0","0","0","0","False","0","12,1","11,5","17,2","19,7","100","73,95247794046884","55,005630313930695","1530761216","[17:49:35] [Server thread/INFO]: The game is running normally [17:49:35] [Server thread/INFO]: Target tick rate: 20,0 per second. Average time per tick: 12,1ms (Target: 50,0ms) [17:49:35] [Server thread/INFO]: Percentiles: P50: 11,5ms P95: 17,2ms P99: 19,7ms, sample: 100"
"without-umce","2","2026-09-27T15:49:35.4991641+00:00",,"False","20","0","0","0","0","0","False","0","12,2","11,5","17,2","19,7","100","75,79824649347205","55,005630313930695","1530761216","[17:49:35] [Server thread/INFO]: The game is running normally [17:49:35] [Server thread/INFO]: Target tick rate: 20,0 per second. Average time per tick: 12,2ms (Target: 50,0ms) [17:49:35] [Server thread/INFO]: Percentiles: P50: 11,5ms P95: 17,2ms P99: 19,7ms, sample: 100"
"without-umce","2","2026-09-27T15:49:35.6228436+00:00",,"False","20","0","0","0","0","0","False","0","12,2","11,5","17,4","19,7","100","74,49581234206887","55,005630313930695","1530761216","[17:49:35] [Server thread/INFO]: The game is running normally [17:49:35] [Server thread/INFO]: Target tick rate: 20,0 per second. Average time per tick: 12,2ms (Target: 50,0ms) [17:49:35] [Server thread/INFO]: Percentiles: P50: 11,5ms P95: 17,4ms P99: 19,7ms, sample: 100"
"without-umce","2","2026-09-27T15:49:35.7486706+00:00",,"False","20","0","0","0","0","0","False","0","12,1","11,5","17,4","19,7","100","50,957761315476645","55,005630313930695","1530761216","[17:49:35] [Server thread/INFO]: The game is running normally [17:49:35] [Server thread/INFO]: Target tick rate: 20,0 per second. Average time per tick: 12,1ms (Target: 50,0ms) [17:49:35] [Server thread/INFO]: Percentiles: P50: 11,5ms P95: 17,4ms P99: 19,7ms, sample: 100"
"without-umce","2","2026-09-27T15:49:35.8713295+00:00",,"False","20","0","0","0","0","0","False","0","12","11,3","17,4","19,7","100","62,900145566032876","55,005630313930695","1530761216","[17:49:35] [Server thread/INFO]: The game is running normally [17:49:35] [Server thread/INFO]: Target tick rate: 20,0 per second. Average time per tick: 12,0ms (Target: 50,0ms) [17:49:35] [Server thread/INFO]: Percentiles: P50: 11,3ms P95: 17,4ms P99: 19,7ms, sample: 100"
"without-umce","2","2026-09-27T15:49:35.9955142+00:00",,"False","20","0","0","0","0","0","False","0","12","11,3","17,4","19,7","100","49,881202927108795","55,005630313930695","1530761216","[17:49:36] [Server thread/INFO]: The game is running normally [17:49:36] [Server thread/INFO]: Target tick rate: 20,0 per second. Average time per tick: 12,0ms (Target: 50,0ms) [17:49:36] [Server thread/INFO]: Percentiles: P50: 11,3ms P95: 17,4ms P99: 19,7ms, sample: 100"
"without-umce","2","2026-09-27T15:49:36.1208916+00:00",,"False","20","0","0","0","0","0","False","0","11,9","11,2","17,2","19,7","100","37,95715598670386","55,005630313930695","1530761216","[17:49:36] [Server thread/INFO]: The game is running normally [17:49:36] [Server thread/INFO]: Target tick rate: 20,0 per second. Average time per tick: 11,9ms (Target: 50,0ms) [17:49:36] [Server thread/INFO]: Percentiles: P50: 11,2ms P95: 17,2ms P99: 19,7ms, sample: 100"
"without-umce","2","2026-09-27T15:49:36.2443042+00:00",,"False","20","0","0","0","0","0","False","0","11,8","11,1","17,2","19,7","100","37,71676579638498","55,005630313930695","1530761216","[17:49:36] [Server thread/INFO]: The game is running normally [17:49:36] [Server thread/INFO]: Target tick rate: 20,0 per second. Average time per tick: 11,8ms (Target: 50,0ms) [17:49:36] [Server thread/INFO]: Percentiles: P50: 11,1ms P95: 17,2ms P99: 19,7ms, sample: 100"
"without-umce","2","2026-09-27T15:49:36.3685971+00:00",,"False","20","0","0","0","0","0","False","0","11,7","11,1","17,1","19,7","100","74,99196086179562","55,005630313930695","1530761216","[17:49:36] [Server thread/INFO]: The game is running normally [17:49:36] [Server thread/INFO]: Target tick rate: 20,0 per second. Average time per tick: 11,7ms (Target: 50,0ms) [17:49:36] [Server thread/INFO]: Percentiles: P50: 11,1ms P95: 17,1ms P99: 19,7ms, sample: 100"
"without-umce","2","2026-09-27T15:49:36.4936355+00:00",,"False","20","0","0","0","0","0","False","0","11,7","11,1","17,1","19,7","100","51,06471983443592","55,005630313930695","1530761216","[17:49:36] [Server thread/INFO]: The game is running normally [17:49:36] [Server thread/INFO]: Target tick rate: 20,0 per second. Average time per tick: 11,7ms (Target: 50,0ms) [17:49:36] [Server thread/INFO]: Percentiles: P50: 11,1ms P95: 17,1ms P99: 19,7ms, sample: 100"
"without-umce","2","2026-09-27T15:49:36.6159967+00:00",,"False","20","0","0","0","0","0","False","0","11,7","11,1","17,1","19,7","100","55,93085407219572","55,005630313930695","1530761216","[17:49:36] [Server thread/INFO]: The game is running normally [17:49:36] [Server thread/INFO]: Target tick rate: 20,0 per second. Average time per tick: 11,7ms (Target: 50,0ms) [17:49:36] [Server thread/INFO]: Percentiles: P50: 11,1ms P95: 17,1ms P99: 19,7ms, sample: 100"
"without-umce","2","2026-09-27T15:49:36.7556740+00:00",,"False","20","0","0","0","0","0","False","0","11,7","11,1","17,1","19,7","100","24,765834085554268","55,005630313930695","1530761216","[17:49:36] [Server thread/INFO]: The game is running normally [17:49:36] [Server thread/INFO]: Target tick rate: 20,0 per second. Average time per tick: 11,7ms (Target: 50,0ms) [17:49:36] [Server thread/INFO]: Percentiles: P50: 11,1ms P95: 17,1ms P99: 19,7ms, sample: 100"
"without-umce","2","2026-09-27T15:49:36.8818847+00:00",,"False","20","0","0","0","0","0","False","0","11,7","11,1","17,1","19,7","100","37,67393301393875","55,005630313930695","1530761216","[17:49:36] [Server thread/INFO]: The game is running normally [17:49:36] [Server thread/INFO]: Target tick rate: 20,0 per second. Average time per tick: 11,7ms (Target: 50,0ms) [17:49:36] [Server thread/INFO]: Percentiles: P50: 11,1ms P95: 17,1ms P99: 19,7ms, sample: 100"
"without-umce","2","2026-09-27T15:49:37.0063031+00:00",,"False","20","0","0","0","0","0","False","0","11,7","11,2","17,1","19,7","100","33,653680474188434","55,005630313930695","1530761216","[17:49:37] [Server thread/INFO]: The game is running normally [17:49:37] [Server thread/INFO]: Target tick rate: 20,0 per second. Average time per tick: 11,7ms (Target: 50,0ms) [17:49:37] [Server thread/INFO]: Percentiles: P50: 11,2ms P95: 17,1ms P99: 19,7ms, sample: 100"
"without-umce","2","2026-09-27T15:49:37.1456277+00:00",,"False","20","0","0","0","0","0","False","0","11,8","11,2","17,1","19,7","100","49,99864003699099","55,005630313930695","1530761216","[17:49:37] [Server thread/INFO]: The game is running normally [17:49:37] [Server thread/INFO]: Target tick rate: 20,0 per second. Average time per tick: 11,8ms (Target: 50,0ms) [17:49:37] [Server thread/INFO]: Percentiles: P50: 11,2ms P95: 17,1ms P99: 19,7ms, sample: 100"
"without-umce","2","2026-09-27T15:49:37.2706130+00:00",,"False","20","0","0","0","0","0","False","0","11,8","11,2","17,1","19,7","100","88,12342032474537","55,005630313930695","1530761216","[17:49:37] [Server thread/INFO]: The game is running normally [17:49:37] [Server thread/INFO]: Target tick rate: 20,0 per second. Average time per tick: 11,8ms (Target: 50,0ms) [17:49:37] [Server thread/INFO]: Percentiles: P50: 11,2ms P95: 17,1ms P99: 19,7ms, sample: 100"
"without-umce","2","2026-09-27T15:49:37.3946940+00:00",,"False","20","0","0","0","0","0","False","0","11,9","11,3","17,1","19,7","100","0","55,005630313930695","1530761216","[17:49:37] [Server thread/INFO]: The game is running normally [17:49:37] [Server thread/INFO]: Target tick rate: 20,0 per second. Average time per tick: 11,9ms (Target: 50,0ms) [17:49:37] [Server thread/INFO]: Percentiles: P50: 11,3ms P95: 17,1ms P99: 19,7ms, sample: 100"
"without-umce","2","2026-09-27T15:49:37.5188313+00:00",,"False","20","0","0","0","0","0","False","0","11,8","11,2","17,1","19,7","100","38,70291764266824","55,005630313930695","1530761216","[17:49:37] [Server thread/INFO]: The game is running normally [17:49:37] [Server thread/INFO]: Target tick rate: 20,0 per second. Average time per tick: 11,8ms (Target: 50,0ms) [17:49:37] [Server thread/INFO]: Percentiles: P50: 11,2ms P95: 17,1ms P99: 19,7ms, sample: 100"
"without-umce","2","2026-09-27T15:49:37.6399046+00:00",,"False","20","0","0","0","0","0","False","0","11,8","11,3","16,7","18,6","100","49,911078422682145","55,005630313930695","1530761216","[17:49:37] [Server thread/INFO]: The game is running normally [17:49:37] [Server thread/INFO]: Target tick rate: 20,0 per second. Average time per tick: 11,8ms (Target: 50,0ms) [17:49:37] [Server thread/INFO]: Percentiles: P50: 11,3ms P95: 16,7ms P99: 18,6ms, sample: 100"
"without-umce","2","2026-09-27T15:49:37.7651299+00:00",,"False","20","0","0","0","0","0","False","0","11,8","11,3","16,7","18,6","100","101,22498426963745","55,005630313930695","1530761216","[17:49:37] [Server thread/INFO]: The game is running normally [17:49:37] [Server thread/INFO]: Target tick rate: 20,0 per second. Average time per tick: 11,8ms (Target: 50,0ms) [17:49:37] [Server thread/INFO]: Percentiles: P50: 11,3ms P95: 16,7ms P99: 18,6ms, sample: 100"
"without-umce","2","2026-09-27T15:49:37.8886092+00:00",,"False","20","0","0","0","0","0","False","0","11,8","11,3","16,7","18,6","100","63,49070902360432","55,005630313930695","1530761216","[17:49:37] [Server thread/INFO]: The game is running normally [17:49:37] [Server thread/INFO]: Target tick rate: 20,0 per second. Average time per tick: 11,8ms (Target: 50,0ms) [17:49:37] [Server thread/INFO]: Percentiles: P50: 11,3ms P95: 16,7ms P99: 18,6ms, sample: 100"
"without-umce","2","2026-09-27T15:49:38.0116576+00:00",,"False","20","0","0","0","0","0","False","0","11,7","11,3","16,7","18,6","100","75,81485809480296","55,005630313930695","1530761216","[17:49:38] [Server thread/INFO]: The game is running normally [17:49:38] [Server thread/INFO]: Target tick rate: 20,0 per second. Average time per tick: 11,7ms (Target: 50,0ms) [17:49:38] [Server thread/INFO]: Percentiles: P50: 11,3ms P95: 16,7ms P99: 18,6ms, sample: 100"
"without-umce","2","2026-09-27T15:49:38.1353268+00:00",,"False","20","0","0","0","0","0","False","0","11,7","11,3","16,7","18,6","100","25,266531588419927","55,005630313930695","1530761216","[17:49:38] [Server thread/INFO]: The game is running normally [17:49:38] [Server thread/INFO]: Target tick rate: 20,0 per second. Average time per tick: 11,7ms (Target: 50,0ms) [17:49:38] [Server thread/INFO]: Percentiles: P50: 11,3ms P95: 16,7ms P99: 18,6ms, sample: 100"
"without-umce","2","2026-09-27T15:49:38.2590287+00:00",,"False","20","0","0","0","0","0","False","0","11,7","11,3","16,7","18,6","100","38,220221860743855","55,005630313930695","1530761216","[17:49:38] [Server thread/INFO]: The game is running normally [17:49:38] [Server thread/INFO]: Target tick rate: 20,0 per second. Average time per tick: 11,7ms (Target: 50,0ms) [17:49:38] [Server thread/INFO]: Percentiles: P50: 11,3ms P95: 16,7ms P99: 18,6ms, sample: 100"
"without-umce","2","2026-09-27T15:49:38.3816330+00:00",,"False","20","0","0","0","0","0","False","0","11,7","11,3","16,7","18,6","100","50,04443946224247","55,005630313930695","1530761216","[17:49:38] [Server thread/INFO]: The game is running normally [17:49:38] [Server thread/INFO]: Target tick rate: 20,0 per second. Average time per tick: 11,7ms (Target: 50,0ms) [17:49:38] [Server thread/INFO]: Percentiles: P50: 11,3ms P95: 16,7ms P99: 18,6ms, sample: 100"
"without-umce","2","2026-09-27T15:49:38.5065403+00:00",,"False","20","0","0","0","0","0","False","0","11,8","11,3","16,7","18,6","100","44,91455813776337","55,005630313930695","1530761216","[17:49:38] [Server thread/INFO]: The game is running normally [17:49:38] [Server thread/INFO]: Target tick rate: 20,0 per second. Average time per tick: 11,8ms (Target: 50,0ms) [17:49:38] [Server thread/INFO]: Percentiles: P50: 11,3ms P95: 16,7ms P99: 18,6ms, sample: 100"
"without-umce","2","2026-09-27T15:49:38.6456874+00:00",,"False","20","0","0","0","0","0","False","0","11,6","11,3","15","18,6","100","12,585886086655334","55,005630313930695","1530761216","[17:49:38] [Server thread/INFO]: The game is running normally [17:49:38] [Server thread/INFO]: Target tick rate: 20,0 per second. Average time per tick: 11,6ms (Target: 50,0ms) [17:49:38] [Server thread/INFO]: Percentiles: P50: 11,3ms P95: 15,0ms P99: 18,6ms, sample: 100"
"without-umce","2","2026-09-27T15:49:38.7698604+00:00",,"False","20","0","0","0","0","0","False","0","11,6","11,3","14,7","18,6","100","0","55,005630313930695","1530761216","[17:49:38] [Server thread/INFO]: The game is running normally [17:49:38] [Server thread/INFO]: Target tick rate: 20,0 per second. Average time per tick: 11,6ms (Target: 50,0ms) [17:49:38] [Server thread/INFO]: Percentiles: P50: 11,3ms P95: 14,7ms P99: 18,6ms, sample: 100"
"without-umce","2","2026-09-27T15:49:38.8940675+00:00",,"False","20","0","0","0","0","0","False","0","11,5","11,5","14,7","18,6","100","0","55,005630313930695","1530761216","[17:49:38] [Server thread/INFO]: The game is running normally [17:49:38] [Server thread/INFO]: Target tick rate: 20,0 per second. Average time per tick: 11,5ms (Target: 50,0ms) [17:49:38] [Server thread/INFO]: Percentiles: P50: 11,5ms P95: 14,7ms P99: 18,6ms, sample: 100"
"without-umce","2","2026-09-27T15:49:39.0191466+00:00",,"False","20","0","0","0","0","0","False","0","11,5","11,3","14,7","18,6","100","51,03790687419361","55,005630313930695","1530761216","[17:49:39] [Server thread/INFO]: The game is running normally [17:49:39] [Server thread/INFO]: Target tick rate: 20,0 per second. Average time per tick: 11,5ms (Target: 50,0ms) [17:49:39] [Server thread/INFO]: Percentiles: P50: 11,3ms P95: 14,7ms P99: 18,6ms, sample: 100"
"without-umce","2","2026-09-27T15:49:39.1416077+00:00",,"False","20","0","0","0","0","0","False","0","11,5","11,3","14,7","18,6","100","88,5593827603322","55,005630313930695","1530761216","[17:49:39] [Server thread/INFO]: The game is running normally [17:49:39] [Server thread/INFO]: Target tick rate: 20,0 per second. Average time per tick: 11,5ms (Target: 50,0ms) [17:49:39] [Server thread/INFO]: Percentiles: P50: 11,3ms P95: 14,7ms P99: 18,6ms, sample: 100"
"without-umce","2","2026-09-27T15:49:39.2651028+00:00",,"False","20","0","0","0","0","0","False","0","11,5","11,3","14,7","18,6","100","62,29855140417945","55,005630313930695","1530761216","[17:49:39] [Server thread/INFO]: The game is running normally [17:49:39] [Server thread/INFO]: Target tick rate: 20,0 per second. Average time per tick: 11,5ms (Target: 50,0ms) [17:49:39] [Server thread/INFO]: Percentiles: P50: 11,3ms P95: 14,7ms P99: 18,6ms, sample: 100"
"without-umce","2","2026-09-27T15:49:39.3904919+00:00",,"False","20","0","0","0","0","0","False","0","11,5","11,3","14,7","18,6","100","125,62975684511318","55,005630313930695","1530761216","[17:49:39] [Server thread/INFO]: The game is running normally [17:49:39] [Server thread/INFO]: Target tick rate: 20,0 per second. Average time per tick: 11,5ms (Target: 50,0ms) [17:49:39] [Server thread/INFO]: Percentiles: P50: 11,3ms P95: 14,7ms P99: 18,6ms, sample: 100"
"without-umce","2","2026-09-27T15:49:39.5148800+00:00",,"False","20","0","0","0","0","0","False","0","11,5","11,3","14,7","18,6","100","75,6031925111308","55,005630313930695","1530761216","[17:49:39] [Server thread/INFO]: The game is running normally [17:49:39] [Server thread/INFO]: Target tick rate: 20,0 per second. Average time per tick: 11,5ms (Target: 50,0ms) [17:49:39] [Server thread/INFO]: Percentiles: P50: 11,3ms P95: 14,7ms P99: 18,6ms, sample: 100"
"without-umce","2","2026-09-27T15:49:39.6388709+00:00",,"False","20","0","0","0","0","0","False","0","11,5","11,3","14,7","18,6","100","37,903168421869744","55,005630313930695","1530761216","[17:49:39] [Server thread/INFO]: The game is running normally [17:49:39] [Server thread/INFO]: Target tick rate: 20,0 per second. Average time per tick: 11,5ms (Target: 50,0ms) [17:49:39] [Server thread/INFO]: Percentiles: P50: 11,3ms P95: 14,7ms P99: 18,6ms, sample: 100"
"without-umce","2","2026-09-27T15:49:39.7625570+00:00",,"False","20","0","0","0","0","0","False","0","11,5","11,3","14,7","18,6","100","100,25939109664526","55,005630313930695","1530761216","[17:49:39] [Server thread/INFO]: stress014 drowned [17:49:39] [Server thread/INFO]: The game is running normally [17:49:39] [Server thread/INFO]: Target tick rate: 20,0 per second. Average time per tick: 11,5ms (Target: 50,0ms) [17:49:39] [Server thread/INFO]: Percentiles: P50: 11,3ms P95: 14,7ms P99: 18,6ms, sample: 100"
"without-umce","2","2026-09-27T15:49:39.8872180+00:00",,"False","20","0","0","0","0","0","False","0","11,5","11,3","14,7","18,6","100","37,90712249560278","55,005630313930695","1530761216","[17:49:39] [Server thread/INFO]: The game is running normally [17:49:39] [Server thread/INFO]: Target tick rate: 20,0 per second. Average time per tick: 11,5ms (Target: 50,0ms) [17:49:39] [Server thread/INFO]: Percentiles: P50: 11,3ms P95: 14,7ms P99: 18,6ms, sample: 100"
"without-umce","2","2026-09-27T15:49:40.0108765+00:00",,"False","20","0","0","0","0","0","False","0","11,6","11,3","14,7","18,6","100","111,44395706287223","55,005630313930695","1530761216","[17:49:40] [Server thread/INFO]: The game is running normally [17:49:40] [Server thread/INFO]: Target tick rate: 20,0 per second. Average time per tick: 11,6ms (Target: 50,0ms) [17:49:40] [Server thread/INFO]: Percentiles: P50: 11,3ms P95: 14,7ms P99: 18,6ms, sample: 100"
"without-umce","2","2026-09-27T15:49:40.1370519+00:00",,"False","20","0","0","0","0","0","False","0","11,6","11,5","15","18,6","100","37,970407788004024","55,005630313930695","1530761216","[17:49:40] [Server thread/INFO]: The game is running normally [17:49:40] [Server thread/INFO]: Target tick rate: 20,0 per second. Average time per tick: 11,6ms (Target: 50,0ms) [17:49:40] [Server thread/INFO]: Percentiles: P50: 11,5ms P95: 15,0ms P99: 18,6ms, sample: 100"
"without-umce","2","2026-09-27T15:49:40.2605072+00:00",,"False","20","0","0","0","0","0","False","0","11,7","11,5","15","18,6","100","63,50252709576628","55,005630313930695","1530761216","[17:49:40] [Server thread/INFO]: The game is running normally [17:49:40] [Server thread/INFO]: Target tick rate: 20,0 per second. Average time per tick: 11,7ms (Target: 50,0ms) [17:49:40] [Server thread/INFO]: Percentiles: P50: 11,5ms P95: 15,0ms P99: 18,6ms, sample: 100"
"without-umce","2","2026-09-27T15:49:40.3835523+00:00",,"False","20","0","0","0","0","0","False","0","11,6","11,4","15","18,6","100","37,47044331431367","55,005630313930695","1530761216","[17:49:40] [Server thread/INFO]: The game is running normally [17:49:40] [Server thread/INFO]: Target tick rate: 20,0 per second. Average time per tick: 11,6ms (Target: 50,0ms) [17:49:40] [Server thread/INFO]: Percentiles: P50: 11,4ms P95: 15,0ms P99: 18,6ms, sample: 100"
"without-umce","2","2026-09-27T15:49:40.5086699+00:00",,"False","20","0","0","0","0","0","False","0","11,6","11,3","15","18,6","100","152,086135097911","55,005630313930695","1530761216","[17:49:40] [Server thread/INFO]: The game is running normally [17:49:40] [Server thread/INFO]: Target tick rate: 20,0 per second. Average time per tick: 11,6ms (Target: 50,0ms) [17:49:40] [Server thread/INFO]: Percentiles: P50: 11,3ms P95: 15,0ms P99: 18,6ms, sample: 100"
"without-umce","2","2026-09-27T15:49:40.6319393+00:00",,"False","20","0","0","0","0","0","False","0","11,7","11,4","15","15,6","100","33,5624770432657","55,005630313930695","1530761216","[17:49:40] [Server thread/INFO]: The game is running normally [17:49:40] [Server thread/INFO]: Target tick rate: 20,0 per second. Average time per tick: 11,7ms (Target: 50,0ms) [17:49:40] [Server thread/INFO]: Percentiles: P50: 11,4ms P95: 15,0ms P99: 15,6ms, sample: 100"
"without-umce","2","2026-09-27T15:49:40.7715789+00:00",,"False","20","0","0","0","0","0","False","0","11,7","11,5","15","15,6","100","56,91487501675574","55,005630313930695","1530761216","[17:49:40] [Server thread/INFO]: The game is running normally [17:49:40] [Server thread/INFO]: Target tick rate: 20,0 per second. Average time per tick: 11,7ms (Target: 50,0ms) [17:49:40] [Server thread/INFO]: Percentiles: P50: 11,5ms P95: 15,0ms P99: 15,6ms, sample: 100"
"without-umce","2","2026-09-27T15:49:40.9089164+00:00",,"False","20","0","0","0","0","0","False","0","11,7","11,5","15","15,6","100","50,04047273434754","55,005630313930695","1530761216","[17:49:40] [Server thread/INFO]: The game is running normally [17:49:40] [Server thread/INFO]: Target tick rate: 20,0 per second. Average time per tick: 11,7ms (Target: 50,0ms) [17:49:40] [Server thread/INFO]: Percentiles: P50: 11,5ms P95: 15,0ms P99: 15,6ms, sample: 100"
"without-umce","2","2026-09-27T15:49:41.0337660+00:00",,"False","20","0","0","0","0","0","False","0","11,6","11,4","15","15,6","100","38,077498574378446","55,005630313930695","1530761216","[17:49:41] [Server thread/INFO]: The game is running normally [17:49:41] [Server thread/INFO]: Target tick rate: 20,0 per second. Average time per tick: 11,6ms (Target: 50,0ms) [17:49:41] [Server thread/INFO]: Percentiles: P50: 11,4ms P95: 15,0ms P99: 15,6ms, sample: 100"
"without-umce","2","2026-09-27T15:49:41.1568667+00:00",,"False","20","0","0","0","0","0","False","0","11,7","11,4","15","15,6","100","304,15894778848053","55,005630313930695","1530761216","[17:49:41] [Server thread/INFO]: stress018 drowned [17:49:41] [Server thread/INFO]: The game is running normally [17:49:41] [Server thread/INFO]: Target tick rate: 20,0 per second. Average time per tick: 11,7ms (Target: 50,0ms) [17:49:41] [Server thread/INFO]: Percentiles: P50: 11,4ms P95: 15,0ms P99: 15,6ms, sample: 100"
"without-umce","2","2026-09-27T15:49:41.2801911+00:00",,"False","20","0","0","0","0","0","False","0","11,8","11,5","15,3","24,5","100","252,35008587978123","55,005630313930695","1530761216","[17:49:41] [Server thread/INFO]: The game is running normally [17:49:41] [Server thread/INFO]: Target tick rate: 20,0 per second. Average time per tick: 11,8ms (Target: 50,0ms) [17:49:41] [Server thread/INFO]: Percentiles: P50: 11,5ms P95: 15,3ms P99: 24,5ms, sample: 100"
"without-umce","2","2026-09-27T15:49:41.4040006+00:00",,"False","20","0","0","0","0","0","False","0","11,8","11,5","15,3","24,5","100","126,81909307101058","55,005630313930695","1530761216","[17:49:41] [Server thread/INFO]: The game is running normally [17:49:41] [Server thread/INFO]: Target tick rate: 20,0 per second. Average time per tick: 11,8ms (Target: 50,0ms) [17:49:41] [Server thread/INFO]: Percentiles: P50: 11,5ms P95: 15,3ms P99: 24,5ms, sample: 100"
"without-umce","2","2026-09-27T15:49:41.5271890+00:00",,"False","20","0","0","0","0","0","False","0","11,9","11,6","15,3","24,5","100","50,173439545822","55,005630313930695","1530761216","[17:49:41] [Server thread/INFO]: The game is running normally [17:49:41] [Server thread/INFO]: Target tick rate: 20,0 per second. Average time per tick: 11,9ms (Target: 50,0ms) [17:49:41] [Server thread/INFO]: Percentiles: P50: 11,6ms P95: 15,3ms P99: 24,5ms, sample: 100"
"without-umce","2","2026-09-27T15:49:41.6517998+00:00",,"False","20","0","0","0","0","0","False","0","11,8","11,5","15,3","24,5","100","25,27399027375977","55,005630313930695","1530761216","[17:49:41] [Server thread/INFO]: The game is running normally [17:49:41] [Server thread/INFO]: Target tick rate: 20,0 per second. Average time per tick: 11,8ms (Target: 50,0ms) [17:49:41] [Server thread/INFO]: Percentiles: P50: 11,5ms P95: 15,3ms P99: 24,5ms, sample: 100"
"without-umce","2","2026-09-27T15:49:41.7754379+00:00",,"False","20","0","0","0","0","0","False","0","11,8","11,5","15,3","24,5","100","101,320736058672","55,005630313930695","1530761216","[17:49:41] [Server thread/INFO]: The game is running normally [17:49:41] [Server thread/INFO]: Target tick rate: 20,0 per second. Average time per tick: 11,8ms (Target: 50,0ms) [17:49:41] [Server thread/INFO]: Percentiles: P50: 11,5ms P95: 15,3ms P99: 24,5ms, sample: 100"
"without-umce","2","2026-09-27T15:49:41.8987680+00:00",,"False","20","0","0","0","0","0","False","0","11,8","11,5","15,3","24,5","100","49,93245137977344","55,005630313930695","1530761216","[17:49:41] [Server thread/INFO]: The game is running normally [17:49:41] [Server thread/INFO]: Target tick rate: 20,0 per second. Average time per tick: 11,8ms (Target: 50,0ms) [17:49:41] [Server thread/INFO]: Percentiles: P50: 11,5ms P95: 15,3ms P99: 24,5ms, sample: 100"
"without-umce","2","2026-09-27T15:49:42.0239837+00:00",,"False","20","0","0","0","0","0","False","0","11,7","11,4","15,3","24,5","100","88,56131884503895","55,005630313930695","1530761216","[17:49:42] [Server thread/INFO]: The game is running normally [17:49:42] [Server thread/INFO]: Target tick rate: 20,0 per second. Average time per tick: 11,7ms (Target: 50,0ms) [17:49:42] [Server thread/INFO]: Percentiles: P50: 11,4ms P95: 15,3ms P99: 24,5ms, sample: 100"
"without-umce","2","2026-09-27T15:49:42.1474707+00:00",,"False","20","0","0","0","0","0","False","0","11,6","11,4","15,3","24,5","100","56,492415735008805","55,005630313930695","1530761216","[17:49:42] [Server thread/INFO]: The game is running normally [17:49:42] [Server thread/INFO]: Target tick rate: 20,0 per second. Average time per tick: 11,6ms (Target: 50,0ms) [17:49:42] [Server thread/INFO]: Percentiles: P50: 11,4ms P95: 15,3ms P99: 24,5ms, sample: 100"
"without-umce","2","2026-09-27T15:49:42.2857762+00:00",,"False","20","0","0","0","0","0","False","0","11,6","11,3","15,3","24,5","100","25,22753215803979","55,005630313930695","1530761216","[17:49:42] [Server thread/INFO]: The game is running normally [17:49:42] [Server thread/INFO]: Target tick rate: 20,0 per second. Average time per tick: 11,6ms (Target: 50,0ms) [17:49:42] [Server thread/INFO]: Percentiles: P50: 11,3ms P95: 15,3ms P99: 24,5ms, sample: 100"
"without-umce","2","2026-09-27T15:49:42.4096098+00:00",,"False","20","0","0","0","0","0","False","0","11,5","11,2","15,3","24,5","100","62,64674373251905","55,005630313930695","1530761216","[17:49:42] [Server thread/INFO]: The game is running normally [17:49:42] [Server thread/INFO]: Target tick rate: 20,0 per second. Average time per tick: 11,5ms (Target: 50,0ms) [17:49:42] [Server thread/INFO]: Percentiles: P50: 11,2ms P95: 15,3ms P99: 24,5ms, sample: 100"
"without-umce","2","2026-09-27T15:49:42.5343202+00:00",,"False","20","0","0","0","0","0","False","0","11,4","11,2","15,3","24,5","100","38,327192806016576","55,005630313930695","1530761216","[17:49:42] [Server thread/INFO]: The game is running normally [17:49:42] [Server thread/INFO]: Target tick rate: 20,0 per second. Average time per tick: 11,4ms (Target: 50,0ms) [17:49:42] [Server thread/INFO]: Percentiles: P50: 11,2ms P95: 15,3ms P99: 24,5ms, sample: 100"
"without-umce","2","2026-09-27T15:49:42.6566375+00:00",,"False","20","0","0","0","0","0","False","0","11,4","10,9","15,3","24,5","100","224,95374950910093","55,005630313930695","1530761216","[17:49:42] [Server thread/INFO]: The game is running normally [17:49:42] [Server thread/INFO]: Target tick rate: 20,0 per second. Average time per tick: 11,4ms (Target: 50,0ms) [17:49:42] [Server thread/INFO]: Percentiles: P50: 10,9ms P95: 15,3ms P99: 24,5ms, sample: 100"
"without-umce","2","2026-09-27T15:49:42.7816563+00:00",,"False","20","0","0","0","0","0","False","0","11,3","10,9","15,3","24,5","100","25,064304980858893","55,005630313930695","1530761216","[17:49:42] [Server thread/INFO]: The game is running normally [17:49:42] [Server thread/INFO]: Target tick rate: 20,0 per second. Average time per tick: 11,3ms (Target: 50,0ms) [17:49:42] [Server thread/INFO]: Percentiles: P50: 10,9ms P95: 15,3ms P99: 24,5ms, sample: 100"
"without-umce","2","2026-09-27T15:49:42.9063379+00:00",,"False","20","0","0","0","0","0","False","0","11,3","10,9","15,3","24,5","100","101,16853707058002","55,005630313930695","1530761216","[17:49:42] [Server thread/INFO]: The game is running normally [17:49:42] [Server thread/INFO]: Target tick rate: 20,0 per second. Average time per tick: 11,3ms (Target: 50,0ms) [17:49:42] [Server thread/INFO]: Percentiles: P50: 10,9ms P95: 15,3ms P99: 24,5ms, sample: 100"
"without-umce","2","2026-09-27T15:49:43.0298753+00:00",,"False","20","0","0","0","0","0","False","0","11,3","10,8","15,3","24,5","100","75,48983846382406","55,005630313930695","1530761216","[17:49:43] [Server thread/INFO]: The game is running normally [17:49:43] [Server thread/INFO]: Target tick rate: 20,0 per second. Average time per tick: 11,3ms (Target: 50,0ms) [17:49:43] [Server thread/INFO]: Percentiles: P50: 10,8ms P95: 15,3ms P99: 24,5ms, sample: 100"
"without-umce","2","2026-09-27T15:49:43.1540635+00:00",,"False","20","0","0","0","0","0","False","0","11,2","10,8","15,3","24,5","100","62,55214346679392","55,005630313930695","1530761216","[17:49:43] [Server thread/INFO]: The game is running normally [17:49:43] [Server thread/INFO]: Target tick rate: 20,0 per second. Average time per tick: 11,2ms (Target: 50,0ms) [17:49:43] [Server thread/INFO]: Percentiles: P50: 10,8ms P95: 15,3ms P99: 24,5ms, sample: 100"
"without-umce","2","2026-09-27T15:49:43.2789713+00:00",,"False","20","0","0","0","0","0","False","0","11,1","10,8","15,3","24,5","100","25,26943280028981","55,005630313930695","1530761216","[17:49:43] [Server thread/INFO]: The game is running normally [17:49:43] [Server thread/INFO]: Target tick rate: 20,0 per second. Average time per tick: 11,1ms (Target: 50,0ms) [17:49:43] [Server thread/INFO]: Percentiles: P50: 10,8ms P95: 15,3ms P99: 24,5ms, sample: 100"
"without-umce","2","2026-09-27T15:49:43.4026820+00:00",,"False","20","0","0","0","0","0","False","0","11,1","10,8","15,3","24,5","100","62,18504518315635","55,005630313930695","1530761216","[17:49:43] [Server thread/INFO]: The game is running normally [17:49:43] [Server thread/INFO]: Target tick rate: 20,0 per second. Average time per tick: 11,1ms (Target: 50,0ms) [17:49:43] [Server thread/INFO]: Percentiles: P50: 10,8ms P95: 15,3ms P99: 24,5ms, sample: 100"
"without-umce","2","2026-09-27T15:49:43.5282806+00:00",,"False","20","0","0","0","0","0","False","0","11","10,6","15,3","24,5","100","62,25154164697858","55,005630313930695","1530761216","[17:49:43] [Server thread/INFO]: The game is running normally [17:49:43] [Server thread/INFO]: Target tick rate: 20,0 per second. Average time per tick: 11,0ms (Target: 50,0ms) [17:49:43] [Server thread/INFO]: Percentiles: P50: 10,6ms P95: 15,3ms P99: 24,5ms, sample: 100"
"without-umce","2","2026-09-27T15:49:43.6538032+00:00",,"False","20","0","0","0","0","0","False","0","11","10,7","15,3","24,5","100","76,616046955217","55,005630313930695","1530761216","[17:49:43] [Server thread/INFO]: The game is running normally [17:49:43] [Server thread/INFO]: Target tick rate: 20,0 per second. Average time per tick: 11,0ms (Target: 50,0ms) [17:49:43] [Server thread/INFO]: Percentiles: P50: 10,7ms P95: 15,3ms P99: 24,5ms, sample: 100"
"without-umce","2","2026-09-27T15:49:43.7761504+00:00",,"False","20","0","0","0","0","0","False","0","11","10,7","15,3","24,5","100","63,86998564407107","55,005630313930695","1530761216","[17:49:43] [Server thread/INFO]: The game is running normally [17:49:43] [Server thread/INFO]: Target tick rate: 20,0 per second. Average time per tick: 11,0ms (Target: 50,0ms) [17:49:43] [Server thread/INFO]: Percentiles: P50: 10,7ms P95: 15,3ms P99: 24,5ms, sample: 100"
"without-umce","2","2026-09-27T15:49:43.8984396+00:00",,"False","20","0","0","0","0","0","False","0","11","10,6","15,3","24,5","100","0","55,005630313930695","1530761216","[17:49:43] [Server thread/INFO]: The game is running normally [17:49:43] [Server thread/INFO]: Target tick rate: 20,0 per second. Average time per tick: 11,0ms (Target: 50,0ms) [17:49:43] [Server thread/INFO]: Percentiles: P50: 10,6ms P95: 15,3ms P99: 24,5ms, sample: 100"
"without-umce","2","2026-09-27T15:49:44.0230560+00:00",,"False","20","0","0","0","0","0","False","0","10,9","10,6","15,3","24,5","100","30,42387022783341","55,005630313930695","1530761216","[17:49:44] [Server thread/INFO]: The game is running normally [17:49:44] [Server thread/INFO]: Target tick rate: 20,0 per second. Average time per tick: 10,9ms (Target: 50,0ms) [17:49:44] [Server thread/INFO]: Percentiles: P50: 10,6ms P95: 15,3ms P99: 24,5ms, sample: 100"
"without-umce","2","2026-09-27T15:49:44.1771155+00:00",,"False","20","0","0","0","0","0","False","0","10,9","10,4","15,3","24,5","100","0","55,005630313930695","1530761216","[17:49:44] [Server thread/INFO]: The game is running normally [17:49:44] [Server thread/INFO]: Target tick rate: 20,0 per second. Average time per tick: 10,9ms (Target: 50,0ms) [17:49:44] [Server thread/INFO]: Percentiles: P50: 10,4ms P95: 15,3ms P99: 24,5ms, sample: 100"
"without-umce","2","2026-09-27T15:49:44.3153025+00:00",,"False","20","0","0","0","0","0","False","0","10,8","10,4","15,3","24,5","100","12,453007331533724","55,005630313930695","1530761216","[17:49:44] [Server thread/INFO]: The game is running normally [17:49:44] [Server thread/INFO]: Target tick rate: 20,0 per second. Average time per tick: 10,8ms (Target: 50,0ms) [17:49:44] [Server thread/INFO]: Percentiles: P50: 10,4ms P95: 15,3ms P99: 24,5ms, sample: 100"
"without-umce","2","2026-09-27T15:49:44.4408154+00:00",,"False","20","0","0","0","0","0","False","0","10,9","10,6","15,3","24,5","100","50,50729527372933","55,005630313930695","1530761216","[17:49:44] [Server thread/INFO]: The game is running normally [17:49:44] [Server thread/INFO]: Target tick rate: 20,0 per second. Average time per tick: 10,9ms (Target: 50,0ms) [17:49:44] [Server thread/INFO]: Percentiles: P50: 10,6ms P95: 15,3ms P99: 24,5ms, sample: 100"
"without-umce","2","2026-09-27T15:49:44.5645744+00:00",,"False","20","0","0","0","0","0","False","0","10,9","10,6","15,3","24,5","100","89,57770102874103","55,005630313930695","1530761216","[17:49:44] [Server thread/INFO]: The game is running normally [17:49:44] [Server thread/INFO]: Target tick rate: 20,0 per second. Average time per tick: 10,9ms (Target: 50,0ms) [17:49:44] [Server thread/INFO]: Percentiles: P50: 10,6ms P95: 15,3ms P99: 24,5ms, sample: 100"
"without-umce","2","2026-09-27T15:49:44.6866288+00:00",,"False","20","0","0","0","0","0","False","0","10,9","10,4","15,3","24,5","100","73,75751048143395","55,005630313930695","1530761216","[17:49:44] [Server thread/INFO]: The game is running normally [17:49:44] [Server thread/INFO]: Target tick rate: 20,0 per second. Average time per tick: 10,9ms (Target: 50,0ms) [17:49:44] [Server thread/INFO]: Percentiles: P50: 10,4ms P95: 15,3ms P99: 24,5ms, sample: 100"
"without-umce","2","2026-09-27T15:49:44.8137550+00:00",,"False","20","0","0","0","0","0","False","0","10,8","10,4","15,3","24,5","100","101,1917965024877","55,005630313930695","1530761216","[17:49:44] [Server thread/INFO]: The game is running normally [17:49:44] [Server thread/INFO]: Target tick rate: 20,0 per second. Average time per tick: 10,8ms (Target: 50,0ms) [17:49:44] [Server thread/INFO]: Percentiles: P50: 10,4ms P95: 15,3ms P99: 24,5ms, sample: 100"
"without-umce","2","2026-09-27T15:49:44.9372448+00:00",,"False","20","0","0","0","0","0","False","0","10,7","10,4","15,3","24,5","100","50,13621005547873","55,005630313930695","1530761216","[17:49:44] [Server thread/INFO]: The game is running normally [17:49:44] [Server thread/INFO]: Target tick rate: 20,0 per second. Average time per tick: 10,7ms (Target: 50,0ms) [17:49:44] [Server thread/INFO]: Percentiles: P50: 10,4ms P95: 15,3ms P99: 24,5ms, sample: 100"
"without-umce","2","2026-09-27T15:49:45.0619234+00:00",,"False","20","0","0","0","0","0","False","0","10,7","10,4","15,3","24,5","100","63,119785800734576","55,005630313930695","1530761216","[17:49:45] [Server thread/INFO]: The game is running normally [17:49:45] [Server thread/INFO]: Target tick rate: 20,0 per second. Average time per tick: 10,7ms (Target: 50,0ms) [17:49:45] [Server thread/INFO]: Percentiles: P50: 10,4ms P95: 15,3ms P99: 24,5ms, sample: 100"
"without-umce","2","2026-09-27T15:49:45.1857067+00:00",,"False","20","0","0","0","0","0","False","0","10,6","10,2","15,1","24,5","100","25,575405707775822","55,005630313930695","1530761216","[17:49:45] [Server thread/INFO]: The game is running normally [17:49:45] [Server thread/INFO]: Target tick rate: 20,0 per second. Average time per tick: 10,6ms (Target: 50,0ms) [17:49:45] [Server thread/INFO]: Percentiles: P50: 10,2ms P95: 15,1ms P99: 24,5ms, sample: 100"
"without-umce","2","2026-09-27T15:49:45.3078858+00:00",,"False","20","0","0","0","0","0","False","0","10,5","10,2","15,1","24,5","100","49,89792879685315","55,005630313930695","1530761216","[17:49:45] [Server thread/INFO]: The game is running normally [17:49:45] [Server thread/INFO]: Target tick rate: 20,0 per second. Average time per tick: 10,5ms (Target: 50,0ms) [17:49:45] [Server thread/INFO]: Percentiles: P50: 10,2ms P95: 15,1ms P99: 24,5ms, sample: 100"
"without-umce","2","2026-09-27T15:49:45.4331273+00:00",,"False","20","0","0","0","0","0","False","0","10,5","10,2","15,1","24,5","100","37,80787710484013","55,005630313930695","1530761216","[17:49:45] [Server thread/INFO]: The game is running normally [17:49:45] [Server thread/INFO]: Target tick rate: 20,0 per second. Average time per tick: 10,5ms (Target: 50,0ms) [17:49:45] [Server thread/INFO]: Percentiles: P50: 10,2ms P95: 15,1ms P99: 24,5ms, sample: 100"
"without-umce","2","2026-09-27T15:49:45.5571263+00:00",,"False","20","0","0","0","0","0","False","0","10,5","10,2","14,3","24,5","100","37,17040260601197","55,005630313930695","1530761216","[17:49:45] [Server thread/INFO]: The game is running normally [17:49:45] [Server thread/INFO]: Target tick rate: 20,0 per second. Average time per tick: 10,5ms (Target: 50,0ms) [17:49:45] [Server thread/INFO]: Percentiles: P50: 10,2ms P95: 14,3ms P99: 24,5ms, sample: 100"
"without-umce","2","2026-09-27T15:49:45.6832320+00:00",,"False","20","0","0","0","0","0","False","0","10,3","9,9","14,3","24,5","100","25,25911813750175","55,005630313930695","1530761216","[17:49:45] [Server thread/INFO]: The game is running normally [17:49:45] [Server thread/INFO]: Target tick rate: 20,0 per second. Average time per tick: 10,3ms (Target: 50,0ms) [17:49:45] [Server thread/INFO]: Percentiles: P50: 9,9ms P95: 14,3ms P99: 24,5ms, sample: 100"
"without-umce","2","2026-09-27T15:49:45.8069335+00:00",,"False","20","0","0","0","0","0","False","0","10,3","9,8","14,3","24,5","100","87,15014446007946","55,005630313930695","1530761216","[17:49:45] [Server thread/INFO]: The game is running normally [17:49:45] [Server thread/INFO]: Target tick rate: 20,0 per second. Average time per tick: 10,3ms (Target: 50,0ms) [17:49:45] [Server thread/INFO]: Percentiles: P50: 9,8ms P95: 14,3ms P99: 24,5ms, sample: 100"
"without-umce","2","2026-09-27T15:49:45.9324528+00:00",,"False","20","0","0","0","0","0","False","0","10,2","9,8","14,3","24,5","100","37,74130279354078","55,005630313930695","1530761216","[17:49:45] [Server thread/INFO]: The game is running normally [17:49:45] [Server thread/INFO]: Target tick rate: 20,0 per second. Average time per tick: 10,2ms (Target: 50,0ms) [17:49:45] [Server thread/INFO]: Percentiles: P50: 9,8ms P95: 14,3ms P99: 24,5ms, sample: 100"
"without-umce","2","2026-09-27T15:49:46.0566359+00:00",,"False","20","0","0","0","0","0","False","0","10,2","9,8","14,3","24,5","100","38,31585176853711","55,005630313930695","1530761216","[17:49:46] [Server thread/INFO]: The game is running normally [17:49:46] [Server thread/INFO]: Target tick rate: 20,0 per second. Average time per tick: 10,2ms (Target: 50,0ms) [17:49:46] [Server thread/INFO]: Percentiles: P50: 9,8ms P95: 14,3ms P99: 24,5ms, sample: 100"
"without-umce","2","2026-09-27T15:49:46.1789696+00:00",,"False","20","0","0","0","0","0","False","0","10,1","9,8","14,3","24,5","100","12,48089923181563","55,005630313930695","1530761216","[17:49:46] [Server thread/INFO]: The game is running normally [17:49:46] [Server thread/INFO]: Target tick rate: 20,0 per second. Average time per tick: 10,1ms (Target: 50,0ms) [17:49:46] [Server thread/INFO]: Percentiles: P50: 9,8ms P95: 14,3ms P99: 24,5ms, sample: 100"
"without-umce","2","2026-09-27T15:49:46.3041624+00:00",,"False","20","0","0","0","0","0","False","0","9,9","9,8","13,3","16,9","100","11,36723254265895","55,005630313930695","1530761216","[17:49:46] [Server thread/INFO]: The game is running normally [17:49:46] [Server thread/INFO]: Target tick rate: 20,0 per second. Average time per tick: 9,9ms (Target: 50,0ms) [17:49:46] [Server thread/INFO]: Percentiles: P50: 9,8ms P95: 13,3ms P99: 16,9ms, sample: 100"
"without-umce","2","2026-09-27T15:49:46.4416391+00:00",,"False","20","0","0","0","0","0","False","0","9,7","9,7","12,7","15,8","100","0","55,005630313930695","1530761216","[17:49:46] [Server thread/INFO]: The game is running normally [17:49:46] [Server thread/INFO]: Target tick rate: 20,0 per second. Average time per tick: 9,7ms (Target: 50,0ms) [17:49:46] [Server thread/INFO]: Percentiles: P50: 9,7ms P95: 12,7ms P99: 15,8ms, sample: 100"
"without-umce","2","2026-09-27T15:49:46.5675363+00:00",,"False","20","0","0","0","0","0","False","0","9,7","9,7","12,6","15,8","100","12,670442796498499","55,005630313930695","1530761216","[17:49:46] [Server thread/INFO]: The game is running normally [17:49:46] [Server thread/INFO]: Target tick rate: 20,0 per second. Average time per tick: 9,7ms (Target: 50,0ms) [17:49:46] [Server thread/INFO]: Percentiles: P50: 9,7ms P95: 12,6ms P99: 15,8ms, sample: 100"
"without-umce","2","2026-09-27T15:49:46.6908642+00:00",,"False","20","0","0","0","0","0","False","0","9,7","9,6","12,6","15,8","100","25,100421767407045","55,005630313930695","1530761216","[17:49:46] [Server thread/INFO]: The game is running normally [17:49:46] [Server thread/INFO]: Target tick rate: 20,0 per second. Average time per tick: 9,7ms (Target: 50,0ms) [17:49:46] [Server thread/INFO]: Percentiles: P50: 9,6ms P95: 12,6ms P99: 15,8ms, sample: 100"
"without-umce","2","2026-09-27T15:49:46.8153678+00:00",,"False","20","0","0","0","0","0","False","0","9,7","9,6","12,6","15,8","100","49,19764544004735","55,005630313930695","1530761216","[17:49:46] [Server thread/INFO]: The game is running normally [17:49:46] [Server thread/INFO]: Target tick rate: 20,0 per second. Average time per tick: 9,7ms (Target: 50,0ms) [17:49:46] [Server thread/INFO]: Percentiles: P50: 9,6ms P95: 12,6ms P99: 15,8ms, sample: 100"
"without-umce","2","2026-09-27T15:49:46.9424283+00:00",,"False","20","0","0","0","0","0","False","0","9,7","9,6","12,6","15,8","100","12,691427336806521","55,005630313930695","1530761216","[17:49:46] [Server thread/INFO]: The game is running normally [17:49:46] [Server thread/INFO]: Target tick rate: 20,0 per second. Average time per tick: 9,7ms (Target: 50,0ms) [17:49:46] [Server thread/INFO]: Percentiles: P50: 9,6ms P95: 12,6ms P99: 15,8ms, sample: 100"
"without-umce","2","2026-09-27T15:49:47.0655082+00:00",,"False","20","0","0","0","0","0","False","0","9,6","9,6","12,6","15,8","100","12,687840947661947","55,005630313930695","1530761216","[17:49:47] [Server thread/INFO]: The game is running normally [17:49:47] [Server thread/INFO]: Target tick rate: 20,0 per second. Average time per tick: 9,6ms (Target: 50,0ms) [17:49:47] [Server thread/INFO]: Percentiles: P50: 9,6ms P95: 12,6ms P99: 15,8ms, sample: 100"
"without-umce","2","2026-09-27T15:49:47.1886538+00:00",,"False","20","0","0","0","0","0","False","0","9,6","9,6","12,6","15,8","100","25,085934376801173","55,005630313930695","1530761216","[17:49:47] [Server thread/INFO]: The game is running normally [17:49:47] [Server thread/INFO]: Target tick rate: 20,0 per second. Average time per tick: 9,6ms (Target: 50,0ms) [17:49:47] [Server thread/INFO]: Percentiles: P50: 9,6ms P95: 12,6ms P99: 15,8ms, sample: 100"
"without-umce","2","2026-09-27T15:49:47.3132675+00:00",,"False","20","0","0","0","0","0","False","0","9,6","9,5","12,6","15,8","100","89,33172924175638","55,005630313930695","1530761216","[17:49:47] [Server thread/INFO]: The game is running normally [17:49:47] [Server thread/INFO]: Target tick rate: 20,0 per second. Average time per tick: 9,6ms (Target: 50,0ms) [17:49:47] [Server thread/INFO]: Percentiles: P50: 9,5ms P95: 12,6ms P99: 15,8ms, sample: 100"
"without-umce","2","2026-09-27T15:49:47.4356708+00:00",,"False","20","0","0","0","0","0","False","0","9,7","9,6","12,6","15,8","100","37,71021180468403","55,005630313930695","1530761216","[17:49:47] [Server thread/INFO]: The game is running normally [17:49:47] [Server thread/INFO]: Target tick rate: 20,0 per second. Average time per tick: 9,7ms (Target: 50,0ms) [17:49:47] [Server thread/INFO]: Percentiles: P50: 9,6ms P95: 12,6ms P99: 15,8ms, sample: 100"
"without-umce","2","2026-09-27T15:49:47.5599651+00:00",,"False","20","0","0","0","0","0","False","0","9,6","9,6","12,6","15,8","100","74,58423762577885","55,005630313930695","1530761216","[17:49:47] [Server thread/INFO]: The game is running normally [17:49:47] [Server thread/INFO]: Target tick rate: 20,0 per second. Average time per tick: 9,6ms (Target: 50,0ms) [17:49:47] [Server thread/INFO]: Percentiles: P50: 9,6ms P95: 12,6ms P99: 15,8ms, sample: 100"
"without-umce","2","2026-09-27T15:49:47.6856859+00:00",,"False","20","0","0","0","0","0","False","0","9,6","9,5","12,6","15,8","100","50,19193395544562","55,005630313930695","1530761216","[17:49:47] [Server thread/INFO]: The game is running normally [17:49:47] [Server thread/INFO]: Target tick rate: 20,0 per second. Average time per tick: 9,6ms (Target: 50,0ms) [17:49:47] [Server thread/INFO]: Percentiles: P50: 9,5ms P95: 12,6ms P99: 15,8ms, sample: 100"
"without-umce","2","2026-09-27T15:49:47.8102172+00:00",,"False","20","0","0","0","0","0","False","0","9,7","9,6","12,6","15,8","100","50,4923203200486","55,005630313930695","1530761216","[17:49:47] [Server thread/INFO]: The game is running normally [17:49:47] [Server thread/INFO]: Target tick rate: 20,0 per second. Average time per tick: 9,7ms (Target: 50,0ms) [17:49:47] [Server thread/INFO]: Percentiles: P50: 9,6ms P95: 12,6ms P99: 15,8ms, sample: 100"
"without-umce","2","2026-09-27T15:49:47.9339693+00:00",,"False","20","0","0","0","0","0","False","0","9,7","9,6","12,6","15,8","100","37,142069306507054","55,005630313930695","1530761216","[17:49:47] [Server thread/INFO]: The game is running normally [17:49:47] [Server thread/INFO]: Target tick rate: 20,0 per second. Average time per tick: 9,7ms (Target: 50,0ms) [17:49:47] [Server thread/INFO]: Percentiles: P50: 9,6ms P95: 12,6ms P99: 15,8ms, sample: 100"
"without-umce","2","2026-09-27T15:49:48.0601853+00:00",,"False","20","0","0","0","0","0","False","0","9,7","9,6","12,6","15,8","100","62,96361368025042","55,005630313930695","1530761216","[17:49:48] [Server thread/INFO]: The game is running normally [17:49:48] [Server thread/INFO]: Target tick rate: 20,0 per second. Average time per tick: 9,7ms (Target: 50,0ms) [17:49:48] [Server thread/INFO]: Percentiles: P50: 9,6ms P95: 12,6ms P99: 15,8ms, sample: 100"
"without-umce","2","2026-09-27T15:49:48.1842517+00:00",,"False","20","0","0","0","0","0","False","0","9,7","9,6","12,6","15,8","100","25,120255688029737","55,005630313930695","1530761216","[17:49:48] [Server thread/INFO]: The game is running normally [17:49:48] [Server thread/INFO]: Target tick rate: 20,0 per second. Average time per tick: 9,7ms (Target: 50,0ms) [17:49:48] [Server thread/INFO]: Percentiles: P50: 9,6ms P95: 12,6ms P99: 15,8ms, sample: 100"
"without-umce","2","2026-09-27T15:49:48.3086904+00:00",,"False","20","0","0","0","0","0","False","0","9,7","9,6","12,6","15,8","100","37,68326123604312","55,005630313930695","1530761216","[17:49:48] [Server thread/INFO]: The game is running normally [17:49:48] [Server thread/INFO]: Target tick rate: 20,0 per second. Average time per tick: 9,7ms (Target: 50,0ms) [17:49:48] [Server thread/INFO]: Percentiles: P50: 9,6ms P95: 12,6ms P99: 15,8ms, sample: 100"
"without-umce","2","2026-09-27T15:49:48.4330339+00:00",,"False","20","0","0","0","0","0","False","0","9,7","9,6","12,6","15,8","100","50,70105360845483","55,005630313930695","1530761216","[17:49:48] [Server thread/INFO]: The game is running normally [17:49:48] [Server thread/INFO]: Target tick rate: 20,0 per second. Average time per tick: 9,7ms (Target: 50,0ms) [17:49:48] [Server thread/INFO]: Percentiles: P50: 9,6ms P95: 12,6ms P99: 15,8ms, sample: 100"
"without-umce","2","2026-09-27T15:49:48.5563145+00:00",,"False","20","0","0","0","0","0","False","0","9,8","9,7","12,7","15,8","100","137,37943580713565","55,005630313930695","1530761216","[17:49:48] [Server thread/INFO]: The game is running normally [17:49:48] [Server thread/INFO]: Target tick rate: 20,0 per second. Average time per tick: 9,8ms (Target: 50,0ms) [17:49:48] [Server thread/INFO]: Percentiles: P50: 9,7ms P95: 12,7ms P99: 15,8ms, sample: 100"
"without-umce","2","2026-09-27T15:49:48.6814364+00:00",,"False","20","0","0","0","0","0","False","0","9,7","9,6","12,6","15,8","100","24,75406342902","55,005630313930695","1530761216","[17:49:48] [Server thread/INFO]: The game is running normally [17:49:48] [Server thread/INFO]: Target tick rate: 20,0 per second. Average time per tick: 9,7ms (Target: 50,0ms) [17:49:48] [Server thread/INFO]: Percentiles: P50: 9,6ms P95: 12,6ms P99: 15,8ms, sample: 100"
"without-umce","2","2026-09-27T15:49:48.8076819+00:00",,"False","20","0","0","0","0","0","False","0","9,7","9,6","12,4","15,8","100","37,62657580099455","55,005630313930695","1530761216","[17:49:48] [Server thread/INFO]: The game is running normally [17:49:48] [Server thread/INFO]: Target tick rate: 20,0 per second. Average time per tick: 9,7ms (Target: 50,0ms) [17:49:48] [Server thread/INFO]: Percentiles: P50: 9,6ms P95: 12,4ms P99: 15,8ms, sample: 100"
"without-umce","2","2026-09-27T15:49:48.9322469+00:00",,"False","20","0","0","0","0","0","False","0","9,7","9,7","12,4","15,8","100","62,797459003809244","55,005630313930695","1530761216","[17:49:48] [Server thread/INFO]: The game is running normally [17:49:48] [Server thread/INFO]: Target tick rate: 20,0 per second. Average time per tick: 9,7ms (Target: 50,0ms) [17:49:48] [Server thread/INFO]: Percentiles: P50: 9,7ms P95: 12,4ms P99: 15,8ms, sample: 100"
"without-umce","2","2026-09-27T15:49:49.0566751+00:00",,"False","20","0","0","0","0","0","False","0","9,7","9,7","12,4","15,8","100","89,67655766643354","55,005630313930695","1530761216","[17:49:49] [Server thread/INFO]: The game is running normally [17:49:49] [Server thread/INFO]: Target tick rate: 20,0 per second. Average time per tick: 9,7ms (Target: 50,0ms) [17:49:49] [Server thread/INFO]: Percentiles: P50: 9,7ms P95: 12,4ms P99: 15,8ms, sample: 100"
"without-umce","2","2026-09-27T15:49:49.1786138+00:00",,"False","20","0","0","0","0","0","False","0","9,7","9,6","12,4","15,8","100","11,125391168753493","55,005630313930695","1530761216","[17:49:49] [Server thread/INFO]: The game is running normally [17:49:49] [Server thread/INFO]: Target tick rate: 20,0 per second. Average time per tick: 9,7ms (Target: 50,0ms) [17:49:49] [Server thread/INFO]: Percentiles: P50: 9,6ms P95: 12,4ms P99: 15,8ms, sample: 100"
"without-umce","2","2026-09-27T15:49:49.3190890+00:00",,"False","20","0","0","0","0","0","False","0","9,7","9,7","12,4","15,8","100","25,036633602286866","55,005630313930695","1530761216","[17:49:49] [Server thread/INFO]: The game is running normally [17:49:49] [Server thread/INFO]: Target tick rate: 20,0 per second. Average time per tick: 9,7ms (Target: 50,0ms) [17:49:49] [Server thread/INFO]: Percentiles: P50: 9,7ms P95: 12,4ms P99: 15,8ms, sample: 100"
"without-umce","2","2026-09-27T15:49:49.4438939+00:00",,"False","20","0","0","0","0","0","False","0","9,6","9,6","11,9","15,8","100","100,8786214080037","55,005630313930695","1530761216","[17:49:49] [Server thread/INFO]: The game is running normally [17:49:49] [Server thread/INFO]: Target tick rate: 20,0 per second. Average time per tick: 9,6ms (Target: 50,0ms) [17:49:49] [Server thread/INFO]: Percentiles: P50: 9,6ms P95: 11,9ms P99: 15,8ms, sample: 100"
"without-umce","2","2026-09-27T15:49:49.5833001+00:00",,"False","20","0","0","0","0","0","False","0","9,6","9,5","12,1","13,5","100","12,44239668032875","55,005630313930695","1530761216","[17:49:49] [Server thread/INFO]: The game is running normally [17:49:49] [Server thread/INFO]: Target tick rate: 20,0 per second. Average time per tick: 9,6ms (Target: 50,0ms) [17:49:49] [Server thread/INFO]: Percentiles: P50: 9,5ms P95: 12,1ms P99: 13,5ms, sample: 100"
"without-umce","2","2026-09-27T15:49:49.7088987+00:00",,"False","20","0","0","0","0","0","False","0","9,6","9,6","12,1","13,5","100","11,162635853743396","55,005630313930695","1530761216","[17:49:49] [Server thread/INFO]: The game is running normally [17:49:49] [Server thread/INFO]: Target tick rate: 20,0 per second. Average time per tick: 9,6ms (Target: 50,0ms) [17:49:49] [Server thread/INFO]: Percentiles: P50: 9,6ms P95: 12,1ms P99: 13,5ms, sample: 100"
"without-umce","2","2026-09-27T15:49:49.8488752+00:00",,"False","20","0","0","0","0","0","False","0","9,6","9,6","12,1","13,5","100","50,51456152956476","55,005630313930695","1530761216","[17:49:49] [Server thread/INFO]: The game is running normally [17:49:49] [Server thread/INFO]: Target tick rate: 20,0 per second. Average time per tick: 9,6ms (Target: 50,0ms) [17:49:49] [Server thread/INFO]: Percentiles: P50: 9,6ms P95: 12,1ms P99: 13,5ms, sample: 100"
"without-umce","2","2026-09-27T15:49:49.9725880+00:00",,"False","20","0","0","0","0","0","False","0","9,7","9,6","12,4","14,1","100","25,511328662651252","55,005630313930695","1530761216","[17:49:49] [Server thread/INFO]: The game is running normally [17:49:49] [Server thread/INFO]: Target tick rate: 20,0 per second. Average time per tick: 9,7ms (Target: 50,0ms) [17:49:49] [Server thread/INFO]: Percentiles: P50: 9,6ms P95: 12,4ms P99: 14,1ms, sample: 100"
"without-umce","2","2026-09-27T15:49:50.0950774+00:00",,"False","20","0","0","0","0","0","False","0","9,7","9,7","12,4","14,1","100","49,72345801589878","55,005630313930695","1530761216","[17:49:50] [Server thread/INFO]: The game is running normally [17:49:50] [Server thread/INFO]: Target tick rate: 20,0 per second. Average time per tick: 9,7ms (Target: 50,0ms) [17:49:50] [Server thread/INFO]: Percentiles: P50: 9,7ms P95: 12,4ms P99: 14,1ms, sample: 100"
"without-umce","2","2026-09-27T15:49:50.2207909+00:00",,"False","20","0","0","0","0","0","False","0","9,7","9,7","12,4","14,1","100","88,24094153790548","55,005630313930695","1530761216","[17:49:50] [Server thread/INFO]: The game is running normally [17:49:50] [Server thread/INFO]: Target tick rate: 20,0 per second. Average time per tick: 9,7ms (Target: 50,0ms) [17:49:50] [Server thread/INFO]: Percentiles: P50: 9,7ms P95: 12,4ms P99: 14,1ms, sample: 100"
"without-umce","2","2026-09-27T15:49:50.3447097+00:00",,"False","20","0","0","0","0","0","False","0","9,7","9,7","12,4","14,1","100","38,05758935313059","55,005630313930695","1530761216","[17:49:50] [Server thread/INFO]: The game is running normally [17:49:50] [Server thread/INFO]: Target tick rate: 20,0 per second. Average time per tick: 9,7ms (Target: 50,0ms) [17:49:50] [Server thread/INFO]: Percentiles: P50: 9,7ms P95: 12,4ms P99: 14,1ms, sample: 100"
"without-umce","2","2026-09-27T15:49:50.4678710+00:00",,"False","20","0","0","0","0","0","False","0","9,8","9,7","12,4","14,1","100","74,69185129828381","55,005630313930695","1530761216","[17:49:50] [Server thread/INFO]: The game is running normally [17:49:50] [Server thread/INFO]: Target tick rate: 20,0 per second. Average time per tick: 9,8ms (Target: 50,0ms) [17:49:50] [Server thread/INFO]: Percentiles: P50: 9,7ms P95: 12,4ms P99: 14,1ms, sample: 100"
"without-umce","2","2026-09-27T15:49:50.5933849+00:00",,"False","20","0","0","0","0","0","False","0","9,8","9,7","12,4","14,1","100","98,96976434111474","55,005630313930695","1530761216","[17:49:50] [Server thread/INFO]: The game is running normally [17:49:50] [Server thread/INFO]: Target tick rate: 20,0 per second. Average time per tick: 9,8ms (Target: 50,0ms) [17:49:50] [Server thread/INFO]: Percentiles: P50: 9,7ms P95: 12,4ms P99: 14,1ms, sample: 100"
"without-umce","2","2026-09-27T15:49:50.7197430+00:00",,"False","20","0","0","0","0","0","False","0","9,9","9,7","12,5","14,1","100","63,72874111162502","55,005630313930695","1530761216","[17:49:50] [Server thread/INFO]: The game is running normally [17:49:50] [Server thread/INFO]: Target tick rate: 20,0 per second. Average time per tick: 9,9ms (Target: 50,0ms) [17:49:50] [Server thread/INFO]: Percentiles: P50: 9,7ms P95: 12,5ms P99: 14,1ms, sample: 100"
"without-umce","2","2026-09-27T15:49:50.8423111+00:00",,"False","20","0","0","0","0","0","False","0","9,9","9,8","12,5","14,1","100","88,66009967219067","55,005630313930695","1530761216","[17:49:50] [Server thread/INFO]: The game is running normally [17:49:50] [Server thread/INFO]: Target tick rate: 20,0 per second. Average time per tick: 9,9ms (Target: 50,0ms) [17:49:50] [Server thread/INFO]: Percentiles: P50: 9,8ms P95: 12,5ms P99: 14,1ms, sample: 100"
"without-umce","2","2026-09-27T15:49:50.9656701+00:00",,"False","20","0","0","0","0","0","False","0","10","9,8","12,5","14,1","100","49,87009836777163","55,005630313930695","1530761216","[17:49:50] [Server thread/INFO]: The game is running normally [17:49:50] [Server thread/INFO]: Target tick rate: 20,0 per second. Average time per tick: 10,0ms (Target: 50,0ms) [17:49:50] [Server thread/INFO]: Percentiles: P50: 9,8ms P95: 12,5ms P99: 14,1ms, sample: 100"
"without-umce","2","2026-09-27T15:49:51.0909692+00:00",,"False","20","0","0","0","0","0","False","0","10","9,8","12,5","14,1","100","63,368811756709185","55,005630313930695","1530761216","[17:49:51] [Server thread/INFO]: The game is running normally [17:49:51] [Server thread/INFO]: Target tick rate: 20,0 per second. Average time per tick: 10,0ms (Target: 50,0ms) [17:49:51] [Server thread/INFO]: Percentiles: P50: 9,8ms P95: 12,5ms P99: 14,1ms, sample: 100"
"without-umce","2","2026-09-27T15:49:51.2142768+00:00",,"False","20","0","0","0","0","0","False","0","10","9,8","12,5","14,1","100","50,86627297527818","55,005630313930695","1530761216","[17:49:51] [Server thread/INFO]: The game is running normally [17:49:51] [Server thread/INFO]: Target tick rate: 20,0 per second. Average time per tick: 10,0ms (Target: 50,0ms) [17:49:51] [Server thread/INFO]: Percentiles: P50: 9,8ms P95: 12,5ms P99: 14,1ms, sample: 100"
"without-umce","2","2026-09-27T15:49:51.3371266+00:00",,"False","20","0","0","0","0","0","False","0","10","9,8","12,5","14,1","100","50,67375829022686","55,005630313930695","1530761216","[17:49:51] [Server thread/INFO]: The game is running normally [17:49:51] [Server thread/INFO]: Target tick rate: 20,0 per second. Average time per tick: 10,0ms (Target: 50,0ms) [17:49:51] [Server thread/INFO]: Percentiles: P50: 9,8ms P95: 12,5ms P99: 14,1ms, sample: 100"
"without-umce","2","2026-09-27T15:49:51.4605033+00:00",,"False","20","0","0","0","0","0","False","0","10","9,8","12,5","14,1","100","49,96031152852174","55,005630313930695","1530761216","[17:49:51] [Server thread/INFO]: The game is running normally [17:49:51] [Server thread/INFO]: Target tick rate: 20,0 per second. Average time per tick: 10,0ms (Target: 50,0ms) [17:49:51] [Server thread/INFO]: Percentiles: P50: 9,8ms P95: 12,5ms P99: 14,1ms, sample: 100"
"without-umce","2","2026-09-27T15:49:51.5855811+00:00",,"False","20","0","0","0","0","0","False","0","10","9,8","12,7","14,1","100","61,824187442231484","55,005630313930695","1530761216","[17:49:51] [Server thread/INFO]: The game is running normally [17:49:51] [Server thread/INFO]: Target tick rate: 20,0 per second. Average time per tick: 10,0ms (Target: 50,0ms) [17:49:51] [Server thread/INFO]: Percentiles: P50: 9,8ms P95: 12,7ms P99: 14,1ms, sample: 100"
"without-umce","2","2026-09-27T15:49:51.7119458+00:00",,"False","20","0","0","0","0","0","False","0","10","9,9","12,7","14,1","100","51,03198930042899","55,005630313930695","1530761216","[17:49:51] [Server thread/INFO]: The game is running normally [17:49:51] [Server thread/INFO]: Target tick rate: 20,0 per second. Average time per tick: 10,0ms (Target: 50,0ms) [17:49:51] [Server thread/INFO]: Percentiles: P50: 9,9ms P95: 12,7ms P99: 14,1ms, sample: 100"
"without-umce","2","2026-09-27T15:49:51.8344215+00:00",,"False","20","0","0","0","0","0","False","0","10","9,9","12,7","14,1","100","33,19634602950456","55,005630313930695","1530761216","[17:49:51] [Server thread/INFO]: The game is running normally [17:49:51] [Server thread/INFO]: Target tick rate: 20,0 per second. Average time per tick: 10,0ms (Target: 50,0ms) [17:49:51] [Server thread/INFO]: Percentiles: P50: 9,9ms P95: 12,7ms P99: 14,1ms, sample: 100"
"without-umce","2","2026-09-27T15:49:51.9756195+00:00",,"False","20","0","0","0","0","0","False","0","10,1","9,9","12,7","14,1","100","33,88782857638588","55,005630313930695","1530761216","[17:49:51] [Server thread/INFO]: The game is running normally [17:49:51] [Server thread/INFO]: Target tick rate: 20,0 per second. Average time per tick: 10,1ms (Target: 50,0ms) [17:49:51] [Server thread/INFO]: Percentiles: P50: 9,9ms P95: 12,7ms P99: 14,1ms, sample: 100"
"without-umce","2","2026-09-27T15:49:52.1139407+00:00",,"False","20","0","0","0","0","0","False","0","10,1","9,9","12,7","14,1","100","0","55,005630313930695","1530761216","[17:49:52] [Server thread/INFO]: The game is running normally [17:49:52] [Server thread/INFO]: Target tick rate: 20,0 per second. Average time per tick: 10,1ms (Target: 50,0ms) [17:49:52] [Server thread/INFO]: Percentiles: P50: 9,9ms P95: 12,7ms P99: 14,1ms, sample: 100"
"without-umce","2","2026-09-27T15:49:52.2389371+00:00",,"False","20","0","0","0","0","0","False","0","10,1","9,9","12,7","14,1","100","0","55,005630313930695","1530761216","[17:49:52] [Server thread/INFO]: The game is running normally [17:49:52] [Server thread/INFO]: Target tick rate: 20,0 per second. Average time per tick: 10,1ms (Target: 50,0ms) [17:49:52] [Server thread/INFO]: Percentiles: P50: 9,9ms P95: 12,7ms P99: 14,1ms, sample: 100"
"without-umce","2","2026-09-27T15:49:52.3626119+00:00",,"False","20","0","0","0","0","0","False","0","10,1","9,9","12,7","14,1","100","25,41786977916955","55,005630313930695","1530761216","[17:49:52] [Server thread/INFO]: The game is running normally [17:49:52] [Server thread/INFO]: Target tick rate: 20,0 per second. Average time per tick: 10,1ms (Target: 50,0ms) [17:49:52] [Server thread/INFO]: Percentiles: P50: 9,9ms P95: 12,7ms P99: 14,1ms, sample: 100"
"without-umce","2","2026-09-27T15:49:52.4855665+00:00",,"False","20","0","0","0","0","0","False","0","10","9,9","12,7","14,1","100","125,17003097006973","55,005630313930695","1530761216","[17:49:52] [Server thread/INFO]: The game is running normally [17:49:52] [Server thread/INFO]: Target tick rate: 20,0 per second. Average time per tick: 10,0ms (Target: 50,0ms) [17:49:52] [Server thread/INFO]: Percentiles: P50: 9,9ms P95: 12,7ms P99: 14,1ms, sample: 100"
"without-umce","2","2026-09-27T15:49:52.6103750+00:00",,"False","20","0","0","0","0","0","False","0","10,1","9,9","13,2","14,1","100","62,10748072183798","55,005630313930695","1530761216","[17:49:52] [Server thread/INFO]: The game is running normally [17:49:52] [Server thread/INFO]: Target tick rate: 20,0 per second. Average time per tick: 10,1ms (Target: 50,0ms) [17:49:52] [Server thread/INFO]: Percentiles: P50: 9,9ms P95: 13,2ms P99: 14,1ms, sample: 100"
"without-umce","2","2026-09-27T15:49:52.7361797+00:00",,"False","20","0","0","0","0","0","False","0","10,1","9,9","13,2","14,1","100","37,769797215469545","55,005630313930695","1530761216","[17:49:52] [Server thread/INFO]: The game is running normally [17:49:52] [Server thread/INFO]: Target tick rate: 20,0 per second. Average time per tick: 10,1ms (Target: 50,0ms) [17:49:52] [Server thread/INFO]: Percentiles: P50: 9,9ms P95: 13,2ms P99: 14,1ms, sample: 100"
"without-umce","2","2026-09-27T15:49:52.8602723+00:00",,"False","20","0","0","0","0","0","False","0","10,1","9,9","13,2","14,1","100","74,83147950814765","55,005630313930695","1530761216","[17:49:52] [Server thread/INFO]: The game is running normally [17:49:52] [Server thread/INFO]: Target tick rate: 20,0 per second. Average time per tick: 10,1ms (Target: 50,0ms) [17:49:52] [Server thread/INFO]: Percentiles: P50: 9,9ms P95: 13,2ms P99: 14,1ms, sample: 100"
"without-umce","2","2026-09-27T15:49:52.9855549+00:00",,"False","20","0","0","0","0","0","False","0","10,1","10","13,2","14,1","100","50,333732781836694","55,005630313930695","1530761216","[17:49:53] [Server thread/INFO]: The game is running normally [17:49:53] [Server thread/INFO]: Target tick rate: 20,0 per second. Average time per tick: 10,1ms (Target: 50,0ms) [17:49:53] [Server thread/INFO]: Percentiles: P50: 10,0ms P95: 13,2ms P99: 14,1ms, sample: 100"
"without-umce","2","2026-09-27T15:49:53.1097620+00:00",,"False","20","0","0","0","0","0","False","0","10,1","10","13,2","14,1","100","88,02859410186286","55,005630313930695","1530761216","[17:49:53] [Server thread/INFO]: The game is running normally [17:49:53] [Server thread/INFO]: Target tick rate: 20,0 per second. Average time per tick: 10,1ms (Target: 50,0ms) [17:49:53] [Server thread/INFO]: Percentiles: P50: 10,0ms P95: 13,2ms P99: 14,1ms, sample: 100"
"without-umce","2","2026-09-27T15:49:53.2340075+00:00",,"False","20","0","0","0","0","0","False","0","10,2","10","13,2","14,1","100","25,053413878388724","55,005630313930695","1530761216","[17:49:53] [Server thread/INFO]: The game is running normally [17:49:53] [Server thread/INFO]: Target tick rate: 20,0 per second. Average time per tick: 10,2ms (Target: 50,0ms) [17:49:53] [Server thread/INFO]: Percentiles: P50: 10,0ms P95: 13,2ms P99: 14,1ms, sample: 100"
"without-umce","2","2026-09-27T15:49:53.3587340+00:00",,"False","20","0","0","0","0","0","False","0","10,3","10","13,2","14,1","100","49,94541964541149","55,005630313930695","1530761216","[17:49:53] [Server thread/INFO]: The game is running normally [17:49:53] [Server thread/INFO]: Target tick rate: 20,0 per second. Average time per tick: 10,3ms (Target: 50,0ms) [17:49:53] [Server thread/INFO]: Percentiles: P50: 10,0ms P95: 13,2ms P99: 14,1ms, sample: 100"
"without-umce","2","2026-09-27T15:49:53.4839169+00:00",,"False","20","0","0","0","0","0","False","0","10,3","10,1","13,2","14,1","100","63,24722805108676","55,005630313930695","1530761216","[17:49:53] [Server thread/INFO]: The game is running normally [17:49:53] [Server thread/INFO]: Target tick rate: 20,0 per second. Average time per tick: 10,3ms (Target: 50,0ms) [17:49:53] [Server thread/INFO]: Percentiles: P50: 10,1ms P95: 13,2ms P99: 14,1ms, sample: 100"
"without-umce","2","2026-09-27T15:49:53.6073703+00:00",,"False","20","0","0","0","0","0","False","0","10,3","10","13,2","14,1","100","76,04473295928787","55,005630313930695","1530761216","[17:49:53] [Server thread/INFO]: The game is running normally [17:49:53] [Server thread/INFO]: Target tick rate: 20,0 per second. Average time per tick: 10,3ms (Target: 50,0ms) [17:49:53] [Server thread/INFO]: Percentiles: P50: 10,0ms P95: 13,2ms P99: 14,1ms, sample: 100"
"without-umce","2","2026-09-27T15:49:53.7306640+00:00",,"False","20","0","0","0","0","0","False","0","10,3","10,1","13,2","14,1","100","37,85196268987554","55,005630313930695","1530761216","[17:49:53] [Server thread/INFO]: The game is running normally [17:49:53] [Server thread/INFO]: Target tick rate: 20,0 per second. Average time per tick: 10,3ms (Target: 50,0ms) [17:49:53] [Server thread/INFO]: Percentiles: P50: 10,1ms P95: 13,2ms P99: 14,1ms, sample: 100"
"without-umce","2","2026-09-27T15:49:53.8544899+00:00",,"False","20","0","0","0","0","0","False","0","10,4","10,2","13,2","14,1","100","38,01305459526132","55,005630313930695","1530761216","[17:49:53] [Server thread/INFO]: The game is running normally [17:49:53] [Server thread/INFO]: Target tick rate: 20,0 per second. Average time per tick: 10,4ms (Target: 50,0ms) [17:49:53] [Server thread/INFO]: Percentiles: P50: 10,2ms P95: 13,2ms P99: 14,1ms, sample: 100"
"without-umce","2","2026-09-27T15:49:53.9778215+00:00",,"False","20","0","0","0","0","0","False","0","10,4","10,2","13,2","14,1","100","37,77959925819001","55,005630313930695","1530761216","[17:49:54] [Server thread/INFO]: The game is running normally [17:49:54] [Server thread/INFO]: Target tick rate: 20,0 per second. Average time per tick: 10,4ms (Target: 50,0ms) [17:49:54] [Server thread/INFO]: Percentiles: P50: 10,2ms P95: 13,2ms P99: 14,1ms, sample: 100"
"without-umce","2","2026-09-27T15:49:54.1018863+00:00",,"False","20","0","0","0","0","0","False","0","10,4","10,2","13,2","14,1","100","40,60324072329639","55,005630313930695","1530761216","[17:49:54] [Server thread/INFO]: The game is running normally [17:49:54] [Server thread/INFO]: Target tick rate: 20,0 per second. Average time per tick: 10,4ms (Target: 50,0ms) [17:49:54] [Server thread/INFO]: Percentiles: P50: 10,2ms P95: 13,2ms P99: 14,1ms, sample: 100"
"without-umce","2","2026-09-27T15:49:54.2558541+00:00",,"False","20","0","0","0","0","0","False","0","10,5","10,2","13,2","14,1","100","22,411956868637244","55,005630313930695","1530761216","[17:49:54] [Server thread/INFO]: The game is running normally [17:49:54] [Server thread/INFO]: Target tick rate: 20,0 per second. Average time per tick: 10,5ms (Target: 50,0ms) [17:49:54] [Server thread/INFO]: Percentiles: P50: 10,2ms P95: 13,2ms P99: 14,1ms, sample: 100"
"without-umce","2","2026-09-27T15:49:54.3952862+00:00",,"False","20","0","0","0","0","0","False","0","10,5","10,3","13,2","14,1","100","0","55,005630313930695","1530761216","[17:49:54] [Server thread/INFO]: The game is running normally [17:49:54] [Server thread/INFO]: Target tick rate: 20,0 per second. Average time per tick: 10,5ms (Target: 50,0ms) [17:49:54] [Server thread/INFO]: Percentiles: P50: 10,3ms P95: 13,2ms P99: 14,1ms, sample: 100"
"without-umce","2","2026-09-27T15:49:54.5189602+00:00",,"False","20","0","0","0","0","0","False","0","10,5","10,2","13,2","14,1","100","12,751219424616014","55,005630313930695","1530761216","[17:49:54] [Server thread/INFO]: The game is running normally [17:49:54] [Server thread/INFO]: Target tick rate: 20,0 per second. Average time per tick: 10,5ms (Target: 50,0ms) [17:49:54] [Server thread/INFO]: Percentiles: P50: 10,2ms P95: 13,2ms P99: 14,1ms, sample: 100"
"without-umce","2","2026-09-27T15:49:54.6414825+00:00",,"False","20","0","0","0","0","0","False","0","10,5","10,2","13,2","14,1","100","37,754069788045626","55,005630313930695","1530761216","[17:49:54] [Server thread/INFO]: The game is running normally [17:49:54] [Server thread/INFO]: Target tick rate: 20,0 per second. Average time per tick: 10,5ms (Target: 50,0ms) [17:49:54] [Server thread/INFO]: Percentiles: P50: 10,2ms P95: 13,2ms P99: 14,1ms, sample: 100"
"without-umce","2","2026-09-27T15:49:54.7656433+00:00",,"False","20","0","0","0","0","0","False","0","10,4","10,2","13,2","14,1","100","87,7617406152108","55,005630313930695","1530761216","[17:49:54] [Server thread/INFO]: The game is running normally [17:49:54] [Server thread/INFO]: Target tick rate: 20,0 per second. Average time per tick: 10,4ms (Target: 50,0ms) [17:49:54] [Server thread/INFO]: Percentiles: P50: 10,2ms P95: 13,2ms P99: 14,1ms, sample: 100"
"without-umce","2","2026-09-27T15:49:54.8902726+00:00",,"False","20","0","0","0","0","0","False","0","10,4","10,2","13,2","13,6","100","37,56142043469482","55,005630313930695","1530761216","[17:49:54] [Server thread/INFO]: The game is running normally [17:49:54] [Server thread/INFO]: Target tick rate: 20,0 per second. Average time per tick: 10,4ms (Target: 50,0ms) [17:49:54] [Server thread/INFO]: Percentiles: P50: 10,2ms P95: 13,2ms P99: 13,6ms, sample: 100"
"without-umce","2","2026-09-27T15:49:55.0150793+00:00",,"False","20","0","0","0","0","0","False","0","10,4","10,2","13,2","13,6","100","87,84011693276366","55,005630313930695","1530761216","[17:49:55] [Server thread/INFO]: The game is running normally [17:49:55] [Server thread/INFO]: Target tick rate: 20,0 per second. Average time per tick: 10,4ms (Target: 50,0ms) [17:49:55] [Server thread/INFO]: Percentiles: P50: 10,2ms P95: 13,2ms P99: 13,6ms, sample: 100"
"without-umce","2","2026-09-27T15:49:55.1396055+00:00",,"False","20","0","0","0","0","0","False","0","10,4","10,2","13,2","13,6","100","50,215081235949825","55,005630313930695","1530761216","[17:49:55] [Server thread/INFO]: The game is running normally [17:49:55] [Server thread/INFO]: Target tick rate: 20,0 per second. Average time per tick: 10,4ms (Target: 50,0ms) [17:49:55] [Server thread/INFO]: Percentiles: P50: 10,2ms P95: 13,2ms P99: 13,6ms, sample: 100"
"without-umce","2","2026-09-27T15:49:55.2640511+00:00",,"False","20","0","0","0","0","0","False","0","10,4","10,2","13,2","13,6","100","62,56932681411003","55,005630313930695","1530761216","[17:49:55] [Server thread/INFO]: The game is running normally [17:49:55] [Server thread/INFO]: Target tick rate: 20,0 per second. Average time per tick: 10,4ms (Target: 50,0ms) [17:49:55] [Server thread/INFO]: Percentiles: P50: 10,2ms P95: 13,2ms P99: 13,6ms, sample: 100"
"without-umce","2","2026-09-27T15:49:55.3889755+00:00",,"False","20","0","0","0","0","0","False","0","10,4","10,2","13,2","13,6","100","37,555672528956926","55,005630313930695","1530761216","[17:49:55] [Server thread/INFO]: The game is running normally [17:49:55] [Server thread/INFO]: Target tick rate: 20,0 per second. Average time per tick: 10,4ms (Target: 50,0ms) [17:49:55] [Server thread/INFO]: Percentiles: P50: 10,2ms P95: 13,2ms P99: 13,6ms, sample: 100"
"without-umce","2","2026-09-27T15:49:55.5137543+00:00",,"False","20","0","0","0","0","0","False","0","10,4","10,1","13,2","13,6","100","87,96317891489426","55,005630313930695","1530761216","[17:49:55] [Server thread/INFO]: The game is running normally [17:49:55] [Server thread/INFO]: Target tick rate: 20,0 per second. Average time per tick: 10,4ms (Target: 50,0ms) [17:49:55] [Server thread/INFO]: Percentiles: P50: 10,1ms P95: 13,2ms P99: 13,6ms, sample: 100"
"without-umce","2","2026-09-27T15:49:55.6380998+00:00",,"False","20","0","0","0","0","0","False","0","10,3","10,1","13,2","13,6","100","37,943759860318394","55,005630313930695","1530761216","[17:49:55] [Server thread/INFO]: The game is running normally [17:49:55] [Server thread/INFO]: Target tick rate: 20,0 per second. Average time per tick: 10,3ms (Target: 50,0ms) [17:49:55] [Server thread/INFO]: Percentiles: P50: 10,1ms P95: 13,2ms P99: 13,6ms, sample: 100"
"without-umce","2","2026-09-27T15:49:55.7616416+00:00",,"False","20","0","0","0","0","0","False","0","10,2","10","12,9","13,6","100","63,119071856771214","55,005630313930695","1530761216","[17:49:55] [Server thread/INFO]: The game is running normally [17:49:55] [Server thread/INFO]: Target tick rate: 20,0 per second. Average time per tick: 10,2ms (Target: 50,0ms) [17:49:55] [Server thread/INFO]: Percentiles: P50: 10,0ms P95: 12,9ms P99: 13,6ms, sample: 100"
"without-umce","2","2026-09-27T15:49:55.8853759+00:00",,"False","20","0","0","0","0","0","False","0","10,2","10","12,9","13,6","100","37,26505130453517","55,005630313930695","1530761216","[17:49:55] [Server thread/INFO]: The game is running normally [17:49:55] [Server thread/INFO]: Target tick rate: 20,0 per second. Average time per tick: 10,2ms (Target: 50,0ms) [17:49:55] [Server thread/INFO]: Percentiles: P50: 10,0ms P95: 12,9ms P99: 13,6ms, sample: 100"
"without-umce","2","2026-09-27T15:49:56.0111955+00:00",,"False","20","0","0","0","0","0","False","0","10,2","10","12,9","13,6","100","50,14212283295774","55,005630313930695","1530761216","[17:49:56] [Server thread/INFO]: The game is running normally [17:49:56] [Server thread/INFO]: Target tick rate: 20,0 per second. Average time per tick: 10,2ms (Target: 50,0ms) [17:49:56] [Server thread/INFO]: Percentiles: P50: 10,0ms P95: 12,9ms P99: 13,6ms, sample: 100"
"without-umce","2","2026-09-27T15:49:56.1358293+00:00",,"False","20","0","0","0","0","0","False","0","10,2","10","12,9","13,6","100","62,87195045891495","55,005630313930695","1530761216","[17:49:56] [Server thread/INFO]: The game is running normally [17:49:56] [Server thread/INFO]: Target tick rate: 20,0 per second. Average time per tick: 10,2ms (Target: 50,0ms) [17:49:56] [Server thread/INFO]: Percentiles: P50: 10,0ms P95: 12,9ms P99: 13,6ms, sample: 100"
"without-umce","2","2026-09-27T15:49:56.2601023+00:00",,"False","20","0","0","0","0","0","False","0","10,2","10","12,9","13,6","100","100,5350070937501","55,005630313930695","1530761216","[17:49:56] [Server thread/INFO]: The game is running normally [17:49:56] [Server thread/INFO]: Target tick rate: 20,0 per second. Average time per tick: 10,2ms (Target: 50,0ms) [17:49:56] [Server thread/INFO]: Percentiles: P50: 10,0ms P95: 12,9ms P99: 13,6ms, sample: 100"
"without-umce","2","2026-09-27T15:49:56.3844265+00:00",,"False","20","0","0","0","0","0","False","0","10,2","10","12,9","13,6","100","49,44119582827055","55,005630313930695","1530761216","[17:49:56] [Server thread/INFO]: The game is running normally [17:49:56] [Server thread/INFO]: Target tick rate: 20,0 per second. Average time per tick: 10,2ms (Target: 50,0ms) [17:49:56] [Server thread/INFO]: Percentiles: P50: 10,0ms P95: 12,9ms P99: 13,6ms, sample: 100"
"without-umce","2","2026-09-27T15:49:56.5108504+00:00",,"False","20","0","0","0","0","0","False","0","10,2","10","12,9","13,6","100","50,06412212762106","55,005630313930695","1530761216","[17:49:56] [Server thread/INFO]: The game is running normally [17:49:56] [Server thread/INFO]: Target tick rate: 20,0 per second. Average time per tick: 10,2ms (Target: 50,0ms) [17:49:56] [Server thread/INFO]: Percentiles: P50: 10,0ms P95: 12,9ms P99: 13,6ms, sample: 100"
"without-umce","2","2026-09-27T15:49:56.6356863+00:00",,"False","20","0","0","0","0","0","False","0","10,2","10","12,9","13,6","100","25,260016505905185","55,005630313930695","1530761216","[17:49:56] [Server thread/INFO]: The game is running normally [17:49:56] [Server thread/INFO]: Target tick rate: 20,0 per second. Average time per tick: 10,2ms (Target: 50,0ms) [17:49:56] [Server thread/INFO]: Percentiles: P50: 10,0ms P95: 12,9ms P99: 13,6ms, sample: 100"
"without-umce","2","2026-09-27T15:49:56.7593733+00:00",,"False","20","0","0","0","0","0","False","0","10,2","10","12,9","13,6","100","62,34762241082794","55,005630313930695","1530761216","[17:49:56] [Server thread/INFO]: The game is running normally [17:49:56] [Server thread/INFO]: Target tick rate: 20,0 per second. Average time per tick: 10,2ms (Target: 50,0ms) [17:49:56] [Server thread/INFO]: Percentiles: P50: 10,0ms P95: 12,9ms P99: 13,6ms, sample: 100"
"without-umce","2","2026-09-27T15:49:56.8846822+00:00",,"False","20","0","0","0","0","0","False","0","10,2","10","12,9","13,6","100","50,60249352895313","55,005630313930695","1530761216","[17:49:56] [Server thread/INFO]: The game is running normally [17:49:56] [Server thread/INFO]: Target tick rate: 20,0 per second. Average time per tick: 10,2ms (Target: 50,0ms) [17:49:56] [Server thread/INFO]: Percentiles: P50: 10,0ms P95: 12,9ms P99: 13,6ms, sample: 100"
"without-umce","2","2026-09-27T15:49:57.0082009+00:00",,"False","20","0","0","0","0","0","False","0","10,2","10","12,9","13,6","100","37,39475619815591","55,005630313930695","1530761216","[17:49:57] [Server thread/INFO]: The game is running normally [17:49:57] [Server thread/INFO]: Target tick rate: 20,0 per second. Average time per tick: 10,2ms (Target: 50,0ms) [17:49:57] [Server thread/INFO]: Percentiles: P50: 10,0ms P95: 12,9ms P99: 13,6ms, sample: 100"
"without-umce","2","2026-09-27T15:49:57.1335786+00:00",,"False","20","0","0","0","0","0","False","0","10,2","10","13,2","13,6","100","34,01787580409187","55,005630313930695","1530761216","[17:49:57] [Server thread/INFO]: The game is running normally [17:49:57] [Server thread/INFO]: Target tick rate: 20,0 per second. Average time per tick: 10,2ms (Target: 50,0ms) [17:49:57] [Server thread/INFO]: Percentiles: P50: 10,0ms P95: 13,2ms P99: 13,6ms, sample: 100"
"without-umce","2","2026-09-27T15:49:57.2713484+00:00",,"False","20","0","0","0","0","0","False","0","10,3","10","13,2","13,6","100","33,65179598289089","55,005630313930695","1530761216","[17:49:57] [Server thread/INFO]: The game is running normally [17:49:57] [Server thread/INFO]: Target tick rate: 20,0 per second. Average time per tick: 10,3ms (Target: 50,0ms) [17:49:57] [Server thread/INFO]: Percentiles: P50: 10,0ms P95: 13,2ms P99: 13,6ms, sample: 100"
"without-umce","2","2026-09-27T15:49:57.4106843+00:00",,"False","20","0","0","0","0","0","False","0","10,3","10","13,2","13,6","100","12,728045851919672","55,005630313930695","1530761216","[17:49:57] [Server thread/INFO]: The game is running normally [17:49:57] [Server thread/INFO]: Target tick rate: 20,0 per second. Average time per tick: 10,3ms (Target: 50,0ms) [17:49:57] [Server thread/INFO]: Percentiles: P50: 10,0ms P95: 13,2ms P99: 13,6ms, sample: 100"
"without-umce","2","2026-09-27T15:49:57.5334117+00:00",,"False","20","0","0","0","0","0","False","0","10,3","10","12,9","13,6","100","12,597169526862405","55,005630313930695","1530761216","[17:49:57] [Server thread/INFO]: The game is running normally [17:49:57] [Server thread/INFO]: Target tick rate: 20,0 per second. Average time per tick: 10,3ms (Target: 50,0ms) [17:49:57] [Server thread/INFO]: Percentiles: P50: 10,0ms P95: 12,9ms P99: 13,6ms, sample: 100"
"without-umce","2","2026-09-27T15:49:57.6574371+00:00",,"False","20","0","0","0","0","0","False","0","10,2","10","12,9","13,6","100","49,62597892206021","55,005630313930695","1530761216","[17:49:57] [Server thread/INFO]: The game is running normally [17:49:57] [Server thread/INFO]: Target tick rate: 20,0 per second. Average time per tick: 10,2ms (Target: 50,0ms) [17:49:57] [Server thread/INFO]: Percentiles: P50: 10,0ms P95: 12,9ms P99: 13,6ms, sample: 100"
"without-umce","2","2026-09-27T15:49:57.7834000+00:00",,"False","20","0","0","0","0","0","False","0","10,2","10","12,9","13,6","100","50,74295809524738","55,005630313930695","1530761216","[17:49:57] [Server thread/INFO]: The game is running normally [17:49:57] [Server thread/INFO]: Target tick rate: 20,0 per second. Average time per tick: 10,2ms (Target: 50,0ms) [17:49:57] [Server thread/INFO]: Percentiles: P50: 10,0ms P95: 12,9ms P99: 13,6ms, sample: 100"
"without-umce","2","2026-09-27T15:49:57.9065664+00:00",,"False","20","0","0","0","0","0","False","0","10,2","10","12,9","13,6","100","88,97151772597343","55,005630313930695","1530761216","[17:49:57] [Server thread/INFO]: The game is running normally [17:49:57] [Server thread/INFO]: Target tick rate: 20,0 per second. Average time per tick: 10,2ms (Target: 50,0ms) [17:49:57] [Server thread/INFO]: Percentiles: P50: 10,0ms P95: 12,9ms P99: 13,6ms, sample: 100"
"without-umce","2","2026-09-27T15:49:58.0294864+00:00",,"False","20","0","0","0","0","0","False","0","10,1","9,9","12,9","13,6","100","38,006612947951005","55,005630313930695","1530761216","[17:49:58] [Server thread/INFO]: The game is running normally [17:49:58] [Server thread/INFO]: Target tick rate: 20,0 per second. Average time per tick: 10,1ms (Target: 50,0ms) [17:49:58] [Server thread/INFO]: Percentiles: P50: 9,9ms P95: 12,9ms P99: 13,6ms, sample: 100"
"without-umce","2","2026-09-27T15:49:58.1528046+00:00",,"False","20","0","0","0","0","0","False","0","10,1","9,9","12,8","13,6","100","25,325524157308383","55,005630313930695","1530761216","[17:49:58] [Server thread/INFO]: The game is running normally [17:49:58] [Server thread/INFO]: Target tick rate: 20,0 per second. Average time per tick: 10,1ms (Target: 50,0ms) [17:49:58] [Server thread/INFO]: Percentiles: P50: 9,9ms P95: 12,8ms P99: 13,6ms, sample: 100"
"without-umce","2","2026-09-27T15:49:58.2762438+00:00",,"False","20","0","0","0","0","0","False","0","10","9,9","12,8","13,6","100","50,31610590372959","55,005630313930695","1530761216","[17:49:58] [Server thread/INFO]: The game is running normally [17:49:58] [Server thread/INFO]: Target tick rate: 20,0 per second. Average time per tick: 10,0ms (Target: 50,0ms) [17:49:58] [Server thread/INFO]: Percentiles: P50: 9,9ms P95: 12,8ms P99: 13,6ms, sample: 100"
"without-umce","2","2026-09-27T15:49:58.4004398+00:00",,"False","20","0","0","0","0","0","False","0","10","9,9","12,8","13,6","100","37,695867728718426","55,005630313930695","1530761216","[17:49:58] [Server thread/INFO]: The game is running normally [17:49:58] [Server thread/INFO]: Target tick rate: 20,0 per second. Average time per tick: 10,0ms (Target: 50,0ms) [17:49:58] [Server thread/INFO]: Percentiles: P50: 9,9ms P95: 12,8ms P99: 13,6ms, sample: 100"
"without-umce","2","2026-09-27T15:49:58.5247680+00:00",,"False","20","0","0","0","0","0","False","0","10","9,8","12,8","13,6","100","63,39297885737655","55,005630313930695","1530761216","[17:49:58] [Server thread/INFO]: The game is running normally [17:49:58] [Server thread/INFO]: Target tick rate: 20,0 per second. Average time per tick: 10,0ms (Target: 50,0ms) [17:49:58] [Server thread/INFO]: Percentiles: P50: 9,8ms P95: 12,8ms P99: 13,6ms, sample: 100"
"without-umce","2","2026-09-27T15:49:58.6480354+00:00",,"False","20","0","0","0","0","0","False","0","9,9","9,9","12,6","13,6","100","45,78040203250335","55,005630313930695","1530761216","[17:49:58] [Server thread/INFO]: The game is running normally [17:49:58] [Server thread/INFO]: Target tick rate: 20,0 per second. Average time per tick: 9,9ms (Target: 50,0ms) [17:49:58] [Server thread/INFO]: Percentiles: P50: 9,9ms P95: 12,6ms P99: 13,6ms, sample: 100"
"without-umce","2","2026-09-27T15:49:58.7845316+00:00",,"False","20","0","0","0","0","0","False","0","9,9","9,8","12,4","13,6","100","62,464570095841644","55,005630313930695","1530761216","[17:49:58] [Server thread/INFO]: The game is running normally [17:49:58] [Server thread/INFO]: Target tick rate: 20,0 per second. Average time per tick: 9,9ms (Target: 50,0ms) [17:49:58] [Server thread/INFO]: Percentiles: P50: 9,8ms P95: 12,4ms P99: 13,6ms, sample: 100"
"without-umce","2","2026-09-27T15:49:58.9096252+00:00",,"False","20","0","0","0","0","0","False","0","9,8","9,8","12,3","13,4","100","0","55,005630313930695","1530761216","[17:49:58] [Server thread/INFO]: The game is running normally [17:49:58] [Server thread/INFO]: Target tick rate: 20,0 per second. Average time per tick: 9,8ms (Target: 50,0ms) [17:49:58] [Server thread/INFO]: Percentiles: P50: 9,8ms P95: 12,3ms P99: 13,4ms, sample: 100"
"without-umce","2","2026-09-27T15:49:59.0341728+00:00",,"False","20","0","0","0","0","0","False","0","9,8","9,8","12,1","13,4","100","12,604923382233713","55,005630313930695","1530761216","[17:49:59] [Server thread/INFO]: The game is running normally [17:49:59] [Server thread/INFO]: Target tick rate: 20,0 per second. Average time per tick: 9,8ms (Target: 50,0ms) [17:49:59] [Server thread/INFO]: Percentiles: P50: 9,8ms P95: 12,1ms P99: 13,4ms, sample: 100"
"without-umce","2","2026-09-27T15:49:59.1580808+00:00",,"False","20","0","0","0","0","0","False","0","9,8","9,8","12,1","13,4","100","50,45327219742164","55,005630313930695","1530761216","[17:49:59] [Server thread/INFO]: The game is running normally [17:49:59] [Server thread/INFO]: Target tick rate: 20,0 per second. Average time per tick: 9,8ms (Target: 50,0ms) [17:49:59] [Server thread/INFO]: Percentiles: P50: 9,8ms P95: 12,1ms P99: 13,4ms, sample: 100"
"without-umce","2","2026-09-27T15:49:59.2819659+00:00",,"False","20","0","0","0","0","0","False","0","9,7","9,5","12,1","13,4","100","37,14221645731002","55,005630313930695","1530761216","[17:49:59] [Server thread/INFO]: The game is running normally [17:49:59] [Server thread/INFO]: Target tick rate: 20,0 per second. Average time per tick: 9,7ms (Target: 50,0ms) [17:49:59] [Server thread/INFO]: Percentiles: P50: 9,5ms P95: 12,1ms P99: 13,4ms, sample: 100"
"without-umce","2","2026-09-27T15:49:59.4081857+00:00",,"False","20","0","0","0","0","0","False","0","9,7","9,5","12,1","13,4","100","62,72868368925756","55,005630313930695","1530761216","[17:49:59] [Server thread/INFO]: The game is running normally [17:49:59] [Server thread/INFO]: Target tick rate: 20,0 per second. Average time per tick: 9,7ms (Target: 50,0ms) [17:49:59] [Server thread/INFO]: Percentiles: P50: 9,5ms P95: 12,1ms P99: 13,4ms, sample: 100"
"without-umce","2","2026-09-27T15:49:59.5327242+00:00",,"False","20","0","0","0","0","0","False","0","9,7","9,5","12,1","13,4","100","38,0883894400702","55,005630313930695","1530761216","[17:49:59] [Server thread/INFO]: The game is running normally [17:49:59] [Server thread/INFO]: Target tick rate: 20,0 per second. Average time per tick: 9,7ms (Target: 50,0ms) [17:49:59] [Server thread/INFO]: Percentiles: P50: 9,5ms P95: 12,1ms P99: 13,4ms, sample: 100"
"without-umce","2","2026-09-27T15:49:59.6558355+00:00",,"False","20","0","0","0","0","0","False","0","9,6","9,5","12","13,4","100","74,90154940346409","55,005630313930695","1530761216","[17:49:59] [Server thread/INFO]: The game is running normally [17:49:59] [Server thread/INFO]: Target tick rate: 20,0 per second. Average time per tick: 9,6ms (Target: 50,0ms) [17:49:59] [Server thread/INFO]: Percentiles: P50: 9,5ms P95: 12,0ms P99: 13,4ms, sample: 100"
"without-umce","2","2026-09-27T15:49:59.7809399+00:00",,"False","20","0","0","0","0","0","False","0","9,6","9,5","12","13,4","100","74,28025405035369","55,005630313930695","1530761216","[17:49:59] [Server thread/INFO]: The game is running normally [17:49:59] [Server thread/INFO]: Target tick rate: 20,0 per second. Average time per tick: 9,6ms (Target: 50,0ms) [17:49:59] [Server thread/INFO]: Percentiles: P50: 9,5ms P95: 12,0ms P99: 13,4ms, sample: 100"
"without-umce","2","2026-09-27T15:49:59.9071684+00:00",,"False","20","0","0","0","0","0","False","0","9,6","9,5","12","13,4","100","50,54961586335913","55,005630313930695","1530761216","[17:49:59] [Server thread/INFO]: The game is running normally [17:49:59] [Server thread/INFO]: Target tick rate: 20,0 per second. Average time per tick: 9,6ms (Target: 50,0ms) [17:49:59] [Server thread/INFO]: Percentiles: P50: 9,5ms P95: 12,0ms P99: 13,4ms, sample: 100"
